ISO-10303-21;
HEADER;
/* Generated by software containing ST-Developer
 * from STEP Tools, Inc. (www.steptools.com) 
 */

FILE_DESCRIPTION(
/* description */ ('Objektivhalterung-Halbschale Teleobjektiv'),
/* implementation_level */ '2;1');

FILE_NAME(
/* name */ 'PRT - 1008 - OBJHOL_CLENS-100TEL.stp',
/* time_stamp */ '2026-09-22T13:53:09+02:00',
/* author */ ('benir'),
/* organization */ (''),
/* preprocessor_version */ 'ST-DEVELOPER v20',
/* originating_system */ 'Autodesk Inventor 2025',
/* authorisation */ '');

FILE_SCHEMA (('AUTOMOTIVE_DESIGN { 1 0 10303 214 3 1 1 }'));
ENDSEC;

DATA;
#10=MECHANICAL_DESIGN_GEOMETRIC_PRESENTATION_REPRESENTATION('',(#13),#17168);
#11=SHAPE_REPRESENTATION_RELATIONSHIP('SRR','None',#17175,#12);
#12=ADVANCED_BREP_SHAPE_REPRESENTATION('',(#14),#17167);
#13=STYLED_ITEM('',(#17184),#14);
#14=MANIFOLD_SOLID_BREP('Holder',#8895);
#15=TOROIDAL_SURFACE('',#9149,19.5,0.5);
#16=TOROIDAL_SURFACE('',#9157,19.5,0.5);
#17=TOROIDAL_SURFACE('',#9165,21.1,0.5);
#18=TOROIDAL_SURFACE('',#9168,21.1,0.5);
#19=TOROIDAL_SURFACE('',#9173,21.1,0.5);
#20=TOROIDAL_SURFACE('',#9175,21.1,0.5);
#21=TOROIDAL_SURFACE('',#9180,21.1,0.5);
#22=TOROIDAL_SURFACE('',#9182,21.2331538290775,0.5);
#23=TOROIDAL_SURFACE('',#9187,21.5,0.5);
#24=TOROIDAL_SURFACE('',#9195,21.1,0.5);
#25=TOROIDAL_SURFACE('',#9199,21.1,0.5);
#26=TOROIDAL_SURFACE('',#9204,21.1,0.5);
#27=TOROIDAL_SURFACE('',#9207,21.1,0.5);
#28=TOROIDAL_SURFACE('',#9212,21.1,0.5);
#29=TOROIDAL_SURFACE('',#9214,19.5,0.5);
#30=TOROIDAL_SURFACE('',#9217,19.5,0.5);
#31=TOROIDAL_SURFACE('',#9218,21.5,0.5);
#32=TOROIDAL_SURFACE('',#9229,21.5,0.5);
#33=TOROIDAL_SURFACE('',#9238,21.,0.5);
#34=TOROIDAL_SURFACE('',#9243,21.,0.5);
#35=B_SPLINE_SURFACE_WITH_KNOTS('',3,3,((#12053,#12054,#12055,#12056,#12057,
#12058,#12059,#12060,#12061,#12062,#12063,#12064,#12065),(#12066,#12067,
#12068,#12069,#12070,#12071,#12072,#12073,#12074,#12075,#12076,#12077,#12078),
(#12079,#12080,#12081,#12082,#12083,#12084,#12085,#12086,#12087,#12088,
#12089,#12090,#12091),(#12092,#12093,#12094,#12095,#12096,#12097,#12098,
#12099,#12100,#12101,#12102,#12103,#12104)),.UNSPECIFIED.,.F.,.T.,.F.,(4,
4),(4,1,1,1,1,1,1,1,1,1,4),(0.,1.),(-3.14159265358979,-2.69279370307696,
-2.24399475256413,-1.34639685153848,-0.448798950512823,4.44089209850063E-15,
0.448798950512832,1.34639685153849,2.24399475256414,2.69279370307697,3.1415926535898),
 .UNSPECIFIED.);
#36=B_SPLINE_SURFACE_WITH_KNOTS('',3,3,((#12129,#12130,#12131,#12132,#12133,
#12134,#12135,#12136,#12137,#12138,#12139,#12140,#12141),(#12142,#12143,
#12144,#12145,#12146,#12147,#12148,#12149,#12150,#12151,#12152,#12153,#12154),
(#12155,#12156,#12157,#12158,#12159,#12160,#12161,#12162,#12163,#12164,
#12165,#12166,#12167),(#12168,#12169,#12170,#12171,#12172,#12173,#12174,
#12175,#12176,#12177,#12178,#12179,#12180)),.UNSPECIFIED.,.F.,.T.,.F.,(4,
4),(4,1,1,1,1,1,1,1,1,1,4),(0.,1.),(-3.14159265358979,-2.69279370307697,
-2.24399475256414,-1.34639685153848,-0.448798950512828,0.,0.448798950512828,
1.34639685153848,2.24399475256414,2.69279370307697,3.14159265358979),
 .UNSPECIFIED.);
#37=B_SPLINE_SURFACE_WITH_KNOTS('',3,3,((#12205,#12206,#12207,#12208,#12209,
#12210,#12211,#12212,#12213,#12214,#12215,#12216,#12217,#12218,#12219,#12220,
#12221,#12222,#12223,#12224,#12225,#12226,#12227,#12228,#12229,#12230,#12231,
#12232),(#12233,#12234,#12235,#12236,#12237,#12238,#12239,#12240,#12241,
#12242,#12243,#12244,#12245,#12246,#12247,#12248,#12249,#12250,#12251,#12252,
#12253,#12254,#12255,#12256,#12257,#12258,#12259,#12260),(#12261,#12262,
#12263,#12264,#12265,#12266,#12267,#12268,#12269,#12270,#12271,#12272,#12273,
#12274,#12275,#12276,#12277,#12278,#12279,#12280,#12281,#12282,#12283,#12284,
#12285,#12286,#12287,#12288),(#12289,#12290,#12291,#12292,#12293,#12294,
#12295,#12296,#12297,#12298,#12299,#12300,#12301,#12302,#12303,#12304,#12305,
#12306,#12307,#12308,#12309,#12310,#12311,#12312,#12313,#12314,#12315,#12316)),
 .UNSPECIFIED.,.F.,.T.,.F.,(4,4),(4,1,1,1,1,1,2,1,1,1,1,1,1,1,2,1,1,1,1,
1,1,1,1,4),(0.,1.),(0.,0.0527566467246452,0.10551329344929,0.118702455130452,
0.131891616811613,0.184648263536258,0.263783233623226,0.316539901430831,
0.369296569238437,0.372593860976412,0.375891152714388,0.39567490314224,
0.422053237046042,0.474809904853648,0.527566572661254,0.559220558587745,
0.590874544514236,0.622528530440727,0.654182516367218,0.7174904882202,0.749144474146691,
0.780798460073182,0.812452445999673,0.844106431926164),.UNSPECIFIED.);
#38=B_SPLINE_SURFACE_WITH_KNOTS('',3,3,((#12391,#12392,#12393,#12394,#12395,
#12396,#12397,#12398,#12399,#12400,#12401,#12402,#12403,#12404,#12405,#12406,
#12407,#12408,#12409,#12410,#12411,#12412,#12413,#12414,#12415,#12416,#12417,
#12418),(#12419,#12420,#12421,#12422,#12423,#12424,#12425,#12426,#12427,
#12428,#12429,#12430,#12431,#12432,#12433,#12434,#12435,#12436,#12437,#12438,
#12439,#12440,#12441,#12442,#12443,#12444,#12445,#12446),(#12447,#12448,
#12449,#12450,#12451,#12452,#12453,#12454,#12455,#12456,#12457,#12458,#12459,
#12460,#12461,#12462,#12463,#12464,#12465,#12466,#12467,#12468,#12469,#12470,
#12471,#12472,#12473,#12474),(#12475,#12476,#12477,#12478,#12479,#12480,
#12481,#12482,#12483,#12484,#12485,#12486,#12487,#12488,#12489,#12490,#12491,
#12492,#12493,#12494,#12495,#12496,#12497,#12498,#12499,#12500,#12501,#12502)),
 .UNSPECIFIED.,.F.,.T.,.F.,(4,4),(4,1,1,1,1,1,1,2,2,1,1,1,1,2,2,1,1,1,1,
1,1,4),(0.,1.),(0.,0.0329729042029032,0.0659458084058065,0.0989187126087097,
0.131891616811613,0.181350973115968,0.230810329420323,0.263783233623226,
0.316539859264911,0.375891122407632,0.422053215963082,0.435242385550354,
0.461620724724896,0.527566572661254,0.580323198302938,0.613296102505842,
0.662755458810196,0.712214815114551,0.745187719317455,0.778160623520358,
0.811133527723261,0.844106431926164),.UNSPECIFIED.);
#39=B_SPLINE_SURFACE_WITH_KNOTS('',3,3,((#12755,#12756,#12757,#12758,#12759),
(#12760,#12761,#12762,#12763,#12764),(#12765,#12766,#12767,#12768,#12769),
(#12770,#12771,#12772,#12773,#12774)),.UNSPECIFIED.,.F.,.F.,.F.,(4,4),(4,
1,4),(0.,1.),(-3.14159265358979,-2.3599862273996,-1.57837980120941),
 .UNSPECIFIED.);
#40=B_SPLINE_SURFACE_WITH_KNOTS('',3,3,((#12788,#12789,#12790,#12791,#12792),
(#12793,#12794,#12795,#12796,#12797),(#12798,#12799,#12800,#12801,#12802),
(#12803,#12804,#12805,#12806,#12807)),.UNSPECIFIED.,.F.,.F.,.F.,(4,4),(4,
1,4),(0.,1.),(1.57837980120941,2.3599862273996,3.14159265358979),
 .UNSPECIFIED.);
#41=B_SPLINE_SURFACE_WITH_KNOTS('',3,3,((#12815,#12816,#12817,#12818),(#12819,
#12820,#12821,#12822),(#12823,#12824,#12825,#12826),(#12827,#12828,#12829,
#12830)),.UNSPECIFIED.,.F.,.F.,.F.,(4,4),(4,4),(0.,1.),(1.5707963267949,
1.57837980120941),.UNSPECIFIED.);
#42=B_SPLINE_SURFACE_WITH_KNOTS('',3,3,((#12849,#12850,#12851,#12852),(#12853,
#12854,#12855,#12856),(#12857,#12858,#12859,#12860),(#12861,#12862,#12863,
#12864)),.UNSPECIFIED.,.F.,.F.,.F.,(4,4),(4,4),(0.,1.),(-1.57837980120941,
-1.5707963267949),.UNSPECIFIED.);
#43=B_SPLINE_SURFACE_WITH_KNOTS('',3,3,((#12869,#12870,#12871,#12872,#12873),
(#12874,#12875,#12876,#12877,#12878),(#12879,#12880,#12881,#12882,#12883),
(#12884,#12885,#12886,#12887,#12888)),.UNSPECIFIED.,.F.,.F.,.F.,(4,4),(4,
1,4),(0.,1.),(-3.14159265358979,-2.3599862273996,-1.57837980120941),
 .UNSPECIFIED.);
#44=B_SPLINE_SURFACE_WITH_KNOTS('',3,3,((#12896,#12897,#12898,#12899,#12900),
(#12901,#12902,#12903,#12904,#12905),(#12906,#12907,#12908,#12909,#12910),
(#12911,#12912,#12913,#12914,#12915)),.UNSPECIFIED.,.F.,.F.,.F.,(4,4),(4,
1,4),(0.,1.),(1.57837980120941,2.3599862273996,3.14159265358979),
 .UNSPECIFIED.);
#45=B_SPLINE_SURFACE_WITH_KNOTS('',3,3,((#12923,#12924,#12925,#12926),(#12927,
#12928,#12929,#12930),(#12931,#12932,#12933,#12934),(#12935,#12936,#12937,
#12938)),.UNSPECIFIED.,.F.,.F.,.F.,(4,4),(4,4),(0.,1.),(1.5707963267949,
1.57837980120941),.UNSPECIFIED.);
#46=B_SPLINE_SURFACE_WITH_KNOTS('',3,3,((#12957,#12958,#12959,#12960),(#12961,
#12962,#12963,#12964),(#12965,#12966,#12967,#12968),(#12969,#12970,#12971,
#12972)),.UNSPECIFIED.,.F.,.F.,.F.,(4,4),(4,4),(0.,1.),(-1.57837980120941,
-1.5707963267949),.UNSPECIFIED.);
#47=B_SPLINE_SURFACE_WITH_KNOTS('',3,3,((#12977,#12978,#12979,#12980,#12981),
(#12982,#12983,#12984,#12985,#12986),(#12987,#12988,#12989,#12990,#12991),
(#12992,#12993,#12994,#12995,#12996)),.UNSPECIFIED.,.F.,.F.,.F.,(4,4),(4,
1,4),(0.,1.),(-3.14159265358979,-2.3599862273996,-1.57837980120941),
 .UNSPECIFIED.);
#48=B_SPLINE_SURFACE_WITH_KNOTS('',3,3,((#13024,#13025,#13026,#13027),(#13028,
#13029,#13030,#13031),(#13032,#13033,#13034,#13035),(#13036,#13037,#13038,
#13039)),.UNSPECIFIED.,.F.,.F.,.F.,(4,4),(4,4),(0.,1.),(1.5707963267949,
1.57837980120941),.UNSPECIFIED.);
#49=B_SPLINE_SURFACE_WITH_KNOTS('',3,3,((#13071,#13072,#13073,#13074,#13075),
(#13076,#13077,#13078,#13079,#13080),(#13081,#13082,#13083,#13084,#13085),
(#13086,#13087,#13088,#13089,#13090)),.UNSPECIFIED.,.F.,.F.,.F.,(4,4),(4,
1,4),(0.,1.),(1.57837980120941,2.3599862273996,3.14159265358979),
 .UNSPECIFIED.);
#50=B_SPLINE_SURFACE_WITH_KNOTS('',3,3,((#13112,#13113,#13114,#13115),(#13116,
#13117,#13118,#13119),(#13120,#13121,#13122,#13123),(#13124,#13125,#13126,
#13127)),.UNSPECIFIED.,.F.,.F.,.F.,(4,4),(4,4),(0.,1.),(-1.57837980120941,
-1.5707963267949),.UNSPECIFIED.);
#51=B_SPLINE_SURFACE_WITH_KNOTS('',3,3,((#13132,#13133,#13134,#13135,#13136),
(#13137,#13138,#13139,#13140,#13141),(#13142,#13143,#13144,#13145,#13146),
(#13147,#13148,#13149,#13150,#13151)),.UNSPECIFIED.,.F.,.F.,.F.,(4,4),(4,
1,4),(0.,1.),(-3.1415926535898,-2.3599862273996,-1.57837980120941),
 .UNSPECIFIED.);
#52=B_SPLINE_SURFACE_WITH_KNOTS('',3,3,((#13159,#13160,#13161,#13162,#13163),
(#13164,#13165,#13166,#13167,#13168),(#13169,#13170,#13171,#13172,#13173),
(#13174,#13175,#13176,#13177,#13178)),.UNSPECIFIED.,.F.,.F.,.F.,(4,4),(4,
1,4),(0.,1.),(1.57837980120941,2.35998622739961,3.1415926535898),
 .UNSPECIFIED.);
#53=B_SPLINE_SURFACE_WITH_KNOTS('',3,3,((#13186,#13187,#13188,#13189),(#13190,
#13191,#13192,#13193),(#13194,#13195,#13196,#13197),(#13198,#13199,#13200,
#13201)),.UNSPECIFIED.,.F.,.F.,.F.,(4,4),(4,4),(0.,1.),(1.5707963267949,
1.57837980120941),.UNSPECIFIED.);
#54=B_SPLINE_SURFACE_WITH_KNOTS('',3,3,((#13220,#13221,#13222,#13223),(#13224,
#13225,#13226,#13227),(#13228,#13229,#13230,#13231),(#13232,#13233,#13234,
#13235)),.UNSPECIFIED.,.F.,.F.,.F.,(4,4),(4,4),(0.,1.),(-1.57837980120941,
-1.5707963267949),.UNSPECIFIED.);
#55=B_SPLINE_SURFACE_WITH_KNOTS('',3,3,((#13240,#13241,#13242,#13243,#13244),
(#13245,#13246,#13247,#13248,#13249),(#13250,#13251,#13252,#13253,#13254),
(#13255,#13256,#13257,#13258,#13259)),.UNSPECIFIED.,.F.,.F.,.F.,(4,4),(4,
1,4),(0.,1.),(-3.1415926535898,-2.3599862273996,-1.57837980120941),
 .UNSPECIFIED.);
#56=B_SPLINE_SURFACE_WITH_KNOTS('',3,3,((#13273,#13274,#13275,#13276,#13277),
(#13278,#13279,#13280,#13281,#13282),(#13283,#13284,#13285,#13286,#13287),
(#13288,#13289,#13290,#13291,#13292)),.UNSPECIFIED.,.F.,.F.,.F.,(4,4),(4,
1,4),(0.,1.),(1.57837980120941,2.3599862273996,3.14159265358979),
 .UNSPECIFIED.);
#57=B_SPLINE_SURFACE_WITH_KNOTS('',3,3,((#13300,#13301,#13302,#13303),(#13304,
#13305,#13306,#13307),(#13308,#13309,#13310,#13311),(#13312,#13313,#13314,
#13315)),.UNSPECIFIED.,.F.,.F.,.F.,(4,4),(4,4),(0.,1.),(1.5707963267949,
1.57837980120941),.UNSPECIFIED.);
#58=B_SPLINE_SURFACE_WITH_KNOTS('',3,3,((#13324,#13325,#13326,#13327),(#13328,
#13329,#13330,#13331),(#13332,#13333,#13334,#13335),(#13336,#13337,#13338,
#13339)),.UNSPECIFIED.,.F.,.F.,.F.,(4,4),(4,4),(0.,1.),(-1.57837980120941,
-1.5707963267949),.UNSPECIFIED.);
#59=B_SPLINE_SURFACE_WITH_KNOTS('',2,1,((#14647,#14648),(#14649,#14650),
(#14651,#14652),(#14653,#14654)),.UNSPECIFIED.,.F.,.F.,.F.,(3,1,3),(2,2),
(0.,1.,2.),(-0.07,0.),.UNSPECIFIED.);
#60=B_SPLINE_SURFACE_WITH_KNOTS('',2,1,((#14656,#14657),(#14658,#14659),
(#14660,#14661),(#14662,#14663)),.UNSPECIFIED.,.F.,.F.,.F.,(3,1,3),(2,2),
(0.,1.,2.),(-0.07,0.),.UNSPECIFIED.);
#61=B_SPLINE_SURFACE_WITH_KNOTS('',2,1,((#14665,#14666),(#14667,#14668),
(#14669,#14670),(#14671,#14672)),.UNSPECIFIED.,.F.,.F.,.F.,(3,1,3),(2,2),
(0.,1.,2.),(-0.07,0.),.UNSPECIFIED.);
#62=B_SPLINE_SURFACE_WITH_KNOTS('',2,1,((#14674,#14675),(#14676,#14677),
(#14678,#14679),(#14680,#14681)),.UNSPECIFIED.,.F.,.F.,.F.,(3,1,3),(2,2),
(0.,1.,2.),(-0.07,0.),.UNSPECIFIED.);
#63=B_SPLINE_SURFACE_WITH_KNOTS('',2,1,((#14683,#14684),(#14685,#14686),
(#14687,#14688),(#14689,#14690)),.UNSPECIFIED.,.F.,.F.,.F.,(3,1,3),(2,2),
(0.,1.,2.),(-0.07,0.),.UNSPECIFIED.);
#64=B_SPLINE_SURFACE_WITH_KNOTS('',2,1,((#14702,#14703),(#14704,#14705),
(#14706,#14707),(#14708,#14709)),.UNSPECIFIED.,.F.,.F.,.F.,(3,1,3),(2,2),
(0.,1.,2.),(-0.07,0.),.UNSPECIFIED.);
#65=B_SPLINE_SURFACE_WITH_KNOTS('',2,1,((#14711,#14712),(#14713,#14714),
(#14715,#14716),(#14717,#14718)),.UNSPECIFIED.,.F.,.F.,.F.,(3,1,3),(2,2),
(0.,1.,2.),(-0.07,0.),.UNSPECIFIED.);
#66=B_SPLINE_SURFACE_WITH_KNOTS('',2,1,((#14720,#14721),(#14722,#14723),
(#14724,#14725),(#14726,#14727)),.UNSPECIFIED.,.F.,.F.,.F.,(3,1,3),(2,2),
(0.,1.,2.),(-0.07,0.),.UNSPECIFIED.);
#67=B_SPLINE_SURFACE_WITH_KNOTS('',2,1,((#14735,#14736),(#14737,#14738),
(#14739,#14740),(#14741,#14742)),.UNSPECIFIED.,.F.,.F.,.F.,(3,1,3),(2,2),
(0.,1.,2.),(-0.07,0.),.UNSPECIFIED.);
#68=B_SPLINE_SURFACE_WITH_KNOTS('',2,1,((#14744,#14745),(#14746,#14747),
(#14748,#14749),(#14750,#14751)),.UNSPECIFIED.,.F.,.F.,.F.,(3,1,3),(2,2),
(0.,1.,2.),(-0.07,0.),.UNSPECIFIED.);
#69=B_SPLINE_SURFACE_WITH_KNOTS('',2,1,((#14753,#14754),(#14755,#14756),
(#14757,#14758),(#14759,#14760)),.UNSPECIFIED.,.F.,.F.,.F.,(3,1,3),(2,2),
(0.,1.,2.),(-0.07,0.),.UNSPECIFIED.);
#70=B_SPLINE_SURFACE_WITH_KNOTS('',2,1,((#14761,#14762),(#14763,#14764),
(#14765,#14766),(#14767,#14768)),.UNSPECIFIED.,.F.,.F.,.F.,(3,1,3),(2,2),
(0.,1.,2.),(-0.07,0.),.UNSPECIFIED.);
#71=B_SPLINE_SURFACE_WITH_KNOTS('',2,1,((#14783,#14784),(#14785,#14786),
(#14787,#14788),(#14789,#14790)),.UNSPECIFIED.,.F.,.F.,.F.,(3,1,3),(2,2),
(0.,1.,2.),(-0.07,0.),.UNSPECIFIED.);
#72=B_SPLINE_SURFACE_WITH_KNOTS('',2,1,((#14802,#14803),(#14804,#14805),
(#14806,#14807),(#14808,#14809)),.UNSPECIFIED.,.F.,.F.,.F.,(3,1,3),(2,2),
(0.,1.,2.),(-0.07,0.),.UNSPECIFIED.);
#73=B_SPLINE_SURFACE_WITH_KNOTS('',2,1,((#14821,#14822),(#14823,#14824),
(#14825,#14826),(#14827,#14828)),.UNSPECIFIED.,.F.,.F.,.F.,(3,1,3),(2,2),
(0.,1.,2.),(-0.07,0.),.UNSPECIFIED.);
#74=B_SPLINE_SURFACE_WITH_KNOTS('',2,1,((#14878,#14879),(#14880,#14881),
(#14882,#14883),(#14884,#14885)),.UNSPECIFIED.,.F.,.F.,.F.,(3,1,3),(2,2),
(0.,1.,2.),(-0.07,0.),.UNSPECIFIED.);
#75=B_SPLINE_SURFACE_WITH_KNOTS('',2,1,((#14888,#14889),(#14890,#14891),
(#14892,#14893),(#14894,#14895)),.UNSPECIFIED.,.F.,.F.,.F.,(3,1,3),(2,2),
(0.,1.,2.),(-0.07,0.),.UNSPECIFIED.);
#76=B_SPLINE_SURFACE_WITH_KNOTS('',2,1,((#14897,#14898),(#14899,#14900),
(#14901,#14902),(#14903,#14904)),.UNSPECIFIED.,.F.,.F.,.F.,(3,1,3),(2,2),
(0.,1.,2.),(-0.07,0.),.UNSPECIFIED.);
#77=B_SPLINE_SURFACE_WITH_KNOTS('',2,1,((#14906,#14907),(#14908,#14909),
(#14910,#14911),(#14912,#14913)),.UNSPECIFIED.,.F.,.F.,.F.,(3,1,3),(2,2),
(0.,1.,2.),(-0.07,0.),.UNSPECIFIED.);
#78=B_SPLINE_SURFACE_WITH_KNOTS('',2,1,((#14915,#14916),(#14917,#14918),
(#14919,#14920),(#14921,#14922)),.UNSPECIFIED.,.F.,.F.,.F.,(3,1,3),(2,2),
(0.,1.,2.),(-0.07,0.),.UNSPECIFIED.);
#79=B_SPLINE_SURFACE_WITH_KNOTS('',2,1,((#14924,#14925),(#14926,#14927),
(#14928,#14929),(#14930,#14931)),.UNSPECIFIED.,.F.,.F.,.F.,(3,1,3),(2,2),
(0.,1.,2.),(-0.07,0.),.UNSPECIFIED.);
#80=B_SPLINE_SURFACE_WITH_KNOTS('',2,1,((#14933,#14934),(#14935,#14936),
(#14937,#14938),(#14939,#14940)),.UNSPECIFIED.,.F.,.F.,.F.,(3,1,3),(2,2),
(0.,1.,2.),(-0.07,0.),.UNSPECIFIED.);
#81=B_SPLINE_SURFACE_WITH_KNOTS('',2,1,((#14942,#14943),(#14944,#14945),
(#14946,#14947),(#14948,#14949)),.UNSPECIFIED.,.F.,.F.,.F.,(3,1,3),(2,2),
(0.,1.,2.),(-0.07,0.),.UNSPECIFIED.);
#82=B_SPLINE_SURFACE_WITH_KNOTS('',2,1,((#14950,#14951),(#14952,#14953),
(#14954,#14955),(#14956,#14957)),.UNSPECIFIED.,.F.,.F.,.F.,(3,1,3),(2,2),
(0.,1.,2.),(-0.07,0.),.UNSPECIFIED.);
#83=B_SPLINE_SURFACE_WITH_KNOTS('',2,1,((#14972,#14973),(#14974,#14975),
(#14976,#14977),(#14978,#14979)),.UNSPECIFIED.,.F.,.F.,.F.,(3,1,3),(2,2),
(0.,1.,2.),(-0.07,0.),.UNSPECIFIED.);
#84=B_SPLINE_SURFACE_WITH_KNOTS('',2,1,((#14991,#14992),(#14993,#14994),
(#14995,#14996),(#14997,#14998)),.UNSPECIFIED.,.F.,.F.,.F.,(3,1,3),(2,2),
(0.,1.,2.),(-0.07,0.),.UNSPECIFIED.);
#85=B_SPLINE_SURFACE_WITH_KNOTS('',2,1,((#15010,#15011),(#15012,#15013),
(#15014,#15015),(#15016,#15017)),.UNSPECIFIED.,.F.,.F.,.F.,(3,1,3),(2,2),
(0.,1.,2.),(-0.07,0.),.UNSPECIFIED.);
#86=B_SPLINE_SURFACE_WITH_KNOTS('',2,1,((#15067,#15068),(#15069,#15070),
(#15071,#15072),(#15073,#15074)),.UNSPECIFIED.,.F.,.F.,.F.,(3,1,3),(2,2),
(0.,1.,2.),(-0.07,0.),.UNSPECIFIED.);
#87=B_SPLINE_SURFACE_WITH_KNOTS('',2,1,((#15077,#15078),(#15079,#15080),
(#15081,#15082),(#15083,#15084)),.UNSPECIFIED.,.F.,.F.,.F.,(3,1,3),(2,2),
(0.,1.,2.),(-0.07,0.),.UNSPECIFIED.);
#88=B_SPLINE_SURFACE_WITH_KNOTS('',2,1,((#15086,#15087),(#15088,#15089),
(#15090,#15091),(#15092,#15093)),.UNSPECIFIED.,.F.,.F.,.F.,(3,1,3),(2,2),
(0.,1.,2.),(-0.07,0.),.UNSPECIFIED.);
#89=B_SPLINE_SURFACE_WITH_KNOTS('',2,1,((#15095,#15096),(#15097,#15098),
(#15099,#15100),(#15101,#15102)),.UNSPECIFIED.,.F.,.F.,.F.,(3,1,3),(2,2),
(0.,1.,2.),(-0.07,0.),.UNSPECIFIED.);
#90=B_SPLINE_SURFACE_WITH_KNOTS('',2,1,((#15104,#15105),(#15106,#15107),
(#15108,#15109),(#15110,#15111)),.UNSPECIFIED.,.F.,.F.,.F.,(3,1,3),(2,2),
(0.,1.,2.),(-0.07,0.),.UNSPECIFIED.);
#91=B_SPLINE_SURFACE_WITH_KNOTS('',2,1,((#15113,#15114),(#15115,#15116),
(#15117,#15118),(#15119,#15120)),.UNSPECIFIED.,.F.,.F.,.F.,(3,1,3),(2,2),
(0.,1.,2.),(-0.07,0.),.UNSPECIFIED.);
#92=B_SPLINE_SURFACE_WITH_KNOTS('',2,1,((#15122,#15123),(#15124,#15125),
(#15126,#15127),(#15128,#15129)),.UNSPECIFIED.,.F.,.F.,.F.,(3,1,3),(2,2),
(0.,1.,2.),(-0.07,0.),.UNSPECIFIED.);
#93=B_SPLINE_SURFACE_WITH_KNOTS('',2,1,((#15131,#15132),(#15133,#15134),
(#15135,#15136),(#15137,#15138)),.UNSPECIFIED.,.F.,.F.,.F.,(3,1,3),(2,2),
(0.,1.,2.),(-0.07,0.),.UNSPECIFIED.);
#94=B_SPLINE_SURFACE_WITH_KNOTS('',2,1,((#15218,#15219),(#15220,#15221),
(#15222,#15223),(#15224,#15225)),.UNSPECIFIED.,.F.,.F.,.F.,(3,1,3),(2,2),
(0.,1.,2.),(-0.07,0.),.UNSPECIFIED.);
#95=B_SPLINE_SURFACE_WITH_KNOTS('',2,1,((#15228,#15229),(#15230,#15231),
(#15232,#15233),(#15234,#15235)),.UNSPECIFIED.,.F.,.F.,.F.,(3,1,3),(2,2),
(0.,1.,2.),(-0.07,0.),.UNSPECIFIED.);
#96=B_SPLINE_SURFACE_WITH_KNOTS('',2,1,((#15237,#15238),(#15239,#15240),
(#15241,#15242),(#15243,#15244)),.UNSPECIFIED.,.F.,.F.,.F.,(3,1,3),(2,2),
(0.,1.,2.),(-0.07,0.),.UNSPECIFIED.);
#97=B_SPLINE_SURFACE_WITH_KNOTS('',2,1,((#15250,#15251),(#15252,#15253),
(#15254,#15255),(#15256,#15257)),.UNSPECIFIED.,.F.,.F.,.F.,(3,1,3),(2,2),
(0.,1.,2.),(-0.07,0.),.UNSPECIFIED.);
#98=B_SPLINE_SURFACE_WITH_KNOTS('',2,1,((#15259,#15260),(#15261,#15262),
(#15263,#15264),(#15265,#15266)),.UNSPECIFIED.,.F.,.F.,.F.,(3,1,3),(2,2),
(0.,1.,2.),(-0.07,0.),.UNSPECIFIED.);
#99=B_SPLINE_SURFACE_WITH_KNOTS('',2,1,((#15268,#15269),(#15270,#15271),
(#15272,#15273),(#15274,#15275)),.UNSPECIFIED.,.F.,.F.,.F.,(3,1,3),(2,2),
(0.,1.,2.),(-0.07,0.),.UNSPECIFIED.);
#100=B_SPLINE_SURFACE_WITH_KNOTS('',2,1,((#15277,#15278),(#15279,#15280),
(#15281,#15282),(#15283,#15284)),.UNSPECIFIED.,.F.,.F.,.F.,(3,1,3),(2,2),
(0.,1.,2.),(-0.07,0.),.UNSPECIFIED.);
#101=B_SPLINE_SURFACE_WITH_KNOTS('',2,1,((#15286,#15287),(#15288,#15289),
(#15290,#15291),(#15292,#15293)),.UNSPECIFIED.,.F.,.F.,.F.,(3,1,3),(2,2),
(0.,1.,2.),(-0.07,0.),.UNSPECIFIED.);
#102=B_SPLINE_SURFACE_WITH_KNOTS('',2,1,((#15295,#15296),(#15297,#15298),
(#15299,#15300),(#15301,#15302)),.UNSPECIFIED.,.F.,.F.,.F.,(3,1,3),(2,2),
(0.,1.,2.),(-0.07,0.),.UNSPECIFIED.);
#103=B_SPLINE_SURFACE_WITH_KNOTS('',2,1,((#15304,#15305),(#15306,#15307),
(#15308,#15309),(#15310,#15311)),.UNSPECIFIED.,.F.,.F.,.F.,(3,1,3),(2,2),
(0.,1.,2.),(-0.07,0.),.UNSPECIFIED.);
#104=B_SPLINE_SURFACE_WITH_KNOTS('',2,1,((#15313,#15314),(#15315,#15316),
(#15317,#15318),(#15319,#15320)),.UNSPECIFIED.,.F.,.F.,.F.,(3,1,3),(2,2),
(0.,1.,2.),(-0.07,0.),.UNSPECIFIED.);
#105=B_SPLINE_SURFACE_WITH_KNOTS('',2,1,((#15326,#15327),(#15328,#15329),
(#15330,#15331),(#15332,#15333)),.UNSPECIFIED.,.F.,.F.,.F.,(3,1,3),(2,2),
(0.,1.,2.),(-0.07,0.),.UNSPECIFIED.);
#106=B_SPLINE_SURFACE_WITH_KNOTS('',2,1,((#15335,#15336),(#15337,#15338),
(#15339,#15340),(#15341,#15342)),.UNSPECIFIED.,.F.,.F.,.F.,(3,1,3),(2,2),
(0.,1.,2.),(-0.07,0.),.UNSPECIFIED.);
#107=B_SPLINE_SURFACE_WITH_KNOTS('',2,1,((#15344,#15345),(#15346,#15347),
(#15348,#15349),(#15350,#15351)),.UNSPECIFIED.,.F.,.F.,.F.,(3,1,3),(2,2),
(0.,1.,2.),(-0.07,0.),.UNSPECIFIED.);
#108=B_SPLINE_SURFACE_WITH_KNOTS('',2,1,((#15431,#15432),(#15433,#15434),
(#15435,#15436),(#15437,#15438)),.UNSPECIFIED.,.F.,.F.,.F.,(3,1,3),(2,2),
(0.,1.,2.),(-0.07,0.),.UNSPECIFIED.);
#109=B_SPLINE_SURFACE_WITH_KNOTS('',2,1,((#15441,#15442),(#15443,#15444),
(#15445,#15446),(#15447,#15448)),.UNSPECIFIED.,.F.,.F.,.F.,(3,1,3),(2,2),
(0.,1.,2.),(-0.07,0.),.UNSPECIFIED.);
#110=B_SPLINE_SURFACE_WITH_KNOTS('',2,1,((#15450,#15451),(#15452,#15453),
(#15454,#15455),(#15456,#15457)),.UNSPECIFIED.,.F.,.F.,.F.,(3,1,3),(2,2),
(0.,1.,2.),(-0.07,0.),.UNSPECIFIED.);
#111=B_SPLINE_SURFACE_WITH_KNOTS('',2,1,((#15463,#15464),(#15465,#15466),
(#15467,#15468),(#15469,#15470)),.UNSPECIFIED.,.F.,.F.,.F.,(3,1,3),(2,2),
(0.,1.,2.),(-0.07,0.),.UNSPECIFIED.);
#112=B_SPLINE_SURFACE_WITH_KNOTS('',2,1,((#15472,#15473),(#15474,#15475),
(#15476,#15477),(#15478,#15479)),.UNSPECIFIED.,.F.,.F.,.F.,(3,1,3),(2,2),
(0.,1.,2.),(-0.07,0.),.UNSPECIFIED.);
#113=B_SPLINE_SURFACE_WITH_KNOTS('',2,1,((#15481,#15482),(#15483,#15484),
(#15485,#15486),(#15487,#15488)),.UNSPECIFIED.,.F.,.F.,.F.,(3,1,3),(2,2),
(0.,1.,2.),(-0.07,0.),.UNSPECIFIED.);
#114=B_SPLINE_SURFACE_WITH_KNOTS('',2,1,((#15490,#15491),(#15492,#15493),
(#15494,#15495),(#15496,#15497)),.UNSPECIFIED.,.F.,.F.,.F.,(3,1,3),(2,2),
(0.,1.,2.),(-0.07,0.),.UNSPECIFIED.);
#115=B_SPLINE_SURFACE_WITH_KNOTS('',2,1,((#15499,#15500),(#15501,#15502),
(#15503,#15504),(#15505,#15506)),.UNSPECIFIED.,.F.,.F.,.F.,(3,1,3),(2,2),
(0.,1.,2.),(-0.07,0.),.UNSPECIFIED.);
#116=B_SPLINE_SURFACE_WITH_KNOTS('',2,1,((#15508,#15509),(#15510,#15511),
(#15512,#15513),(#15514,#15515)),.UNSPECIFIED.,.F.,.F.,.F.,(3,1,3),(2,2),
(0.,1.,2.),(-0.07,0.),.UNSPECIFIED.);
#117=B_SPLINE_SURFACE_WITH_KNOTS('',2,1,((#15517,#15518),(#15519,#15520),
(#15521,#15522),(#15523,#15524)),.UNSPECIFIED.,.F.,.F.,.F.,(3,1,3),(2,2),
(0.,1.,2.),(-0.07,0.),.UNSPECIFIED.);
#118=B_SPLINE_SURFACE_WITH_KNOTS('',2,1,((#15526,#15527),(#15528,#15529),
(#15530,#15531),(#15532,#15533)),.UNSPECIFIED.,.F.,.F.,.F.,(3,1,3),(2,2),
(0.,1.,2.),(-0.07,0.),.UNSPECIFIED.);
#119=B_SPLINE_SURFACE_WITH_KNOTS('',2,1,((#15539,#15540),(#15541,#15542),
(#15543,#15544),(#15545,#15546)),.UNSPECIFIED.,.F.,.F.,.F.,(3,1,3),(2,2),
(0.,1.,2.),(-0.07,0.),.UNSPECIFIED.);
#120=B_SPLINE_SURFACE_WITH_KNOTS('',2,1,((#15548,#15549),(#15550,#15551),
(#15552,#15553),(#15554,#15555)),.UNSPECIFIED.,.F.,.F.,.F.,(3,1,3),(2,2),
(0.,1.,2.),(-0.07,0.),.UNSPECIFIED.);
#121=B_SPLINE_SURFACE_WITH_KNOTS('',2,1,((#15557,#15558),(#15559,#15560),
(#15561,#15562),(#15563,#15564)),.UNSPECIFIED.,.F.,.F.,.F.,(3,1,3),(2,2),
(0.,1.,2.),(-0.07,0.),.UNSPECIFIED.);
#122=B_SPLINE_SURFACE_WITH_KNOTS('',2,1,((#15664,#15665),(#15666,#15667),
(#15668,#15669),(#15670,#15671)),.UNSPECIFIED.,.F.,.F.,.F.,(3,1,3),(2,2),
(0.,1.,2.),(-0.07,0.),.UNSPECIFIED.);
#123=B_SPLINE_SURFACE_WITH_KNOTS('',2,1,((#15673,#15674),(#15675,#15676),
(#15677,#15678),(#15679,#15680)),.UNSPECIFIED.,.F.,.F.,.F.,(3,1,3),(2,2),
(0.,1.,2.),(-0.07,0.),.UNSPECIFIED.);
#124=B_SPLINE_SURFACE_WITH_KNOTS('',2,1,((#15776,#15777),(#15778,#15779),
(#15780,#15781),(#15782,#15783)),.UNSPECIFIED.,.F.,.F.,.F.,(3,1,3),(2,2),
(0.,1.,2.),(-0.07,0.),.UNSPECIFIED.);
#125=B_SPLINE_SURFACE_WITH_KNOTS('',2,1,((#15785,#15786),(#15787,#15788),
(#15789,#15790),(#15791,#15792)),.UNSPECIFIED.,.F.,.F.,.F.,(3,1,3),(2,2),
(0.,1.,2.),(-0.07,0.),.UNSPECIFIED.);
#126=B_SPLINE_SURFACE_WITH_KNOTS('',2,1,((#15794,#15795),(#15796,#15797),
(#15798,#15799),(#15800,#15801)),.UNSPECIFIED.,.F.,.F.,.F.,(3,1,3),(2,2),
(0.,1.,2.),(-0.07,0.),.UNSPECIFIED.);
#127=B_SPLINE_SURFACE_WITH_KNOTS('',2,1,((#15803,#15804),(#15805,#15806),
(#15807,#15808),(#15809,#15810)),.UNSPECIFIED.,.F.,.F.,.F.,(3,1,3),(2,2),
(0.,1.,2.),(-0.07,0.),.UNSPECIFIED.);
#128=B_SPLINE_SURFACE_WITH_KNOTS('',2,1,((#15812,#15813),(#15814,#15815),
(#15816,#15817),(#15818,#15819)),.UNSPECIFIED.,.F.,.F.,.F.,(3,1,3),(2,2),
(0.,1.,2.),(-0.07,0.),.UNSPECIFIED.);
#129=B_SPLINE_SURFACE_WITH_KNOTS('',2,1,((#15831,#15832),(#15833,#15834),
(#15835,#15836),(#15837,#15838)),.UNSPECIFIED.,.F.,.F.,.F.,(3,1,3),(2,2),
(0.,1.,2.),(-0.07,0.),.UNSPECIFIED.);
#130=B_SPLINE_SURFACE_WITH_KNOTS('',2,1,((#15840,#15841),(#15842,#15843),
(#15844,#15845),(#15846,#15847)),.UNSPECIFIED.,.F.,.F.,.F.,(3,1,3),(2,2),
(0.,1.,2.),(-0.07,0.),.UNSPECIFIED.);
#131=B_SPLINE_SURFACE_WITH_KNOTS('',2,1,((#15849,#15850),(#15851,#15852),
(#15853,#15854),(#15855,#15856)),.UNSPECIFIED.,.F.,.F.,.F.,(3,1,3),(2,2),
(0.,1.,2.),(-0.07,0.),.UNSPECIFIED.);
#132=B_SPLINE_SURFACE_WITH_KNOTS('',2,1,((#15864,#15865),(#15866,#15867),
(#15868,#15869),(#15870,#15871)),.UNSPECIFIED.,.F.,.F.,.F.,(3,1,3),(2,2),
(0.,1.,2.),(-0.07,0.),.UNSPECIFIED.);
#133=B_SPLINE_SURFACE_WITH_KNOTS('',2,1,((#15873,#15874),(#15875,#15876),
(#15877,#15878),(#15879,#15880)),.UNSPECIFIED.,.F.,.F.,.F.,(3,1,3),(2,2),
(0.,1.,2.),(-0.07,0.),.UNSPECIFIED.);
#134=B_SPLINE_SURFACE_WITH_KNOTS('',2,1,((#15882,#15883),(#15884,#15885),
(#15886,#15887),(#15888,#15889)),.UNSPECIFIED.,.F.,.F.,.F.,(3,1,3),(2,2),
(0.,1.,2.),(-0.07,0.),.UNSPECIFIED.);
#135=B_SPLINE_SURFACE_WITH_KNOTS('',2,1,((#15970,#15971),(#15972,#15973),
(#15974,#15975),(#15976,#15977)),.UNSPECIFIED.,.F.,.F.,.F.,(3,1,3),(2,2),
(0.,1.,2.),(-0.07,0.),.UNSPECIFIED.);
#136=B_SPLINE_SURFACE_WITH_KNOTS('',2,1,((#15980,#15981),(#15982,#15983),
(#15984,#15985),(#15986,#15987)),.UNSPECIFIED.,.F.,.F.,.F.,(3,1,3),(2,2),
(0.,1.,2.),(-0.07,0.),.UNSPECIFIED.);
#137=B_SPLINE_SURFACE_WITH_KNOTS('',2,1,((#15989,#15990),(#15991,#15992),
(#15993,#15994),(#15995,#15996)),.UNSPECIFIED.,.F.,.F.,.F.,(3,1,3),(2,2),
(0.,1.,2.),(-0.07,0.),.UNSPECIFIED.);
#138=B_SPLINE_SURFACE_WITH_KNOTS('',2,1,((#16002,#16003),(#16004,#16005),
(#16006,#16007),(#16008,#16009)),.UNSPECIFIED.,.F.,.F.,.F.,(3,1,3),(2,2),
(0.,1.,2.),(-0.07,0.),.UNSPECIFIED.);
#139=B_SPLINE_SURFACE_WITH_KNOTS('',2,1,((#16011,#16012),(#16013,#16014),
(#16015,#16016),(#16017,#16018)),.UNSPECIFIED.,.F.,.F.,.F.,(3,1,3),(2,2),
(0.,1.,2.),(-0.07,0.),.UNSPECIFIED.);
#140=B_SPLINE_SURFACE_WITH_KNOTS('',2,1,((#16020,#16021),(#16022,#16023),
(#16024,#16025),(#16026,#16027)),.UNSPECIFIED.,.F.,.F.,.F.,(3,1,3),(2,2),
(0.,1.,2.),(-0.07,0.),.UNSPECIFIED.);
#141=B_SPLINE_SURFACE_WITH_KNOTS('',2,1,((#16029,#16030),(#16031,#16032),
(#16033,#16034),(#16035,#16036)),.UNSPECIFIED.,.F.,.F.,.F.,(3,1,3),(2,2),
(0.,1.,2.),(-0.07,0.),.UNSPECIFIED.);
#142=B_SPLINE_SURFACE_WITH_KNOTS('',2,1,((#16038,#16039),(#16040,#16041),
(#16042,#16043),(#16044,#16045)),.UNSPECIFIED.,.F.,.F.,.F.,(3,1,3),(2,2),
(0.,1.,2.),(-0.07,0.),.UNSPECIFIED.);
#143=B_SPLINE_SURFACE_WITH_KNOTS('',2,1,((#16047,#16048),(#16049,#16050),
(#16051,#16052),(#16053,#16054)),.UNSPECIFIED.,.F.,.F.,.F.,(3,1,3),(2,2),
(0.,1.,2.),(-0.07,0.),.UNSPECIFIED.);
#144=B_SPLINE_SURFACE_WITH_KNOTS('',2,1,((#16056,#16057),(#16058,#16059),
(#16060,#16061),(#16062,#16063)),.UNSPECIFIED.,.F.,.F.,.F.,(3,1,3),(2,2),
(0.,1.,2.),(-0.07,0.),.UNSPECIFIED.);
#145=B_SPLINE_SURFACE_WITH_KNOTS('',2,1,((#16065,#16066),(#16067,#16068),
(#16069,#16070),(#16071,#16072)),.UNSPECIFIED.,.F.,.F.,.F.,(3,1,3),(2,2),
(0.,1.,2.),(-0.07,0.),.UNSPECIFIED.);
#146=B_SPLINE_SURFACE_WITH_KNOTS('',2,1,((#16078,#16079),(#16080,#16081),
(#16082,#16083),(#16084,#16085)),.UNSPECIFIED.,.F.,.F.,.F.,(3,1,3),(2,2),
(0.,1.,2.),(-0.07,0.),.UNSPECIFIED.);
#147=B_SPLINE_SURFACE_WITH_KNOTS('',2,1,((#16087,#16088),(#16089,#16090),
(#16091,#16092),(#16093,#16094)),.UNSPECIFIED.,.F.,.F.,.F.,(3,1,3),(2,2),
(0.,1.,2.),(-0.07,0.),.UNSPECIFIED.);
#148=B_SPLINE_SURFACE_WITH_KNOTS('',2,1,((#16096,#16097),(#16098,#16099),
(#16100,#16101),(#16102,#16103)),.UNSPECIFIED.,.F.,.F.,.F.,(3,1,3),(2,2),
(0.,1.,2.),(-0.07,0.),.UNSPECIFIED.);
#149=B_SPLINE_SURFACE_WITH_KNOTS('',2,1,((#16151,#16152),(#16153,#16154),
(#16155,#16156),(#16157,#16158)),.UNSPECIFIED.,.F.,.F.,.F.,(3,1,3),(2,2),
(0.,1.,2.),(-0.07,0.),.UNSPECIFIED.);
#150=B_SPLINE_SURFACE_WITH_KNOTS('',2,1,((#16160,#16161),(#16162,#16163),
(#16164,#16165),(#16166,#16167)),.UNSPECIFIED.,.F.,.F.,.F.,(3,1,3),(2,2),
(0.,1.,2.),(-0.07,0.),.UNSPECIFIED.);
#151=B_SPLINE_SURFACE_WITH_KNOTS('',2,1,((#16179,#16180),(#16181,#16182),
(#16183,#16184),(#16185,#16186)),.UNSPECIFIED.,.F.,.F.,.F.,(3,1,3),(2,2),
(0.,1.,2.),(-0.07,0.),.UNSPECIFIED.);
#152=B_SPLINE_SURFACE_WITH_KNOTS('',2,1,((#16188,#16189),(#16190,#16191),
(#16192,#16193),(#16194,#16195)),.UNSPECIFIED.,.F.,.F.,.F.,(3,1,3),(2,2),
(0.,1.,2.),(-0.07,0.),.UNSPECIFIED.);
#153=B_SPLINE_SURFACE_WITH_KNOTS('',2,1,((#16197,#16198),(#16199,#16200),
(#16201,#16202),(#16203,#16204)),.UNSPECIFIED.,.F.,.F.,.F.,(3,1,3),(2,2),
(0.,1.,2.),(-0.07,0.),.UNSPECIFIED.);
#154=B_SPLINE_SURFACE_WITH_KNOTS('',2,1,((#16207,#16208),(#16209,#16210),
(#16211,#16212),(#16213,#16214)),.UNSPECIFIED.,.F.,.F.,.F.,(3,1,3),(2,2),
(0.,1.,2.),(-0.07,0.),.UNSPECIFIED.);
#155=B_SPLINE_SURFACE_WITH_KNOTS('',2,1,((#16229,#16230),(#16231,#16232),
(#16233,#16234),(#16235,#16236)),.UNSPECIFIED.,.F.,.F.,.F.,(3,1,3),(2,2),
(0.,1.,2.),(-0.07,0.),.UNSPECIFIED.);
#156=B_SPLINE_SURFACE_WITH_KNOTS('',2,1,((#16305,#16306),(#16307,#16308),
(#16309,#16310),(#16311,#16312)),.UNSPECIFIED.,.F.,.F.,.F.,(3,1,3),(2,2),
(0.,1.,2.),(-0.07,0.),.UNSPECIFIED.);
#157=B_SPLINE_SURFACE_WITH_KNOTS('',2,1,((#16315,#16316),(#16317,#16318),
(#16319,#16320),(#16321,#16322)),.UNSPECIFIED.,.F.,.F.,.F.,(3,1,3),(2,2),
(0.,1.,2.),(-0.07,0.),.UNSPECIFIED.);
#158=B_SPLINE_SURFACE_WITH_KNOTS('',2,1,((#16324,#16325),(#16326,#16327),
(#16328,#16329),(#16330,#16331)),.UNSPECIFIED.,.F.,.F.,.F.,(3,1,3),(2,2),
(0.,1.,2.),(-0.07,0.),.UNSPECIFIED.);
#159=B_SPLINE_SURFACE_WITH_KNOTS('',2,1,((#16337,#16338),(#16339,#16340),
(#16341,#16342),(#16343,#16344)),.UNSPECIFIED.,.F.,.F.,.F.,(3,1,3),(2,2),
(0.,1.,2.),(-0.07,0.),.UNSPECIFIED.);
#160=B_SPLINE_SURFACE_WITH_KNOTS('',2,1,((#16346,#16347),(#16348,#16349),
(#16350,#16351),(#16352,#16353)),.UNSPECIFIED.,.F.,.F.,.F.,(3,1,3),(2,2),
(0.,1.,2.),(-0.07,0.),.UNSPECIFIED.);
#161=B_SPLINE_SURFACE_WITH_KNOTS('',2,1,((#16355,#16356),(#16357,#16358),
(#16359,#16360),(#16361,#16362)),.UNSPECIFIED.,.F.,.F.,.F.,(3,1,3),(2,2),
(0.,1.,2.),(-0.07,0.),.UNSPECIFIED.);
#162=B_SPLINE_SURFACE_WITH_KNOTS('',2,1,((#16364,#16365),(#16366,#16367),
(#16368,#16369),(#16370,#16371)),.UNSPECIFIED.,.F.,.F.,.F.,(3,1,3),(2,2),
(0.,1.,2.),(-0.07,0.),.UNSPECIFIED.);
#163=B_SPLINE_SURFACE_WITH_KNOTS('',2,1,((#16377,#16378),(#16379,#16380),
(#16381,#16382),(#16383,#16384)),.UNSPECIFIED.,.F.,.F.,.F.,(3,1,3),(2,2),
(0.,1.,2.),(-0.07,0.),.UNSPECIFIED.);
#164=B_SPLINE_SURFACE_WITH_KNOTS('',2,1,((#16386,#16387),(#16388,#16389),
(#16390,#16391),(#16392,#16393)),.UNSPECIFIED.,.F.,.F.,.F.,(3,1,3),(2,2),
(0.,1.,2.),(-0.07,0.),.UNSPECIFIED.);
#165=B_SPLINE_SURFACE_WITH_KNOTS('',2,1,((#16394,#16395),(#16396,#16397),
(#16398,#16399),(#16400,#16401)),.UNSPECIFIED.,.F.,.F.,.F.,(3,1,3),(2,2),
(0.,1.,2.),(-0.07,0.),.UNSPECIFIED.);
#166=B_SPLINE_SURFACE_WITH_KNOTS('',2,1,((#16416,#16417),(#16418,#16419),
(#16420,#16421),(#16422,#16423)),.UNSPECIFIED.,.F.,.F.,.F.,(3,1,3),(2,2),
(0.,1.,2.),(-0.07,0.),.UNSPECIFIED.);
#167=B_SPLINE_SURFACE_WITH_KNOTS('',2,1,((#16441,#16442),(#16443,#16444),
(#16445,#16446),(#16447,#16448)),.UNSPECIFIED.,.F.,.F.,.F.,(3,1,3),(2,2),
(0.,1.,2.),(-0.07,0.),.UNSPECIFIED.);
#168=B_SPLINE_SURFACE_WITH_KNOTS('',2,1,((#16460,#16461),(#16462,#16463),
(#16464,#16465),(#16466,#16467)),.UNSPECIFIED.,.F.,.F.,.F.,(3,1,3),(2,2),
(0.,1.,2.),(-0.07,0.),.UNSPECIFIED.);
#169=B_SPLINE_SURFACE_WITH_KNOTS('',2,1,((#16507,#16508),(#16509,#16510),
(#16511,#16512),(#16513,#16514)),.UNSPECIFIED.,.F.,.F.,.F.,(3,1,3),(2,2),
(0.,1.,2.),(-0.07,0.),.UNSPECIFIED.);
#170=B_SPLINE_SURFACE_WITH_KNOTS('',2,1,((#16517,#16518),(#16519,#16520),
(#16521,#16522),(#16523,#16524)),.UNSPECIFIED.,.F.,.F.,.F.,(3,1,3),(2,2),
(0.,1.,2.),(-0.07,0.),.UNSPECIFIED.);
#171=B_SPLINE_SURFACE_WITH_KNOTS('',2,1,((#16526,#16527),(#16528,#16529),
(#16530,#16531),(#16532,#16533)),.UNSPECIFIED.,.F.,.F.,.F.,(3,1,3),(2,2),
(0.,1.,2.),(-0.07,0.),.UNSPECIFIED.);
#172=B_SPLINE_SURFACE_WITH_KNOTS('',2,1,((#16545,#16546),(#16547,#16548),
(#16549,#16550),(#16551,#16552)),.UNSPECIFIED.,.F.,.F.,.F.,(3,1,3),(2,2),
(0.,1.,2.),(-0.07,0.),.UNSPECIFIED.);
#173=B_SPLINE_SURFACE_WITH_KNOTS('',2,1,((#16553,#16554),(#16555,#16556),
(#16557,#16558),(#16559,#16560)),.UNSPECIFIED.,.F.,.F.,.F.,(3,1,3),(2,2),
(0.,1.,2.),(-0.07,0.),.UNSPECIFIED.);
#174=B_SPLINE_SURFACE_WITH_KNOTS('',2,1,((#16575,#16576),(#16577,#16578),
(#16579,#16580),(#16581,#16582)),.UNSPECIFIED.,.F.,.F.,.F.,(3,1,3),(2,2),
(0.,1.,2.),(-0.07,0.),.UNSPECIFIED.);
#175=B_SPLINE_SURFACE_WITH_KNOTS('',2,1,((#16594,#16595),(#16596,#16597),
(#16598,#16599),(#16600,#16601)),.UNSPECIFIED.,.F.,.F.,.F.,(3,1,3),(2,2),
(0.,1.,2.),(-0.07,0.),.UNSPECIFIED.);
#176=B_SPLINE_SURFACE_WITH_KNOTS('',2,1,((#16613,#16614),(#16615,#16616),
(#16617,#16618),(#16619,#16620)),.UNSPECIFIED.,.F.,.F.,.F.,(3,1,3),(2,2),
(0.,1.,2.),(-0.07,0.),.UNSPECIFIED.);
#177=B_SPLINE_SURFACE_WITH_KNOTS('',2,1,((#16632,#16633),(#16634,#16635),
(#16636,#16637),(#16638,#16639)),.UNSPECIFIED.,.F.,.F.,.F.,(3,1,3),(2,2),
(0.,1.,2.),(-0.07,0.),.UNSPECIFIED.);
#178=B_SPLINE_SURFACE_WITH_KNOTS('',2,1,((#16651,#16652),(#16653,#16654),
(#16655,#16656),(#16657,#16658)),.UNSPECIFIED.,.F.,.F.,.F.,(3,1,3),(2,2),
(0.,1.,2.),(-0.07,0.),.UNSPECIFIED.);
#179=B_SPLINE_SURFACE_WITH_KNOTS('',2,1,((#16670,#16671),(#16672,#16673),
(#16674,#16675),(#16676,#16677)),.UNSPECIFIED.,.F.,.F.,.F.,(3,1,3),(2,2),
(0.,1.,2.),(-0.07,0.),.UNSPECIFIED.);
#180=B_SPLINE_SURFACE_WITH_KNOTS('',2,1,((#16689,#16690),(#16691,#16692),
(#16693,#16694),(#16695,#16696)),.UNSPECIFIED.,.F.,.F.,.F.,(3,1,3),(2,2),
(0.,1.,2.),(-0.07,0.),.UNSPECIFIED.);
#181=B_SPLINE_SURFACE_WITH_KNOTS('',2,1,((#16726,#16727),(#16728,#16729),
(#16730,#16731),(#16732,#16733)),.UNSPECIFIED.,.F.,.F.,.F.,(3,1,3),(2,2),
(0.,1.,2.),(-0.07,0.),.UNSPECIFIED.);
#182=B_SPLINE_SURFACE_WITH_KNOTS('',2,1,((#16736,#16737),(#16738,#16739),
(#16740,#16741),(#16742,#16743)),.UNSPECIFIED.,.F.,.F.,.F.,(3,1,3),(2,2),
(0.,1.,2.),(-0.07,0.),.UNSPECIFIED.);
#183=B_SPLINE_SURFACE_WITH_KNOTS('',2,1,((#16745,#16746),(#16747,#16748),
(#16749,#16750),(#16751,#16752)),.UNSPECIFIED.,.F.,.F.,.F.,(3,1,3),(2,2),
(0.,1.,2.),(-0.07,0.),.UNSPECIFIED.);
#184=B_SPLINE_SURFACE_WITH_KNOTS('',2,1,((#16754,#16755),(#16756,#16757),
(#16758,#16759),(#16760,#16761)),.UNSPECIFIED.,.F.,.F.,.F.,(3,1,3),(2,2),
(0.,1.,2.),(-0.07,0.),.UNSPECIFIED.);
#185=B_SPLINE_SURFACE_WITH_KNOTS('',2,1,((#16795,#16796),(#16797,#16798),
(#16799,#16800),(#16801,#16802)),.UNSPECIFIED.,.F.,.F.,.F.,(3,1,3),(2,2),
(0.,1.,2.),(-0.07,0.),.UNSPECIFIED.);
#186=B_SPLINE_SURFACE_WITH_KNOTS('',2,1,((#16805,#16806),(#16807,#16808),
(#16809,#16810),(#16811,#16812)),.UNSPECIFIED.,.F.,.F.,.F.,(3,1,3),(2,2),
(0.,1.,2.),(-0.07,0.),.UNSPECIFIED.);
#187=B_SPLINE_SURFACE_WITH_KNOTS('',2,1,((#16820,#16821),(#16822,#16823),
(#16824,#16825),(#16826,#16827)),.UNSPECIFIED.,.F.,.F.,.F.,(3,1,3),(2,2),
(0.,1.,2.),(-0.07,0.),.UNSPECIFIED.);
#188=B_SPLINE_SURFACE_WITH_KNOTS('',2,1,((#16829,#16830),(#16831,#16832),
(#16833,#16834),(#16835,#16836)),.UNSPECIFIED.,.F.,.F.,.F.,(3,1,3),(2,2),
(0.,1.,2.),(-0.07,0.),.UNSPECIFIED.);
#189=B_SPLINE_SURFACE_WITH_KNOTS('',2,1,((#16908,#16909),(#16910,#16911),
(#16912,#16913),(#16914,#16915)),.UNSPECIFIED.,.F.,.F.,.F.,(3,1,3),(2,2),
(0.,1.,2.),(-0.07,0.),.UNSPECIFIED.);
#190=B_SPLINE_SURFACE_WITH_KNOTS('',2,1,((#16917,#16918),(#16919,#16920),
(#16921,#16922),(#16923,#16924)),.UNSPECIFIED.,.F.,.F.,.F.,(3,1,3),(2,2),
(0.,1.,2.),(-0.07,0.),.UNSPECIFIED.);
#191=B_SPLINE_SURFACE_WITH_KNOTS('',2,1,((#16926,#16927),(#16928,#16929),
(#16930,#16931),(#16932,#16933)),.UNSPECIFIED.,.F.,.F.,.F.,(3,1,3),(2,2),
(0.,1.,2.),(-0.07,0.),.UNSPECIFIED.);
#192=B_SPLINE_SURFACE_WITH_KNOTS('',2,1,((#16935,#16936),(#16937,#16938),
(#16939,#16940),(#16941,#16942)),.UNSPECIFIED.,.F.,.F.,.F.,(3,1,3),(2,2),
(0.,1.,2.),(-0.07,0.),.UNSPECIFIED.);
#193=B_SPLINE_SURFACE_WITH_KNOTS('',2,1,((#16948,#16949),(#16950,#16951),
(#16952,#16953),(#16954,#16955)),.UNSPECIFIED.,.F.,.F.,.F.,(3,1,3),(2,2),
(0.,1.,2.),(-0.07,0.),.UNSPECIFIED.);
#194=B_SPLINE_SURFACE_WITH_KNOTS('',2,1,((#16957,#16958),(#16959,#16960),
(#16961,#16962),(#16963,#16964)),.UNSPECIFIED.,.F.,.F.,.F.,(3,1,3),(2,2),
(0.,1.,2.),(-0.07,0.),.UNSPECIFIED.);
#195=B_SPLINE_SURFACE_WITH_KNOTS('',2,1,((#16966,#16967),(#16968,#16969),
(#16970,#16971),(#16972,#16973)),.UNSPECIFIED.,.F.,.F.,.F.,(3,1,3),(2,2),
(0.,1.,2.),(-0.07,0.),.UNSPECIFIED.);
#196=B_SPLINE_SURFACE_WITH_KNOTS('',2,1,((#16975,#16976),(#16977,#16978),
(#16979,#16980),(#16981,#16982)),.UNSPECIFIED.,.F.,.F.,.F.,(3,1,3),(2,2),
(0.,1.,2.),(-0.07,0.),.UNSPECIFIED.);
#197=B_SPLINE_SURFACE_WITH_KNOTS('',2,1,((#16984,#16985),(#16986,#16987),
(#16988,#16989),(#16990,#16991)),.UNSPECIFIED.,.F.,.F.,.F.,(3,1,3),(2,2),
(0.,1.,2.),(-0.07,0.),.UNSPECIFIED.);
#198=(
BOUNDED_CURVE()
B_SPLINE_CURVE(2,(#11941,#11942,#11943),.UNSPECIFIED.,.F.,.F.)
B_SPLINE_CURVE_WITH_KNOTS((3,3),(238.850074592424,241.548813541452),
 .UNSPECIFIED.)
CURVE()
GEOMETRIC_REPRESENTATION_ITEM()
RATIONAL_B_SPLINE_CURVE((34.4789413150081,33.6300977678404,32.7577981729243))
REPRESENTATION_ITEM('')
);
#199=(
BOUNDED_CURVE()
B_SPLINE_CURVE(2,(#13393,#13394,#13395),.UNSPECIFIED.,.F.,.F.)
B_SPLINE_CURVE_WITH_KNOTS((3,3),(238.850074592424,241.276203278473),
 .UNSPECIFIED.)
CURVE()
GEOMETRIC_REPRESENTATION_ITEM()
RATIONAL_B_SPLINE_CURVE((34.4789413150079,33.7158428017215,32.9337876752256))
REPRESENTATION_ITEM('')
);
#200=(
BOUNDED_CURVE()
B_SPLINE_CURVE(2,(#13554,#13555,#13556),.UNSPECIFIED.,.F.,.F.)
B_SPLINE_CURVE_WITH_KNOTS((3,3),(0.,0.26036143174269),.UNSPECIFIED.)
CURVE()
GEOMETRIC_REPRESENTATION_ITEM()
RATIONAL_B_SPLINE_CURVE((1.,1.00152221108922,1.0002991544515))
REPRESENTATION_ITEM('')
);
#201=(
BOUNDED_CURVE()
B_SPLINE_CURVE(2,(#17121,#17122,#17123),.UNSPECIFIED.,.F.,.F.)
B_SPLINE_CURVE_WITH_KNOTS((3,3),(0.,0.288733266132784),.UNSPECIFIED.)
CURVE()
GEOMETRIC_REPRESENTATION_ITEM()
RATIONAL_B_SPLINE_CURVE((1.,1.00168808788841,1.))
REPRESENTATION_ITEM('')
);
#202=ELLIPSE('',#8954,1.97035724991883,1.4);
#203=ELLIPSE('',#8961,1.97035724991882,1.4);
#204=ELLIPSE('',#8984,2.11109705348446,1.5);
#205=ELLIPSE('',#8986,2.11109705348446,1.5);
#206=ELLIPSE('',#8991,2.11109705348445,1.5);
#207=ELLIPSE('',#8993,2.11109705348445,1.5);
#208=ELLIPSE('',#9004,31.1126983722081,22.);
#209=ELLIPSE('',#9013,31.1126983722081,22.);
#210=ELLIPSE('',#9022,29.1327993848856,20.6);
#211=ELLIPSE('',#9120,28.2842712474619,20.);
#212=ELLIPSE('',#9128,28.2842712474619,20.);
#213=ELLIPSE('',#9132,29.1327993848856,20.6);
#214=CYLINDRICAL_SURFACE('',#8944,1.4);
#215=CYLINDRICAL_SURFACE('',#8948,1.4);
#216=CYLINDRICAL_SURFACE('',#8952,1.4);
#217=CYLINDRICAL_SURFACE('',#8959,1.4);
#218=CYLINDRICAL_SURFACE('',#8968,1.5);
#219=CYLINDRICAL_SURFACE('',#8975,1.5);
#220=CYLINDRICAL_SURFACE('',#8982,1.5);
#221=CYLINDRICAL_SURFACE('',#8990,1.5);
#222=CYLINDRICAL_SURFACE('',#9001,20.6);
#223=CYLINDRICAL_SURFACE('',#9003,22.);
#224=CYLINDRICAL_SURFACE('',#9006,21.);
#225=CYLINDRICAL_SURFACE('',#9011,22.);
#226=CYLINDRICAL_SURFACE('',#9020,20.6);
#227=CYLINDRICAL_SURFACE('',#9031,19.);
#228=CYLINDRICAL_SURFACE('',#9034,1.4);
#229=CYLINDRICAL_SURFACE('',#9036,1.4);
#230=CYLINDRICAL_SURFACE('',#9038,19.);
#231=CYLINDRICAL_SURFACE('',#9044,3.075);
#232=CYLINDRICAL_SURFACE('',#9049,3.075);
#233=CYLINDRICAL_SURFACE('',#9054,3.075);
#234=CYLINDRICAL_SURFACE('',#9059,3.075);
#235=CYLINDRICAL_SURFACE('',#9091,0.5);
#236=CYLINDRICAL_SURFACE('',#9094,3.2);
#237=CYLINDRICAL_SURFACE('',#9097,0.5);
#238=CYLINDRICAL_SURFACE('',#9099,0.5);
#239=CYLINDRICAL_SURFACE('',#9106,0.5);
#240=CYLINDRICAL_SURFACE('',#9126,20.);
#241=CYLINDRICAL_SURFACE('',#9167,20.6);
#242=CYLINDRICAL_SURFACE('',#9171,20.6);
#243=CYLINDRICAL_SURFACE('',#9178,20.6);
#244=CYLINDRICAL_SURFACE('',#9191,2.65);
#245=CYLINDRICAL_SURFACE('',#9202,20.6);
#246=CYLINDRICAL_SURFACE('',#9210,20.6);
#247=CYLINDRICAL_SURFACE('',#9222,21.);
#248=CYLINDRICAL_SURFACE('',#9231,0.5);
#249=CYLINDRICAL_SURFACE('',#9234,0.5);
#250=CYLINDRICAL_SURFACE('',#9241,21.5);
#251=CYLINDRICAL_SURFACE('',#9244,0.5);
#252=CYLINDRICAL_SURFACE('',#9245,0.5);
#253=CYLINDRICAL_SURFACE('',#9358,2.625);
#254=CYLINDRICAL_SURFACE('',#9361,21.5);
#255=CYLINDRICAL_SURFACE('',#9363,2.65);
#256=CYLINDRICAL_SURFACE('',#9369,2.625);
#257=CYLINDRICAL_SURFACE('',#9372,2.65);
#258=CYLINDRICAL_SURFACE('',#9376,2.625);
#259=CYLINDRICAL_SURFACE('',#9379,21.5);
#260=CYLINDRICAL_SURFACE('',#9381,21.5);
#261=CYLINDRICAL_SURFACE('',#9385,2.65);
#262=CYLINDRICAL_SURFACE('',#9391,2.625);
#263=CYLINDRICAL_SURFACE('',#9398,1.7);
#264=CYLINDRICAL_SURFACE('',#9400,1.7);
#265=CYLINDRICAL_SURFACE('',#9402,1.35);
#266=CYLINDRICAL_SURFACE('',#9405,1.7);
#267=CYLINDRICAL_SURFACE('',#9408,1.35);
#268=CYLINDRICAL_SURFACE('',#9412,3.2);
#269=CYLINDRICAL_SURFACE('',#9414,1.7);
#270=CYLINDRICAL_SURFACE('',#9417,20.6);
#271=CYLINDRICAL_SURFACE('',#9421,20.6);
#272=CYLINDRICAL_SURFACE('',#9422,19.6);
#273=CYLINDRICAL_SURFACE('',#9425,21.5);
#274=CYLINDRICAL_SURFACE('',#9428,22.);
#275=CYLINDRICAL_SURFACE('',#9432,22.);
#276=CYLINDRICAL_SURFACE('',#9436,19.6);
#277=CYLINDRICAL_SURFACE('',#9439,22.);
#278=CYLINDRICAL_SURFACE('',#9441,19.6);
#279=CYLINDRICAL_SURFACE('',#9442,19.6);
#280=CYLINDRICAL_SURFACE('',#9443,21.5);
#281=B_SPLINE_CURVE_WITH_KNOTS('',3,(#11289,#11290,#11291,#11292,#11293,
#11294,#11295,#11296,#11297,#11298,#11299,#11300,#11301),.UNSPECIFIED.,
 .T.,.F.,(4,1,1,1,1,1,1,1,1,1,4),(-3.14159265358979,-2.69279370307697,-2.24399475256414,
-1.34639685153848,-0.448798950512828,0.,0.448798950512828,1.34639685153848,
2.24399475256414,2.69279370307697,3.14159265358979),.UNSPECIFIED.);
#282=B_SPLINE_CURVE_WITH_KNOTS('',3,(#11319,#11320,#11321,#11322,#11323,
#11324,#11325,#11326,#11327,#11328,#11329,#11330,#11331),.UNSPECIFIED.,
 .T.,.F.,(4,1,1,1,1,1,1,1,1,1,4),(-3.1415926535898,-2.69279370307697,-2.24399475256414,
-1.34639685153849,-0.448798950512832,-4.44089209850063E-15,0.448798950512823,
1.34639685153848,2.24399475256413,2.69279370307696,3.14159265358979),
 .UNSPECIFIED.);
#283=B_SPLINE_CURVE_WITH_KNOTS('',3,(#11342,#11343,#11344,#11345,#11346,
#11347,#11348,#11349,#11350,#11351),.UNSPECIFIED.,.F.,.F.,(4,2,2,2,4),(0.,
0.0527536012935527,0.105507202587105,0.158260765768622,0.211014328950138),
 .UNSPECIFIED.);
#284=B_SPLINE_CURVE_WITH_KNOTS('',3,(#11352,#11353,#11354,#11355,#11356,
#11357,#11358,#11359,#11360,#11361,#11362,#11363,#11364,#11365,#11366,#11367,
#11368,#11369,#11370,#11371,#11372,#11373,#11374,#11375,#11376,#11377),
 .UNSPECIFIED.,.F.,.F.,(4,2,2,2,2,2,2,2,2,2,2,2,4),(0.211014328950138,0.263767892131655,
0.316521455313171,0.369275056606724,0.422028657900276,0.474782259193829,
0.527535860487382,0.580289423668898,0.633042986850414,0.685796550031931,
0.738550113213447,0.791303714507,0.844057315800553),.UNSPECIFIED.);
#285=B_SPLINE_CURVE_WITH_KNOTS('',3,(#11388,#11389,#11390,#11391,#11392,
#11393,#11394,#11395,#11396,#11397),.UNSPECIFIED.,.F.,.F.,(4,2,2,2,4),(0.,
0.0527514431081524,0.105502886216305,0.158254300043098,0.211005713869892),
 .UNSPECIFIED.);
#286=B_SPLINE_CURVE_WITH_KNOTS('',3,(#11398,#11399,#11400,#11401,#11402,
#11403,#11404,#11405,#11406,#11407,#11408,#11409,#11410,#11411,#11412,#11413,
#11414,#11415,#11416,#11417,#11418,#11419,#11420,#11421,#11422,#11423),
 .UNSPECIFIED.,.F.,.F.,(4,2,2,2,2,2,2,2,2,2,2,2,4),(0.211005713869892,0.263757127696685,
0.316508541523479,0.369259984631631,0.422011427739784,0.474762870847936,
0.527514313956089,0.580265727782882,0.633017141609676,0.685768555436469,
0.738519969263263,0.791271412371415,0.844022855479568),.UNSPECIFIED.);
#287=B_SPLINE_CURVE_WITH_KNOTS('',3,(#11484,#11485,#11486,#11487,#11488,
#11489,#11490,#11491,#11492,#11493,#11494,#11495,#11496,#11497,#11498,#11499,
#11500,#11501,#11502,#11503,#11504,#11505),.UNSPECIFIED.,.F.,.F.,(4,2,2,
2,2,2,2,2,2,2,4),(0.961143229037443,1.00504205802904,1.07693699441906,1.14883193080907,
1.18045331825066,1.21207470569225,1.24369609313384,1.27531748057542,1.34721241696544,
1.41910735335545,1.46300618234705),.UNSPECIFIED.);
#288=B_SPLINE_CURVE_WITH_KNOTS('',3,(#11509,#11510,#11511,#11512,#11513,
#11514,#11515,#11516),.UNSPECIFIED.,.F.,.F.,(4,2,2,4),(0.,0.292538031944948,
0.585076063889897,0.691675339392508),.UNSPECIFIED.);
#289=B_SPLINE_CURVE_WITH_KNOTS('',3,(#11518,#11519,#11520,#11521,#11522,
#11523,#11524,#11525),.UNSPECIFIED.,.F.,.F.,(4,2,2,4),(1.65261227455393,
1.75921155005654,2.05174958200149,2.34428761394644),.UNSPECIFIED.);
#290=B_SPLINE_CURVE_WITH_KNOTS('',3,(#11539,#11540,#11541,#11542,#11543,
#11544,#11545,#11546),.UNSPECIFIED.,.F.,.F.,(4,2,2,4),(0.,0.292538031944948,
0.585076063889896,0.691675339392507),.UNSPECIFIED.);
#291=B_SPLINE_CURVE_WITH_KNOTS('',3,(#11548,#11549,#11550,#11551,#11552,
#11553,#11554,#11555),.UNSPECIFIED.,.F.,.F.,(4,2,2,4),(1.65261227455393,
1.75921155005654,2.05174958200149,2.34428761394644),.UNSPECIFIED.);
#292=B_SPLINE_CURVE_WITH_KNOTS('',3,(#11559,#11560,#11561,#11562,#11563,
#11564,#11565,#11566,#11567,#11568,#11569,#11570,#11571,#11572,#11573,#11574,
#11575,#11576,#11577,#11578,#11579,#11580),.UNSPECIFIED.,.F.,.F.,(4,2,2,
2,2,2,2,2,2,2,4),(0.961143229037443,1.00504205802904,1.07693699441906,1.14883193080907,
1.18045331825066,1.21207470569225,1.24369609313384,1.27531748057543,1.34721241696544,
1.41910735335545,1.46300618234705),.UNSPECIFIED.);
#293=B_SPLINE_CURVE_WITH_KNOTS('',3,(#11592,#11593,#11594,#11595,#11596,
#11597,#11598,#11599,#11600,#11601),.UNSPECIFIED.,.F.,.F.,(4,2,2,2,4),(2.62403633663366,
2.65981515320204,2.82319699898181,2.98657884476158,3.11847316632671),
 .UNSPECIFIED.);
#294=B_SPLINE_CURVE_WITH_KNOTS('',3,(#11605,#11606,#11607,#11608,#11609,
#11610,#11611,#11612,#11613,#11614),.UNSPECIFIED.,.F.,.F.,(4,2,2,2,4),(1.6962560098865,
1.98343495972011,2.14681680549988,2.31019865127965,2.34597746784802),
 .UNSPECIFIED.);
#295=B_SPLINE_CURVE_WITH_KNOTS('',3,(#11621,#11622,#11623,#11624),
 .UNSPECIFIED.,.F.,.F.,(4,4),(3.11847316632671,3.27375779459519),
 .UNSPECIFIED.);
#296=B_SPLINE_CURVE_WITH_KNOTS('',3,(#11635,#11636,#11637,#11638),
 .UNSPECIFIED.,.F.,.F.,(4,4),(1.6962560098865,1.85154063815498),
 .UNSPECIFIED.);
#297=B_SPLINE_CURVE_WITH_KNOTS('',3,(#11646,#11647,#11648,#11649,#11650,
#11651,#11652,#11653,#11654,#11655),.UNSPECIFIED.,.F.,.F.,(4,2,2,2,4),(2.62403633663367,
2.65981515320204,2.82319699898181,2.98657884476158,3.27375779459519),
 .UNSPECIFIED.);
#298=B_SPLINE_CURVE_WITH_KNOTS('',3,(#11658,#11659,#11660,#11661,#11662,
#11663,#11664,#11665,#11666,#11667),.UNSPECIFIED.,.F.,.F.,(4,2,2,2,4),(1.85154063815498,
1.98343495972011,2.14681680549988,2.31019865127965,2.34597746784802),
 .UNSPECIFIED.);
#299=B_SPLINE_CURVE_WITH_KNOTS('',3,(#11670,#11671,#11672,#11673,#11674),
 .UNSPECIFIED.,.F.,.F.,(4,1,4),(1.57837980120941,2.35998622739961,3.1415926535898),
 .UNSPECIFIED.);
#300=B_SPLINE_CURVE_WITH_KNOTS('',3,(#11676,#11677,#11678,#11679),
 .UNSPECIFIED.,.F.,.F.,(4,4),(1.5707963267949,1.57837980120941),
 .UNSPECIFIED.);
#301=B_SPLINE_CURVE_WITH_KNOTS('',3,(#11687,#11688,#11689,#11690),
 .UNSPECIFIED.,.F.,.F.,(4,4),(-1.57837980120941,-1.5707963267949),
 .UNSPECIFIED.);
#302=B_SPLINE_CURVE_WITH_KNOTS('',3,(#11692,#11693,#11694,#11695,#11696),
 .UNSPECIFIED.,.F.,.F.,(4,1,4),(-3.1415926535898,-2.3599862273996,-1.57837980120941),
 .UNSPECIFIED.);
#303=B_SPLINE_CURVE_WITH_KNOTS('',3,(#11700,#11701,#11702,#11703,#11704),
 .UNSPECIFIED.,.F.,.F.,(4,1,4),(1.57837980120941,2.3599862273996,3.14159265358979),
 .UNSPECIFIED.);
#304=B_SPLINE_CURVE_WITH_KNOTS('',3,(#11706,#11707,#11708,#11709),
 .UNSPECIFIED.,.F.,.F.,(4,4),(1.5707963267949,1.57837980120941),
 .UNSPECIFIED.);
#305=B_SPLINE_CURVE_WITH_KNOTS('',3,(#11733,#11734,#11735,#11736,#11737),
 .UNSPECIFIED.,.F.,.F.,(4,1,4),(1.57837980120941,2.3599862273996,3.14159265358979),
 .UNSPECIFIED.);
#306=B_SPLINE_CURVE_WITH_KNOTS('',3,(#11739,#11740,#11741,#11742),
 .UNSPECIFIED.,.F.,.F.,(4,4),(1.5707963267949,1.57837980120941),
 .UNSPECIFIED.);
#307=B_SPLINE_CURVE_WITH_KNOTS('',3,(#11750,#11751,#11752,#11753),
 .UNSPECIFIED.,.F.,.F.,(4,4),(-1.57837980120941,-1.5707963267949),
 .UNSPECIFIED.);
#308=B_SPLINE_CURVE_WITH_KNOTS('',3,(#11754,#11755,#11756,#11757,#11758),
 .UNSPECIFIED.,.F.,.F.,(4,1,4),(-3.1415926535898,-2.3599862273996,-1.57837980120941),
 .UNSPECIFIED.);
#309=B_SPLINE_CURVE_WITH_KNOTS('',3,(#11789,#11790,#11791,#11792,#11793,
#11794,#11795,#11796,#11797,#11798),.UNSPECIFIED.,.F.,.F.,(4,2,2,2,4),(0.,
0.0181717471506725,0.0368828308075377,0.056280425492081,0.0762924733965293),
 .UNSPECIFIED.);
#310=B_SPLINE_CURVE_WITH_KNOTS('',3,(#11802,#11803,#11804,#11805,#11806,
#11807,#11808,#11809,#11810,#11811),.UNSPECIFIED.,.F.,.F.,(4,2,2,2,4),(0.229083824040825,
0.249095871945273,0.268493466629816,0.287204550286682,0.305376297437354),
 .UNSPECIFIED.);
#311=B_SPLINE_CURVE_WITH_KNOTS('',3,(#11825,#11826,#11827,#11828,#11829),
 .UNSPECIFIED.,.F.,.F.,(4,1,4),(1.57837980120941,2.3599862273996,3.14159265358979),
 .UNSPECIFIED.);
#312=B_SPLINE_CURVE_WITH_KNOTS('',3,(#11831,#11832,#11833,#11834),
 .UNSPECIFIED.,.F.,.F.,(4,4),(1.5707963267949,1.57837980120941),
 .UNSPECIFIED.);
#313=B_SPLINE_CURVE_WITH_KNOTS('',3,(#11842,#11843,#11844,#11845),
 .UNSPECIFIED.,.F.,.F.,(4,4),(-1.57837980120941,-1.5707963267949),
 .UNSPECIFIED.);
#314=B_SPLINE_CURVE_WITH_KNOTS('',3,(#11847,#11848,#11849,#11850,#11851),
 .UNSPECIFIED.,.F.,.F.,(4,1,4),(-3.14159265358979,-2.3599862273996,-1.57837980120941),
 .UNSPECIFIED.);
#315=B_SPLINE_CURVE_WITH_KNOTS('',3,(#11873,#11874,#11875,#11876),
 .UNSPECIFIED.,.F.,.F.,(4,4),(-1.57837980120941,-1.5707963267949),
 .UNSPECIFIED.);
#316=B_SPLINE_CURVE_WITH_KNOTS('',3,(#11878,#11879,#11880,#11881,#11882),
 .UNSPECIFIED.,.F.,.F.,(4,1,4),(-3.14159265358979,-2.3599862273996,-1.57837980120941),
 .UNSPECIFIED.);
#317=B_SPLINE_CURVE_WITH_KNOTS('',3,(#11886,#11887,#11888,#11889,#11890),
 .UNSPECIFIED.,.F.,.F.,(4,1,4),(1.57837980120941,2.3599862273996,3.14159265358979),
 .UNSPECIFIED.);
#318=B_SPLINE_CURVE_WITH_KNOTS('',3,(#11892,#11893,#11894,#11895),
 .UNSPECIFIED.,.F.,.F.,(4,4),(1.5707963267949,1.57837980120941),
 .UNSPECIFIED.);
#319=B_SPLINE_CURVE_WITH_KNOTS('',3,(#11903,#11904,#11905,#11906),
 .UNSPECIFIED.,.F.,.F.,(4,4),(-1.57837980120941,-1.5707963267949),
 .UNSPECIFIED.);
#320=B_SPLINE_CURVE_WITH_KNOTS('',3,(#11907,#11908,#11909,#11910,#11911),
 .UNSPECIFIED.,.F.,.F.,(4,1,4),(-3.14159265358979,-2.3599862273996,-1.57837980120941),
 .UNSPECIFIED.);
#321=B_SPLINE_CURVE_WITH_KNOTS('',3,(#11926,#11927,#11928,#11929,#11930,
#11931,#11932,#11933,#11934,#11935),.UNSPECIFIED.,.F.,.F.,(4,2,2,2,4),(0.0761806380104862,
0.0961441963710175,0.115559606863952,0.134291341410774,0.152456500217578),
 .UNSPECIFIED.);
#322=B_SPLINE_CURVE_WITH_KNOTS('',3,(#11949,#11950,#11951,#11952,#11953,
#11954,#11955,#11956,#11957,#11958),.UNSPECIFIED.,.F.,.F.,(4,2,2,2,4),(0.153510621968557,
0.171594030096585,0.190380037056697,0.210016104509402,0.230332657935849),
 .UNSPECIFIED.);
#323=B_SPLINE_CURVE_WITH_KNOTS('',3,(#11962,#11963,#11964,#11965,#11966,
#11967,#11968,#11969,#11970,#11971),.UNSPECIFIED.,.F.,.F.,(4,2,2,2,4),(0.0766885860012652,
0.0970051394277128,0.116641206880417,0.135427213840529,0.153510621968557),
 .UNSPECIFIED.);
#324=B_SPLINE_CURVE_WITH_KNOTS('',3,(#11980,#11981,#11982,#11983,#11984,
#11985,#11986,#11987,#11988,#11989),.UNSPECIFIED.,.F.,.F.,(4,2,2,2,4),(0.152640318967117,
0.17107211716134,0.190117986515816,0.209290786796527,0.229011697841943),
 .UNSPECIFIED.);
#325=B_SPLINE_CURVE_WITH_KNOTS('',3,(#11997,#11998,#11999,#12000,#12001,
#12002,#12003,#12004,#12005,#12006),.UNSPECIFIED.,.F.,.F.,(4,2,2,2,4),(0.0762693920364996,
0.0962944587355792,0.115748305564251,0.134489482874951,0.152640318967117),
 .UNSPECIFIED.);
#326=B_SPLINE_CURVE_WITH_KNOTS('',3,(#12010,#12011,#12012,#12013,#12014,
#12015,#12016,#12017,#12018,#12019),.UNSPECIFIED.,.F.,.F.,(4,2,2,2,4),(0.152640318967117,
0.170791155059283,0.189532332369983,0.208986179198654,0.229011245897734),
 .UNSPECIFIED.);
#327=B_SPLINE_CURVE_WITH_KNOTS('',3,(#12027,#12028,#12029,#12030,#12031,
#12032,#12033,#12034,#12035,#12036),.UNSPECIFIED.,.F.,.F.,(4,2,2,2,4),(0.0762697749080866,
0.0962948416071662,0.115748688435838,0.134489865746538,0.152640701838704),
 .UNSPECIFIED.);
#328=B_SPLINE_CURVE_WITH_KNOTS('',3,(#12040,#12041,#12042,#12043,#12044,
#12045,#12046,#12047,#12048,#12049),.UNSPECIFIED.,.F.,.F.,(4,2,2,2,4),(0.152640318967117,
0.170791155059283,0.189532332369983,0.208986179198655,0.229011245897735),
 .UNSPECIFIED.);
#329=B_SPLINE_CURVE_WITH_KNOTS('',3,(#12108,#12109,#12110,#12111,#12112,
#12113),.UNSPECIFIED.,.F.,.F.,(4,1,1,4),(-3.14159265358979,-2.69279370307696,
-2.24399475256413,-1.41774742490703),.UNSPECIFIED.);
#330=B_SPLINE_CURVE_WITH_KNOTS('',3,(#12114,#12115,#12116,#12117,#12118,
#12119,#12120,#12121,#12122,#12123,#12124),.UNSPECIFIED.,.F.,.F.,(4,1,1,
1,1,1,1,1,4),(-1.41774742490703,-1.34639685153848,-0.448798950512823,4.44089209850063E-15,
0.448798950512832,1.34639685153849,2.24399475256414,2.69279370307697,3.1415926535898),
 .UNSPECIFIED.);
#331=B_SPLINE_CURVE_WITH_KNOTS('',3,(#12184,#12185,#12186,#12187,#12188,
#12189),.UNSPECIFIED.,.F.,.F.,(4,1,1,4),(-3.14159265358979,-2.69279370307697,
-2.24399475256414,-1.72384522869104),.UNSPECIFIED.);
#332=B_SPLINE_CURVE_WITH_KNOTS('',3,(#12190,#12191,#12192,#12193,#12194,
#12195,#12196,#12197,#12198,#12199,#12200),.UNSPECIFIED.,.F.,.F.,(4,1,1,
1,1,1,1,1,4),(-1.72384522869104,-1.34639685153848,-0.448798950512828,0.,
0.448798950512828,1.34639685153848,2.24399475256414,2.69279370307697,3.14159265358979),
 .UNSPECIFIED.);
#333=B_SPLINE_CURVE_WITH_KNOTS('',3,(#12321,#12322,#12323,#12324,#12325,
#12326,#12327,#12328,#12329,#12330,#12331,#12332,#12333,#12334,#12335,#12336,
#12337,#12338,#12339,#12340,#12341,#12342,#12343),.UNSPECIFIED.,.F.,.F.,
(4,1,1,1,1,1,2,1,1,1,1,1,1,1,2,1,1,1,4),(0.,0.0527566467246452,0.10551329344929,
0.118702455130452,0.131891616811613,0.184648263536258,0.263783233623226,
0.316539901430831,0.369296569238437,0.372593860976412,0.375891152714388,
0.39567490314224,0.422053237046042,0.474809904853648,0.527566572661254,
0.559220558587745,0.590874544514236,0.622528530440727,0.633079823944623),
 .UNSPECIFIED.);
#334=B_SPLINE_CURVE_WITH_KNOTS('',3,(#12344,#12345,#12346,#12347,#12348,
#12349,#12350,#12351,#12352),.UNSPECIFIED.,.F.,.F.,(4,1,1,1,1,1,4),(0.633079823944623,
0.654182516367218,0.7174904882202,0.749144474146691,0.780798460073182,0.812452445999673,
0.844106431926164),.UNSPECIFIED.);
#335=B_SPLINE_CURVE_WITH_KNOTS('',3,(#12353,#12354,#12355,#12356,#12357,
#12358,#12359,#12360,#12361,#12362,#12363,#12364,#12365,#12366,#12367,#12368,
#12369,#12370,#12371,#12372,#12373,#12374,#12375,#12376,#12377,#12378,#12379,
#12380),.UNSPECIFIED.,.T.,.F.,(4,1,1,1,1,1,1,1,1,2,1,1,1,1,1,1,1,2,1,1,
1,1,1,4),(-0.844106431926164,-0.812452445999673,-0.780798460073182,-0.749144474146691,
-0.7174904882202,-0.654182516367218,-0.622528530440727,-0.590874544514236,
-0.559220558587745,-0.527566572661254,-0.474809904853648,-0.422053237046042,
-0.39567490314224,-0.375891152714388,-0.372593860976412,-0.369296569238437,
-0.316539901430831,-0.263783233623226,-0.184648263536258,-0.131891616811613,
-0.118702455130452,-0.10551329344929,-0.0527566467246452,0.),
 .UNSPECIFIED.);
#336=B_SPLINE_CURVE_WITH_KNOTS('',3,(#12507,#12508,#12509,#12510,#12511,
#12512,#12513,#12514,#12515),.UNSPECIFIED.,.F.,.F.,(4,1,1,1,1,1,4),(0.,
0.0329729042029032,0.0659458084058065,0.0989187126087097,0.131891616811613,
0.181350973115968,0.211026607981541),.UNSPECIFIED.);
#337=B_SPLINE_CURVE_WITH_KNOTS('',3,(#12516,#12517,#12518,#12519,#12520,
#12521,#12522,#12523,#12524,#12525,#12526,#12527,#12528,#12529,#12530,#12531,
#12532,#12533,#12534,#12535,#12536,#12537,#12538),.UNSPECIFIED.,.F.,.F.,
(4,1,2,2,1,1,1,1,2,2,1,1,1,1,1,1,4),(0.211026607981541,0.230810329420323,
0.263783233623226,0.316539859264911,0.375891122407632,0.422053215963082,
0.435242385550354,0.461620724724896,0.527566572661254,0.580323198302938,
0.613296102505842,0.662755458810196,0.712214815114551,0.745187719317455,
0.778160623520358,0.811133527723261,0.844106431926164),.UNSPECIFIED.);
#338=B_SPLINE_CURVE_WITH_KNOTS('',3,(#12539,#12540,#12541,#12542,#12543,
#12544,#12545,#12546,#12547,#12548,#12549,#12550,#12551,#12552,#12553,#12554,
#12555,#12556,#12557,#12558,#12559,#12560,#12561,#12562,#12563,#12564,#12565,
#12566),.UNSPECIFIED.,.T.,.F.,(4,1,1,1,1,1,1,2,2,1,1,1,1,2,2,1,1,1,1,1,
1,4),(-0.844106431926164,-0.811133527723261,-0.778160623520358,-0.745187719317455,
-0.712214815114551,-0.662755458810196,-0.613296102505842,-0.580323198302938,
-0.527566572661254,-0.461620724724896,-0.435242385550354,-0.422053215963082,
-0.375891122407632,-0.316539859264911,-0.263783233623226,-0.230810329420323,
-0.181350973115968,-0.131891616811613,-0.0989187126087097,-0.0659458084058065,
-0.0329729042029032,0.),.UNSPECIFIED.);
#339=B_SPLINE_CURVE_WITH_KNOTS('',3,(#12778,#12779,#12780,#12781,#12782),
 .UNSPECIFIED.,.F.,.F.,(4,1,4),(1.57837980120941,2.3599862273996,3.14159265358979),
 .UNSPECIFIED.);
#340=B_SPLINE_CURVE_WITH_KNOTS('',3,(#12810,#12811,#12812,#12813,#12814),
 .UNSPECIFIED.,.F.,.F.,(4,1,4),(-3.14159265358979,-2.3599862273996,-1.57837980120941),
 .UNSPECIFIED.);
#341=B_SPLINE_CURVE_WITH_KNOTS('',3,(#12831,#12832,#12833,#12834),
 .UNSPECIFIED.,.F.,.F.,(4,4),(1.5707963267949,1.57837980120941),
 .UNSPECIFIED.);
#342=B_SPLINE_CURVE_WITH_KNOTS('',3,(#12865,#12866,#12867,#12868),
 .UNSPECIFIED.,.F.,.F.,(4,4),(-1.57837980120941,-1.5707963267949),
 .UNSPECIFIED.);
#343=B_SPLINE_CURVE_WITH_KNOTS('',3,(#12891,#12892,#12893,#12894,#12895),
 .UNSPECIFIED.,.F.,.F.,(4,1,4),(1.57837980120941,2.3599862273996,3.14159265358979),
 .UNSPECIFIED.);
#344=B_SPLINE_CURVE_WITH_KNOTS('',3,(#12918,#12919,#12920,#12921,#12922),
 .UNSPECIFIED.,.F.,.F.,(4,1,4),(-3.14159265358979,-2.3599862273996,-1.57837980120941),
 .UNSPECIFIED.);
#345=B_SPLINE_CURVE_WITH_KNOTS('',3,(#12939,#12940,#12941,#12942),
 .UNSPECIFIED.,.F.,.F.,(4,4),(1.5707963267949,1.57837980120941),
 .UNSPECIFIED.);
#346=B_SPLINE_CURVE_WITH_KNOTS('',3,(#12973,#12974,#12975,#12976),
 .UNSPECIFIED.,.F.,.F.,(4,4),(-1.57837980120941,-1.5707963267949),
 .UNSPECIFIED.);
#347=B_SPLINE_CURVE_WITH_KNOTS('',3,(#13000,#13001,#13002,#13003,#13004),
 .UNSPECIFIED.,.F.,.F.,(4,1,4),(1.57837980120941,2.3599862273996,3.14159265358979),
 .UNSPECIFIED.);
#348=B_SPLINE_CURVE_WITH_KNOTS('',3,(#13040,#13041,#13042,#13043),
 .UNSPECIFIED.,.F.,.F.,(4,4),(1.5707963267949,1.57837980120941),
 .UNSPECIFIED.);
#349=B_SPLINE_CURVE_WITH_KNOTS('',3,(#13093,#13094,#13095,#13096,#13097),
 .UNSPECIFIED.,.F.,.F.,(4,1,4),(-3.14159265358979,-2.3599862273996,-1.57837980120941),
 .UNSPECIFIED.);
#350=B_SPLINE_CURVE_WITH_KNOTS('',3,(#13128,#13129,#13130,#13131),
 .UNSPECIFIED.,.F.,.F.,(4,4),(-1.57837980120941,-1.5707963267949),
 .UNSPECIFIED.);
#351=B_SPLINE_CURVE_WITH_KNOTS('',3,(#13154,#13155,#13156,#13157,#13158),
 .UNSPECIFIED.,.F.,.F.,(4,1,4),(1.57837980120941,2.3599862273996,3.1415926535898),
 .UNSPECIFIED.);
#352=B_SPLINE_CURVE_WITH_KNOTS('',3,(#13181,#13182,#13183,#13184,#13185),
 .UNSPECIFIED.,.F.,.F.,(4,1,4),(-3.1415926535898,-2.35998622739961,-1.57837980120941),
 .UNSPECIFIED.);
#353=B_SPLINE_CURVE_WITH_KNOTS('',3,(#13202,#13203,#13204,#13205),
 .UNSPECIFIED.,.F.,.F.,(4,4),(1.5707963267949,1.57837980120941),
 .UNSPECIFIED.);
#354=B_SPLINE_CURVE_WITH_KNOTS('',3,(#13236,#13237,#13238,#13239),
 .UNSPECIFIED.,.F.,.F.,(4,4),(-1.57837980120941,-1.5707963267949),
 .UNSPECIFIED.);
#355=B_SPLINE_CURVE_WITH_KNOTS('',3,(#13263,#13264,#13265,#13266,#13267),
 .UNSPECIFIED.,.F.,.F.,(4,1,4),(1.57837980120941,2.3599862273996,3.1415926535898),
 .UNSPECIFIED.);
#356=B_SPLINE_CURVE_WITH_KNOTS('',3,(#13295,#13296,#13297,#13298,#13299),
 .UNSPECIFIED.,.F.,.F.,(4,1,4),(-3.14159265358979,-2.3599862273996,-1.57837980120941),
 .UNSPECIFIED.);
#357=B_SPLINE_CURVE_WITH_KNOTS('',3,(#13316,#13317,#13318,#13319),
 .UNSPECIFIED.,.F.,.F.,(4,4),(1.5707963267949,1.57837980120941),
 .UNSPECIFIED.);
#358=B_SPLINE_CURVE_WITH_KNOTS('',3,(#13340,#13341,#13342,#13343),
 .UNSPECIFIED.,.F.,.F.,(4,4),(-1.57837980120941,-1.5707963267949),
 .UNSPECIFIED.);
#359=B_SPLINE_CURVE_WITH_KNOTS('',3,(#13346,#13347,#13348,#13349,#13350,
#13351,#13352,#13353,#13354,#13355),.UNSPECIFIED.,.F.,.F.,(4,2,2,2,4),(0.076688586001265,
0.0970051394277126,0.116641206880417,0.135427213840529,0.153510621968557),
 .UNSPECIFIED.);
#360=B_SPLINE_CURVE_WITH_KNOTS('',3,(#13357,#13358,#13359,#13360,#13361,
#13362,#13363,#13364,#13365,#13366),.UNSPECIFIED.,.F.,.F.,(4,2,2,2,4),(0.153510621968557,
0.171594030096585,0.190380037056698,0.210016104509402,0.230332657935849),
 .UNSPECIFIED.);
#361=B_SPLINE_CURVE_WITH_KNOTS('',3,(#13378,#13379,#13380,#13381,#13382,
#13383,#13384,#13385,#13386,#13387),.UNSPECIFIED.,.F.,.F.,(4,2,2,2,4),(0.0766885860012651,
0.0970051394277127,0.116641206880417,0.135427213840529,0.153510621968557),
 .UNSPECIFIED.);
#362=B_SPLINE_CURVE_WITH_KNOTS('',3,(#13397,#13398,#13399,#13400,#13401,
#13402,#13403,#13404),.UNSPECIFIED.,.F.,.F.,(4,2,2,4),(0.0762392233844909,
0.0962433743650477,0.115684150398862,0.119450114585317),.UNSPECIFIED.);
#363=B_SPLINE_CURVE_WITH_KNOTS('',3,(#13409,#13410,#13411,#13412,#13413,
#13414,#13415,#13416,#13417,#13418),.UNSPECIFIED.,.F.,.F.,(4,2,2,2,4),(0.152456500217578,
0.170621659024382,0.189353393571204,0.208768804064139,0.22873236242467),
 .UNSPECIFIED.);
#364=B_SPLINE_CURVE_WITH_KNOTS('',3,(#13422,#13423,#13424,#13425,#13426,
#13427,#13428,#13429,#13430,#13431),.UNSPECIFIED.,.F.,.F.,(4,2,2,2,4),(0.0762693920365002,
0.09629445873558,0.115748305564251,0.134489482874951,0.152640318967117),
 .UNSPECIFIED.);
#365=B_SPLINE_CURVE_WITH_KNOTS('',3,(#13435,#13436,#13437,#13438,#13439,
#13440,#13441,#13442,#13443,#13444),.UNSPECIFIED.,.F.,.F.,(4,2,2,2,4),(0.152640318967117,
0.170791155059283,0.189532332369983,0.208986179198655,0.229011245897735),
 .UNSPECIFIED.);
#366=B_SPLINE_CURVE_WITH_KNOTS('',3,(#13452,#13453,#13454,#13455,#13456,
#13457,#13458,#13459,#13460,#13461),.UNSPECIFIED.,.F.,.F.,(4,2,2,2,4),(0.0762693920365001,
0.0962944587355797,0.115748305564251,0.134489482874951,0.152640318967117),
 .UNSPECIFIED.);
#367=B_SPLINE_CURVE_WITH_KNOTS('',3,(#13465,#13466,#13467,#13468,#13469,
#13470,#13471,#13472,#13473,#13474),.UNSPECIFIED.,.F.,.F.,(4,2,2,2,4),(0.152640318967117,
0.17107211716134,0.190117986515816,0.209290786796527,0.229011697841944),
 .UNSPECIFIED.);
#368=B_SPLINE_CURVE_WITH_KNOTS('',3,(#13481,#13482,#13483,#13484,#13485,
#13486,#13487,#13488,#13489,#13490),.UNSPECIFIED.,.F.,.F.,(4,2,2,2,4),(0.0762693920365002,
0.0962944587355798,0.115748305564251,0.134489482874951,0.152640318967117),
 .UNSPECIFIED.);
#369=B_SPLINE_CURVE_WITH_KNOTS('',3,(#13495,#13496,#13497,#13498,#13499,
#13500,#13501,#13502,#13503,#13504),.UNSPECIFIED.,.F.,.F.,(4,2,2,2,4),(0.153510621968557,
0.171594030096585,0.190380037056698,0.210016104509402,0.230332657935849),
 .UNSPECIFIED.);
#370=B_SPLINE_CURVE_WITH_KNOTS('',3,(#13543,#13544,#13545,#13546,#13547,
#13548),.UNSPECIFIED.,.F.,.F.,(4,2,4),(0.228479239521941,0.255613180347026,
0.288874901776459),.UNSPECIFIED.);
#371=B_SPLINE_CURVE_WITH_KNOTS('',3,(#13559,#13560,#13561,#13562,#13563,
#13564,#13565,#13566,#13567,#13568),.UNSPECIFIED.,.F.,.F.,(4,2,2,2,4),(0.093992753928368,
0.126505829210363,0.153332137333355,0.173807513752706,0.189743490745001),
 .UNSPECIFIED.);
#372=B_SPLINE_CURVE_WITH_KNOTS('',3,(#13572,#13573,#13574,#13575,#13576,
#13577,#13578,#13579),.UNSPECIFIED.,.F.,.F.,(4,2,2,4),(0.399598612535231,
0.422047962641747,0.442979669127535,0.4603341997729),.UNSPECIFIED.);
#373=B_SPLINE_CURVE_WITH_KNOTS('',3,(#13581,#13582,#13583,#13584,#13585,
#13586,#13587,#13588),.UNSPECIFIED.,.F.,.F.,(4,2,2,4),(0.,0.0322636080189913,
0.0785193322017819,0.0854716957851663),.UNSPECIFIED.);
#374=B_SPLINE_CURVE_WITH_KNOTS('',3,(#13605,#13606,#13607,#13608,#13609,
#13610,#13611,#13612,#13613,#13614),.UNSPECIFIED.,.F.,.F.,(4,2,2,2,4),(1.19833487920006,
1.2223263334219,1.27861829873829,1.33491026405468,1.35925701888397),
 .UNSPECIFIED.);
#375=B_SPLINE_CURVE_WITH_KNOTS('',3,(#13639,#13640,#13641,#13642,#13643,
#13644,#13645,#13646,#13647,#13648),.UNSPECIFIED.,.F.,.F.,(4,2,2,2,4),(0.153510621968557,
0.171594030096585,0.190380037056697,0.210016104509402,0.230332657935849),
 .UNSPECIFIED.);
#376=B_SPLINE_CURVE_WITH_KNOTS('',3,(#13651,#13652,#13653,#13654,#13655,
#13656,#13657,#13658,#13659,#13660),.UNSPECIFIED.,.F.,.F.,(4,2,2,2,4),(0.076688586001265,
0.0970051394277126,0.116641206880417,0.135427213840529,0.153510621968557),
 .UNSPECIFIED.);
#377=B_SPLINE_CURVE_WITH_KNOTS('',3,(#13670,#13671,#13672,#13673,#13674,
#13675,#13676,#13677,#13678,#13679),.UNSPECIFIED.,.F.,.F.,(4,2,2,2,4),(0.189743490745001,
0.205679467737296,0.226154844156647,0.252981152279638,0.285494227561634),
 .UNSPECIFIED.);
#378=B_SPLINE_CURVE_WITH_KNOTS('',3,(#13683,#13684,#13685,#13686,#13687,
#13688,#13689,#13690),.UNSPECIFIED.,.F.,.F.,(4,2,2,4),(0.290882288429287,
0.301603127246193,0.338481123921549,0.376807116214802),.UNSPECIFIED.);
#379=B_SPLINE_CURVE_WITH_KNOTS('',3,(#13692,#13693,#13694,#13695,#13696,
#13697,#13698,#13699),.UNSPECIFIED.,.F.,.F.,(4,2,2,4),(0.179264896110879,
0.196619426756244,0.217551133242032,0.240000483348549),.UNSPECIFIED.);
#380=B_SPLINE_CURVE_WITH_KNOTS('',3,(#13718,#13719,#13720,#13721,#13722,
#13723,#13724,#13725,#13726,#13727),.UNSPECIFIED.,.F.,.F.,(4,2,2,2,4),(0.152456500217578,
0.170621659024382,0.189353393571204,0.208768804064139,0.22873236242467),
 .UNSPECIFIED.);
#381=B_SPLINE_CURVE_WITH_KNOTS('',3,(#13739,#13740,#13741,#13742,#13743,
#13744,#13745,#13746,#13747,#13748),.UNSPECIFIED.,.F.,.F.,(4,2,2,2,4),(0.0761806380104861,
0.0961441963710173,0.115559606863952,0.134291341410774,0.152456500217578),
 .UNSPECIFIED.);
#382=B_SPLINE_CURVE_WITH_KNOTS('',2,(#13766,#13767,#13768,#13769),
 .UNSPECIFIED.,.F.,.F.,(3,1,3),(0.,1.,2.),.UNSPECIFIED.);
#383=B_SPLINE_CURVE_WITH_KNOTS('',2,(#13771,#13772,#13773,#13774),
 .UNSPECIFIED.,.F.,.F.,(3,1,3),(0.,1.,2.),.UNSPECIFIED.);
#384=B_SPLINE_CURVE_WITH_KNOTS('',2,(#13776,#13777,#13778,#13779),
 .UNSPECIFIED.,.F.,.F.,(3,1,3),(0.,1.,2.),.UNSPECIFIED.);
#385=B_SPLINE_CURVE_WITH_KNOTS('',2,(#13781,#13782,#13783,#13784),
 .UNSPECIFIED.,.F.,.F.,(3,1,3),(0.,1.,2.),.UNSPECIFIED.);
#386=B_SPLINE_CURVE_WITH_KNOTS('',2,(#13786,#13787,#13788,#13789),
 .UNSPECIFIED.,.F.,.F.,(3,1,3),(0.,1.,2.),.UNSPECIFIED.);
#387=B_SPLINE_CURVE_WITH_KNOTS('',2,(#13795,#13796,#13797,#13798),
 .UNSPECIFIED.,.F.,.F.,(3,1,3),(0.,1.,2.),.UNSPECIFIED.);
#388=B_SPLINE_CURVE_WITH_KNOTS('',2,(#13800,#13801,#13802,#13803),
 .UNSPECIFIED.,.F.,.F.,(3,1,3),(0.,1.,2.),.UNSPECIFIED.);
#389=B_SPLINE_CURVE_WITH_KNOTS('',2,(#13805,#13806,#13807,#13808),
 .UNSPECIFIED.,.F.,.F.,(3,1,3),(0.,1.,2.),.UNSPECIFIED.);
#390=B_SPLINE_CURVE_WITH_KNOTS('',2,(#13810,#13811,#13812,#13813),
 .UNSPECIFIED.,.F.,.F.,(3,1,3),(0.,1.,2.),.UNSPECIFIED.);
#391=B_SPLINE_CURVE_WITH_KNOTS('',2,(#13819,#13820,#13821,#13822),
 .UNSPECIFIED.,.F.,.F.,(3,1,3),(0.,1.,2.),.UNSPECIFIED.);
#392=B_SPLINE_CURVE_WITH_KNOTS('',2,(#13830,#13831,#13832,#13833),
 .UNSPECIFIED.,.F.,.F.,(3,1,3),(0.,1.,2.),.UNSPECIFIED.);
#393=B_SPLINE_CURVE_WITH_KNOTS('',2,(#13835,#13836,#13837,#13838),
 .UNSPECIFIED.,.F.,.F.,(3,1,3),(0.,1.,2.),.UNSPECIFIED.);
#394=B_SPLINE_CURVE_WITH_KNOTS('',2,(#13845,#13846,#13847,#13848),
 .UNSPECIFIED.,.F.,.F.,(3,1,3),(0.,1.,2.),.UNSPECIFIED.);
#395=B_SPLINE_CURVE_WITH_KNOTS('',2,(#13851,#13852,#13853,#13854),
 .UNSPECIFIED.,.F.,.F.,(3,1,3),(0.,1.,2.),.UNSPECIFIED.);
#396=B_SPLINE_CURVE_WITH_KNOTS('',2,(#13856,#13857,#13858,#13859),
 .UNSPECIFIED.,.F.,.F.,(3,1,3),(0.,1.,2.),.UNSPECIFIED.);
#397=B_SPLINE_CURVE_WITH_KNOTS('',2,(#13861,#13862,#13863,#13864),
 .UNSPECIFIED.,.F.,.F.,(3,1,3),(0.,1.,2.),.UNSPECIFIED.);
#398=B_SPLINE_CURVE_WITH_KNOTS('',2,(#13865,#13866,#13867,#13868),
 .UNSPECIFIED.,.F.,.F.,(3,1,3),(0.,1.,2.),.UNSPECIFIED.);
#399=B_SPLINE_CURVE_WITH_KNOTS('',2,(#13871,#13872,#13873,#13874),
 .UNSPECIFIED.,.F.,.F.,(3,1,3),(0.,1.,2.),.UNSPECIFIED.);
#400=B_SPLINE_CURVE_WITH_KNOTS('',2,(#13876,#13877,#13878,#13879),
 .UNSPECIFIED.,.F.,.F.,(3,1,3),(0.,1.,2.),.UNSPECIFIED.);
#401=B_SPLINE_CURVE_WITH_KNOTS('',2,(#13891,#13892,#13893,#13894),
 .UNSPECIFIED.,.F.,.F.,(3,1,3),(0.,1.,2.),.UNSPECIFIED.);
#402=B_SPLINE_CURVE_WITH_KNOTS('',2,(#13895,#13896,#13897,#13898),
 .UNSPECIFIED.,.F.,.F.,(3,1,3),(0.,1.,2.),.UNSPECIFIED.);
#403=B_SPLINE_CURVE_WITH_KNOTS('',2,(#13901,#13902,#13903,#13904),
 .UNSPECIFIED.,.F.,.F.,(3,1,3),(0.,1.,2.),.UNSPECIFIED.);
#404=B_SPLINE_CURVE_WITH_KNOTS('',2,(#13906,#13907,#13908,#13909),
 .UNSPECIFIED.,.F.,.F.,(3,1,3),(0.,1.,2.),.UNSPECIFIED.);
#405=B_SPLINE_CURVE_WITH_KNOTS('',2,(#13911,#13912,#13913,#13914),
 .UNSPECIFIED.,.F.,.F.,(3,1,3),(0.,1.,2.),.UNSPECIFIED.);
#406=B_SPLINE_CURVE_WITH_KNOTS('',2,(#13920,#13921,#13922,#13923),
 .UNSPECIFIED.,.F.,.F.,(3,1,3),(0.,1.,2.),.UNSPECIFIED.);
#407=B_SPLINE_CURVE_WITH_KNOTS('',2,(#13925,#13926,#13927,#13928),
 .UNSPECIFIED.,.F.,.F.,(3,1,3),(0.,1.,2.),.UNSPECIFIED.);
#408=B_SPLINE_CURVE_WITH_KNOTS('',2,(#13930,#13931,#13932,#13933),
 .UNSPECIFIED.,.F.,.F.,(3,1,3),(0.,1.,2.),.UNSPECIFIED.);
#409=B_SPLINE_CURVE_WITH_KNOTS('',2,(#13935,#13936,#13937,#13938),
 .UNSPECIFIED.,.F.,.F.,(3,1,3),(0.,1.,2.),.UNSPECIFIED.);
#410=B_SPLINE_CURVE_WITH_KNOTS('',2,(#13944,#13945,#13946,#13947),
 .UNSPECIFIED.,.F.,.F.,(3,1,3),(0.,1.,2.),.UNSPECIFIED.);
#411=B_SPLINE_CURVE_WITH_KNOTS('',2,(#13948,#13949,#13950,#13951),
 .UNSPECIFIED.,.F.,.F.,(3,1,3),(0.,1.,2.),.UNSPECIFIED.);
#412=B_SPLINE_CURVE_WITH_KNOTS('',2,(#13958,#13959,#13960,#13961),
 .UNSPECIFIED.,.F.,.F.,(3,1,3),(0.,1.,2.),.UNSPECIFIED.);
#413=B_SPLINE_CURVE_WITH_KNOTS('',2,(#13963,#13964,#13965,#13966),
 .UNSPECIFIED.,.F.,.F.,(3,1,3),(0.,1.,2.),.UNSPECIFIED.);
#414=B_SPLINE_CURVE_WITH_KNOTS('',2,(#13968,#13969,#13970,#13971),
 .UNSPECIFIED.,.F.,.F.,(3,1,3),(0.,1.,2.),.UNSPECIFIED.);
#415=B_SPLINE_CURVE_WITH_KNOTS('',2,(#13983,#13984,#13985,#13986),
 .UNSPECIFIED.,.F.,.F.,(3,1,3),(0.,1.,2.),.UNSPECIFIED.);
#416=B_SPLINE_CURVE_WITH_KNOTS('',2,(#13988,#13989,#13990,#13991),
 .UNSPECIFIED.,.F.,.F.,(3,1,3),(0.,1.,2.),.UNSPECIFIED.);
#417=B_SPLINE_CURVE_WITH_KNOTS('',2,(#13995,#13996,#13997,#13998),
 .UNSPECIFIED.,.F.,.F.,(3,1,3),(0.,1.,2.),.UNSPECIFIED.);
#418=B_SPLINE_CURVE_WITH_KNOTS('',2,(#14000,#14001,#14002,#14003),
 .UNSPECIFIED.,.F.,.F.,(3,1,3),(0.,1.,2.),.UNSPECIFIED.);
#419=B_SPLINE_CURVE_WITH_KNOTS('',2,(#14005,#14006,#14007,#14008),
 .UNSPECIFIED.,.F.,.F.,(3,1,3),(0.,1.,2.),.UNSPECIFIED.);
#420=B_SPLINE_CURVE_WITH_KNOTS('',2,(#14010,#14011,#14012,#14013),
 .UNSPECIFIED.,.F.,.F.,(3,1,3),(0.,1.,2.),.UNSPECIFIED.);
#421=B_SPLINE_CURVE_WITH_KNOTS('',2,(#14019,#14020,#14021,#14022),
 .UNSPECIFIED.,.F.,.F.,(3,1,3),(0.,1.,2.),.UNSPECIFIED.);
#422=B_SPLINE_CURVE_WITH_KNOTS('',2,(#14024,#14025,#14026,#14027),
 .UNSPECIFIED.,.F.,.F.,(3,1,3),(0.,1.,2.),.UNSPECIFIED.);
#423=B_SPLINE_CURVE_WITH_KNOTS('',2,(#14029,#14030,#14031,#14032),
 .UNSPECIFIED.,.F.,.F.,(3,1,3),(0.,1.,2.),.UNSPECIFIED.);
#424=B_SPLINE_CURVE_WITH_KNOTS('',2,(#14034,#14035,#14036,#14037),
 .UNSPECIFIED.,.F.,.F.,(3,1,3),(0.,1.,2.),.UNSPECIFIED.);
#425=B_SPLINE_CURVE_WITH_KNOTS('',2,(#14039,#14040,#14041,#14042),
 .UNSPECIFIED.,.F.,.F.,(3,1,3),(0.,1.,2.),.UNSPECIFIED.);
#426=B_SPLINE_CURVE_WITH_KNOTS('',2,(#14044,#14045,#14046,#14047),
 .UNSPECIFIED.,.F.,.F.,(3,1,3),(0.,1.,2.),.UNSPECIFIED.);
#427=B_SPLINE_CURVE_WITH_KNOTS('',2,(#14049,#14050,#14051,#14052),
 .UNSPECIFIED.,.F.,.F.,(3,1,3),(0.,1.,2.),.UNSPECIFIED.);
#428=B_SPLINE_CURVE_WITH_KNOTS('',2,(#14054,#14055,#14056,#14057),
 .UNSPECIFIED.,.F.,.F.,(3,1,3),(0.,1.,2.),.UNSPECIFIED.);
#429=B_SPLINE_CURVE_WITH_KNOTS('',2,(#14063,#14064,#14065,#14066),
 .UNSPECIFIED.,.F.,.F.,(3,1,3),(0.,1.,2.),.UNSPECIFIED.);
#430=B_SPLINE_CURVE_WITH_KNOTS('',2,(#14067,#14068,#14069,#14070),
 .UNSPECIFIED.,.F.,.F.,(3,1,3),(0.,1.,2.),.UNSPECIFIED.);
#431=B_SPLINE_CURVE_WITH_KNOTS('',2,(#14086,#14087,#14088,#14089),
 .UNSPECIFIED.,.F.,.F.,(3,1,3),(0.,1.,2.),.UNSPECIFIED.);
#432=B_SPLINE_CURVE_WITH_KNOTS('',2,(#14091,#14092,#14093,#14094),
 .UNSPECIFIED.,.F.,.F.,(3,1,3),(0.,1.,2.),.UNSPECIFIED.);
#433=B_SPLINE_CURVE_WITH_KNOTS('',2,(#14096,#14097,#14098,#14099),
 .UNSPECIFIED.,.F.,.F.,(3,1,3),(0.,1.,2.),.UNSPECIFIED.);
#434=B_SPLINE_CURVE_WITH_KNOTS('',2,(#14107,#14108,#14109,#14110),
 .UNSPECIFIED.,.F.,.F.,(3,1,3),(0.,1.,2.),.UNSPECIFIED.);
#435=B_SPLINE_CURVE_WITH_KNOTS('',2,(#14112,#14113,#14114,#14115),
 .UNSPECIFIED.,.F.,.F.,(3,1,3),(0.,1.,2.),.UNSPECIFIED.);
#436=B_SPLINE_CURVE_WITH_KNOTS('',2,(#14117,#14118,#14119,#14120),
 .UNSPECIFIED.,.F.,.F.,(3,1,3),(0.,1.,2.),.UNSPECIFIED.);
#437=B_SPLINE_CURVE_WITH_KNOTS('',2,(#14132,#14133,#14134,#14135),
 .UNSPECIFIED.,.F.,.F.,(3,1,3),(0.,1.,2.),.UNSPECIFIED.);
#438=B_SPLINE_CURVE_WITH_KNOTS('',2,(#14137,#14138,#14139,#14140),
 .UNSPECIFIED.,.F.,.F.,(3,1,3),(0.,1.,2.),.UNSPECIFIED.);
#439=B_SPLINE_CURVE_WITH_KNOTS('',2,(#14142,#14143,#14144,#14145),
 .UNSPECIFIED.,.F.,.F.,(3,1,3),(0.,1.,2.),.UNSPECIFIED.);
#440=B_SPLINE_CURVE_WITH_KNOTS('',2,(#14147,#14148,#14149,#14150),
 .UNSPECIFIED.,.F.,.F.,(3,1,3),(0.,1.,2.),.UNSPECIFIED.);
#441=B_SPLINE_CURVE_WITH_KNOTS('',2,(#14152,#14153,#14154,#14155),
 .UNSPECIFIED.,.F.,.F.,(3,1,3),(0.,1.,2.),.UNSPECIFIED.);
#442=B_SPLINE_CURVE_WITH_KNOTS('',2,(#14161,#14162,#14163,#14164),
 .UNSPECIFIED.,.F.,.F.,(3,1,3),(0.,1.,2.),.UNSPECIFIED.);
#443=B_SPLINE_CURVE_WITH_KNOTS('',2,(#14166,#14167,#14168,#14169),
 .UNSPECIFIED.,.F.,.F.,(3,1,3),(0.,1.,2.),.UNSPECIFIED.);
#444=B_SPLINE_CURVE_WITH_KNOTS('',2,(#14171,#14172,#14173,#14174),
 .UNSPECIFIED.,.F.,.F.,(3,1,3),(0.,1.,2.),.UNSPECIFIED.);
#445=B_SPLINE_CURVE_WITH_KNOTS('',2,(#14176,#14177,#14178,#14179),
 .UNSPECIFIED.,.F.,.F.,(3,1,3),(0.,1.,2.),.UNSPECIFIED.);
#446=B_SPLINE_CURVE_WITH_KNOTS('',2,(#14181,#14182,#14183,#14184),
 .UNSPECIFIED.,.F.,.F.,(3,1,3),(0.,1.,2.),.UNSPECIFIED.);
#447=B_SPLINE_CURVE_WITH_KNOTS('',2,(#14186,#14187,#14188,#14189),
 .UNSPECIFIED.,.F.,.F.,(3,1,3),(0.,1.,2.),.UNSPECIFIED.);
#448=B_SPLINE_CURVE_WITH_KNOTS('',2,(#14191,#14192,#14193,#14194),
 .UNSPECIFIED.,.F.,.F.,(3,1,3),(0.,1.,2.),.UNSPECIFIED.);
#449=B_SPLINE_CURVE_WITH_KNOTS('',2,(#14195,#14196,#14197,#14198),
 .UNSPECIFIED.,.F.,.F.,(3,1,3),(0.,1.,2.),.UNSPECIFIED.);
#450=B_SPLINE_CURVE_WITH_KNOTS('',2,(#14201,#14202,#14203,#14204),
 .UNSPECIFIED.,.F.,.F.,(3,1,3),(0.,1.,2.),.UNSPECIFIED.);
#451=B_SPLINE_CURVE_WITH_KNOTS('',2,(#14206,#14207,#14208,#14209),
 .UNSPECIFIED.,.F.,.F.,(3,1,3),(0.,1.,2.),.UNSPECIFIED.);
#452=B_SPLINE_CURVE_WITH_KNOTS('',2,(#14211,#14212,#14213,#14214),
 .UNSPECIFIED.,.F.,.F.,(3,1,3),(0.,1.,2.),.UNSPECIFIED.);
#453=B_SPLINE_CURVE_WITH_KNOTS('',2,(#14216,#14217,#14218,#14219),
 .UNSPECIFIED.,.F.,.F.,(3,1,3),(0.,1.,2.),.UNSPECIFIED.);
#454=B_SPLINE_CURVE_WITH_KNOTS('',2,(#14221,#14222,#14223,#14224),
 .UNSPECIFIED.,.F.,.F.,(3,1,3),(0.,1.,2.),.UNSPECIFIED.);
#455=B_SPLINE_CURVE_WITH_KNOTS('',2,(#14226,#14227,#14228,#14229),
 .UNSPECIFIED.,.F.,.F.,(3,1,3),(0.,1.,2.),.UNSPECIFIED.);
#456=B_SPLINE_CURVE_WITH_KNOTS('',2,(#14231,#14232,#14233,#14234),
 .UNSPECIFIED.,.F.,.F.,(3,1,3),(0.,1.,2.),.UNSPECIFIED.);
#457=B_SPLINE_CURVE_WITH_KNOTS('',2,(#14235,#14236,#14237,#14238),
 .UNSPECIFIED.,.F.,.F.,(3,1,3),(0.,1.,2.),.UNSPECIFIED.);
#458=B_SPLINE_CURVE_WITH_KNOTS('',2,(#14241,#14242,#14243,#14244),
 .UNSPECIFIED.,.F.,.F.,(3,1,3),(0.,1.,2.),.UNSPECIFIED.);
#459=B_SPLINE_CURVE_WITH_KNOTS('',2,(#14246,#14247,#14248,#14249),
 .UNSPECIFIED.,.F.,.F.,(3,1,3),(0.,1.,2.),.UNSPECIFIED.);
#460=B_SPLINE_CURVE_WITH_KNOTS('',2,(#14251,#14252,#14253,#14254),
 .UNSPECIFIED.,.F.,.F.,(3,1,3),(0.,1.,2.),.UNSPECIFIED.);
#461=B_SPLINE_CURVE_WITH_KNOTS('',2,(#14256,#14257,#14258,#14259),
 .UNSPECIFIED.,.F.,.F.,(3,1,3),(0.,1.,2.),.UNSPECIFIED.);
#462=B_SPLINE_CURVE_WITH_KNOTS('',2,(#14265,#14266,#14267,#14268),
 .UNSPECIFIED.,.F.,.F.,(3,1,3),(0.,1.,2.),.UNSPECIFIED.);
#463=B_SPLINE_CURVE_WITH_KNOTS('',2,(#14270,#14271,#14272,#14273),
 .UNSPECIFIED.,.F.,.F.,(3,1,3),(0.,1.,2.),.UNSPECIFIED.);
#464=B_SPLINE_CURVE_WITH_KNOTS('',2,(#14275,#14276,#14277,#14278),
 .UNSPECIFIED.,.F.,.F.,(3,1,3),(0.,1.,2.),.UNSPECIFIED.);
#465=B_SPLINE_CURVE_WITH_KNOTS('',2,(#14280,#14281,#14282,#14283),
 .UNSPECIFIED.,.F.,.F.,(3,1,3),(0.,1.,2.),.UNSPECIFIED.);
#466=B_SPLINE_CURVE_WITH_KNOTS('',2,(#14285,#14286,#14287,#14288),
 .UNSPECIFIED.,.F.,.F.,(3,1,3),(0.,1.,2.),.UNSPECIFIED.);
#467=B_SPLINE_CURVE_WITH_KNOTS('',2,(#14290,#14291,#14292,#14293),
 .UNSPECIFIED.,.F.,.F.,(3,1,3),(0.,1.,2.),.UNSPECIFIED.);
#468=B_SPLINE_CURVE_WITH_KNOTS('',2,(#14295,#14296,#14297,#14298),
 .UNSPECIFIED.,.F.,.F.,(3,1,3),(0.,1.,2.),.UNSPECIFIED.);
#469=B_SPLINE_CURVE_WITH_KNOTS('',2,(#14300,#14301,#14302,#14303),
 .UNSPECIFIED.,.F.,.F.,(3,1,3),(0.,1.,2.),.UNSPECIFIED.);
#470=B_SPLINE_CURVE_WITH_KNOTS('',2,(#14309,#14310,#14311,#14312),
 .UNSPECIFIED.,.F.,.F.,(3,1,3),(0.,1.,2.),.UNSPECIFIED.);
#471=B_SPLINE_CURVE_WITH_KNOTS('',2,(#14313,#14314,#14315,#14316),
 .UNSPECIFIED.,.F.,.F.,(3,1,3),(0.,1.,2.),.UNSPECIFIED.);
#472=B_SPLINE_CURVE_WITH_KNOTS('',2,(#14319,#14320,#14321,#14322),
 .UNSPECIFIED.,.F.,.F.,(3,1,3),(0.,1.,2.),.UNSPECIFIED.);
#473=B_SPLINE_CURVE_WITH_KNOTS('',2,(#14324,#14325,#14326,#14327),
 .UNSPECIFIED.,.F.,.F.,(3,1,3),(0.,1.,2.),.UNSPECIFIED.);
#474=B_SPLINE_CURVE_WITH_KNOTS('',2,(#14329,#14330,#14331,#14332),
 .UNSPECIFIED.,.F.,.F.,(3,1,3),(0.,1.,2.),.UNSPECIFIED.);
#475=B_SPLINE_CURVE_WITH_KNOTS('',2,(#14334,#14335,#14336,#14337),
 .UNSPECIFIED.,.F.,.F.,(3,1,3),(0.,1.,2.),.UNSPECIFIED.);
#476=B_SPLINE_CURVE_WITH_KNOTS('',2,(#14343,#14344,#14345,#14346),
 .UNSPECIFIED.,.F.,.F.,(3,1,3),(0.,1.,2.),.UNSPECIFIED.);
#477=B_SPLINE_CURVE_WITH_KNOTS('',2,(#14348,#14349,#14350,#14351),
 .UNSPECIFIED.,.F.,.F.,(3,1,3),(0.,1.,2.),.UNSPECIFIED.);
#478=B_SPLINE_CURVE_WITH_KNOTS('',2,(#14353,#14354,#14355,#14356),
 .UNSPECIFIED.,.F.,.F.,(3,1,3),(0.,1.,2.),.UNSPECIFIED.);
#479=B_SPLINE_CURVE_WITH_KNOTS('',2,(#14358,#14359,#14360,#14361),
 .UNSPECIFIED.,.F.,.F.,(3,1,3),(0.,1.,2.),.UNSPECIFIED.);
#480=B_SPLINE_CURVE_WITH_KNOTS('',2,(#14363,#14364,#14365,#14366),
 .UNSPECIFIED.,.F.,.F.,(3,1,3),(0.,1.,2.),.UNSPECIFIED.);
#481=B_SPLINE_CURVE_WITH_KNOTS('',2,(#14368,#14369,#14370,#14371),
 .UNSPECIFIED.,.F.,.F.,(3,1,3),(0.,1.,2.),.UNSPECIFIED.);
#482=B_SPLINE_CURVE_WITH_KNOTS('',2,(#14373,#14374,#14375,#14376),
 .UNSPECIFIED.,.F.,.F.,(3,1,3),(0.,1.,2.),.UNSPECIFIED.);
#483=B_SPLINE_CURVE_WITH_KNOTS('',2,(#14378,#14379,#14380,#14381),
 .UNSPECIFIED.,.F.,.F.,(3,1,3),(0.,1.,2.),.UNSPECIFIED.);
#484=B_SPLINE_CURVE_WITH_KNOTS('',2,(#14387,#14388,#14389,#14390),
 .UNSPECIFIED.,.F.,.F.,(3,1,3),(0.,1.,2.),.UNSPECIFIED.);
#485=B_SPLINE_CURVE_WITH_KNOTS('',2,(#14391,#14392,#14393,#14394),
 .UNSPECIFIED.,.F.,.F.,(3,1,3),(0.,1.,2.),.UNSPECIFIED.);
#486=B_SPLINE_CURVE_WITH_KNOTS('',2,(#14437,#14438,#14439,#14440),
 .UNSPECIFIED.,.F.,.F.,(3,1,3),(0.,1.,2.),.UNSPECIFIED.);
#487=B_SPLINE_CURVE_WITH_KNOTS('',2,(#14442,#14443,#14444,#14445),
 .UNSPECIFIED.,.F.,.F.,(3,1,3),(0.,1.,2.),.UNSPECIFIED.);
#488=B_SPLINE_CURVE_WITH_KNOTS('',2,(#14457,#14458,#14459,#14460),
 .UNSPECIFIED.,.F.,.F.,(3,1,3),(0.,1.,2.),.UNSPECIFIED.);
#489=B_SPLINE_CURVE_WITH_KNOTS('',2,(#14462,#14463,#14464,#14465),
 .UNSPECIFIED.,.F.,.F.,(3,1,3),(0.,1.,2.),.UNSPECIFIED.);
#490=B_SPLINE_CURVE_WITH_KNOTS('',2,(#14467,#14468,#14469,#14470),
 .UNSPECIFIED.,.F.,.F.,(3,1,3),(0.,1.,2.),.UNSPECIFIED.);
#491=B_SPLINE_CURVE_WITH_KNOTS('',2,(#14478,#14479,#14480,#14481),
 .UNSPECIFIED.,.F.,.F.,(3,1,3),(0.,1.,2.),.UNSPECIFIED.);
#492=B_SPLINE_CURVE_WITH_KNOTS('',2,(#14483,#14484,#14485,#14486),
 .UNSPECIFIED.,.F.,.F.,(3,1,3),(0.,1.,2.),.UNSPECIFIED.);
#493=B_SPLINE_CURVE_WITH_KNOTS('',2,(#14488,#14489,#14490,#14491),
 .UNSPECIFIED.,.F.,.F.,(3,1,3),(0.,1.,2.),.UNSPECIFIED.);
#494=B_SPLINE_CURVE_WITH_KNOTS('',2,(#14503,#14504,#14505,#14506),
 .UNSPECIFIED.,.F.,.F.,(3,1,3),(0.,1.,2.),.UNSPECIFIED.);
#495=B_SPLINE_CURVE_WITH_KNOTS('',2,(#14508,#14509,#14510,#14511),
 .UNSPECIFIED.,.F.,.F.,(3,1,3),(0.,1.,2.),.UNSPECIFIED.);
#496=B_SPLINE_CURVE_WITH_KNOTS('',2,(#14513,#14514,#14515,#14516),
 .UNSPECIFIED.,.F.,.F.,(3,1,3),(0.,1.,2.),.UNSPECIFIED.);
#497=B_SPLINE_CURVE_WITH_KNOTS('',2,(#14518,#14519,#14520,#14521),
 .UNSPECIFIED.,.F.,.F.,(3,1,3),(0.,1.,2.),.UNSPECIFIED.);
#498=B_SPLINE_CURVE_WITH_KNOTS('',2,(#14523,#14524,#14525,#14526),
 .UNSPECIFIED.,.F.,.F.,(3,1,3),(0.,1.,2.),.UNSPECIFIED.);
#499=B_SPLINE_CURVE_WITH_KNOTS('',3,(#14534,#14535,#14536,#14537,#14538,
#14539,#14540,#14541,#14542,#14543),.UNSPECIFIED.,.F.,.F.,(4,2,2,2,4),(0.,
0.0181717471506721,0.0368828308075379,0.0562804254920808,0.0762924733965291),
 .UNSPECIFIED.);
#500=B_SPLINE_CURVE_WITH_KNOTS('',3,(#14550,#14551,#14552,#14553,#14554,
#14555,#14556,#14557,#14558,#14559),.UNSPECIFIED.,.F.,.F.,(4,2,2,2,4),(0.229083824040824,
0.249095871945273,0.268493466629816,0.287204550286681,0.305376297437354),
 .UNSPECIFIED.);
#501=B_SPLINE_CURVE_WITH_KNOTS('',2,(#14571,#14572,#14573,#14574),
 .UNSPECIFIED.,.F.,.F.,(3,1,3),(0.,1.,2.),.UNSPECIFIED.);
#502=B_SPLINE_CURVE_WITH_KNOTS('',2,(#14576,#14577,#14578,#14579),
 .UNSPECIFIED.,.F.,.F.,(3,1,3),(0.,1.,2.),.UNSPECIFIED.);
#503=B_SPLINE_CURVE_WITH_KNOTS('',2,(#14581,#14582,#14583,#14584),
 .UNSPECIFIED.,.F.,.F.,(3,1,3),(0.,1.,2.),.UNSPECIFIED.);
#504=B_SPLINE_CURVE_WITH_KNOTS('',2,(#14586,#14587,#14588,#14589),
 .UNSPECIFIED.,.F.,.F.,(3,1,3),(0.,1.,2.),.UNSPECIFIED.);
#505=B_SPLINE_CURVE_WITH_KNOTS('',2,(#14591,#14592,#14593,#14594),
 .UNSPECIFIED.,.F.,.F.,(3,1,3),(0.,1.,2.),.UNSPECIFIED.);
#506=B_SPLINE_CURVE_WITH_KNOTS('',2,(#14606,#14607,#14608,#14609),
 .UNSPECIFIED.,.F.,.F.,(3,1,3),(0.,1.,2.),.UNSPECIFIED.);
#507=B_SPLINE_CURVE_WITH_KNOTS('',2,(#14611,#14612,#14613,#14614),
 .UNSPECIFIED.,.F.,.F.,(3,1,3),(0.,1.,2.),.UNSPECIFIED.);
#508=B_SPLINE_CURVE_WITH_KNOTS('',2,(#14616,#14617,#14618,#14619),
 .UNSPECIFIED.,.F.,.F.,(3,1,3),(0.,1.,2.),.UNSPECIFIED.);
#509=B_SPLINE_CURVE_WITH_KNOTS('',2,(#14627,#14628,#14629,#14630),
 .UNSPECIFIED.,.F.,.F.,(3,1,3),(0.,1.,2.),.UNSPECIFIED.);
#510=B_SPLINE_CURVE_WITH_KNOTS('',2,(#14632,#14633,#14634,#14635),
 .UNSPECIFIED.,.F.,.F.,(3,1,3),(0.,1.,2.),.UNSPECIFIED.);
#511=B_SPLINE_CURVE_WITH_KNOTS('',2,(#14636,#14637,#14638,#14639),
 .UNSPECIFIED.,.F.,.F.,(3,1,3),(0.,1.,2.),.UNSPECIFIED.);
#512=B_SPLINE_CURVE_WITH_KNOTS('',2,(#14771,#14772,#14773,#14774),
 .UNSPECIFIED.,.F.,.F.,(3,1,3),(0.,1.,2.),.UNSPECIFIED.);
#513=B_SPLINE_CURVE_WITH_KNOTS('',2,(#14778,#14779,#14780,#14781),
 .UNSPECIFIED.,.F.,.F.,(3,1,3),(0.,1.,2.),.UNSPECIFIED.);
#514=B_SPLINE_CURVE_WITH_KNOTS('',2,(#14792,#14793,#14794,#14795),
 .UNSPECIFIED.,.F.,.F.,(3,1,3),(0.,1.,2.),.UNSPECIFIED.);
#515=B_SPLINE_CURVE_WITH_KNOTS('',2,(#14798,#14799,#14800,#14801),
 .UNSPECIFIED.,.F.,.F.,(3,1,3),(0.,1.,2.),.UNSPECIFIED.);
#516=B_SPLINE_CURVE_WITH_KNOTS('',2,(#14811,#14812,#14813,#14814),
 .UNSPECIFIED.,.F.,.F.,(3,1,3),(0.,1.,2.),.UNSPECIFIED.);
#517=B_SPLINE_CURVE_WITH_KNOTS('',2,(#14817,#14818,#14819,#14820),
 .UNSPECIFIED.,.F.,.F.,(3,1,3),(0.,1.,2.),.UNSPECIFIED.);
#518=B_SPLINE_CURVE_WITH_KNOTS('',2,(#14829,#14830,#14831,#14832),
 .UNSPECIFIED.,.F.,.F.,(3,1,3),(0.,1.,2.),.UNSPECIFIED.);
#519=B_SPLINE_CURVE_WITH_KNOTS('',2,(#14833,#14834,#14835,#14836),
 .UNSPECIFIED.,.F.,.F.,(3,1,3),(0.,1.,2.),.UNSPECIFIED.);
#520=B_SPLINE_CURVE_WITH_KNOTS('',2,(#14840,#14841,#14842,#14843),
 .UNSPECIFIED.,.F.,.F.,(3,1,3),(0.,1.,2.),.UNSPECIFIED.);
#521=B_SPLINE_CURVE_WITH_KNOTS('',2,(#14845,#14846,#14847,#14848),
 .UNSPECIFIED.,.F.,.F.,(3,1,3),(0.,1.,2.),.UNSPECIFIED.);
#522=B_SPLINE_CURVE_WITH_KNOTS('',2,(#14850,#14851,#14852,#14853),
 .UNSPECIFIED.,.F.,.F.,(3,1,3),(0.,1.,2.),.UNSPECIFIED.);
#523=B_SPLINE_CURVE_WITH_KNOTS('',2,(#14855,#14856,#14857,#14858),
 .UNSPECIFIED.,.F.,.F.,(3,1,3),(0.,1.,2.),.UNSPECIFIED.);
#524=B_SPLINE_CURVE_WITH_KNOTS('',2,(#14860,#14861,#14862,#14863),
 .UNSPECIFIED.,.F.,.F.,(3,1,3),(0.,1.,2.),.UNSPECIFIED.);
#525=B_SPLINE_CURVE_WITH_KNOTS('',2,(#14865,#14866,#14867,#14868),
 .UNSPECIFIED.,.F.,.F.,(3,1,3),(0.,1.,2.),.UNSPECIFIED.);
#526=B_SPLINE_CURVE_WITH_KNOTS('',2,(#14870,#14871,#14872,#14873),
 .UNSPECIFIED.,.F.,.F.,(3,1,3),(0.,1.,2.),.UNSPECIFIED.);
#527=B_SPLINE_CURVE_WITH_KNOTS('',2,(#14874,#14875,#14876,#14877),
 .UNSPECIFIED.,.F.,.F.,(3,1,3),(0.,1.,2.),.UNSPECIFIED.);
#528=B_SPLINE_CURVE_WITH_KNOTS('',2,(#14960,#14961,#14962,#14963),
 .UNSPECIFIED.,.F.,.F.,(3,1,3),(0.,1.,2.),.UNSPECIFIED.);
#529=B_SPLINE_CURVE_WITH_KNOTS('',2,(#14967,#14968,#14969,#14970),
 .UNSPECIFIED.,.F.,.F.,(3,1,3),(0.,1.,2.),.UNSPECIFIED.);
#530=B_SPLINE_CURVE_WITH_KNOTS('',2,(#14981,#14982,#14983,#14984),
 .UNSPECIFIED.,.F.,.F.,(3,1,3),(0.,1.,2.),.UNSPECIFIED.);
#531=B_SPLINE_CURVE_WITH_KNOTS('',2,(#14987,#14988,#14989,#14990),
 .UNSPECIFIED.,.F.,.F.,(3,1,3),(0.,1.,2.),.UNSPECIFIED.);
#532=B_SPLINE_CURVE_WITH_KNOTS('',2,(#15000,#15001,#15002,#15003),
 .UNSPECIFIED.,.F.,.F.,(3,1,3),(0.,1.,2.),.UNSPECIFIED.);
#533=B_SPLINE_CURVE_WITH_KNOTS('',2,(#15006,#15007,#15008,#15009),
 .UNSPECIFIED.,.F.,.F.,(3,1,3),(0.,1.,2.),.UNSPECIFIED.);
#534=B_SPLINE_CURVE_WITH_KNOTS('',2,(#15018,#15019,#15020,#15021),
 .UNSPECIFIED.,.F.,.F.,(3,1,3),(0.,1.,2.),.UNSPECIFIED.);
#535=B_SPLINE_CURVE_WITH_KNOTS('',2,(#15022,#15023,#15024,#15025),
 .UNSPECIFIED.,.F.,.F.,(3,1,3),(0.,1.,2.),.UNSPECIFIED.);
#536=B_SPLINE_CURVE_WITH_KNOTS('',2,(#15029,#15030,#15031,#15032),
 .UNSPECIFIED.,.F.,.F.,(3,1,3),(0.,1.,2.),.UNSPECIFIED.);
#537=B_SPLINE_CURVE_WITH_KNOTS('',2,(#15034,#15035,#15036,#15037),
 .UNSPECIFIED.,.F.,.F.,(3,1,3),(0.,1.,2.),.UNSPECIFIED.);
#538=B_SPLINE_CURVE_WITH_KNOTS('',2,(#15039,#15040,#15041,#15042),
 .UNSPECIFIED.,.F.,.F.,(3,1,3),(0.,1.,2.),.UNSPECIFIED.);
#539=B_SPLINE_CURVE_WITH_KNOTS('',2,(#15044,#15045,#15046,#15047),
 .UNSPECIFIED.,.F.,.F.,(3,1,3),(0.,1.,2.),.UNSPECIFIED.);
#540=B_SPLINE_CURVE_WITH_KNOTS('',2,(#15049,#15050,#15051,#15052),
 .UNSPECIFIED.,.F.,.F.,(3,1,3),(0.,1.,2.),.UNSPECIFIED.);
#541=B_SPLINE_CURVE_WITH_KNOTS('',2,(#15054,#15055,#15056,#15057),
 .UNSPECIFIED.,.F.,.F.,(3,1,3),(0.,1.,2.),.UNSPECIFIED.);
#542=B_SPLINE_CURVE_WITH_KNOTS('',2,(#15059,#15060,#15061,#15062),
 .UNSPECIFIED.,.F.,.F.,(3,1,3),(0.,1.,2.),.UNSPECIFIED.);
#543=B_SPLINE_CURVE_WITH_KNOTS('',2,(#15063,#15064,#15065,#15066),
 .UNSPECIFIED.,.F.,.F.,(3,1,3),(0.,1.,2.),.UNSPECIFIED.);
#544=B_SPLINE_CURVE_WITH_KNOTS('',2,(#15142,#15143,#15144,#15145),
 .UNSPECIFIED.,.F.,.F.,(3,1,3),(0.,1.,2.),.UNSPECIFIED.);
#545=B_SPLINE_CURVE_WITH_KNOTS('',2,(#15147,#15148,#15149,#15150),
 .UNSPECIFIED.,.F.,.F.,(3,1,3),(0.,1.,2.),.UNSPECIFIED.);
#546=B_SPLINE_CURVE_WITH_KNOTS('',2,(#15152,#15153,#15154,#15155),
 .UNSPECIFIED.,.F.,.F.,(3,1,3),(0.,1.,2.),.UNSPECIFIED.);
#547=B_SPLINE_CURVE_WITH_KNOTS('',2,(#15161,#15162,#15163,#15164),
 .UNSPECIFIED.,.F.,.F.,(3,1,3),(0.,1.,2.),.UNSPECIFIED.);
#548=B_SPLINE_CURVE_WITH_KNOTS('',2,(#15166,#15167,#15168,#15169),
 .UNSPECIFIED.,.F.,.F.,(3,1,3),(0.,1.,2.),.UNSPECIFIED.);
#549=B_SPLINE_CURVE_WITH_KNOTS('',2,(#15171,#15172,#15173,#15174),
 .UNSPECIFIED.,.F.,.F.,(3,1,3),(0.,1.,2.),.UNSPECIFIED.);
#550=B_SPLINE_CURVE_WITH_KNOTS('',2,(#15176,#15177,#15178,#15179),
 .UNSPECIFIED.,.F.,.F.,(3,1,3),(0.,1.,2.),.UNSPECIFIED.);
#551=B_SPLINE_CURVE_WITH_KNOTS('',2,(#15181,#15182,#15183,#15184),
 .UNSPECIFIED.,.F.,.F.,(3,1,3),(0.,1.,2.),.UNSPECIFIED.);
#552=B_SPLINE_CURVE_WITH_KNOTS('',2,(#15186,#15187,#15188,#15189),
 .UNSPECIFIED.,.F.,.F.,(3,1,3),(0.,1.,2.),.UNSPECIFIED.);
#553=B_SPLINE_CURVE_WITH_KNOTS('',2,(#15191,#15192,#15193,#15194),
 .UNSPECIFIED.,.F.,.F.,(3,1,3),(0.,1.,2.),.UNSPECIFIED.);
#554=B_SPLINE_CURVE_WITH_KNOTS('',2,(#15196,#15197,#15198,#15199),
 .UNSPECIFIED.,.F.,.F.,(3,1,3),(0.,1.,2.),.UNSPECIFIED.);
#555=B_SPLINE_CURVE_WITH_KNOTS('',2,(#15205,#15206,#15207,#15208),
 .UNSPECIFIED.,.F.,.F.,(3,1,3),(0.,1.,2.),.UNSPECIFIED.);
#556=B_SPLINE_CURVE_WITH_KNOTS('',2,(#15210,#15211,#15212,#15213),
 .UNSPECIFIED.,.F.,.F.,(3,1,3),(0.,1.,2.),.UNSPECIFIED.);
#557=B_SPLINE_CURVE_WITH_KNOTS('',2,(#15214,#15215,#15216,#15217),
 .UNSPECIFIED.,.F.,.F.,(3,1,3),(0.,1.,2.),.UNSPECIFIED.);
#558=B_SPLINE_CURVE_WITH_KNOTS('',2,(#15355,#15356,#15357,#15358),
 .UNSPECIFIED.,.F.,.F.,(3,1,3),(0.,1.,2.),.UNSPECIFIED.);
#559=B_SPLINE_CURVE_WITH_KNOTS('',2,(#15360,#15361,#15362,#15363),
 .UNSPECIFIED.,.F.,.F.,(3,1,3),(0.,1.,2.),.UNSPECIFIED.);
#560=B_SPLINE_CURVE_WITH_KNOTS('',2,(#15365,#15366,#15367,#15368),
 .UNSPECIFIED.,.F.,.F.,(3,1,3),(0.,1.,2.),.UNSPECIFIED.);
#561=B_SPLINE_CURVE_WITH_KNOTS('',2,(#15374,#15375,#15376,#15377),
 .UNSPECIFIED.,.F.,.F.,(3,1,3),(0.,1.,2.),.UNSPECIFIED.);
#562=B_SPLINE_CURVE_WITH_KNOTS('',2,(#15379,#15380,#15381,#15382),
 .UNSPECIFIED.,.F.,.F.,(3,1,3),(0.,1.,2.),.UNSPECIFIED.);
#563=B_SPLINE_CURVE_WITH_KNOTS('',2,(#15384,#15385,#15386,#15387),
 .UNSPECIFIED.,.F.,.F.,(3,1,3),(0.,1.,2.),.UNSPECIFIED.);
#564=B_SPLINE_CURVE_WITH_KNOTS('',2,(#15389,#15390,#15391,#15392),
 .UNSPECIFIED.,.F.,.F.,(3,1,3),(0.,1.,2.),.UNSPECIFIED.);
#565=B_SPLINE_CURVE_WITH_KNOTS('',2,(#15394,#15395,#15396,#15397),
 .UNSPECIFIED.,.F.,.F.,(3,1,3),(0.,1.,2.),.UNSPECIFIED.);
#566=B_SPLINE_CURVE_WITH_KNOTS('',2,(#15399,#15400,#15401,#15402),
 .UNSPECIFIED.,.F.,.F.,(3,1,3),(0.,1.,2.),.UNSPECIFIED.);
#567=B_SPLINE_CURVE_WITH_KNOTS('',2,(#15404,#15405,#15406,#15407),
 .UNSPECIFIED.,.F.,.F.,(3,1,3),(0.,1.,2.),.UNSPECIFIED.);
#568=B_SPLINE_CURVE_WITH_KNOTS('',2,(#15409,#15410,#15411,#15412),
 .UNSPECIFIED.,.F.,.F.,(3,1,3),(0.,1.,2.),.UNSPECIFIED.);
#569=B_SPLINE_CURVE_WITH_KNOTS('',2,(#15418,#15419,#15420,#15421),
 .UNSPECIFIED.,.F.,.F.,(3,1,3),(0.,1.,2.),.UNSPECIFIED.);
#570=B_SPLINE_CURVE_WITH_KNOTS('',2,(#15423,#15424,#15425,#15426),
 .UNSPECIFIED.,.F.,.F.,(3,1,3),(0.,1.,2.),.UNSPECIFIED.);
#571=B_SPLINE_CURVE_WITH_KNOTS('',2,(#15427,#15428,#15429,#15430),
 .UNSPECIFIED.,.F.,.F.,(3,1,3),(0.,1.,2.),.UNSPECIFIED.);
#572=B_SPLINE_CURVE_WITH_KNOTS('',2,(#15635,#15636,#15637,#15638),
 .UNSPECIFIED.,.F.,.F.,(3,1,3),(0.,1.,2.),.UNSPECIFIED.);
#573=B_SPLINE_CURVE_WITH_KNOTS('',2,(#15640,#15641,#15642,#15643),
 .UNSPECIFIED.,.F.,.F.,(3,1,3),(0.,1.,2.),.UNSPECIFIED.);
#574=B_SPLINE_CURVE_WITH_KNOTS('',2,(#15700,#15701,#15702,#15703),
 .UNSPECIFIED.,.F.,.F.,(3,1,3),(0.,1.,2.),.UNSPECIFIED.);
#575=B_SPLINE_CURVE_WITH_KNOTS('',2,(#15705,#15706,#15707,#15708),
 .UNSPECIFIED.,.F.,.F.,(3,1,3),(0.,1.,2.),.UNSPECIFIED.);
#576=B_SPLINE_CURVE_WITH_KNOTS('',2,(#15710,#15711,#15712,#15713),
 .UNSPECIFIED.,.F.,.F.,(3,1,3),(0.,1.,2.),.UNSPECIFIED.);
#577=B_SPLINE_CURVE_WITH_KNOTS('',2,(#15715,#15716,#15717,#15718),
 .UNSPECIFIED.,.F.,.F.,(3,1,3),(0.,1.,2.),.UNSPECIFIED.);
#578=B_SPLINE_CURVE_WITH_KNOTS('',2,(#15720,#15721,#15722,#15723),
 .UNSPECIFIED.,.F.,.F.,(3,1,3),(0.,1.,2.),.UNSPECIFIED.);
#579=B_SPLINE_CURVE_WITH_KNOTS('',2,(#15735,#15736,#15737,#15738),
 .UNSPECIFIED.,.F.,.F.,(3,1,3),(0.,1.,2.),.UNSPECIFIED.);
#580=B_SPLINE_CURVE_WITH_KNOTS('',2,(#15740,#15741,#15742,#15743),
 .UNSPECIFIED.,.F.,.F.,(3,1,3),(0.,1.,2.),.UNSPECIFIED.);
#581=B_SPLINE_CURVE_WITH_KNOTS('',2,(#15745,#15746,#15747,#15748),
 .UNSPECIFIED.,.F.,.F.,(3,1,3),(0.,1.,2.),.UNSPECIFIED.);
#582=B_SPLINE_CURVE_WITH_KNOTS('',2,(#15756,#15757,#15758,#15759),
 .UNSPECIFIED.,.F.,.F.,(3,1,3),(0.,1.,2.),.UNSPECIFIED.);
#583=B_SPLINE_CURVE_WITH_KNOTS('',2,(#15761,#15762,#15763,#15764),
 .UNSPECIFIED.,.F.,.F.,(3,1,3),(0.,1.,2.),.UNSPECIFIED.);
#584=B_SPLINE_CURVE_WITH_KNOTS('',2,(#15765,#15766,#15767,#15768),
 .UNSPECIFIED.,.F.,.F.,(3,1,3),(0.,1.,2.),.UNSPECIFIED.);
#585=B_SPLINE_CURVE_WITH_KNOTS('',2,(#15894,#15895,#15896,#15897),
 .UNSPECIFIED.,.F.,.F.,(3,1,3),(0.,1.,2.),.UNSPECIFIED.);
#586=B_SPLINE_CURVE_WITH_KNOTS('',2,(#15899,#15900,#15901,#15902),
 .UNSPECIFIED.,.F.,.F.,(3,1,3),(0.,1.,2.),.UNSPECIFIED.);
#587=B_SPLINE_CURVE_WITH_KNOTS('',2,(#15904,#15905,#15906,#15907),
 .UNSPECIFIED.,.F.,.F.,(3,1,3),(0.,1.,2.),.UNSPECIFIED.);
#588=B_SPLINE_CURVE_WITH_KNOTS('',2,(#15913,#15914,#15915,#15916),
 .UNSPECIFIED.,.F.,.F.,(3,1,3),(0.,1.,2.),.UNSPECIFIED.);
#589=B_SPLINE_CURVE_WITH_KNOTS('',2,(#15918,#15919,#15920,#15921),
 .UNSPECIFIED.,.F.,.F.,(3,1,3),(0.,1.,2.),.UNSPECIFIED.);
#590=B_SPLINE_CURVE_WITH_KNOTS('',2,(#15923,#15924,#15925,#15926),
 .UNSPECIFIED.,.F.,.F.,(3,1,3),(0.,1.,2.),.UNSPECIFIED.);
#591=B_SPLINE_CURVE_WITH_KNOTS('',2,(#15928,#15929,#15930,#15931),
 .UNSPECIFIED.,.F.,.F.,(3,1,3),(0.,1.,2.),.UNSPECIFIED.);
#592=B_SPLINE_CURVE_WITH_KNOTS('',2,(#15933,#15934,#15935,#15936),
 .UNSPECIFIED.,.F.,.F.,(3,1,3),(0.,1.,2.),.UNSPECIFIED.);
#593=B_SPLINE_CURVE_WITH_KNOTS('',2,(#15938,#15939,#15940,#15941),
 .UNSPECIFIED.,.F.,.F.,(3,1,3),(0.,1.,2.),.UNSPECIFIED.);
#594=B_SPLINE_CURVE_WITH_KNOTS('',2,(#15943,#15944,#15945,#15946),
 .UNSPECIFIED.,.F.,.F.,(3,1,3),(0.,1.,2.),.UNSPECIFIED.);
#595=B_SPLINE_CURVE_WITH_KNOTS('',2,(#15948,#15949,#15950,#15951),
 .UNSPECIFIED.,.F.,.F.,(3,1,3),(0.,1.,2.),.UNSPECIFIED.);
#596=B_SPLINE_CURVE_WITH_KNOTS('',2,(#15957,#15958,#15959,#15960),
 .UNSPECIFIED.,.F.,.F.,(3,1,3),(0.,1.,2.),.UNSPECIFIED.);
#597=B_SPLINE_CURVE_WITH_KNOTS('',2,(#15962,#15963,#15964,#15965),
 .UNSPECIFIED.,.F.,.F.,(3,1,3),(0.,1.,2.),.UNSPECIFIED.);
#598=B_SPLINE_CURVE_WITH_KNOTS('',2,(#15966,#15967,#15968,#15969),
 .UNSPECIFIED.,.F.,.F.,(3,1,3),(0.,1.,2.),.UNSPECIFIED.);
#599=B_SPLINE_CURVE_WITH_KNOTS('',2,(#16111,#16112,#16113,#16114),
 .UNSPECIFIED.,.F.,.F.,(3,1,3),(0.,1.,2.),.UNSPECIFIED.);
#600=B_SPLINE_CURVE_WITH_KNOTS('',2,(#16116,#16117,#16118,#16119),
 .UNSPECIFIED.,.F.,.F.,(3,1,3),(0.,1.,2.),.UNSPECIFIED.);
#601=B_SPLINE_CURVE_WITH_KNOTS('',2,(#16131,#16132,#16133,#16134),
 .UNSPECIFIED.,.F.,.F.,(3,1,3),(0.,1.,2.),.UNSPECIFIED.);
#602=B_SPLINE_CURVE_WITH_KNOTS('',2,(#16136,#16137,#16138,#16139),
 .UNSPECIFIED.,.F.,.F.,(3,1,3),(0.,1.,2.),.UNSPECIFIED.);
#603=B_SPLINE_CURVE_WITH_KNOTS('',2,(#16141,#16142,#16143,#16144),
 .UNSPECIFIED.,.F.,.F.,(3,1,3),(0.,1.,2.),.UNSPECIFIED.);
#604=B_SPLINE_CURVE_WITH_KNOTS('',2,(#16217,#16218,#16219,#16220),
 .UNSPECIFIED.,.F.,.F.,(3,1,3),(0.,1.,2.),.UNSPECIFIED.);
#605=B_SPLINE_CURVE_WITH_KNOTS('',2,(#16224,#16225,#16226,#16227),
 .UNSPECIFIED.,.F.,.F.,(3,1,3),(0.,1.,2.),.UNSPECIFIED.);
#606=B_SPLINE_CURVE_WITH_KNOTS('',2,(#16238,#16239,#16240,#16241),
 .UNSPECIFIED.,.F.,.F.,(3,1,3),(0.,1.,2.),.UNSPECIFIED.);
#607=B_SPLINE_CURVE_WITH_KNOTS('',2,(#16244,#16245,#16246,#16247),
 .UNSPECIFIED.,.F.,.F.,(3,1,3),(0.,1.,2.),.UNSPECIFIED.);
#608=B_SPLINE_CURVE_WITH_KNOTS('',2,(#16254,#16255,#16256,#16257),
 .UNSPECIFIED.,.F.,.F.,(3,1,3),(0.,1.,2.),.UNSPECIFIED.);
#609=B_SPLINE_CURVE_WITH_KNOTS('',2,(#16259,#16260,#16261,#16262),
 .UNSPECIFIED.,.F.,.F.,(3,1,3),(0.,1.,2.),.UNSPECIFIED.);
#610=B_SPLINE_CURVE_WITH_KNOTS('',2,(#16264,#16265,#16266,#16267),
 .UNSPECIFIED.,.F.,.F.,(3,1,3),(0.,1.,2.),.UNSPECIFIED.);
#611=B_SPLINE_CURVE_WITH_KNOTS('',2,(#16273,#16274,#16275,#16276),
 .UNSPECIFIED.,.F.,.F.,(3,1,3),(0.,1.,2.),.UNSPECIFIED.);
#612=B_SPLINE_CURVE_WITH_KNOTS('',2,(#16278,#16279,#16280,#16281),
 .UNSPECIFIED.,.F.,.F.,(3,1,3),(0.,1.,2.),.UNSPECIFIED.);
#613=B_SPLINE_CURVE_WITH_KNOTS('',2,(#16283,#16284,#16285,#16286),
 .UNSPECIFIED.,.F.,.F.,(3,1,3),(0.,1.,2.),.UNSPECIFIED.);
#614=B_SPLINE_CURVE_WITH_KNOTS('',2,(#16288,#16289,#16290,#16291),
 .UNSPECIFIED.,.F.,.F.,(3,1,3),(0.,1.,2.),.UNSPECIFIED.);
#615=B_SPLINE_CURVE_WITH_KNOTS('',2,(#16297,#16298,#16299,#16300),
 .UNSPECIFIED.,.F.,.F.,(3,1,3),(0.,1.,2.),.UNSPECIFIED.);
#616=B_SPLINE_CURVE_WITH_KNOTS('',2,(#16301,#16302,#16303,#16304),
 .UNSPECIFIED.,.F.,.F.,(3,1,3),(0.,1.,2.),.UNSPECIFIED.);
#617=B_SPLINE_CURVE_WITH_KNOTS('',2,(#16404,#16405,#16406,#16407),
 .UNSPECIFIED.,.F.,.F.,(3,1,3),(0.,1.,2.),.UNSPECIFIED.);
#618=B_SPLINE_CURVE_WITH_KNOTS('',2,(#16411,#16412,#16413,#16414),
 .UNSPECIFIED.,.F.,.F.,(3,1,3),(0.,1.,2.),.UNSPECIFIED.);
#619=B_SPLINE_CURVE_WITH_KNOTS('',2,(#16425,#16426,#16427,#16428),
 .UNSPECIFIED.,.F.,.F.,(3,1,3),(0.,1.,2.),.UNSPECIFIED.);
#620=B_SPLINE_CURVE_WITH_KNOTS('',2,(#16431,#16432,#16433,#16434),
 .UNSPECIFIED.,.F.,.F.,(3,1,3),(0.,1.,2.),.UNSPECIFIED.);
#621=B_SPLINE_CURVE_WITH_KNOTS('',2,(#16450,#16451,#16452,#16453),
 .UNSPECIFIED.,.F.,.F.,(3,1,3),(0.,1.,2.),.UNSPECIFIED.);
#622=B_SPLINE_CURVE_WITH_KNOTS('',2,(#16456,#16457,#16458,#16459),
 .UNSPECIFIED.,.F.,.F.,(3,1,3),(0.,1.,2.),.UNSPECIFIED.);
#623=B_SPLINE_CURVE_WITH_KNOTS('',2,(#16468,#16469,#16470,#16471),
 .UNSPECIFIED.,.F.,.F.,(3,1,3),(0.,1.,2.),.UNSPECIFIED.);
#624=B_SPLINE_CURVE_WITH_KNOTS('',2,(#16472,#16473,#16474,#16475),
 .UNSPECIFIED.,.F.,.F.,(3,1,3),(0.,1.,2.),.UNSPECIFIED.);
#625=B_SPLINE_CURVE_WITH_KNOTS('',2,(#16479,#16480,#16481,#16482),
 .UNSPECIFIED.,.F.,.F.,(3,1,3),(0.,1.,2.),.UNSPECIFIED.);
#626=B_SPLINE_CURVE_WITH_KNOTS('',2,(#16484,#16485,#16486,#16487),
 .UNSPECIFIED.,.F.,.F.,(3,1,3),(0.,1.,2.),.UNSPECIFIED.);
#627=B_SPLINE_CURVE_WITH_KNOTS('',2,(#16489,#16490,#16491,#16492),
 .UNSPECIFIED.,.F.,.F.,(3,1,3),(0.,1.,2.),.UNSPECIFIED.);
#628=B_SPLINE_CURVE_WITH_KNOTS('',2,(#16503,#16504,#16505,#16506),
 .UNSPECIFIED.,.F.,.F.,(3,1,3),(0.,1.,2.),.UNSPECIFIED.);
#629=B_SPLINE_CURVE_WITH_KNOTS('',2,(#16563,#16564,#16565,#16566),
 .UNSPECIFIED.,.F.,.F.,(3,1,3),(0.,1.,2.),.UNSPECIFIED.);
#630=B_SPLINE_CURVE_WITH_KNOTS('',2,(#16570,#16571,#16572,#16573),
 .UNSPECIFIED.,.F.,.F.,(3,1,3),(0.,1.,2.),.UNSPECIFIED.);
#631=B_SPLINE_CURVE_WITH_KNOTS('',2,(#16584,#16585,#16586,#16587),
 .UNSPECIFIED.,.F.,.F.,(3,1,3),(0.,1.,2.),.UNSPECIFIED.);
#632=B_SPLINE_CURVE_WITH_KNOTS('',2,(#16590,#16591,#16592,#16593),
 .UNSPECIFIED.,.F.,.F.,(3,1,3),(0.,1.,2.),.UNSPECIFIED.);
#633=B_SPLINE_CURVE_WITH_KNOTS('',2,(#16603,#16604,#16605,#16606),
 .UNSPECIFIED.,.F.,.F.,(3,1,3),(0.,1.,2.),.UNSPECIFIED.);
#634=B_SPLINE_CURVE_WITH_KNOTS('',2,(#16609,#16610,#16611,#16612),
 .UNSPECIFIED.,.F.,.F.,(3,1,3),(0.,1.,2.),.UNSPECIFIED.);
#635=B_SPLINE_CURVE_WITH_KNOTS('',2,(#16622,#16623,#16624,#16625),
 .UNSPECIFIED.,.F.,.F.,(3,1,3),(0.,1.,2.),.UNSPECIFIED.);
#636=B_SPLINE_CURVE_WITH_KNOTS('',2,(#16628,#16629,#16630,#16631),
 .UNSPECIFIED.,.F.,.F.,(3,1,3),(0.,1.,2.),.UNSPECIFIED.);
#637=B_SPLINE_CURVE_WITH_KNOTS('',2,(#16641,#16642,#16643,#16644),
 .UNSPECIFIED.,.F.,.F.,(3,1,3),(0.,1.,2.),.UNSPECIFIED.);
#638=B_SPLINE_CURVE_WITH_KNOTS('',2,(#16647,#16648,#16649,#16650),
 .UNSPECIFIED.,.F.,.F.,(3,1,3),(0.,1.,2.),.UNSPECIFIED.);
#639=B_SPLINE_CURVE_WITH_KNOTS('',2,(#16660,#16661,#16662,#16663),
 .UNSPECIFIED.,.F.,.F.,(3,1,3),(0.,1.,2.),.UNSPECIFIED.);
#640=B_SPLINE_CURVE_WITH_KNOTS('',2,(#16666,#16667,#16668,#16669),
 .UNSPECIFIED.,.F.,.F.,(3,1,3),(0.,1.,2.),.UNSPECIFIED.);
#641=B_SPLINE_CURVE_WITH_KNOTS('',2,(#16679,#16680,#16681,#16682),
 .UNSPECIFIED.,.F.,.F.,(3,1,3),(0.,1.,2.),.UNSPECIFIED.);
#642=B_SPLINE_CURVE_WITH_KNOTS('',2,(#16685,#16686,#16687,#16688),
 .UNSPECIFIED.,.F.,.F.,(3,1,3),(0.,1.,2.),.UNSPECIFIED.);
#643=B_SPLINE_CURVE_WITH_KNOTS('',2,(#16697,#16698,#16699,#16700),
 .UNSPECIFIED.,.F.,.F.,(3,1,3),(0.,1.,2.),.UNSPECIFIED.);
#644=B_SPLINE_CURVE_WITH_KNOTS('',2,(#16701,#16702,#16703,#16704),
 .UNSPECIFIED.,.F.,.F.,(3,1,3),(0.,1.,2.),.UNSPECIFIED.);
#645=B_SPLINE_CURVE_WITH_KNOTS('',2,(#16708,#16709,#16710,#16711),
 .UNSPECIFIED.,.F.,.F.,(3,1,3),(0.,1.,2.),.UNSPECIFIED.);
#646=B_SPLINE_CURVE_WITH_KNOTS('',2,(#16713,#16714,#16715,#16716),
 .UNSPECIFIED.,.F.,.F.,(3,1,3),(0.,1.,2.),.UNSPECIFIED.);
#647=B_SPLINE_CURVE_WITH_KNOTS('',2,(#16718,#16719,#16720,#16721),
 .UNSPECIFIED.,.F.,.F.,(3,1,3),(0.,1.,2.),.UNSPECIFIED.);
#648=B_SPLINE_CURVE_WITH_KNOTS('',2,(#16722,#16723,#16724,#16725),
 .UNSPECIFIED.,.F.,.F.,(3,1,3),(0.,1.,2.),.UNSPECIFIED.);
#649=B_SPLINE_CURVE_WITH_KNOTS('',2,(#16765,#16766,#16767,#16768),
 .UNSPECIFIED.,.F.,.F.,(3,1,3),(0.,1.,2.),.UNSPECIFIED.);
#650=B_SPLINE_CURVE_WITH_KNOTS('',2,(#16770,#16771,#16772,#16773),
 .UNSPECIFIED.,.F.,.F.,(3,1,3),(0.,1.,2.),.UNSPECIFIED.);
#651=B_SPLINE_CURVE_WITH_KNOTS('',2,(#16781,#16782,#16783,#16784),
 .UNSPECIFIED.,.F.,.F.,(3,1,3),(0.,1.,2.),.UNSPECIFIED.);
#652=B_SPLINE_CURVE_WITH_KNOTS('',2,(#16786,#16787,#16788,#16789),
 .UNSPECIFIED.,.F.,.F.,(3,1,3),(0.,1.,2.),.UNSPECIFIED.);
#653=B_SPLINE_CURVE_WITH_KNOTS('',2,(#16852,#16853,#16854,#16855),
 .UNSPECIFIED.,.F.,.F.,(3,1,3),(0.,1.,2.),.UNSPECIFIED.);
#654=B_SPLINE_CURVE_WITH_KNOTS('',2,(#16857,#16858,#16859,#16860),
 .UNSPECIFIED.,.F.,.F.,(3,1,3),(0.,1.,2.),.UNSPECIFIED.);
#655=B_SPLINE_CURVE_WITH_KNOTS('',2,(#16862,#16863,#16864,#16865),
 .UNSPECIFIED.,.F.,.F.,(3,1,3),(0.,1.,2.),.UNSPECIFIED.);
#656=B_SPLINE_CURVE_WITH_KNOTS('',2,(#16867,#16868,#16869,#16870),
 .UNSPECIFIED.,.F.,.F.,(3,1,3),(0.,1.,2.),.UNSPECIFIED.);
#657=B_SPLINE_CURVE_WITH_KNOTS('',2,(#16876,#16877,#16878,#16879),
 .UNSPECIFIED.,.F.,.F.,(3,1,3),(0.,1.,2.),.UNSPECIFIED.);
#658=B_SPLINE_CURVE_WITH_KNOTS('',2,(#16881,#16882,#16883,#16884),
 .UNSPECIFIED.,.F.,.F.,(3,1,3),(0.,1.,2.),.UNSPECIFIED.);
#659=B_SPLINE_CURVE_WITH_KNOTS('',2,(#16886,#16887,#16888,#16889),
 .UNSPECIFIED.,.F.,.F.,(3,1,3),(0.,1.,2.),.UNSPECIFIED.);
#660=B_SPLINE_CURVE_WITH_KNOTS('',2,(#16891,#16892,#16893,#16894),
 .UNSPECIFIED.,.F.,.F.,(3,1,3),(0.,1.,2.),.UNSPECIFIED.);
#661=B_SPLINE_CURVE_WITH_KNOTS('',2,(#16896,#16897,#16898,#16899),
 .UNSPECIFIED.,.F.,.F.,(3,1,3),(0.,1.,2.),.UNSPECIFIED.);
#662=B_SPLINE_CURVE_WITH_KNOTS('',3,(#17032,#17033,#17034,#17035,#17036,
#17037,#17038,#17039,#17040,#17041),.UNSPECIFIED.,.F.,.F.,(4,2,2,2,4),(1.08539564795983,
1.10974240278912,1.16603436810551,1.2223263334219,1.24631778764374),
 .UNSPECIFIED.);
#663=FACE_BOUND('',#1400,.T.);
#664=FACE_BOUND('',#1401,.T.);
#665=FACE_BOUND('',#1402,.T.);
#666=FACE_BOUND('',#1403,.T.);
#667=FACE_BOUND('',#1404,.T.);
#668=FACE_BOUND('',#1405,.T.);
#669=FACE_BOUND('',#1406,.T.);
#670=FACE_BOUND('',#1407,.T.);
#671=FACE_BOUND('',#1408,.T.);
#672=FACE_BOUND('',#1409,.T.);
#673=FACE_BOUND('',#1410,.T.);
#674=FACE_BOUND('',#1411,.T.);
#675=FACE_BOUND('',#1412,.T.);
#676=FACE_BOUND('',#1413,.T.);
#677=FACE_BOUND('',#1414,.T.);
#678=FACE_BOUND('',#1443,.T.);
#679=FACE_BOUND('',#1450,.T.);
#680=FACE_BOUND('',#1455,.T.);
#681=FACE_BOUND('',#1545,.T.);
#682=FACE_BOUND('',#1581,.T.);
#683=FACE_BOUND('',#1582,.T.);
#684=FACE_BOUND('',#1583,.T.);
#685=FACE_BOUND('',#1584,.T.);
#686=FACE_BOUND('',#1585,.T.);
#687=FACE_BOUND('',#1586,.T.);
#688=FACE_BOUND('',#1587,.T.);
#689=FACE_BOUND('',#1591,.T.);
#690=FACE_BOUND('',#1592,.T.);
#691=FACE_BOUND('',#1593,.T.);
#692=FACE_BOUND('',#1594,.T.);
#693=FACE_BOUND('',#1595,.T.);
#694=FACE_BOUND('',#1596,.T.);
#695=FACE_BOUND('',#1597,.T.);
#696=FACE_BOUND('',#1598,.T.);
#697=FACE_BOUND('',#1632,.T.);
#698=FACE_BOUND('',#1646,.T.);
#699=FACE_BOUND('',#1782,.T.);
#700=FACE_BOUND('',#1802,.T.);
#701=FACE_BOUND('',#1821,.T.);
#702=FACE_BOUND('',#1856,.T.);
#703=FACE_BOUND('',#1858,.T.);
#704=FACE_BOUND('',#1861,.T.);
#705=FACE_BOUND('',#1864,.T.);
#706=FACE_BOUND('',#1869,.T.);
#707=FACE_BOUND('',#1872,.T.);
#708=FACE_BOUND('',#1875,.T.);
#709=FACE_BOUND('',#1878,.T.);
#710=FACE_BOUND('',#1885,.T.);
#711=FACE_BOUND('',#1888,.T.);
#712=FACE_BOUND('',#1892,.T.);
#713=FACE_BOUND('',#1908,.T.);
#714=FACE_BOUND('',#1913,.T.);
#715=FACE_BOUND('',#1927,.T.);
#716=PLANE('',#8922);
#717=PLANE('',#8963);
#718=PLANE('',#8964);
#719=PLANE('',#8995);
#720=PLANE('',#9000);
#721=PLANE('',#9010);
#722=PLANE('',#9014);
#723=PLANE('',#9019);
#724=PLANE('',#9023);
#725=PLANE('',#9061);
#726=PLANE('',#9064);
#727=PLANE('',#9067);
#728=PLANE('',#9070);
#729=PLANE('',#9073);
#730=PLANE('',#9076);
#731=PLANE('',#9079);
#732=PLANE('',#9082);
#733=PLANE('',#9085);
#734=PLANE('',#9088);
#735=PLANE('',#9093);
#736=PLANE('',#9096);
#737=PLANE('',#9101);
#738=PLANE('',#9108);
#739=PLANE('',#9109);
#740=PLANE('',#9110);
#741=PLANE('',#9113);
#742=PLANE('',#9114);
#743=PLANE('',#9117);
#744=PLANE('',#9118);
#745=PLANE('',#9119);
#746=PLANE('',#9123);
#747=PLANE('',#9125);
#748=PLANE('',#9130);
#749=PLANE('',#9131);
#750=PLANE('',#9134);
#751=PLANE('',#9137);
#752=PLANE('',#9138);
#753=PLANE('',#9139);
#754=PLANE('',#9142);
#755=PLANE('',#9143);
#756=PLANE('',#9146);
#757=PLANE('',#9147);
#758=PLANE('',#9148);
#759=PLANE('',#9151);
#760=PLANE('',#9153);
#761=PLANE('',#9159);
#762=PLANE('',#9164);
#763=PLANE('',#9190);
#764=PLANE('',#9198);
#765=PLANE('',#9206);
#766=PLANE('',#9216);
#767=PLANE('',#9225);
#768=PLANE('',#9226);
#769=PLANE('',#9233);
#770=PLANE('',#9236);
#771=PLANE('',#9237);
#772=PLANE('',#9246);
#773=PLANE('',#9247);
#774=PLANE('',#9248);
#775=PLANE('',#9249);
#776=PLANE('',#9250);
#777=PLANE('',#9251);
#778=PLANE('',#9252);
#779=PLANE('',#9253);
#780=PLANE('',#9254);
#781=PLANE('',#9255);
#782=PLANE('',#9256);
#783=PLANE('',#9257);
#784=PLANE('',#9258);
#785=PLANE('',#9259);
#786=PLANE('',#9260);
#787=PLANE('',#9261);
#788=PLANE('',#9262);
#789=PLANE('',#9263);
#790=PLANE('',#9264);
#791=PLANE('',#9265);
#792=PLANE('',#9266);
#793=PLANE('',#9267);
#794=PLANE('',#9268);
#795=PLANE('',#9269);
#796=PLANE('',#9270);
#797=PLANE('',#9271);
#798=PLANE('',#9272);
#799=PLANE('',#9273);
#800=PLANE('',#9274);
#801=PLANE('',#9275);
#802=PLANE('',#9276);
#803=PLANE('',#9277);
#804=PLANE('',#9278);
#805=PLANE('',#9279);
#806=PLANE('',#9280);
#807=PLANE('',#9281);
#808=PLANE('',#9282);
#809=PLANE('',#9283);
#810=PLANE('',#9284);
#811=PLANE('',#9285);
#812=PLANE('',#9286);
#813=PLANE('',#9287);
#814=PLANE('',#9288);
#815=PLANE('',#9289);
#816=PLANE('',#9290);
#817=PLANE('',#9291);
#818=PLANE('',#9292);
#819=PLANE('',#9293);
#820=PLANE('',#9294);
#821=PLANE('',#9295);
#822=PLANE('',#9296);
#823=PLANE('',#9297);
#824=PLANE('',#9298);
#825=PLANE('',#9299);
#826=PLANE('',#9300);
#827=PLANE('',#9301);
#828=PLANE('',#9302);
#829=PLANE('',#9303);
#830=PLANE('',#9304);
#831=PLANE('',#9305);
#832=PLANE('',#9306);
#833=PLANE('',#9307);
#834=PLANE('',#9308);
#835=PLANE('',#9309);
#836=PLANE('',#9310);
#837=PLANE('',#9311);
#838=PLANE('',#9312);
#839=PLANE('',#9313);
#840=PLANE('',#9314);
#841=PLANE('',#9315);
#842=PLANE('',#9316);
#843=PLANE('',#9317);
#844=PLANE('',#9318);
#845=PLANE('',#9319);
#846=PLANE('',#9320);
#847=PLANE('',#9321);
#848=PLANE('',#9322);
#849=PLANE('',#9323);
#850=PLANE('',#9324);
#851=PLANE('',#9325);
#852=PLANE('',#9326);
#853=PLANE('',#9327);
#854=PLANE('',#9328);
#855=PLANE('',#9329);
#856=PLANE('',#9330);
#857=PLANE('',#9331);
#858=PLANE('',#9332);
#859=PLANE('',#9333);
#860=PLANE('',#9334);
#861=PLANE('',#9335);
#862=PLANE('',#9336);
#863=PLANE('',#9337);
#864=PLANE('',#9338);
#865=PLANE('',#9339);
#866=PLANE('',#9340);
#867=PLANE('',#9341);
#868=PLANE('',#9342);
#869=PLANE('',#9343);
#870=PLANE('',#9344);
#871=PLANE('',#9345);
#872=PLANE('',#9346);
#873=PLANE('',#9347);
#874=PLANE('',#9348);
#875=PLANE('',#9349);
#876=PLANE('',#9350);
#877=PLANE('',#9351);
#878=PLANE('',#9352);
#879=PLANE('',#9353);
#880=PLANE('',#9354);
#881=PLANE('',#9355);
#882=PLANE('',#9356);
#883=PLANE('',#9360);
#884=PLANE('',#9366);
#885=PLANE('',#9367);
#886=PLANE('',#9371);
#887=PLANE('',#9374);
#888=PLANE('',#9378);
#889=PLANE('',#9383);
#890=PLANE('',#9388);
#891=PLANE('',#9389);
#892=PLANE('',#9393);
#893=PLANE('',#9394);
#894=PLANE('',#9395);
#895=PLANE('',#9396);
#896=PLANE('',#9399);
#897=PLANE('',#9401);
#898=PLANE('',#9404);
#899=PLANE('',#9406);
#900=PLANE('',#9407);
#901=PLANE('',#9410);
#902=PLANE('',#9411);
#903=PLANE('',#9416);
#904=PLANE('',#9418);
#905=PLANE('',#9419);
#906=PLANE('',#9423);
#907=PLANE('',#9426);
#908=PLANE('',#9427);
#909=PLANE('',#9430);
#910=PLANE('',#9431);
#911=PLANE('',#9434);
#912=PLANE('',#9445);
#913=PLANE('',#9446);
#914=PLANE('',#9447);
#915=FACE_OUTER_BOUND('',#1398,.T.);
#916=FACE_OUTER_BOUND('',#1399,.T.);
#917=FACE_OUTER_BOUND('',#1415,.T.);
#918=FACE_OUTER_BOUND('',#1416,.T.);
#919=FACE_OUTER_BOUND('',#1417,.T.);
#920=FACE_OUTER_BOUND('',#1418,.T.);
#921=FACE_OUTER_BOUND('',#1419,.T.);
#922=FACE_OUTER_BOUND('',#1420,.T.);
#923=FACE_OUTER_BOUND('',#1421,.T.);
#924=FACE_OUTER_BOUND('',#1422,.T.);
#925=FACE_OUTER_BOUND('',#1423,.T.);
#926=FACE_OUTER_BOUND('',#1424,.T.);
#927=FACE_OUTER_BOUND('',#1425,.T.);
#928=FACE_OUTER_BOUND('',#1426,.T.);
#929=FACE_OUTER_BOUND('',#1427,.T.);
#930=FACE_OUTER_BOUND('',#1428,.T.);
#931=FACE_OUTER_BOUND('',#1429,.T.);
#932=FACE_OUTER_BOUND('',#1430,.T.);
#933=FACE_OUTER_BOUND('',#1431,.T.);
#934=FACE_OUTER_BOUND('',#1432,.T.);
#935=FACE_OUTER_BOUND('',#1433,.T.);
#936=FACE_OUTER_BOUND('',#1434,.T.);
#937=FACE_OUTER_BOUND('',#1435,.T.);
#938=FACE_OUTER_BOUND('',#1436,.T.);
#939=FACE_OUTER_BOUND('',#1437,.T.);
#940=FACE_OUTER_BOUND('',#1438,.T.);
#941=FACE_OUTER_BOUND('',#1439,.T.);
#942=FACE_OUTER_BOUND('',#1440,.T.);
#943=FACE_OUTER_BOUND('',#1441,.T.);
#944=FACE_OUTER_BOUND('',#1442,.T.);
#945=FACE_OUTER_BOUND('',#1444,.T.);
#946=FACE_OUTER_BOUND('',#1445,.T.);
#947=FACE_OUTER_BOUND('',#1446,.T.);
#948=FACE_OUTER_BOUND('',#1447,.T.);
#949=FACE_OUTER_BOUND('',#1448,.T.);
#950=FACE_OUTER_BOUND('',#1449,.T.);
#951=FACE_OUTER_BOUND('',#1451,.T.);
#952=FACE_OUTER_BOUND('',#1452,.T.);
#953=FACE_OUTER_BOUND('',#1453,.T.);
#954=FACE_OUTER_BOUND('',#1454,.T.);
#955=FACE_OUTER_BOUND('',#1456,.T.);
#956=FACE_OUTER_BOUND('',#1457,.T.);
#957=FACE_OUTER_BOUND('',#1458,.T.);
#958=FACE_OUTER_BOUND('',#1459,.T.);
#959=FACE_OUTER_BOUND('',#1460,.T.);
#960=FACE_OUTER_BOUND('',#1461,.T.);
#961=FACE_OUTER_BOUND('',#1462,.T.);
#962=FACE_OUTER_BOUND('',#1463,.T.);
#963=FACE_OUTER_BOUND('',#1464,.T.);
#964=FACE_OUTER_BOUND('',#1465,.T.);
#965=FACE_OUTER_BOUND('',#1466,.T.);
#966=FACE_OUTER_BOUND('',#1467,.T.);
#967=FACE_OUTER_BOUND('',#1468,.T.);
#968=FACE_OUTER_BOUND('',#1469,.T.);
#969=FACE_OUTER_BOUND('',#1470,.T.);
#970=FACE_OUTER_BOUND('',#1471,.T.);
#971=FACE_OUTER_BOUND('',#1472,.T.);
#972=FACE_OUTER_BOUND('',#1473,.T.);
#973=FACE_OUTER_BOUND('',#1474,.T.);
#974=FACE_OUTER_BOUND('',#1475,.T.);
#975=FACE_OUTER_BOUND('',#1476,.T.);
#976=FACE_OUTER_BOUND('',#1477,.T.);
#977=FACE_OUTER_BOUND('',#1478,.T.);
#978=FACE_OUTER_BOUND('',#1479,.T.);
#979=FACE_OUTER_BOUND('',#1480,.T.);
#980=FACE_OUTER_BOUND('',#1481,.T.);
#981=FACE_OUTER_BOUND('',#1482,.T.);
#982=FACE_OUTER_BOUND('',#1483,.T.);
#983=FACE_OUTER_BOUND('',#1484,.T.);
#984=FACE_OUTER_BOUND('',#1485,.T.);
#985=FACE_OUTER_BOUND('',#1486,.T.);
#986=FACE_OUTER_BOUND('',#1487,.T.);
#987=FACE_OUTER_BOUND('',#1488,.T.);
#988=FACE_OUTER_BOUND('',#1489,.T.);
#989=FACE_OUTER_BOUND('',#1490,.T.);
#990=FACE_OUTER_BOUND('',#1491,.T.);
#991=FACE_OUTER_BOUND('',#1492,.T.);
#992=FACE_OUTER_BOUND('',#1493,.T.);
#993=FACE_OUTER_BOUND('',#1494,.T.);
#994=FACE_OUTER_BOUND('',#1495,.T.);
#995=FACE_OUTER_BOUND('',#1496,.T.);
#996=FACE_OUTER_BOUND('',#1497,.T.);
#997=FACE_OUTER_BOUND('',#1498,.T.);
#998=FACE_OUTER_BOUND('',#1499,.T.);
#999=FACE_OUTER_BOUND('',#1500,.T.);
#1000=FACE_OUTER_BOUND('',#1501,.T.);
#1001=FACE_OUTER_BOUND('',#1502,.T.);
#1002=FACE_OUTER_BOUND('',#1503,.T.);
#1003=FACE_OUTER_BOUND('',#1504,.T.);
#1004=FACE_OUTER_BOUND('',#1505,.T.);
#1005=FACE_OUTER_BOUND('',#1506,.T.);
#1006=FACE_OUTER_BOUND('',#1507,.T.);
#1007=FACE_OUTER_BOUND('',#1508,.T.);
#1008=FACE_OUTER_BOUND('',#1509,.T.);
#1009=FACE_OUTER_BOUND('',#1510,.T.);
#1010=FACE_OUTER_BOUND('',#1511,.T.);
#1011=FACE_OUTER_BOUND('',#1512,.T.);
#1012=FACE_OUTER_BOUND('',#1513,.T.);
#1013=FACE_OUTER_BOUND('',#1514,.T.);
#1014=FACE_OUTER_BOUND('',#1515,.T.);
#1015=FACE_OUTER_BOUND('',#1516,.T.);
#1016=FACE_OUTER_BOUND('',#1517,.T.);
#1017=FACE_OUTER_BOUND('',#1518,.T.);
#1018=FACE_OUTER_BOUND('',#1519,.T.);
#1019=FACE_OUTER_BOUND('',#1520,.T.);
#1020=FACE_OUTER_BOUND('',#1521,.T.);
#1021=FACE_OUTER_BOUND('',#1522,.T.);
#1022=FACE_OUTER_BOUND('',#1523,.T.);
#1023=FACE_OUTER_BOUND('',#1524,.T.);
#1024=FACE_OUTER_BOUND('',#1525,.T.);
#1025=FACE_OUTER_BOUND('',#1526,.T.);
#1026=FACE_OUTER_BOUND('',#1527,.T.);
#1027=FACE_OUTER_BOUND('',#1528,.T.);
#1028=FACE_OUTER_BOUND('',#1529,.T.);
#1029=FACE_OUTER_BOUND('',#1530,.T.);
#1030=FACE_OUTER_BOUND('',#1531,.T.);
#1031=FACE_OUTER_BOUND('',#1532,.T.);
#1032=FACE_OUTER_BOUND('',#1533,.T.);
#1033=FACE_OUTER_BOUND('',#1534,.T.);
#1034=FACE_OUTER_BOUND('',#1535,.T.);
#1035=FACE_OUTER_BOUND('',#1536,.T.);
#1036=FACE_OUTER_BOUND('',#1537,.T.);
#1037=FACE_OUTER_BOUND('',#1538,.T.);
#1038=FACE_OUTER_BOUND('',#1539,.T.);
#1039=FACE_OUTER_BOUND('',#1540,.T.);
#1040=FACE_OUTER_BOUND('',#1541,.T.);
#1041=FACE_OUTER_BOUND('',#1542,.T.);
#1042=FACE_OUTER_BOUND('',#1543,.T.);
#1043=FACE_OUTER_BOUND('',#1544,.T.);
#1044=FACE_OUTER_BOUND('',#1546,.T.);
#1045=FACE_OUTER_BOUND('',#1547,.T.);
#1046=FACE_OUTER_BOUND('',#1548,.T.);
#1047=FACE_OUTER_BOUND('',#1549,.T.);
#1048=FACE_OUTER_BOUND('',#1550,.T.);
#1049=FACE_OUTER_BOUND('',#1551,.T.);
#1050=FACE_OUTER_BOUND('',#1552,.T.);
#1051=FACE_OUTER_BOUND('',#1553,.T.);
#1052=FACE_OUTER_BOUND('',#1554,.T.);
#1053=FACE_OUTER_BOUND('',#1555,.T.);
#1054=FACE_OUTER_BOUND('',#1556,.T.);
#1055=FACE_OUTER_BOUND('',#1557,.T.);
#1056=FACE_OUTER_BOUND('',#1558,.T.);
#1057=FACE_OUTER_BOUND('',#1559,.T.);
#1058=FACE_OUTER_BOUND('',#1560,.T.);
#1059=FACE_OUTER_BOUND('',#1561,.T.);
#1060=FACE_OUTER_BOUND('',#1562,.T.);
#1061=FACE_OUTER_BOUND('',#1563,.T.);
#1062=FACE_OUTER_BOUND('',#1564,.T.);
#1063=FACE_OUTER_BOUND('',#1565,.T.);
#1064=FACE_OUTER_BOUND('',#1566,.T.);
#1065=FACE_OUTER_BOUND('',#1567,.T.);
#1066=FACE_OUTER_BOUND('',#1568,.T.);
#1067=FACE_OUTER_BOUND('',#1569,.T.);
#1068=FACE_OUTER_BOUND('',#1570,.T.);
#1069=FACE_OUTER_BOUND('',#1571,.T.);
#1070=FACE_OUTER_BOUND('',#1572,.T.);
#1071=FACE_OUTER_BOUND('',#1573,.T.);
#1072=FACE_OUTER_BOUND('',#1574,.T.);
#1073=FACE_OUTER_BOUND('',#1575,.T.);
#1074=FACE_OUTER_BOUND('',#1576,.T.);
#1075=FACE_OUTER_BOUND('',#1577,.T.);
#1076=FACE_OUTER_BOUND('',#1578,.T.);
#1077=FACE_OUTER_BOUND('',#1579,.T.);
#1078=FACE_OUTER_BOUND('',#1580,.T.);
#1079=FACE_OUTER_BOUND('',#1588,.T.);
#1080=FACE_OUTER_BOUND('',#1589,.T.);
#1081=FACE_OUTER_BOUND('',#1590,.T.);
#1082=FACE_OUTER_BOUND('',#1599,.T.);
#1083=FACE_OUTER_BOUND('',#1600,.T.);
#1084=FACE_OUTER_BOUND('',#1601,.T.);
#1085=FACE_OUTER_BOUND('',#1602,.T.);
#1086=FACE_OUTER_BOUND('',#1603,.T.);
#1087=FACE_OUTER_BOUND('',#1604,.T.);
#1088=FACE_OUTER_BOUND('',#1605,.T.);
#1089=FACE_OUTER_BOUND('',#1606,.T.);
#1090=FACE_OUTER_BOUND('',#1607,.T.);
#1091=FACE_OUTER_BOUND('',#1608,.T.);
#1092=FACE_OUTER_BOUND('',#1609,.T.);
#1093=FACE_OUTER_BOUND('',#1610,.T.);
#1094=FACE_OUTER_BOUND('',#1611,.T.);
#1095=FACE_OUTER_BOUND('',#1612,.T.);
#1096=FACE_OUTER_BOUND('',#1613,.T.);
#1097=FACE_OUTER_BOUND('',#1614,.T.);
#1098=FACE_OUTER_BOUND('',#1615,.T.);
#1099=FACE_OUTER_BOUND('',#1616,.T.);
#1100=FACE_OUTER_BOUND('',#1617,.T.);
#1101=FACE_OUTER_BOUND('',#1618,.T.);
#1102=FACE_OUTER_BOUND('',#1619,.T.);
#1103=FACE_OUTER_BOUND('',#1620,.T.);
#1104=FACE_OUTER_BOUND('',#1621,.T.);
#1105=FACE_OUTER_BOUND('',#1622,.T.);
#1106=FACE_OUTER_BOUND('',#1623,.T.);
#1107=FACE_OUTER_BOUND('',#1624,.T.);
#1108=FACE_OUTER_BOUND('',#1625,.T.);
#1109=FACE_OUTER_BOUND('',#1626,.T.);
#1110=FACE_OUTER_BOUND('',#1627,.T.);
#1111=FACE_OUTER_BOUND('',#1628,.T.);
#1112=FACE_OUTER_BOUND('',#1629,.T.);
#1113=FACE_OUTER_BOUND('',#1630,.T.);
#1114=FACE_OUTER_BOUND('',#1631,.T.);
#1115=FACE_OUTER_BOUND('',#1633,.T.);
#1116=FACE_OUTER_BOUND('',#1634,.T.);
#1117=FACE_OUTER_BOUND('',#1635,.T.);
#1118=FACE_OUTER_BOUND('',#1636,.T.);
#1119=FACE_OUTER_BOUND('',#1637,.T.);
#1120=FACE_OUTER_BOUND('',#1638,.T.);
#1121=FACE_OUTER_BOUND('',#1639,.T.);
#1122=FACE_OUTER_BOUND('',#1640,.T.);
#1123=FACE_OUTER_BOUND('',#1641,.T.);
#1124=FACE_OUTER_BOUND('',#1642,.T.);
#1125=FACE_OUTER_BOUND('',#1643,.T.);
#1126=FACE_OUTER_BOUND('',#1644,.T.);
#1127=FACE_OUTER_BOUND('',#1645,.T.);
#1128=FACE_OUTER_BOUND('',#1647,.T.);
#1129=FACE_OUTER_BOUND('',#1648,.T.);
#1130=FACE_OUTER_BOUND('',#1649,.T.);
#1131=FACE_OUTER_BOUND('',#1650,.T.);
#1132=FACE_OUTER_BOUND('',#1651,.T.);
#1133=FACE_OUTER_BOUND('',#1652,.T.);
#1134=FACE_OUTER_BOUND('',#1653,.T.);
#1135=FACE_OUTER_BOUND('',#1654,.T.);
#1136=FACE_OUTER_BOUND('',#1655,.T.);
#1137=FACE_OUTER_BOUND('',#1656,.T.);
#1138=FACE_OUTER_BOUND('',#1657,.T.);
#1139=FACE_OUTER_BOUND('',#1658,.T.);
#1140=FACE_OUTER_BOUND('',#1659,.T.);
#1141=FACE_OUTER_BOUND('',#1660,.T.);
#1142=FACE_OUTER_BOUND('',#1661,.T.);
#1143=FACE_OUTER_BOUND('',#1662,.T.);
#1144=FACE_OUTER_BOUND('',#1663,.T.);
#1145=FACE_OUTER_BOUND('',#1664,.T.);
#1146=FACE_OUTER_BOUND('',#1665,.T.);
#1147=FACE_OUTER_BOUND('',#1666,.T.);
#1148=FACE_OUTER_BOUND('',#1667,.T.);
#1149=FACE_OUTER_BOUND('',#1668,.T.);
#1150=FACE_OUTER_BOUND('',#1669,.T.);
#1151=FACE_OUTER_BOUND('',#1670,.T.);
#1152=FACE_OUTER_BOUND('',#1671,.T.);
#1153=FACE_OUTER_BOUND('',#1672,.T.);
#1154=FACE_OUTER_BOUND('',#1673,.T.);
#1155=FACE_OUTER_BOUND('',#1674,.T.);
#1156=FACE_OUTER_BOUND('',#1675,.T.);
#1157=FACE_OUTER_BOUND('',#1676,.T.);
#1158=FACE_OUTER_BOUND('',#1677,.T.);
#1159=FACE_OUTER_BOUND('',#1678,.T.);
#1160=FACE_OUTER_BOUND('',#1679,.T.);
#1161=FACE_OUTER_BOUND('',#1680,.T.);
#1162=FACE_OUTER_BOUND('',#1681,.T.);
#1163=FACE_OUTER_BOUND('',#1682,.T.);
#1164=FACE_OUTER_BOUND('',#1683,.T.);
#1165=FACE_OUTER_BOUND('',#1684,.T.);
#1166=FACE_OUTER_BOUND('',#1685,.T.);
#1167=FACE_OUTER_BOUND('',#1686,.T.);
#1168=FACE_OUTER_BOUND('',#1687,.T.);
#1169=FACE_OUTER_BOUND('',#1688,.T.);
#1170=FACE_OUTER_BOUND('',#1689,.T.);
#1171=FACE_OUTER_BOUND('',#1690,.T.);
#1172=FACE_OUTER_BOUND('',#1691,.T.);
#1173=FACE_OUTER_BOUND('',#1692,.T.);
#1174=FACE_OUTER_BOUND('',#1693,.T.);
#1175=FACE_OUTER_BOUND('',#1694,.T.);
#1176=FACE_OUTER_BOUND('',#1695,.T.);
#1177=FACE_OUTER_BOUND('',#1696,.T.);
#1178=FACE_OUTER_BOUND('',#1697,.T.);
#1179=FACE_OUTER_BOUND('',#1698,.T.);
#1180=FACE_OUTER_BOUND('',#1699,.T.);
#1181=FACE_OUTER_BOUND('',#1700,.T.);
#1182=FACE_OUTER_BOUND('',#1701,.T.);
#1183=FACE_OUTER_BOUND('',#1702,.T.);
#1184=FACE_OUTER_BOUND('',#1703,.T.);
#1185=FACE_OUTER_BOUND('',#1704,.T.);
#1186=FACE_OUTER_BOUND('',#1705,.T.);
#1187=FACE_OUTER_BOUND('',#1706,.T.);
#1188=FACE_OUTER_BOUND('',#1707,.T.);
#1189=FACE_OUTER_BOUND('',#1708,.T.);
#1190=FACE_OUTER_BOUND('',#1709,.T.);
#1191=FACE_OUTER_BOUND('',#1710,.T.);
#1192=FACE_OUTER_BOUND('',#1711,.T.);
#1193=FACE_OUTER_BOUND('',#1712,.T.);
#1194=FACE_OUTER_BOUND('',#1713,.T.);
#1195=FACE_OUTER_BOUND('',#1714,.T.);
#1196=FACE_OUTER_BOUND('',#1715,.T.);
#1197=FACE_OUTER_BOUND('',#1716,.T.);
#1198=FACE_OUTER_BOUND('',#1717,.T.);
#1199=FACE_OUTER_BOUND('',#1718,.T.);
#1200=FACE_OUTER_BOUND('',#1719,.T.);
#1201=FACE_OUTER_BOUND('',#1720,.T.);
#1202=FACE_OUTER_BOUND('',#1721,.T.);
#1203=FACE_OUTER_BOUND('',#1722,.T.);
#1204=FACE_OUTER_BOUND('',#1723,.T.);
#1205=FACE_OUTER_BOUND('',#1724,.T.);
#1206=FACE_OUTER_BOUND('',#1725,.T.);
#1207=FACE_OUTER_BOUND('',#1726,.T.);
#1208=FACE_OUTER_BOUND('',#1727,.T.);
#1209=FACE_OUTER_BOUND('',#1728,.T.);
#1210=FACE_OUTER_BOUND('',#1729,.T.);
#1211=FACE_OUTER_BOUND('',#1730,.T.);
#1212=FACE_OUTER_BOUND('',#1731,.T.);
#1213=FACE_OUTER_BOUND('',#1732,.T.);
#1214=FACE_OUTER_BOUND('',#1733,.T.);
#1215=FACE_OUTER_BOUND('',#1734,.T.);
#1216=FACE_OUTER_BOUND('',#1735,.T.);
#1217=FACE_OUTER_BOUND('',#1736,.T.);
#1218=FACE_OUTER_BOUND('',#1737,.T.);
#1219=FACE_OUTER_BOUND('',#1738,.T.);
#1220=FACE_OUTER_BOUND('',#1739,.T.);
#1221=FACE_OUTER_BOUND('',#1740,.T.);
#1222=FACE_OUTER_BOUND('',#1741,.T.);
#1223=FACE_OUTER_BOUND('',#1742,.T.);
#1224=FACE_OUTER_BOUND('',#1743,.T.);
#1225=FACE_OUTER_BOUND('',#1744,.T.);
#1226=FACE_OUTER_BOUND('',#1745,.T.);
#1227=FACE_OUTER_BOUND('',#1746,.T.);
#1228=FACE_OUTER_BOUND('',#1747,.T.);
#1229=FACE_OUTER_BOUND('',#1748,.T.);
#1230=FACE_OUTER_BOUND('',#1749,.T.);
#1231=FACE_OUTER_BOUND('',#1750,.T.);
#1232=FACE_OUTER_BOUND('',#1751,.T.);
#1233=FACE_OUTER_BOUND('',#1752,.T.);
#1234=FACE_OUTER_BOUND('',#1753,.T.);
#1235=FACE_OUTER_BOUND('',#1754,.T.);
#1236=FACE_OUTER_BOUND('',#1755,.T.);
#1237=FACE_OUTER_BOUND('',#1756,.T.);
#1238=FACE_OUTER_BOUND('',#1757,.T.);
#1239=FACE_OUTER_BOUND('',#1758,.T.);
#1240=FACE_OUTER_BOUND('',#1759,.T.);
#1241=FACE_OUTER_BOUND('',#1760,.T.);
#1242=FACE_OUTER_BOUND('',#1761,.T.);
#1243=FACE_OUTER_BOUND('',#1762,.T.);
#1244=FACE_OUTER_BOUND('',#1763,.T.);
#1245=FACE_OUTER_BOUND('',#1764,.T.);
#1246=FACE_OUTER_BOUND('',#1765,.T.);
#1247=FACE_OUTER_BOUND('',#1766,.T.);
#1248=FACE_OUTER_BOUND('',#1767,.T.);
#1249=FACE_OUTER_BOUND('',#1768,.T.);
#1250=FACE_OUTER_BOUND('',#1769,.T.);
#1251=FACE_OUTER_BOUND('',#1770,.T.);
#1252=FACE_OUTER_BOUND('',#1771,.T.);
#1253=FACE_OUTER_BOUND('',#1772,.T.);
#1254=FACE_OUTER_BOUND('',#1773,.T.);
#1255=FACE_OUTER_BOUND('',#1774,.T.);
#1256=FACE_OUTER_BOUND('',#1775,.T.);
#1257=FACE_OUTER_BOUND('',#1776,.T.);
#1258=FACE_OUTER_BOUND('',#1777,.T.);
#1259=FACE_OUTER_BOUND('',#1778,.T.);
#1260=FACE_OUTER_BOUND('',#1779,.T.);
#1261=FACE_OUTER_BOUND('',#1780,.T.);
#1262=FACE_OUTER_BOUND('',#1781,.T.);
#1263=FACE_OUTER_BOUND('',#1783,.T.);
#1264=FACE_OUTER_BOUND('',#1784,.T.);
#1265=FACE_OUTER_BOUND('',#1785,.T.);
#1266=FACE_OUTER_BOUND('',#1786,.T.);
#1267=FACE_OUTER_BOUND('',#1787,.T.);
#1268=FACE_OUTER_BOUND('',#1788,.T.);
#1269=FACE_OUTER_BOUND('',#1789,.T.);
#1270=FACE_OUTER_BOUND('',#1790,.T.);
#1271=FACE_OUTER_BOUND('',#1791,.T.);
#1272=FACE_OUTER_BOUND('',#1792,.T.);
#1273=FACE_OUTER_BOUND('',#1793,.T.);
#1274=FACE_OUTER_BOUND('',#1794,.T.);
#1275=FACE_OUTER_BOUND('',#1795,.T.);
#1276=FACE_OUTER_BOUND('',#1796,.T.);
#1277=FACE_OUTER_BOUND('',#1797,.T.);
#1278=FACE_OUTER_BOUND('',#1798,.T.);
#1279=FACE_OUTER_BOUND('',#1799,.T.);
#1280=FACE_OUTER_BOUND('',#1800,.T.);
#1281=FACE_OUTER_BOUND('',#1801,.T.);
#1282=FACE_OUTER_BOUND('',#1803,.T.);
#1283=FACE_OUTER_BOUND('',#1804,.T.);
#1284=FACE_OUTER_BOUND('',#1805,.T.);
#1285=FACE_OUTER_BOUND('',#1806,.T.);
#1286=FACE_OUTER_BOUND('',#1807,.T.);
#1287=FACE_OUTER_BOUND('',#1808,.T.);
#1288=FACE_OUTER_BOUND('',#1809,.T.);
#1289=FACE_OUTER_BOUND('',#1810,.T.);
#1290=FACE_OUTER_BOUND('',#1811,.T.);
#1291=FACE_OUTER_BOUND('',#1812,.T.);
#1292=FACE_OUTER_BOUND('',#1813,.T.);
#1293=FACE_OUTER_BOUND('',#1814,.T.);
#1294=FACE_OUTER_BOUND('',#1815,.T.);
#1295=FACE_OUTER_BOUND('',#1816,.T.);
#1296=FACE_OUTER_BOUND('',#1817,.T.);
#1297=FACE_OUTER_BOUND('',#1818,.T.);
#1298=FACE_OUTER_BOUND('',#1819,.T.);
#1299=FACE_OUTER_BOUND('',#1820,.T.);
#1300=FACE_OUTER_BOUND('',#1822,.T.);
#1301=FACE_OUTER_BOUND('',#1823,.T.);
#1302=FACE_OUTER_BOUND('',#1824,.T.);
#1303=FACE_OUTER_BOUND('',#1825,.T.);
#1304=FACE_OUTER_BOUND('',#1826,.T.);
#1305=FACE_OUTER_BOUND('',#1827,.T.);
#1306=FACE_OUTER_BOUND('',#1828,.T.);
#1307=FACE_OUTER_BOUND('',#1829,.T.);
#1308=FACE_OUTER_BOUND('',#1830,.T.);
#1309=FACE_OUTER_BOUND('',#1831,.T.);
#1310=FACE_OUTER_BOUND('',#1832,.T.);
#1311=FACE_OUTER_BOUND('',#1833,.T.);
#1312=FACE_OUTER_BOUND('',#1834,.T.);
#1313=FACE_OUTER_BOUND('',#1835,.T.);
#1314=FACE_OUTER_BOUND('',#1836,.T.);
#1315=FACE_OUTER_BOUND('',#1837,.T.);
#1316=FACE_OUTER_BOUND('',#1838,.T.);
#1317=FACE_OUTER_BOUND('',#1839,.T.);
#1318=FACE_OUTER_BOUND('',#1840,.T.);
#1319=FACE_OUTER_BOUND('',#1841,.T.);
#1320=FACE_OUTER_BOUND('',#1842,.T.);
#1321=FACE_OUTER_BOUND('',#1843,.T.);
#1322=FACE_OUTER_BOUND('',#1844,.T.);
#1323=FACE_OUTER_BOUND('',#1845,.T.);
#1324=FACE_OUTER_BOUND('',#1846,.T.);
#1325=FACE_OUTER_BOUND('',#1847,.T.);
#1326=FACE_OUTER_BOUND('',#1848,.T.);
#1327=FACE_OUTER_BOUND('',#1849,.T.);
#1328=FACE_OUTER_BOUND('',#1850,.T.);
#1329=FACE_OUTER_BOUND('',#1851,.T.);
#1330=FACE_OUTER_BOUND('',#1852,.T.);
#1331=FACE_OUTER_BOUND('',#1853,.T.);
#1332=FACE_OUTER_BOUND('',#1854,.T.);
#1333=FACE_OUTER_BOUND('',#1855,.T.);
#1334=FACE_OUTER_BOUND('',#1857,.T.);
#1335=FACE_OUTER_BOUND('',#1859,.T.);
#1336=FACE_OUTER_BOUND('',#1860,.T.);
#1337=FACE_OUTER_BOUND('',#1862,.T.);
#1338=FACE_OUTER_BOUND('',#1863,.T.);
#1339=FACE_OUTER_BOUND('',#1865,.T.);
#1340=FACE_OUTER_BOUND('',#1866,.T.);
#1341=FACE_OUTER_BOUND('',#1867,.T.);
#1342=FACE_OUTER_BOUND('',#1868,.T.);
#1343=FACE_OUTER_BOUND('',#1870,.T.);
#1344=FACE_OUTER_BOUND('',#1871,.T.);
#1345=FACE_OUTER_BOUND('',#1873,.T.);
#1346=FACE_OUTER_BOUND('',#1874,.T.);
#1347=FACE_OUTER_BOUND('',#1876,.T.);
#1348=FACE_OUTER_BOUND('',#1877,.T.);
#1349=FACE_OUTER_BOUND('',#1879,.T.);
#1350=FACE_OUTER_BOUND('',#1880,.T.);
#1351=FACE_OUTER_BOUND('',#1881,.T.);
#1352=FACE_OUTER_BOUND('',#1882,.T.);
#1353=FACE_OUTER_BOUND('',#1883,.T.);
#1354=FACE_OUTER_BOUND('',#1884,.T.);
#1355=FACE_OUTER_BOUND('',#1886,.T.);
#1356=FACE_OUTER_BOUND('',#1887,.T.);
#1357=FACE_OUTER_BOUND('',#1889,.T.);
#1358=FACE_OUTER_BOUND('',#1890,.T.);
#1359=FACE_OUTER_BOUND('',#1891,.T.);
#1360=FACE_OUTER_BOUND('',#1893,.T.);
#1361=FACE_OUTER_BOUND('',#1894,.T.);
#1362=FACE_OUTER_BOUND('',#1895,.T.);
#1363=FACE_OUTER_BOUND('',#1896,.T.);
#1364=FACE_OUTER_BOUND('',#1897,.T.);
#1365=FACE_OUTER_BOUND('',#1898,.T.);
#1366=FACE_OUTER_BOUND('',#1899,.T.);
#1367=FACE_OUTER_BOUND('',#1900,.T.);
#1368=FACE_OUTER_BOUND('',#1901,.T.);
#1369=FACE_OUTER_BOUND('',#1902,.T.);
#1370=FACE_OUTER_BOUND('',#1903,.T.);
#1371=FACE_OUTER_BOUND('',#1904,.T.);
#1372=FACE_OUTER_BOUND('',#1905,.T.);
#1373=FACE_OUTER_BOUND('',#1906,.T.);
#1374=FACE_OUTER_BOUND('',#1907,.T.);
#1375=FACE_OUTER_BOUND('',#1909,.T.);
#1376=FACE_OUTER_BOUND('',#1910,.T.);
#1377=FACE_OUTER_BOUND('',#1911,.T.);
#1378=FACE_OUTER_BOUND('',#1912,.T.);
#1379=FACE_OUTER_BOUND('',#1914,.T.);
#1380=FACE_OUTER_BOUND('',#1915,.T.);
#1381=FACE_OUTER_BOUND('',#1916,.T.);
#1382=FACE_OUTER_BOUND('',#1917,.T.);
#1383=FACE_OUTER_BOUND('',#1918,.T.);
#1384=FACE_OUTER_BOUND('',#1919,.T.);
#1385=FACE_OUTER_BOUND('',#1920,.T.);
#1386=FACE_OUTER_BOUND('',#1921,.T.);
#1387=FACE_OUTER_BOUND('',#1922,.T.);
#1388=FACE_OUTER_BOUND('',#1923,.T.);
#1389=FACE_OUTER_BOUND('',#1924,.T.);
#1390=FACE_OUTER_BOUND('',#1925,.T.);
#1391=FACE_OUTER_BOUND('',#1926,.T.);
#1392=FACE_OUTER_BOUND('',#1928,.T.);
#1393=FACE_OUTER_BOUND('',#1929,.T.);
#1394=FACE_OUTER_BOUND('',#1930,.T.);
#1395=FACE_OUTER_BOUND('',#1931,.T.);
#1396=FACE_OUTER_BOUND('',#1932,.T.);
#1397=FACE_OUTER_BOUND('',#1933,.T.);
#1398=EDGE_LOOP('',(#5746,#5747,#5748,#5749,#5750));
#1399=EDGE_LOOP('',(#5751,#5752,#5753,#5754,#5755,#5756,#5757,#5758,#5759,
#5760,#5761,#5762,#5763,#5764,#5765,#5766,#5767,#5768,#5769,#5770));
#1400=EDGE_LOOP('',(#5771));
#1401=EDGE_LOOP('',(#5772));
#1402=EDGE_LOOP('',(#5773));
#1403=EDGE_LOOP('',(#5774));
#1404=EDGE_LOOP('',(#5775));
#1405=EDGE_LOOP('',(#5776));
#1406=EDGE_LOOP('',(#5777));
#1407=EDGE_LOOP('',(#5778,#5779,#5780,#5781));
#1408=EDGE_LOOP('',(#5782));
#1409=EDGE_LOOP('',(#5783));
#1410=EDGE_LOOP('',(#5784));
#1411=EDGE_LOOP('',(#5785));
#1412=EDGE_LOOP('',(#5786));
#1413=EDGE_LOOP('',(#5787));
#1414=EDGE_LOOP('',(#5788));
#1415=EDGE_LOOP('',(#5789,#5790,#5791,#5792,#5793,#5794));
#1416=EDGE_LOOP('',(#5795,#5796,#5797,#5798,#5799));
#1417=EDGE_LOOP('',(#5800,#5801,#5802,#5803,#5804,#5805));
#1418=EDGE_LOOP('',(#5806,#5807,#5808,#5809,#5810));
#1419=EDGE_LOOP('',(#5811,#5812,#5813,#5814,#5815,#5816,#5817));
#1420=EDGE_LOOP('',(#5818,#5819,#5820,#5821,#5822));
#1421=EDGE_LOOP('',(#5823,#5824,#5825,#5826,#5827,#5828,#5829));
#1422=EDGE_LOOP('',(#5830,#5831,#5832,#5833,#5834,#5835));
#1423=EDGE_LOOP('',(#5836,#5837,#5838,#5839,#5840,#5841));
#1424=EDGE_LOOP('',(#5842,#5843,#5844,#5845,#5846));
#1425=EDGE_LOOP('',(#5847,#5848,#5849,#5850,#5851,#5852,#5853,#5854,#5855,
#5856));
#1426=EDGE_LOOP('',(#5857,#5858,#5859,#5860,#5861));
#1427=EDGE_LOOP('',(#5862,#5863,#5864,#5865,#5866,#5867,#5868,#5869,#5870,
#5871));
#1428=EDGE_LOOP('',(#5872,#5873,#5874,#5875,#5876));
#1429=EDGE_LOOP('',(#5877,#5878,#5879,#5880,#5881,#5882,#5883,#5884,#5885,
#5886,#5887));
#1430=EDGE_LOOP('',(#5888,#5889,#5890,#5891,#5892));
#1431=EDGE_LOOP('',(#5893,#5894,#5895,#5896,#5897,#5898,#5899,#5900,#5901,
#5902,#5903));
#1432=EDGE_LOOP('',(#5904,#5905,#5906,#5907,#5908,#5909,#5910,#5911,#5912,
#5913,#5914,#5915,#5916,#5917,#5918,#5919,#5920,#5921,#5922,#5923,#5924,
#5925,#5926,#5927,#5928,#5929,#5930,#5931,#5932,#5933,#5934,#5935,#5936,
#5937));
#1433=EDGE_LOOP('',(#5938,#5939,#5940,#5941));
#1434=EDGE_LOOP('',(#5942,#5943,#5944,#5945));
#1435=EDGE_LOOP('',(#5946,#5947,#5948,#5949,#5950));
#1436=EDGE_LOOP('',(#5951,#5952,#5953,#5954,#5955,#5956,#5957,#5958));
#1437=EDGE_LOOP('',(#5959,#5960,#5961,#5962,#5963,#5964,#5965));
#1438=EDGE_LOOP('',(#5966,#5967,#5968,#5969,#5970));
#1439=EDGE_LOOP('',(#5971,#5972,#5973,#5974,#5975,#5976,#5977,#5978,#5979,
#5980,#5981,#5982,#5983,#5984,#5985,#5986,#5987,#5988,#5989,#5990,#5991,
#5992,#5993,#5994,#5995,#5996,#5997,#5998,#5999,#6000,#6001,#6002,#6003,
#6004));
#1440=EDGE_LOOP('',(#6005,#6006,#6007,#6008));
#1441=EDGE_LOOP('',(#6009,#6010,#6011,#6012,#6013,#6014));
#1442=EDGE_LOOP('',(#6015,#6016,#6017,#6018,#6019,#6020,#6021,#6022,#6023,
#6024,#6025,#6026,#6027,#6028,#6029,#6030,#6031,#6032,#6033,#6034,#6035,
#6036,#6037,#6038,#6039,#6040,#6041,#6042,#6043,#6044,#6045,#6046,#6047));
#1443=EDGE_LOOP('',(#6048));
#1444=EDGE_LOOP('',(#6049,#6050,#6051,#6052,#6053));
#1445=EDGE_LOOP('',(#6054,#6055,#6056,#6057,#6058));
#1446=EDGE_LOOP('',(#6059,#6060,#6061,#6062,#6063));
#1447=EDGE_LOOP('',(#6064,#6065,#6066,#6067,#6068));
#1448=EDGE_LOOP('',(#6069,#6070,#6071,#6072,#6073));
#1449=EDGE_LOOP('',(#6074,#6075,#6076,#6077));
#1450=EDGE_LOOP('',(#6078));
#1451=EDGE_LOOP('',(#6079,#6080,#6081,#6082,#6083));
#1452=EDGE_LOOP('',(#6084,#6085,#6086,#6087,#6088));
#1453=EDGE_LOOP('',(#6089,#6090,#6091,#6092,#6093));
#1454=EDGE_LOOP('',(#6094,#6095,#6096,#6097));
#1455=EDGE_LOOP('',(#6098));
#1456=EDGE_LOOP('',(#6099,#6100,#6101,#6102,#6103));
#1457=EDGE_LOOP('',(#6104,#6105,#6106,#6107,#6108));
#1458=EDGE_LOOP('',(#6109,#6110,#6111,#6112,#6113));
#1459=EDGE_LOOP('',(#6114,#6115,#6116,#6117,#6118));
#1460=EDGE_LOOP('',(#6119,#6120,#6121,#6122,#6123));
#1461=EDGE_LOOP('',(#6124,#6125,#6126,#6127,#6128));
#1462=EDGE_LOOP('',(#6129,#6130,#6131,#6132,#6133));
#1463=EDGE_LOOP('',(#6134,#6135,#6136,#6137,#6138));
#1464=EDGE_LOOP('',(#6139,#6140,#6141,#6142));
#1465=EDGE_LOOP('',(#6143,#6144,#6145,#6146));
#1466=EDGE_LOOP('',(#6147,#6148,#6149,#6150));
#1467=EDGE_LOOP('',(#6151,#6152,#6153,#6154));
#1468=EDGE_LOOP('',(#6155,#6156,#6157,#6158));
#1469=EDGE_LOOP('',(#6159,#6160,#6161,#6162));
#1470=EDGE_LOOP('',(#6163,#6164,#6165,#6166));
#1471=EDGE_LOOP('',(#6167,#6168,#6169,#6170));
#1472=EDGE_LOOP('',(#6171,#6172,#6173,#6174));
#1473=EDGE_LOOP('',(#6175,#6176,#6177,#6178));
#1474=EDGE_LOOP('',(#6179,#6180,#6181,#6182));
#1475=EDGE_LOOP('',(#6183,#6184,#6185,#6186));
#1476=EDGE_LOOP('',(#6187,#6188,#6189,#6190));
#1477=EDGE_LOOP('',(#6191,#6192,#6193,#6194));
#1478=EDGE_LOOP('',(#6195,#6196,#6197,#6198));
#1479=EDGE_LOOP('',(#6199,#6200,#6201,#6202));
#1480=EDGE_LOOP('',(#6203,#6204,#6205,#6206));
#1481=EDGE_LOOP('',(#6207,#6208,#6209,#6210));
#1482=EDGE_LOOP('',(#6211,#6212,#6213,#6214));
#1483=EDGE_LOOP('',(#6215,#6216,#6217,#6218));
#1484=EDGE_LOOP('',(#6219,#6220,#6221,#6222));
#1485=EDGE_LOOP('',(#6223,#6224,#6225,#6226));
#1486=EDGE_LOOP('',(#6227,#6228,#6229,#6230));
#1487=EDGE_LOOP('',(#6231,#6232,#6233,#6234));
#1488=EDGE_LOOP('',(#6235,#6236,#6237,#6238));
#1489=EDGE_LOOP('',(#6239,#6240,#6241,#6242));
#1490=EDGE_LOOP('',(#6243,#6244,#6245,#6246,#6247,#6248,#6249,#6250,#6251,
#6252,#6253,#6254,#6255,#6256));
#1491=EDGE_LOOP('',(#6257,#6258,#6259,#6260));
#1492=EDGE_LOOP('',(#6261,#6262,#6263,#6264));
#1493=EDGE_LOOP('',(#6265,#6266,#6267,#6268));
#1494=EDGE_LOOP('',(#6269,#6270,#6271,#6272));
#1495=EDGE_LOOP('',(#6273,#6274,#6275,#6276));
#1496=EDGE_LOOP('',(#6277,#6278,#6279,#6280));
#1497=EDGE_LOOP('',(#6281,#6282,#6283,#6284));
#1498=EDGE_LOOP('',(#6285,#6286,#6287,#6288));
#1499=EDGE_LOOP('',(#6289,#6290,#6291,#6292));
#1500=EDGE_LOOP('',(#6293,#6294,#6295,#6296));
#1501=EDGE_LOOP('',(#6297,#6298,#6299,#6300));
#1502=EDGE_LOOP('',(#6301,#6302,#6303,#6304));
#1503=EDGE_LOOP('',(#6305,#6306,#6307,#6308));
#1504=EDGE_LOOP('',(#6309,#6310,#6311,#6312));
#1505=EDGE_LOOP('',(#6313,#6314,#6315,#6316));
#1506=EDGE_LOOP('',(#6317,#6318,#6319,#6320));
#1507=EDGE_LOOP('',(#6321,#6322,#6323,#6324));
#1508=EDGE_LOOP('',(#6325,#6326,#6327,#6328));
#1509=EDGE_LOOP('',(#6329,#6330,#6331,#6332));
#1510=EDGE_LOOP('',(#6333,#6334,#6335,#6336));
#1511=EDGE_LOOP('',(#6337,#6338,#6339,#6340));
#1512=EDGE_LOOP('',(#6341,#6342,#6343,#6344));
#1513=EDGE_LOOP('',(#6345,#6346,#6347,#6348));
#1514=EDGE_LOOP('',(#6349,#6350,#6351,#6352,#6353));
#1515=EDGE_LOOP('',(#6354,#6355,#6356,#6357));
#1516=EDGE_LOOP('',(#6358,#6359,#6360,#6361,#6362,#6363));
#1517=EDGE_LOOP('',(#6364,#6365,#6366,#6367,#6368,#6369));
#1518=EDGE_LOOP('',(#6370,#6371,#6372,#6373,#6374));
#1519=EDGE_LOOP('',(#6375,#6376,#6377,#6378));
#1520=EDGE_LOOP('',(#6379,#6380,#6381,#6382));
#1521=EDGE_LOOP('',(#6383,#6384,#6385,#6386));
#1522=EDGE_LOOP('',(#6387,#6388,#6389,#6390));
#1523=EDGE_LOOP('',(#6391,#6392,#6393,#6394));
#1524=EDGE_LOOP('',(#6395,#6396,#6397,#6398));
#1525=EDGE_LOOP('',(#6399,#6400,#6401,#6402));
#1526=EDGE_LOOP('',(#6403,#6404,#6405,#6406));
#1527=EDGE_LOOP('',(#6407,#6408,#6409,#6410));
#1528=EDGE_LOOP('',(#6411,#6412,#6413,#6414));
#1529=EDGE_LOOP('',(#6415,#6416,#6417,#6418));
#1530=EDGE_LOOP('',(#6419,#6420,#6421,#6422));
#1531=EDGE_LOOP('',(#6423,#6424,#6425,#6426));
#1532=EDGE_LOOP('',(#6427,#6428,#6429,#6430));
#1533=EDGE_LOOP('',(#6431,#6432,#6433,#6434));
#1534=EDGE_LOOP('',(#6435,#6436,#6437,#6438));
#1535=EDGE_LOOP('',(#6439,#6440,#6441,#6442));
#1536=EDGE_LOOP('',(#6443,#6444,#6445,#6446));
#1537=EDGE_LOOP('',(#6447,#6448,#6449,#6450));
#1538=EDGE_LOOP('',(#6451,#6452,#6453,#6454));
#1539=EDGE_LOOP('',(#6455,#6456,#6457,#6458));
#1540=EDGE_LOOP('',(#6459,#6460,#6461,#6462));
#1541=EDGE_LOOP('',(#6463,#6464,#6465,#6466));
#1542=EDGE_LOOP('',(#6467,#6468,#6469,#6470));
#1543=EDGE_LOOP('',(#6471,#6472,#6473,#6474));
#1544=EDGE_LOOP('',(#6475,#6476,#6477,#6478,#6479,#6480,#6481,#6482,#6483,
#6484,#6485,#6486,#6487,#6488,#6489,#6490,#6491,#6492,#6493,#6494,#6495,
#6496,#6497,#6498,#6499,#6500,#6501,#6502,#6503,#6504,#6505,#6506,#6507,
#6508));
#1545=EDGE_LOOP('',(#6509));
#1546=EDGE_LOOP('',(#6510,#6511,#6512,#6513));
#1547=EDGE_LOOP('',(#6514,#6515,#6516,#6517,#6518,#6519,#6520,#6521,#6522,
#6523,#6524,#6525));
#1548=EDGE_LOOP('',(#6526,#6527,#6528,#6529,#6530,#6531,#6532,#6533));
#1549=EDGE_LOOP('',(#6534,#6535,#6536,#6537));
#1550=EDGE_LOOP('',(#6538,#6539,#6540,#6541,#6542,#6543));
#1551=EDGE_LOOP('',(#6544,#6545,#6546,#6547));
#1552=EDGE_LOOP('',(#6548,#6549,#6550,#6551));
#1553=EDGE_LOOP('',(#6552,#6553,#6554,#6555));
#1554=EDGE_LOOP('',(#6556,#6557,#6558,#6559));
#1555=EDGE_LOOP('',(#6560,#6561,#6562,#6563));
#1556=EDGE_LOOP('',(#6564,#6565,#6566,#6567));
#1557=EDGE_LOOP('',(#6568,#6569,#6570,#6571));
#1558=EDGE_LOOP('',(#6572,#6573,#6574,#6575));
#1559=EDGE_LOOP('',(#6576,#6577,#6578,#6579,#6580,#6581,#6582));
#1560=EDGE_LOOP('',(#6583,#6584,#6585,#6586,#6587,#6588,#6589,#6590,#6591,
#6592));
#1561=EDGE_LOOP('',(#6593,#6594,#6595,#6596,#6597,#6598,#6599,#6600));
#1562=EDGE_LOOP('',(#6601,#6602,#6603,#6604));
#1563=EDGE_LOOP('',(#6605,#6606,#6607,#6608,#6609));
#1564=EDGE_LOOP('',(#6610,#6611,#6612,#6613));
#1565=EDGE_LOOP('',(#6614,#6615,#6616,#6617));
#1566=EDGE_LOOP('',(#6618,#6619,#6620,#6621));
#1567=EDGE_LOOP('',(#6622,#6623,#6624,#6625,#6626));
#1568=EDGE_LOOP('',(#6627,#6628,#6629,#6630));
#1569=EDGE_LOOP('',(#6631,#6632,#6633,#6634));
#1570=EDGE_LOOP('',(#6635,#6636,#6637,#6638));
#1571=EDGE_LOOP('',(#6639,#6640,#6641,#6642));
#1572=EDGE_LOOP('',(#6643,#6644,#6645,#6646,#6647,#6648,#6649,#6650));
#1573=EDGE_LOOP('',(#6651,#6652,#6653,#6654));
#1574=EDGE_LOOP('',(#6655,#6656,#6657,#6658,#6659,#6660,#6661));
#1575=EDGE_LOOP('',(#6662,#6663,#6664,#6665,#6666,#6667,#6668,#6669));
#1576=EDGE_LOOP('',(#6670,#6671,#6672,#6673,#6674,#6675));
#1577=EDGE_LOOP('',(#6676,#6677,#6678,#6679,#6680));
#1578=EDGE_LOOP('',(#6681,#6682,#6683,#6684));
#1579=EDGE_LOOP('',(#6685,#6686,#6687,#6688));
#1580=EDGE_LOOP('',(#6689,#6690,#6691,#6692,#6693,#6694,#6695,#6696));
#1581=EDGE_LOOP('',(#6697,#6698,#6699,#6700,#6701,#6702,#6703,#6704,#6705,
#6706,#6707,#6708,#6709,#6710,#6711));
#1582=EDGE_LOOP('',(#6712,#6713,#6714,#6715,#6716,#6717,#6718,#6719,#6720,
#6721));
#1583=EDGE_LOOP('',(#6722,#6723,#6724,#6725));
#1584=EDGE_LOOP('',(#6726,#6727,#6728,#6729,#6730,#6731,#6732,#6733,#6734));
#1585=EDGE_LOOP('',(#6735,#6736,#6737,#6738,#6739,#6740,#6741,#6742,#6743,
#6744,#6745,#6746,#6747));
#1586=EDGE_LOOP('',(#6748,#6749,#6750,#6751,#6752,#6753,#6754,#6755,#6756,
#6757,#6758,#6759,#6760));
#1587=EDGE_LOOP('',(#6761,#6762,#6763,#6764,#6765,#6766,#6767,#6768,#6769,
#6770,#6771,#6772,#6773,#6774,#6775,#6776,#6777,#6778));
#1588=EDGE_LOOP('',(#6779,#6780,#6781,#6782));
#1589=EDGE_LOOP('',(#6783,#6784,#6785,#6786));
#1590=EDGE_LOOP('',(#6787,#6788,#6789,#6790,#6791,#6792,#6793,#6794));
#1591=EDGE_LOOP('',(#6795,#6796,#6797,#6798,#6799,#6800,#6801,#6802,#6803,
#6804,#6805,#6806,#6807,#6808,#6809,#6810,#6811,#6812,#6813,#6814,#6815,
#6816));
#1592=EDGE_LOOP('',(#6817,#6818,#6819,#6820,#6821,#6822,#6823,#6824));
#1593=EDGE_LOOP('',(#6825,#6826,#6827,#6828,#6829,#6830,#6831,#6832));
#1594=EDGE_LOOP('',(#6833,#6834,#6835,#6836,#6837,#6838,#6839,#6840,#6841,
#6842,#6843,#6844,#6845,#6846,#6847,#6848,#6849,#6850));
#1595=EDGE_LOOP('',(#6851,#6852,#6853,#6854,#6855,#6856,#6857,#6858,#6859,
#6860,#6861,#6862,#6863,#6864,#6865,#6866,#6867,#6868));
#1596=EDGE_LOOP('',(#6869,#6870,#6871,#6872,#6873,#6874,#6875,#6876,#6877,
#6878,#6879,#6880,#6881,#6882));
#1597=EDGE_LOOP('',(#6883,#6884,#6885,#6886,#6887,#6888,#6889,#6890,#6891,
#6892,#6893,#6894));
#1598=EDGE_LOOP('',(#6895,#6896,#6897,#6898,#6899,#6900,#6901,#6902,#6903,
#6904,#6905,#6906,#6907,#6908,#6909,#6910,#6911,#6912,#6913,#6914,#6915,
#6916));
#1599=EDGE_LOOP('',(#6917,#6918,#6919,#6920));
#1600=EDGE_LOOP('',(#6921,#6922,#6923,#6924));
#1601=EDGE_LOOP('',(#6925,#6926,#6927,#6928));
#1602=EDGE_LOOP('',(#6929,#6930,#6931,#6932));
#1603=EDGE_LOOP('',(#6933,#6934,#6935,#6936));
#1604=EDGE_LOOP('',(#6937,#6938,#6939,#6940,#6941,#6942,#6943,#6944,#6945,
#6946,#6947,#6948,#6949,#6950,#6951,#6952,#6953,#6954,#6955,#6956,#6957,
#6958));
#1605=EDGE_LOOP('',(#6959,#6960,#6961,#6962));
#1606=EDGE_LOOP('',(#6963,#6964,#6965,#6966));
#1607=EDGE_LOOP('',(#6967,#6968,#6969,#6970));
#1608=EDGE_LOOP('',(#6971,#6972,#6973,#6974));
#1609=EDGE_LOOP('',(#6975,#6976,#6977,#6978));
#1610=EDGE_LOOP('',(#6979,#6980,#6981,#6982));
#1611=EDGE_LOOP('',(#6983,#6984,#6985,#6986));
#1612=EDGE_LOOP('',(#6987,#6988,#6989,#6990));
#1613=EDGE_LOOP('',(#6991,#6992,#6993,#6994));
#1614=EDGE_LOOP('',(#6995,#6996,#6997,#6998));
#1615=EDGE_LOOP('',(#6999,#7000,#7001,#7002));
#1616=EDGE_LOOP('',(#7003,#7004,#7005,#7006));
#1617=EDGE_LOOP('',(#7007,#7008,#7009,#7010));
#1618=EDGE_LOOP('',(#7011,#7012,#7013,#7014));
#1619=EDGE_LOOP('',(#7015,#7016,#7017,#7018));
#1620=EDGE_LOOP('',(#7019,#7020,#7021,#7022));
#1621=EDGE_LOOP('',(#7023,#7024,#7025,#7026));
#1622=EDGE_LOOP('',(#7027,#7028,#7029,#7030));
#1623=EDGE_LOOP('',(#7031,#7032,#7033,#7034));
#1624=EDGE_LOOP('',(#7035,#7036,#7037,#7038));
#1625=EDGE_LOOP('',(#7039,#7040,#7041,#7042));
#1626=EDGE_LOOP('',(#7043,#7044,#7045,#7046));
#1627=EDGE_LOOP('',(#7047,#7048,#7049,#7050));
#1628=EDGE_LOOP('',(#7051,#7052,#7053,#7054));
#1629=EDGE_LOOP('',(#7055,#7056,#7057,#7058));
#1630=EDGE_LOOP('',(#7059,#7060,#7061,#7062));
#1631=EDGE_LOOP('',(#7063,#7064,#7065,#7066,#7067,#7068,#7069,#7070));
#1632=EDGE_LOOP('',(#7071,#7072,#7073,#7074));
#1633=EDGE_LOOP('',(#7075,#7076,#7077,#7078));
#1634=EDGE_LOOP('',(#7079,#7080,#7081,#7082));
#1635=EDGE_LOOP('',(#7083,#7084,#7085,#7086));
#1636=EDGE_LOOP('',(#7087,#7088,#7089,#7090));
#1637=EDGE_LOOP('',(#7091,#7092,#7093,#7094));
#1638=EDGE_LOOP('',(#7095,#7096,#7097,#7098));
#1639=EDGE_LOOP('',(#7099,#7100,#7101,#7102));
#1640=EDGE_LOOP('',(#7103,#7104,#7105,#7106));
#1641=EDGE_LOOP('',(#7107,#7108,#7109,#7110));
#1642=EDGE_LOOP('',(#7111,#7112,#7113,#7114));
#1643=EDGE_LOOP('',(#7115,#7116,#7117,#7118));
#1644=EDGE_LOOP('',(#7119,#7120,#7121,#7122));
#1645=EDGE_LOOP('',(#7123,#7124,#7125,#7126,#7127,#7128,#7129,#7130));
#1646=EDGE_LOOP('',(#7131,#7132,#7133,#7134));
#1647=EDGE_LOOP('',(#7135,#7136,#7137,#7138));
#1648=EDGE_LOOP('',(#7139,#7140,#7141,#7142));
#1649=EDGE_LOOP('',(#7143,#7144,#7145,#7146));
#1650=EDGE_LOOP('',(#7147,#7148,#7149,#7150));
#1651=EDGE_LOOP('',(#7151,#7152,#7153,#7154));
#1652=EDGE_LOOP('',(#7155,#7156,#7157,#7158));
#1653=EDGE_LOOP('',(#7159,#7160,#7161,#7162));
#1654=EDGE_LOOP('',(#7163,#7164,#7165,#7166));
#1655=EDGE_LOOP('',(#7167,#7168,#7169,#7170,#7171,#7172,#7173,#7174,#7175,
#7176,#7177,#7178,#7179,#7180,#7181,#7182,#7183,#7184));
#1656=EDGE_LOOP('',(#7185,#7186,#7187,#7188));
#1657=EDGE_LOOP('',(#7189,#7190,#7191,#7192));
#1658=EDGE_LOOP('',(#7193,#7194,#7195,#7196));
#1659=EDGE_LOOP('',(#7197,#7198,#7199,#7200));
#1660=EDGE_LOOP('',(#7201,#7202,#7203,#7204));
#1661=EDGE_LOOP('',(#7205,#7206,#7207,#7208));
#1662=EDGE_LOOP('',(#7209,#7210,#7211,#7212));
#1663=EDGE_LOOP('',(#7213,#7214,#7215,#7216));
#1664=EDGE_LOOP('',(#7217,#7218,#7219,#7220));
#1665=EDGE_LOOP('',(#7221,#7222,#7223,#7224));
#1666=EDGE_LOOP('',(#7225,#7226,#7227,#7228));
#1667=EDGE_LOOP('',(#7229,#7230,#7231,#7232));
#1668=EDGE_LOOP('',(#7233,#7234,#7235,#7236));
#1669=EDGE_LOOP('',(#7237,#7238,#7239,#7240));
#1670=EDGE_LOOP('',(#7241,#7242,#7243,#7244));
#1671=EDGE_LOOP('',(#7245,#7246,#7247,#7248));
#1672=EDGE_LOOP('',(#7249,#7250,#7251,#7252));
#1673=EDGE_LOOP('',(#7253,#7254,#7255,#7256));
#1674=EDGE_LOOP('',(#7257,#7258,#7259,#7260,#7261,#7262,#7263,#7264,#7265,
#7266,#7267,#7268,#7269,#7270,#7271,#7272,#7273,#7274));
#1675=EDGE_LOOP('',(#7275,#7276,#7277,#7278));
#1676=EDGE_LOOP('',(#7279,#7280,#7281,#7282));
#1677=EDGE_LOOP('',(#7283,#7284,#7285,#7286));
#1678=EDGE_LOOP('',(#7287,#7288,#7289,#7290));
#1679=EDGE_LOOP('',(#7291,#7292,#7293,#7294));
#1680=EDGE_LOOP('',(#7295,#7296,#7297,#7298));
#1681=EDGE_LOOP('',(#7299,#7300,#7301,#7302));
#1682=EDGE_LOOP('',(#7303,#7304,#7305,#7306));
#1683=EDGE_LOOP('',(#7307,#7308,#7309,#7310));
#1684=EDGE_LOOP('',(#7311,#7312,#7313,#7314));
#1685=EDGE_LOOP('',(#7315,#7316,#7317,#7318));
#1686=EDGE_LOOP('',(#7319,#7320,#7321,#7322));
#1687=EDGE_LOOP('',(#7323,#7324,#7325,#7326));
#1688=EDGE_LOOP('',(#7327,#7328,#7329,#7330));
#1689=EDGE_LOOP('',(#7331,#7332,#7333,#7334));
#1690=EDGE_LOOP('',(#7335,#7336,#7337,#7338));
#1691=EDGE_LOOP('',(#7339,#7340,#7341,#7342));
#1692=EDGE_LOOP('',(#7343,#7344,#7345,#7346));
#1693=EDGE_LOOP('',(#7347,#7348,#7349,#7350));
#1694=EDGE_LOOP('',(#7351,#7352,#7353,#7354));
#1695=EDGE_LOOP('',(#7355,#7356,#7357,#7358));
#1696=EDGE_LOOP('',(#7359,#7360,#7361,#7362));
#1697=EDGE_LOOP('',(#7363,#7364,#7365,#7366));
#1698=EDGE_LOOP('',(#7367,#7368,#7369,#7370));
#1699=EDGE_LOOP('',(#7371,#7372,#7373,#7374));
#1700=EDGE_LOOP('',(#7375,#7376,#7377,#7378,#7379,#7380,#7381,#7382,#7383,
#7384,#7385,#7386,#7387,#7388));
#1701=EDGE_LOOP('',(#7389,#7390,#7391,#7392));
#1702=EDGE_LOOP('',(#7393,#7394,#7395,#7396));
#1703=EDGE_LOOP('',(#7397,#7398,#7399,#7400));
#1704=EDGE_LOOP('',(#7401,#7402,#7403,#7404));
#1705=EDGE_LOOP('',(#7405,#7406,#7407,#7408));
#1706=EDGE_LOOP('',(#7409,#7410,#7411,#7412));
#1707=EDGE_LOOP('',(#7413,#7414,#7415,#7416));
#1708=EDGE_LOOP('',(#7417,#7418,#7419,#7420,#7421,#7422,#7423,#7424,#7425,
#7426,#7427,#7428));
#1709=EDGE_LOOP('',(#7429,#7430,#7431,#7432));
#1710=EDGE_LOOP('',(#7433,#7434,#7435,#7436));
#1711=EDGE_LOOP('',(#7437,#7438,#7439,#7440));
#1712=EDGE_LOOP('',(#7441,#7442,#7443,#7444));
#1713=EDGE_LOOP('',(#7445,#7446,#7447,#7448));
#1714=EDGE_LOOP('',(#7449,#7450,#7451,#7452));
#1715=EDGE_LOOP('',(#7453,#7454,#7455,#7456));
#1716=EDGE_LOOP('',(#7457,#7458,#7459,#7460));
#1717=EDGE_LOOP('',(#7461,#7462,#7463,#7464));
#1718=EDGE_LOOP('',(#7465,#7466,#7467,#7468));
#1719=EDGE_LOOP('',(#7469,#7470,#7471,#7472));
#1720=EDGE_LOOP('',(#7473,#7474,#7475,#7476));
#1721=EDGE_LOOP('',(#7477,#7478,#7479,#7480,#7481,#7482,#7483,#7484,#7485,
#7486,#7487,#7488,#7489,#7490,#7491,#7492,#7493,#7494,#7495,#7496,#7497,
#7498));
#1722=EDGE_LOOP('',(#7499,#7500,#7501,#7502));
#1723=EDGE_LOOP('',(#7503,#7504,#7505,#7506));
#1724=EDGE_LOOP('',(#7507,#7508,#7509,#7510));
#1725=EDGE_LOOP('',(#7511,#7512,#7513,#7514));
#1726=EDGE_LOOP('',(#7515,#7516,#7517,#7518));
#1727=EDGE_LOOP('',(#7519,#7520,#7521,#7522));
#1728=EDGE_LOOP('',(#7523,#7524,#7525,#7526));
#1729=EDGE_LOOP('',(#7527,#7528,#7529,#7530));
#1730=EDGE_LOOP('',(#7531,#7532,#7533,#7534));
#1731=EDGE_LOOP('',(#7535,#7536,#7537,#7538));
#1732=EDGE_LOOP('',(#7539,#7540,#7541,#7542));
#1733=EDGE_LOOP('',(#7543,#7544,#7545,#7546));
#1734=EDGE_LOOP('',(#7547,#7548,#7549,#7550));
#1735=EDGE_LOOP('',(#7551,#7552,#7553,#7554));
#1736=EDGE_LOOP('',(#7555,#7556,#7557,#7558));
#1737=EDGE_LOOP('',(#7559,#7560,#7561,#7562));
#1738=EDGE_LOOP('',(#7563,#7564,#7565,#7566));
#1739=EDGE_LOOP('',(#7567,#7568,#7569,#7570));
#1740=EDGE_LOOP('',(#7571,#7572,#7573,#7574));
#1741=EDGE_LOOP('',(#7575,#7576,#7577,#7578));
#1742=EDGE_LOOP('',(#7579,#7580,#7581,#7582));
#1743=EDGE_LOOP('',(#7583,#7584,#7585,#7586));
#1744=EDGE_LOOP('',(#7587,#7588,#7589,#7590));
#1745=EDGE_LOOP('',(#7591,#7592,#7593,#7594,#7595,#7596,#7597,#7598,#7599,
#7600,#7601,#7602,#7603,#7604,#7605,#7606,#7607,#7608));
#1746=EDGE_LOOP('',(#7609,#7610,#7611,#7612));
#1747=EDGE_LOOP('',(#7613,#7614,#7615,#7616));
#1748=EDGE_LOOP('',(#7617,#7618,#7619,#7620));
#1749=EDGE_LOOP('',(#7621,#7622,#7623,#7624));
#1750=EDGE_LOOP('',(#7625,#7626,#7627,#7628));
#1751=EDGE_LOOP('',(#7629,#7630,#7631,#7632));
#1752=EDGE_LOOP('',(#7633,#7634,#7635,#7636));
#1753=EDGE_LOOP('',(#7637,#7638,#7639,#7640));
#1754=EDGE_LOOP('',(#7641,#7642,#7643,#7644));
#1755=EDGE_LOOP('',(#7645,#7646,#7647,#7648));
#1756=EDGE_LOOP('',(#7649,#7650,#7651,#7652));
#1757=EDGE_LOOP('',(#7653,#7654,#7655,#7656));
#1758=EDGE_LOOP('',(#7657,#7658,#7659,#7660));
#1759=EDGE_LOOP('',(#7661,#7662,#7663,#7664));
#1760=EDGE_LOOP('',(#7665,#7666,#7667,#7668));
#1761=EDGE_LOOP('',(#7669,#7670,#7671,#7672));
#1762=EDGE_LOOP('',(#7673,#7674,#7675,#7676));
#1763=EDGE_LOOP('',(#7677,#7678,#7679,#7680));
#1764=EDGE_LOOP('',(#7681,#7682,#7683,#7684,#7685,#7686,#7687,#7688,#7689,
#7690,#7691,#7692,#7693));
#1765=EDGE_LOOP('',(#7694,#7695,#7696,#7697));
#1766=EDGE_LOOP('',(#7698,#7699,#7700,#7701));
#1767=EDGE_LOOP('',(#7702,#7703,#7704,#7705));
#1768=EDGE_LOOP('',(#7706,#7707,#7708,#7709));
#1769=EDGE_LOOP('',(#7710,#7711,#7712,#7713));
#1770=EDGE_LOOP('',(#7714,#7715,#7716,#7717));
#1771=EDGE_LOOP('',(#7718,#7719,#7720,#7721));
#1772=EDGE_LOOP('',(#7722,#7723,#7724,#7725));
#1773=EDGE_LOOP('',(#7726,#7727,#7728,#7729));
#1774=EDGE_LOOP('',(#7730,#7731,#7732,#7733));
#1775=EDGE_LOOP('',(#7734,#7735,#7736,#7737));
#1776=EDGE_LOOP('',(#7738,#7739,#7740,#7741));
#1777=EDGE_LOOP('',(#7742,#7743,#7744,#7745));
#1778=EDGE_LOOP('',(#7746,#7747,#7748,#7749));
#1779=EDGE_LOOP('',(#7750,#7751,#7752,#7753));
#1780=EDGE_LOOP('',(#7754,#7755,#7756,#7757));
#1781=EDGE_LOOP('',(#7758,#7759,#7760,#7761,#7762,#7763,#7764,#7765,#7766,
#7767,#7768,#7769,#7770));
#1782=EDGE_LOOP('',(#7771,#7772,#7773));
#1783=EDGE_LOOP('',(#7774,#7775,#7776,#7777));
#1784=EDGE_LOOP('',(#7778,#7779,#7780,#7781));
#1785=EDGE_LOOP('',(#7782,#7783,#7784,#7785));
#1786=EDGE_LOOP('',(#7786,#7787,#7788,#7789));
#1787=EDGE_LOOP('',(#7790,#7791,#7792,#7793));
#1788=EDGE_LOOP('',(#7794,#7795,#7796,#7797));
#1789=EDGE_LOOP('',(#7798,#7799,#7800,#7801));
#1790=EDGE_LOOP('',(#7802,#7803,#7804,#7805));
#1791=EDGE_LOOP('',(#7806,#7807,#7808,#7809));
#1792=EDGE_LOOP('',(#7810,#7811,#7812,#7813));
#1793=EDGE_LOOP('',(#7814,#7815,#7816,#7817));
#1794=EDGE_LOOP('',(#7818,#7819,#7820,#7821));
#1795=EDGE_LOOP('',(#7822,#7823,#7824,#7825));
#1796=EDGE_LOOP('',(#7826,#7827,#7828,#7829));
#1797=EDGE_LOOP('',(#7830,#7831,#7832,#7833));
#1798=EDGE_LOOP('',(#7834,#7835,#7836,#7837));
#1799=EDGE_LOOP('',(#7838,#7839,#7840,#7841));
#1800=EDGE_LOOP('',(#7842,#7843,#7844,#7845));
#1801=EDGE_LOOP('',(#7846,#7847,#7848,#7849,#7850,#7851,#7852,#7853,#7854));
#1802=EDGE_LOOP('',(#7855,#7856,#7857,#7858,#7859));
#1803=EDGE_LOOP('',(#7860,#7861,#7862,#7863));
#1804=EDGE_LOOP('',(#7864,#7865,#7866,#7867));
#1805=EDGE_LOOP('',(#7868,#7869,#7870,#7871));
#1806=EDGE_LOOP('',(#7872,#7873,#7874,#7875));
#1807=EDGE_LOOP('',(#7876,#7877,#7878,#7879));
#1808=EDGE_LOOP('',(#7880,#7881,#7882,#7883));
#1809=EDGE_LOOP('',(#7884,#7885,#7886,#7887));
#1810=EDGE_LOOP('',(#7888,#7889,#7890,#7891));
#1811=EDGE_LOOP('',(#7892,#7893,#7894,#7895));
#1812=EDGE_LOOP('',(#7896,#7897,#7898,#7899));
#1813=EDGE_LOOP('',(#7900,#7901,#7902,#7903));
#1814=EDGE_LOOP('',(#7904,#7905,#7906,#7907));
#1815=EDGE_LOOP('',(#7908,#7909,#7910,#7911));
#1816=EDGE_LOOP('',(#7912,#7913,#7914,#7915));
#1817=EDGE_LOOP('',(#7916,#7917,#7918,#7919));
#1818=EDGE_LOOP('',(#7920,#7921,#7922,#7923));
#1819=EDGE_LOOP('',(#7924,#7925,#7926,#7927));
#1820=EDGE_LOOP('',(#7928,#7929,#7930,#7931));
#1821=EDGE_LOOP('',(#7932,#7933,#7934,#7935,#7936,#7937,#7938,#7939));
#1822=EDGE_LOOP('',(#7940,#7941,#7942,#7943));
#1823=EDGE_LOOP('',(#7944,#7945,#7946,#7947));
#1824=EDGE_LOOP('',(#7948,#7949,#7950,#7951));
#1825=EDGE_LOOP('',(#7952,#7953,#7954,#7955));
#1826=EDGE_LOOP('',(#7956,#7957,#7958,#7959,#7960,#7961,#7962,#7963,#7964,
#7965));
#1827=EDGE_LOOP('',(#7966,#7967,#7968,#7969));
#1828=EDGE_LOOP('',(#7970,#7971,#7972,#7973));
#1829=EDGE_LOOP('',(#7974,#7975,#7976,#7977));
#1830=EDGE_LOOP('',(#7978,#7979,#7980,#7981));
#1831=EDGE_LOOP('',(#7982,#7983,#7984,#7985));
#1832=EDGE_LOOP('',(#7986,#7987,#7988,#7989));
#1833=EDGE_LOOP('',(#7990,#7991,#7992,#7993));
#1834=EDGE_LOOP('',(#7994,#7995,#7996,#7997));
#1835=EDGE_LOOP('',(#7998,#7999,#8000,#8001));
#1836=EDGE_LOOP('',(#8002,#8003,#8004,#8005));
#1837=EDGE_LOOP('',(#8006,#8007,#8008,#8009,#8010,#8011,#8012,#8013,#8014,
#8015,#8016,#8017,#8018,#8019,#8020));
#1838=EDGE_LOOP('',(#8021,#8022,#8023,#8024));
#1839=EDGE_LOOP('',(#8025,#8026,#8027,#8028));
#1840=EDGE_LOOP('',(#8029,#8030,#8031,#8032));
#1841=EDGE_LOOP('',(#8033,#8034,#8035,#8036));
#1842=EDGE_LOOP('',(#8037,#8038,#8039,#8040));
#1843=EDGE_LOOP('',(#8041,#8042,#8043,#8044));
#1844=EDGE_LOOP('',(#8045,#8046,#8047,#8048));
#1845=EDGE_LOOP('',(#8049,#8050,#8051,#8052));
#1846=EDGE_LOOP('',(#8053,#8054,#8055,#8056));
#1847=EDGE_LOOP('',(#8057,#8058,#8059,#8060));
#1848=EDGE_LOOP('',(#8061,#8062,#8063,#8064));
#1849=EDGE_LOOP('',(#8065,#8066,#8067,#8068));
#1850=EDGE_LOOP('',(#8069,#8070,#8071,#8072));
#1851=EDGE_LOOP('',(#8073,#8074,#8075,#8076));
#1852=EDGE_LOOP('',(#8077,#8078,#8079,#8080));
#1853=EDGE_LOOP('',(#8081,#8082,#8083,#8084,#8085,#8086,#8087,#8088));
#1854=EDGE_LOOP('',(#8089,#8090,#8091,#8092,#8093));
#1855=EDGE_LOOP('',(#8094));
#1856=EDGE_LOOP('',(#8095));
#1857=EDGE_LOOP('',(#8096));
#1858=EDGE_LOOP('',(#8097));
#1859=EDGE_LOOP('',(#8098,#8099,#8100,#8101,#8102));
#1860=EDGE_LOOP('',(#8103));
#1861=EDGE_LOOP('',(#8104));
#1862=EDGE_LOOP('',(#8105,#8106,#8107,#8108));
#1863=EDGE_LOOP('',(#8109));
#1864=EDGE_LOOP('',(#8110));
#1865=EDGE_LOOP('',(#8111,#8112,#8113,#8114));
#1866=EDGE_LOOP('',(#8115,#8116,#8117,#8118));
#1867=EDGE_LOOP('',(#8119));
#1868=EDGE_LOOP('',(#8120));
#1869=EDGE_LOOP('',(#8121));
#1870=EDGE_LOOP('',(#8122,#8123,#8124,#8125));
#1871=EDGE_LOOP('',(#8126));
#1872=EDGE_LOOP('',(#8127));
#1873=EDGE_LOOP('',(#8128,#8129,#8130,#8131,#8132,#8133,#8134,#8135));
#1874=EDGE_LOOP('',(#8136));
#1875=EDGE_LOOP('',(#8137));
#1876=EDGE_LOOP('',(#8138,#8139,#8140,#8141));
#1877=EDGE_LOOP('',(#8142));
#1878=EDGE_LOOP('',(#8143));
#1879=EDGE_LOOP('',(#8144,#8145,#8146,#8147));
#1880=EDGE_LOOP('',(#8148,#8149,#8150,#8151));
#1881=EDGE_LOOP('',(#8152,#8153,#8154,#8155,#8156,#8157,#8158));
#1882=EDGE_LOOP('',(#8159,#8160,#8161,#8162));
#1883=EDGE_LOOP('',(#8163));
#1884=EDGE_LOOP('',(#8164));
#1885=EDGE_LOOP('',(#8165));
#1886=EDGE_LOOP('',(#8166,#8167,#8168,#8169));
#1887=EDGE_LOOP('',(#8170));
#1888=EDGE_LOOP('',(#8171));
#1889=EDGE_LOOP('',(#8172,#8173,#8174,#8175,#8176));
#1890=EDGE_LOOP('',(#8177,#8178,#8179,#8180,#8181));
#1891=EDGE_LOOP('',(#8182,#8183,#8184,#8185,#8186,#8187));
#1892=EDGE_LOOP('',(#8188));
#1893=EDGE_LOOP('',(#8189,#8190,#8191,#8192,#8193,#8194,#8195));
#1894=EDGE_LOOP('',(#8196,#8197,#8198,#8199,#8200));
#1895=EDGE_LOOP('',(#8201,#8202,#8203,#8204));
#1896=EDGE_LOOP('',(#8205,#8206,#8207,#8208,#8209));
#1897=EDGE_LOOP('',(#8210,#8211,#8212,#8213));
#1898=EDGE_LOOP('',(#8214));
#1899=EDGE_LOOP('',(#8215,#8216,#8217,#8218));
#1900=EDGE_LOOP('',(#8219,#8220,#8221,#8222,#8223));
#1901=EDGE_LOOP('',(#8224,#8225,#8226,#8227,#8228));
#1902=EDGE_LOOP('',(#8229,#8230,#8231,#8232));
#1903=EDGE_LOOP('',(#8233));
#1904=EDGE_LOOP('',(#8234,#8235,#8236,#8237));
#1905=EDGE_LOOP('',(#8238,#8239,#8240,#8241));
#1906=EDGE_LOOP('',(#8242,#8243,#8244,#8245,#8246,#8247,#8248));
#1907=EDGE_LOOP('',(#8249,#8250,#8251,#8252,#8253,#8254));
#1908=EDGE_LOOP('',(#8255));
#1909=EDGE_LOOP('',(#8256,#8257,#8258,#8259));
#1910=EDGE_LOOP('',(#8260,#8261,#8262,#8263,#8264,#8265,#8266,#8267,#8268));
#1911=EDGE_LOOP('',(#8269,#8270,#8271,#8272,#8273,#8274,#8275,#8276));
#1912=EDGE_LOOP('',(#8277,#8278,#8279,#8280));
#1913=EDGE_LOOP('',(#8281,#8282));
#1914=EDGE_LOOP('',(#8283,#8284,#8285,#8286));
#1915=EDGE_LOOP('',(#8287,#8288,#8289,#8290,#8291,#8292,#8293));
#1916=EDGE_LOOP('',(#8294,#8295,#8296,#8297));
#1917=EDGE_LOOP('',(#8298,#8299,#8300,#8301,#8302,#8303));
#1918=EDGE_LOOP('',(#8304,#8305,#8306,#8307,#8308,#8309,#8310));
#1919=EDGE_LOOP('',(#8311,#8312,#8313,#8314));
#1920=EDGE_LOOP('',(#8315,#8316,#8317,#8318,#8319));
#1921=EDGE_LOOP('',(#8320,#8321,#8322,#8323,#8324));
#1922=EDGE_LOOP('',(#8325,#8326,#8327,#8328));
#1923=EDGE_LOOP('',(#8329,#8330,#8331,#8332));
#1924=EDGE_LOOP('',(#8333,#8334,#8335,#8336));
#1925=EDGE_LOOP('',(#8337,#8338,#8339,#8340));
#1926=EDGE_LOOP('',(#8341,#8342,#8343,#8344));
#1927=EDGE_LOOP('',(#8345,#8346));
#1928=EDGE_LOOP('',(#8347,#8348,#8349,#8350));
#1929=EDGE_LOOP('',(#8351,#8352,#8353,#8354));
#1930=EDGE_LOOP('',(#8355,#8356,#8357,#8358));
#1931=EDGE_LOOP('',(#8359,#8360,#8361,#8362,#8363,#8364,#8365,#8366,#8367,
#8368,#8369,#8370));
#1932=EDGE_LOOP('',(#8371,#8372,#8373,#8374));
#1933=EDGE_LOOP('',(#8375,#8376,#8377));
#1934=LINE('',#11235,#2654);
#1935=LINE('',#11242,#2655);
#1936=LINE('',#11246,#2656);
#1937=LINE('',#11250,#2657);
#1938=LINE('',#11254,#2658);
#1939=LINE('',#11258,#2659);
#1940=LINE('',#11262,#2660);
#1941=LINE('',#11266,#2661);
#1942=LINE('',#11270,#2662);
#1943=LINE('',#11274,#2663);
#1944=LINE('',#11278,#2664);
#1945=LINE('',#11308,#2665);
#1946=LINE('',#11310,#2666);
#1947=LINE('',#11312,#2667);
#1948=LINE('',#11313,#2668);
#1949=LINE('',#11340,#2669);
#1950=LINE('',#11380,#2670);
#1951=LINE('',#11386,#2671);
#1952=LINE('',#11426,#2672);
#1953=LINE('',#11432,#2673);
#1954=LINE('',#11440,#2674);
#1955=LINE('',#11446,#2675);
#1956=LINE('',#11454,#2676);
#1957=LINE('',#11456,#2677);
#1958=LINE('',#11458,#2678);
#1959=LINE('',#11460,#2679);
#1960=LINE('',#11461,#2680);
#1961=LINE('',#11464,#2681);
#1962=LINE('',#11466,#2682);
#1963=LINE('',#11468,#2683);
#1964=LINE('',#11470,#2684);
#1965=LINE('',#11471,#2685);
#1966=LINE('',#11474,#2686);
#1967=LINE('',#11480,#2687);
#1968=LINE('',#11529,#2688);
#1969=LINE('',#11535,#2689);
#1970=LINE('',#11584,#2690);
#1971=LINE('',#11590,#2691);
#1972=LINE('',#11627,#2692);
#1973=LINE('',#11633,#2693);
#1974=LINE('',#11681,#2694);
#1975=LINE('',#11685,#2695);
#1976=LINE('',#11698,#2696);
#1977=LINE('',#11711,#2697);
#1978=LINE('',#11712,#2698);
#1979=LINE('',#11714,#2699);
#1980=LINE('',#11716,#2700);
#1981=LINE('',#11718,#2701);
#1982=LINE('',#11720,#2702);
#1983=LINE('',#11724,#2703);
#1984=LINE('',#11728,#2704);
#1985=LINE('',#11729,#2705);
#1986=LINE('',#11731,#2706);
#1987=LINE('',#11744,#2707);
#1988=LINE('',#11748,#2708);
#1989=LINE('',#11761,#2709);
#1990=LINE('',#11762,#2710);
#1991=LINE('',#11765,#2711);
#1992=LINE('',#11772,#2712);
#1993=LINE('',#11775,#2713);
#1994=LINE('',#11779,#2714);
#1995=LINE('',#11783,#2715);
#1996=LINE('',#11786,#2716);
#1997=LINE('',#11800,#2717);
#1998=LINE('',#11813,#2718);
#1999=LINE('',#11814,#2719);
#2000=LINE('',#11817,#2720);
#2001=LINE('',#11822,#2721);
#2002=LINE('',#11836,#2722);
#2003=LINE('',#11840,#2723);
#2004=LINE('',#11852,#2724);
#2005=LINE('',#11854,#2725);
#2006=LINE('',#11856,#2726);
#2007=LINE('',#11860,#2727);
#2008=LINE('',#11864,#2728);
#2009=LINE('',#11866,#2729);
#2010=LINE('',#11868,#2730);
#2011=LINE('',#11869,#2731);
#2012=LINE('',#11871,#2732);
#2013=LINE('',#11884,#2733);
#2014=LINE('',#11897,#2734);
#2015=LINE('',#11901,#2735);
#2016=LINE('',#11914,#2736);
#2017=LINE('',#11915,#2737);
#2018=LINE('',#11918,#2738);
#2019=LINE('',#11924,#2739);
#2020=LINE('',#11937,#2740);
#2021=LINE('',#11939,#2741);
#2022=LINE('',#11945,#2742);
#2023=LINE('',#11947,#2743);
#2024=LINE('',#11960,#2744);
#2025=LINE('',#11973,#2745);
#2026=LINE('',#11975,#2746);
#2027=LINE('',#11976,#2747);
#2028=LINE('',#11978,#2748);
#2029=LINE('',#11991,#2749);
#2030=LINE('',#11995,#2750);
#2031=LINE('',#12008,#2751);
#2032=LINE('',#12021,#2752);
#2033=LINE('',#12025,#2753);
#2034=LINE('',#12038,#2754);
#2035=LINE('',#12050,#2755);
#2036=LINE('',#12106,#2756);
#2037=LINE('',#12128,#2757);
#2038=LINE('',#12182,#2758);
#2039=LINE('',#12203,#2759);
#2040=LINE('',#12319,#2760);
#2041=LINE('',#12386,#2761);
#2042=LINE('',#12389,#2762);
#2043=LINE('',#12505,#2763);
#2044=LINE('',#12569,#2764);
#2045=LINE('',#12576,#2765);
#2046=LINE('',#12579,#2766);
#2047=LINE('',#12582,#2767);
#2048=LINE('',#12588,#2768);
#2049=LINE('',#12592,#2769);
#2050=LINE('',#12598,#2770);
#2051=LINE('',#12602,#2771);
#2052=LINE('',#12608,#2772);
#2053=LINE('',#12612,#2773);
#2054=LINE('',#12618,#2774);
#2055=LINE('',#12622,#2775);
#2056=LINE('',#12624,#2776);
#2057=LINE('',#12625,#2777);
#2058=LINE('',#12629,#2778);
#2059=LINE('',#12632,#2779);
#2060=LINE('',#12633,#2780);
#2061=LINE('',#12637,#2781);
#2062=LINE('',#12640,#2782);
#2063=LINE('',#12641,#2783);
#2064=LINE('',#12645,#2784);
#2065=LINE('',#12648,#2785);
#2066=LINE('',#12649,#2786);
#2067=LINE('',#12652,#2787);
#2068=LINE('',#12656,#2788);
#2069=LINE('',#12657,#2789);
#2070=LINE('',#12661,#2790);
#2071=LINE('',#12664,#2791);
#2072=LINE('',#12665,#2792);
#2073=LINE('',#12669,#2793);
#2074=LINE('',#12672,#2794);
#2075=LINE('',#12673,#2795);
#2076=LINE('',#12677,#2796);
#2077=LINE('',#12680,#2797);
#2078=LINE('',#12681,#2798);
#2079=LINE('',#12685,#2799);
#2080=LINE('',#12688,#2800);
#2081=LINE('',#12689,#2801);
#2082=LINE('',#12692,#2802);
#2083=LINE('',#12696,#2803);
#2084=LINE('',#12697,#2804);
#2085=LINE('',#12702,#2805);
#2086=LINE('',#12705,#2806);
#2087=LINE('',#12708,#2807);
#2088=LINE('',#12709,#2808);
#2089=LINE('',#12712,#2809);
#2090=LINE('',#12716,#2810);
#2091=LINE('',#12717,#2811);
#2092=LINE('',#12720,#2812);
#2093=LINE('',#12724,#2813);
#2094=LINE('',#12727,#2814);
#2095=LINE('',#12730,#2815);
#2096=LINE('',#12731,#2816);
#2097=LINE('',#12735,#2817);
#2098=LINE('',#12739,#2818);
#2099=LINE('',#12743,#2819);
#2100=LINE('',#12746,#2820);
#2101=LINE('',#12749,#2821);
#2102=LINE('',#12753,#2822);
#2103=LINE('',#12754,#2823);
#2104=LINE('',#12776,#2824);
#2105=LINE('',#12783,#2825);
#2106=LINE('',#12786,#2826);
#2107=LINE('',#12787,#2827);
#2108=LINE('',#12809,#2828);
#2109=LINE('',#12837,#2829);
#2110=LINE('',#12839,#2830);
#2111=LINE('',#12840,#2831);
#2112=LINE('',#12843,#2832);
#2113=LINE('',#12847,#2833);
#2114=LINE('',#12848,#2834);
#2115=LINE('',#12890,#2835);
#2116=LINE('',#12917,#2836);
#2117=LINE('',#12945,#2837);
#2118=LINE('',#12947,#2838);
#2119=LINE('',#12948,#2839);
#2120=LINE('',#12951,#2840);
#2121=LINE('',#12955,#2841);
#2122=LINE('',#12956,#2842);
#2123=LINE('',#12998,#2843);
#2124=LINE('',#13005,#2844);
#2125=LINE('',#13007,#2845);
#2126=LINE('',#13012,#2846);
#2127=LINE('',#13013,#2847);
#2128=LINE('',#13016,#2848);
#2129=LINE('',#13019,#2849);
#2130=LINE('',#13020,#2850);
#2131=LINE('',#13022,#2851);
#2132=LINE('',#13051,#2852);
#2133=LINE('',#13052,#2853);
#2134=LINE('',#13053,#2854);
#2135=LINE('',#13055,#2855);
#2136=LINE('',#13058,#2856);
#2137=LINE('',#13060,#2857);
#2138=LINE('',#13063,#2858);
#2139=LINE('',#13064,#2859);
#2140=LINE('',#13066,#2860);
#2141=LINE('',#13070,#2861);
#2142=LINE('',#13092,#2862);
#2143=LINE('',#13100,#2863);
#2144=LINE('',#13102,#2864);
#2145=LINE('',#13103,#2865);
#2146=LINE('',#13106,#2866);
#2147=LINE('',#13110,#2867);
#2148=LINE('',#13111,#2868);
#2149=LINE('',#13153,#2869);
#2150=LINE('',#13180,#2870);
#2151=LINE('',#13208,#2871);
#2152=LINE('',#13210,#2872);
#2153=LINE('',#13211,#2873);
#2154=LINE('',#13214,#2874);
#2155=LINE('',#13218,#2875);
#2156=LINE('',#13219,#2876);
#2157=LINE('',#13261,#2877);
#2158=LINE('',#13268,#2878);
#2159=LINE('',#13271,#2879);
#2160=LINE('',#13272,#2880);
#2161=LINE('',#13294,#2881);
#2162=LINE('',#13322,#2882);
#2163=LINE('',#13323,#2883);
#2164=LINE('',#13370,#2884);
#2165=LINE('',#13373,#2885);
#2166=LINE('',#13375,#2886);
#2167=LINE('',#13376,#2887);
#2168=LINE('',#13389,#2888);
#2169=LINE('',#13391,#2889);
#2170=LINE('',#13406,#2890);
#2171=LINE('',#13408,#2891);
#2172=LINE('',#13420,#2892);
#2173=LINE('',#13433,#2893);
#2174=LINE('',#13446,#2894);
#2175=LINE('',#13450,#2895);
#2176=LINE('',#13463,#2896);
#2177=LINE('',#13476,#2897);
#2178=LINE('',#13480,#2898);
#2179=LINE('',#13508,#2899);
#2180=LINE('',#13512,#2900);
#2181=LINE('',#13516,#2901);
#2182=LINE('',#13518,#2902);
#2183=LINE('',#13521,#2903);
#2184=LINE('',#13522,#2904);
#2185=LINE('',#13591,#2905);
#2186=LINE('',#13592,#2906);
#2187=LINE('',#13594,#2907);
#2188=LINE('',#13595,#2908);
#2189=LINE('',#13600,#2909);
#2190=LINE('',#13604,#2910);
#2191=LINE('',#13620,#2911);
#2192=LINE('',#13629,#2912);
#2193=LINE('',#13661,#2913);
#2194=LINE('',#13663,#2914);
#2195=LINE('',#13664,#2915);
#2196=LINE('',#13703,#2916);
#2197=LINE('',#13707,#2917);
#2198=LINE('',#13710,#2918);
#2199=LINE('',#13713,#2919);
#2200=LINE('',#13715,#2920);
#2201=LINE('',#13717,#2921);
#2202=LINE('',#13734,#2922);
#2203=LINE('',#13735,#2923);
#2204=LINE('',#13751,#2924);
#2205=LINE('',#13754,#2925);
#2206=LINE('',#13756,#2926);
#2207=LINE('',#13758,#2927);
#2208=LINE('',#13759,#2928);
#2209=LINE('',#13762,#2929);
#2210=LINE('',#13764,#2930);
#2211=LINE('',#13791,#2931);
#2212=LINE('',#13793,#2932);
#2213=LINE('',#13815,#2933);
#2214=LINE('',#13816,#2934);
#2215=LINE('',#13824,#2935);
#2216=LINE('',#13826,#2936);
#2217=LINE('',#13828,#2937);
#2218=LINE('',#13840,#2938);
#2219=LINE('',#13842,#2939);
#2220=LINE('',#13844,#2940);
#2221=LINE('',#13881,#2941);
#2222=LINE('',#13883,#2942);
#2223=LINE('',#13885,#2943);
#2224=LINE('',#13887,#2944);
#2225=LINE('',#13889,#2945);
#2226=LINE('',#13916,#2946);
#2227=LINE('',#13918,#2947);
#2228=LINE('',#13940,#2948);
#2229=LINE('',#13942,#2949);
#2230=LINE('',#13954,#2950);
#2231=LINE('',#13956,#2951);
#2232=LINE('',#13973,#2952);
#2233=LINE('',#13975,#2953);
#2234=LINE('',#13977,#2954);
#2235=LINE('',#13979,#2955);
#2236=LINE('',#13981,#2956);
#2237=LINE('',#13992,#2957);
#2238=LINE('',#14015,#2958);
#2239=LINE('',#14017,#2959);
#2240=LINE('',#14059,#2960);
#2241=LINE('',#14061,#2961);
#2242=LINE('',#14073,#2962);
#2243=LINE('',#14077,#2963);
#2244=LINE('',#14078,#2964);
#2245=LINE('',#14080,#2965);
#2246=LINE('',#14081,#2966);
#2247=LINE('',#14084,#2967);
#2248=LINE('',#14101,#2968);
#2249=LINE('',#14103,#2969);
#2250=LINE('',#14105,#2970);
#2251=LINE('',#14122,#2971);
#2252=LINE('',#14124,#2972);
#2253=LINE('',#14126,#2973);
#2254=LINE('',#14128,#2974);
#2255=LINE('',#14130,#2975);
#2256=LINE('',#14157,#2976);
#2257=LINE('',#14158,#2977);
#2258=LINE('',#14261,#2978);
#2259=LINE('',#14263,#2979);
#2260=LINE('',#14305,#2980);
#2261=LINE('',#14307,#2981);
#2262=LINE('',#14339,#2982);
#2263=LINE('',#14341,#2983);
#2264=LINE('',#14383,#2984);
#2265=LINE('',#14385,#2985);
#2266=LINE('',#14397,#2986);
#2267=LINE('',#14399,#2987);
#2268=LINE('',#14401,#2988);
#2269=LINE('',#14403,#2989);
#2270=LINE('',#14405,#2990);
#2271=LINE('',#14407,#2991);
#2272=LINE('',#14409,#2992);
#2273=LINE('',#14411,#2993);
#2274=LINE('',#14413,#2994);
#2275=LINE('',#14415,#2995);
#2276=LINE('',#14417,#2996);
#2277=LINE('',#14419,#2997);
#2278=LINE('',#14421,#2998);
#2279=LINE('',#14422,#2999);
#2280=LINE('',#14425,#3000);
#2281=LINE('',#14427,#3001);
#2282=LINE('',#14429,#3002);
#2283=LINE('',#14431,#3003);
#2284=LINE('',#14433,#3004);
#2285=LINE('',#14435,#3005);
#2286=LINE('',#14447,#3006);
#2287=LINE('',#14449,#3007);
#2288=LINE('',#14451,#3008);
#2289=LINE('',#14452,#3009);
#2290=LINE('',#14455,#3010);
#2291=LINE('',#14472,#3011);
#2292=LINE('',#14474,#3012);
#2293=LINE('',#14476,#3013);
#2294=LINE('',#14493,#3014);
#2295=LINE('',#14495,#3015);
#2296=LINE('',#14497,#3016);
#2297=LINE('',#14499,#3017);
#2298=LINE('',#14501,#3018);
#2299=LINE('',#14528,#3019);
#2300=LINE('',#14529,#3020);
#2301=LINE('',#14548,#3021);
#2302=LINE('',#14565,#3022);
#2303=LINE('',#14567,#3023);
#2304=LINE('',#14569,#3024);
#2305=LINE('',#14596,#3025);
#2306=LINE('',#14598,#3026);
#2307=LINE('',#14600,#3027);
#2308=LINE('',#14602,#3028);
#2309=LINE('',#14604,#3029);
#2310=LINE('',#14621,#3030);
#2311=LINE('',#14623,#3031);
#2312=LINE('',#14625,#3032);
#2313=LINE('',#14641,#3033);
#2314=LINE('',#14642,#3034);
#2315=LINE('',#14644,#3035);
#2316=LINE('',#14646,#3036);
#2317=LINE('',#14655,#3037);
#2318=LINE('',#14664,#3038);
#2319=LINE('',#14673,#3039);
#2320=LINE('',#14682,#3040);
#2321=LINE('',#14691,#3041);
#2322=LINE('',#14693,#3042);
#2323=LINE('',#14695,#3043);
#2324=LINE('',#14697,#3044);
#2325=LINE('',#14699,#3045);
#2326=LINE('',#14701,#3046);
#2327=LINE('',#14710,#3047);
#2328=LINE('',#14719,#3048);
#2329=LINE('',#14728,#3049);
#2330=LINE('',#14730,#3050);
#2331=LINE('',#14732,#3051);
#2332=LINE('',#14734,#3052);
#2333=LINE('',#14743,#3053);
#2334=LINE('',#14752,#3054);
#2335=LINE('',#14776,#3055);
#2336=LINE('',#14782,#3056);
#2337=LINE('',#14797,#3057);
#2338=LINE('',#14816,#3058);
#2339=LINE('',#14886,#3059);
#2340=LINE('',#14887,#3060);
#2341=LINE('',#14896,#3061);
#2342=LINE('',#14905,#3062);
#2343=LINE('',#14914,#3063);
#2344=LINE('',#14923,#3064);
#2345=LINE('',#14932,#3065);
#2346=LINE('',#14941,#3066);
#2347=LINE('',#14965,#3067);
#2348=LINE('',#14971,#3068);
#2349=LINE('',#14986,#3069);
#2350=LINE('',#15005,#3070);
#2351=LINE('',#15075,#3071);
#2352=LINE('',#15076,#3072);
#2353=LINE('',#15085,#3073);
#2354=LINE('',#15094,#3074);
#2355=LINE('',#15103,#3075);
#2356=LINE('',#15112,#3076);
#2357=LINE('',#15121,#3077);
#2358=LINE('',#15130,#3078);
#2359=LINE('',#15157,#3079);
#2360=LINE('',#15159,#3080);
#2361=LINE('',#15201,#3081);
#2362=LINE('',#15203,#3082);
#2363=LINE('',#15226,#3083);
#2364=LINE('',#15227,#3084);
#2365=LINE('',#15236,#3085);
#2366=LINE('',#15245,#3086);
#2367=LINE('',#15247,#3087);
#2368=LINE('',#15249,#3088);
#2369=LINE('',#15258,#3089);
#2370=LINE('',#15267,#3090);
#2371=LINE('',#15276,#3091);
#2372=LINE('',#15285,#3092);
#2373=LINE('',#15294,#3093);
#2374=LINE('',#15303,#3094);
#2375=LINE('',#15312,#3095);
#2376=LINE('',#15321,#3096);
#2377=LINE('',#15323,#3097);
#2378=LINE('',#15325,#3098);
#2379=LINE('',#15334,#3099);
#2380=LINE('',#15343,#3100);
#2381=LINE('',#15370,#3101);
#2382=LINE('',#15372,#3102);
#2383=LINE('',#15414,#3103);
#2384=LINE('',#15416,#3104);
#2385=LINE('',#15439,#3105);
#2386=LINE('',#15440,#3106);
#2387=LINE('',#15449,#3107);
#2388=LINE('',#15458,#3108);
#2389=LINE('',#15460,#3109);
#2390=LINE('',#15462,#3110);
#2391=LINE('',#15471,#3111);
#2392=LINE('',#15480,#3112);
#2393=LINE('',#15489,#3113);
#2394=LINE('',#15498,#3114);
#2395=LINE('',#15507,#3115);
#2396=LINE('',#15516,#3116);
#2397=LINE('',#15525,#3117);
#2398=LINE('',#15534,#3118);
#2399=LINE('',#15536,#3119);
#2400=LINE('',#15538,#3120);
#2401=LINE('',#15547,#3121);
#2402=LINE('',#15556,#3122);
#2403=LINE('',#15567,#3123);
#2404=LINE('',#15569,#3124);
#2405=LINE('',#15570,#3125);
#2406=LINE('',#15574,#3126);
#2407=LINE('',#15575,#3127);
#2408=LINE('',#15576,#3128);
#2409=LINE('',#15579,#3129);
#2410=LINE('',#15580,#3130);
#2411=LINE('',#15583,#3131);
#2412=LINE('',#15584,#3132);
#2413=LINE('',#15587,#3133);
#2414=LINE('',#15588,#3134);
#2415=LINE('',#15590,#3135);
#2416=LINE('',#15593,#3136);
#2417=LINE('',#15594,#3137);
#2418=LINE('',#15597,#3138);
#2419=LINE('',#15599,#3139);
#2420=LINE('',#15601,#3140);
#2421=LINE('',#15603,#3141);
#2422=LINE('',#15605,#3142);
#2423=LINE('',#15607,#3143);
#2424=LINE('',#15608,#3144);
#2425=LINE('',#15610,#3145);
#2426=LINE('',#15611,#3146);
#2427=LINE('',#15613,#3147);
#2428=LINE('',#15615,#3148);
#2429=LINE('',#15617,#3149);
#2430=LINE('',#15620,#3150);
#2431=LINE('',#15625,#3151);
#2432=LINE('',#15627,#3152);
#2433=LINE('',#15629,#3153);
#2434=LINE('',#15631,#3154);
#2435=LINE('',#15633,#3155);
#2436=LINE('',#15645,#3156);
#2437=LINE('',#15647,#3157);
#2438=LINE('',#15649,#3158);
#2439=LINE('',#15651,#3159);
#2440=LINE('',#15652,#3160);
#2441=LINE('',#15654,#3161);
#2442=LINE('',#15655,#3162);
#2443=LINE('',#15657,#3163);
#2444=LINE('',#15659,#3164);
#2445=LINE('',#15661,#3165);
#2446=LINE('',#15663,#3166);
#2447=LINE('',#15672,#3167);
#2448=LINE('',#15681,#3168);
#2449=LINE('',#15683,#3169);
#2450=LINE('',#15685,#3170);
#2451=LINE('',#15687,#3171);
#2452=LINE('',#15689,#3172);
#2453=LINE('',#15694,#3173);
#2454=LINE('',#15696,#3174);
#2455=LINE('',#15698,#3175);
#2456=LINE('',#15725,#3176);
#2457=LINE('',#15727,#3177);
#2458=LINE('',#15729,#3178);
#2459=LINE('',#15731,#3179);
#2460=LINE('',#15733,#3180);
#2461=LINE('',#15750,#3181);
#2462=LINE('',#15752,#3182);
#2463=LINE('',#15754,#3183);
#2464=LINE('',#15770,#3184);
#2465=LINE('',#15771,#3185);
#2466=LINE('',#15773,#3186);
#2467=LINE('',#15775,#3187);
#2468=LINE('',#15784,#3188);
#2469=LINE('',#15793,#3189);
#2470=LINE('',#15802,#3190);
#2471=LINE('',#15811,#3191);
#2472=LINE('',#15820,#3192);
#2473=LINE('',#15822,#3193);
#2474=LINE('',#15824,#3194);
#2475=LINE('',#15826,#3195);
#2476=LINE('',#15828,#3196);
#2477=LINE('',#15830,#3197);
#2478=LINE('',#15839,#3198);
#2479=LINE('',#15848,#3199);
#2480=LINE('',#15857,#3200);
#2481=LINE('',#15859,#3201);
#2482=LINE('',#15861,#3202);
#2483=LINE('',#15863,#3203);
#2484=LINE('',#15872,#3204);
#2485=LINE('',#15881,#3205);
#2486=LINE('',#15909,#3206);
#2487=LINE('',#15911,#3207);
#2488=LINE('',#15953,#3208);
#2489=LINE('',#15955,#3209);
#2490=LINE('',#15978,#3210);
#2491=LINE('',#15979,#3211);
#2492=LINE('',#15988,#3212);
#2493=LINE('',#15997,#3213);
#2494=LINE('',#15999,#3214);
#2495=LINE('',#16001,#3215);
#2496=LINE('',#16010,#3216);
#2497=LINE('',#16019,#3217);
#2498=LINE('',#16028,#3218);
#2499=LINE('',#16037,#3219);
#2500=LINE('',#16046,#3220);
#2501=LINE('',#16055,#3221);
#2502=LINE('',#16064,#3222);
#2503=LINE('',#16073,#3223);
#2504=LINE('',#16075,#3224);
#2505=LINE('',#16077,#3225);
#2506=LINE('',#16086,#3226);
#2507=LINE('',#16095,#3227);
#2508=LINE('',#16107,#3228);
#2509=LINE('',#16109,#3229);
#2510=LINE('',#16121,#3230);
#2511=LINE('',#16123,#3231);
#2512=LINE('',#16125,#3232);
#2513=LINE('',#16127,#3233);
#2514=LINE('',#16129,#3234);
#2515=LINE('',#16145,#3235);
#2516=LINE('',#16147,#3236);
#2517=LINE('',#16148,#3237);
#2518=LINE('',#16150,#3238);
#2519=LINE('',#16159,#3239);
#2520=LINE('',#16168,#3240);
#2521=LINE('',#16170,#3241);
#2522=LINE('',#16172,#3242);
#2523=LINE('',#16174,#3243);
#2524=LINE('',#16176,#3244);
#2525=LINE('',#16178,#3245);
#2526=LINE('',#16187,#3246);
#2527=LINE('',#16196,#3247);
#2528=LINE('',#16205,#3248);
#2529=LINE('',#16222,#3249);
#2530=LINE('',#16228,#3250);
#2531=LINE('',#16243,#3251);
#2532=LINE('',#16249,#3252);
#2533=LINE('',#16250,#3253);
#2534=LINE('',#16269,#3254);
#2535=LINE('',#16271,#3255);
#2536=LINE('',#16293,#3256);
#2537=LINE('',#16295,#3257);
#2538=LINE('',#16313,#3258);
#2539=LINE('',#16314,#3259);
#2540=LINE('',#16323,#3260);
#2541=LINE('',#16332,#3261);
#2542=LINE('',#16334,#3262);
#2543=LINE('',#16336,#3263);
#2544=LINE('',#16345,#3264);
#2545=LINE('',#16354,#3265);
#2546=LINE('',#16363,#3266);
#2547=LINE('',#16372,#3267);
#2548=LINE('',#16374,#3268);
#2549=LINE('',#16376,#3269);
#2550=LINE('',#16385,#3270);
#2551=LINE('',#16409,#3271);
#2552=LINE('',#16415,#3272);
#2553=LINE('',#16430,#3273);
#2554=LINE('',#16437,#3274);
#2555=LINE('',#16439,#3275);
#2556=LINE('',#16440,#3276);
#2557=LINE('',#16455,#3277);
#2558=LINE('',#16494,#3278);
#2559=LINE('',#16496,#3279);
#2560=LINE('',#16498,#3280);
#2561=LINE('',#16500,#3281);
#2562=LINE('',#16502,#3282);
#2563=LINE('',#16515,#3283);
#2564=LINE('',#16516,#3284);
#2565=LINE('',#16525,#3285);
#2566=LINE('',#16534,#3286);
#2567=LINE('',#16536,#3287);
#2568=LINE('',#16538,#3288);
#2569=LINE('',#16540,#3289);
#2570=LINE('',#16542,#3290);
#2571=LINE('',#16544,#3291);
#2572=LINE('',#16568,#3292);
#2573=LINE('',#16574,#3293);
#2574=LINE('',#16589,#3294);
#2575=LINE('',#16608,#3295);
#2576=LINE('',#16627,#3296);
#2577=LINE('',#16646,#3297);
#2578=LINE('',#16665,#3298);
#2579=LINE('',#16684,#3299);
#2580=LINE('',#16734,#3300);
#2581=LINE('',#16735,#3301);
#2582=LINE('',#16744,#3302);
#2583=LINE('',#16753,#3303);
#2584=LINE('',#16775,#3304);
#2585=LINE('',#16777,#3305);
#2586=LINE('',#16779,#3306);
#2587=LINE('',#16791,#3307);
#2588=LINE('',#16793,#3308);
#2589=LINE('',#16794,#3309);
#2590=LINE('',#16803,#3310);
#2591=LINE('',#16804,#3311);
#2592=LINE('',#16813,#3312);
#2593=LINE('',#16815,#3313);
#2594=LINE('',#16817,#3314);
#2595=LINE('',#16819,#3315);
#2596=LINE('',#16828,#3316);
#2597=LINE('',#16837,#3317);
#2598=LINE('',#16839,#3318);
#2599=LINE('',#16841,#3319);
#2600=LINE('',#16846,#3320);
#2601=LINE('',#16848,#3321);
#2602=LINE('',#16850,#3322);
#2603=LINE('',#16872,#3323);
#2604=LINE('',#16874,#3324);
#2605=LINE('',#16900,#3325);
#2606=LINE('',#16902,#3326);
#2607=LINE('',#16903,#3327);
#2608=LINE('',#16905,#3328);
#2609=LINE('',#16907,#3329);
#2610=LINE('',#16916,#3330);
#2611=LINE('',#16925,#3331);
#2612=LINE('',#16934,#3332);
#2613=LINE('',#16943,#3333);
#2614=LINE('',#16945,#3334);
#2615=LINE('',#16947,#3335);
#2616=LINE('',#16956,#3336);
#2617=LINE('',#16965,#3337);
#2618=LINE('',#16974,#3338);
#2619=LINE('',#16983,#3339);
#2620=LINE('',#16992,#3340);
#2621=LINE('',#17000,#3341);
#2622=LINE('',#17001,#3342);
#2623=LINE('',#17007,#3343);
#2624=LINE('',#17016,#3344);
#2625=LINE('',#17024,#3345);
#2626=LINE('',#17030,#3346);
#2627=LINE('',#17042,#3347);
#2628=LINE('',#17048,#3348);
#2629=LINE('',#17053,#3349);
#2630=LINE('',#17059,#3350);
#2631=LINE('',#17065,#3351);
#2632=LINE('',#17073,#3352);
#2633=LINE('',#17077,#3353);
#2634=LINE('',#17079,#3354);
#2635=LINE('',#17084,#3355);
#2636=LINE('',#17086,#3356);
#2637=LINE('',#17088,#3357);
#2638=LINE('',#17092,#3358);
#2639=LINE('',#17096,#3359);
#2640=LINE('',#17099,#3360);
#2641=LINE('',#17102,#3361);
#2642=LINE('',#17107,#3362);
#2643=LINE('',#17108,#3363);
#2644=LINE('',#17114,#3364);
#2645=LINE('',#17118,#3365);
#2646=LINE('',#17120,#3366);
#2647=LINE('',#17126,#3367);
#2648=LINE('',#17129,#3368);
#2649=LINE('',#17137,#3369);
#2650=LINE('',#17139,#3370);
#2651=LINE('',#17140,#3371);
#2652=LINE('',#17143,#3372);
#2653=LINE('',#17144,#3373);
#2654=VECTOR('',#9454,1.65);
#2655=VECTOR('',#9461,10.);
#2656=VECTOR('',#9464,10.);
#2657=VECTOR('',#9467,10.);
#2658=VECTOR('',#9470,10.);
#2659=VECTOR('',#9473,10.);
#2660=VECTOR('',#9476,10.);
#2661=VECTOR('',#9479,10.);
#2662=VECTOR('',#9482,10.);
#2663=VECTOR('',#9485,10.);
#2664=VECTOR('',#9488,10.);
#2665=VECTOR('',#9503,10.);
#2666=VECTOR('',#9504,10.);
#2667=VECTOR('',#9505,10.);
#2668=VECTOR('',#9506,10.);
#2669=VECTOR('',#9519,1.4);
#2670=VECTOR('',#9522,1.65);
#2671=VECTOR('',#9529,1.4);
#2672=VECTOR('',#9532,1.65);
#2673=VECTOR('',#9539,1.4);
#2674=VECTOR('',#9548,1.65);
#2675=VECTOR('',#9555,1.4);
#2676=VECTOR('',#9564,10.);
#2677=VECTOR('',#9565,10.);
#2678=VECTOR('',#9566,10.);
#2679=VECTOR('',#9567,10.);
#2680=VECTOR('',#9568,10.);
#2681=VECTOR('',#9571,10.);
#2682=VECTOR('',#9572,10.);
#2683=VECTOR('',#9573,10.);
#2684=VECTOR('',#9574,10.);
#2685=VECTOR('',#9575,10.);
#2686=VECTOR('',#9578,1.75);
#2687=VECTOR('',#9585,1.5);
#2688=VECTOR('',#9594,1.75);
#2689=VECTOR('',#9601,1.5);
#2690=VECTOR('',#9610,1.75);
#2691=VECTOR('',#9617,1.5);
#2692=VECTOR('',#9628,1.75);
#2693=VECTOR('',#9635,1.5);
#2694=VECTOR('',#9646,10.);
#2695=VECTOR('',#9649,10.);
#2696=VECTOR('',#9650,10.);
#2697=VECTOR('',#9651,10.);
#2698=VECTOR('',#9652,10.);
#2699=VECTOR('',#9653,10.);
#2700=VECTOR('',#9654,10.);
#2701=VECTOR('',#9655,10.);
#2702=VECTOR('',#9656,10.);
#2703=VECTOR('',#9659,10.);
#2704=VECTOR('',#9662,10.);
#2705=VECTOR('',#9663,10.);
#2706=VECTOR('',#9664,10.);
#2707=VECTOR('',#9665,10.);
#2708=VECTOR('',#9668,10.);
#2709=VECTOR('',#9671,10.);
#2710=VECTOR('',#9672,10.);
#2711=VECTOR('',#9675,10.);
#2712=VECTOR('',#9684,10.);
#2713=VECTOR('',#9687,10.);
#2714=VECTOR('',#9690,10.);
#2715=VECTOR('',#9693,10.);
#2716=VECTOR('',#9696,10.);
#2717=VECTOR('',#9699,10.);
#2718=VECTOR('',#9700,10.);
#2719=VECTOR('',#9701,10.);
#2720=VECTOR('',#9704,10.);
#2721=VECTOR('',#9709,10.);
#2722=VECTOR('',#9712,10.);
#2723=VECTOR('',#9715,10.);
#2724=VECTOR('',#9716,10.);
#2725=VECTOR('',#9717,10.);
#2726=VECTOR('',#9718,10.);
#2727=VECTOR('',#9721,10.);
#2728=VECTOR('',#9724,10.);
#2729=VECTOR('',#9725,10.);
#2730=VECTOR('',#9726,10.);
#2731=VECTOR('',#9727,10.);
#2732=VECTOR('',#9728,10.);
#2733=VECTOR('',#9729,10.);
#2734=VECTOR('',#9730,10.);
#2735=VECTOR('',#9733,10.);
#2736=VECTOR('',#9736,10.);
#2737=VECTOR('',#9737,10.);
#2738=VECTOR('',#9740,10.);
#2739=VECTOR('',#9747,10.);
#2740=VECTOR('',#9748,10.);
#2741=VECTOR('',#9749,10.);
#2742=VECTOR('',#9750,10.);
#2743=VECTOR('',#9751,10.);
#2744=VECTOR('',#9752,10.);
#2745=VECTOR('',#9753,10.);
#2746=VECTOR('',#9754,10.);
#2747=VECTOR('',#9755,10.);
#2748=VECTOR('',#9756,10.);
#2749=VECTOR('',#9757,10.);
#2750=VECTOR('',#9760,10.);
#2751=VECTOR('',#9761,10.);
#2752=VECTOR('',#9762,10.);
#2753=VECTOR('',#9765,10.);
#2754=VECTOR('',#9766,10.);
#2755=VECTOR('',#9767,10.);
#2756=VECTOR('',#9770,10.);
#2757=VECTOR('',#9775,1.41);
#2758=VECTOR('',#9776,10.);
#2759=VECTOR('',#9779,1.41);
#2760=VECTOR('',#9782,10.);
#2761=VECTOR('',#9789,10.);
#2762=VECTOR('',#9792,1.4);
#2763=VECTOR('',#9795,10.);
#2764=VECTOR('',#9798,1.4);
#2765=VECTOR('',#9805,10.);
#2766=VECTOR('',#9808,10.);
#2767=VECTOR('',#9811,3.275);
#2768=VECTOR('',#9818,3.075);
#2769=VECTOR('',#9823,3.275);
#2770=VECTOR('',#9830,3.075);
#2771=VECTOR('',#9835,3.275);
#2772=VECTOR('',#9842,3.075);
#2773=VECTOR('',#9847,3.275);
#2774=VECTOR('',#9854,3.075);
#2775=VECTOR('',#9859,10.);
#2776=VECTOR('',#9860,10.);
#2777=VECTOR('',#9861,10.);
#2778=VECTOR('',#9866,10.);
#2779=VECTOR('',#9869,10.);
#2780=VECTOR('',#9870,10.);
#2781=VECTOR('',#9875,10.);
#2782=VECTOR('',#9878,10.);
#2783=VECTOR('',#9879,10.);
#2784=VECTOR('',#9884,10.);
#2785=VECTOR('',#9887,10.);
#2786=VECTOR('',#9888,10.);
#2787=VECTOR('',#9891,10.);
#2788=VECTOR('',#9896,10.);
#2789=VECTOR('',#9897,10.);
#2790=VECTOR('',#9902,10.);
#2791=VECTOR('',#9905,10.);
#2792=VECTOR('',#9906,10.);
#2793=VECTOR('',#9911,10.);
#2794=VECTOR('',#9914,10.);
#2795=VECTOR('',#9915,10.);
#2796=VECTOR('',#9920,10.);
#2797=VECTOR('',#9923,10.);
#2798=VECTOR('',#9924,10.);
#2799=VECTOR('',#9929,10.);
#2800=VECTOR('',#9932,10.);
#2801=VECTOR('',#9933,10.);
#2802=VECTOR('',#9936,10.);
#2803=VECTOR('',#9941,10.);
#2804=VECTOR('',#9942,10.);
#2805=VECTOR('',#9949,10.);
#2806=VECTOR('',#9952,10.);
#2807=VECTOR('',#9955,10.);
#2808=VECTOR('',#9956,10.);
#2809=VECTOR('',#9959,10.);
#2810=VECTOR('',#9964,10.);
#2811=VECTOR('',#9965,10.);
#2812=VECTOR('',#9968,10.);
#2813=VECTOR('',#9973,10.);
#2814=VECTOR('',#9976,10.);
#2815=VECTOR('',#9979,10.);
#2816=VECTOR('',#9980,10.);
#2817=VECTOR('',#9983,10.);
#2818=VECTOR('',#9986,10.);
#2819=VECTOR('',#9989,10.);
#2820=VECTOR('',#9992,10.);
#2821=VECTOR('',#9995,10.);
#2822=VECTOR('',#10000,10.);
#2823=VECTOR('',#10001,10.);
#2824=VECTOR('',#10002,10.);
#2825=VECTOR('',#10003,10.);
#2826=VECTOR('',#10006,10.);
#2827=VECTOR('',#10007,10.);
#2828=VECTOR('',#10008,10.);
#2829=VECTOR('',#10011,10.);
#2830=VECTOR('',#10012,10.);
#2831=VECTOR('',#10013,10.);
#2832=VECTOR('',#10016,10.);
#2833=VECTOR('',#10021,10.);
#2834=VECTOR('',#10022,10.);
#2835=VECTOR('',#10023,10.);
#2836=VECTOR('',#10024,10.);
#2837=VECTOR('',#10027,10.);
#2838=VECTOR('',#10028,10.);
#2839=VECTOR('',#10029,10.);
#2840=VECTOR('',#10032,10.);
#2841=VECTOR('',#10037,10.);
#2842=VECTOR('',#10038,10.);
#2843=VECTOR('',#10039,10.);
#2844=VECTOR('',#10040,10.);
#2845=VECTOR('',#10043,10.);
#2846=VECTOR('',#10048,10.);
#2847=VECTOR('',#10049,10.);
#2848=VECTOR('',#10052,10.);
#2849=VECTOR('',#10057,10.);
#2850=VECTOR('',#10058,10.);
#2851=VECTOR('',#10061,10.);
#2852=VECTOR('',#10074,10.);
#2853=VECTOR('',#10075,10.);
#2854=VECTOR('',#10076,10.);
#2855=VECTOR('',#10079,10.);
#2856=VECTOR('',#10082,10.);
#2857=VECTOR('',#10085,10.);
#2858=VECTOR('',#10088,10.);
#2859=VECTOR('',#10089,10.);
#2860=VECTOR('',#10092,10.);
#2861=VECTOR('',#10099,10.);
#2862=VECTOR('',#10100,10.);
#2863=VECTOR('',#10103,10.);
#2864=VECTOR('',#10104,10.);
#2865=VECTOR('',#10105,10.);
#2866=VECTOR('',#10108,10.);
#2867=VECTOR('',#10113,10.);
#2868=VECTOR('',#10114,10.);
#2869=VECTOR('',#10115,10.);
#2870=VECTOR('',#10116,10.);
#2871=VECTOR('',#10119,10.);
#2872=VECTOR('',#10120,10.);
#2873=VECTOR('',#10121,10.);
#2874=VECTOR('',#10124,10.);
#2875=VECTOR('',#10129,10.);
#2876=VECTOR('',#10130,10.);
#2877=VECTOR('',#10131,10.);
#2878=VECTOR('',#10132,10.);
#2879=VECTOR('',#10135,10.);
#2880=VECTOR('',#10136,10.);
#2881=VECTOR('',#10137,10.);
#2882=VECTOR('',#10140,10.);
#2883=VECTOR('',#10141,10.);
#2884=VECTOR('',#10148,10.);
#2885=VECTOR('',#10151,10.);
#2886=VECTOR('',#10154,10.);
#2887=VECTOR('',#10155,10.);
#2888=VECTOR('',#10156,10.);
#2889=VECTOR('',#10157,10.);
#2890=VECTOR('',#10158,10.);
#2891=VECTOR('',#10159,10.);
#2892=VECTOR('',#10160,10.);
#2893=VECTOR('',#10161,10.);
#2894=VECTOR('',#10162,10.);
#2895=VECTOR('',#10165,10.);
#2896=VECTOR('',#10166,10.);
#2897=VECTOR('',#10167,10.);
#2898=VECTOR('',#10170,10.);
#2899=VECTOR('',#10179,10.);
#2900=VECTOR('',#10182,10.);
#2901=VECTOR('',#10187,10.);
#2902=VECTOR('',#10188,10.);
#2903=VECTOR('',#10193,10.);
#2904=VECTOR('',#10194,10.);
#2905=VECTOR('',#10247,10.);
#2906=VECTOR('',#10248,10.);
#2907=VECTOR('',#10249,10.);
#2908=VECTOR('',#10250,10.);
#2909=VECTOR('',#10255,2.65);
#2910=VECTOR('',#10258,10.);
#2911=VECTOR('',#10269,10.);
#2912=VECTOR('',#10286,10.);
#2913=VECTOR('',#10307,10.);
#2914=VECTOR('',#10308,10.);
#2915=VECTOR('',#10309,10.);
#2916=VECTOR('',#10322,10.);
#2917=VECTOR('',#10325,10.);
#2918=VECTOR('',#10328,10.);
#2919=VECTOR('',#10331,10.);
#2920=VECTOR('',#10332,10.);
#2921=VECTOR('',#10333,10.);
#2922=VECTOR('',#10340,10.);
#2923=VECTOR('',#10341,10.);
#2924=VECTOR('',#10348,10.);
#2925=VECTOR('',#10351,10.);
#2926=VECTOR('',#10354,10.);
#2927=VECTOR('',#10355,10.);
#2928=VECTOR('',#10356,10.);
#2929=VECTOR('',#10357,10.);
#2930=VECTOR('',#10358,10.);
#2931=VECTOR('',#10359,10.);
#2932=VECTOR('',#10360,10.);
#2933=VECTOR('',#10361,10.);
#2934=VECTOR('',#10362,10.);
#2935=VECTOR('',#10363,10.);
#2936=VECTOR('',#10364,10.);
#2937=VECTOR('',#10365,10.);
#2938=VECTOR('',#10366,10.);
#2939=VECTOR('',#10367,10.);
#2940=VECTOR('',#10368,10.);
#2941=VECTOR('',#10369,10.);
#2942=VECTOR('',#10370,10.);
#2943=VECTOR('',#10371,10.);
#2944=VECTOR('',#10372,10.);
#2945=VECTOR('',#10373,10.);
#2946=VECTOR('',#10374,10.);
#2947=VECTOR('',#10375,10.);
#2948=VECTOR('',#10376,10.);
#2949=VECTOR('',#10377,10.);
#2950=VECTOR('',#10378,10.);
#2951=VECTOR('',#10379,10.);
#2952=VECTOR('',#10380,10.);
#2953=VECTOR('',#10381,10.);
#2954=VECTOR('',#10382,10.);
#2955=VECTOR('',#10383,10.);
#2956=VECTOR('',#10384,10.);
#2957=VECTOR('',#10385,10.);
#2958=VECTOR('',#10386,10.);
#2959=VECTOR('',#10387,10.);
#2960=VECTOR('',#10388,10.);
#2961=VECTOR('',#10389,10.);
#2962=VECTOR('',#10392,10.);
#2963=VECTOR('',#10397,10.);
#2964=VECTOR('',#10398,10.);
#2965=VECTOR('',#10401,10.);
#2966=VECTOR('',#10402,10.);
#2967=VECTOR('',#10403,10.);
#2968=VECTOR('',#10404,10.);
#2969=VECTOR('',#10405,10.);
#2970=VECTOR('',#10406,10.);
#2971=VECTOR('',#10407,10.);
#2972=VECTOR('',#10408,10.);
#2973=VECTOR('',#10409,10.);
#2974=VECTOR('',#10410,10.);
#2975=VECTOR('',#10411,10.);
#2976=VECTOR('',#10412,10.);
#2977=VECTOR('',#10413,10.);
#2978=VECTOR('',#10414,10.);
#2979=VECTOR('',#10415,10.);
#2980=VECTOR('',#10416,10.);
#2981=VECTOR('',#10417,10.);
#2982=VECTOR('',#10418,10.);
#2983=VECTOR('',#10419,10.);
#2984=VECTOR('',#10420,10.);
#2985=VECTOR('',#10421,10.);
#2986=VECTOR('',#10422,10.);
#2987=VECTOR('',#10423,10.);
#2988=VECTOR('',#10424,10.);
#2989=VECTOR('',#10425,10.);
#2990=VECTOR('',#10426,10.);
#2991=VECTOR('',#10427,10.);
#2992=VECTOR('',#10428,10.);
#2993=VECTOR('',#10429,10.);
#2994=VECTOR('',#10430,10.);
#2995=VECTOR('',#10431,10.);
#2996=VECTOR('',#10432,10.);
#2997=VECTOR('',#10433,10.);
#2998=VECTOR('',#10434,10.);
#2999=VECTOR('',#10435,10.);
#3000=VECTOR('',#10436,10.);
#3001=VECTOR('',#10437,10.);
#3002=VECTOR('',#10438,10.);
#3003=VECTOR('',#10439,10.);
#3004=VECTOR('',#10440,10.);
#3005=VECTOR('',#10441,10.);
#3006=VECTOR('',#10442,10.);
#3007=VECTOR('',#10443,10.);
#3008=VECTOR('',#10444,10.);
#3009=VECTOR('',#10445,10.);
#3010=VECTOR('',#10446,10.);
#3011=VECTOR('',#10447,10.);
#3012=VECTOR('',#10448,10.);
#3013=VECTOR('',#10449,10.);
#3014=VECTOR('',#10450,10.);
#3015=VECTOR('',#10451,10.);
#3016=VECTOR('',#10452,10.);
#3017=VECTOR('',#10453,10.);
#3018=VECTOR('',#10454,10.);
#3019=VECTOR('',#10455,10.);
#3020=VECTOR('',#10456,10.);
#3021=VECTOR('',#10467,10.);
#3022=VECTOR('',#10476,10.);
#3023=VECTOR('',#10477,10.);
#3024=VECTOR('',#10478,10.);
#3025=VECTOR('',#10479,10.);
#3026=VECTOR('',#10480,10.);
#3027=VECTOR('',#10481,10.);
#3028=VECTOR('',#10482,10.);
#3029=VECTOR('',#10483,10.);
#3030=VECTOR('',#10484,10.);
#3031=VECTOR('',#10485,10.);
#3032=VECTOR('',#10486,10.);
#3033=VECTOR('',#10489,10.);
#3034=VECTOR('',#10490,10.);
#3035=VECTOR('',#10493,10.);
#3036=VECTOR('',#10496,10.);
#3037=VECTOR('',#10497,10.);
#3038=VECTOR('',#10498,10.);
#3039=VECTOR('',#10499,10.);
#3040=VECTOR('',#10500,10.);
#3041=VECTOR('',#10501,10.);
#3042=VECTOR('',#10504,10.);
#3043=VECTOR('',#10507,10.);
#3044=VECTOR('',#10510,10.);
#3045=VECTOR('',#10513,10.);
#3046=VECTOR('',#10516,10.);
#3047=VECTOR('',#10517,10.);
#3048=VECTOR('',#10518,10.);
#3049=VECTOR('',#10519,10.);
#3050=VECTOR('',#10522,10.);
#3051=VECTOR('',#10525,10.);
#3052=VECTOR('',#10528,10.);
#3053=VECTOR('',#10529,10.);
#3054=VECTOR('',#10530,10.);
#3055=VECTOR('',#10531,10.);
#3056=VECTOR('',#10532,10.);
#3057=VECTOR('',#10533,10.);
#3058=VECTOR('',#10534,10.);
#3059=VECTOR('',#10537,10.);
#3060=VECTOR('',#10538,10.);
#3061=VECTOR('',#10539,10.);
#3062=VECTOR('',#10540,10.);
#3063=VECTOR('',#10541,10.);
#3064=VECTOR('',#10542,10.);
#3065=VECTOR('',#10543,10.);
#3066=VECTOR('',#10544,10.);
#3067=VECTOR('',#10545,10.);
#3068=VECTOR('',#10546,10.);
#3069=VECTOR('',#10547,10.);
#3070=VECTOR('',#10548,10.);
#3071=VECTOR('',#10551,10.);
#3072=VECTOR('',#10552,10.);
#3073=VECTOR('',#10553,10.);
#3074=VECTOR('',#10554,10.);
#3075=VECTOR('',#10555,10.);
#3076=VECTOR('',#10556,10.);
#3077=VECTOR('',#10557,10.);
#3078=VECTOR('',#10558,10.);
#3079=VECTOR('',#10561,10.);
#3080=VECTOR('',#10562,10.);
#3081=VECTOR('',#10563,10.);
#3082=VECTOR('',#10564,10.);
#3083=VECTOR('',#10565,10.);
#3084=VECTOR('',#10566,10.);
#3085=VECTOR('',#10567,10.);
#3086=VECTOR('',#10568,10.);
#3087=VECTOR('',#10571,10.);
#3088=VECTOR('',#10574,10.);
#3089=VECTOR('',#10575,10.);
#3090=VECTOR('',#10576,10.);
#3091=VECTOR('',#10577,10.);
#3092=VECTOR('',#10578,10.);
#3093=VECTOR('',#10579,10.);
#3094=VECTOR('',#10580,10.);
#3095=VECTOR('',#10581,10.);
#3096=VECTOR('',#10582,10.);
#3097=VECTOR('',#10585,10.);
#3098=VECTOR('',#10588,10.);
#3099=VECTOR('',#10589,10.);
#3100=VECTOR('',#10590,10.);
#3101=VECTOR('',#10593,10.);
#3102=VECTOR('',#10594,10.);
#3103=VECTOR('',#10595,10.);
#3104=VECTOR('',#10596,10.);
#3105=VECTOR('',#10597,10.);
#3106=VECTOR('',#10598,10.);
#3107=VECTOR('',#10599,10.);
#3108=VECTOR('',#10600,10.);
#3109=VECTOR('',#10603,10.);
#3110=VECTOR('',#10606,10.);
#3111=VECTOR('',#10607,10.);
#3112=VECTOR('',#10608,10.);
#3113=VECTOR('',#10609,10.);
#3114=VECTOR('',#10610,10.);
#3115=VECTOR('',#10611,10.);
#3116=VECTOR('',#10612,10.);
#3117=VECTOR('',#10613,10.);
#3118=VECTOR('',#10614,10.);
#3119=VECTOR('',#10617,10.);
#3120=VECTOR('',#10620,10.);
#3121=VECTOR('',#10621,10.);
#3122=VECTOR('',#10622,10.);
#3123=VECTOR('',#10625,10.);
#3124=VECTOR('',#10626,10.);
#3125=VECTOR('',#10627,10.);
#3126=VECTOR('',#10630,10.);
#3127=VECTOR('',#10631,10.);
#3128=VECTOR('',#10632,10.);
#3129=VECTOR('',#10635,10.);
#3130=VECTOR('',#10636,10.);
#3131=VECTOR('',#10639,10.);
#3132=VECTOR('',#10640,10.);
#3133=VECTOR('',#10643,10.);
#3134=VECTOR('',#10644,10.);
#3135=VECTOR('',#10647,10.);
#3136=VECTOR('',#10650,10.);
#3137=VECTOR('',#10651,10.);
#3138=VECTOR('',#10654,10.);
#3139=VECTOR('',#10655,10.);
#3140=VECTOR('',#10656,10.);
#3141=VECTOR('',#10657,10.);
#3142=VECTOR('',#10658,10.);
#3143=VECTOR('',#10659,10.);
#3144=VECTOR('',#10660,10.);
#3145=VECTOR('',#10663,10.);
#3146=VECTOR('',#10664,10.);
#3147=VECTOR('',#10667,10.);
#3148=VECTOR('',#10670,10.);
#3149=VECTOR('',#10673,10.);
#3150=VECTOR('',#10678,10.);
#3151=VECTOR('',#10683,10.);
#3152=VECTOR('',#10684,10.);
#3153=VECTOR('',#10685,10.);
#3154=VECTOR('',#10686,10.);
#3155=VECTOR('',#10687,10.);
#3156=VECTOR('',#10688,10.);
#3157=VECTOR('',#10689,10.);
#3158=VECTOR('',#10690,10.);
#3159=VECTOR('',#10691,10.);
#3160=VECTOR('',#10692,10.);
#3161=VECTOR('',#10695,10.);
#3162=VECTOR('',#10696,10.);
#3163=VECTOR('',#10699,10.);
#3164=VECTOR('',#10702,10.);
#3165=VECTOR('',#10705,10.);
#3166=VECTOR('',#10708,10.);
#3167=VECTOR('',#10709,10.);
#3168=VECTOR('',#10710,10.);
#3169=VECTOR('',#10713,10.);
#3170=VECTOR('',#10716,10.);
#3171=VECTOR('',#10719,10.);
#3172=VECTOR('',#10722,10.);
#3173=VECTOR('',#10727,10.);
#3174=VECTOR('',#10728,10.);
#3175=VECTOR('',#10729,10.);
#3176=VECTOR('',#10730,10.);
#3177=VECTOR('',#10731,10.);
#3178=VECTOR('',#10732,10.);
#3179=VECTOR('',#10733,10.);
#3180=VECTOR('',#10734,10.);
#3181=VECTOR('',#10735,10.);
#3182=VECTOR('',#10736,10.);
#3183=VECTOR('',#10737,10.);
#3184=VECTOR('',#10740,10.);
#3185=VECTOR('',#10741,10.);
#3186=VECTOR('',#10744,10.);
#3187=VECTOR('',#10747,10.);
#3188=VECTOR('',#10748,10.);
#3189=VECTOR('',#10749,10.);
#3190=VECTOR('',#10750,10.);
#3191=VECTOR('',#10751,10.);
#3192=VECTOR('',#10752,10.);
#3193=VECTOR('',#10755,10.);
#3194=VECTOR('',#10758,10.);
#3195=VECTOR('',#10761,10.);
#3196=VECTOR('',#10764,10.);
#3197=VECTOR('',#10767,10.);
#3198=VECTOR('',#10768,10.);
#3199=VECTOR('',#10769,10.);
#3200=VECTOR('',#10770,10.);
#3201=VECTOR('',#10773,10.);
#3202=VECTOR('',#10776,10.);
#3203=VECTOR('',#10779,10.);
#3204=VECTOR('',#10780,10.);
#3205=VECTOR('',#10781,10.);
#3206=VECTOR('',#10786,10.);
#3207=VECTOR('',#10787,10.);
#3208=VECTOR('',#10788,10.);
#3209=VECTOR('',#10789,10.);
#3210=VECTOR('',#10790,10.);
#3211=VECTOR('',#10791,10.);
#3212=VECTOR('',#10792,10.);
#3213=VECTOR('',#10793,10.);
#3214=VECTOR('',#10796,10.);
#3215=VECTOR('',#10799,10.);
#3216=VECTOR('',#10800,10.);
#3217=VECTOR('',#10801,10.);
#3218=VECTOR('',#10802,10.);
#3219=VECTOR('',#10803,10.);
#3220=VECTOR('',#10804,10.);
#3221=VECTOR('',#10805,10.);
#3222=VECTOR('',#10806,10.);
#3223=VECTOR('',#10807,10.);
#3224=VECTOR('',#10810,10.);
#3225=VECTOR('',#10813,10.);
#3226=VECTOR('',#10814,10.);
#3227=VECTOR('',#10815,10.);
#3228=VECTOR('',#10818,10.);
#3229=VECTOR('',#10819,10.);
#3230=VECTOR('',#10820,10.);
#3231=VECTOR('',#10821,10.);
#3232=VECTOR('',#10822,10.);
#3233=VECTOR('',#10823,10.);
#3234=VECTOR('',#10824,10.);
#3235=VECTOR('',#10825,10.);
#3236=VECTOR('',#10828,10.);
#3237=VECTOR('',#10829,10.);
#3238=VECTOR('',#10832,10.);
#3239=VECTOR('',#10833,10.);
#3240=VECTOR('',#10834,10.);
#3241=VECTOR('',#10837,10.);
#3242=VECTOR('',#10840,10.);
#3243=VECTOR('',#10843,10.);
#3244=VECTOR('',#10846,10.);
#3245=VECTOR('',#10849,10.);
#3246=VECTOR('',#10850,10.);
#3247=VECTOR('',#10851,10.);
#3248=VECTOR('',#10852,10.);
#3249=VECTOR('',#10855,10.);
#3250=VECTOR('',#10856,10.);
#3251=VECTOR('',#10857,10.);
#3252=VECTOR('',#10860,10.);
#3253=VECTOR('',#10861,10.);
#3254=VECTOR('',#10864,10.);
#3255=VECTOR('',#10865,10.);
#3256=VECTOR('',#10866,10.);
#3257=VECTOR('',#10867,10.);
#3258=VECTOR('',#10868,10.);
#3259=VECTOR('',#10869,10.);
#3260=VECTOR('',#10870,10.);
#3261=VECTOR('',#10871,10.);
#3262=VECTOR('',#10874,10.);
#3263=VECTOR('',#10877,10.);
#3264=VECTOR('',#10878,10.);
#3265=VECTOR('',#10879,10.);
#3266=VECTOR('',#10880,10.);
#3267=VECTOR('',#10881,10.);
#3268=VECTOR('',#10884,10.);
#3269=VECTOR('',#10887,10.);
#3270=VECTOR('',#10888,10.);
#3271=VECTOR('',#10889,10.);
#3272=VECTOR('',#10890,10.);
#3273=VECTOR('',#10891,10.);
#3274=VECTOR('',#10894,10.);
#3275=VECTOR('',#10895,10.);
#3276=VECTOR('',#10896,10.);
#3277=VECTOR('',#10897,10.);
#3278=VECTOR('',#10900,10.);
#3279=VECTOR('',#10901,10.);
#3280=VECTOR('',#10902,10.);
#3281=VECTOR('',#10903,10.);
#3282=VECTOR('',#10904,10.);
#3283=VECTOR('',#10905,10.);
#3284=VECTOR('',#10906,10.);
#3285=VECTOR('',#10907,10.);
#3286=VECTOR('',#10908,10.);
#3287=VECTOR('',#10911,10.);
#3288=VECTOR('',#10914,10.);
#3289=VECTOR('',#10917,10.);
#3290=VECTOR('',#10920,10.);
#3291=VECTOR('',#10923,10.);
#3292=VECTOR('',#10924,10.);
#3293=VECTOR('',#10925,10.);
#3294=VECTOR('',#10926,10.);
#3295=VECTOR('',#10927,10.);
#3296=VECTOR('',#10928,10.);
#3297=VECTOR('',#10929,10.);
#3298=VECTOR('',#10930,10.);
#3299=VECTOR('',#10931,10.);
#3300=VECTOR('',#10934,10.);
#3301=VECTOR('',#10935,10.);
#3302=VECTOR('',#10936,10.);
#3303=VECTOR('',#10937,10.);
#3304=VECTOR('',#10940,10.);
#3305=VECTOR('',#10941,10.);
#3306=VECTOR('',#10942,10.);
#3307=VECTOR('',#10943,10.);
#3308=VECTOR('',#10944,10.);
#3309=VECTOR('',#10945,10.);
#3310=VECTOR('',#10946,10.);
#3311=VECTOR('',#10947,10.);
#3312=VECTOR('',#10948,10.);
#3313=VECTOR('',#10951,10.);
#3314=VECTOR('',#10954,10.);
#3315=VECTOR('',#10957,10.);
#3316=VECTOR('',#10958,10.);
#3317=VECTOR('',#10959,10.);
#3318=VECTOR('',#10962,10.);
#3319=VECTOR('',#10965,10.);
#3320=VECTOR('',#10970,10.);
#3321=VECTOR('',#10971,10.);
#3322=VECTOR('',#10972,10.);
#3323=VECTOR('',#10973,10.);
#3324=VECTOR('',#10974,10.);
#3325=VECTOR('',#10975,10.);
#3326=VECTOR('',#10978,10.);
#3327=VECTOR('',#10979,10.);
#3328=VECTOR('',#10982,10.);
#3329=VECTOR('',#10985,10.);
#3330=VECTOR('',#10986,10.);
#3331=VECTOR('',#10987,10.);
#3332=VECTOR('',#10988,10.);
#3333=VECTOR('',#10989,10.);
#3334=VECTOR('',#10992,10.);
#3335=VECTOR('',#10995,10.);
#3336=VECTOR('',#10996,10.);
#3337=VECTOR('',#10997,10.);
#3338=VECTOR('',#10998,10.);
#3339=VECTOR('',#10999,10.);
#3340=VECTOR('',#11000,10.);
#3341=VECTOR('',#11013,10.);
#3342=VECTOR('',#11014,10.);
#3343=VECTOR('',#11021,2.625);
#3344=VECTOR('',#11034,2.65);
#3345=VECTOR('',#11045,2.625);
#3346=VECTOR('',#11054,2.65);
#3347=VECTOR('',#11055,10.);
#3348=VECTOR('',#11062,2.625);
#3349=VECTOR('',#11069,10.);
#3350=VECTOR('',#11078,10.);
#3351=VECTOR('',#11085,2.65);
#3352=VECTOR('',#11096,2.625);
#3353=VECTOR('',#11103,10.);
#3354=VECTOR('',#11106,10.);
#3355=VECTOR('',#11113,1.7);
#3356=VECTOR('',#11116,10.);
#3357=VECTOR('',#11119,10.);
#3358=VECTOR('',#11124,1.35);
#3359=VECTOR('',#11131,10.);
#3360=VECTOR('',#11136,10.);
#3361=VECTOR('',#11139,1.35);
#3362=VECTOR('',#11146,10.);
#3363=VECTOR('',#11147,10.);
#3364=VECTOR('',#11156,1.7);
#3365=VECTOR('',#11163,10.);
#3366=VECTOR('',#11164,10.);
#3367=VECTOR('',#11167,10.);
#3368=VECTOR('',#11170,10.);
#3369=VECTOR('',#11183,10.);
#3370=VECTOR('',#11184,10.);
#3371=VECTOR('',#11185,10.);
#3372=VECTOR('',#11188,10.);
#3373=VECTOR('',#11189,10.);
#3374=CIRCLE('',#8919,1.9);
#3375=CIRCLE('',#8920,1.4);
#3376=CIRCLE('',#8921,1.4);
#3377=CIRCLE('',#8923,0.0999999999999984);
#3378=CIRCLE('',#8924,0.0999999999999984);
#3379=CIRCLE('',#8925,0.0999999999999988);
#3380=CIRCLE('',#8926,3.6);
#3381=CIRCLE('',#8927,0.1);
#3382=CIRCLE('',#8928,0.0999999999999984);
#3383=CIRCLE('',#8929,0.0999999999999984);
#3384=CIRCLE('',#8930,0.0999999999999986);
#3385=CIRCLE('',#8931,3.6);
#3386=CIRCLE('',#8932,0.0999999999999983);
#3387=CIRCLE('',#8933,1.9);
#3388=CIRCLE('',#8934,1.9);
#3389=CIRCLE('',#8935,2.);
#3390=CIRCLE('',#8936,2.);
#3391=CIRCLE('',#8937,3.475);
#3392=CIRCLE('',#8938,3.475);
#3393=CIRCLE('',#8939,3.475);
#3394=CIRCLE('',#8940,3.475);
#3395=CIRCLE('',#8941,2.);
#3396=CIRCLE('',#8942,2.);
#3397=CIRCLE('',#8943,1.9);
#3398=CIRCLE('',#8946,1.4);
#3399=CIRCLE('',#8947,1.4);
#3400=CIRCLE('',#8950,1.4);
#3401=CIRCLE('',#8951,1.4);
#3402=CIRCLE('',#8953,1.4);
#3403=CIRCLE('',#8955,1.4);
#3404=CIRCLE('',#8957,1.4);
#3405=CIRCLE('',#8958,1.4);
#3406=CIRCLE('',#8960,1.4);
#3407=CIRCLE('',#8962,1.4);
#3408=CIRCLE('',#8966,1.5);
#3409=CIRCLE('',#8967,1.5);
#3410=CIRCLE('',#8969,1.5);
#3411=CIRCLE('',#8970,1.5);
#3412=CIRCLE('',#8971,1.5);
#3413=CIRCLE('',#8973,1.5);
#3414=CIRCLE('',#8974,1.5);
#3415=CIRCLE('',#8976,1.5);
#3416=CIRCLE('',#8977,1.5);
#3417=CIRCLE('',#8978,1.5);
#3418=CIRCLE('',#8980,1.5);
#3419=CIRCLE('',#8981,1.5);
#3420=CIRCLE('',#8983,1.5);
#3421=CIRCLE('',#8985,1.5);
#3422=CIRCLE('',#8988,1.5);
#3423=CIRCLE('',#8989,1.5);
#3424=CIRCLE('',#8992,1.5);
#3425=CIRCLE('',#8994,1.5);
#3426=CIRCLE('',#8996,2.1);
#3427=CIRCLE('',#8997,0.0999999999999984);
#3428=CIRCLE('',#8998,0.0999999999999984);
#3429=CIRCLE('',#8999,2.1);
#3430=CIRCLE('',#9002,20.6);
#3431=CIRCLE('',#9005,21.9999999999999);
#3432=CIRCLE('',#9007,21.);
#3433=CIRCLE('',#9008,21.);
#3434=CIRCLE('',#9009,21.);
#3435=CIRCLE('',#9012,21.9999999999999);
#3436=CIRCLE('',#9015,2.1);
#3437=CIRCLE('',#9016,0.0999999999999984);
#3438=CIRCLE('',#9017,0.0999999999999984);
#3439=CIRCLE('',#9018,2.1);
#3440=CIRCLE('',#9021,20.6);
#3441=CIRCLE('',#9024,1.7);
#3442=CIRCLE('',#9025,1.7);
#3443=CIRCLE('',#9026,1.35);
#3444=CIRCLE('',#9028,1.41);
#3445=CIRCLE('',#9030,1.41);
#3446=CIRCLE('',#9032,19.);
#3447=CIRCLE('',#9033,19.);
#3448=CIRCLE('',#9035,1.4);
#3449=CIRCLE('',#9037,1.4);
#3450=CIRCLE('',#9039,19.);
#3451=CIRCLE('',#9040,19.);
#3452=CIRCLE('',#9042,3.075);
#3453=CIRCLE('',#9043,3.075);
#3454=CIRCLE('',#9045,3.075);
#3455=CIRCLE('',#9047,3.075);
#3456=CIRCLE('',#9048,3.075);
#3457=CIRCLE('',#9050,3.075);
#3458=CIRCLE('',#9052,3.075);
#3459=CIRCLE('',#9053,3.075);
#3460=CIRCLE('',#9055,3.075);
#3461=CIRCLE('',#9057,3.075);
#3462=CIRCLE('',#9058,3.075);
#3463=CIRCLE('',#9060,3.075);
#3464=CIRCLE('',#9063,0.5);
#3465=CIRCLE('',#9066,0.5);
#3466=CIRCLE('',#9069,0.5);
#3467=CIRCLE('',#9072,3.2);
#3468=CIRCLE('',#9075,0.5);
#3469=CIRCLE('',#9078,0.5);
#3470=CIRCLE('',#9081,0.5);
#3471=CIRCLE('',#9084,0.5);
#3472=CIRCLE('',#9087,3.2);
#3473=CIRCLE('',#9090,0.5);
#3474=CIRCLE('',#9092,0.5);
#3475=CIRCLE('',#9095,3.2);
#3476=CIRCLE('',#9098,0.5);
#3477=CIRCLE('',#9100,0.5);
#3478=CIRCLE('',#9102,19.6);
#3479=CIRCLE('',#9103,20.6);
#3480=CIRCLE('',#9104,19.6);
#3481=CIRCLE('',#9105,20.6);
#3482=CIRCLE('',#9107,0.5);
#3483=CIRCLE('',#9112,1.7);
#3484=CIRCLE('',#9116,1.7);
#3485=CIRCLE('',#9122,0.5);
#3486=CIRCLE('',#9127,20.);
#3487=CIRCLE('',#9129,20.);
#3488=CIRCLE('',#9136,0.5);
#3489=CIRCLE('',#9141,1.7);
#3490=CIRCLE('',#9145,1.7);
#3491=CIRCLE('',#9150,19.5);
#3492=CIRCLE('',#9152,19.6);
#3493=CIRCLE('',#9154,1.7);
#3494=CIRCLE('',#9155,1.7);
#3495=CIRCLE('',#9156,1.35);
#3496=CIRCLE('',#9158,19.5);
#3497=CIRCLE('',#9160,20.6);
#3498=CIRCLE('',#9161,19.5);
#3499=CIRCLE('',#9162,19.6);
#3500=CIRCLE('',#9163,19.6);
#3501=CIRCLE('',#9166,21.1);
#3502=CIRCLE('',#9169,21.1);
#3503=CIRCLE('',#9170,20.6);
#3504=CIRCLE('',#9172,20.6);
#3505=CIRCLE('',#9174,21.1);
#3506=CIRCLE('',#9176,21.1);
#3507=CIRCLE('',#9177,20.6);
#3508=CIRCLE('',#9179,20.6);
#3509=CIRCLE('',#9181,21.1);
#3510=CIRCLE('',#9183,21.2331538290775);
#3511=CIRCLE('',#9184,20.850131607518);
#3512=CIRCLE('',#9186,19.6);
#3513=CIRCLE('',#9188,21.5);
#3514=CIRCLE('',#9189,21.5);
#3515=CIRCLE('',#9192,2.65);
#3516=CIRCLE('',#9193,2.65);
#3517=CIRCLE('',#9194,2.65);
#3518=CIRCLE('',#9196,21.1);
#3519=CIRCLE('',#9197,20.6);
#3520=CIRCLE('',#9200,20.6);
#3521=CIRCLE('',#9201,21.1);
#3522=CIRCLE('',#9203,20.6);
#3523=CIRCLE('',#9205,21.1);
#3524=CIRCLE('',#9208,20.6);
#3525=CIRCLE('',#9209,21.1);
#3526=CIRCLE('',#9211,20.6);
#3527=CIRCLE('',#9213,21.1);
#3528=CIRCLE('',#9215,19.5);
#3529=CIRCLE('',#9219,21.);
#3530=CIRCLE('',#9220,21.5);
#3531=CIRCLE('',#9221,21.5);
#3532=CIRCLE('',#9223,21.);
#3533=CIRCLE('',#9224,21.);
#3534=CIRCLE('',#9227,2.65);
#3535=CIRCLE('',#9228,2.65);
#3536=CIRCLE('',#9230,21.5);
#3537=CIRCLE('',#9232,0.5);
#3538=CIRCLE('',#9235,0.5);
#3539=CIRCLE('',#9239,21.5);
#3540=CIRCLE('',#9240,21.);
#3541=CIRCLE('',#9242,21.5);
#3542=CIRCLE('',#9357,2.625);
#3543=CIRCLE('',#9359,2.625);
#3544=CIRCLE('',#9362,21.5);
#3545=CIRCLE('',#9364,2.65);
#3546=CIRCLE('',#9365,2.65);
#3547=CIRCLE('',#9368,2.625);
#3548=CIRCLE('',#9370,2.625);
#3549=CIRCLE('',#9373,2.65);
#3550=CIRCLE('',#9375,2.625);
#3551=CIRCLE('',#9377,2.625);
#3552=CIRCLE('',#9380,21.5);
#3553=CIRCLE('',#9382,21.5);
#3554=CIRCLE('',#9384,21.);
#3555=CIRCLE('',#9386,2.65);
#3556=CIRCLE('',#9387,2.65);
#3557=CIRCLE('',#9390,2.625);
#3558=CIRCLE('',#9392,2.625);
#3559=CIRCLE('',#9397,1.7);
#3560=CIRCLE('',#9403,1.35);
#3561=CIRCLE('',#9409,1.35);
#3562=CIRCLE('',#9413,3.2);
#3563=CIRCLE('',#9415,1.7);
#3564=CIRCLE('',#9420,22.);
#3565=CIRCLE('',#9424,21.5);
#3566=CIRCLE('',#9429,21.9999999999999);
#3567=CIRCLE('',#9433,22.);
#3568=CIRCLE('',#9435,19.6);
#3569=CIRCLE('',#9437,19.6);
#3570=CIRCLE('',#9440,22.);
#3571=CIRCLE('',#9444,21.5);
#3572=VERTEX_POINT('',#11232);
#3573=VERTEX_POINT('',#11234);
#3574=VERTEX_POINT('',#11236);
#3575=VERTEX_POINT('',#11240);
#3576=VERTEX_POINT('',#11241);
#3577=VERTEX_POINT('',#11243);
#3578=VERTEX_POINT('',#11245);
#3579=VERTEX_POINT('',#11247);
#3580=VERTEX_POINT('',#11249);
#3581=VERTEX_POINT('',#11251);
#3582=VERTEX_POINT('',#11253);
#3583=VERTEX_POINT('',#11255);
#3584=VERTEX_POINT('',#11257);
#3585=VERTEX_POINT('',#11259);
#3586=VERTEX_POINT('',#11261);
#3587=VERTEX_POINT('',#11263);
#3588=VERTEX_POINT('',#11265);
#3589=VERTEX_POINT('',#11267);
#3590=VERTEX_POINT('',#11269);
#3591=VERTEX_POINT('',#11271);
#3592=VERTEX_POINT('',#11273);
#3593=VERTEX_POINT('',#11275);
#3594=VERTEX_POINT('',#11277);
#3595=VERTEX_POINT('',#11280);
#3596=VERTEX_POINT('',#11282);
#3597=VERTEX_POINT('',#11284);
#3598=VERTEX_POINT('',#11286);
#3599=VERTEX_POINT('',#11288);
#3600=VERTEX_POINT('',#11302);
#3601=VERTEX_POINT('',#11304);
#3602=VERTEX_POINT('',#11306);
#3603=VERTEX_POINT('',#11307);
#3604=VERTEX_POINT('',#11309);
#3605=VERTEX_POINT('',#11311);
#3606=VERTEX_POINT('',#11314);
#3607=VERTEX_POINT('',#11316);
#3608=VERTEX_POINT('',#11318);
#3609=VERTEX_POINT('',#11332);
#3610=VERTEX_POINT('',#11334);
#3611=VERTEX_POINT('',#11336);
#3612=VERTEX_POINT('',#11339);
#3613=VERTEX_POINT('',#11341);
#3614=VERTEX_POINT('',#11379);
#3615=VERTEX_POINT('',#11381);
#3616=VERTEX_POINT('',#11385);
#3617=VERTEX_POINT('',#11387);
#3618=VERTEX_POINT('',#11425);
#3619=VERTEX_POINT('',#11427);
#3620=VERTEX_POINT('',#11431);
#3621=VERTEX_POINT('',#11433);
#3622=VERTEX_POINT('',#11435);
#3623=VERTEX_POINT('',#11439);
#3624=VERTEX_POINT('',#11441);
#3625=VERTEX_POINT('',#11445);
#3626=VERTEX_POINT('',#11447);
#3627=VERTEX_POINT('',#11449);
#3628=VERTEX_POINT('',#11453);
#3629=VERTEX_POINT('',#11455);
#3630=VERTEX_POINT('',#11457);
#3631=VERTEX_POINT('',#11459);
#3632=VERTEX_POINT('',#11463);
#3633=VERTEX_POINT('',#11465);
#3634=VERTEX_POINT('',#11467);
#3635=VERTEX_POINT('',#11469);
#3636=VERTEX_POINT('',#11473);
#3637=VERTEX_POINT('',#11475);
#3638=VERTEX_POINT('',#11479);
#3639=VERTEX_POINT('',#11481);
#3640=VERTEX_POINT('',#11483);
#3641=VERTEX_POINT('',#11506);
#3642=VERTEX_POINT('',#11508);
#3643=VERTEX_POINT('',#11517);
#3644=VERTEX_POINT('',#11528);
#3645=VERTEX_POINT('',#11530);
#3646=VERTEX_POINT('',#11534);
#3647=VERTEX_POINT('',#11536);
#3648=VERTEX_POINT('',#11538);
#3649=VERTEX_POINT('',#11547);
#3650=VERTEX_POINT('',#11556);
#3651=VERTEX_POINT('',#11558);
#3652=VERTEX_POINT('',#11583);
#3653=VERTEX_POINT('',#11585);
#3654=VERTEX_POINT('',#11589);
#3655=VERTEX_POINT('',#11591);
#3656=VERTEX_POINT('',#11602);
#3657=VERTEX_POINT('',#11604);
#3658=VERTEX_POINT('',#11615);
#3659=VERTEX_POINT('',#11617);
#3660=VERTEX_POINT('',#11619);
#3661=VERTEX_POINT('',#11626);
#3662=VERTEX_POINT('',#11628);
#3663=VERTEX_POINT('',#11632);
#3664=VERTEX_POINT('',#11634);
#3665=VERTEX_POINT('',#11639);
#3666=VERTEX_POINT('',#11641);
#3667=VERTEX_POINT('',#11643);
#3668=VERTEX_POINT('',#11645);
#3669=VERTEX_POINT('',#11656);
#3670=VERTEX_POINT('',#11669);
#3671=VERTEX_POINT('',#11675);
#3672=VERTEX_POINT('',#11680);
#3673=VERTEX_POINT('',#11682);
#3674=VERTEX_POINT('',#11684);
#3675=VERTEX_POINT('',#11686);
#3676=VERTEX_POINT('',#11691);
#3677=VERTEX_POINT('',#11697);
#3678=VERTEX_POINT('',#11699);
#3679=VERTEX_POINT('',#11705);
#3680=VERTEX_POINT('',#11710);
#3681=VERTEX_POINT('',#11713);
#3682=VERTEX_POINT('',#11715);
#3683=VERTEX_POINT('',#11717);
#3684=VERTEX_POINT('',#11719);
#3685=VERTEX_POINT('',#11721);
#3686=VERTEX_POINT('',#11723);
#3687=VERTEX_POINT('',#11725);
#3688=VERTEX_POINT('',#11727);
#3689=VERTEX_POINT('',#11730);
#3690=VERTEX_POINT('',#11732);
#3691=VERTEX_POINT('',#11738);
#3692=VERTEX_POINT('',#11743);
#3693=VERTEX_POINT('',#11745);
#3694=VERTEX_POINT('',#11747);
#3695=VERTEX_POINT('',#11749);
#3696=VERTEX_POINT('',#11760);
#3697=VERTEX_POINT('',#11764);
#3698=VERTEX_POINT('',#11768);
#3699=VERTEX_POINT('',#11770);
#3700=VERTEX_POINT('',#11774);
#3701=VERTEX_POINT('',#11776);
#3702=VERTEX_POINT('',#11778);
#3703=VERTEX_POINT('',#11780);
#3704=VERTEX_POINT('',#11782);
#3705=VERTEX_POINT('',#11784);
#3706=VERTEX_POINT('',#11788);
#3707=VERTEX_POINT('',#11799);
#3708=VERTEX_POINT('',#11801);
#3709=VERTEX_POINT('',#11812);
#3710=VERTEX_POINT('',#11816);
#3711=VERTEX_POINT('',#11818);
#3712=VERTEX_POINT('',#11820);
#3713=VERTEX_POINT('',#11824);
#3714=VERTEX_POINT('',#11830);
#3715=VERTEX_POINT('',#11835);
#3716=VERTEX_POINT('',#11837);
#3717=VERTEX_POINT('',#11839);
#3718=VERTEX_POINT('',#11841);
#3719=VERTEX_POINT('',#11846);
#3720=VERTEX_POINT('',#11853);
#3721=VERTEX_POINT('',#11855);
#3722=VERTEX_POINT('',#11857);
#3723=VERTEX_POINT('',#11859);
#3724=VERTEX_POINT('',#11861);
#3725=VERTEX_POINT('',#11863);
#3726=VERTEX_POINT('',#11865);
#3727=VERTEX_POINT('',#11867);
#3728=VERTEX_POINT('',#11870);
#3729=VERTEX_POINT('',#11872);
#3730=VERTEX_POINT('',#11877);
#3731=VERTEX_POINT('',#11883);
#3732=VERTEX_POINT('',#11885);
#3733=VERTEX_POINT('',#11891);
#3734=VERTEX_POINT('',#11896);
#3735=VERTEX_POINT('',#11898);
#3736=VERTEX_POINT('',#11900);
#3737=VERTEX_POINT('',#11902);
#3738=VERTEX_POINT('',#11913);
#3739=VERTEX_POINT('',#11917);
#3740=VERTEX_POINT('',#11919);
#3741=VERTEX_POINT('',#11923);
#3742=VERTEX_POINT('',#11925);
#3743=VERTEX_POINT('',#11936);
#3744=VERTEX_POINT('',#11938);
#3745=VERTEX_POINT('',#11940);
#3746=VERTEX_POINT('',#11944);
#3747=VERTEX_POINT('',#11946);
#3748=VERTEX_POINT('',#11948);
#3749=VERTEX_POINT('',#11959);
#3750=VERTEX_POINT('',#11961);
#3751=VERTEX_POINT('',#11972);
#3752=VERTEX_POINT('',#11974);
#3753=VERTEX_POINT('',#11977);
#3754=VERTEX_POINT('',#11979);
#3755=VERTEX_POINT('',#11990);
#3756=VERTEX_POINT('',#11992);
#3757=VERTEX_POINT('',#11994);
#3758=VERTEX_POINT('',#11996);
#3759=VERTEX_POINT('',#12007);
#3760=VERTEX_POINT('',#12009);
#3761=VERTEX_POINT('',#12020);
#3762=VERTEX_POINT('',#12022);
#3763=VERTEX_POINT('',#12024);
#3764=VERTEX_POINT('',#12026);
#3765=VERTEX_POINT('',#12037);
#3766=VERTEX_POINT('',#12039);
#3767=VERTEX_POINT('',#12051);
#3768=VERTEX_POINT('',#12105);
#3769=VERTEX_POINT('',#12107);
#3770=VERTEX_POINT('',#12126);
#3771=VERTEX_POINT('',#12181);
#3772=VERTEX_POINT('',#12183);
#3773=VERTEX_POINT('',#12202);
#3774=VERTEX_POINT('',#12317);
#3775=VERTEX_POINT('',#12318);
#3776=VERTEX_POINT('',#12320);
#3777=VERTEX_POINT('',#12382);
#3778=VERTEX_POINT('',#12384);
#3779=VERTEX_POINT('',#12388);
#3780=VERTEX_POINT('',#12503);
#3781=VERTEX_POINT('',#12504);
#3782=VERTEX_POINT('',#12506);
#3783=VERTEX_POINT('',#12568);
#3784=VERTEX_POINT('',#12572);
#3785=VERTEX_POINT('',#12573);
#3786=VERTEX_POINT('',#12575);
#3787=VERTEX_POINT('',#12577);
#3788=VERTEX_POINT('',#12581);
#3789=VERTEX_POINT('',#12583);
#3790=VERTEX_POINT('',#12587);
#3791=VERTEX_POINT('',#12591);
#3792=VERTEX_POINT('',#12593);
#3793=VERTEX_POINT('',#12597);
#3794=VERTEX_POINT('',#12601);
#3795=VERTEX_POINT('',#12603);
#3796=VERTEX_POINT('',#12607);
#3797=VERTEX_POINT('',#12611);
#3798=VERTEX_POINT('',#12613);
#3799=VERTEX_POINT('',#12617);
#3800=VERTEX_POINT('',#12621);
#3801=VERTEX_POINT('',#12623);
#3802=VERTEX_POINT('',#12627);
#3803=VERTEX_POINT('',#12631);
#3804=VERTEX_POINT('',#12635);
#3805=VERTEX_POINT('',#12639);
#3806=VERTEX_POINT('',#12643);
#3807=VERTEX_POINT('',#12647);
#3808=VERTEX_POINT('',#12651);
#3809=VERTEX_POINT('',#12655);
#3810=VERTEX_POINT('',#12659);
#3811=VERTEX_POINT('',#12663);
#3812=VERTEX_POINT('',#12667);
#3813=VERTEX_POINT('',#12671);
#3814=VERTEX_POINT('',#12675);
#3815=VERTEX_POINT('',#12679);
#3816=VERTEX_POINT('',#12683);
#3817=VERTEX_POINT('',#12687);
#3818=VERTEX_POINT('',#12691);
#3819=VERTEX_POINT('',#12695);
#3820=VERTEX_POINT('',#12701);
#3821=VERTEX_POINT('',#12703);
#3822=VERTEX_POINT('',#12707);
#3823=VERTEX_POINT('',#12711);
#3824=VERTEX_POINT('',#12715);
#3825=VERTEX_POINT('',#12719);
#3826=VERTEX_POINT('',#12723);
#3827=VERTEX_POINT('',#12725);
#3828=VERTEX_POINT('',#12729);
#3829=VERTEX_POINT('',#12732);
#3830=VERTEX_POINT('',#12734);
#3831=VERTEX_POINT('',#12736);
#3832=VERTEX_POINT('',#12738);
#3833=VERTEX_POINT('',#12740);
#3834=VERTEX_POINT('',#12742);
#3835=VERTEX_POINT('',#12744);
#3836=VERTEX_POINT('',#12748);
#3837=VERTEX_POINT('',#12752);
#3838=VERTEX_POINT('',#12775);
#3839=VERTEX_POINT('',#12777);
#3840=VERTEX_POINT('',#12785);
#3841=VERTEX_POINT('',#12808);
#3842=VERTEX_POINT('',#12836);
#3843=VERTEX_POINT('',#12838);
#3844=VERTEX_POINT('',#12842);
#3845=VERTEX_POINT('',#12846);
#3846=VERTEX_POINT('',#12889);
#3847=VERTEX_POINT('',#12916);
#3848=VERTEX_POINT('',#12944);
#3849=VERTEX_POINT('',#12946);
#3850=VERTEX_POINT('',#12950);
#3851=VERTEX_POINT('',#12954);
#3852=VERTEX_POINT('',#12997);
#3853=VERTEX_POINT('',#12999);
#3854=VERTEX_POINT('',#13009);
#3855=VERTEX_POINT('',#13011);
#3856=VERTEX_POINT('',#13015);
#3857=VERTEX_POINT('',#13045);
#3858=VERTEX_POINT('',#13050);
#3859=VERTEX_POINT('',#13056);
#3860=VERTEX_POINT('',#13062);
#3861=VERTEX_POINT('',#13091);
#3862=VERTEX_POINT('',#13099);
#3863=VERTEX_POINT('',#13101);
#3864=VERTEX_POINT('',#13105);
#3865=VERTEX_POINT('',#13109);
#3866=VERTEX_POINT('',#13152);
#3867=VERTEX_POINT('',#13179);
#3868=VERTEX_POINT('',#13207);
#3869=VERTEX_POINT('',#13209);
#3870=VERTEX_POINT('',#13213);
#3871=VERTEX_POINT('',#13217);
#3872=VERTEX_POINT('',#13260);
#3873=VERTEX_POINT('',#13262);
#3874=VERTEX_POINT('',#13270);
#3875=VERTEX_POINT('',#13293);
#3876=VERTEX_POINT('',#13321);
#3877=VERTEX_POINT('',#13345);
#3878=VERTEX_POINT('',#13356);
#3879=VERTEX_POINT('',#13369);
#3880=VERTEX_POINT('',#13371);
#3881=VERTEX_POINT('',#13377);
#3882=VERTEX_POINT('',#13388);
#3883=VERTEX_POINT('',#13390);
#3884=VERTEX_POINT('',#13392);
#3885=VERTEX_POINT('',#13396);
#3886=VERTEX_POINT('',#13405);
#3887=VERTEX_POINT('',#13407);
#3888=VERTEX_POINT('',#13419);
#3889=VERTEX_POINT('',#13421);
#3890=VERTEX_POINT('',#13432);
#3891=VERTEX_POINT('',#13434);
#3892=VERTEX_POINT('',#13445);
#3893=VERTEX_POINT('',#13447);
#3894=VERTEX_POINT('',#13449);
#3895=VERTEX_POINT('',#13451);
#3896=VERTEX_POINT('',#13462);
#3897=VERTEX_POINT('',#13464);
#3898=VERTEX_POINT('',#13475);
#3899=VERTEX_POINT('',#13477);
#3900=VERTEX_POINT('',#13479);
#3901=VERTEX_POINT('',#13491);
#3902=VERTEX_POINT('',#13494);
#3903=VERTEX_POINT('',#13507);
#3904=VERTEX_POINT('',#13509);
#3905=VERTEX_POINT('',#13511);
#3906=VERTEX_POINT('',#13514);
#3907=VERTEX_POINT('',#13517);
#3908=VERTEX_POINT('',#13541);
#3909=VERTEX_POINT('',#13542);
#3910=VERTEX_POINT('',#13552);
#3911=VERTEX_POINT('',#13558);
#3912=VERTEX_POINT('',#13569);
#3913=VERTEX_POINT('',#13571);
#3914=VERTEX_POINT('',#13580);
#3915=VERTEX_POINT('',#13593);
#3916=VERTEX_POINT('',#13597);
#3917=VERTEX_POINT('',#13599);
#3918=VERTEX_POINT('',#13601);
#3919=VERTEX_POINT('',#13603);
#3920=VERTEX_POINT('',#13638);
#3921=VERTEX_POINT('',#13662);
#3922=VERTEX_POINT('',#13667);
#3923=VERTEX_POINT('',#13669);
#3924=VERTEX_POINT('',#13680);
#3925=VERTEX_POINT('',#13682);
#3926=VERTEX_POINT('',#13691);
#3927=VERTEX_POINT('',#13702);
#3928=VERTEX_POINT('',#13704);
#3929=VERTEX_POINT('',#13706);
#3930=VERTEX_POINT('',#13708);
#3931=VERTEX_POINT('',#13712);
#3932=VERTEX_POINT('',#13714);
#3933=VERTEX_POINT('',#13716);
#3934=VERTEX_POINT('',#13729);
#3935=VERTEX_POINT('',#13731);
#3936=VERTEX_POINT('',#13733);
#3937=VERTEX_POINT('',#13737);
#3938=VERTEX_POINT('',#13750);
#3939=VERTEX_POINT('',#13752);
#3940=VERTEX_POINT('',#13757);
#3941=VERTEX_POINT('',#13760);
#3942=VERTEX_POINT('',#13761);
#3943=VERTEX_POINT('',#13763);
#3944=VERTEX_POINT('',#13765);
#3945=VERTEX_POINT('',#13770);
#3946=VERTEX_POINT('',#13775);
#3947=VERTEX_POINT('',#13780);
#3948=VERTEX_POINT('',#13785);
#3949=VERTEX_POINT('',#13790);
#3950=VERTEX_POINT('',#13792);
#3951=VERTEX_POINT('',#13794);
#3952=VERTEX_POINT('',#13799);
#3953=VERTEX_POINT('',#13804);
#3954=VERTEX_POINT('',#13809);
#3955=VERTEX_POINT('',#13814);
#3956=VERTEX_POINT('',#13817);
#3957=VERTEX_POINT('',#13818);
#3958=VERTEX_POINT('',#13823);
#3959=VERTEX_POINT('',#13825);
#3960=VERTEX_POINT('',#13827);
#3961=VERTEX_POINT('',#13829);
#3962=VERTEX_POINT('',#13834);
#3963=VERTEX_POINT('',#13839);
#3964=VERTEX_POINT('',#13841);
#3965=VERTEX_POINT('',#13843);
#3966=VERTEX_POINT('',#13849);
#3967=VERTEX_POINT('',#13850);
#3968=VERTEX_POINT('',#13855);
#3969=VERTEX_POINT('',#13860);
#3970=VERTEX_POINT('',#13869);
#3971=VERTEX_POINT('',#13870);
#3972=VERTEX_POINT('',#13875);
#3973=VERTEX_POINT('',#13880);
#3974=VERTEX_POINT('',#13882);
#3975=VERTEX_POINT('',#13884);
#3976=VERTEX_POINT('',#13886);
#3977=VERTEX_POINT('',#13888);
#3978=VERTEX_POINT('',#13890);
#3979=VERTEX_POINT('',#13899);
#3980=VERTEX_POINT('',#13900);
#3981=VERTEX_POINT('',#13905);
#3982=VERTEX_POINT('',#13910);
#3983=VERTEX_POINT('',#13915);
#3984=VERTEX_POINT('',#13917);
#3985=VERTEX_POINT('',#13919);
#3986=VERTEX_POINT('',#13924);
#3987=VERTEX_POINT('',#13929);
#3988=VERTEX_POINT('',#13934);
#3989=VERTEX_POINT('',#13939);
#3990=VERTEX_POINT('',#13941);
#3991=VERTEX_POINT('',#13943);
#3992=VERTEX_POINT('',#13952);
#3993=VERTEX_POINT('',#13953);
#3994=VERTEX_POINT('',#13955);
#3995=VERTEX_POINT('',#13957);
#3996=VERTEX_POINT('',#13962);
#3997=VERTEX_POINT('',#13967);
#3998=VERTEX_POINT('',#13972);
#3999=VERTEX_POINT('',#13974);
#4000=VERTEX_POINT('',#13976);
#4001=VERTEX_POINT('',#13978);
#4002=VERTEX_POINT('',#13980);
#4003=VERTEX_POINT('',#13982);
#4004=VERTEX_POINT('',#13987);
#4005=VERTEX_POINT('',#13993);
#4006=VERTEX_POINT('',#13994);
#4007=VERTEX_POINT('',#13999);
#4008=VERTEX_POINT('',#14004);
#4009=VERTEX_POINT('',#14009);
#4010=VERTEX_POINT('',#14014);
#4011=VERTEX_POINT('',#14016);
#4012=VERTEX_POINT('',#14018);
#4013=VERTEX_POINT('',#14023);
#4014=VERTEX_POINT('',#14028);
#4015=VERTEX_POINT('',#14033);
#4016=VERTEX_POINT('',#14038);
#4017=VERTEX_POINT('',#14043);
#4018=VERTEX_POINT('',#14048);
#4019=VERTEX_POINT('',#14053);
#4020=VERTEX_POINT('',#14058);
#4021=VERTEX_POINT('',#14060);
#4022=VERTEX_POINT('',#14062);
#4023=VERTEX_POINT('',#14072);
#4024=VERTEX_POINT('',#14076);
#4025=VERTEX_POINT('',#14082);
#4026=VERTEX_POINT('',#14083);
#4027=VERTEX_POINT('',#14085);
#4028=VERTEX_POINT('',#14090);
#4029=VERTEX_POINT('',#14095);
#4030=VERTEX_POINT('',#14100);
#4031=VERTEX_POINT('',#14102);
#4032=VERTEX_POINT('',#14104);
#4033=VERTEX_POINT('',#14106);
#4034=VERTEX_POINT('',#14111);
#4035=VERTEX_POINT('',#14116);
#4036=VERTEX_POINT('',#14121);
#4037=VERTEX_POINT('',#14123);
#4038=VERTEX_POINT('',#14125);
#4039=VERTEX_POINT('',#14127);
#4040=VERTEX_POINT('',#14129);
#4041=VERTEX_POINT('',#14131);
#4042=VERTEX_POINT('',#14136);
#4043=VERTEX_POINT('',#14141);
#4044=VERTEX_POINT('',#14146);
#4045=VERTEX_POINT('',#14151);
#4046=VERTEX_POINT('',#14156);
#4047=VERTEX_POINT('',#14159);
#4048=VERTEX_POINT('',#14160);
#4049=VERTEX_POINT('',#14165);
#4050=VERTEX_POINT('',#14170);
#4051=VERTEX_POINT('',#14175);
#4052=VERTEX_POINT('',#14180);
#4053=VERTEX_POINT('',#14185);
#4054=VERTEX_POINT('',#14190);
#4055=VERTEX_POINT('',#14199);
#4056=VERTEX_POINT('',#14200);
#4057=VERTEX_POINT('',#14205);
#4058=VERTEX_POINT('',#14210);
#4059=VERTEX_POINT('',#14215);
#4060=VERTEX_POINT('',#14220);
#4061=VERTEX_POINT('',#14225);
#4062=VERTEX_POINT('',#14230);
#4063=VERTEX_POINT('',#14239);
#4064=VERTEX_POINT('',#14240);
#4065=VERTEX_POINT('',#14245);
#4066=VERTEX_POINT('',#14250);
#4067=VERTEX_POINT('',#14255);
#4068=VERTEX_POINT('',#14260);
#4069=VERTEX_POINT('',#14262);
#4070=VERTEX_POINT('',#14264);
#4071=VERTEX_POINT('',#14269);
#4072=VERTEX_POINT('',#14274);
#4073=VERTEX_POINT('',#14279);
#4074=VERTEX_POINT('',#14284);
#4075=VERTEX_POINT('',#14289);
#4076=VERTEX_POINT('',#14294);
#4077=VERTEX_POINT('',#14299);
#4078=VERTEX_POINT('',#14304);
#4079=VERTEX_POINT('',#14306);
#4080=VERTEX_POINT('',#14308);
#4081=VERTEX_POINT('',#14317);
#4082=VERTEX_POINT('',#14318);
#4083=VERTEX_POINT('',#14323);
#4084=VERTEX_POINT('',#14328);
#4085=VERTEX_POINT('',#14333);
#4086=VERTEX_POINT('',#14338);
#4087=VERTEX_POINT('',#14340);
#4088=VERTEX_POINT('',#14342);
#4089=VERTEX_POINT('',#14347);
#4090=VERTEX_POINT('',#14352);
#4091=VERTEX_POINT('',#14357);
#4092=VERTEX_POINT('',#14362);
#4093=VERTEX_POINT('',#14367);
#4094=VERTEX_POINT('',#14372);
#4095=VERTEX_POINT('',#14377);
#4096=VERTEX_POINT('',#14382);
#4097=VERTEX_POINT('',#14384);
#4098=VERTEX_POINT('',#14386);
#4099=VERTEX_POINT('',#14395);
#4100=VERTEX_POINT('',#14396);
#4101=VERTEX_POINT('',#14398);
#4102=VERTEX_POINT('',#14400);
#4103=VERTEX_POINT('',#14402);
#4104=VERTEX_POINT('',#14404);
#4105=VERTEX_POINT('',#14406);
#4106=VERTEX_POINT('',#14408);
#4107=VERTEX_POINT('',#14410);
#4108=VERTEX_POINT('',#14412);
#4109=VERTEX_POINT('',#14414);
#4110=VERTEX_POINT('',#14416);
#4111=VERTEX_POINT('',#14418);
#4112=VERTEX_POINT('',#14420);
#4113=VERTEX_POINT('',#14423);
#4114=VERTEX_POINT('',#14424);
#4115=VERTEX_POINT('',#14426);
#4116=VERTEX_POINT('',#14428);
#4117=VERTEX_POINT('',#14430);
#4118=VERTEX_POINT('',#14432);
#4119=VERTEX_POINT('',#14434);
#4120=VERTEX_POINT('',#14436);
#4121=VERTEX_POINT('',#14441);
#4122=VERTEX_POINT('',#14446);
#4123=VERTEX_POINT('',#14448);
#4124=VERTEX_POINT('',#14450);
#4125=VERTEX_POINT('',#14453);
#4126=VERTEX_POINT('',#14454);
#4127=VERTEX_POINT('',#14456);
#4128=VERTEX_POINT('',#14461);
#4129=VERTEX_POINT('',#14466);
#4130=VERTEX_POINT('',#14471);
#4131=VERTEX_POINT('',#14473);
#4132=VERTEX_POINT('',#14475);
#4133=VERTEX_POINT('',#14477);
#4134=VERTEX_POINT('',#14482);
#4135=VERTEX_POINT('',#14487);
#4136=VERTEX_POINT('',#14492);
#4137=VERTEX_POINT('',#14494);
#4138=VERTEX_POINT('',#14496);
#4139=VERTEX_POINT('',#14498);
#4140=VERTEX_POINT('',#14500);
#4141=VERTEX_POINT('',#14502);
#4142=VERTEX_POINT('',#14507);
#4143=VERTEX_POINT('',#14512);
#4144=VERTEX_POINT('',#14517);
#4145=VERTEX_POINT('',#14522);
#4146=VERTEX_POINT('',#14527);
#4147=VERTEX_POINT('',#14531);
#4148=VERTEX_POINT('',#14533);
#4149=VERTEX_POINT('',#14546);
#4150=VERTEX_POINT('',#14563);
#4151=VERTEX_POINT('',#14564);
#4152=VERTEX_POINT('',#14566);
#4153=VERTEX_POINT('',#14568);
#4154=VERTEX_POINT('',#14570);
#4155=VERTEX_POINT('',#14575);
#4156=VERTEX_POINT('',#14580);
#4157=VERTEX_POINT('',#14585);
#4158=VERTEX_POINT('',#14590);
#4159=VERTEX_POINT('',#14595);
#4160=VERTEX_POINT('',#14597);
#4161=VERTEX_POINT('',#14599);
#4162=VERTEX_POINT('',#14601);
#4163=VERTEX_POINT('',#14603);
#4164=VERTEX_POINT('',#14605);
#4165=VERTEX_POINT('',#14610);
#4166=VERTEX_POINT('',#14615);
#4167=VERTEX_POINT('',#14620);
#4168=VERTEX_POINT('',#14622);
#4169=VERTEX_POINT('',#14624);
#4170=VERTEX_POINT('',#14626);
#4171=VERTEX_POINT('',#14631);
#4172=VERTEX_POINT('',#14769);
#4173=VERTEX_POINT('',#14770);
#4174=VERTEX_POINT('',#14775);
#4175=VERTEX_POINT('',#14777);
#4176=VERTEX_POINT('',#14791);
#4177=VERTEX_POINT('',#14796);
#4178=VERTEX_POINT('',#14810);
#4179=VERTEX_POINT('',#14815);
#4180=VERTEX_POINT('',#14838);
#4181=VERTEX_POINT('',#14839);
#4182=VERTEX_POINT('',#14844);
#4183=VERTEX_POINT('',#14849);
#4184=VERTEX_POINT('',#14854);
#4185=VERTEX_POINT('',#14859);
#4186=VERTEX_POINT('',#14864);
#4187=VERTEX_POINT('',#14869);
#4188=VERTEX_POINT('',#14958);
#4189=VERTEX_POINT('',#14959);
#4190=VERTEX_POINT('',#14964);
#4191=VERTEX_POINT('',#14966);
#4192=VERTEX_POINT('',#14980);
#4193=VERTEX_POINT('',#14985);
#4194=VERTEX_POINT('',#14999);
#4195=VERTEX_POINT('',#15004);
#4196=VERTEX_POINT('',#15027);
#4197=VERTEX_POINT('',#15028);
#4198=VERTEX_POINT('',#15033);
#4199=VERTEX_POINT('',#15038);
#4200=VERTEX_POINT('',#15043);
#4201=VERTEX_POINT('',#15048);
#4202=VERTEX_POINT('',#15053);
#4203=VERTEX_POINT('',#15058);
#4204=VERTEX_POINT('',#15140);
#4205=VERTEX_POINT('',#15141);
#4206=VERTEX_POINT('',#15146);
#4207=VERTEX_POINT('',#15151);
#4208=VERTEX_POINT('',#15156);
#4209=VERTEX_POINT('',#15158);
#4210=VERTEX_POINT('',#15160);
#4211=VERTEX_POINT('',#15165);
#4212=VERTEX_POINT('',#15170);
#4213=VERTEX_POINT('',#15175);
#4214=VERTEX_POINT('',#15180);
#4215=VERTEX_POINT('',#15185);
#4216=VERTEX_POINT('',#15190);
#4217=VERTEX_POINT('',#15195);
#4218=VERTEX_POINT('',#15200);
#4219=VERTEX_POINT('',#15202);
#4220=VERTEX_POINT('',#15204);
#4221=VERTEX_POINT('',#15209);
#4222=VERTEX_POINT('',#15353);
#4223=VERTEX_POINT('',#15354);
#4224=VERTEX_POINT('',#15359);
#4225=VERTEX_POINT('',#15364);
#4226=VERTEX_POINT('',#15369);
#4227=VERTEX_POINT('',#15371);
#4228=VERTEX_POINT('',#15373);
#4229=VERTEX_POINT('',#15378);
#4230=VERTEX_POINT('',#15383);
#4231=VERTEX_POINT('',#15388);
#4232=VERTEX_POINT('',#15393);
#4233=VERTEX_POINT('',#15398);
#4234=VERTEX_POINT('',#15403);
#4235=VERTEX_POINT('',#15408);
#4236=VERTEX_POINT('',#15413);
#4237=VERTEX_POINT('',#15415);
#4238=VERTEX_POINT('',#15417);
#4239=VERTEX_POINT('',#15422);
#4240=VERTEX_POINT('',#15566);
#4241=VERTEX_POINT('',#15568);
#4242=VERTEX_POINT('',#15572);
#4243=VERTEX_POINT('',#15573);
#4244=VERTEX_POINT('',#15578);
#4245=VERTEX_POINT('',#15582);
#4246=VERTEX_POINT('',#15586);
#4247=VERTEX_POINT('',#15592);
#4248=VERTEX_POINT('',#15596);
#4249=VERTEX_POINT('',#15598);
#4250=VERTEX_POINT('',#15600);
#4251=VERTEX_POINT('',#15602);
#4252=VERTEX_POINT('',#15604);
#4253=VERTEX_POINT('',#15606);
#4254=VERTEX_POINT('',#15623);
#4255=VERTEX_POINT('',#15624);
#4256=VERTEX_POINT('',#15626);
#4257=VERTEX_POINT('',#15628);
#4258=VERTEX_POINT('',#15630);
#4259=VERTEX_POINT('',#15632);
#4260=VERTEX_POINT('',#15634);
#4261=VERTEX_POINT('',#15639);
#4262=VERTEX_POINT('',#15644);
#4263=VERTEX_POINT('',#15646);
#4264=VERTEX_POINT('',#15648);
#4265=VERTEX_POINT('',#15650);
#4266=VERTEX_POINT('',#15692);
#4267=VERTEX_POINT('',#15693);
#4268=VERTEX_POINT('',#15695);
#4269=VERTEX_POINT('',#15697);
#4270=VERTEX_POINT('',#15699);
#4271=VERTEX_POINT('',#15704);
#4272=VERTEX_POINT('',#15709);
#4273=VERTEX_POINT('',#15714);
#4274=VERTEX_POINT('',#15719);
#4275=VERTEX_POINT('',#15724);
#4276=VERTEX_POINT('',#15726);
#4277=VERTEX_POINT('',#15728);
#4278=VERTEX_POINT('',#15730);
#4279=VERTEX_POINT('',#15732);
#4280=VERTEX_POINT('',#15734);
#4281=VERTEX_POINT('',#15739);
#4282=VERTEX_POINT('',#15744);
#4283=VERTEX_POINT('',#15749);
#4284=VERTEX_POINT('',#15751);
#4285=VERTEX_POINT('',#15753);
#4286=VERTEX_POINT('',#15755);
#4287=VERTEX_POINT('',#15760);
#4288=VERTEX_POINT('',#15892);
#4289=VERTEX_POINT('',#15893);
#4290=VERTEX_POINT('',#15898);
#4291=VERTEX_POINT('',#15903);
#4292=VERTEX_POINT('',#15908);
#4293=VERTEX_POINT('',#15910);
#4294=VERTEX_POINT('',#15912);
#4295=VERTEX_POINT('',#15917);
#4296=VERTEX_POINT('',#15922);
#4297=VERTEX_POINT('',#15927);
#4298=VERTEX_POINT('',#15932);
#4299=VERTEX_POINT('',#15937);
#4300=VERTEX_POINT('',#15942);
#4301=VERTEX_POINT('',#15947);
#4302=VERTEX_POINT('',#15952);
#4303=VERTEX_POINT('',#15954);
#4304=VERTEX_POINT('',#15956);
#4305=VERTEX_POINT('',#15961);
#4306=VERTEX_POINT('',#16105);
#4307=VERTEX_POINT('',#16106);
#4308=VERTEX_POINT('',#16108);
#4309=VERTEX_POINT('',#16110);
#4310=VERTEX_POINT('',#16115);
#4311=VERTEX_POINT('',#16120);
#4312=VERTEX_POINT('',#16122);
#4313=VERTEX_POINT('',#16124);
#4314=VERTEX_POINT('',#16126);
#4315=VERTEX_POINT('',#16128);
#4316=VERTEX_POINT('',#16130);
#4317=VERTEX_POINT('',#16135);
#4318=VERTEX_POINT('',#16140);
#4319=VERTEX_POINT('',#16215);
#4320=VERTEX_POINT('',#16216);
#4321=VERTEX_POINT('',#16221);
#4322=VERTEX_POINT('',#16223);
#4323=VERTEX_POINT('',#16237);
#4324=VERTEX_POINT('',#16242);
#4325=VERTEX_POINT('',#16252);
#4326=VERTEX_POINT('',#16253);
#4327=VERTEX_POINT('',#16258);
#4328=VERTEX_POINT('',#16263);
#4329=VERTEX_POINT('',#16268);
#4330=VERTEX_POINT('',#16270);
#4331=VERTEX_POINT('',#16272);
#4332=VERTEX_POINT('',#16277);
#4333=VERTEX_POINT('',#16282);
#4334=VERTEX_POINT('',#16287);
#4335=VERTEX_POINT('',#16292);
#4336=VERTEX_POINT('',#16294);
#4337=VERTEX_POINT('',#16296);
#4338=VERTEX_POINT('',#16402);
#4339=VERTEX_POINT('',#16403);
#4340=VERTEX_POINT('',#16408);
#4341=VERTEX_POINT('',#16410);
#4342=VERTEX_POINT('',#16424);
#4343=VERTEX_POINT('',#16429);
#4344=VERTEX_POINT('',#16436);
#4345=VERTEX_POINT('',#16438);
#4346=VERTEX_POINT('',#16449);
#4347=VERTEX_POINT('',#16454);
#4348=VERTEX_POINT('',#16477);
#4349=VERTEX_POINT('',#16478);
#4350=VERTEX_POINT('',#16483);
#4351=VERTEX_POINT('',#16488);
#4352=VERTEX_POINT('',#16493);
#4353=VERTEX_POINT('',#16495);
#4354=VERTEX_POINT('',#16497);
#4355=VERTEX_POINT('',#16499);
#4356=VERTEX_POINT('',#16501);
#4357=VERTEX_POINT('',#16561);
#4358=VERTEX_POINT('',#16562);
#4359=VERTEX_POINT('',#16567);
#4360=VERTEX_POINT('',#16569);
#4361=VERTEX_POINT('',#16583);
#4362=VERTEX_POINT('',#16588);
#4363=VERTEX_POINT('',#16602);
#4364=VERTEX_POINT('',#16607);
#4365=VERTEX_POINT('',#16621);
#4366=VERTEX_POINT('',#16626);
#4367=VERTEX_POINT('',#16640);
#4368=VERTEX_POINT('',#16645);
#4369=VERTEX_POINT('',#16659);
#4370=VERTEX_POINT('',#16664);
#4371=VERTEX_POINT('',#16678);
#4372=VERTEX_POINT('',#16683);
#4373=VERTEX_POINT('',#16706);
#4374=VERTEX_POINT('',#16707);
#4375=VERTEX_POINT('',#16712);
#4376=VERTEX_POINT('',#16717);
#4377=VERTEX_POINT('',#16763);
#4378=VERTEX_POINT('',#16764);
#4379=VERTEX_POINT('',#16769);
#4380=VERTEX_POINT('',#16774);
#4381=VERTEX_POINT('',#16776);
#4382=VERTEX_POINT('',#16778);
#4383=VERTEX_POINT('',#16780);
#4384=VERTEX_POINT('',#16785);
#4385=VERTEX_POINT('',#16790);
#4386=VERTEX_POINT('',#16792);
#4387=VERTEX_POINT('',#16844);
#4388=VERTEX_POINT('',#16845);
#4389=VERTEX_POINT('',#16847);
#4390=VERTEX_POINT('',#16849);
#4391=VERTEX_POINT('',#16851);
#4392=VERTEX_POINT('',#16856);
#4393=VERTEX_POINT('',#16861);
#4394=VERTEX_POINT('',#16866);
#4395=VERTEX_POINT('',#16871);
#4396=VERTEX_POINT('',#16873);
#4397=VERTEX_POINT('',#16875);
#4398=VERTEX_POINT('',#16880);
#4399=VERTEX_POINT('',#16885);
#4400=VERTEX_POINT('',#16890);
#4401=VERTEX_POINT('',#16895);
#4402=VERTEX_POINT('',#16999);
#4403=VERTEX_POINT('',#17003);
#4404=VERTEX_POINT('',#17006);
#4405=VERTEX_POINT('',#17013);
#4406=VERTEX_POINT('',#17015);
#4407=VERTEX_POINT('',#17020);
#4408=VERTEX_POINT('',#17023);
#4409=VERTEX_POINT('',#17028);
#4410=VERTEX_POINT('',#17031);
#4411=VERTEX_POINT('',#17044);
#4412=VERTEX_POINT('',#17047);
#4413=VERTEX_POINT('',#17052);
#4414=VERTEX_POINT('',#17058);
#4415=VERTEX_POINT('',#17062);
#4416=VERTEX_POINT('',#17064);
#4417=VERTEX_POINT('',#17069);
#4418=VERTEX_POINT('',#17072);
#4419=VERTEX_POINT('',#17081);
#4420=VERTEX_POINT('',#17091);
#4421=VERTEX_POINT('',#17101);
#4422=VERTEX_POINT('',#17106);
#4423=VERTEX_POINT('',#17112);
#4424=VERTEX_POINT('',#17119);
#4425=VERTEX_POINT('',#17125);
#4426=VERTEX_POINT('',#17127);
#4427=VERTEX_POINT('',#17136);
#4428=VERTEX_POINT('',#17138);
#4429=VERTEX_POINT('',#17142);
#4430=EDGE_CURVE('',#3572,#3572,#3374,.T.);
#4431=EDGE_CURVE('',#3572,#3573,#1934,.T.);
#4432=EDGE_CURVE('',#3573,#3574,#3375,.T.);
#4433=EDGE_CURVE('',#3574,#3573,#3376,.T.);
#4434=EDGE_CURVE('',#3575,#3576,#1935,.T.);
#4435=EDGE_CURVE('',#3577,#3575,#3377,.T.);
#4436=EDGE_CURVE('',#3578,#3577,#1936,.T.);
#4437=EDGE_CURVE('',#3579,#3578,#3378,.T.);
#4438=EDGE_CURVE('',#3580,#3579,#1937,.T.);
#4439=EDGE_CURVE('',#3581,#3580,#3379,.T.);
#4440=EDGE_CURVE('',#3582,#3581,#1938,.T.);
#4441=EDGE_CURVE('',#3583,#3582,#3380,.T.);
#4442=EDGE_CURVE('',#3584,#3583,#1939,.T.);
#4443=EDGE_CURVE('',#3585,#3584,#3381,.T.);
#4444=EDGE_CURVE('',#3586,#3585,#1940,.T.);
#4445=EDGE_CURVE('',#3587,#3586,#3382,.T.);
#4446=EDGE_CURVE('',#3588,#3587,#1941,.T.);
#4447=EDGE_CURVE('',#3589,#3588,#3383,.T.);
#4448=EDGE_CURVE('',#3590,#3589,#1942,.T.);
#4449=EDGE_CURVE('',#3591,#3590,#3384,.T.);
#4450=EDGE_CURVE('',#3592,#3591,#1943,.T.);
#4451=EDGE_CURVE('',#3593,#3592,#3385,.T.);
#4452=EDGE_CURVE('',#3594,#3593,#1944,.T.);
#4453=EDGE_CURVE('',#3576,#3594,#3386,.T.);
#4454=EDGE_CURVE('',#3595,#3595,#3387,.T.);
#4455=EDGE_CURVE('',#3596,#3596,#3388,.T.);
#4456=EDGE_CURVE('',#3597,#3597,#3389,.T.);
#4457=EDGE_CURVE('',#3598,#3598,#3390,.T.);
#4458=EDGE_CURVE('',#3599,#3599,#281,.T.);
#4459=EDGE_CURVE('',#3600,#3600,#3391,.T.);
#4460=EDGE_CURVE('',#3601,#3601,#3392,.T.);
#4461=EDGE_CURVE('',#3602,#3603,#1945,.T.);
#4462=EDGE_CURVE('',#3603,#3604,#1946,.T.);
#4463=EDGE_CURVE('',#3604,#3605,#1947,.T.);
#4464=EDGE_CURVE('',#3605,#3602,#1948,.T.);
#4465=EDGE_CURVE('',#3606,#3606,#3393,.T.);
#4466=EDGE_CURVE('',#3607,#3607,#3394,.T.);
#4467=EDGE_CURVE('',#3608,#3608,#282,.T.);
#4468=EDGE_CURVE('',#3609,#3609,#3395,.T.);
#4469=EDGE_CURVE('',#3610,#3610,#3396,.T.);
#4470=EDGE_CURVE('',#3611,#3611,#3397,.T.);
#4471=EDGE_CURVE('',#3574,#3612,#1949,.T.);
#4472=EDGE_CURVE('',#3613,#3612,#283,.T.);
#4473=EDGE_CURVE('',#3612,#3613,#284,.T.);
#4474=EDGE_CURVE('',#3595,#3614,#1950,.T.);
#4475=EDGE_CURVE('',#3614,#3615,#3398,.T.);
#4476=EDGE_CURVE('',#3615,#3614,#3399,.T.);
#4477=EDGE_CURVE('',#3615,#3616,#1951,.T.);
#4478=EDGE_CURVE('',#3617,#3616,#285,.T.);
#4479=EDGE_CURVE('',#3616,#3617,#286,.T.);
#4480=EDGE_CURVE('',#3611,#3618,#1952,.T.);
#4481=EDGE_CURVE('',#3618,#3619,#3400,.T.);
#4482=EDGE_CURVE('',#3619,#3618,#3401,.T.);
#4483=EDGE_CURVE('',#3619,#3620,#1953,.T.);
#4484=EDGE_CURVE('',#3621,#3620,#3402,.T.);
#4485=EDGE_CURVE('',#3622,#3621,#202,.T.);
#4486=EDGE_CURVE('',#3620,#3622,#3403,.T.);
#4487=EDGE_CURVE('',#3596,#3623,#1954,.T.);
#4488=EDGE_CURVE('',#3623,#3624,#3404,.T.);
#4489=EDGE_CURVE('',#3624,#3623,#3405,.T.);
#4490=EDGE_CURVE('',#3624,#3625,#1955,.T.);
#4491=EDGE_CURVE('',#3626,#3625,#3406,.T.);
#4492=EDGE_CURVE('',#3627,#3626,#203,.T.);
#4493=EDGE_CURVE('',#3625,#3627,#3407,.T.);
#4494=EDGE_CURVE('',#3621,#3628,#1956,.T.);
#4495=EDGE_CURVE('',#3629,#3628,#1957,.T.);
#4496=EDGE_CURVE('',#3629,#3630,#1958,.T.);
#4497=EDGE_CURVE('',#3630,#3631,#1959,.T.);
#4498=EDGE_CURVE('',#3631,#3622,#1960,.T.);
#4499=EDGE_CURVE('',#3626,#3632,#1961,.T.);
#4500=EDGE_CURVE('',#3633,#3632,#1962,.T.);
#4501=EDGE_CURVE('',#3633,#3634,#1963,.T.);
#4502=EDGE_CURVE('',#3634,#3635,#1964,.T.);
#4503=EDGE_CURVE('',#3635,#3627,#1965,.T.);
#4504=EDGE_CURVE('',#3610,#3636,#1966,.T.);
#4505=EDGE_CURVE('',#3636,#3637,#3408,.T.);
#4506=EDGE_CURVE('',#3637,#3636,#3409,.T.);
#4507=EDGE_CURVE('',#3637,#3638,#1967,.T.);
#4508=EDGE_CURVE('',#3639,#3638,#3410,.T.);
#4509=EDGE_CURVE('',#3640,#3639,#287,.T.);
#4510=EDGE_CURVE('',#3641,#3640,#3411,.T.);
#4511=EDGE_CURVE('',#3642,#3641,#288,.T.);
#4512=EDGE_CURVE('',#3643,#3642,#289,.T.);
#4513=EDGE_CURVE('',#3638,#3643,#3412,.T.);
#4514=EDGE_CURVE('',#3597,#3644,#1968,.T.);
#4515=EDGE_CURVE('',#3644,#3645,#3413,.T.);
#4516=EDGE_CURVE('',#3645,#3644,#3414,.T.);
#4517=EDGE_CURVE('',#3645,#3646,#1969,.T.);
#4518=EDGE_CURVE('',#3647,#3646,#3415,.T.);
#4519=EDGE_CURVE('',#3648,#3647,#290,.T.);
#4520=EDGE_CURVE('',#3649,#3648,#291,.T.);
#4521=EDGE_CURVE('',#3650,#3649,#3416,.T.);
#4522=EDGE_CURVE('',#3651,#3650,#292,.T.);
#4523=EDGE_CURVE('',#3646,#3651,#3417,.T.);
#4524=EDGE_CURVE('',#3609,#3652,#1970,.T.);
#4525=EDGE_CURVE('',#3652,#3653,#3418,.T.);
#4526=EDGE_CURVE('',#3653,#3652,#3419,.T.);
#4527=EDGE_CURVE('',#3653,#3654,#1971,.T.);
#4528=EDGE_CURVE('',#3655,#3654,#293,.T.);
#4529=EDGE_CURVE('',#3656,#3655,#3420,.T.);
#4530=EDGE_CURVE('',#3657,#3656,#294,.T.);
#4531=EDGE_CURVE('',#3658,#3657,#204,.T.);
#4532=EDGE_CURVE('',#3659,#3658,#3421,.T.);
#4533=EDGE_CURVE('',#3660,#3659,#205,.T.);
#4534=EDGE_CURVE('',#3654,#3660,#295,.T.);
#4535=EDGE_CURVE('',#3598,#3661,#1972,.T.);
#4536=EDGE_CURVE('',#3661,#3662,#3422,.T.);
#4537=EDGE_CURVE('',#3662,#3661,#3423,.T.);
#4538=EDGE_CURVE('',#3662,#3663,#1973,.T.);
#4539=EDGE_CURVE('',#3664,#3663,#296,.T.);
#4540=EDGE_CURVE('',#3665,#3664,#206,.T.);
#4541=EDGE_CURVE('',#3666,#3665,#3424,.T.);
#4542=EDGE_CURVE('',#3667,#3666,#207,.T.);
#4543=EDGE_CURVE('',#3668,#3667,#297,.T.);
#4544=EDGE_CURVE('',#3669,#3668,#3425,.T.);
#4545=EDGE_CURVE('',#3663,#3669,#298,.T.);
#4546=EDGE_CURVE('',#3670,#3631,#299,.T.);
#4547=EDGE_CURVE('',#3671,#3670,#300,.T.);
#4548=EDGE_CURVE('',#3672,#3671,#1974,.T.);
#4549=EDGE_CURVE('',#3673,#3672,#3426,.T.);
#4550=EDGE_CURVE('',#3674,#3673,#1975,.T.);
#4551=EDGE_CURVE('',#3675,#3674,#301,.T.);
#4552=EDGE_CURVE('',#3676,#3675,#302,.T.);
#4553=EDGE_CURVE('',#3677,#3676,#1976,.T.);
#4554=EDGE_CURVE('',#3678,#3677,#303,.T.);
#4555=EDGE_CURVE('',#3679,#3678,#304,.T.);
#4556=EDGE_CURVE('',#3680,#3679,#1977,.T.);
#4557=EDGE_CURVE('',#3680,#3642,#1978,.T.);
#4558=EDGE_CURVE('',#3642,#3681,#1979,.T.);
#4559=EDGE_CURVE('',#3681,#3682,#1980,.T.);
#4560=EDGE_CURVE('',#3682,#3683,#1981,.T.);
#4561=EDGE_CURVE('',#3684,#3683,#1982,.T.);
#4562=EDGE_CURVE('',#3685,#3684,#3427,.T.);
#4563=EDGE_CURVE('',#3686,#3685,#1983,.T.);
#4564=EDGE_CURVE('',#3687,#3686,#3428,.T.);
#4565=EDGE_CURVE('',#3688,#3687,#1984,.T.);
#4566=EDGE_CURVE('',#3659,#3688,#1985,.T.);
#4567=EDGE_CURVE('',#3689,#3658,#1986,.T.);
#4568=EDGE_CURVE('',#3690,#3689,#305,.T.);
#4569=EDGE_CURVE('',#3691,#3690,#306,.T.);
#4570=EDGE_CURVE('',#3692,#3691,#1987,.T.);
#4571=EDGE_CURVE('',#3693,#3692,#3429,.T.);
#4572=EDGE_CURVE('',#3694,#3693,#1988,.T.);
#4573=EDGE_CURVE('',#3695,#3694,#307,.T.);
#4574=EDGE_CURVE('',#3628,#3695,#308,.T.);
#4575=EDGE_CURVE('',#3657,#3696,#1989,.T.);
#4576=EDGE_CURVE('',#3696,#3689,#1990,.T.);
#4577=EDGE_CURVE('',#3656,#3697,#1991,.T.);
#4578=EDGE_CURVE('',#3696,#3697,#3430,.T.);
#4579=EDGE_CURVE('',#3698,#3680,#208,.F.);
#4580=EDGE_CURVE('',#3698,#3699,#3431,.T.);
#4581=EDGE_CURVE('',#3699,#3643,#1992,.T.);
#4582=EDGE_CURVE('',#3639,#3700,#1993,.F.);
#4583=EDGE_CURVE('',#3701,#3700,#3432,.T.);
#4584=EDGE_CURVE('',#3701,#3702,#1994,.T.);
#4585=EDGE_CURVE('',#3702,#3703,#3433,.T.);
#4586=EDGE_CURVE('',#3703,#3704,#1995,.T.);
#4587=EDGE_CURVE('',#3705,#3704,#3434,.T.);
#4588=EDGE_CURVE('',#3705,#3640,#1996,.F.);
#4589=EDGE_CURVE('',#3706,#3705,#309,.T.);
#4590=EDGE_CURVE('',#3707,#3706,#1997,.F.);
#4591=EDGE_CURVE('',#3708,#3707,#310,.T.);
#4592=EDGE_CURVE('',#3709,#3708,#1998,.T.);
#4593=EDGE_CURVE('',#3641,#3709,#1999,.T.);
#4594=EDGE_CURVE('',#3710,#3647,#2000,.T.);
#4595=EDGE_CURVE('',#3710,#3711,#3435,.T.);
#4596=EDGE_CURVE('',#3712,#3711,#209,.F.);
#4597=EDGE_CURVE('',#3648,#3712,#2001,.T.);
#4598=EDGE_CURVE('',#3713,#3635,#311,.T.);
#4599=EDGE_CURVE('',#3714,#3713,#312,.T.);
#4600=EDGE_CURVE('',#3715,#3714,#2002,.T.);
#4601=EDGE_CURVE('',#3716,#3715,#3436,.T.);
#4602=EDGE_CURVE('',#3717,#3716,#2003,.T.);
#4603=EDGE_CURVE('',#3718,#3717,#313,.T.);
#4604=EDGE_CURVE('',#3719,#3718,#314,.T.);
#4605=EDGE_CURVE('',#3666,#3719,#2004,.T.);
#4606=EDGE_CURVE('',#3720,#3665,#2005,.T.);
#4607=EDGE_CURVE('',#3721,#3720,#2006,.T.);
#4608=EDGE_CURVE('',#3722,#3721,#3437,.T.);
#4609=EDGE_CURVE('',#3723,#3722,#2007,.T.);
#4610=EDGE_CURVE('',#3724,#3723,#3438,.T.);
#4611=EDGE_CURVE('',#3725,#3724,#2008,.T.);
#4612=EDGE_CURVE('',#3725,#3726,#2009,.T.);
#4613=EDGE_CURVE('',#3726,#3727,#2010,.T.);
#4614=EDGE_CURVE('',#3727,#3648,#2011,.T.);
#4615=EDGE_CURVE('',#3728,#3712,#2012,.T.);
#4616=EDGE_CURVE('',#3729,#3728,#315,.T.);
#4617=EDGE_CURVE('',#3730,#3729,#316,.T.);
#4618=EDGE_CURVE('',#3731,#3730,#2013,.T.);
#4619=EDGE_CURVE('',#3732,#3731,#317,.T.);
#4620=EDGE_CURVE('',#3733,#3732,#318,.T.);
#4621=EDGE_CURVE('',#3734,#3733,#2014,.T.);
#4622=EDGE_CURVE('',#3735,#3734,#3439,.T.);
#4623=EDGE_CURVE('',#3736,#3735,#2015,.T.);
#4624=EDGE_CURVE('',#3737,#3736,#319,.T.);
#4625=EDGE_CURVE('',#3632,#3737,#320,.T.);
#4626=EDGE_CURVE('',#3664,#3738,#2016,.T.);
#4627=EDGE_CURVE('',#3738,#3720,#2017,.T.);
#4628=EDGE_CURVE('',#3739,#3669,#2018,.T.);
#4629=EDGE_CURVE('',#3740,#3739,#3440,.T.);
#4630=EDGE_CURVE('',#3738,#3740,#210,.T.);
#4631=EDGE_CURVE('',#3741,#3651,#2019,.T.);
#4632=EDGE_CURVE('',#3742,#3741,#321,.T.);
#4633=EDGE_CURVE('',#3743,#3742,#2020,.T.);
#4634=EDGE_CURVE('',#3744,#3743,#2021,.T.);
#4635=EDGE_CURVE('',#3745,#3744,#198,.T.);
#4636=EDGE_CURVE('',#3746,#3745,#2022,.T.);
#4637=EDGE_CURVE('',#3747,#3746,#2023,.T.);
#4638=EDGE_CURVE('',#3748,#3747,#322,.T.);
#4639=EDGE_CURVE('',#3749,#3748,#2024,.T.);
#4640=EDGE_CURVE('',#3750,#3749,#323,.T.);
#4641=EDGE_CURVE('',#3751,#3750,#2025,.T.);
#4642=EDGE_CURVE('',#3752,#3751,#2026,.T.);
#4643=EDGE_CURVE('',#3739,#3752,#2027,.F.);
#4644=EDGE_CURVE('',#3668,#3753,#2028,.T.);
#4645=EDGE_CURVE('',#3754,#3753,#324,.F.);
#4646=EDGE_CURVE('',#3755,#3754,#2029,.T.);
#4647=EDGE_CURVE('',#3756,#3755,#3441,.T.);
#4648=EDGE_CURVE('',#3757,#3756,#2030,.T.);
#4649=EDGE_CURVE('',#3758,#3757,#325,.F.);
#4650=EDGE_CURVE('',#3758,#3759,#2031,.T.);
#4651=EDGE_CURVE('',#3760,#3759,#326,.F.);
#4652=EDGE_CURVE('',#3761,#3760,#2032,.T.);
#4653=EDGE_CURVE('',#3762,#3761,#3442,.T.);
#4654=EDGE_CURVE('',#3763,#3762,#2033,.T.);
#4655=EDGE_CURVE('',#3764,#3763,#327,.F.);
#4656=EDGE_CURVE('',#3764,#3765,#2034,.T.);
#4657=EDGE_CURVE('',#3766,#3765,#328,.F.);
#4658=EDGE_CURVE('',#3766,#3710,#2035,.T.);
#4659=EDGE_CURVE('',#3767,#3767,#3443,.T.);
#4660=EDGE_CURVE('',#3608,#3768,#2036,.T.);
#4661=EDGE_CURVE('',#3768,#3769,#329,.T.);
#4662=EDGE_CURVE('',#3769,#3768,#330,.T.);
#4663=EDGE_CURVE('',#3770,#3770,#3444,.T.);
#4664=EDGE_CURVE('',#3770,#3769,#2037,.T.);
#4665=EDGE_CURVE('',#3599,#3771,#2038,.T.);
#4666=EDGE_CURVE('',#3771,#3772,#331,.T.);
#4667=EDGE_CURVE('',#3772,#3771,#332,.T.);
#4668=EDGE_CURVE('',#3772,#3773,#2039,.T.);
#4669=EDGE_CURVE('',#3773,#3773,#3445,.T.);
#4670=EDGE_CURVE('',#3774,#3775,#2040,.T.);
#4671=EDGE_CURVE('',#3775,#3776,#333,.T.);
#4672=EDGE_CURVE('',#3776,#3775,#334,.T.);
#4673=EDGE_CURVE('',#3774,#3774,#335,.T.);
#4674=EDGE_CURVE('',#3749,#3777,#3446,.T.);
#4675=EDGE_CURVE('',#3778,#3748,#3447,.T.);
#4676=EDGE_CURVE('',#3778,#3777,#2041,.F.);
#4677=EDGE_CURVE('',#3776,#3779,#2042,.T.);
#4678=EDGE_CURVE('',#3779,#3779,#3448,.T.);
#4679=EDGE_CURVE('',#3780,#3781,#2043,.T.);
#4680=EDGE_CURVE('',#3781,#3782,#336,.T.);
#4681=EDGE_CURVE('',#3782,#3781,#337,.T.);
#4682=EDGE_CURVE('',#3780,#3780,#338,.T.);
#4683=EDGE_CURVE('',#3782,#3783,#2044,.T.);
#4684=EDGE_CURVE('',#3783,#3783,#3449,.T.);
#4685=EDGE_CURVE('',#3784,#3785,#3450,.T.);
#4686=EDGE_CURVE('',#3784,#3786,#2045,.T.);
#4687=EDGE_CURVE('',#3787,#3786,#3451,.T.);
#4688=EDGE_CURVE('',#3787,#3785,#2046,.F.);
#4689=EDGE_CURVE('',#3607,#3788,#2047,.T.);
#4690=EDGE_CURVE('',#3788,#3789,#3452,.T.);
#4691=EDGE_CURVE('',#3789,#3788,#3453,.T.);
#4692=EDGE_CURVE('',#3789,#3790,#2048,.T.);
#4693=EDGE_CURVE('',#3790,#3790,#3454,.T.);
#4694=EDGE_CURVE('',#3600,#3791,#2049,.T.);
#4695=EDGE_CURVE('',#3791,#3792,#3455,.T.);
#4696=EDGE_CURVE('',#3792,#3791,#3456,.T.);
#4697=EDGE_CURVE('',#3792,#3793,#2050,.T.);
#4698=EDGE_CURVE('',#3793,#3793,#3457,.T.);
#4699=EDGE_CURVE('',#3606,#3794,#2051,.T.);
#4700=EDGE_CURVE('',#3794,#3795,#3458,.T.);
#4701=EDGE_CURVE('',#3795,#3794,#3459,.T.);
#4702=EDGE_CURVE('',#3795,#3796,#2052,.T.);
#4703=EDGE_CURVE('',#3796,#3796,#3460,.T.);
#4704=EDGE_CURVE('',#3601,#3797,#2053,.T.);
#4705=EDGE_CURVE('',#3797,#3798,#3461,.T.);
#4706=EDGE_CURVE('',#3798,#3797,#3462,.T.);
#4707=EDGE_CURVE('',#3798,#3799,#2054,.T.);
#4708=EDGE_CURVE('',#3799,#3799,#3463,.T.);
#4709=EDGE_CURVE('',#3800,#3575,#2055,.T.);
#4710=EDGE_CURVE('',#3576,#3801,#2056,.T.);
#4711=EDGE_CURVE('',#3801,#3800,#2057,.T.);
#4712=EDGE_CURVE('',#3800,#3802,#3464,.T.);
#4713=EDGE_CURVE('',#3802,#3577,#2058,.T.);
#4714=EDGE_CURVE('',#3803,#3578,#2059,.T.);
#4715=EDGE_CURVE('',#3802,#3803,#2060,.T.);
#4716=EDGE_CURVE('',#3803,#3804,#3465,.T.);
#4717=EDGE_CURVE('',#3804,#3579,#2061,.T.);
#4718=EDGE_CURVE('',#3805,#3580,#2062,.T.);
#4719=EDGE_CURVE('',#3804,#3805,#2063,.T.);
#4720=EDGE_CURVE('',#3805,#3806,#3466,.T.);
#4721=EDGE_CURVE('',#3806,#3581,#2064,.T.);
#4722=EDGE_CURVE('',#3807,#3582,#2065,.T.);
#4723=EDGE_CURVE('',#3806,#3807,#2066,.T.);
#4724=EDGE_CURVE('',#3808,#3583,#2067,.T.);
#4725=EDGE_CURVE('',#3807,#3808,#3467,.T.);
#4726=EDGE_CURVE('',#3809,#3584,#2068,.T.);
#4727=EDGE_CURVE('',#3808,#3809,#2069,.T.);
#4728=EDGE_CURVE('',#3809,#3810,#3468,.T.);
#4729=EDGE_CURVE('',#3810,#3585,#2070,.T.);
#4730=EDGE_CURVE('',#3811,#3586,#2071,.T.);
#4731=EDGE_CURVE('',#3810,#3811,#2072,.T.);
#4732=EDGE_CURVE('',#3811,#3812,#3469,.T.);
#4733=EDGE_CURVE('',#3812,#3587,#2073,.T.);
#4734=EDGE_CURVE('',#3813,#3588,#2074,.T.);
#4735=EDGE_CURVE('',#3812,#3813,#2075,.T.);
#4736=EDGE_CURVE('',#3813,#3814,#3470,.T.);
#4737=EDGE_CURVE('',#3814,#3589,#2076,.T.);
#4738=EDGE_CURVE('',#3815,#3590,#2077,.T.);
#4739=EDGE_CURVE('',#3814,#3815,#2078,.T.);
#4740=EDGE_CURVE('',#3815,#3816,#3471,.T.);
#4741=EDGE_CURVE('',#3816,#3591,#2079,.T.);
#4742=EDGE_CURVE('',#3817,#3592,#2080,.T.);
#4743=EDGE_CURVE('',#3816,#3817,#2081,.T.);
#4744=EDGE_CURVE('',#3818,#3593,#2082,.T.);
#4745=EDGE_CURVE('',#3817,#3818,#3472,.T.);
#4746=EDGE_CURVE('',#3819,#3594,#2083,.T.);
#4747=EDGE_CURVE('',#3818,#3819,#2084,.T.);
#4748=EDGE_CURVE('',#3819,#3801,#3473,.T.);
#4749=EDGE_CURVE('',#3809,#3820,#2085,.T.);
#4750=EDGE_CURVE('',#3820,#3821,#3474,.F.);
#4751=EDGE_CURVE('',#3821,#3810,#2086,.T.);
#4752=EDGE_CURVE('',#3822,#3808,#2087,.T.);
#4753=EDGE_CURVE('',#3820,#3822,#2088,.T.);
#4754=EDGE_CURVE('',#3823,#3807,#2089,.T.);
#4755=EDGE_CURVE('',#3822,#3823,#3475,.T.);
#4756=EDGE_CURVE('',#3824,#3806,#2090,.T.);
#4757=EDGE_CURVE('',#3823,#3824,#2091,.T.);
#4758=EDGE_CURVE('',#3805,#3825,#2092,.T.);
#4759=EDGE_CURVE('',#3825,#3824,#3476,.F.);
#4760=EDGE_CURVE('',#3803,#3826,#2093,.T.);
#4761=EDGE_CURVE('',#3827,#3826,#3477,.T.);
#4762=EDGE_CURVE('',#3827,#3804,#2094,.T.);
#4763=EDGE_CURVE('',#3828,#3802,#2095,.T.);
#4764=EDGE_CURVE('',#3740,#3828,#2096,.T.);
#4765=EDGE_CURVE('',#3752,#3829,#3478,.T.);
#4766=EDGE_CURVE('',#3829,#3830,#2097,.T.);
#4767=EDGE_CURVE('',#3830,#3831,#3479,.T.);
#4768=EDGE_CURVE('',#3831,#3832,#2098,.F.);
#4769=EDGE_CURVE('',#3832,#3833,#3480,.T.);
#4770=EDGE_CURVE('',#3833,#3834,#2099,.T.);
#4771=EDGE_CURVE('',#3834,#3835,#3481,.T.);
#4772=EDGE_CURVE('',#3826,#3835,#2100,.T.);
#4773=EDGE_CURVE('',#3800,#3836,#2101,.T.);
#4774=EDGE_CURVE('',#3828,#3836,#3482,.T.);
#4775=EDGE_CURVE('',#3711,#3837,#2102,.T.);
#4776=EDGE_CURVE('',#3837,#3728,#2103,.T.);
#4777=EDGE_CURVE('',#3729,#3838,#2104,.T.);
#4778=EDGE_CURVE('',#3838,#3839,#339,.T.);
#4779=EDGE_CURVE('',#3839,#3730,#2105,.T.);
#4780=EDGE_CURVE('',#3840,#3731,#2106,.T.);
#4781=EDGE_CURVE('',#3839,#3840,#2107,.T.);
#4782=EDGE_CURVE('',#3841,#3732,#2108,.T.);
#4783=EDGE_CURVE('',#3840,#3841,#340,.T.);
#4784=EDGE_CURVE('',#3837,#3838,#341,.T.);
#4785=EDGE_CURVE('',#3842,#3734,#2109,.T.);
#4786=EDGE_CURVE('',#3733,#3843,#2110,.T.);
#4787=EDGE_CURVE('',#3843,#3842,#2111,.T.);
#4788=EDGE_CURVE('',#3844,#3735,#2112,.T.);
#4789=EDGE_CURVE('',#3842,#3844,#3483,.T.);
#4790=EDGE_CURVE('',#3845,#3736,#2113,.T.);
#4791=EDGE_CURVE('',#3844,#3845,#2114,.T.);
#4792=EDGE_CURVE('',#3841,#3843,#342,.T.);
#4793=EDGE_CURVE('',#3737,#3846,#2115,.T.);
#4794=EDGE_CURVE('',#3846,#3633,#343,.T.);
#4795=EDGE_CURVE('',#3847,#3713,#2116,.T.);
#4796=EDGE_CURVE('',#3634,#3847,#344,.T.);
#4797=EDGE_CURVE('',#3845,#3846,#345,.T.);
#4798=EDGE_CURVE('',#3848,#3715,#2117,.T.);
#4799=EDGE_CURVE('',#3714,#3849,#2118,.T.);
#4800=EDGE_CURVE('',#3849,#3848,#2119,.T.);
#4801=EDGE_CURVE('',#3850,#3716,#2120,.T.);
#4802=EDGE_CURVE('',#3848,#3850,#3484,.T.);
#4803=EDGE_CURVE('',#3851,#3717,#2121,.T.);
#4804=EDGE_CURVE('',#3850,#3851,#2122,.T.);
#4805=EDGE_CURVE('',#3847,#3849,#346,.T.);
#4806=EDGE_CURVE('',#3718,#3852,#2123,.T.);
#4807=EDGE_CURVE('',#3852,#3853,#347,.T.);
#4808=EDGE_CURVE('',#3853,#3719,#2124,.T.);
#4809=EDGE_CURVE('',#3853,#3667,#2125,.T.);
#4810=EDGE_CURVE('',#3854,#3725,#211,.T.);
#4811=EDGE_CURVE('',#3724,#3855,#2126,.T.);
#4812=EDGE_CURVE('',#3855,#3854,#2127,.T.);
#4813=EDGE_CURVE('',#3723,#3856,#2128,.T.);
#4814=EDGE_CURVE('',#3856,#3855,#3485,.T.);
#4815=EDGE_CURVE('',#3722,#3836,#2129,.T.);
#4816=EDGE_CURVE('',#3836,#3856,#2130,.T.);
#4817=EDGE_CURVE('',#3721,#3828,#2131,.T.);
#4818=EDGE_CURVE('',#3851,#3852,#348,.T.);
#4819=EDGE_CURVE('',#3857,#3854,#3486,.T.);
#4820=EDGE_CURVE('',#3683,#3857,#212,.T.);
#4821=EDGE_CURVE('',#3682,#3726,#3487,.T.);
#4822=EDGE_CURVE('',#3858,#3812,#2132,.T.);
#4823=EDGE_CURVE('',#3857,#3858,#2133,.T.);
#4824=EDGE_CURVE('',#3813,#3855,#2134,.T.);
#4825=EDGE_CURVE('',#3687,#3826,#2135,.T.);
#4826=EDGE_CURVE('',#3835,#3859,#213,.T.);
#4827=EDGE_CURVE('',#3859,#3688,#2136,.T.);
#4828=EDGE_CURVE('',#3686,#3827,#2137,.T.);
#4829=EDGE_CURVE('',#3685,#3860,#2138,.T.);
#4830=EDGE_CURVE('',#3860,#3827,#2139,.T.);
#4831=EDGE_CURVE('',#3684,#3858,#2140,.T.);
#4832=EDGE_CURVE('',#3858,#3860,#3488,.T.);
#4833=EDGE_CURVE('',#3859,#3660,#2141,.T.);
#4834=EDGE_CURVE('',#3861,#3690,#2142,.T.);
#4835=EDGE_CURVE('',#3696,#3861,#349,.T.);
#4836=EDGE_CURVE('',#3862,#3692,#2143,.T.);
#4837=EDGE_CURVE('',#3691,#3863,#2144,.T.);
#4838=EDGE_CURVE('',#3863,#3862,#2145,.T.);
#4839=EDGE_CURVE('',#3864,#3693,#2146,.T.);
#4840=EDGE_CURVE('',#3862,#3864,#3489,.T.);
#4841=EDGE_CURVE('',#3865,#3694,#2147,.T.);
#4842=EDGE_CURVE('',#3864,#3865,#2148,.T.);
#4843=EDGE_CURVE('',#3861,#3863,#350,.T.);
#4844=EDGE_CURVE('',#3695,#3866,#2149,.T.);
#4845=EDGE_CURVE('',#3866,#3629,#351,.T.);
#4846=EDGE_CURVE('',#3867,#3670,#2150,.T.);
#4847=EDGE_CURVE('',#3630,#3867,#352,.T.);
#4848=EDGE_CURVE('',#3865,#3866,#353,.T.);
#4849=EDGE_CURVE('',#3868,#3672,#2151,.T.);
#4850=EDGE_CURVE('',#3671,#3869,#2152,.T.);
#4851=EDGE_CURVE('',#3869,#3868,#2153,.T.);
#4852=EDGE_CURVE('',#3870,#3673,#2154,.T.);
#4853=EDGE_CURVE('',#3868,#3870,#3490,.T.);
#4854=EDGE_CURVE('',#3871,#3674,#2155,.T.);
#4855=EDGE_CURVE('',#3870,#3871,#2156,.T.);
#4856=EDGE_CURVE('',#3867,#3869,#354,.T.);
#4857=EDGE_CURVE('',#3675,#3872,#2157,.T.);
#4858=EDGE_CURVE('',#3872,#3873,#355,.T.);
#4859=EDGE_CURVE('',#3873,#3676,#2158,.T.);
#4860=EDGE_CURVE('',#3874,#3677,#2159,.T.);
#4861=EDGE_CURVE('',#3873,#3874,#2160,.T.);
#4862=EDGE_CURVE('',#3875,#3678,#2161,.T.);
#4863=EDGE_CURVE('',#3874,#3875,#356,.T.);
#4864=EDGE_CURVE('',#3871,#3872,#357,.T.);
#4865=EDGE_CURVE('',#3679,#3876,#2162,.T.);
#4866=EDGE_CURVE('',#3876,#3698,#2163,.T.);
#4867=EDGE_CURVE('',#3875,#3876,#358,.T.);
#4868=EDGE_CURVE('',#3877,#3784,#359,.T.);
#4869=EDGE_CURVE('',#3785,#3878,#360,.T.);
#4870=EDGE_CURVE('',#3878,#3877,#3491,.T.);
#4871=EDGE_CURVE('',#3878,#3879,#2164,.F.);
#4872=EDGE_CURVE('',#3879,#3880,#3492,.T.);
#4873=EDGE_CURVE('',#3880,#3877,#2165,.T.);
#4874=EDGE_CURVE('',#3834,#3655,#2166,.T.);
#4875=EDGE_CURVE('',#3879,#3833,#2167,.F.);
#4876=EDGE_CURVE('',#3881,#3787,#361,.T.);
#4877=EDGE_CURVE('',#3882,#3881,#2168,.F.);
#4878=EDGE_CURVE('',#3883,#3882,#2169,.F.);
#4879=EDGE_CURVE('',#3884,#3883,#199,.F.);
#4880=EDGE_CURVE('',#3885,#3884,#362,.T.);
#4881=EDGE_CURVE('',#3886,#3885,#2170,.F.);
#4882=EDGE_CURVE('',#3887,#3886,#2171,.F.);
#4883=EDGE_CURVE('',#3700,#3887,#363,.T.);
#4884=EDGE_CURVE('',#3888,#3699,#2172,.T.);
#4885=EDGE_CURVE('',#3889,#3888,#364,.F.);
#4886=EDGE_CURVE('',#3890,#3889,#2173,.T.);
#4887=EDGE_CURVE('',#3891,#3890,#365,.F.);
#4888=EDGE_CURVE('',#3892,#3891,#2174,.T.);
#4889=EDGE_CURVE('',#3892,#3893,#3493,.T.);
#4890=EDGE_CURVE('',#3894,#3893,#2175,.T.);
#4891=EDGE_CURVE('',#3895,#3894,#366,.F.);
#4892=EDGE_CURVE('',#3896,#3895,#2176,.T.);
#4893=EDGE_CURVE('',#3897,#3896,#367,.F.);
#4894=EDGE_CURVE('',#3898,#3897,#2177,.T.);
#4895=EDGE_CURVE('',#3899,#3898,#3494,.T.);
#4896=EDGE_CURVE('',#3900,#3899,#2178,.T.);
#4897=EDGE_CURVE('',#3697,#3900,#368,.F.);
#4898=EDGE_CURVE('',#3901,#3901,#3495,.T.);
#4899=EDGE_CURVE('',#3786,#3902,#369,.T.);
#4900=EDGE_CURVE('',#3902,#3881,#3496,.T.);
#4901=EDGE_CURVE('',#3903,#3902,#2179,.T.);
#4902=EDGE_CURVE('',#3904,#3903,#3497,.T.);
#4903=EDGE_CURVE('',#3904,#3905,#2180,.F.);
#4904=EDGE_CURVE('',#3747,#3905,#3498,.T.);
#4905=EDGE_CURVE('',#3906,#3746,#3499,.T.);
#4906=EDGE_CURVE('',#3906,#3604,#2181,.T.);
#4907=EDGE_CURVE('',#3907,#3603,#2182,.T.);
#4908=EDGE_CURVE('',#3882,#3907,#3500,.T.);
#4909=EDGE_CURVE('',#3832,#3880,#2183,.T.);
#4910=EDGE_CURVE('',#3831,#3903,#2184,.T.);
#4911=EDGE_CURVE('',#3900,#3861,#3501,.T.);
#4912=EDGE_CURVE('',#3866,#3897,#3502,.T.);
#4913=EDGE_CURVE('',#3896,#3629,#3503,.T.);
#4914=EDGE_CURVE('',#3630,#3895,#3504,.T.);
#4915=EDGE_CURVE('',#3894,#3867,#3505,.T.);
#4916=EDGE_CURVE('',#3872,#3891,#3506,.T.);
#4917=EDGE_CURVE('',#3890,#3873,#3507,.T.);
#4918=EDGE_CURVE('',#3874,#3889,#3508,.T.);
#4919=EDGE_CURVE('',#3888,#3875,#3509,.T.);
#4920=EDGE_CURVE('',#3908,#3909,#370,.T.);
#4921=EDGE_CURVE('',#3909,#3885,#3510,.T.);
#4922=EDGE_CURVE('',#3884,#3908,#3511,.T.);
#4923=EDGE_CURVE('',#3883,#3910,#3512,.T.);
#4924=EDGE_CURVE('',#3910,#3908,#200,.T.);
#4925=EDGE_CURVE('',#3911,#3701,#371,.T.);
#4926=EDGE_CURVE('',#3887,#3912,#3513,.T.);
#4927=EDGE_CURVE('',#3912,#3913,#372,.T.);
#4928=EDGE_CURVE('',#3913,#3914,#373,.T.);
#4929=EDGE_CURVE('',#3914,#3911,#3514,.T.);
#4930=EDGE_CURVE('',#3907,#3910,#2185,.T.);
#4931=EDGE_CURVE('',#3702,#3602,#2186,.T.);
#4932=EDGE_CURVE('',#3915,#3911,#2187,.T.);
#4933=EDGE_CURVE('',#3909,#3915,#2188,.T.);
#4934=EDGE_CURVE('',#3916,#3916,#3515,.T.);
#4935=EDGE_CURVE('',#3916,#3917,#2189,.T.);
#4936=EDGE_CURVE('',#3917,#3918,#3516,.T.);
#4937=EDGE_CURVE('',#3919,#3918,#2190,.T.);
#4938=EDGE_CURVE('',#3914,#3919,#374,.T.);
#4939=EDGE_CURVE('',#3913,#3917,#3517,.T.);
#4940=EDGE_CURVE('',#3852,#3754,#3518,.T.);
#4941=EDGE_CURVE('',#3753,#3853,#3519,.T.);
#4942=EDGE_CURVE('',#3755,#3850,#2191,.T.);
#4943=EDGE_CURVE('',#3634,#3758,#3520,.T.);
#4944=EDGE_CURVE('',#3757,#3847,#3521,.T.);
#4945=EDGE_CURVE('',#3759,#3633,#3522,.T.);
#4946=EDGE_CURVE('',#3846,#3760,#3523,.T.);
#4947=EDGE_CURVE('',#3844,#3761,#2192,.T.);
#4948=EDGE_CURVE('',#3840,#3764,#3524,.T.);
#4949=EDGE_CURVE('',#3763,#3841,#3525,.T.);
#4950=EDGE_CURVE('',#3765,#3839,#3526,.T.);
#4951=EDGE_CURVE('',#3838,#3766,#3527,.T.);
#4952=EDGE_CURVE('',#3777,#3920,#375,.T.);
#4953=EDGE_CURVE('',#3920,#3750,#3528,.T.);
#4954=EDGE_CURVE('',#3905,#3778,#376,.T.);
#4955=EDGE_CURVE('',#3830,#3904,#2193,.T.);
#4956=EDGE_CURVE('',#3921,#3829,#2194,.F.);
#4957=EDGE_CURVE('',#3920,#3921,#2195,.F.);
#4958=EDGE_CURVE('',#3741,#3922,#3529,.T.);
#4959=EDGE_CURVE('',#3922,#3923,#377,.T.);
#4960=EDGE_CURVE('',#3923,#3924,#3530,.T.);
#4961=EDGE_CURVE('',#3924,#3925,#378,.T.);
#4962=EDGE_CURVE('',#3925,#3926,#379,.T.);
#4963=EDGE_CURVE('',#3926,#3742,#3531,.T.);
#4964=EDGE_CURVE('',#3650,#3927,#2196,.T.);
#4965=EDGE_CURVE('',#3928,#3927,#3532,.T.);
#4966=EDGE_CURVE('',#3928,#3929,#2197,.F.);
#4967=EDGE_CURVE('',#3929,#3930,#3533,.T.);
#4968=EDGE_CURVE('',#3930,#3922,#2198,.T.);
#4969=EDGE_CURVE('',#3649,#3931,#2199,.T.);
#4970=EDGE_CURVE('',#3931,#3932,#2200,.T.);
#4971=EDGE_CURVE('',#3933,#3932,#2201,.T.);
#4972=EDGE_CURVE('',#3927,#3933,#380,.T.);
#4973=EDGE_CURVE('',#3925,#3934,#3534,.T.);
#4974=EDGE_CURVE('',#3934,#3935,#3535,.T.);
#4975=EDGE_CURVE('',#3936,#3935,#2202,.T.);
#4976=EDGE_CURVE('',#3926,#3936,#2203,.T.);
#4977=EDGE_CURVE('',#3937,#3933,#3536,.T.);
#4978=EDGE_CURVE('',#3937,#3928,#381,.T.);
#4979=EDGE_CURVE('',#3815,#3938,#2204,.T.);
#4980=EDGE_CURVE('',#3938,#3939,#3537,.F.);
#4981=EDGE_CURVE('',#3939,#3816,#2205,.T.);
#4982=EDGE_CURVE('',#3856,#3814,#2206,.T.);
#4983=EDGE_CURVE('',#3940,#3801,#2207,.T.);
#4984=EDGE_CURVE('',#3940,#3938,#2208,.T.);
#4985=EDGE_CURVE('',#3941,#3942,#2209,.T.);
#4986=EDGE_CURVE('',#3942,#3943,#2210,.T.);
#4987=EDGE_CURVE('',#3943,#3944,#382,.T.);
#4988=EDGE_CURVE('',#3944,#3945,#383,.T.);
#4989=EDGE_CURVE('',#3945,#3946,#384,.T.);
#4990=EDGE_CURVE('',#3946,#3947,#385,.T.);
#4991=EDGE_CURVE('',#3947,#3948,#386,.T.);
#4992=EDGE_CURVE('',#3948,#3949,#2211,.T.);
#4993=EDGE_CURVE('',#3949,#3950,#2212,.T.);
#4994=EDGE_CURVE('',#3950,#3951,#387,.T.);
#4995=EDGE_CURVE('',#3951,#3952,#388,.T.);
#4996=EDGE_CURVE('',#3952,#3953,#389,.T.);
#4997=EDGE_CURVE('',#3953,#3954,#390,.T.);
#4998=EDGE_CURVE('',#3954,#3955,#2213,.T.);
#4999=EDGE_CURVE('',#3955,#3941,#2214,.T.);
#5000=EDGE_CURVE('',#3956,#3957,#391,.T.);
#5001=EDGE_CURVE('',#3957,#3958,#2215,.T.);
#5002=EDGE_CURVE('',#3958,#3959,#2216,.T.);
#5003=EDGE_CURVE('',#3959,#3960,#2217,.T.);
#5004=EDGE_CURVE('',#3960,#3961,#392,.T.);
#5005=EDGE_CURVE('',#3961,#3962,#393,.T.);
#5006=EDGE_CURVE('',#3962,#3963,#2218,.T.);
#5007=EDGE_CURVE('',#3963,#3964,#2219,.T.);
#5008=EDGE_CURVE('',#3964,#3965,#2220,.T.);
#5009=EDGE_CURVE('',#3965,#3956,#394,.T.);
#5010=EDGE_CURVE('',#3966,#3967,#395,.T.);
#5011=EDGE_CURVE('',#3967,#3968,#396,.T.);
#5012=EDGE_CURVE('',#3968,#3969,#397,.T.);
#5013=EDGE_CURVE('',#3969,#3966,#398,.T.);
#5014=EDGE_CURVE('',#3970,#3971,#399,.T.);
#5015=EDGE_CURVE('',#3971,#3972,#400,.T.);
#5016=EDGE_CURVE('',#3972,#3973,#2221,.T.);
#5017=EDGE_CURVE('',#3973,#3974,#2222,.T.);
#5018=EDGE_CURVE('',#3974,#3975,#2223,.T.);
#5019=EDGE_CURVE('',#3975,#3976,#2224,.T.);
#5020=EDGE_CURVE('',#3976,#3977,#2225,.T.);
#5021=EDGE_CURVE('',#3977,#3978,#401,.T.);
#5022=EDGE_CURVE('',#3978,#3970,#402,.T.);
#5023=EDGE_CURVE('',#3979,#3980,#403,.T.);
#5024=EDGE_CURVE('',#3980,#3981,#404,.T.);
#5025=EDGE_CURVE('',#3981,#3982,#405,.T.);
#5026=EDGE_CURVE('',#3982,#3983,#2226,.T.);
#5027=EDGE_CURVE('',#3983,#3984,#2227,.T.);
#5028=EDGE_CURVE('',#3984,#3985,#406,.T.);
#5029=EDGE_CURVE('',#3985,#3986,#407,.T.);
#5030=EDGE_CURVE('',#3986,#3987,#408,.T.);
#5031=EDGE_CURVE('',#3987,#3988,#409,.T.);
#5032=EDGE_CURVE('',#3988,#3989,#2228,.T.);
#5033=EDGE_CURVE('',#3989,#3990,#2229,.T.);
#5034=EDGE_CURVE('',#3990,#3991,#410,.T.);
#5035=EDGE_CURVE('',#3991,#3979,#411,.T.);
#5036=EDGE_CURVE('',#3992,#3993,#2230,.T.);
#5037=EDGE_CURVE('',#3993,#3994,#2231,.T.);
#5038=EDGE_CURVE('',#3994,#3995,#412,.T.);
#5039=EDGE_CURVE('',#3995,#3996,#413,.T.);
#5040=EDGE_CURVE('',#3996,#3997,#414,.T.);
#5041=EDGE_CURVE('',#3997,#3998,#2232,.T.);
#5042=EDGE_CURVE('',#3998,#3999,#2233,.T.);
#5043=EDGE_CURVE('',#3999,#4000,#2234,.T.);
#5044=EDGE_CURVE('',#4000,#4001,#2235,.T.);
#5045=EDGE_CURVE('',#4001,#4002,#2236,.T.);
#5046=EDGE_CURVE('',#4002,#4003,#415,.T.);
#5047=EDGE_CURVE('',#4003,#4004,#416,.T.);
#5048=EDGE_CURVE('',#4004,#3992,#2237,.T.);
#5049=EDGE_CURVE('',#4005,#4006,#417,.T.);
#5050=EDGE_CURVE('',#4006,#4007,#418,.T.);
#5051=EDGE_CURVE('',#4007,#4008,#419,.T.);
#5052=EDGE_CURVE('',#4008,#4009,#420,.T.);
#5053=EDGE_CURVE('',#4009,#4010,#2238,.T.);
#5054=EDGE_CURVE('',#4010,#4011,#2239,.T.);
#5055=EDGE_CURVE('',#4011,#4012,#421,.T.);
#5056=EDGE_CURVE('',#4012,#4013,#422,.T.);
#5057=EDGE_CURVE('',#4013,#4014,#423,.T.);
#5058=EDGE_CURVE('',#4014,#4015,#424,.T.);
#5059=EDGE_CURVE('',#4015,#4016,#425,.T.);
#5060=EDGE_CURVE('',#4016,#4017,#426,.T.);
#5061=EDGE_CURVE('',#4017,#4018,#427,.T.);
#5062=EDGE_CURVE('',#4018,#4019,#428,.T.);
#5063=EDGE_CURVE('',#4019,#4020,#2240,.T.);
#5064=EDGE_CURVE('',#4020,#4021,#2241,.T.);
#5065=EDGE_CURVE('',#4021,#4022,#429,.T.);
#5066=EDGE_CURVE('',#4022,#4005,#430,.T.);
#5067=EDGE_CURVE('',#3819,#4023,#2242,.T.);
#5068=EDGE_CURVE('',#4023,#3940,#3538,.F.);
#5069=EDGE_CURVE('',#3818,#4024,#2243,.T.);
#5070=EDGE_CURVE('',#4023,#4024,#2244,.T.);
#5071=EDGE_CURVE('',#3821,#3825,#2245,.T.);
#5072=EDGE_CURVE('',#3811,#3860,#2246,.T.);
#5073=EDGE_CURVE('',#4025,#4026,#2247,.T.);
#5074=EDGE_CURVE('',#4026,#4027,#431,.T.);
#5075=EDGE_CURVE('',#4027,#4028,#432,.T.);
#5076=EDGE_CURVE('',#4028,#4029,#433,.T.);
#5077=EDGE_CURVE('',#4029,#4030,#2248,.T.);
#5078=EDGE_CURVE('',#4030,#4031,#2249,.T.);
#5079=EDGE_CURVE('',#4031,#4032,#2250,.T.);
#5080=EDGE_CURVE('',#4032,#4033,#434,.T.);
#5081=EDGE_CURVE('',#4033,#4034,#435,.T.);
#5082=EDGE_CURVE('',#4034,#4035,#436,.T.);
#5083=EDGE_CURVE('',#4035,#4036,#2251,.T.);
#5084=EDGE_CURVE('',#4036,#4037,#2252,.T.);
#5085=EDGE_CURVE('',#4037,#4038,#2253,.T.);
#5086=EDGE_CURVE('',#4038,#4039,#2254,.T.);
#5087=EDGE_CURVE('',#4039,#4040,#2255,.T.);
#5088=EDGE_CURVE('',#4040,#4041,#437,.T.);
#5089=EDGE_CURVE('',#4041,#4042,#438,.T.);
#5090=EDGE_CURVE('',#4042,#4043,#439,.T.);
#5091=EDGE_CURVE('',#4043,#4044,#440,.T.);
#5092=EDGE_CURVE('',#4044,#4045,#441,.T.);
#5093=EDGE_CURVE('',#4045,#4046,#2256,.T.);
#5094=EDGE_CURVE('',#4046,#4025,#2257,.T.);
#5095=EDGE_CURVE('',#4047,#4048,#442,.T.);
#5096=EDGE_CURVE('',#4048,#4049,#443,.T.);
#5097=EDGE_CURVE('',#4049,#4050,#444,.T.);
#5098=EDGE_CURVE('',#4050,#4051,#445,.T.);
#5099=EDGE_CURVE('',#4051,#4052,#446,.T.);
#5100=EDGE_CURVE('',#4052,#4053,#447,.T.);
#5101=EDGE_CURVE('',#4053,#4054,#448,.T.);
#5102=EDGE_CURVE('',#4054,#4047,#449,.T.);
#5103=EDGE_CURVE('',#4055,#4056,#450,.T.);
#5104=EDGE_CURVE('',#4056,#4057,#451,.T.);
#5105=EDGE_CURVE('',#4057,#4058,#452,.T.);
#5106=EDGE_CURVE('',#4058,#4059,#453,.T.);
#5107=EDGE_CURVE('',#4059,#4060,#454,.T.);
#5108=EDGE_CURVE('',#4060,#4061,#455,.T.);
#5109=EDGE_CURVE('',#4061,#4062,#456,.T.);
#5110=EDGE_CURVE('',#4062,#4055,#457,.T.);
#5111=EDGE_CURVE('',#4063,#4064,#458,.T.);
#5112=EDGE_CURVE('',#4064,#4065,#459,.T.);
#5113=EDGE_CURVE('',#4065,#4066,#460,.T.);
#5114=EDGE_CURVE('',#4066,#4067,#461,.T.);
#5115=EDGE_CURVE('',#4067,#4068,#2258,.T.);
#5116=EDGE_CURVE('',#4068,#4069,#2259,.T.);
#5117=EDGE_CURVE('',#4069,#4070,#462,.T.);
#5118=EDGE_CURVE('',#4070,#4071,#463,.T.);
#5119=EDGE_CURVE('',#4071,#4072,#464,.T.);
#5120=EDGE_CURVE('',#4072,#4073,#465,.T.);
#5121=EDGE_CURVE('',#4073,#4074,#466,.T.);
#5122=EDGE_CURVE('',#4074,#4075,#467,.T.);
#5123=EDGE_CURVE('',#4075,#4076,#468,.T.);
#5124=EDGE_CURVE('',#4076,#4077,#469,.T.);
#5125=EDGE_CURVE('',#4077,#4078,#2260,.T.);
#5126=EDGE_CURVE('',#4078,#4079,#2261,.T.);
#5127=EDGE_CURVE('',#4079,#4080,#470,.T.);
#5128=EDGE_CURVE('',#4080,#4063,#471,.T.);
#5129=EDGE_CURVE('',#4081,#4082,#472,.T.);
#5130=EDGE_CURVE('',#4082,#4083,#473,.T.);
#5131=EDGE_CURVE('',#4083,#4084,#474,.T.);
#5132=EDGE_CURVE('',#4084,#4085,#475,.T.);
#5133=EDGE_CURVE('',#4085,#4086,#2262,.T.);
#5134=EDGE_CURVE('',#4086,#4087,#2263,.T.);
#5135=EDGE_CURVE('',#4087,#4088,#476,.T.);
#5136=EDGE_CURVE('',#4088,#4089,#477,.T.);
#5137=EDGE_CURVE('',#4089,#4090,#478,.T.);
#5138=EDGE_CURVE('',#4090,#4091,#479,.T.);
#5139=EDGE_CURVE('',#4091,#4092,#480,.T.);
#5140=EDGE_CURVE('',#4092,#4093,#481,.T.);
#5141=EDGE_CURVE('',#4093,#4094,#482,.T.);
#5142=EDGE_CURVE('',#4094,#4095,#483,.T.);
#5143=EDGE_CURVE('',#4095,#4096,#2264,.T.);
#5144=EDGE_CURVE('',#4096,#4097,#2265,.T.);
#5145=EDGE_CURVE('',#4097,#4098,#484,.T.);
#5146=EDGE_CURVE('',#4098,#4081,#485,.T.);
#5147=EDGE_CURVE('',#4099,#4100,#2266,.T.);
#5148=EDGE_CURVE('',#4100,#4101,#2267,.T.);
#5149=EDGE_CURVE('',#4101,#4102,#2268,.T.);
#5150=EDGE_CURVE('',#4102,#4103,#2269,.T.);
#5151=EDGE_CURVE('',#4103,#4104,#2270,.T.);
#5152=EDGE_CURVE('',#4104,#4105,#2271,.T.);
#5153=EDGE_CURVE('',#4105,#4106,#2272,.T.);
#5154=EDGE_CURVE('',#4106,#4107,#2273,.T.);
#5155=EDGE_CURVE('',#4107,#4108,#2274,.T.);
#5156=EDGE_CURVE('',#4108,#4109,#2275,.T.);
#5157=EDGE_CURVE('',#4109,#4110,#2276,.T.);
#5158=EDGE_CURVE('',#4110,#4111,#2277,.T.);
#5159=EDGE_CURVE('',#4111,#4112,#2278,.T.);
#5160=EDGE_CURVE('',#4112,#4099,#2279,.T.);
#5161=EDGE_CURVE('',#4113,#4114,#2280,.T.);
#5162=EDGE_CURVE('',#4114,#4115,#2281,.T.);
#5163=EDGE_CURVE('',#4115,#4116,#2282,.T.);
#5164=EDGE_CURVE('',#4116,#4117,#2283,.T.);
#5165=EDGE_CURVE('',#4117,#4118,#2284,.T.);
#5166=EDGE_CURVE('',#4118,#4119,#2285,.T.);
#5167=EDGE_CURVE('',#4119,#4120,#486,.T.);
#5168=EDGE_CURVE('',#4120,#4121,#487,.T.);
#5169=EDGE_CURVE('',#4121,#4122,#2286,.T.);
#5170=EDGE_CURVE('',#4122,#4123,#2287,.T.);
#5171=EDGE_CURVE('',#4123,#4124,#2288,.T.);
#5172=EDGE_CURVE('',#4124,#4113,#2289,.T.);
#5173=EDGE_CURVE('',#4125,#4126,#2290,.T.);
#5174=EDGE_CURVE('',#4126,#4127,#488,.T.);
#5175=EDGE_CURVE('',#4127,#4128,#489,.T.);
#5176=EDGE_CURVE('',#4128,#4129,#490,.T.);
#5177=EDGE_CURVE('',#4129,#4130,#2291,.T.);
#5178=EDGE_CURVE('',#4130,#4131,#2292,.T.);
#5179=EDGE_CURVE('',#4131,#4132,#2293,.T.);
#5180=EDGE_CURVE('',#4132,#4133,#491,.T.);
#5181=EDGE_CURVE('',#4133,#4134,#492,.T.);
#5182=EDGE_CURVE('',#4134,#4135,#493,.T.);
#5183=EDGE_CURVE('',#4135,#4136,#2294,.T.);
#5184=EDGE_CURVE('',#4136,#4137,#2295,.T.);
#5185=EDGE_CURVE('',#4137,#4138,#2296,.T.);
#5186=EDGE_CURVE('',#4138,#4139,#2297,.T.);
#5187=EDGE_CURVE('',#4139,#4140,#2298,.T.);
#5188=EDGE_CURVE('',#4140,#4141,#494,.T.);
#5189=EDGE_CURVE('',#4141,#4142,#495,.T.);
#5190=EDGE_CURVE('',#4142,#4143,#496,.T.);
#5191=EDGE_CURVE('',#4143,#4144,#497,.T.);
#5192=EDGE_CURVE('',#4144,#4145,#498,.T.);
#5193=EDGE_CURVE('',#4145,#4146,#2299,.T.);
#5194=EDGE_CURVE('',#4146,#4125,#2300,.T.);
#5195=EDGE_CURVE('',#3707,#4147,#3539,.T.);
#5196=EDGE_CURVE('',#4147,#4148,#499,.T.);
#5197=EDGE_CURVE('',#4148,#3708,#3540,.T.);
#5198=EDGE_CURVE('',#4149,#3706,#3541,.T.);
#5199=EDGE_CURVE('',#4149,#4147,#2301,.T.);
#5200=EDGE_CURVE('',#3704,#4149,#500,.T.);
#5201=EDGE_CURVE('',#4150,#4151,#2302,.T.);
#5202=EDGE_CURVE('',#4152,#4150,#2303,.T.);
#5203=EDGE_CURVE('',#4153,#4152,#2304,.T.);
#5204=EDGE_CURVE('',#4154,#4153,#501,.T.);
#5205=EDGE_CURVE('',#4155,#4154,#502,.T.);
#5206=EDGE_CURVE('',#4156,#4155,#503,.T.);
#5207=EDGE_CURVE('',#4157,#4156,#504,.T.);
#5208=EDGE_CURVE('',#4158,#4157,#505,.T.);
#5209=EDGE_CURVE('',#4159,#4158,#2305,.T.);
#5210=EDGE_CURVE('',#4160,#4159,#2306,.T.);
#5211=EDGE_CURVE('',#4161,#4160,#2307,.T.);
#5212=EDGE_CURVE('',#4162,#4161,#2308,.T.);
#5213=EDGE_CURVE('',#4163,#4162,#2309,.T.);
#5214=EDGE_CURVE('',#4164,#4163,#506,.T.);
#5215=EDGE_CURVE('',#4165,#4164,#507,.T.);
#5216=EDGE_CURVE('',#4166,#4165,#508,.T.);
#5217=EDGE_CURVE('',#4167,#4166,#2310,.T.);
#5218=EDGE_CURVE('',#4168,#4167,#2311,.T.);
#5219=EDGE_CURVE('',#4169,#4168,#2312,.T.);
#5220=EDGE_CURVE('',#4170,#4169,#509,.T.);
#5221=EDGE_CURVE('',#4171,#4170,#510,.T.);
#5222=EDGE_CURVE('',#4151,#4171,#511,.T.);
#5223=EDGE_CURVE('',#4151,#4026,#2313,.T.);
#5224=EDGE_CURVE('',#4150,#4025,#2314,.T.);
#5225=EDGE_CURVE('',#4152,#4046,#2315,.T.);
#5226=EDGE_CURVE('',#4153,#4045,#2316,.T.);
#5227=EDGE_CURVE('',#4154,#4044,#2317,.T.);
#5228=EDGE_CURVE('',#4155,#4043,#2318,.T.);
#5229=EDGE_CURVE('',#4156,#4042,#2319,.T.);
#5230=EDGE_CURVE('',#4157,#4041,#2320,.T.);
#5231=EDGE_CURVE('',#4158,#4040,#2321,.T.);
#5232=EDGE_CURVE('',#4159,#4039,#2322,.T.);
#5233=EDGE_CURVE('',#4160,#4038,#2323,.T.);
#5234=EDGE_CURVE('',#4161,#4037,#2324,.T.);
#5235=EDGE_CURVE('',#4162,#4036,#2325,.T.);
#5236=EDGE_CURVE('',#4163,#4035,#2326,.T.);
#5237=EDGE_CURVE('',#4164,#4034,#2327,.T.);
#5238=EDGE_CURVE('',#4165,#4033,#2328,.T.);
#5239=EDGE_CURVE('',#4166,#4032,#2329,.T.);
#5240=EDGE_CURVE('',#4167,#4031,#2330,.T.);
#5241=EDGE_CURVE('',#4168,#4030,#2331,.T.);
#5242=EDGE_CURVE('',#4169,#4029,#2332,.T.);
#5243=EDGE_CURVE('',#4170,#4028,#2333,.T.);
#5244=EDGE_CURVE('',#4171,#4027,#2334,.T.);
#5245=EDGE_CURVE('',#4172,#4173,#512,.T.);
#5246=EDGE_CURVE('',#4173,#4174,#2335,.T.);
#5247=EDGE_CURVE('',#4175,#4174,#513,.T.);
#5248=EDGE_CURVE('',#4172,#4175,#2336,.T.);
#5249=EDGE_CURVE('',#4173,#4176,#514,.T.);
#5250=EDGE_CURVE('',#4176,#4177,#2337,.T.);
#5251=EDGE_CURVE('',#4174,#4177,#515,.T.);
#5252=EDGE_CURVE('',#4176,#4178,#516,.T.);
#5253=EDGE_CURVE('',#4178,#4179,#2338,.T.);
#5254=EDGE_CURVE('',#4177,#4179,#517,.T.);
#5255=EDGE_CURVE('',#4178,#4172,#518,.T.);
#5256=EDGE_CURVE('',#4179,#4175,#519,.T.);
#5257=EDGE_CURVE('',#4180,#4181,#520,.T.);
#5258=EDGE_CURVE('',#4182,#4180,#521,.T.);
#5259=EDGE_CURVE('',#4183,#4182,#522,.T.);
#5260=EDGE_CURVE('',#4184,#4183,#523,.T.);
#5261=EDGE_CURVE('',#4185,#4184,#524,.T.);
#5262=EDGE_CURVE('',#4186,#4185,#525,.T.);
#5263=EDGE_CURVE('',#4187,#4186,#526,.T.);
#5264=EDGE_CURVE('',#4181,#4187,#527,.T.);
#5265=EDGE_CURVE('',#4181,#4048,#2339,.T.);
#5266=EDGE_CURVE('',#4180,#4047,#2340,.T.);
#5267=EDGE_CURVE('',#4182,#4054,#2341,.T.);
#5268=EDGE_CURVE('',#4183,#4053,#2342,.T.);
#5269=EDGE_CURVE('',#4184,#4052,#2343,.T.);
#5270=EDGE_CURVE('',#4185,#4051,#2344,.T.);
#5271=EDGE_CURVE('',#4186,#4050,#2345,.T.);
#5272=EDGE_CURVE('',#4187,#4049,#2346,.T.);
#5273=EDGE_CURVE('',#4188,#4189,#528,.T.);
#5274=EDGE_CURVE('',#4189,#4190,#2347,.T.);
#5275=EDGE_CURVE('',#4191,#4190,#529,.T.);
#5276=EDGE_CURVE('',#4188,#4191,#2348,.T.);
#5277=EDGE_CURVE('',#4189,#4192,#530,.T.);
#5278=EDGE_CURVE('',#4192,#4193,#2349,.T.);
#5279=EDGE_CURVE('',#4190,#4193,#531,.T.);
#5280=EDGE_CURVE('',#4192,#4194,#532,.T.);
#5281=EDGE_CURVE('',#4194,#4195,#2350,.T.);
#5282=EDGE_CURVE('',#4193,#4195,#533,.T.);
#5283=EDGE_CURVE('',#4194,#4188,#534,.T.);
#5284=EDGE_CURVE('',#4195,#4191,#535,.T.);
#5285=EDGE_CURVE('',#4196,#4197,#536,.T.);
#5286=EDGE_CURVE('',#4198,#4196,#537,.T.);
#5287=EDGE_CURVE('',#4199,#4198,#538,.T.);
#5288=EDGE_CURVE('',#4200,#4199,#539,.T.);
#5289=EDGE_CURVE('',#4201,#4200,#540,.T.);
#5290=EDGE_CURVE('',#4202,#4201,#541,.T.);
#5291=EDGE_CURVE('',#4203,#4202,#542,.T.);
#5292=EDGE_CURVE('',#4197,#4203,#543,.T.);
#5293=EDGE_CURVE('',#4197,#4056,#2351,.T.);
#5294=EDGE_CURVE('',#4196,#4055,#2352,.T.);
#5295=EDGE_CURVE('',#4198,#4062,#2353,.T.);
#5296=EDGE_CURVE('',#4199,#4061,#2354,.T.);
#5297=EDGE_CURVE('',#4200,#4060,#2355,.T.);
#5298=EDGE_CURVE('',#4201,#4059,#2356,.T.);
#5299=EDGE_CURVE('',#4202,#4058,#2357,.T.);
#5300=EDGE_CURVE('',#4203,#4057,#2358,.T.);
#5301=EDGE_CURVE('',#4204,#4205,#544,.T.);
#5302=EDGE_CURVE('',#4206,#4204,#545,.T.);
#5303=EDGE_CURVE('',#4207,#4206,#546,.T.);
#5304=EDGE_CURVE('',#4208,#4207,#2359,.T.);
#5305=EDGE_CURVE('',#4209,#4208,#2360,.T.);
#5306=EDGE_CURVE('',#4210,#4209,#547,.T.);
#5307=EDGE_CURVE('',#4211,#4210,#548,.T.);
#5308=EDGE_CURVE('',#4212,#4211,#549,.T.);
#5309=EDGE_CURVE('',#4213,#4212,#550,.T.);
#5310=EDGE_CURVE('',#4214,#4213,#551,.T.);
#5311=EDGE_CURVE('',#4215,#4214,#552,.T.);
#5312=EDGE_CURVE('',#4216,#4215,#553,.T.);
#5313=EDGE_CURVE('',#4217,#4216,#554,.T.);
#5314=EDGE_CURVE('',#4218,#4217,#2361,.T.);
#5315=EDGE_CURVE('',#4219,#4218,#2362,.T.);
#5316=EDGE_CURVE('',#4220,#4219,#555,.T.);
#5317=EDGE_CURVE('',#4221,#4220,#556,.T.);
#5318=EDGE_CURVE('',#4205,#4221,#557,.T.);
#5319=EDGE_CURVE('',#4205,#4064,#2363,.T.);
#5320=EDGE_CURVE('',#4204,#4063,#2364,.T.);
#5321=EDGE_CURVE('',#4206,#4080,#2365,.T.);
#5322=EDGE_CURVE('',#4207,#4079,#2366,.T.);
#5323=EDGE_CURVE('',#4208,#4078,#2367,.T.);
#5324=EDGE_CURVE('',#4209,#4077,#2368,.T.);
#5325=EDGE_CURVE('',#4210,#4076,#2369,.T.);
#5326=EDGE_CURVE('',#4211,#4075,#2370,.T.);
#5327=EDGE_CURVE('',#4212,#4074,#2371,.T.);
#5328=EDGE_CURVE('',#4213,#4073,#2372,.T.);
#5329=EDGE_CURVE('',#4214,#4072,#2373,.T.);
#5330=EDGE_CURVE('',#4215,#4071,#2374,.T.);
#5331=EDGE_CURVE('',#4216,#4070,#2375,.T.);
#5332=EDGE_CURVE('',#4217,#4069,#2376,.T.);
#5333=EDGE_CURVE('',#4218,#4068,#2377,.T.);
#5334=EDGE_CURVE('',#4219,#4067,#2378,.T.);
#5335=EDGE_CURVE('',#4220,#4066,#2379,.T.);
#5336=EDGE_CURVE('',#4221,#4065,#2380,.T.);
#5337=EDGE_CURVE('',#4222,#4223,#558,.T.);
#5338=EDGE_CURVE('',#4224,#4222,#559,.T.);
#5339=EDGE_CURVE('',#4225,#4224,#560,.T.);
#5340=EDGE_CURVE('',#4226,#4225,#2381,.T.);
#5341=EDGE_CURVE('',#4227,#4226,#2382,.T.);
#5342=EDGE_CURVE('',#4228,#4227,#561,.T.);
#5343=EDGE_CURVE('',#4229,#4228,#562,.T.);
#5344=EDGE_CURVE('',#4230,#4229,#563,.T.);
#5345=EDGE_CURVE('',#4231,#4230,#564,.T.);
#5346=EDGE_CURVE('',#4232,#4231,#565,.T.);
#5347=EDGE_CURVE('',#4233,#4232,#566,.T.);
#5348=EDGE_CURVE('',#4234,#4233,#567,.T.);
#5349=EDGE_CURVE('',#4235,#4234,#568,.T.);
#5350=EDGE_CURVE('',#4236,#4235,#2383,.T.);
#5351=EDGE_CURVE('',#4237,#4236,#2384,.T.);
#5352=EDGE_CURVE('',#4238,#4237,#569,.T.);
#5353=EDGE_CURVE('',#4239,#4238,#570,.T.);
#5354=EDGE_CURVE('',#4223,#4239,#571,.T.);
#5355=EDGE_CURVE('',#4223,#4082,#2385,.T.);
#5356=EDGE_CURVE('',#4222,#4081,#2386,.T.);
#5357=EDGE_CURVE('',#4224,#4098,#2387,.T.);
#5358=EDGE_CURVE('',#4225,#4097,#2388,.T.);
#5359=EDGE_CURVE('',#4226,#4096,#2389,.T.);
#5360=EDGE_CURVE('',#4227,#4095,#2390,.T.);
#5361=EDGE_CURVE('',#4228,#4094,#2391,.T.);
#5362=EDGE_CURVE('',#4229,#4093,#2392,.T.);
#5363=EDGE_CURVE('',#4230,#4092,#2393,.T.);
#5364=EDGE_CURVE('',#4231,#4091,#2394,.T.);
#5365=EDGE_CURVE('',#4232,#4090,#2395,.T.);
#5366=EDGE_CURVE('',#4233,#4089,#2396,.T.);
#5367=EDGE_CURVE('',#4234,#4088,#2397,.T.);
#5368=EDGE_CURVE('',#4235,#4087,#2398,.T.);
#5369=EDGE_CURVE('',#4236,#4086,#2399,.T.);
#5370=EDGE_CURVE('',#4237,#4085,#2400,.T.);
#5371=EDGE_CURVE('',#4238,#4084,#2401,.T.);
#5372=EDGE_CURVE('',#4239,#4083,#2402,.T.);
#5373=EDGE_CURVE('',#4240,#4109,#2403,.T.);
#5374=EDGE_CURVE('',#4241,#4108,#2404,.T.);
#5375=EDGE_CURVE('',#4241,#4240,#2405,.T.);
#5376=EDGE_CURVE('',#4242,#4243,#2406,.T.);
#5377=EDGE_CURVE('',#4243,#4107,#2407,.T.);
#5378=EDGE_CURVE('',#4242,#4106,#2408,.T.);
#5379=EDGE_CURVE('',#4244,#4242,#2409,.T.);
#5380=EDGE_CURVE('',#4244,#4105,#2410,.T.);
#5381=EDGE_CURVE('',#4245,#4244,#2411,.T.);
#5382=EDGE_CURVE('',#4245,#4104,#2412,.T.);
#5383=EDGE_CURVE('',#4246,#4245,#2413,.T.);
#5384=EDGE_CURVE('',#4246,#4103,#2414,.T.);
#5385=EDGE_CURVE('',#4243,#4241,#2415,.T.);
#5386=EDGE_CURVE('',#4247,#4246,#2416,.T.);
#5387=EDGE_CURVE('',#4247,#4102,#2417,.T.);
#5388=EDGE_CURVE('',#4240,#4248,#2418,.T.);
#5389=EDGE_CURVE('',#4249,#4247,#2419,.T.);
#5390=EDGE_CURVE('',#4250,#4249,#2420,.T.);
#5391=EDGE_CURVE('',#4251,#4250,#2421,.T.);
#5392=EDGE_CURVE('',#4252,#4251,#2422,.T.);
#5393=EDGE_CURVE('',#4253,#4252,#2423,.T.);
#5394=EDGE_CURVE('',#4248,#4253,#2424,.T.);
#5395=EDGE_CURVE('',#4250,#4100,#2425,.T.);
#5396=EDGE_CURVE('',#4251,#4099,#2426,.T.);
#5397=EDGE_CURVE('',#4252,#4112,#2427,.T.);
#5398=EDGE_CURVE('',#4253,#4111,#2428,.T.);
#5399=EDGE_CURVE('',#4248,#4110,#2429,.T.);
#5400=EDGE_CURVE('',#4249,#4101,#2430,.T.);
#5401=EDGE_CURVE('',#4254,#4255,#2431,.T.);
#5402=EDGE_CURVE('',#4256,#4254,#2432,.T.);
#5403=EDGE_CURVE('',#4257,#4256,#2433,.T.);
#5404=EDGE_CURVE('',#4258,#4257,#2434,.T.);
#5405=EDGE_CURVE('',#4259,#4258,#2435,.T.);
#5406=EDGE_CURVE('',#4260,#4259,#572,.T.);
#5407=EDGE_CURVE('',#4261,#4260,#573,.T.);
#5408=EDGE_CURVE('',#4262,#4261,#2436,.T.);
#5409=EDGE_CURVE('',#4263,#4262,#2437,.T.);
#5410=EDGE_CURVE('',#4264,#4263,#2438,.T.);
#5411=EDGE_CURVE('',#4265,#4264,#2439,.T.);
#5412=EDGE_CURVE('',#4255,#4265,#2440,.T.);
#5413=EDGE_CURVE('',#4255,#4114,#2441,.T.);
#5414=EDGE_CURVE('',#4254,#4113,#2442,.T.);
#5415=EDGE_CURVE('',#4256,#4124,#2443,.T.);
#5416=EDGE_CURVE('',#4257,#4123,#2444,.T.);
#5417=EDGE_CURVE('',#4258,#4122,#2445,.T.);
#5418=EDGE_CURVE('',#4259,#4121,#2446,.T.);
#5419=EDGE_CURVE('',#4260,#4120,#2447,.T.);
#5420=EDGE_CURVE('',#4261,#4119,#2448,.T.);
#5421=EDGE_CURVE('',#4262,#4118,#2449,.T.);
#5422=EDGE_CURVE('',#4263,#4117,#2450,.T.);
#5423=EDGE_CURVE('',#4264,#4116,#2451,.T.);
#5424=EDGE_CURVE('',#4265,#4115,#2452,.T.);
#5425=EDGE_CURVE('',#4266,#4267,#2453,.T.);
#5426=EDGE_CURVE('',#4268,#4266,#2454,.T.);
#5427=EDGE_CURVE('',#4269,#4268,#2455,.T.);
#5428=EDGE_CURVE('',#4270,#4269,#574,.T.);
#5429=EDGE_CURVE('',#4271,#4270,#575,.T.);
#5430=EDGE_CURVE('',#4272,#4271,#576,.T.);
#5431=EDGE_CURVE('',#4273,#4272,#577,.T.);
#5432=EDGE_CURVE('',#4274,#4273,#578,.T.);
#5433=EDGE_CURVE('',#4275,#4274,#2456,.T.);
#5434=EDGE_CURVE('',#4276,#4275,#2457,.T.);
#5435=EDGE_CURVE('',#4277,#4276,#2458,.T.);
#5436=EDGE_CURVE('',#4278,#4277,#2459,.T.);
#5437=EDGE_CURVE('',#4279,#4278,#2460,.T.);
#5438=EDGE_CURVE('',#4280,#4279,#579,.T.);
#5439=EDGE_CURVE('',#4281,#4280,#580,.T.);
#5440=EDGE_CURVE('',#4282,#4281,#581,.T.);
#5441=EDGE_CURVE('',#4283,#4282,#2461,.T.);
#5442=EDGE_CURVE('',#4284,#4283,#2462,.T.);
#5443=EDGE_CURVE('',#4285,#4284,#2463,.T.);
#5444=EDGE_CURVE('',#4286,#4285,#582,.T.);
#5445=EDGE_CURVE('',#4287,#4286,#583,.T.);
#5446=EDGE_CURVE('',#4267,#4287,#584,.T.);
#5447=EDGE_CURVE('',#4267,#4126,#2464,.T.);
#5448=EDGE_CURVE('',#4266,#4125,#2465,.T.);
#5449=EDGE_CURVE('',#4268,#4146,#2466,.T.);
#5450=EDGE_CURVE('',#4269,#4145,#2467,.T.);
#5451=EDGE_CURVE('',#4270,#4144,#2468,.T.);
#5452=EDGE_CURVE('',#4271,#4143,#2469,.T.);
#5453=EDGE_CURVE('',#4272,#4142,#2470,.T.);
#5454=EDGE_CURVE('',#4273,#4141,#2471,.T.);
#5455=EDGE_CURVE('',#4274,#4140,#2472,.T.);
#5456=EDGE_CURVE('',#4275,#4139,#2473,.T.);
#5457=EDGE_CURVE('',#4276,#4138,#2474,.T.);
#5458=EDGE_CURVE('',#4277,#4137,#2475,.T.);
#5459=EDGE_CURVE('',#4278,#4136,#2476,.T.);
#5460=EDGE_CURVE('',#4279,#4135,#2477,.T.);
#5461=EDGE_CURVE('',#4280,#4134,#2478,.T.);
#5462=EDGE_CURVE('',#4281,#4133,#2479,.T.);
#5463=EDGE_CURVE('',#4282,#4132,#2480,.T.);
#5464=EDGE_CURVE('',#4283,#4131,#2481,.T.);
#5465=EDGE_CURVE('',#4284,#4130,#2482,.T.);
#5466=EDGE_CURVE('',#4285,#4129,#2483,.T.);
#5467=EDGE_CURVE('',#4286,#4128,#2484,.T.);
#5468=EDGE_CURVE('',#4287,#4127,#2485,.T.);
#5469=EDGE_CURVE('',#4288,#4289,#585,.T.);
#5470=EDGE_CURVE('',#4290,#4288,#586,.T.);
#5471=EDGE_CURVE('',#4291,#4290,#587,.T.);
#5472=EDGE_CURVE('',#4292,#4291,#2486,.T.);
#5473=EDGE_CURVE('',#4293,#4292,#2487,.T.);
#5474=EDGE_CURVE('',#4294,#4293,#588,.T.);
#5475=EDGE_CURVE('',#4295,#4294,#589,.T.);
#5476=EDGE_CURVE('',#4296,#4295,#590,.T.);
#5477=EDGE_CURVE('',#4297,#4296,#591,.T.);
#5478=EDGE_CURVE('',#4298,#4297,#592,.T.);
#5479=EDGE_CURVE('',#4299,#4298,#593,.T.);
#5480=EDGE_CURVE('',#4300,#4299,#594,.T.);
#5481=EDGE_CURVE('',#4301,#4300,#595,.T.);
#5482=EDGE_CURVE('',#4302,#4301,#2488,.T.);
#5483=EDGE_CURVE('',#4303,#4302,#2489,.T.);
#5484=EDGE_CURVE('',#4304,#4303,#596,.T.);
#5485=EDGE_CURVE('',#4305,#4304,#597,.T.);
#5486=EDGE_CURVE('',#4289,#4305,#598,.T.);
#5487=EDGE_CURVE('',#4289,#4006,#2490,.T.);
#5488=EDGE_CURVE('',#4288,#4005,#2491,.T.);
#5489=EDGE_CURVE('',#4290,#4022,#2492,.T.);
#5490=EDGE_CURVE('',#4291,#4021,#2493,.T.);
#5491=EDGE_CURVE('',#4292,#4020,#2494,.T.);
#5492=EDGE_CURVE('',#4293,#4019,#2495,.T.);
#5493=EDGE_CURVE('',#4294,#4018,#2496,.T.);
#5494=EDGE_CURVE('',#4295,#4017,#2497,.T.);
#5495=EDGE_CURVE('',#4296,#4016,#2498,.T.);
#5496=EDGE_CURVE('',#4297,#4015,#2499,.T.);
#5497=EDGE_CURVE('',#4298,#4014,#2500,.T.);
#5498=EDGE_CURVE('',#4299,#4013,#2501,.T.);
#5499=EDGE_CURVE('',#4300,#4012,#2502,.T.);
#5500=EDGE_CURVE('',#4301,#4011,#2503,.T.);
#5501=EDGE_CURVE('',#4302,#4010,#2504,.T.);
#5502=EDGE_CURVE('',#4303,#4009,#2505,.T.);
#5503=EDGE_CURVE('',#4304,#4008,#2506,.T.);
#5504=EDGE_CURVE('',#4305,#4007,#2507,.T.);
#5505=EDGE_CURVE('',#4306,#4307,#2508,.T.);
#5506=EDGE_CURVE('',#4308,#4306,#2509,.T.);
#5507=EDGE_CURVE('',#4309,#4308,#599,.T.);
#5508=EDGE_CURVE('',#4310,#4309,#600,.T.);
#5509=EDGE_CURVE('',#4311,#4310,#2510,.T.);
#5510=EDGE_CURVE('',#4312,#4311,#2511,.T.);
#5511=EDGE_CURVE('',#4313,#4312,#2512,.T.);
#5512=EDGE_CURVE('',#4314,#4313,#2513,.T.);
#5513=EDGE_CURVE('',#4315,#4314,#2514,.T.);
#5514=EDGE_CURVE('',#4316,#4315,#601,.T.);
#5515=EDGE_CURVE('',#4317,#4316,#602,.T.);
#5516=EDGE_CURVE('',#4318,#4317,#603,.T.);
#5517=EDGE_CURVE('',#4307,#4318,#2515,.T.);
#5518=EDGE_CURVE('',#4307,#3993,#2516,.T.);
#5519=EDGE_CURVE('',#4306,#3992,#2517,.T.);
#5520=EDGE_CURVE('',#4308,#4004,#2518,.T.);
#5521=EDGE_CURVE('',#4309,#4003,#2519,.T.);
#5522=EDGE_CURVE('',#4310,#4002,#2520,.T.);
#5523=EDGE_CURVE('',#4311,#4001,#2521,.T.);
#5524=EDGE_CURVE('',#4312,#4000,#2522,.T.);
#5525=EDGE_CURVE('',#4313,#3999,#2523,.T.);
#5526=EDGE_CURVE('',#4314,#3998,#2524,.T.);
#5527=EDGE_CURVE('',#4315,#3997,#2525,.T.);
#5528=EDGE_CURVE('',#4316,#3996,#2526,.T.);
#5529=EDGE_CURVE('',#4317,#3995,#2527,.T.);
#5530=EDGE_CURVE('',#4318,#3994,#2528,.T.);
#5531=EDGE_CURVE('',#4319,#4320,#604,.T.);
#5532=EDGE_CURVE('',#4320,#4321,#2529,.T.);
#5533=EDGE_CURVE('',#4322,#4321,#605,.T.);
#5534=EDGE_CURVE('',#4319,#4322,#2530,.T.);
#5535=EDGE_CURVE('',#4320,#4323,#606,.T.);
#5536=EDGE_CURVE('',#4323,#4324,#2531,.T.);
#5537=EDGE_CURVE('',#4321,#4324,#607,.T.);
#5538=EDGE_CURVE('',#4323,#4319,#2532,.T.);
#5539=EDGE_CURVE('',#4324,#4322,#2533,.T.);
#5540=EDGE_CURVE('',#4325,#4326,#608,.T.);
#5541=EDGE_CURVE('',#4327,#4325,#609,.T.);
#5542=EDGE_CURVE('',#4328,#4327,#610,.T.);
#5543=EDGE_CURVE('',#4329,#4328,#2534,.T.);
#5544=EDGE_CURVE('',#4330,#4329,#2535,.T.);
#5545=EDGE_CURVE('',#4331,#4330,#611,.T.);
#5546=EDGE_CURVE('',#4332,#4331,#612,.T.);
#5547=EDGE_CURVE('',#4333,#4332,#613,.T.);
#5548=EDGE_CURVE('',#4334,#4333,#614,.T.);
#5549=EDGE_CURVE('',#4335,#4334,#2536,.T.);
#5550=EDGE_CURVE('',#4336,#4335,#2537,.T.);
#5551=EDGE_CURVE('',#4337,#4336,#615,.T.);
#5552=EDGE_CURVE('',#4326,#4337,#616,.T.);
#5553=EDGE_CURVE('',#4326,#3980,#2538,.T.);
#5554=EDGE_CURVE('',#4325,#3979,#2539,.T.);
#5555=EDGE_CURVE('',#4327,#3991,#2540,.T.);
#5556=EDGE_CURVE('',#4328,#3990,#2541,.T.);
#5557=EDGE_CURVE('',#4329,#3989,#2542,.T.);
#5558=EDGE_CURVE('',#4330,#3988,#2543,.T.);
#5559=EDGE_CURVE('',#4331,#3987,#2544,.T.);
#5560=EDGE_CURVE('',#4332,#3986,#2545,.T.);
#5561=EDGE_CURVE('',#4333,#3985,#2546,.T.);
#5562=EDGE_CURVE('',#4334,#3984,#2547,.T.);
#5563=EDGE_CURVE('',#4335,#3983,#2548,.T.);
#5564=EDGE_CURVE('',#4336,#3982,#2549,.T.);
#5565=EDGE_CURVE('',#4337,#3981,#2550,.T.);
#5566=EDGE_CURVE('',#4338,#4339,#617,.T.);
#5567=EDGE_CURVE('',#4339,#4340,#2551,.T.);
#5568=EDGE_CURVE('',#4341,#4340,#618,.T.);
#5569=EDGE_CURVE('',#4338,#4341,#2552,.T.);
#5570=EDGE_CURVE('',#4339,#4342,#619,.T.);
#5571=EDGE_CURVE('',#4342,#4343,#2553,.T.);
#5572=EDGE_CURVE('',#4340,#4343,#620,.T.);
#5573=EDGE_CURVE('',#4342,#4344,#2554,.T.);
#5574=EDGE_CURVE('',#4344,#4345,#2555,.T.);
#5575=EDGE_CURVE('',#4343,#4345,#2556,.T.);
#5576=EDGE_CURVE('',#4344,#4346,#621,.T.);
#5577=EDGE_CURVE('',#4346,#4347,#2557,.T.);
#5578=EDGE_CURVE('',#4345,#4347,#622,.T.);
#5579=EDGE_CURVE('',#4346,#4338,#623,.T.);
#5580=EDGE_CURVE('',#4347,#4341,#624,.T.);
#5581=EDGE_CURVE('',#4348,#4349,#625,.T.);
#5582=EDGE_CURVE('',#4350,#4348,#626,.T.);
#5583=EDGE_CURVE('',#4351,#4350,#627,.T.);
#5584=EDGE_CURVE('',#4352,#4351,#2558,.T.);
#5585=EDGE_CURVE('',#4353,#4352,#2559,.T.);
#5586=EDGE_CURVE('',#4354,#4353,#2560,.T.);
#5587=EDGE_CURVE('',#4355,#4354,#2561,.T.);
#5588=EDGE_CURVE('',#4356,#4355,#2562,.T.);
#5589=EDGE_CURVE('',#4349,#4356,#628,.T.);
#5590=EDGE_CURVE('',#4349,#3971,#2563,.T.);
#5591=EDGE_CURVE('',#4348,#3970,#2564,.T.);
#5592=EDGE_CURVE('',#4350,#3978,#2565,.T.);
#5593=EDGE_CURVE('',#4351,#3977,#2566,.T.);
#5594=EDGE_CURVE('',#4352,#3976,#2567,.T.);
#5595=EDGE_CURVE('',#4353,#3975,#2568,.T.);
#5596=EDGE_CURVE('',#4354,#3974,#2569,.T.);
#5597=EDGE_CURVE('',#4355,#3973,#2570,.T.);
#5598=EDGE_CURVE('',#4356,#3972,#2571,.T.);
#5599=EDGE_CURVE('',#4357,#4358,#629,.T.);
#5600=EDGE_CURVE('',#4358,#4359,#2572,.T.);
#5601=EDGE_CURVE('',#4360,#4359,#630,.T.);
#5602=EDGE_CURVE('',#4357,#4360,#2573,.T.);
#5603=EDGE_CURVE('',#4358,#4361,#631,.T.);
#5604=EDGE_CURVE('',#4361,#4362,#2574,.T.);
#5605=EDGE_CURVE('',#4359,#4362,#632,.T.);
#5606=EDGE_CURVE('',#4361,#4363,#633,.T.);
#5607=EDGE_CURVE('',#4363,#4364,#2575,.T.);
#5608=EDGE_CURVE('',#4362,#4364,#634,.T.);
#5609=EDGE_CURVE('',#4363,#4365,#635,.T.);
#5610=EDGE_CURVE('',#4365,#4366,#2576,.T.);
#5611=EDGE_CURVE('',#4364,#4366,#636,.T.);
#5612=EDGE_CURVE('',#4365,#4367,#637,.T.);
#5613=EDGE_CURVE('',#4367,#4368,#2577,.T.);
#5614=EDGE_CURVE('',#4366,#4368,#638,.T.);
#5615=EDGE_CURVE('',#4367,#4369,#639,.T.);
#5616=EDGE_CURVE('',#4369,#4370,#2578,.T.);
#5617=EDGE_CURVE('',#4368,#4370,#640,.T.);
#5618=EDGE_CURVE('',#4369,#4371,#641,.T.);
#5619=EDGE_CURVE('',#4371,#4372,#2579,.T.);
#5620=EDGE_CURVE('',#4370,#4372,#642,.T.);
#5621=EDGE_CURVE('',#4371,#4357,#643,.T.);
#5622=EDGE_CURVE('',#4372,#4360,#644,.T.);
#5623=EDGE_CURVE('',#4373,#4374,#645,.T.);
#5624=EDGE_CURVE('',#4375,#4373,#646,.T.);
#5625=EDGE_CURVE('',#4376,#4375,#647,.T.);
#5626=EDGE_CURVE('',#4374,#4376,#648,.T.);
#5627=EDGE_CURVE('',#4374,#3967,#2580,.T.);
#5628=EDGE_CURVE('',#4373,#3966,#2581,.T.);
#5629=EDGE_CURVE('',#4375,#3969,#2582,.T.);
#5630=EDGE_CURVE('',#4376,#3968,#2583,.T.);
#5631=EDGE_CURVE('',#4377,#4378,#649,.T.);
#5632=EDGE_CURVE('',#4379,#4377,#650,.T.);
#5633=EDGE_CURVE('',#4380,#4379,#2584,.T.);
#5634=EDGE_CURVE('',#4381,#4380,#2585,.T.);
#5635=EDGE_CURVE('',#4382,#4381,#2586,.T.);
#5636=EDGE_CURVE('',#4383,#4382,#651,.T.);
#5637=EDGE_CURVE('',#4384,#4383,#652,.T.);
#5638=EDGE_CURVE('',#4385,#4384,#2587,.T.);
#5639=EDGE_CURVE('',#4386,#4385,#2588,.T.);
#5640=EDGE_CURVE('',#4378,#4386,#2589,.T.);
#5641=EDGE_CURVE('',#4378,#3957,#2590,.T.);
#5642=EDGE_CURVE('',#4377,#3956,#2591,.T.);
#5643=EDGE_CURVE('',#4379,#3965,#2592,.T.);
#5644=EDGE_CURVE('',#4380,#3964,#2593,.T.);
#5645=EDGE_CURVE('',#4381,#3963,#2594,.T.);
#5646=EDGE_CURVE('',#4382,#3962,#2595,.T.);
#5647=EDGE_CURVE('',#4383,#3961,#2596,.T.);
#5648=EDGE_CURVE('',#4384,#3960,#2597,.T.);
#5649=EDGE_CURVE('',#4385,#3959,#2598,.T.);
#5650=EDGE_CURVE('',#4386,#3958,#2599,.T.);
#5651=EDGE_CURVE('',#4387,#4388,#2600,.T.);
#5652=EDGE_CURVE('',#4389,#4387,#2601,.T.);
#5653=EDGE_CURVE('',#4390,#4389,#2602,.T.);
#5654=EDGE_CURVE('',#4391,#4390,#653,.T.);
#5655=EDGE_CURVE('',#4392,#4391,#654,.T.);
#5656=EDGE_CURVE('',#4393,#4392,#655,.T.);
#5657=EDGE_CURVE('',#4394,#4393,#656,.T.);
#5658=EDGE_CURVE('',#4395,#4394,#2603,.T.);
#5659=EDGE_CURVE('',#4396,#4395,#2604,.T.);
#5660=EDGE_CURVE('',#4397,#4396,#657,.T.);
#5661=EDGE_CURVE('',#4398,#4397,#658,.T.);
#5662=EDGE_CURVE('',#4399,#4398,#659,.T.);
#5663=EDGE_CURVE('',#4400,#4399,#660,.T.);
#5664=EDGE_CURVE('',#4401,#4400,#661,.T.);
#5665=EDGE_CURVE('',#4388,#4401,#2605,.T.);
#5666=EDGE_CURVE('',#4388,#3942,#2606,.T.);
#5667=EDGE_CURVE('',#4387,#3941,#2607,.T.);
#5668=EDGE_CURVE('',#4389,#3955,#2608,.T.);
#5669=EDGE_CURVE('',#4390,#3954,#2609,.T.);
#5670=EDGE_CURVE('',#4391,#3953,#2610,.T.);
#5671=EDGE_CURVE('',#4392,#3952,#2611,.T.);
#5672=EDGE_CURVE('',#4393,#3951,#2612,.T.);
#5673=EDGE_CURVE('',#4394,#3950,#2613,.T.);
#5674=EDGE_CURVE('',#4395,#3949,#2614,.T.);
#5675=EDGE_CURVE('',#4396,#3948,#2615,.T.);
#5676=EDGE_CURVE('',#4397,#3947,#2616,.T.);
#5677=EDGE_CURVE('',#4398,#3946,#2617,.T.);
#5678=EDGE_CURVE('',#4399,#3945,#2618,.T.);
#5679=EDGE_CURVE('',#4400,#3944,#2619,.T.);
#5680=EDGE_CURVE('',#4401,#3943,#2620,.T.);
#5681=EDGE_CURVE('',#4402,#3912,#2621,.T.);
#5682=EDGE_CURVE('',#3918,#4402,#2622,.T.);
#5683=EDGE_CURVE('',#4403,#4403,#3542,.T.);
#5684=EDGE_CURVE('',#4403,#4404,#2623,.T.);
#5685=EDGE_CURVE('',#4404,#4404,#3543,.T.);
#5686=EDGE_CURVE('',#3919,#3915,#3544,.T.);
#5687=EDGE_CURVE('',#4405,#4405,#3545,.T.);
#5688=EDGE_CURVE('',#4405,#4406,#2624,.T.);
#5689=EDGE_CURVE('',#4406,#4406,#3546,.T.);
#5690=EDGE_CURVE('',#4407,#4407,#3547,.T.);
#5691=EDGE_CURVE('',#4407,#4408,#2625,.T.);
#5692=EDGE_CURVE('',#4408,#4408,#3548,.T.);
#5693=EDGE_CURVE('',#4409,#4409,#3549,.T.);
#5694=EDGE_CURVE('',#4409,#3934,#2626,.T.);
#5695=EDGE_CURVE('',#4410,#3924,#662,.T.);
#5696=EDGE_CURVE('',#3935,#4410,#2627,.T.);
#5697=EDGE_CURVE('',#4411,#4411,#3550,.T.);
#5698=EDGE_CURVE('',#4411,#4412,#2628,.T.);
#5699=EDGE_CURVE('',#4412,#4412,#3551,.T.);
#5700=EDGE_CURVE('',#3923,#4413,#2629,.T.);
#5701=EDGE_CURVE('',#4413,#4410,#3552,.T.);
#5702=EDGE_CURVE('',#3936,#3743,#3553,.T.);
#5703=EDGE_CURVE('',#4413,#4414,#2630,.T.);
#5704=EDGE_CURVE('',#4414,#3744,#3554,.T.);
#5705=EDGE_CURVE('',#4415,#4415,#3555,.T.);
#5706=EDGE_CURVE('',#4415,#4416,#2631,.T.);
#5707=EDGE_CURVE('',#4416,#4416,#3556,.T.);
#5708=EDGE_CURVE('',#4417,#4417,#3557,.T.);
#5709=EDGE_CURVE('',#4417,#4418,#2632,.T.);
#5710=EDGE_CURVE('',#4418,#4418,#3558,.T.);
#5711=EDGE_CURVE('',#3868,#3893,#2633,.T.);
#5712=EDGE_CURVE('',#3870,#3892,#2634,.T.);
#5713=EDGE_CURVE('',#4419,#4419,#3559,.T.);
#5714=EDGE_CURVE('',#4419,#3892,#2635,.T.);
#5715=EDGE_CURVE('',#3864,#3898,#2636,.T.);
#5716=EDGE_CURVE('',#3862,#3899,#2637,.T.);
#5717=EDGE_CURVE('',#3901,#4420,#2638,.T.);
#5718=EDGE_CURVE('',#4420,#4420,#3560,.T.);
#5719=EDGE_CURVE('',#3842,#3762,#2639,.T.);
#5720=EDGE_CURVE('',#3756,#3848,#2640,.T.);
#5721=EDGE_CURVE('',#3767,#4421,#2641,.T.);
#5722=EDGE_CURVE('',#4421,#4421,#3561,.T.);
#5723=EDGE_CURVE('',#4422,#3939,#2642,.T.);
#5724=EDGE_CURVE('',#3817,#4422,#2643,.T.);
#5725=EDGE_CURVE('',#4024,#4422,#3562,.T.);
#5726=EDGE_CURVE('',#4423,#4423,#3563,.T.);
#5727=EDGE_CURVE('',#4423,#3755,#2644,.T.);
#5728=EDGE_CURVE('',#3930,#3605,#2645,.T.);
#5729=EDGE_CURVE('',#4424,#3906,#2646,.T.);
#5730=EDGE_CURVE('',#4414,#4424,#201,.T.);
#5731=EDGE_CURVE('',#4425,#3929,#2647,.T.);
#5732=EDGE_CURVE('',#4426,#4425,#3564,.T.);
#5733=EDGE_CURVE('',#3703,#4426,#2648,.T.);
#5734=EDGE_CURVE('',#3886,#4402,#3565,.T.);
#5735=EDGE_CURVE('',#4427,#3937,#2649,.F.);
#5736=EDGE_CURVE('',#4428,#4427,#2650,.T.);
#5737=EDGE_CURVE('',#4425,#4428,#2651,.T.);
#5738=EDGE_CURVE('',#4426,#4429,#2652,.T.);
#5739=EDGE_CURVE('',#4429,#4148,#2653,.T.);
#5740=EDGE_CURVE('',#3931,#3727,#3566,.T.);
#5741=EDGE_CURVE('',#3681,#3709,#3567,.T.);
#5742=EDGE_CURVE('',#3921,#3751,#3568,.T.);
#5743=EDGE_CURVE('',#4424,#3745,#3569,.T.);
#5744=EDGE_CURVE('',#4429,#4428,#3570,.T.);
#5745=EDGE_CURVE('',#4427,#3932,#3571,.T.);
#5746=ORIENTED_EDGE('',*,*,#4430,.T.);
#5747=ORIENTED_EDGE('',*,*,#4431,.T.);
#5748=ORIENTED_EDGE('',*,*,#4432,.T.);
#5749=ORIENTED_EDGE('',*,*,#4433,.T.);
#5750=ORIENTED_EDGE('',*,*,#4431,.F.);
#5751=ORIENTED_EDGE('',*,*,#4434,.F.);
#5752=ORIENTED_EDGE('',*,*,#4435,.F.);
#5753=ORIENTED_EDGE('',*,*,#4436,.F.);
#5754=ORIENTED_EDGE('',*,*,#4437,.F.);
#5755=ORIENTED_EDGE('',*,*,#4438,.F.);
#5756=ORIENTED_EDGE('',*,*,#4439,.F.);
#5757=ORIENTED_EDGE('',*,*,#4440,.F.);
#5758=ORIENTED_EDGE('',*,*,#4441,.F.);
#5759=ORIENTED_EDGE('',*,*,#4442,.F.);
#5760=ORIENTED_EDGE('',*,*,#4443,.F.);
#5761=ORIENTED_EDGE('',*,*,#4444,.F.);
#5762=ORIENTED_EDGE('',*,*,#4445,.F.);
#5763=ORIENTED_EDGE('',*,*,#4446,.F.);
#5764=ORIENTED_EDGE('',*,*,#4447,.F.);
#5765=ORIENTED_EDGE('',*,*,#4448,.F.);
#5766=ORIENTED_EDGE('',*,*,#4449,.F.);
#5767=ORIENTED_EDGE('',*,*,#4450,.F.);
#5768=ORIENTED_EDGE('',*,*,#4451,.F.);
#5769=ORIENTED_EDGE('',*,*,#4452,.F.);
#5770=ORIENTED_EDGE('',*,*,#4453,.F.);
#5771=ORIENTED_EDGE('',*,*,#4454,.F.);
#5772=ORIENTED_EDGE('',*,*,#4455,.F.);
#5773=ORIENTED_EDGE('',*,*,#4456,.F.);
#5774=ORIENTED_EDGE('',*,*,#4457,.F.);
#5775=ORIENTED_EDGE('',*,*,#4458,.F.);
#5776=ORIENTED_EDGE('',*,*,#4459,.F.);
#5777=ORIENTED_EDGE('',*,*,#4460,.F.);
#5778=ORIENTED_EDGE('',*,*,#4461,.T.);
#5779=ORIENTED_EDGE('',*,*,#4462,.T.);
#5780=ORIENTED_EDGE('',*,*,#4463,.T.);
#5781=ORIENTED_EDGE('',*,*,#4464,.T.);
#5782=ORIENTED_EDGE('',*,*,#4465,.F.);
#5783=ORIENTED_EDGE('',*,*,#4466,.F.);
#5784=ORIENTED_EDGE('',*,*,#4467,.F.);
#5785=ORIENTED_EDGE('',*,*,#4468,.F.);
#5786=ORIENTED_EDGE('',*,*,#4469,.F.);
#5787=ORIENTED_EDGE('',*,*,#4470,.F.);
#5788=ORIENTED_EDGE('',*,*,#4430,.F.);
#5789=ORIENTED_EDGE('',*,*,#4432,.F.);
#5790=ORIENTED_EDGE('',*,*,#4433,.F.);
#5791=ORIENTED_EDGE('',*,*,#4471,.T.);
#5792=ORIENTED_EDGE('',*,*,#4472,.F.);
#5793=ORIENTED_EDGE('',*,*,#4473,.F.);
#5794=ORIENTED_EDGE('',*,*,#4471,.F.);
#5795=ORIENTED_EDGE('',*,*,#4454,.T.);
#5796=ORIENTED_EDGE('',*,*,#4474,.T.);
#5797=ORIENTED_EDGE('',*,*,#4475,.T.);
#5798=ORIENTED_EDGE('',*,*,#4476,.T.);
#5799=ORIENTED_EDGE('',*,*,#4474,.F.);
#5800=ORIENTED_EDGE('',*,*,#4475,.F.);
#5801=ORIENTED_EDGE('',*,*,#4476,.F.);
#5802=ORIENTED_EDGE('',*,*,#4477,.T.);
#5803=ORIENTED_EDGE('',*,*,#4478,.F.);
#5804=ORIENTED_EDGE('',*,*,#4479,.F.);
#5805=ORIENTED_EDGE('',*,*,#4477,.F.);
#5806=ORIENTED_EDGE('',*,*,#4470,.T.);
#5807=ORIENTED_EDGE('',*,*,#4480,.T.);
#5808=ORIENTED_EDGE('',*,*,#4481,.T.);
#5809=ORIENTED_EDGE('',*,*,#4482,.T.);
#5810=ORIENTED_EDGE('',*,*,#4480,.F.);
#5811=ORIENTED_EDGE('',*,*,#4481,.F.);
#5812=ORIENTED_EDGE('',*,*,#4482,.F.);
#5813=ORIENTED_EDGE('',*,*,#4483,.T.);
#5814=ORIENTED_EDGE('',*,*,#4484,.F.);
#5815=ORIENTED_EDGE('',*,*,#4485,.F.);
#5816=ORIENTED_EDGE('',*,*,#4486,.F.);
#5817=ORIENTED_EDGE('',*,*,#4483,.F.);
#5818=ORIENTED_EDGE('',*,*,#4455,.T.);
#5819=ORIENTED_EDGE('',*,*,#4487,.T.);
#5820=ORIENTED_EDGE('',*,*,#4488,.T.);
#5821=ORIENTED_EDGE('',*,*,#4489,.T.);
#5822=ORIENTED_EDGE('',*,*,#4487,.F.);
#5823=ORIENTED_EDGE('',*,*,#4488,.F.);
#5824=ORIENTED_EDGE('',*,*,#4489,.F.);
#5825=ORIENTED_EDGE('',*,*,#4490,.T.);
#5826=ORIENTED_EDGE('',*,*,#4491,.F.);
#5827=ORIENTED_EDGE('',*,*,#4492,.F.);
#5828=ORIENTED_EDGE('',*,*,#4493,.F.);
#5829=ORIENTED_EDGE('',*,*,#4490,.F.);
#5830=ORIENTED_EDGE('',*,*,#4485,.T.);
#5831=ORIENTED_EDGE('',*,*,#4494,.T.);
#5832=ORIENTED_EDGE('',*,*,#4495,.F.);
#5833=ORIENTED_EDGE('',*,*,#4496,.T.);
#5834=ORIENTED_EDGE('',*,*,#4497,.T.);
#5835=ORIENTED_EDGE('',*,*,#4498,.T.);
#5836=ORIENTED_EDGE('',*,*,#4492,.T.);
#5837=ORIENTED_EDGE('',*,*,#4499,.T.);
#5838=ORIENTED_EDGE('',*,*,#4500,.F.);
#5839=ORIENTED_EDGE('',*,*,#4501,.T.);
#5840=ORIENTED_EDGE('',*,*,#4502,.T.);
#5841=ORIENTED_EDGE('',*,*,#4503,.T.);
#5842=ORIENTED_EDGE('',*,*,#4469,.T.);
#5843=ORIENTED_EDGE('',*,*,#4504,.T.);
#5844=ORIENTED_EDGE('',*,*,#4505,.T.);
#5845=ORIENTED_EDGE('',*,*,#4506,.T.);
#5846=ORIENTED_EDGE('',*,*,#4504,.F.);
#5847=ORIENTED_EDGE('',*,*,#4505,.F.);
#5848=ORIENTED_EDGE('',*,*,#4506,.F.);
#5849=ORIENTED_EDGE('',*,*,#4507,.T.);
#5850=ORIENTED_EDGE('',*,*,#4508,.F.);
#5851=ORIENTED_EDGE('',*,*,#4509,.F.);
#5852=ORIENTED_EDGE('',*,*,#4510,.F.);
#5853=ORIENTED_EDGE('',*,*,#4511,.F.);
#5854=ORIENTED_EDGE('',*,*,#4512,.F.);
#5855=ORIENTED_EDGE('',*,*,#4513,.F.);
#5856=ORIENTED_EDGE('',*,*,#4507,.F.);
#5857=ORIENTED_EDGE('',*,*,#4456,.T.);
#5858=ORIENTED_EDGE('',*,*,#4514,.T.);
#5859=ORIENTED_EDGE('',*,*,#4515,.T.);
#5860=ORIENTED_EDGE('',*,*,#4516,.T.);
#5861=ORIENTED_EDGE('',*,*,#4514,.F.);
#5862=ORIENTED_EDGE('',*,*,#4515,.F.);
#5863=ORIENTED_EDGE('',*,*,#4516,.F.);
#5864=ORIENTED_EDGE('',*,*,#4517,.T.);
#5865=ORIENTED_EDGE('',*,*,#4518,.F.);
#5866=ORIENTED_EDGE('',*,*,#4519,.F.);
#5867=ORIENTED_EDGE('',*,*,#4520,.F.);
#5868=ORIENTED_EDGE('',*,*,#4521,.F.);
#5869=ORIENTED_EDGE('',*,*,#4522,.F.);
#5870=ORIENTED_EDGE('',*,*,#4523,.F.);
#5871=ORIENTED_EDGE('',*,*,#4517,.F.);
#5872=ORIENTED_EDGE('',*,*,#4468,.T.);
#5873=ORIENTED_EDGE('',*,*,#4524,.T.);
#5874=ORIENTED_EDGE('',*,*,#4525,.T.);
#5875=ORIENTED_EDGE('',*,*,#4526,.T.);
#5876=ORIENTED_EDGE('',*,*,#4524,.F.);
#5877=ORIENTED_EDGE('',*,*,#4525,.F.);
#5878=ORIENTED_EDGE('',*,*,#4526,.F.);
#5879=ORIENTED_EDGE('',*,*,#4527,.T.);
#5880=ORIENTED_EDGE('',*,*,#4528,.F.);
#5881=ORIENTED_EDGE('',*,*,#4529,.F.);
#5882=ORIENTED_EDGE('',*,*,#4530,.F.);
#5883=ORIENTED_EDGE('',*,*,#4531,.F.);
#5884=ORIENTED_EDGE('',*,*,#4532,.F.);
#5885=ORIENTED_EDGE('',*,*,#4533,.F.);
#5886=ORIENTED_EDGE('',*,*,#4534,.F.);
#5887=ORIENTED_EDGE('',*,*,#4527,.F.);
#5888=ORIENTED_EDGE('',*,*,#4457,.T.);
#5889=ORIENTED_EDGE('',*,*,#4535,.T.);
#5890=ORIENTED_EDGE('',*,*,#4536,.T.);
#5891=ORIENTED_EDGE('',*,*,#4537,.T.);
#5892=ORIENTED_EDGE('',*,*,#4535,.F.);
#5893=ORIENTED_EDGE('',*,*,#4536,.F.);
#5894=ORIENTED_EDGE('',*,*,#4537,.F.);
#5895=ORIENTED_EDGE('',*,*,#4538,.T.);
#5896=ORIENTED_EDGE('',*,*,#4539,.F.);
#5897=ORIENTED_EDGE('',*,*,#4540,.F.);
#5898=ORIENTED_EDGE('',*,*,#4541,.F.);
#5899=ORIENTED_EDGE('',*,*,#4542,.F.);
#5900=ORIENTED_EDGE('',*,*,#4543,.F.);
#5901=ORIENTED_EDGE('',*,*,#4544,.F.);
#5902=ORIENTED_EDGE('',*,*,#4545,.F.);
#5903=ORIENTED_EDGE('',*,*,#4538,.F.);
#5904=ORIENTED_EDGE('',*,*,#4484,.T.);
#5905=ORIENTED_EDGE('',*,*,#4486,.T.);
#5906=ORIENTED_EDGE('',*,*,#4498,.F.);
#5907=ORIENTED_EDGE('',*,*,#4546,.F.);
#5908=ORIENTED_EDGE('',*,*,#4547,.F.);
#5909=ORIENTED_EDGE('',*,*,#4548,.F.);
#5910=ORIENTED_EDGE('',*,*,#4549,.F.);
#5911=ORIENTED_EDGE('',*,*,#4550,.F.);
#5912=ORIENTED_EDGE('',*,*,#4551,.F.);
#5913=ORIENTED_EDGE('',*,*,#4552,.F.);
#5914=ORIENTED_EDGE('',*,*,#4553,.F.);
#5915=ORIENTED_EDGE('',*,*,#4554,.F.);
#5916=ORIENTED_EDGE('',*,*,#4555,.F.);
#5917=ORIENTED_EDGE('',*,*,#4556,.F.);
#5918=ORIENTED_EDGE('',*,*,#4557,.T.);
#5919=ORIENTED_EDGE('',*,*,#4558,.T.);
#5920=ORIENTED_EDGE('',*,*,#4559,.T.);
#5921=ORIENTED_EDGE('',*,*,#4560,.T.);
#5922=ORIENTED_EDGE('',*,*,#4561,.F.);
#5923=ORIENTED_EDGE('',*,*,#4562,.F.);
#5924=ORIENTED_EDGE('',*,*,#4563,.F.);
#5925=ORIENTED_EDGE('',*,*,#4564,.F.);
#5926=ORIENTED_EDGE('',*,*,#4565,.F.);
#5927=ORIENTED_EDGE('',*,*,#4566,.F.);
#5928=ORIENTED_EDGE('',*,*,#4532,.T.);
#5929=ORIENTED_EDGE('',*,*,#4567,.F.);
#5930=ORIENTED_EDGE('',*,*,#4568,.F.);
#5931=ORIENTED_EDGE('',*,*,#4569,.F.);
#5932=ORIENTED_EDGE('',*,*,#4570,.F.);
#5933=ORIENTED_EDGE('',*,*,#4571,.F.);
#5934=ORIENTED_EDGE('',*,*,#4572,.F.);
#5935=ORIENTED_EDGE('',*,*,#4573,.F.);
#5936=ORIENTED_EDGE('',*,*,#4574,.F.);
#5937=ORIENTED_EDGE('',*,*,#4494,.F.);
#5938=ORIENTED_EDGE('',*,*,#4531,.T.);
#5939=ORIENTED_EDGE('',*,*,#4575,.T.);
#5940=ORIENTED_EDGE('',*,*,#4576,.T.);
#5941=ORIENTED_EDGE('',*,*,#4567,.T.);
#5942=ORIENTED_EDGE('',*,*,#4530,.T.);
#5943=ORIENTED_EDGE('',*,*,#4577,.T.);
#5944=ORIENTED_EDGE('',*,*,#4578,.F.);
#5945=ORIENTED_EDGE('',*,*,#4575,.F.);
#5946=ORIENTED_EDGE('',*,*,#4512,.T.);
#5947=ORIENTED_EDGE('',*,*,#4557,.F.);
#5948=ORIENTED_EDGE('',*,*,#4579,.F.);
#5949=ORIENTED_EDGE('',*,*,#4580,.T.);
#5950=ORIENTED_EDGE('',*,*,#4581,.T.);
#5951=ORIENTED_EDGE('',*,*,#4509,.T.);
#5952=ORIENTED_EDGE('',*,*,#4582,.T.);
#5953=ORIENTED_EDGE('',*,*,#4583,.F.);
#5954=ORIENTED_EDGE('',*,*,#4584,.T.);
#5955=ORIENTED_EDGE('',*,*,#4585,.T.);
#5956=ORIENTED_EDGE('',*,*,#4586,.T.);
#5957=ORIENTED_EDGE('',*,*,#4587,.F.);
#5958=ORIENTED_EDGE('',*,*,#4588,.T.);
#5959=ORIENTED_EDGE('',*,*,#4510,.T.);
#5960=ORIENTED_EDGE('',*,*,#4588,.F.);
#5961=ORIENTED_EDGE('',*,*,#4589,.F.);
#5962=ORIENTED_EDGE('',*,*,#4590,.F.);
#5963=ORIENTED_EDGE('',*,*,#4591,.F.);
#5964=ORIENTED_EDGE('',*,*,#4592,.F.);
#5965=ORIENTED_EDGE('',*,*,#4593,.F.);
#5966=ORIENTED_EDGE('',*,*,#4519,.T.);
#5967=ORIENTED_EDGE('',*,*,#4594,.F.);
#5968=ORIENTED_EDGE('',*,*,#4595,.T.);
#5969=ORIENTED_EDGE('',*,*,#4596,.F.);
#5970=ORIENTED_EDGE('',*,*,#4597,.F.);
#5971=ORIENTED_EDGE('',*,*,#4491,.T.);
#5972=ORIENTED_EDGE('',*,*,#4493,.T.);
#5973=ORIENTED_EDGE('',*,*,#4503,.F.);
#5974=ORIENTED_EDGE('',*,*,#4598,.F.);
#5975=ORIENTED_EDGE('',*,*,#4599,.F.);
#5976=ORIENTED_EDGE('',*,*,#4600,.F.);
#5977=ORIENTED_EDGE('',*,*,#4601,.F.);
#5978=ORIENTED_EDGE('',*,*,#4602,.F.);
#5979=ORIENTED_EDGE('',*,*,#4603,.F.);
#5980=ORIENTED_EDGE('',*,*,#4604,.F.);
#5981=ORIENTED_EDGE('',*,*,#4605,.F.);
#5982=ORIENTED_EDGE('',*,*,#4541,.T.);
#5983=ORIENTED_EDGE('',*,*,#4606,.F.);
#5984=ORIENTED_EDGE('',*,*,#4607,.F.);
#5985=ORIENTED_EDGE('',*,*,#4608,.F.);
#5986=ORIENTED_EDGE('',*,*,#4609,.F.);
#5987=ORIENTED_EDGE('',*,*,#4610,.F.);
#5988=ORIENTED_EDGE('',*,*,#4611,.F.);
#5989=ORIENTED_EDGE('',*,*,#4612,.T.);
#5990=ORIENTED_EDGE('',*,*,#4613,.T.);
#5991=ORIENTED_EDGE('',*,*,#4614,.T.);
#5992=ORIENTED_EDGE('',*,*,#4597,.T.);
#5993=ORIENTED_EDGE('',*,*,#4615,.F.);
#5994=ORIENTED_EDGE('',*,*,#4616,.F.);
#5995=ORIENTED_EDGE('',*,*,#4617,.F.);
#5996=ORIENTED_EDGE('',*,*,#4618,.F.);
#5997=ORIENTED_EDGE('',*,*,#4619,.F.);
#5998=ORIENTED_EDGE('',*,*,#4620,.F.);
#5999=ORIENTED_EDGE('',*,*,#4621,.F.);
#6000=ORIENTED_EDGE('',*,*,#4622,.F.);
#6001=ORIENTED_EDGE('',*,*,#4623,.F.);
#6002=ORIENTED_EDGE('',*,*,#4624,.F.);
#6003=ORIENTED_EDGE('',*,*,#4625,.F.);
#6004=ORIENTED_EDGE('',*,*,#4499,.F.);
#6005=ORIENTED_EDGE('',*,*,#4540,.T.);
#6006=ORIENTED_EDGE('',*,*,#4626,.T.);
#6007=ORIENTED_EDGE('',*,*,#4627,.T.);
#6008=ORIENTED_EDGE('',*,*,#4606,.T.);
#6009=ORIENTED_EDGE('',*,*,#4539,.T.);
#6010=ORIENTED_EDGE('',*,*,#4545,.T.);
#6011=ORIENTED_EDGE('',*,*,#4628,.F.);
#6012=ORIENTED_EDGE('',*,*,#4629,.F.);
#6013=ORIENTED_EDGE('',*,*,#4630,.F.);
#6014=ORIENTED_EDGE('',*,*,#4626,.F.);
#6015=ORIENTED_EDGE('',*,*,#4518,.T.);
#6016=ORIENTED_EDGE('',*,*,#4523,.T.);
#6017=ORIENTED_EDGE('',*,*,#4631,.F.);
#6018=ORIENTED_EDGE('',*,*,#4632,.F.);
#6019=ORIENTED_EDGE('',*,*,#4633,.F.);
#6020=ORIENTED_EDGE('',*,*,#4634,.F.);
#6021=ORIENTED_EDGE('',*,*,#4635,.F.);
#6022=ORIENTED_EDGE('',*,*,#4636,.F.);
#6023=ORIENTED_EDGE('',*,*,#4637,.F.);
#6024=ORIENTED_EDGE('',*,*,#4638,.F.);
#6025=ORIENTED_EDGE('',*,*,#4639,.F.);
#6026=ORIENTED_EDGE('',*,*,#4640,.F.);
#6027=ORIENTED_EDGE('',*,*,#4641,.F.);
#6028=ORIENTED_EDGE('',*,*,#4642,.F.);
#6029=ORIENTED_EDGE('',*,*,#4643,.F.);
#6030=ORIENTED_EDGE('',*,*,#4628,.T.);
#6031=ORIENTED_EDGE('',*,*,#4544,.T.);
#6032=ORIENTED_EDGE('',*,*,#4644,.T.);
#6033=ORIENTED_EDGE('',*,*,#4645,.F.);
#6034=ORIENTED_EDGE('',*,*,#4646,.F.);
#6035=ORIENTED_EDGE('',*,*,#4647,.F.);
#6036=ORIENTED_EDGE('',*,*,#4648,.F.);
#6037=ORIENTED_EDGE('',*,*,#4649,.F.);
#6038=ORIENTED_EDGE('',*,*,#4650,.T.);
#6039=ORIENTED_EDGE('',*,*,#4651,.F.);
#6040=ORIENTED_EDGE('',*,*,#4652,.F.);
#6041=ORIENTED_EDGE('',*,*,#4653,.F.);
#6042=ORIENTED_EDGE('',*,*,#4654,.F.);
#6043=ORIENTED_EDGE('',*,*,#4655,.F.);
#6044=ORIENTED_EDGE('',*,*,#4656,.T.);
#6045=ORIENTED_EDGE('',*,*,#4657,.F.);
#6046=ORIENTED_EDGE('',*,*,#4658,.T.);
#6047=ORIENTED_EDGE('',*,*,#4594,.T.);
#6048=ORIENTED_EDGE('',*,*,#4659,.F.);
#6049=ORIENTED_EDGE('',*,*,#4660,.T.);
#6050=ORIENTED_EDGE('',*,*,#4661,.T.);
#6051=ORIENTED_EDGE('',*,*,#4662,.T.);
#6052=ORIENTED_EDGE('',*,*,#4660,.F.);
#6053=ORIENTED_EDGE('',*,*,#4467,.T.);
#6054=ORIENTED_EDGE('',*,*,#4663,.T.);
#6055=ORIENTED_EDGE('',*,*,#4664,.T.);
#6056=ORIENTED_EDGE('',*,*,#4661,.F.);
#6057=ORIENTED_EDGE('',*,*,#4662,.F.);
#6058=ORIENTED_EDGE('',*,*,#4664,.F.);
#6059=ORIENTED_EDGE('',*,*,#4665,.T.);
#6060=ORIENTED_EDGE('',*,*,#4666,.T.);
#6061=ORIENTED_EDGE('',*,*,#4667,.T.);
#6062=ORIENTED_EDGE('',*,*,#4665,.F.);
#6063=ORIENTED_EDGE('',*,*,#4458,.T.);
#6064=ORIENTED_EDGE('',*,*,#4666,.F.);
#6065=ORIENTED_EDGE('',*,*,#4667,.F.);
#6066=ORIENTED_EDGE('',*,*,#4668,.T.);
#6067=ORIENTED_EDGE('',*,*,#4669,.F.);
#6068=ORIENTED_EDGE('',*,*,#4668,.F.);
#6069=ORIENTED_EDGE('',*,*,#4670,.T.);
#6070=ORIENTED_EDGE('',*,*,#4671,.T.);
#6071=ORIENTED_EDGE('',*,*,#4672,.T.);
#6072=ORIENTED_EDGE('',*,*,#4670,.F.);
#6073=ORIENTED_EDGE('',*,*,#4673,.T.);
#6074=ORIENTED_EDGE('',*,*,#4674,.F.);
#6075=ORIENTED_EDGE('',*,*,#4639,.T.);
#6076=ORIENTED_EDGE('',*,*,#4675,.F.);
#6077=ORIENTED_EDGE('',*,*,#4676,.T.);
#6078=ORIENTED_EDGE('',*,*,#4673,.F.);
#6079=ORIENTED_EDGE('',*,*,#4671,.F.);
#6080=ORIENTED_EDGE('',*,*,#4672,.F.);
#6081=ORIENTED_EDGE('',*,*,#4677,.T.);
#6082=ORIENTED_EDGE('',*,*,#4678,.T.);
#6083=ORIENTED_EDGE('',*,*,#4677,.F.);
#6084=ORIENTED_EDGE('',*,*,#4679,.T.);
#6085=ORIENTED_EDGE('',*,*,#4680,.T.);
#6086=ORIENTED_EDGE('',*,*,#4681,.T.);
#6087=ORIENTED_EDGE('',*,*,#4679,.F.);
#6088=ORIENTED_EDGE('',*,*,#4682,.T.);
#6089=ORIENTED_EDGE('',*,*,#4680,.F.);
#6090=ORIENTED_EDGE('',*,*,#4681,.F.);
#6091=ORIENTED_EDGE('',*,*,#4683,.T.);
#6092=ORIENTED_EDGE('',*,*,#4684,.T.);
#6093=ORIENTED_EDGE('',*,*,#4683,.F.);
#6094=ORIENTED_EDGE('',*,*,#4685,.F.);
#6095=ORIENTED_EDGE('',*,*,#4686,.T.);
#6096=ORIENTED_EDGE('',*,*,#4687,.F.);
#6097=ORIENTED_EDGE('',*,*,#4688,.T.);
#6098=ORIENTED_EDGE('',*,*,#4682,.F.);
#6099=ORIENTED_EDGE('',*,*,#4466,.T.);
#6100=ORIENTED_EDGE('',*,*,#4689,.T.);
#6101=ORIENTED_EDGE('',*,*,#4690,.T.);
#6102=ORIENTED_EDGE('',*,*,#4691,.T.);
#6103=ORIENTED_EDGE('',*,*,#4689,.F.);
#6104=ORIENTED_EDGE('',*,*,#4690,.F.);
#6105=ORIENTED_EDGE('',*,*,#4691,.F.);
#6106=ORIENTED_EDGE('',*,*,#4692,.T.);
#6107=ORIENTED_EDGE('',*,*,#4693,.F.);
#6108=ORIENTED_EDGE('',*,*,#4692,.F.);
#6109=ORIENTED_EDGE('',*,*,#4459,.T.);
#6110=ORIENTED_EDGE('',*,*,#4694,.T.);
#6111=ORIENTED_EDGE('',*,*,#4695,.T.);
#6112=ORIENTED_EDGE('',*,*,#4696,.T.);
#6113=ORIENTED_EDGE('',*,*,#4694,.F.);
#6114=ORIENTED_EDGE('',*,*,#4695,.F.);
#6115=ORIENTED_EDGE('',*,*,#4696,.F.);
#6116=ORIENTED_EDGE('',*,*,#4697,.T.);
#6117=ORIENTED_EDGE('',*,*,#4698,.T.);
#6118=ORIENTED_EDGE('',*,*,#4697,.F.);
#6119=ORIENTED_EDGE('',*,*,#4465,.T.);
#6120=ORIENTED_EDGE('',*,*,#4699,.T.);
#6121=ORIENTED_EDGE('',*,*,#4700,.T.);
#6122=ORIENTED_EDGE('',*,*,#4701,.T.);
#6123=ORIENTED_EDGE('',*,*,#4699,.F.);
#6124=ORIENTED_EDGE('',*,*,#4700,.F.);
#6125=ORIENTED_EDGE('',*,*,#4701,.F.);
#6126=ORIENTED_EDGE('',*,*,#4702,.T.);
#6127=ORIENTED_EDGE('',*,*,#4703,.T.);
#6128=ORIENTED_EDGE('',*,*,#4702,.F.);
#6129=ORIENTED_EDGE('',*,*,#4460,.T.);
#6130=ORIENTED_EDGE('',*,*,#4704,.T.);
#6131=ORIENTED_EDGE('',*,*,#4705,.T.);
#6132=ORIENTED_EDGE('',*,*,#4706,.T.);
#6133=ORIENTED_EDGE('',*,*,#4704,.F.);
#6134=ORIENTED_EDGE('',*,*,#4705,.F.);
#6135=ORIENTED_EDGE('',*,*,#4706,.F.);
#6136=ORIENTED_EDGE('',*,*,#4707,.T.);
#6137=ORIENTED_EDGE('',*,*,#4708,.F.);
#6138=ORIENTED_EDGE('',*,*,#4707,.F.);
#6139=ORIENTED_EDGE('',*,*,#4709,.T.);
#6140=ORIENTED_EDGE('',*,*,#4434,.T.);
#6141=ORIENTED_EDGE('',*,*,#4710,.T.);
#6142=ORIENTED_EDGE('',*,*,#4711,.T.);
#6143=ORIENTED_EDGE('',*,*,#4709,.F.);
#6144=ORIENTED_EDGE('',*,*,#4712,.T.);
#6145=ORIENTED_EDGE('',*,*,#4713,.T.);
#6146=ORIENTED_EDGE('',*,*,#4435,.T.);
#6147=ORIENTED_EDGE('',*,*,#4714,.T.);
#6148=ORIENTED_EDGE('',*,*,#4436,.T.);
#6149=ORIENTED_EDGE('',*,*,#4713,.F.);
#6150=ORIENTED_EDGE('',*,*,#4715,.T.);
#6151=ORIENTED_EDGE('',*,*,#4714,.F.);
#6152=ORIENTED_EDGE('',*,*,#4716,.T.);
#6153=ORIENTED_EDGE('',*,*,#4717,.T.);
#6154=ORIENTED_EDGE('',*,*,#4437,.T.);
#6155=ORIENTED_EDGE('',*,*,#4718,.T.);
#6156=ORIENTED_EDGE('',*,*,#4438,.T.);
#6157=ORIENTED_EDGE('',*,*,#4717,.F.);
#6158=ORIENTED_EDGE('',*,*,#4719,.T.);
#6159=ORIENTED_EDGE('',*,*,#4718,.F.);
#6160=ORIENTED_EDGE('',*,*,#4720,.T.);
#6161=ORIENTED_EDGE('',*,*,#4721,.T.);
#6162=ORIENTED_EDGE('',*,*,#4439,.T.);
#6163=ORIENTED_EDGE('',*,*,#4722,.T.);
#6164=ORIENTED_EDGE('',*,*,#4440,.T.);
#6165=ORIENTED_EDGE('',*,*,#4721,.F.);
#6166=ORIENTED_EDGE('',*,*,#4723,.T.);
#6167=ORIENTED_EDGE('',*,*,#4724,.T.);
#6168=ORIENTED_EDGE('',*,*,#4441,.T.);
#6169=ORIENTED_EDGE('',*,*,#4722,.F.);
#6170=ORIENTED_EDGE('',*,*,#4725,.T.);
#6171=ORIENTED_EDGE('',*,*,#4726,.T.);
#6172=ORIENTED_EDGE('',*,*,#4442,.T.);
#6173=ORIENTED_EDGE('',*,*,#4724,.F.);
#6174=ORIENTED_EDGE('',*,*,#4727,.T.);
#6175=ORIENTED_EDGE('',*,*,#4726,.F.);
#6176=ORIENTED_EDGE('',*,*,#4728,.T.);
#6177=ORIENTED_EDGE('',*,*,#4729,.T.);
#6178=ORIENTED_EDGE('',*,*,#4443,.T.);
#6179=ORIENTED_EDGE('',*,*,#4730,.T.);
#6180=ORIENTED_EDGE('',*,*,#4444,.T.);
#6181=ORIENTED_EDGE('',*,*,#4729,.F.);
#6182=ORIENTED_EDGE('',*,*,#4731,.T.);
#6183=ORIENTED_EDGE('',*,*,#4730,.F.);
#6184=ORIENTED_EDGE('',*,*,#4732,.T.);
#6185=ORIENTED_EDGE('',*,*,#4733,.T.);
#6186=ORIENTED_EDGE('',*,*,#4445,.T.);
#6187=ORIENTED_EDGE('',*,*,#4734,.T.);
#6188=ORIENTED_EDGE('',*,*,#4446,.T.);
#6189=ORIENTED_EDGE('',*,*,#4733,.F.);
#6190=ORIENTED_EDGE('',*,*,#4735,.T.);
#6191=ORIENTED_EDGE('',*,*,#4734,.F.);
#6192=ORIENTED_EDGE('',*,*,#4736,.T.);
#6193=ORIENTED_EDGE('',*,*,#4737,.T.);
#6194=ORIENTED_EDGE('',*,*,#4447,.T.);
#6195=ORIENTED_EDGE('',*,*,#4738,.T.);
#6196=ORIENTED_EDGE('',*,*,#4448,.T.);
#6197=ORIENTED_EDGE('',*,*,#4737,.F.);
#6198=ORIENTED_EDGE('',*,*,#4739,.T.);
#6199=ORIENTED_EDGE('',*,*,#4738,.F.);
#6200=ORIENTED_EDGE('',*,*,#4740,.T.);
#6201=ORIENTED_EDGE('',*,*,#4741,.T.);
#6202=ORIENTED_EDGE('',*,*,#4449,.T.);
#6203=ORIENTED_EDGE('',*,*,#4742,.T.);
#6204=ORIENTED_EDGE('',*,*,#4450,.T.);
#6205=ORIENTED_EDGE('',*,*,#4741,.F.);
#6206=ORIENTED_EDGE('',*,*,#4743,.T.);
#6207=ORIENTED_EDGE('',*,*,#4744,.T.);
#6208=ORIENTED_EDGE('',*,*,#4451,.T.);
#6209=ORIENTED_EDGE('',*,*,#4742,.F.);
#6210=ORIENTED_EDGE('',*,*,#4745,.T.);
#6211=ORIENTED_EDGE('',*,*,#4746,.T.);
#6212=ORIENTED_EDGE('',*,*,#4452,.T.);
#6213=ORIENTED_EDGE('',*,*,#4744,.F.);
#6214=ORIENTED_EDGE('',*,*,#4747,.T.);
#6215=ORIENTED_EDGE('',*,*,#4746,.F.);
#6216=ORIENTED_EDGE('',*,*,#4748,.T.);
#6217=ORIENTED_EDGE('',*,*,#4710,.F.);
#6218=ORIENTED_EDGE('',*,*,#4453,.T.);
#6219=ORIENTED_EDGE('',*,*,#4728,.F.);
#6220=ORIENTED_EDGE('',*,*,#4749,.T.);
#6221=ORIENTED_EDGE('',*,*,#4750,.T.);
#6222=ORIENTED_EDGE('',*,*,#4751,.T.);
#6223=ORIENTED_EDGE('',*,*,#4727,.F.);
#6224=ORIENTED_EDGE('',*,*,#4752,.F.);
#6225=ORIENTED_EDGE('',*,*,#4753,.F.);
#6226=ORIENTED_EDGE('',*,*,#4749,.F.);
#6227=ORIENTED_EDGE('',*,*,#4725,.F.);
#6228=ORIENTED_EDGE('',*,*,#4754,.F.);
#6229=ORIENTED_EDGE('',*,*,#4755,.F.);
#6230=ORIENTED_EDGE('',*,*,#4752,.T.);
#6231=ORIENTED_EDGE('',*,*,#4723,.F.);
#6232=ORIENTED_EDGE('',*,*,#4756,.F.);
#6233=ORIENTED_EDGE('',*,*,#4757,.F.);
#6234=ORIENTED_EDGE('',*,*,#4754,.T.);
#6235=ORIENTED_EDGE('',*,*,#4720,.F.);
#6236=ORIENTED_EDGE('',*,*,#4758,.T.);
#6237=ORIENTED_EDGE('',*,*,#4759,.T.);
#6238=ORIENTED_EDGE('',*,*,#4756,.T.);
#6239=ORIENTED_EDGE('',*,*,#4716,.F.);
#6240=ORIENTED_EDGE('',*,*,#4760,.T.);
#6241=ORIENTED_EDGE('',*,*,#4761,.F.);
#6242=ORIENTED_EDGE('',*,*,#4762,.T.);
#6243=ORIENTED_EDGE('',*,*,#4715,.F.);
#6244=ORIENTED_EDGE('',*,*,#4763,.F.);
#6245=ORIENTED_EDGE('',*,*,#4764,.F.);
#6246=ORIENTED_EDGE('',*,*,#4629,.T.);
#6247=ORIENTED_EDGE('',*,*,#4643,.T.);
#6248=ORIENTED_EDGE('',*,*,#4765,.T.);
#6249=ORIENTED_EDGE('',*,*,#4766,.T.);
#6250=ORIENTED_EDGE('',*,*,#4767,.T.);
#6251=ORIENTED_EDGE('',*,*,#4768,.T.);
#6252=ORIENTED_EDGE('',*,*,#4769,.T.);
#6253=ORIENTED_EDGE('',*,*,#4770,.T.);
#6254=ORIENTED_EDGE('',*,*,#4771,.T.);
#6255=ORIENTED_EDGE('',*,*,#4772,.F.);
#6256=ORIENTED_EDGE('',*,*,#4760,.F.);
#6257=ORIENTED_EDGE('',*,*,#4712,.F.);
#6258=ORIENTED_EDGE('',*,*,#4773,.T.);
#6259=ORIENTED_EDGE('',*,*,#4774,.F.);
#6260=ORIENTED_EDGE('',*,*,#4763,.T.);
#6261=ORIENTED_EDGE('',*,*,#4596,.T.);
#6262=ORIENTED_EDGE('',*,*,#4775,.T.);
#6263=ORIENTED_EDGE('',*,*,#4776,.T.);
#6264=ORIENTED_EDGE('',*,*,#4615,.T.);
#6265=ORIENTED_EDGE('',*,*,#4777,.T.);
#6266=ORIENTED_EDGE('',*,*,#4778,.T.);
#6267=ORIENTED_EDGE('',*,*,#4779,.T.);
#6268=ORIENTED_EDGE('',*,*,#4617,.T.);
#6269=ORIENTED_EDGE('',*,*,#4780,.T.);
#6270=ORIENTED_EDGE('',*,*,#4618,.T.);
#6271=ORIENTED_EDGE('',*,*,#4779,.F.);
#6272=ORIENTED_EDGE('',*,*,#4781,.T.);
#6273=ORIENTED_EDGE('',*,*,#4782,.T.);
#6274=ORIENTED_EDGE('',*,*,#4619,.T.);
#6275=ORIENTED_EDGE('',*,*,#4780,.F.);
#6276=ORIENTED_EDGE('',*,*,#4783,.T.);
#6277=ORIENTED_EDGE('',*,*,#4777,.F.);
#6278=ORIENTED_EDGE('',*,*,#4616,.T.);
#6279=ORIENTED_EDGE('',*,*,#4776,.F.);
#6280=ORIENTED_EDGE('',*,*,#4784,.T.);
#6281=ORIENTED_EDGE('',*,*,#4785,.T.);
#6282=ORIENTED_EDGE('',*,*,#4621,.T.);
#6283=ORIENTED_EDGE('',*,*,#4786,.T.);
#6284=ORIENTED_EDGE('',*,*,#4787,.T.);
#6285=ORIENTED_EDGE('',*,*,#4788,.T.);
#6286=ORIENTED_EDGE('',*,*,#4622,.T.);
#6287=ORIENTED_EDGE('',*,*,#4785,.F.);
#6288=ORIENTED_EDGE('',*,*,#4789,.T.);
#6289=ORIENTED_EDGE('',*,*,#4790,.T.);
#6290=ORIENTED_EDGE('',*,*,#4623,.T.);
#6291=ORIENTED_EDGE('',*,*,#4788,.F.);
#6292=ORIENTED_EDGE('',*,*,#4791,.T.);
#6293=ORIENTED_EDGE('',*,*,#4786,.F.);
#6294=ORIENTED_EDGE('',*,*,#4620,.T.);
#6295=ORIENTED_EDGE('',*,*,#4782,.F.);
#6296=ORIENTED_EDGE('',*,*,#4792,.T.);
#6297=ORIENTED_EDGE('',*,*,#4793,.T.);
#6298=ORIENTED_EDGE('',*,*,#4794,.T.);
#6299=ORIENTED_EDGE('',*,*,#4500,.T.);
#6300=ORIENTED_EDGE('',*,*,#4625,.T.);
#6301=ORIENTED_EDGE('',*,*,#4795,.T.);
#6302=ORIENTED_EDGE('',*,*,#4598,.T.);
#6303=ORIENTED_EDGE('',*,*,#4502,.F.);
#6304=ORIENTED_EDGE('',*,*,#4796,.T.);
#6305=ORIENTED_EDGE('',*,*,#4793,.F.);
#6306=ORIENTED_EDGE('',*,*,#4624,.T.);
#6307=ORIENTED_EDGE('',*,*,#4790,.F.);
#6308=ORIENTED_EDGE('',*,*,#4797,.T.);
#6309=ORIENTED_EDGE('',*,*,#4798,.T.);
#6310=ORIENTED_EDGE('',*,*,#4600,.T.);
#6311=ORIENTED_EDGE('',*,*,#4799,.T.);
#6312=ORIENTED_EDGE('',*,*,#4800,.T.);
#6313=ORIENTED_EDGE('',*,*,#4801,.T.);
#6314=ORIENTED_EDGE('',*,*,#4601,.T.);
#6315=ORIENTED_EDGE('',*,*,#4798,.F.);
#6316=ORIENTED_EDGE('',*,*,#4802,.T.);
#6317=ORIENTED_EDGE('',*,*,#4803,.T.);
#6318=ORIENTED_EDGE('',*,*,#4602,.T.);
#6319=ORIENTED_EDGE('',*,*,#4801,.F.);
#6320=ORIENTED_EDGE('',*,*,#4804,.T.);
#6321=ORIENTED_EDGE('',*,*,#4799,.F.);
#6322=ORIENTED_EDGE('',*,*,#4599,.T.);
#6323=ORIENTED_EDGE('',*,*,#4795,.F.);
#6324=ORIENTED_EDGE('',*,*,#4805,.T.);
#6325=ORIENTED_EDGE('',*,*,#4806,.T.);
#6326=ORIENTED_EDGE('',*,*,#4807,.T.);
#6327=ORIENTED_EDGE('',*,*,#4808,.T.);
#6328=ORIENTED_EDGE('',*,*,#4604,.T.);
#6329=ORIENTED_EDGE('',*,*,#4542,.T.);
#6330=ORIENTED_EDGE('',*,*,#4605,.T.);
#6331=ORIENTED_EDGE('',*,*,#4808,.F.);
#6332=ORIENTED_EDGE('',*,*,#4809,.T.);
#6333=ORIENTED_EDGE('',*,*,#4810,.T.);
#6334=ORIENTED_EDGE('',*,*,#4611,.T.);
#6335=ORIENTED_EDGE('',*,*,#4811,.T.);
#6336=ORIENTED_EDGE('',*,*,#4812,.T.);
#6337=ORIENTED_EDGE('',*,*,#4813,.T.);
#6338=ORIENTED_EDGE('',*,*,#4814,.T.);
#6339=ORIENTED_EDGE('',*,*,#4811,.F.);
#6340=ORIENTED_EDGE('',*,*,#4610,.T.);
#6341=ORIENTED_EDGE('',*,*,#4815,.T.);
#6342=ORIENTED_EDGE('',*,*,#4816,.T.);
#6343=ORIENTED_EDGE('',*,*,#4813,.F.);
#6344=ORIENTED_EDGE('',*,*,#4609,.T.);
#6345=ORIENTED_EDGE('',*,*,#4817,.T.);
#6346=ORIENTED_EDGE('',*,*,#4774,.T.);
#6347=ORIENTED_EDGE('',*,*,#4815,.F.);
#6348=ORIENTED_EDGE('',*,*,#4608,.T.);
#6349=ORIENTED_EDGE('',*,*,#4764,.T.);
#6350=ORIENTED_EDGE('',*,*,#4817,.F.);
#6351=ORIENTED_EDGE('',*,*,#4607,.T.);
#6352=ORIENTED_EDGE('',*,*,#4627,.F.);
#6353=ORIENTED_EDGE('',*,*,#4630,.T.);
#6354=ORIENTED_EDGE('',*,*,#4806,.F.);
#6355=ORIENTED_EDGE('',*,*,#4603,.T.);
#6356=ORIENTED_EDGE('',*,*,#4803,.F.);
#6357=ORIENTED_EDGE('',*,*,#4818,.T.);
#6358=ORIENTED_EDGE('',*,*,#4810,.F.);
#6359=ORIENTED_EDGE('',*,*,#4819,.F.);
#6360=ORIENTED_EDGE('',*,*,#4820,.F.);
#6361=ORIENTED_EDGE('',*,*,#4560,.F.);
#6362=ORIENTED_EDGE('',*,*,#4821,.T.);
#6363=ORIENTED_EDGE('',*,*,#4612,.F.);
#6364=ORIENTED_EDGE('',*,*,#4735,.F.);
#6365=ORIENTED_EDGE('',*,*,#4822,.F.);
#6366=ORIENTED_EDGE('',*,*,#4823,.F.);
#6367=ORIENTED_EDGE('',*,*,#4819,.T.);
#6368=ORIENTED_EDGE('',*,*,#4812,.F.);
#6369=ORIENTED_EDGE('',*,*,#4824,.F.);
#6370=ORIENTED_EDGE('',*,*,#4565,.T.);
#6371=ORIENTED_EDGE('',*,*,#4825,.T.);
#6372=ORIENTED_EDGE('',*,*,#4772,.T.);
#6373=ORIENTED_EDGE('',*,*,#4826,.T.);
#6374=ORIENTED_EDGE('',*,*,#4827,.T.);
#6375=ORIENTED_EDGE('',*,*,#4828,.T.);
#6376=ORIENTED_EDGE('',*,*,#4761,.T.);
#6377=ORIENTED_EDGE('',*,*,#4825,.F.);
#6378=ORIENTED_EDGE('',*,*,#4564,.T.);
#6379=ORIENTED_EDGE('',*,*,#4829,.T.);
#6380=ORIENTED_EDGE('',*,*,#4830,.T.);
#6381=ORIENTED_EDGE('',*,*,#4828,.F.);
#6382=ORIENTED_EDGE('',*,*,#4563,.T.);
#6383=ORIENTED_EDGE('',*,*,#4831,.T.);
#6384=ORIENTED_EDGE('',*,*,#4832,.T.);
#6385=ORIENTED_EDGE('',*,*,#4829,.F.);
#6386=ORIENTED_EDGE('',*,*,#4562,.T.);
#6387=ORIENTED_EDGE('',*,*,#4820,.T.);
#6388=ORIENTED_EDGE('',*,*,#4823,.T.);
#6389=ORIENTED_EDGE('',*,*,#4831,.F.);
#6390=ORIENTED_EDGE('',*,*,#4561,.T.);
#6391=ORIENTED_EDGE('',*,*,#4533,.T.);
#6392=ORIENTED_EDGE('',*,*,#4566,.T.);
#6393=ORIENTED_EDGE('',*,*,#4827,.F.);
#6394=ORIENTED_EDGE('',*,*,#4833,.T.);
#6395=ORIENTED_EDGE('',*,*,#4834,.T.);
#6396=ORIENTED_EDGE('',*,*,#4568,.T.);
#6397=ORIENTED_EDGE('',*,*,#4576,.F.);
#6398=ORIENTED_EDGE('',*,*,#4835,.T.);
#6399=ORIENTED_EDGE('',*,*,#4836,.T.);
#6400=ORIENTED_EDGE('',*,*,#4570,.T.);
#6401=ORIENTED_EDGE('',*,*,#4837,.T.);
#6402=ORIENTED_EDGE('',*,*,#4838,.T.);
#6403=ORIENTED_EDGE('',*,*,#4839,.T.);
#6404=ORIENTED_EDGE('',*,*,#4571,.T.);
#6405=ORIENTED_EDGE('',*,*,#4836,.F.);
#6406=ORIENTED_EDGE('',*,*,#4840,.T.);
#6407=ORIENTED_EDGE('',*,*,#4841,.T.);
#6408=ORIENTED_EDGE('',*,*,#4572,.T.);
#6409=ORIENTED_EDGE('',*,*,#4839,.F.);
#6410=ORIENTED_EDGE('',*,*,#4842,.T.);
#6411=ORIENTED_EDGE('',*,*,#4837,.F.);
#6412=ORIENTED_EDGE('',*,*,#4569,.T.);
#6413=ORIENTED_EDGE('',*,*,#4834,.F.);
#6414=ORIENTED_EDGE('',*,*,#4843,.T.);
#6415=ORIENTED_EDGE('',*,*,#4844,.T.);
#6416=ORIENTED_EDGE('',*,*,#4845,.T.);
#6417=ORIENTED_EDGE('',*,*,#4495,.T.);
#6418=ORIENTED_EDGE('',*,*,#4574,.T.);
#6419=ORIENTED_EDGE('',*,*,#4846,.T.);
#6420=ORIENTED_EDGE('',*,*,#4546,.T.);
#6421=ORIENTED_EDGE('',*,*,#4497,.F.);
#6422=ORIENTED_EDGE('',*,*,#4847,.T.);
#6423=ORIENTED_EDGE('',*,*,#4844,.F.);
#6424=ORIENTED_EDGE('',*,*,#4573,.T.);
#6425=ORIENTED_EDGE('',*,*,#4841,.F.);
#6426=ORIENTED_EDGE('',*,*,#4848,.T.);
#6427=ORIENTED_EDGE('',*,*,#4849,.T.);
#6428=ORIENTED_EDGE('',*,*,#4548,.T.);
#6429=ORIENTED_EDGE('',*,*,#4850,.T.);
#6430=ORIENTED_EDGE('',*,*,#4851,.T.);
#6431=ORIENTED_EDGE('',*,*,#4852,.T.);
#6432=ORIENTED_EDGE('',*,*,#4549,.T.);
#6433=ORIENTED_EDGE('',*,*,#4849,.F.);
#6434=ORIENTED_EDGE('',*,*,#4853,.T.);
#6435=ORIENTED_EDGE('',*,*,#4854,.T.);
#6436=ORIENTED_EDGE('',*,*,#4550,.T.);
#6437=ORIENTED_EDGE('',*,*,#4852,.F.);
#6438=ORIENTED_EDGE('',*,*,#4855,.T.);
#6439=ORIENTED_EDGE('',*,*,#4850,.F.);
#6440=ORIENTED_EDGE('',*,*,#4547,.T.);
#6441=ORIENTED_EDGE('',*,*,#4846,.F.);
#6442=ORIENTED_EDGE('',*,*,#4856,.T.);
#6443=ORIENTED_EDGE('',*,*,#4857,.T.);
#6444=ORIENTED_EDGE('',*,*,#4858,.T.);
#6445=ORIENTED_EDGE('',*,*,#4859,.T.);
#6446=ORIENTED_EDGE('',*,*,#4552,.T.);
#6447=ORIENTED_EDGE('',*,*,#4860,.T.);
#6448=ORIENTED_EDGE('',*,*,#4553,.T.);
#6449=ORIENTED_EDGE('',*,*,#4859,.F.);
#6450=ORIENTED_EDGE('',*,*,#4861,.T.);
#6451=ORIENTED_EDGE('',*,*,#4862,.T.);
#6452=ORIENTED_EDGE('',*,*,#4554,.T.);
#6453=ORIENTED_EDGE('',*,*,#4860,.F.);
#6454=ORIENTED_EDGE('',*,*,#4863,.T.);
#6455=ORIENTED_EDGE('',*,*,#4857,.F.);
#6456=ORIENTED_EDGE('',*,*,#4551,.T.);
#6457=ORIENTED_EDGE('',*,*,#4854,.F.);
#6458=ORIENTED_EDGE('',*,*,#4864,.T.);
#6459=ORIENTED_EDGE('',*,*,#4579,.T.);
#6460=ORIENTED_EDGE('',*,*,#4556,.T.);
#6461=ORIENTED_EDGE('',*,*,#4865,.T.);
#6462=ORIENTED_EDGE('',*,*,#4866,.T.);
#6463=ORIENTED_EDGE('',*,*,#4865,.F.);
#6464=ORIENTED_EDGE('',*,*,#4555,.T.);
#6465=ORIENTED_EDGE('',*,*,#4862,.F.);
#6466=ORIENTED_EDGE('',*,*,#4867,.T.);
#6467=ORIENTED_EDGE('',*,*,#4868,.T.);
#6468=ORIENTED_EDGE('',*,*,#4685,.T.);
#6469=ORIENTED_EDGE('',*,*,#4869,.T.);
#6470=ORIENTED_EDGE('',*,*,#4870,.T.);
#6471=ORIENTED_EDGE('',*,*,#4870,.F.);
#6472=ORIENTED_EDGE('',*,*,#4871,.T.);
#6473=ORIENTED_EDGE('',*,*,#4872,.T.);
#6474=ORIENTED_EDGE('',*,*,#4873,.T.);
#6475=ORIENTED_EDGE('',*,*,#4529,.T.);
#6476=ORIENTED_EDGE('',*,*,#4874,.F.);
#6477=ORIENTED_EDGE('',*,*,#4770,.F.);
#6478=ORIENTED_EDGE('',*,*,#4875,.F.);
#6479=ORIENTED_EDGE('',*,*,#4871,.F.);
#6480=ORIENTED_EDGE('',*,*,#4869,.F.);
#6481=ORIENTED_EDGE('',*,*,#4688,.F.);
#6482=ORIENTED_EDGE('',*,*,#4876,.F.);
#6483=ORIENTED_EDGE('',*,*,#4877,.F.);
#6484=ORIENTED_EDGE('',*,*,#4878,.F.);
#6485=ORIENTED_EDGE('',*,*,#4879,.F.);
#6486=ORIENTED_EDGE('',*,*,#4880,.F.);
#6487=ORIENTED_EDGE('',*,*,#4881,.F.);
#6488=ORIENTED_EDGE('',*,*,#4882,.F.);
#6489=ORIENTED_EDGE('',*,*,#4883,.F.);
#6490=ORIENTED_EDGE('',*,*,#4582,.F.);
#6491=ORIENTED_EDGE('',*,*,#4508,.T.);
#6492=ORIENTED_EDGE('',*,*,#4513,.T.);
#6493=ORIENTED_EDGE('',*,*,#4581,.F.);
#6494=ORIENTED_EDGE('',*,*,#4884,.F.);
#6495=ORIENTED_EDGE('',*,*,#4885,.F.);
#6496=ORIENTED_EDGE('',*,*,#4886,.F.);
#6497=ORIENTED_EDGE('',*,*,#4887,.F.);
#6498=ORIENTED_EDGE('',*,*,#4888,.F.);
#6499=ORIENTED_EDGE('',*,*,#4889,.T.);
#6500=ORIENTED_EDGE('',*,*,#4890,.F.);
#6501=ORIENTED_EDGE('',*,*,#4891,.F.);
#6502=ORIENTED_EDGE('',*,*,#4892,.F.);
#6503=ORIENTED_EDGE('',*,*,#4893,.F.);
#6504=ORIENTED_EDGE('',*,*,#4894,.F.);
#6505=ORIENTED_EDGE('',*,*,#4895,.F.);
#6506=ORIENTED_EDGE('',*,*,#4896,.F.);
#6507=ORIENTED_EDGE('',*,*,#4897,.F.);
#6508=ORIENTED_EDGE('',*,*,#4577,.F.);
#6509=ORIENTED_EDGE('',*,*,#4898,.T.);
#6510=ORIENTED_EDGE('',*,*,#4876,.T.);
#6511=ORIENTED_EDGE('',*,*,#4687,.T.);
#6512=ORIENTED_EDGE('',*,*,#4899,.T.);
#6513=ORIENTED_EDGE('',*,*,#4900,.T.);
#6514=ORIENTED_EDGE('',*,*,#4900,.F.);
#6515=ORIENTED_EDGE('',*,*,#4901,.F.);
#6516=ORIENTED_EDGE('',*,*,#4902,.F.);
#6517=ORIENTED_EDGE('',*,*,#4903,.T.);
#6518=ORIENTED_EDGE('',*,*,#4904,.F.);
#6519=ORIENTED_EDGE('',*,*,#4637,.T.);
#6520=ORIENTED_EDGE('',*,*,#4905,.F.);
#6521=ORIENTED_EDGE('',*,*,#4906,.T.);
#6522=ORIENTED_EDGE('',*,*,#4462,.F.);
#6523=ORIENTED_EDGE('',*,*,#4907,.F.);
#6524=ORIENTED_EDGE('',*,*,#4908,.F.);
#6525=ORIENTED_EDGE('',*,*,#4877,.T.);
#6526=ORIENTED_EDGE('',*,*,#4868,.F.);
#6527=ORIENTED_EDGE('',*,*,#4873,.F.);
#6528=ORIENTED_EDGE('',*,*,#4909,.F.);
#6529=ORIENTED_EDGE('',*,*,#4768,.F.);
#6530=ORIENTED_EDGE('',*,*,#4910,.T.);
#6531=ORIENTED_EDGE('',*,*,#4901,.T.);
#6532=ORIENTED_EDGE('',*,*,#4899,.F.);
#6533=ORIENTED_EDGE('',*,*,#4686,.F.);
#6534=ORIENTED_EDGE('',*,*,#4835,.F.);
#6535=ORIENTED_EDGE('',*,*,#4578,.T.);
#6536=ORIENTED_EDGE('',*,*,#4897,.T.);
#6537=ORIENTED_EDGE('',*,*,#4911,.T.);
#6538=ORIENTED_EDGE('',*,*,#4528,.T.);
#6539=ORIENTED_EDGE('',*,*,#4534,.T.);
#6540=ORIENTED_EDGE('',*,*,#4833,.F.);
#6541=ORIENTED_EDGE('',*,*,#4826,.F.);
#6542=ORIENTED_EDGE('',*,*,#4771,.F.);
#6543=ORIENTED_EDGE('',*,*,#4874,.T.);
#6544=ORIENTED_EDGE('',*,*,#4845,.F.);
#6545=ORIENTED_EDGE('',*,*,#4912,.T.);
#6546=ORIENTED_EDGE('',*,*,#4893,.T.);
#6547=ORIENTED_EDGE('',*,*,#4913,.T.);
#6548=ORIENTED_EDGE('',*,*,#4496,.F.);
#6549=ORIENTED_EDGE('',*,*,#4913,.F.);
#6550=ORIENTED_EDGE('',*,*,#4892,.T.);
#6551=ORIENTED_EDGE('',*,*,#4914,.F.);
#6552=ORIENTED_EDGE('',*,*,#4847,.F.);
#6553=ORIENTED_EDGE('',*,*,#4914,.T.);
#6554=ORIENTED_EDGE('',*,*,#4891,.T.);
#6555=ORIENTED_EDGE('',*,*,#4915,.T.);
#6556=ORIENTED_EDGE('',*,*,#4858,.F.);
#6557=ORIENTED_EDGE('',*,*,#4916,.T.);
#6558=ORIENTED_EDGE('',*,*,#4887,.T.);
#6559=ORIENTED_EDGE('',*,*,#4917,.T.);
#6560=ORIENTED_EDGE('',*,*,#4861,.F.);
#6561=ORIENTED_EDGE('',*,*,#4917,.F.);
#6562=ORIENTED_EDGE('',*,*,#4886,.T.);
#6563=ORIENTED_EDGE('',*,*,#4918,.F.);
#6564=ORIENTED_EDGE('',*,*,#4863,.F.);
#6565=ORIENTED_EDGE('',*,*,#4918,.T.);
#6566=ORIENTED_EDGE('',*,*,#4885,.T.);
#6567=ORIENTED_EDGE('',*,*,#4919,.T.);
#6568=ORIENTED_EDGE('',*,*,#4920,.T.);
#6569=ORIENTED_EDGE('',*,*,#4921,.T.);
#6570=ORIENTED_EDGE('',*,*,#4880,.T.);
#6571=ORIENTED_EDGE('',*,*,#4922,.T.);
#6572=ORIENTED_EDGE('',*,*,#4922,.F.);
#6573=ORIENTED_EDGE('',*,*,#4879,.T.);
#6574=ORIENTED_EDGE('',*,*,#4923,.T.);
#6575=ORIENTED_EDGE('',*,*,#4924,.T.);
#6576=ORIENTED_EDGE('',*,*,#4925,.T.);
#6577=ORIENTED_EDGE('',*,*,#4583,.T.);
#6578=ORIENTED_EDGE('',*,*,#4883,.T.);
#6579=ORIENTED_EDGE('',*,*,#4926,.T.);
#6580=ORIENTED_EDGE('',*,*,#4927,.T.);
#6581=ORIENTED_EDGE('',*,*,#4928,.T.);
#6582=ORIENTED_EDGE('',*,*,#4929,.T.);
#6583=ORIENTED_EDGE('',*,*,#4920,.F.);
#6584=ORIENTED_EDGE('',*,*,#4924,.F.);
#6585=ORIENTED_EDGE('',*,*,#4930,.F.);
#6586=ORIENTED_EDGE('',*,*,#4907,.T.);
#6587=ORIENTED_EDGE('',*,*,#4461,.F.);
#6588=ORIENTED_EDGE('',*,*,#4931,.F.);
#6589=ORIENTED_EDGE('',*,*,#4584,.F.);
#6590=ORIENTED_EDGE('',*,*,#4925,.F.);
#6591=ORIENTED_EDGE('',*,*,#4932,.F.);
#6592=ORIENTED_EDGE('',*,*,#4933,.F.);
#6593=ORIENTED_EDGE('',*,*,#4934,.F.);
#6594=ORIENTED_EDGE('',*,*,#4935,.T.);
#6595=ORIENTED_EDGE('',*,*,#4936,.T.);
#6596=ORIENTED_EDGE('',*,*,#4937,.F.);
#6597=ORIENTED_EDGE('',*,*,#4938,.F.);
#6598=ORIENTED_EDGE('',*,*,#4928,.F.);
#6599=ORIENTED_EDGE('',*,*,#4939,.T.);
#6600=ORIENTED_EDGE('',*,*,#4935,.F.);
#6601=ORIENTED_EDGE('',*,*,#4807,.F.);
#6602=ORIENTED_EDGE('',*,*,#4940,.T.);
#6603=ORIENTED_EDGE('',*,*,#4645,.T.);
#6604=ORIENTED_EDGE('',*,*,#4941,.T.);
#6605=ORIENTED_EDGE('',*,*,#4804,.F.);
#6606=ORIENTED_EDGE('',*,*,#4942,.F.);
#6607=ORIENTED_EDGE('',*,*,#4646,.T.);
#6608=ORIENTED_EDGE('',*,*,#4940,.F.);
#6609=ORIENTED_EDGE('',*,*,#4818,.F.);
#6610=ORIENTED_EDGE('',*,*,#4796,.F.);
#6611=ORIENTED_EDGE('',*,*,#4943,.T.);
#6612=ORIENTED_EDGE('',*,*,#4649,.T.);
#6613=ORIENTED_EDGE('',*,*,#4944,.T.);
#6614=ORIENTED_EDGE('',*,*,#4501,.F.);
#6615=ORIENTED_EDGE('',*,*,#4945,.F.);
#6616=ORIENTED_EDGE('',*,*,#4650,.F.);
#6617=ORIENTED_EDGE('',*,*,#4943,.F.);
#6618=ORIENTED_EDGE('',*,*,#4794,.F.);
#6619=ORIENTED_EDGE('',*,*,#4946,.T.);
#6620=ORIENTED_EDGE('',*,*,#4651,.T.);
#6621=ORIENTED_EDGE('',*,*,#4945,.T.);
#6622=ORIENTED_EDGE('',*,*,#4791,.F.);
#6623=ORIENTED_EDGE('',*,*,#4947,.T.);
#6624=ORIENTED_EDGE('',*,*,#4652,.T.);
#6625=ORIENTED_EDGE('',*,*,#4946,.F.);
#6626=ORIENTED_EDGE('',*,*,#4797,.F.);
#6627=ORIENTED_EDGE('',*,*,#4783,.F.);
#6628=ORIENTED_EDGE('',*,*,#4948,.T.);
#6629=ORIENTED_EDGE('',*,*,#4655,.T.);
#6630=ORIENTED_EDGE('',*,*,#4949,.T.);
#6631=ORIENTED_EDGE('',*,*,#4781,.F.);
#6632=ORIENTED_EDGE('',*,*,#4950,.F.);
#6633=ORIENTED_EDGE('',*,*,#4656,.F.);
#6634=ORIENTED_EDGE('',*,*,#4948,.F.);
#6635=ORIENTED_EDGE('',*,*,#4778,.F.);
#6636=ORIENTED_EDGE('',*,*,#4951,.T.);
#6637=ORIENTED_EDGE('',*,*,#4657,.T.);
#6638=ORIENTED_EDGE('',*,*,#4950,.T.);
#6639=ORIENTED_EDGE('',*,*,#4640,.T.);
#6640=ORIENTED_EDGE('',*,*,#4674,.T.);
#6641=ORIENTED_EDGE('',*,*,#4952,.T.);
#6642=ORIENTED_EDGE('',*,*,#4953,.T.);
#6643=ORIENTED_EDGE('',*,*,#4952,.F.);
#6644=ORIENTED_EDGE('',*,*,#4676,.F.);
#6645=ORIENTED_EDGE('',*,*,#4954,.F.);
#6646=ORIENTED_EDGE('',*,*,#4903,.F.);
#6647=ORIENTED_EDGE('',*,*,#4955,.F.);
#6648=ORIENTED_EDGE('',*,*,#4766,.F.);
#6649=ORIENTED_EDGE('',*,*,#4956,.F.);
#6650=ORIENTED_EDGE('',*,*,#4957,.F.);
#6651=ORIENTED_EDGE('',*,*,#4638,.T.);
#6652=ORIENTED_EDGE('',*,*,#4904,.T.);
#6653=ORIENTED_EDGE('',*,*,#4954,.T.);
#6654=ORIENTED_EDGE('',*,*,#4675,.T.);
#6655=ORIENTED_EDGE('',*,*,#4632,.T.);
#6656=ORIENTED_EDGE('',*,*,#4958,.T.);
#6657=ORIENTED_EDGE('',*,*,#4959,.T.);
#6658=ORIENTED_EDGE('',*,*,#4960,.T.);
#6659=ORIENTED_EDGE('',*,*,#4961,.T.);
#6660=ORIENTED_EDGE('',*,*,#4962,.T.);
#6661=ORIENTED_EDGE('',*,*,#4963,.T.);
#6662=ORIENTED_EDGE('',*,*,#4522,.T.);
#6663=ORIENTED_EDGE('',*,*,#4964,.T.);
#6664=ORIENTED_EDGE('',*,*,#4965,.F.);
#6665=ORIENTED_EDGE('',*,*,#4966,.T.);
#6666=ORIENTED_EDGE('',*,*,#4967,.T.);
#6667=ORIENTED_EDGE('',*,*,#4968,.T.);
#6668=ORIENTED_EDGE('',*,*,#4958,.F.);
#6669=ORIENTED_EDGE('',*,*,#4631,.T.);
#6670=ORIENTED_EDGE('',*,*,#4521,.T.);
#6671=ORIENTED_EDGE('',*,*,#4969,.T.);
#6672=ORIENTED_EDGE('',*,*,#4970,.T.);
#6673=ORIENTED_EDGE('',*,*,#4971,.F.);
#6674=ORIENTED_EDGE('',*,*,#4972,.F.);
#6675=ORIENTED_EDGE('',*,*,#4964,.F.);
#6676=ORIENTED_EDGE('',*,*,#4962,.F.);
#6677=ORIENTED_EDGE('',*,*,#4973,.T.);
#6678=ORIENTED_EDGE('',*,*,#4974,.T.);
#6679=ORIENTED_EDGE('',*,*,#4975,.F.);
#6680=ORIENTED_EDGE('',*,*,#4976,.F.);
#6681=ORIENTED_EDGE('',*,*,#4972,.T.);
#6682=ORIENTED_EDGE('',*,*,#4977,.F.);
#6683=ORIENTED_EDGE('',*,*,#4978,.T.);
#6684=ORIENTED_EDGE('',*,*,#4965,.T.);
#6685=ORIENTED_EDGE('',*,*,#4740,.F.);
#6686=ORIENTED_EDGE('',*,*,#4979,.T.);
#6687=ORIENTED_EDGE('',*,*,#4980,.T.);
#6688=ORIENTED_EDGE('',*,*,#4981,.T.);
#6689=ORIENTED_EDGE('',*,*,#4739,.F.);
#6690=ORIENTED_EDGE('',*,*,#4982,.F.);
#6691=ORIENTED_EDGE('',*,*,#4816,.F.);
#6692=ORIENTED_EDGE('',*,*,#4773,.F.);
#6693=ORIENTED_EDGE('',*,*,#4711,.F.);
#6694=ORIENTED_EDGE('',*,*,#4983,.F.);
#6695=ORIENTED_EDGE('',*,*,#4984,.T.);
#6696=ORIENTED_EDGE('',*,*,#4979,.F.);
#6697=ORIENTED_EDGE('',*,*,#4985,.T.);
#6698=ORIENTED_EDGE('',*,*,#4986,.T.);
#6699=ORIENTED_EDGE('',*,*,#4987,.T.);
#6700=ORIENTED_EDGE('',*,*,#4988,.T.);
#6701=ORIENTED_EDGE('',*,*,#4989,.T.);
#6702=ORIENTED_EDGE('',*,*,#4990,.T.);
#6703=ORIENTED_EDGE('',*,*,#4991,.T.);
#6704=ORIENTED_EDGE('',*,*,#4992,.T.);
#6705=ORIENTED_EDGE('',*,*,#4993,.T.);
#6706=ORIENTED_EDGE('',*,*,#4994,.T.);
#6707=ORIENTED_EDGE('',*,*,#4995,.T.);
#6708=ORIENTED_EDGE('',*,*,#4996,.T.);
#6709=ORIENTED_EDGE('',*,*,#4997,.T.);
#6710=ORIENTED_EDGE('',*,*,#4998,.T.);
#6711=ORIENTED_EDGE('',*,*,#4999,.T.);
#6712=ORIENTED_EDGE('',*,*,#5000,.T.);
#6713=ORIENTED_EDGE('',*,*,#5001,.T.);
#6714=ORIENTED_EDGE('',*,*,#5002,.T.);
#6715=ORIENTED_EDGE('',*,*,#5003,.T.);
#6716=ORIENTED_EDGE('',*,*,#5004,.T.);
#6717=ORIENTED_EDGE('',*,*,#5005,.T.);
#6718=ORIENTED_EDGE('',*,*,#5006,.T.);
#6719=ORIENTED_EDGE('',*,*,#5007,.T.);
#6720=ORIENTED_EDGE('',*,*,#5008,.T.);
#6721=ORIENTED_EDGE('',*,*,#5009,.T.);
#6722=ORIENTED_EDGE('',*,*,#5010,.T.);
#6723=ORIENTED_EDGE('',*,*,#5011,.T.);
#6724=ORIENTED_EDGE('',*,*,#5012,.T.);
#6725=ORIENTED_EDGE('',*,*,#5013,.T.);
#6726=ORIENTED_EDGE('',*,*,#5014,.T.);
#6727=ORIENTED_EDGE('',*,*,#5015,.T.);
#6728=ORIENTED_EDGE('',*,*,#5016,.T.);
#6729=ORIENTED_EDGE('',*,*,#5017,.T.);
#6730=ORIENTED_EDGE('',*,*,#5018,.T.);
#6731=ORIENTED_EDGE('',*,*,#5019,.T.);
#6732=ORIENTED_EDGE('',*,*,#5020,.T.);
#6733=ORIENTED_EDGE('',*,*,#5021,.T.);
#6734=ORIENTED_EDGE('',*,*,#5022,.T.);
#6735=ORIENTED_EDGE('',*,*,#5023,.T.);
#6736=ORIENTED_EDGE('',*,*,#5024,.T.);
#6737=ORIENTED_EDGE('',*,*,#5025,.T.);
#6738=ORIENTED_EDGE('',*,*,#5026,.T.);
#6739=ORIENTED_EDGE('',*,*,#5027,.T.);
#6740=ORIENTED_EDGE('',*,*,#5028,.T.);
#6741=ORIENTED_EDGE('',*,*,#5029,.T.);
#6742=ORIENTED_EDGE('',*,*,#5030,.T.);
#6743=ORIENTED_EDGE('',*,*,#5031,.T.);
#6744=ORIENTED_EDGE('',*,*,#5032,.T.);
#6745=ORIENTED_EDGE('',*,*,#5033,.T.);
#6746=ORIENTED_EDGE('',*,*,#5034,.T.);
#6747=ORIENTED_EDGE('',*,*,#5035,.T.);
#6748=ORIENTED_EDGE('',*,*,#5036,.T.);
#6749=ORIENTED_EDGE('',*,*,#5037,.T.);
#6750=ORIENTED_EDGE('',*,*,#5038,.T.);
#6751=ORIENTED_EDGE('',*,*,#5039,.T.);
#6752=ORIENTED_EDGE('',*,*,#5040,.T.);
#6753=ORIENTED_EDGE('',*,*,#5041,.T.);
#6754=ORIENTED_EDGE('',*,*,#5042,.T.);
#6755=ORIENTED_EDGE('',*,*,#5043,.T.);
#6756=ORIENTED_EDGE('',*,*,#5044,.T.);
#6757=ORIENTED_EDGE('',*,*,#5045,.T.);
#6758=ORIENTED_EDGE('',*,*,#5046,.T.);
#6759=ORIENTED_EDGE('',*,*,#5047,.T.);
#6760=ORIENTED_EDGE('',*,*,#5048,.T.);
#6761=ORIENTED_EDGE('',*,*,#5049,.T.);
#6762=ORIENTED_EDGE('',*,*,#5050,.T.);
#6763=ORIENTED_EDGE('',*,*,#5051,.T.);
#6764=ORIENTED_EDGE('',*,*,#5052,.T.);
#6765=ORIENTED_EDGE('',*,*,#5053,.T.);
#6766=ORIENTED_EDGE('',*,*,#5054,.T.);
#6767=ORIENTED_EDGE('',*,*,#5055,.T.);
#6768=ORIENTED_EDGE('',*,*,#5056,.T.);
#6769=ORIENTED_EDGE('',*,*,#5057,.T.);
#6770=ORIENTED_EDGE('',*,*,#5058,.T.);
#6771=ORIENTED_EDGE('',*,*,#5059,.T.);
#6772=ORIENTED_EDGE('',*,*,#5060,.T.);
#6773=ORIENTED_EDGE('',*,*,#5061,.T.);
#6774=ORIENTED_EDGE('',*,*,#5062,.T.);
#6775=ORIENTED_EDGE('',*,*,#5063,.T.);
#6776=ORIENTED_EDGE('',*,*,#5064,.T.);
#6777=ORIENTED_EDGE('',*,*,#5065,.T.);
#6778=ORIENTED_EDGE('',*,*,#5066,.T.);
#6779=ORIENTED_EDGE('',*,*,#4748,.F.);
#6780=ORIENTED_EDGE('',*,*,#5067,.T.);
#6781=ORIENTED_EDGE('',*,*,#5068,.T.);
#6782=ORIENTED_EDGE('',*,*,#4983,.T.);
#6783=ORIENTED_EDGE('',*,*,#4747,.F.);
#6784=ORIENTED_EDGE('',*,*,#5069,.T.);
#6785=ORIENTED_EDGE('',*,*,#5070,.F.);
#6786=ORIENTED_EDGE('',*,*,#5067,.F.);
#6787=ORIENTED_EDGE('',*,*,#4731,.F.);
#6788=ORIENTED_EDGE('',*,*,#4751,.F.);
#6789=ORIENTED_EDGE('',*,*,#5071,.T.);
#6790=ORIENTED_EDGE('',*,*,#4758,.F.);
#6791=ORIENTED_EDGE('',*,*,#4719,.F.);
#6792=ORIENTED_EDGE('',*,*,#4762,.F.);
#6793=ORIENTED_EDGE('',*,*,#4830,.F.);
#6794=ORIENTED_EDGE('',*,*,#5072,.F.);
#6795=ORIENTED_EDGE('',*,*,#5073,.T.);
#6796=ORIENTED_EDGE('',*,*,#5074,.T.);
#6797=ORIENTED_EDGE('',*,*,#5075,.T.);
#6798=ORIENTED_EDGE('',*,*,#5076,.T.);
#6799=ORIENTED_EDGE('',*,*,#5077,.T.);
#6800=ORIENTED_EDGE('',*,*,#5078,.T.);
#6801=ORIENTED_EDGE('',*,*,#5079,.T.);
#6802=ORIENTED_EDGE('',*,*,#5080,.T.);
#6803=ORIENTED_EDGE('',*,*,#5081,.T.);
#6804=ORIENTED_EDGE('',*,*,#5082,.T.);
#6805=ORIENTED_EDGE('',*,*,#5083,.T.);
#6806=ORIENTED_EDGE('',*,*,#5084,.T.);
#6807=ORIENTED_EDGE('',*,*,#5085,.T.);
#6808=ORIENTED_EDGE('',*,*,#5086,.T.);
#6809=ORIENTED_EDGE('',*,*,#5087,.T.);
#6810=ORIENTED_EDGE('',*,*,#5088,.T.);
#6811=ORIENTED_EDGE('',*,*,#5089,.T.);
#6812=ORIENTED_EDGE('',*,*,#5090,.T.);
#6813=ORIENTED_EDGE('',*,*,#5091,.T.);
#6814=ORIENTED_EDGE('',*,*,#5092,.T.);
#6815=ORIENTED_EDGE('',*,*,#5093,.T.);
#6816=ORIENTED_EDGE('',*,*,#5094,.T.);
#6817=ORIENTED_EDGE('',*,*,#5095,.T.);
#6818=ORIENTED_EDGE('',*,*,#5096,.T.);
#6819=ORIENTED_EDGE('',*,*,#5097,.T.);
#6820=ORIENTED_EDGE('',*,*,#5098,.T.);
#6821=ORIENTED_EDGE('',*,*,#5099,.T.);
#6822=ORIENTED_EDGE('',*,*,#5100,.T.);
#6823=ORIENTED_EDGE('',*,*,#5101,.T.);
#6824=ORIENTED_EDGE('',*,*,#5102,.T.);
#6825=ORIENTED_EDGE('',*,*,#5103,.T.);
#6826=ORIENTED_EDGE('',*,*,#5104,.T.);
#6827=ORIENTED_EDGE('',*,*,#5105,.T.);
#6828=ORIENTED_EDGE('',*,*,#5106,.T.);
#6829=ORIENTED_EDGE('',*,*,#5107,.T.);
#6830=ORIENTED_EDGE('',*,*,#5108,.T.);
#6831=ORIENTED_EDGE('',*,*,#5109,.T.);
#6832=ORIENTED_EDGE('',*,*,#5110,.T.);
#6833=ORIENTED_EDGE('',*,*,#5111,.T.);
#6834=ORIENTED_EDGE('',*,*,#5112,.T.);
#6835=ORIENTED_EDGE('',*,*,#5113,.T.);
#6836=ORIENTED_EDGE('',*,*,#5114,.T.);
#6837=ORIENTED_EDGE('',*,*,#5115,.T.);
#6838=ORIENTED_EDGE('',*,*,#5116,.T.);
#6839=ORIENTED_EDGE('',*,*,#5117,.T.);
#6840=ORIENTED_EDGE('',*,*,#5118,.T.);
#6841=ORIENTED_EDGE('',*,*,#5119,.T.);
#6842=ORIENTED_EDGE('',*,*,#5120,.T.);
#6843=ORIENTED_EDGE('',*,*,#5121,.T.);
#6844=ORIENTED_EDGE('',*,*,#5122,.T.);
#6845=ORIENTED_EDGE('',*,*,#5123,.T.);
#6846=ORIENTED_EDGE('',*,*,#5124,.T.);
#6847=ORIENTED_EDGE('',*,*,#5125,.T.);
#6848=ORIENTED_EDGE('',*,*,#5126,.T.);
#6849=ORIENTED_EDGE('',*,*,#5127,.T.);
#6850=ORIENTED_EDGE('',*,*,#5128,.T.);
#6851=ORIENTED_EDGE('',*,*,#5129,.T.);
#6852=ORIENTED_EDGE('',*,*,#5130,.T.);
#6853=ORIENTED_EDGE('',*,*,#5131,.T.);
#6854=ORIENTED_EDGE('',*,*,#5132,.T.);
#6855=ORIENTED_EDGE('',*,*,#5133,.T.);
#6856=ORIENTED_EDGE('',*,*,#5134,.T.);
#6857=ORIENTED_EDGE('',*,*,#5135,.T.);
#6858=ORIENTED_EDGE('',*,*,#5136,.T.);
#6859=ORIENTED_EDGE('',*,*,#5137,.T.);
#6860=ORIENTED_EDGE('',*,*,#5138,.T.);
#6861=ORIENTED_EDGE('',*,*,#5139,.T.);
#6862=ORIENTED_EDGE('',*,*,#5140,.T.);
#6863=ORIENTED_EDGE('',*,*,#5141,.T.);
#6864=ORIENTED_EDGE('',*,*,#5142,.T.);
#6865=ORIENTED_EDGE('',*,*,#5143,.T.);
#6866=ORIENTED_EDGE('',*,*,#5144,.T.);
#6867=ORIENTED_EDGE('',*,*,#5145,.T.);
#6868=ORIENTED_EDGE('',*,*,#5146,.T.);
#6869=ORIENTED_EDGE('',*,*,#5147,.T.);
#6870=ORIENTED_EDGE('',*,*,#5148,.T.);
#6871=ORIENTED_EDGE('',*,*,#5149,.T.);
#6872=ORIENTED_EDGE('',*,*,#5150,.T.);
#6873=ORIENTED_EDGE('',*,*,#5151,.T.);
#6874=ORIENTED_EDGE('',*,*,#5152,.T.);
#6875=ORIENTED_EDGE('',*,*,#5153,.T.);
#6876=ORIENTED_EDGE('',*,*,#5154,.T.);
#6877=ORIENTED_EDGE('',*,*,#5155,.T.);
#6878=ORIENTED_EDGE('',*,*,#5156,.T.);
#6879=ORIENTED_EDGE('',*,*,#5157,.T.);
#6880=ORIENTED_EDGE('',*,*,#5158,.T.);
#6881=ORIENTED_EDGE('',*,*,#5159,.T.);
#6882=ORIENTED_EDGE('',*,*,#5160,.T.);
#6883=ORIENTED_EDGE('',*,*,#5161,.T.);
#6884=ORIENTED_EDGE('',*,*,#5162,.T.);
#6885=ORIENTED_EDGE('',*,*,#5163,.T.);
#6886=ORIENTED_EDGE('',*,*,#5164,.T.);
#6887=ORIENTED_EDGE('',*,*,#5165,.T.);
#6888=ORIENTED_EDGE('',*,*,#5166,.T.);
#6889=ORIENTED_EDGE('',*,*,#5167,.T.);
#6890=ORIENTED_EDGE('',*,*,#5168,.T.);
#6891=ORIENTED_EDGE('',*,*,#5169,.T.);
#6892=ORIENTED_EDGE('',*,*,#5170,.T.);
#6893=ORIENTED_EDGE('',*,*,#5171,.T.);
#6894=ORIENTED_EDGE('',*,*,#5172,.T.);
#6895=ORIENTED_EDGE('',*,*,#5173,.T.);
#6896=ORIENTED_EDGE('',*,*,#5174,.T.);
#6897=ORIENTED_EDGE('',*,*,#5175,.T.);
#6898=ORIENTED_EDGE('',*,*,#5176,.T.);
#6899=ORIENTED_EDGE('',*,*,#5177,.T.);
#6900=ORIENTED_EDGE('',*,*,#5178,.T.);
#6901=ORIENTED_EDGE('',*,*,#5179,.T.);
#6902=ORIENTED_EDGE('',*,*,#5180,.T.);
#6903=ORIENTED_EDGE('',*,*,#5181,.T.);
#6904=ORIENTED_EDGE('',*,*,#5182,.T.);
#6905=ORIENTED_EDGE('',*,*,#5183,.T.);
#6906=ORIENTED_EDGE('',*,*,#5184,.T.);
#6907=ORIENTED_EDGE('',*,*,#5185,.T.);
#6908=ORIENTED_EDGE('',*,*,#5186,.T.);
#6909=ORIENTED_EDGE('',*,*,#5187,.T.);
#6910=ORIENTED_EDGE('',*,*,#5188,.T.);
#6911=ORIENTED_EDGE('',*,*,#5189,.T.);
#6912=ORIENTED_EDGE('',*,*,#5190,.T.);
#6913=ORIENTED_EDGE('',*,*,#5191,.T.);
#6914=ORIENTED_EDGE('',*,*,#5192,.T.);
#6915=ORIENTED_EDGE('',*,*,#5193,.T.);
#6916=ORIENTED_EDGE('',*,*,#5194,.T.);
#6917=ORIENTED_EDGE('',*,*,#4591,.T.);
#6918=ORIENTED_EDGE('',*,*,#5195,.T.);
#6919=ORIENTED_EDGE('',*,*,#5196,.T.);
#6920=ORIENTED_EDGE('',*,*,#5197,.T.);
#6921=ORIENTED_EDGE('',*,*,#5195,.F.);
#6922=ORIENTED_EDGE('',*,*,#4590,.T.);
#6923=ORIENTED_EDGE('',*,*,#5198,.F.);
#6924=ORIENTED_EDGE('',*,*,#5199,.T.);
#6925=ORIENTED_EDGE('',*,*,#4589,.T.);
#6926=ORIENTED_EDGE('',*,*,#4587,.T.);
#6927=ORIENTED_EDGE('',*,*,#5200,.T.);
#6928=ORIENTED_EDGE('',*,*,#5198,.T.);
#6929=ORIENTED_EDGE('',*,*,#4736,.F.);
#6930=ORIENTED_EDGE('',*,*,#4824,.T.);
#6931=ORIENTED_EDGE('',*,*,#4814,.F.);
#6932=ORIENTED_EDGE('',*,*,#4982,.T.);
#6933=ORIENTED_EDGE('',*,*,#4732,.F.);
#6934=ORIENTED_EDGE('',*,*,#5072,.T.);
#6935=ORIENTED_EDGE('',*,*,#4832,.F.);
#6936=ORIENTED_EDGE('',*,*,#4822,.T.);
#6937=ORIENTED_EDGE('',*,*,#5201,.F.);
#6938=ORIENTED_EDGE('',*,*,#5202,.F.);
#6939=ORIENTED_EDGE('',*,*,#5203,.F.);
#6940=ORIENTED_EDGE('',*,*,#5204,.F.);
#6941=ORIENTED_EDGE('',*,*,#5205,.F.);
#6942=ORIENTED_EDGE('',*,*,#5206,.F.);
#6943=ORIENTED_EDGE('',*,*,#5207,.F.);
#6944=ORIENTED_EDGE('',*,*,#5208,.F.);
#6945=ORIENTED_EDGE('',*,*,#5209,.F.);
#6946=ORIENTED_EDGE('',*,*,#5210,.F.);
#6947=ORIENTED_EDGE('',*,*,#5211,.F.);
#6948=ORIENTED_EDGE('',*,*,#5212,.F.);
#6949=ORIENTED_EDGE('',*,*,#5213,.F.);
#6950=ORIENTED_EDGE('',*,*,#5214,.F.);
#6951=ORIENTED_EDGE('',*,*,#5215,.F.);
#6952=ORIENTED_EDGE('',*,*,#5216,.F.);
#6953=ORIENTED_EDGE('',*,*,#5217,.F.);
#6954=ORIENTED_EDGE('',*,*,#5218,.F.);
#6955=ORIENTED_EDGE('',*,*,#5219,.F.);
#6956=ORIENTED_EDGE('',*,*,#5220,.F.);
#6957=ORIENTED_EDGE('',*,*,#5221,.F.);
#6958=ORIENTED_EDGE('',*,*,#5222,.F.);
#6959=ORIENTED_EDGE('',*,*,#5201,.T.);
#6960=ORIENTED_EDGE('',*,*,#5223,.T.);
#6961=ORIENTED_EDGE('',*,*,#5073,.F.);
#6962=ORIENTED_EDGE('',*,*,#5224,.F.);
#6963=ORIENTED_EDGE('',*,*,#5202,.T.);
#6964=ORIENTED_EDGE('',*,*,#5224,.T.);
#6965=ORIENTED_EDGE('',*,*,#5094,.F.);
#6966=ORIENTED_EDGE('',*,*,#5225,.F.);
#6967=ORIENTED_EDGE('',*,*,#5203,.T.);
#6968=ORIENTED_EDGE('',*,*,#5225,.T.);
#6969=ORIENTED_EDGE('',*,*,#5093,.F.);
#6970=ORIENTED_EDGE('',*,*,#5226,.F.);
#6971=ORIENTED_EDGE('',*,*,#5204,.T.);
#6972=ORIENTED_EDGE('',*,*,#5226,.T.);
#6973=ORIENTED_EDGE('',*,*,#5092,.F.);
#6974=ORIENTED_EDGE('',*,*,#5227,.F.);
#6975=ORIENTED_EDGE('',*,*,#5205,.T.);
#6976=ORIENTED_EDGE('',*,*,#5227,.T.);
#6977=ORIENTED_EDGE('',*,*,#5091,.F.);
#6978=ORIENTED_EDGE('',*,*,#5228,.F.);
#6979=ORIENTED_EDGE('',*,*,#5206,.T.);
#6980=ORIENTED_EDGE('',*,*,#5228,.T.);
#6981=ORIENTED_EDGE('',*,*,#5090,.F.);
#6982=ORIENTED_EDGE('',*,*,#5229,.F.);
#6983=ORIENTED_EDGE('',*,*,#5207,.T.);
#6984=ORIENTED_EDGE('',*,*,#5229,.T.);
#6985=ORIENTED_EDGE('',*,*,#5089,.F.);
#6986=ORIENTED_EDGE('',*,*,#5230,.F.);
#6987=ORIENTED_EDGE('',*,*,#5208,.T.);
#6988=ORIENTED_EDGE('',*,*,#5230,.T.);
#6989=ORIENTED_EDGE('',*,*,#5088,.F.);
#6990=ORIENTED_EDGE('',*,*,#5231,.F.);
#6991=ORIENTED_EDGE('',*,*,#5209,.T.);
#6992=ORIENTED_EDGE('',*,*,#5231,.T.);
#6993=ORIENTED_EDGE('',*,*,#5087,.F.);
#6994=ORIENTED_EDGE('',*,*,#5232,.F.);
#6995=ORIENTED_EDGE('',*,*,#5210,.T.);
#6996=ORIENTED_EDGE('',*,*,#5232,.T.);
#6997=ORIENTED_EDGE('',*,*,#5086,.F.);
#6998=ORIENTED_EDGE('',*,*,#5233,.F.);
#6999=ORIENTED_EDGE('',*,*,#5211,.T.);
#7000=ORIENTED_EDGE('',*,*,#5233,.T.);
#7001=ORIENTED_EDGE('',*,*,#5085,.F.);
#7002=ORIENTED_EDGE('',*,*,#5234,.F.);
#7003=ORIENTED_EDGE('',*,*,#5212,.T.);
#7004=ORIENTED_EDGE('',*,*,#5234,.T.);
#7005=ORIENTED_EDGE('',*,*,#5084,.F.);
#7006=ORIENTED_EDGE('',*,*,#5235,.F.);
#7007=ORIENTED_EDGE('',*,*,#5213,.T.);
#7008=ORIENTED_EDGE('',*,*,#5235,.T.);
#7009=ORIENTED_EDGE('',*,*,#5083,.F.);
#7010=ORIENTED_EDGE('',*,*,#5236,.F.);
#7011=ORIENTED_EDGE('',*,*,#5214,.T.);
#7012=ORIENTED_EDGE('',*,*,#5236,.T.);
#7013=ORIENTED_EDGE('',*,*,#5082,.F.);
#7014=ORIENTED_EDGE('',*,*,#5237,.F.);
#7015=ORIENTED_EDGE('',*,*,#5215,.T.);
#7016=ORIENTED_EDGE('',*,*,#5237,.T.);
#7017=ORIENTED_EDGE('',*,*,#5081,.F.);
#7018=ORIENTED_EDGE('',*,*,#5238,.F.);
#7019=ORIENTED_EDGE('',*,*,#5216,.T.);
#7020=ORIENTED_EDGE('',*,*,#5238,.T.);
#7021=ORIENTED_EDGE('',*,*,#5080,.F.);
#7022=ORIENTED_EDGE('',*,*,#5239,.F.);
#7023=ORIENTED_EDGE('',*,*,#5217,.T.);
#7024=ORIENTED_EDGE('',*,*,#5239,.T.);
#7025=ORIENTED_EDGE('',*,*,#5079,.F.);
#7026=ORIENTED_EDGE('',*,*,#5240,.F.);
#7027=ORIENTED_EDGE('',*,*,#5218,.T.);
#7028=ORIENTED_EDGE('',*,*,#5240,.T.);
#7029=ORIENTED_EDGE('',*,*,#5078,.F.);
#7030=ORIENTED_EDGE('',*,*,#5241,.F.);
#7031=ORIENTED_EDGE('',*,*,#5219,.T.);
#7032=ORIENTED_EDGE('',*,*,#5241,.T.);
#7033=ORIENTED_EDGE('',*,*,#5077,.F.);
#7034=ORIENTED_EDGE('',*,*,#5242,.F.);
#7035=ORIENTED_EDGE('',*,*,#5220,.T.);
#7036=ORIENTED_EDGE('',*,*,#5242,.T.);
#7037=ORIENTED_EDGE('',*,*,#5076,.F.);
#7038=ORIENTED_EDGE('',*,*,#5243,.F.);
#7039=ORIENTED_EDGE('',*,*,#5221,.T.);
#7040=ORIENTED_EDGE('',*,*,#5243,.T.);
#7041=ORIENTED_EDGE('',*,*,#5075,.F.);
#7042=ORIENTED_EDGE('',*,*,#5244,.F.);
#7043=ORIENTED_EDGE('',*,*,#5222,.T.);
#7044=ORIENTED_EDGE('',*,*,#5244,.T.);
#7045=ORIENTED_EDGE('',*,*,#5074,.F.);
#7046=ORIENTED_EDGE('',*,*,#5223,.F.);
#7047=ORIENTED_EDGE('',*,*,#5245,.T.);
#7048=ORIENTED_EDGE('',*,*,#5246,.T.);
#7049=ORIENTED_EDGE('',*,*,#5247,.F.);
#7050=ORIENTED_EDGE('',*,*,#5248,.F.);
#7051=ORIENTED_EDGE('',*,*,#5249,.T.);
#7052=ORIENTED_EDGE('',*,*,#5250,.T.);
#7053=ORIENTED_EDGE('',*,*,#5251,.F.);
#7054=ORIENTED_EDGE('',*,*,#5246,.F.);
#7055=ORIENTED_EDGE('',*,*,#5252,.T.);
#7056=ORIENTED_EDGE('',*,*,#5253,.T.);
#7057=ORIENTED_EDGE('',*,*,#5254,.F.);
#7058=ORIENTED_EDGE('',*,*,#5250,.F.);
#7059=ORIENTED_EDGE('',*,*,#5255,.T.);
#7060=ORIENTED_EDGE('',*,*,#5248,.T.);
#7061=ORIENTED_EDGE('',*,*,#5256,.F.);
#7062=ORIENTED_EDGE('',*,*,#5253,.F.);
#7063=ORIENTED_EDGE('',*,*,#5257,.F.);
#7064=ORIENTED_EDGE('',*,*,#5258,.F.);
#7065=ORIENTED_EDGE('',*,*,#5259,.F.);
#7066=ORIENTED_EDGE('',*,*,#5260,.F.);
#7067=ORIENTED_EDGE('',*,*,#5261,.F.);
#7068=ORIENTED_EDGE('',*,*,#5262,.F.);
#7069=ORIENTED_EDGE('',*,*,#5263,.F.);
#7070=ORIENTED_EDGE('',*,*,#5264,.F.);
#7071=ORIENTED_EDGE('',*,*,#5245,.F.);
#7072=ORIENTED_EDGE('',*,*,#5255,.F.);
#7073=ORIENTED_EDGE('',*,*,#5252,.F.);
#7074=ORIENTED_EDGE('',*,*,#5249,.F.);
#7075=ORIENTED_EDGE('',*,*,#5257,.T.);
#7076=ORIENTED_EDGE('',*,*,#5265,.T.);
#7077=ORIENTED_EDGE('',*,*,#5095,.F.);
#7078=ORIENTED_EDGE('',*,*,#5266,.F.);
#7079=ORIENTED_EDGE('',*,*,#5258,.T.);
#7080=ORIENTED_EDGE('',*,*,#5266,.T.);
#7081=ORIENTED_EDGE('',*,*,#5102,.F.);
#7082=ORIENTED_EDGE('',*,*,#5267,.F.);
#7083=ORIENTED_EDGE('',*,*,#5259,.T.);
#7084=ORIENTED_EDGE('',*,*,#5267,.T.);
#7085=ORIENTED_EDGE('',*,*,#5101,.F.);
#7086=ORIENTED_EDGE('',*,*,#5268,.F.);
#7087=ORIENTED_EDGE('',*,*,#5260,.T.);
#7088=ORIENTED_EDGE('',*,*,#5268,.T.);
#7089=ORIENTED_EDGE('',*,*,#5100,.F.);
#7090=ORIENTED_EDGE('',*,*,#5269,.F.);
#7091=ORIENTED_EDGE('',*,*,#5261,.T.);
#7092=ORIENTED_EDGE('',*,*,#5269,.T.);
#7093=ORIENTED_EDGE('',*,*,#5099,.F.);
#7094=ORIENTED_EDGE('',*,*,#5270,.F.);
#7095=ORIENTED_EDGE('',*,*,#5262,.T.);
#7096=ORIENTED_EDGE('',*,*,#5270,.T.);
#7097=ORIENTED_EDGE('',*,*,#5098,.F.);
#7098=ORIENTED_EDGE('',*,*,#5271,.F.);
#7099=ORIENTED_EDGE('',*,*,#5263,.T.);
#7100=ORIENTED_EDGE('',*,*,#5271,.T.);
#7101=ORIENTED_EDGE('',*,*,#5097,.F.);
#7102=ORIENTED_EDGE('',*,*,#5272,.F.);
#7103=ORIENTED_EDGE('',*,*,#5264,.T.);
#7104=ORIENTED_EDGE('',*,*,#5272,.T.);
#7105=ORIENTED_EDGE('',*,*,#5096,.F.);
#7106=ORIENTED_EDGE('',*,*,#5265,.F.);
#7107=ORIENTED_EDGE('',*,*,#5273,.T.);
#7108=ORIENTED_EDGE('',*,*,#5274,.T.);
#7109=ORIENTED_EDGE('',*,*,#5275,.F.);
#7110=ORIENTED_EDGE('',*,*,#5276,.F.);
#7111=ORIENTED_EDGE('',*,*,#5277,.T.);
#7112=ORIENTED_EDGE('',*,*,#5278,.T.);
#7113=ORIENTED_EDGE('',*,*,#5279,.F.);
#7114=ORIENTED_EDGE('',*,*,#5274,.F.);
#7115=ORIENTED_EDGE('',*,*,#5280,.T.);
#7116=ORIENTED_EDGE('',*,*,#5281,.T.);
#7117=ORIENTED_EDGE('',*,*,#5282,.F.);
#7118=ORIENTED_EDGE('',*,*,#5278,.F.);
#7119=ORIENTED_EDGE('',*,*,#5283,.T.);
#7120=ORIENTED_EDGE('',*,*,#5276,.T.);
#7121=ORIENTED_EDGE('',*,*,#5284,.F.);
#7122=ORIENTED_EDGE('',*,*,#5281,.F.);
#7123=ORIENTED_EDGE('',*,*,#5285,.F.);
#7124=ORIENTED_EDGE('',*,*,#5286,.F.);
#7125=ORIENTED_EDGE('',*,*,#5287,.F.);
#7126=ORIENTED_EDGE('',*,*,#5288,.F.);
#7127=ORIENTED_EDGE('',*,*,#5289,.F.);
#7128=ORIENTED_EDGE('',*,*,#5290,.F.);
#7129=ORIENTED_EDGE('',*,*,#5291,.F.);
#7130=ORIENTED_EDGE('',*,*,#5292,.F.);
#7131=ORIENTED_EDGE('',*,*,#5273,.F.);
#7132=ORIENTED_EDGE('',*,*,#5283,.F.);
#7133=ORIENTED_EDGE('',*,*,#5280,.F.);
#7134=ORIENTED_EDGE('',*,*,#5277,.F.);
#7135=ORIENTED_EDGE('',*,*,#5285,.T.);
#7136=ORIENTED_EDGE('',*,*,#5293,.T.);
#7137=ORIENTED_EDGE('',*,*,#5103,.F.);
#7138=ORIENTED_EDGE('',*,*,#5294,.F.);
#7139=ORIENTED_EDGE('',*,*,#5286,.T.);
#7140=ORIENTED_EDGE('',*,*,#5294,.T.);
#7141=ORIENTED_EDGE('',*,*,#5110,.F.);
#7142=ORIENTED_EDGE('',*,*,#5295,.F.);
#7143=ORIENTED_EDGE('',*,*,#5287,.T.);
#7144=ORIENTED_EDGE('',*,*,#5295,.T.);
#7145=ORIENTED_EDGE('',*,*,#5109,.F.);
#7146=ORIENTED_EDGE('',*,*,#5296,.F.);
#7147=ORIENTED_EDGE('',*,*,#5288,.T.);
#7148=ORIENTED_EDGE('',*,*,#5296,.T.);
#7149=ORIENTED_EDGE('',*,*,#5108,.F.);
#7150=ORIENTED_EDGE('',*,*,#5297,.F.);
#7151=ORIENTED_EDGE('',*,*,#5289,.T.);
#7152=ORIENTED_EDGE('',*,*,#5297,.T.);
#7153=ORIENTED_EDGE('',*,*,#5107,.F.);
#7154=ORIENTED_EDGE('',*,*,#5298,.F.);
#7155=ORIENTED_EDGE('',*,*,#5290,.T.);
#7156=ORIENTED_EDGE('',*,*,#5298,.T.);
#7157=ORIENTED_EDGE('',*,*,#5106,.F.);
#7158=ORIENTED_EDGE('',*,*,#5299,.F.);
#7159=ORIENTED_EDGE('',*,*,#5291,.T.);
#7160=ORIENTED_EDGE('',*,*,#5299,.T.);
#7161=ORIENTED_EDGE('',*,*,#5105,.F.);
#7162=ORIENTED_EDGE('',*,*,#5300,.F.);
#7163=ORIENTED_EDGE('',*,*,#5292,.T.);
#7164=ORIENTED_EDGE('',*,*,#5300,.T.);
#7165=ORIENTED_EDGE('',*,*,#5104,.F.);
#7166=ORIENTED_EDGE('',*,*,#5293,.F.);
#7167=ORIENTED_EDGE('',*,*,#5301,.F.);
#7168=ORIENTED_EDGE('',*,*,#5302,.F.);
#7169=ORIENTED_EDGE('',*,*,#5303,.F.);
#7170=ORIENTED_EDGE('',*,*,#5304,.F.);
#7171=ORIENTED_EDGE('',*,*,#5305,.F.);
#7172=ORIENTED_EDGE('',*,*,#5306,.F.);
#7173=ORIENTED_EDGE('',*,*,#5307,.F.);
#7174=ORIENTED_EDGE('',*,*,#5308,.F.);
#7175=ORIENTED_EDGE('',*,*,#5309,.F.);
#7176=ORIENTED_EDGE('',*,*,#5310,.F.);
#7177=ORIENTED_EDGE('',*,*,#5311,.F.);
#7178=ORIENTED_EDGE('',*,*,#5312,.F.);
#7179=ORIENTED_EDGE('',*,*,#5313,.F.);
#7180=ORIENTED_EDGE('',*,*,#5314,.F.);
#7181=ORIENTED_EDGE('',*,*,#5315,.F.);
#7182=ORIENTED_EDGE('',*,*,#5316,.F.);
#7183=ORIENTED_EDGE('',*,*,#5317,.F.);
#7184=ORIENTED_EDGE('',*,*,#5318,.F.);
#7185=ORIENTED_EDGE('',*,*,#5301,.T.);
#7186=ORIENTED_EDGE('',*,*,#5319,.T.);
#7187=ORIENTED_EDGE('',*,*,#5111,.F.);
#7188=ORIENTED_EDGE('',*,*,#5320,.F.);
#7189=ORIENTED_EDGE('',*,*,#5302,.T.);
#7190=ORIENTED_EDGE('',*,*,#5320,.T.);
#7191=ORIENTED_EDGE('',*,*,#5128,.F.);
#7192=ORIENTED_EDGE('',*,*,#5321,.F.);
#7193=ORIENTED_EDGE('',*,*,#5303,.T.);
#7194=ORIENTED_EDGE('',*,*,#5321,.T.);
#7195=ORIENTED_EDGE('',*,*,#5127,.F.);
#7196=ORIENTED_EDGE('',*,*,#5322,.F.);
#7197=ORIENTED_EDGE('',*,*,#5304,.T.);
#7198=ORIENTED_EDGE('',*,*,#5322,.T.);
#7199=ORIENTED_EDGE('',*,*,#5126,.F.);
#7200=ORIENTED_EDGE('',*,*,#5323,.F.);
#7201=ORIENTED_EDGE('',*,*,#5305,.T.);
#7202=ORIENTED_EDGE('',*,*,#5323,.T.);
#7203=ORIENTED_EDGE('',*,*,#5125,.F.);
#7204=ORIENTED_EDGE('',*,*,#5324,.F.);
#7205=ORIENTED_EDGE('',*,*,#5306,.T.);
#7206=ORIENTED_EDGE('',*,*,#5324,.T.);
#7207=ORIENTED_EDGE('',*,*,#5124,.F.);
#7208=ORIENTED_EDGE('',*,*,#5325,.F.);
#7209=ORIENTED_EDGE('',*,*,#5307,.T.);
#7210=ORIENTED_EDGE('',*,*,#5325,.T.);
#7211=ORIENTED_EDGE('',*,*,#5123,.F.);
#7212=ORIENTED_EDGE('',*,*,#5326,.F.);
#7213=ORIENTED_EDGE('',*,*,#5308,.T.);
#7214=ORIENTED_EDGE('',*,*,#5326,.T.);
#7215=ORIENTED_EDGE('',*,*,#5122,.F.);
#7216=ORIENTED_EDGE('',*,*,#5327,.F.);
#7217=ORIENTED_EDGE('',*,*,#5309,.T.);
#7218=ORIENTED_EDGE('',*,*,#5327,.T.);
#7219=ORIENTED_EDGE('',*,*,#5121,.F.);
#7220=ORIENTED_EDGE('',*,*,#5328,.F.);
#7221=ORIENTED_EDGE('',*,*,#5310,.T.);
#7222=ORIENTED_EDGE('',*,*,#5328,.T.);
#7223=ORIENTED_EDGE('',*,*,#5120,.F.);
#7224=ORIENTED_EDGE('',*,*,#5329,.F.);
#7225=ORIENTED_EDGE('',*,*,#5311,.T.);
#7226=ORIENTED_EDGE('',*,*,#5329,.T.);
#7227=ORIENTED_EDGE('',*,*,#5119,.F.);
#7228=ORIENTED_EDGE('',*,*,#5330,.F.);
#7229=ORIENTED_EDGE('',*,*,#5312,.T.);
#7230=ORIENTED_EDGE('',*,*,#5330,.T.);
#7231=ORIENTED_EDGE('',*,*,#5118,.F.);
#7232=ORIENTED_EDGE('',*,*,#5331,.F.);
#7233=ORIENTED_EDGE('',*,*,#5313,.T.);
#7234=ORIENTED_EDGE('',*,*,#5331,.T.);
#7235=ORIENTED_EDGE('',*,*,#5117,.F.);
#7236=ORIENTED_EDGE('',*,*,#5332,.F.);
#7237=ORIENTED_EDGE('',*,*,#5314,.T.);
#7238=ORIENTED_EDGE('',*,*,#5332,.T.);
#7239=ORIENTED_EDGE('',*,*,#5116,.F.);
#7240=ORIENTED_EDGE('',*,*,#5333,.F.);
#7241=ORIENTED_EDGE('',*,*,#5315,.T.);
#7242=ORIENTED_EDGE('',*,*,#5333,.T.);
#7243=ORIENTED_EDGE('',*,*,#5115,.F.);
#7244=ORIENTED_EDGE('',*,*,#5334,.F.);
#7245=ORIENTED_EDGE('',*,*,#5316,.T.);
#7246=ORIENTED_EDGE('',*,*,#5334,.T.);
#7247=ORIENTED_EDGE('',*,*,#5114,.F.);
#7248=ORIENTED_EDGE('',*,*,#5335,.F.);
#7249=ORIENTED_EDGE('',*,*,#5317,.T.);
#7250=ORIENTED_EDGE('',*,*,#5335,.T.);
#7251=ORIENTED_EDGE('',*,*,#5113,.F.);
#7252=ORIENTED_EDGE('',*,*,#5336,.F.);
#7253=ORIENTED_EDGE('',*,*,#5318,.T.);
#7254=ORIENTED_EDGE('',*,*,#5336,.T.);
#7255=ORIENTED_EDGE('',*,*,#5112,.F.);
#7256=ORIENTED_EDGE('',*,*,#5319,.F.);
#7257=ORIENTED_EDGE('',*,*,#5337,.F.);
#7258=ORIENTED_EDGE('',*,*,#5338,.F.);
#7259=ORIENTED_EDGE('',*,*,#5339,.F.);
#7260=ORIENTED_EDGE('',*,*,#5340,.F.);
#7261=ORIENTED_EDGE('',*,*,#5341,.F.);
#7262=ORIENTED_EDGE('',*,*,#5342,.F.);
#7263=ORIENTED_EDGE('',*,*,#5343,.F.);
#7264=ORIENTED_EDGE('',*,*,#5344,.F.);
#7265=ORIENTED_EDGE('',*,*,#5345,.F.);
#7266=ORIENTED_EDGE('',*,*,#5346,.F.);
#7267=ORIENTED_EDGE('',*,*,#5347,.F.);
#7268=ORIENTED_EDGE('',*,*,#5348,.F.);
#7269=ORIENTED_EDGE('',*,*,#5349,.F.);
#7270=ORIENTED_EDGE('',*,*,#5350,.F.);
#7271=ORIENTED_EDGE('',*,*,#5351,.F.);
#7272=ORIENTED_EDGE('',*,*,#5352,.F.);
#7273=ORIENTED_EDGE('',*,*,#5353,.F.);
#7274=ORIENTED_EDGE('',*,*,#5354,.F.);
#7275=ORIENTED_EDGE('',*,*,#5337,.T.);
#7276=ORIENTED_EDGE('',*,*,#5355,.T.);
#7277=ORIENTED_EDGE('',*,*,#5129,.F.);
#7278=ORIENTED_EDGE('',*,*,#5356,.F.);
#7279=ORIENTED_EDGE('',*,*,#5338,.T.);
#7280=ORIENTED_EDGE('',*,*,#5356,.T.);
#7281=ORIENTED_EDGE('',*,*,#5146,.F.);
#7282=ORIENTED_EDGE('',*,*,#5357,.F.);
#7283=ORIENTED_EDGE('',*,*,#5339,.T.);
#7284=ORIENTED_EDGE('',*,*,#5357,.T.);
#7285=ORIENTED_EDGE('',*,*,#5145,.F.);
#7286=ORIENTED_EDGE('',*,*,#5358,.F.);
#7287=ORIENTED_EDGE('',*,*,#5340,.T.);
#7288=ORIENTED_EDGE('',*,*,#5358,.T.);
#7289=ORIENTED_EDGE('',*,*,#5144,.F.);
#7290=ORIENTED_EDGE('',*,*,#5359,.F.);
#7291=ORIENTED_EDGE('',*,*,#5341,.T.);
#7292=ORIENTED_EDGE('',*,*,#5359,.T.);
#7293=ORIENTED_EDGE('',*,*,#5143,.F.);
#7294=ORIENTED_EDGE('',*,*,#5360,.F.);
#7295=ORIENTED_EDGE('',*,*,#5342,.T.);
#7296=ORIENTED_EDGE('',*,*,#5360,.T.);
#7297=ORIENTED_EDGE('',*,*,#5142,.F.);
#7298=ORIENTED_EDGE('',*,*,#5361,.F.);
#7299=ORIENTED_EDGE('',*,*,#5343,.T.);
#7300=ORIENTED_EDGE('',*,*,#5361,.T.);
#7301=ORIENTED_EDGE('',*,*,#5141,.F.);
#7302=ORIENTED_EDGE('',*,*,#5362,.F.);
#7303=ORIENTED_EDGE('',*,*,#5344,.T.);
#7304=ORIENTED_EDGE('',*,*,#5362,.T.);
#7305=ORIENTED_EDGE('',*,*,#5140,.F.);
#7306=ORIENTED_EDGE('',*,*,#5363,.F.);
#7307=ORIENTED_EDGE('',*,*,#5345,.T.);
#7308=ORIENTED_EDGE('',*,*,#5363,.T.);
#7309=ORIENTED_EDGE('',*,*,#5139,.F.);
#7310=ORIENTED_EDGE('',*,*,#5364,.F.);
#7311=ORIENTED_EDGE('',*,*,#5346,.T.);
#7312=ORIENTED_EDGE('',*,*,#5364,.T.);
#7313=ORIENTED_EDGE('',*,*,#5138,.F.);
#7314=ORIENTED_EDGE('',*,*,#5365,.F.);
#7315=ORIENTED_EDGE('',*,*,#5347,.T.);
#7316=ORIENTED_EDGE('',*,*,#5365,.T.);
#7317=ORIENTED_EDGE('',*,*,#5137,.F.);
#7318=ORIENTED_EDGE('',*,*,#5366,.F.);
#7319=ORIENTED_EDGE('',*,*,#5348,.T.);
#7320=ORIENTED_EDGE('',*,*,#5366,.T.);
#7321=ORIENTED_EDGE('',*,*,#5136,.F.);
#7322=ORIENTED_EDGE('',*,*,#5367,.F.);
#7323=ORIENTED_EDGE('',*,*,#5349,.T.);
#7324=ORIENTED_EDGE('',*,*,#5367,.T.);
#7325=ORIENTED_EDGE('',*,*,#5135,.F.);
#7326=ORIENTED_EDGE('',*,*,#5368,.F.);
#7327=ORIENTED_EDGE('',*,*,#5350,.T.);
#7328=ORIENTED_EDGE('',*,*,#5368,.T.);
#7329=ORIENTED_EDGE('',*,*,#5134,.F.);
#7330=ORIENTED_EDGE('',*,*,#5369,.F.);
#7331=ORIENTED_EDGE('',*,*,#5351,.T.);
#7332=ORIENTED_EDGE('',*,*,#5369,.T.);
#7333=ORIENTED_EDGE('',*,*,#5133,.F.);
#7334=ORIENTED_EDGE('',*,*,#5370,.F.);
#7335=ORIENTED_EDGE('',*,*,#5352,.T.);
#7336=ORIENTED_EDGE('',*,*,#5370,.T.);
#7337=ORIENTED_EDGE('',*,*,#5132,.F.);
#7338=ORIENTED_EDGE('',*,*,#5371,.F.);
#7339=ORIENTED_EDGE('',*,*,#5353,.T.);
#7340=ORIENTED_EDGE('',*,*,#5371,.T.);
#7341=ORIENTED_EDGE('',*,*,#5131,.F.);
#7342=ORIENTED_EDGE('',*,*,#5372,.F.);
#7343=ORIENTED_EDGE('',*,*,#5354,.T.);
#7344=ORIENTED_EDGE('',*,*,#5372,.T.);
#7345=ORIENTED_EDGE('',*,*,#5130,.F.);
#7346=ORIENTED_EDGE('',*,*,#5355,.F.);
#7347=ORIENTED_EDGE('',*,*,#5373,.T.);
#7348=ORIENTED_EDGE('',*,*,#5156,.F.);
#7349=ORIENTED_EDGE('',*,*,#5374,.F.);
#7350=ORIENTED_EDGE('',*,*,#5375,.T.);
#7351=ORIENTED_EDGE('',*,*,#5376,.T.);
#7352=ORIENTED_EDGE('',*,*,#5377,.T.);
#7353=ORIENTED_EDGE('',*,*,#5154,.F.);
#7354=ORIENTED_EDGE('',*,*,#5378,.F.);
#7355=ORIENTED_EDGE('',*,*,#5379,.T.);
#7356=ORIENTED_EDGE('',*,*,#5378,.T.);
#7357=ORIENTED_EDGE('',*,*,#5153,.F.);
#7358=ORIENTED_EDGE('',*,*,#5380,.F.);
#7359=ORIENTED_EDGE('',*,*,#5381,.T.);
#7360=ORIENTED_EDGE('',*,*,#5380,.T.);
#7361=ORIENTED_EDGE('',*,*,#5152,.F.);
#7362=ORIENTED_EDGE('',*,*,#5382,.F.);
#7363=ORIENTED_EDGE('',*,*,#5383,.T.);
#7364=ORIENTED_EDGE('',*,*,#5382,.T.);
#7365=ORIENTED_EDGE('',*,*,#5151,.F.);
#7366=ORIENTED_EDGE('',*,*,#5384,.F.);
#7367=ORIENTED_EDGE('',*,*,#5385,.T.);
#7368=ORIENTED_EDGE('',*,*,#5374,.T.);
#7369=ORIENTED_EDGE('',*,*,#5155,.F.);
#7370=ORIENTED_EDGE('',*,*,#5377,.F.);
#7371=ORIENTED_EDGE('',*,*,#5386,.T.);
#7372=ORIENTED_EDGE('',*,*,#5384,.T.);
#7373=ORIENTED_EDGE('',*,*,#5150,.F.);
#7374=ORIENTED_EDGE('',*,*,#5387,.F.);
#7375=ORIENTED_EDGE('',*,*,#5388,.F.);
#7376=ORIENTED_EDGE('',*,*,#5375,.F.);
#7377=ORIENTED_EDGE('',*,*,#5385,.F.);
#7378=ORIENTED_EDGE('',*,*,#5376,.F.);
#7379=ORIENTED_EDGE('',*,*,#5379,.F.);
#7380=ORIENTED_EDGE('',*,*,#5381,.F.);
#7381=ORIENTED_EDGE('',*,*,#5383,.F.);
#7382=ORIENTED_EDGE('',*,*,#5386,.F.);
#7383=ORIENTED_EDGE('',*,*,#5389,.F.);
#7384=ORIENTED_EDGE('',*,*,#5390,.F.);
#7385=ORIENTED_EDGE('',*,*,#5391,.F.);
#7386=ORIENTED_EDGE('',*,*,#5392,.F.);
#7387=ORIENTED_EDGE('',*,*,#5393,.F.);
#7388=ORIENTED_EDGE('',*,*,#5394,.F.);
#7389=ORIENTED_EDGE('',*,*,#5391,.T.);
#7390=ORIENTED_EDGE('',*,*,#5395,.T.);
#7391=ORIENTED_EDGE('',*,*,#5147,.F.);
#7392=ORIENTED_EDGE('',*,*,#5396,.F.);
#7393=ORIENTED_EDGE('',*,*,#5392,.T.);
#7394=ORIENTED_EDGE('',*,*,#5396,.T.);
#7395=ORIENTED_EDGE('',*,*,#5160,.F.);
#7396=ORIENTED_EDGE('',*,*,#5397,.F.);
#7397=ORIENTED_EDGE('',*,*,#5393,.T.);
#7398=ORIENTED_EDGE('',*,*,#5397,.T.);
#7399=ORIENTED_EDGE('',*,*,#5159,.F.);
#7400=ORIENTED_EDGE('',*,*,#5398,.F.);
#7401=ORIENTED_EDGE('',*,*,#5394,.T.);
#7402=ORIENTED_EDGE('',*,*,#5398,.T.);
#7403=ORIENTED_EDGE('',*,*,#5158,.F.);
#7404=ORIENTED_EDGE('',*,*,#5399,.F.);
#7405=ORIENTED_EDGE('',*,*,#5373,.F.);
#7406=ORIENTED_EDGE('',*,*,#5388,.T.);
#7407=ORIENTED_EDGE('',*,*,#5399,.T.);
#7408=ORIENTED_EDGE('',*,*,#5157,.F.);
#7409=ORIENTED_EDGE('',*,*,#5389,.T.);
#7410=ORIENTED_EDGE('',*,*,#5387,.T.);
#7411=ORIENTED_EDGE('',*,*,#5149,.F.);
#7412=ORIENTED_EDGE('',*,*,#5400,.F.);
#7413=ORIENTED_EDGE('',*,*,#5390,.T.);
#7414=ORIENTED_EDGE('',*,*,#5400,.T.);
#7415=ORIENTED_EDGE('',*,*,#5148,.F.);
#7416=ORIENTED_EDGE('',*,*,#5395,.F.);
#7417=ORIENTED_EDGE('',*,*,#5401,.F.);
#7418=ORIENTED_EDGE('',*,*,#5402,.F.);
#7419=ORIENTED_EDGE('',*,*,#5403,.F.);
#7420=ORIENTED_EDGE('',*,*,#5404,.F.);
#7421=ORIENTED_EDGE('',*,*,#5405,.F.);
#7422=ORIENTED_EDGE('',*,*,#5406,.F.);
#7423=ORIENTED_EDGE('',*,*,#5407,.F.);
#7424=ORIENTED_EDGE('',*,*,#5408,.F.);
#7425=ORIENTED_EDGE('',*,*,#5409,.F.);
#7426=ORIENTED_EDGE('',*,*,#5410,.F.);
#7427=ORIENTED_EDGE('',*,*,#5411,.F.);
#7428=ORIENTED_EDGE('',*,*,#5412,.F.);
#7429=ORIENTED_EDGE('',*,*,#5401,.T.);
#7430=ORIENTED_EDGE('',*,*,#5413,.T.);
#7431=ORIENTED_EDGE('',*,*,#5161,.F.);
#7432=ORIENTED_EDGE('',*,*,#5414,.F.);
#7433=ORIENTED_EDGE('',*,*,#5402,.T.);
#7434=ORIENTED_EDGE('',*,*,#5414,.T.);
#7435=ORIENTED_EDGE('',*,*,#5172,.F.);
#7436=ORIENTED_EDGE('',*,*,#5415,.F.);
#7437=ORIENTED_EDGE('',*,*,#5403,.T.);
#7438=ORIENTED_EDGE('',*,*,#5415,.T.);
#7439=ORIENTED_EDGE('',*,*,#5171,.F.);
#7440=ORIENTED_EDGE('',*,*,#5416,.F.);
#7441=ORIENTED_EDGE('',*,*,#5404,.T.);
#7442=ORIENTED_EDGE('',*,*,#5416,.T.);
#7443=ORIENTED_EDGE('',*,*,#5170,.F.);
#7444=ORIENTED_EDGE('',*,*,#5417,.F.);
#7445=ORIENTED_EDGE('',*,*,#5405,.T.);
#7446=ORIENTED_EDGE('',*,*,#5417,.T.);
#7447=ORIENTED_EDGE('',*,*,#5169,.F.);
#7448=ORIENTED_EDGE('',*,*,#5418,.F.);
#7449=ORIENTED_EDGE('',*,*,#5406,.T.);
#7450=ORIENTED_EDGE('',*,*,#5418,.T.);
#7451=ORIENTED_EDGE('',*,*,#5168,.F.);
#7452=ORIENTED_EDGE('',*,*,#5419,.F.);
#7453=ORIENTED_EDGE('',*,*,#5407,.T.);
#7454=ORIENTED_EDGE('',*,*,#5419,.T.);
#7455=ORIENTED_EDGE('',*,*,#5167,.F.);
#7456=ORIENTED_EDGE('',*,*,#5420,.F.);
#7457=ORIENTED_EDGE('',*,*,#5408,.T.);
#7458=ORIENTED_EDGE('',*,*,#5420,.T.);
#7459=ORIENTED_EDGE('',*,*,#5166,.F.);
#7460=ORIENTED_EDGE('',*,*,#5421,.F.);
#7461=ORIENTED_EDGE('',*,*,#5409,.T.);
#7462=ORIENTED_EDGE('',*,*,#5421,.T.);
#7463=ORIENTED_EDGE('',*,*,#5165,.F.);
#7464=ORIENTED_EDGE('',*,*,#5422,.F.);
#7465=ORIENTED_EDGE('',*,*,#5410,.T.);
#7466=ORIENTED_EDGE('',*,*,#5422,.T.);
#7467=ORIENTED_EDGE('',*,*,#5164,.F.);
#7468=ORIENTED_EDGE('',*,*,#5423,.F.);
#7469=ORIENTED_EDGE('',*,*,#5411,.T.);
#7470=ORIENTED_EDGE('',*,*,#5423,.T.);
#7471=ORIENTED_EDGE('',*,*,#5163,.F.);
#7472=ORIENTED_EDGE('',*,*,#5424,.F.);
#7473=ORIENTED_EDGE('',*,*,#5412,.T.);
#7474=ORIENTED_EDGE('',*,*,#5424,.T.);
#7475=ORIENTED_EDGE('',*,*,#5162,.F.);
#7476=ORIENTED_EDGE('',*,*,#5413,.F.);
#7477=ORIENTED_EDGE('',*,*,#5425,.F.);
#7478=ORIENTED_EDGE('',*,*,#5426,.F.);
#7479=ORIENTED_EDGE('',*,*,#5427,.F.);
#7480=ORIENTED_EDGE('',*,*,#5428,.F.);
#7481=ORIENTED_EDGE('',*,*,#5429,.F.);
#7482=ORIENTED_EDGE('',*,*,#5430,.F.);
#7483=ORIENTED_EDGE('',*,*,#5431,.F.);
#7484=ORIENTED_EDGE('',*,*,#5432,.F.);
#7485=ORIENTED_EDGE('',*,*,#5433,.F.);
#7486=ORIENTED_EDGE('',*,*,#5434,.F.);
#7487=ORIENTED_EDGE('',*,*,#5435,.F.);
#7488=ORIENTED_EDGE('',*,*,#5436,.F.);
#7489=ORIENTED_EDGE('',*,*,#5437,.F.);
#7490=ORIENTED_EDGE('',*,*,#5438,.F.);
#7491=ORIENTED_EDGE('',*,*,#5439,.F.);
#7492=ORIENTED_EDGE('',*,*,#5440,.F.);
#7493=ORIENTED_EDGE('',*,*,#5441,.F.);
#7494=ORIENTED_EDGE('',*,*,#5442,.F.);
#7495=ORIENTED_EDGE('',*,*,#5443,.F.);
#7496=ORIENTED_EDGE('',*,*,#5444,.F.);
#7497=ORIENTED_EDGE('',*,*,#5445,.F.);
#7498=ORIENTED_EDGE('',*,*,#5446,.F.);
#7499=ORIENTED_EDGE('',*,*,#5425,.T.);
#7500=ORIENTED_EDGE('',*,*,#5447,.T.);
#7501=ORIENTED_EDGE('',*,*,#5173,.F.);
#7502=ORIENTED_EDGE('',*,*,#5448,.F.);
#7503=ORIENTED_EDGE('',*,*,#5426,.T.);
#7504=ORIENTED_EDGE('',*,*,#5448,.T.);
#7505=ORIENTED_EDGE('',*,*,#5194,.F.);
#7506=ORIENTED_EDGE('',*,*,#5449,.F.);
#7507=ORIENTED_EDGE('',*,*,#5427,.T.);
#7508=ORIENTED_EDGE('',*,*,#5449,.T.);
#7509=ORIENTED_EDGE('',*,*,#5193,.F.);
#7510=ORIENTED_EDGE('',*,*,#5450,.F.);
#7511=ORIENTED_EDGE('',*,*,#5428,.T.);
#7512=ORIENTED_EDGE('',*,*,#5450,.T.);
#7513=ORIENTED_EDGE('',*,*,#5192,.F.);
#7514=ORIENTED_EDGE('',*,*,#5451,.F.);
#7515=ORIENTED_EDGE('',*,*,#5429,.T.);
#7516=ORIENTED_EDGE('',*,*,#5451,.T.);
#7517=ORIENTED_EDGE('',*,*,#5191,.F.);
#7518=ORIENTED_EDGE('',*,*,#5452,.F.);
#7519=ORIENTED_EDGE('',*,*,#5430,.T.);
#7520=ORIENTED_EDGE('',*,*,#5452,.T.);
#7521=ORIENTED_EDGE('',*,*,#5190,.F.);
#7522=ORIENTED_EDGE('',*,*,#5453,.F.);
#7523=ORIENTED_EDGE('',*,*,#5431,.T.);
#7524=ORIENTED_EDGE('',*,*,#5453,.T.);
#7525=ORIENTED_EDGE('',*,*,#5189,.F.);
#7526=ORIENTED_EDGE('',*,*,#5454,.F.);
#7527=ORIENTED_EDGE('',*,*,#5432,.T.);
#7528=ORIENTED_EDGE('',*,*,#5454,.T.);
#7529=ORIENTED_EDGE('',*,*,#5188,.F.);
#7530=ORIENTED_EDGE('',*,*,#5455,.F.);
#7531=ORIENTED_EDGE('',*,*,#5433,.T.);
#7532=ORIENTED_EDGE('',*,*,#5455,.T.);
#7533=ORIENTED_EDGE('',*,*,#5187,.F.);
#7534=ORIENTED_EDGE('',*,*,#5456,.F.);
#7535=ORIENTED_EDGE('',*,*,#5434,.T.);
#7536=ORIENTED_EDGE('',*,*,#5456,.T.);
#7537=ORIENTED_EDGE('',*,*,#5186,.F.);
#7538=ORIENTED_EDGE('',*,*,#5457,.F.);
#7539=ORIENTED_EDGE('',*,*,#5435,.T.);
#7540=ORIENTED_EDGE('',*,*,#5457,.T.);
#7541=ORIENTED_EDGE('',*,*,#5185,.F.);
#7542=ORIENTED_EDGE('',*,*,#5458,.F.);
#7543=ORIENTED_EDGE('',*,*,#5436,.T.);
#7544=ORIENTED_EDGE('',*,*,#5458,.T.);
#7545=ORIENTED_EDGE('',*,*,#5184,.F.);
#7546=ORIENTED_EDGE('',*,*,#5459,.F.);
#7547=ORIENTED_EDGE('',*,*,#5437,.T.);
#7548=ORIENTED_EDGE('',*,*,#5459,.T.);
#7549=ORIENTED_EDGE('',*,*,#5183,.F.);
#7550=ORIENTED_EDGE('',*,*,#5460,.F.);
#7551=ORIENTED_EDGE('',*,*,#5438,.T.);
#7552=ORIENTED_EDGE('',*,*,#5460,.T.);
#7553=ORIENTED_EDGE('',*,*,#5182,.F.);
#7554=ORIENTED_EDGE('',*,*,#5461,.F.);
#7555=ORIENTED_EDGE('',*,*,#5439,.T.);
#7556=ORIENTED_EDGE('',*,*,#5461,.T.);
#7557=ORIENTED_EDGE('',*,*,#5181,.F.);
#7558=ORIENTED_EDGE('',*,*,#5462,.F.);
#7559=ORIENTED_EDGE('',*,*,#5440,.T.);
#7560=ORIENTED_EDGE('',*,*,#5462,.T.);
#7561=ORIENTED_EDGE('',*,*,#5180,.F.);
#7562=ORIENTED_EDGE('',*,*,#5463,.F.);
#7563=ORIENTED_EDGE('',*,*,#5441,.T.);
#7564=ORIENTED_EDGE('',*,*,#5463,.T.);
#7565=ORIENTED_EDGE('',*,*,#5179,.F.);
#7566=ORIENTED_EDGE('',*,*,#5464,.F.);
#7567=ORIENTED_EDGE('',*,*,#5442,.T.);
#7568=ORIENTED_EDGE('',*,*,#5464,.T.);
#7569=ORIENTED_EDGE('',*,*,#5178,.F.);
#7570=ORIENTED_EDGE('',*,*,#5465,.F.);
#7571=ORIENTED_EDGE('',*,*,#5443,.T.);
#7572=ORIENTED_EDGE('',*,*,#5465,.T.);
#7573=ORIENTED_EDGE('',*,*,#5177,.F.);
#7574=ORIENTED_EDGE('',*,*,#5466,.F.);
#7575=ORIENTED_EDGE('',*,*,#5444,.T.);
#7576=ORIENTED_EDGE('',*,*,#5466,.T.);
#7577=ORIENTED_EDGE('',*,*,#5176,.F.);
#7578=ORIENTED_EDGE('',*,*,#5467,.F.);
#7579=ORIENTED_EDGE('',*,*,#5445,.T.);
#7580=ORIENTED_EDGE('',*,*,#5467,.T.);
#7581=ORIENTED_EDGE('',*,*,#5175,.F.);
#7582=ORIENTED_EDGE('',*,*,#5468,.F.);
#7583=ORIENTED_EDGE('',*,*,#5446,.T.);
#7584=ORIENTED_EDGE('',*,*,#5468,.T.);
#7585=ORIENTED_EDGE('',*,*,#5174,.F.);
#7586=ORIENTED_EDGE('',*,*,#5447,.F.);
#7587=ORIENTED_EDGE('',*,*,#5275,.T.);
#7588=ORIENTED_EDGE('',*,*,#5279,.T.);
#7589=ORIENTED_EDGE('',*,*,#5282,.T.);
#7590=ORIENTED_EDGE('',*,*,#5284,.T.);
#7591=ORIENTED_EDGE('',*,*,#5469,.F.);
#7592=ORIENTED_EDGE('',*,*,#5470,.F.);
#7593=ORIENTED_EDGE('',*,*,#5471,.F.);
#7594=ORIENTED_EDGE('',*,*,#5472,.F.);
#7595=ORIENTED_EDGE('',*,*,#5473,.F.);
#7596=ORIENTED_EDGE('',*,*,#5474,.F.);
#7597=ORIENTED_EDGE('',*,*,#5475,.F.);
#7598=ORIENTED_EDGE('',*,*,#5476,.F.);
#7599=ORIENTED_EDGE('',*,*,#5477,.F.);
#7600=ORIENTED_EDGE('',*,*,#5478,.F.);
#7601=ORIENTED_EDGE('',*,*,#5479,.F.);
#7602=ORIENTED_EDGE('',*,*,#5480,.F.);
#7603=ORIENTED_EDGE('',*,*,#5481,.F.);
#7604=ORIENTED_EDGE('',*,*,#5482,.F.);
#7605=ORIENTED_EDGE('',*,*,#5483,.F.);
#7606=ORIENTED_EDGE('',*,*,#5484,.F.);
#7607=ORIENTED_EDGE('',*,*,#5485,.F.);
#7608=ORIENTED_EDGE('',*,*,#5486,.F.);
#7609=ORIENTED_EDGE('',*,*,#5469,.T.);
#7610=ORIENTED_EDGE('',*,*,#5487,.T.);
#7611=ORIENTED_EDGE('',*,*,#5049,.F.);
#7612=ORIENTED_EDGE('',*,*,#5488,.F.);
#7613=ORIENTED_EDGE('',*,*,#5470,.T.);
#7614=ORIENTED_EDGE('',*,*,#5488,.T.);
#7615=ORIENTED_EDGE('',*,*,#5066,.F.);
#7616=ORIENTED_EDGE('',*,*,#5489,.F.);
#7617=ORIENTED_EDGE('',*,*,#5471,.T.);
#7618=ORIENTED_EDGE('',*,*,#5489,.T.);
#7619=ORIENTED_EDGE('',*,*,#5065,.F.);
#7620=ORIENTED_EDGE('',*,*,#5490,.F.);
#7621=ORIENTED_EDGE('',*,*,#5472,.T.);
#7622=ORIENTED_EDGE('',*,*,#5490,.T.);
#7623=ORIENTED_EDGE('',*,*,#5064,.F.);
#7624=ORIENTED_EDGE('',*,*,#5491,.F.);
#7625=ORIENTED_EDGE('',*,*,#5473,.T.);
#7626=ORIENTED_EDGE('',*,*,#5491,.T.);
#7627=ORIENTED_EDGE('',*,*,#5063,.F.);
#7628=ORIENTED_EDGE('',*,*,#5492,.F.);
#7629=ORIENTED_EDGE('',*,*,#5474,.T.);
#7630=ORIENTED_EDGE('',*,*,#5492,.T.);
#7631=ORIENTED_EDGE('',*,*,#5062,.F.);
#7632=ORIENTED_EDGE('',*,*,#5493,.F.);
#7633=ORIENTED_EDGE('',*,*,#5475,.T.);
#7634=ORIENTED_EDGE('',*,*,#5493,.T.);
#7635=ORIENTED_EDGE('',*,*,#5061,.F.);
#7636=ORIENTED_EDGE('',*,*,#5494,.F.);
#7637=ORIENTED_EDGE('',*,*,#5476,.T.);
#7638=ORIENTED_EDGE('',*,*,#5494,.T.);
#7639=ORIENTED_EDGE('',*,*,#5060,.F.);
#7640=ORIENTED_EDGE('',*,*,#5495,.F.);
#7641=ORIENTED_EDGE('',*,*,#5477,.T.);
#7642=ORIENTED_EDGE('',*,*,#5495,.T.);
#7643=ORIENTED_EDGE('',*,*,#5059,.F.);
#7644=ORIENTED_EDGE('',*,*,#5496,.F.);
#7645=ORIENTED_EDGE('',*,*,#5478,.T.);
#7646=ORIENTED_EDGE('',*,*,#5496,.T.);
#7647=ORIENTED_EDGE('',*,*,#5058,.F.);
#7648=ORIENTED_EDGE('',*,*,#5497,.F.);
#7649=ORIENTED_EDGE('',*,*,#5479,.T.);
#7650=ORIENTED_EDGE('',*,*,#5497,.T.);
#7651=ORIENTED_EDGE('',*,*,#5057,.F.);
#7652=ORIENTED_EDGE('',*,*,#5498,.F.);
#7653=ORIENTED_EDGE('',*,*,#5480,.T.);
#7654=ORIENTED_EDGE('',*,*,#5498,.T.);
#7655=ORIENTED_EDGE('',*,*,#5056,.F.);
#7656=ORIENTED_EDGE('',*,*,#5499,.F.);
#7657=ORIENTED_EDGE('',*,*,#5481,.T.);
#7658=ORIENTED_EDGE('',*,*,#5499,.T.);
#7659=ORIENTED_EDGE('',*,*,#5055,.F.);
#7660=ORIENTED_EDGE('',*,*,#5500,.F.);
#7661=ORIENTED_EDGE('',*,*,#5482,.T.);
#7662=ORIENTED_EDGE('',*,*,#5500,.T.);
#7663=ORIENTED_EDGE('',*,*,#5054,.F.);
#7664=ORIENTED_EDGE('',*,*,#5501,.F.);
#7665=ORIENTED_EDGE('',*,*,#5483,.T.);
#7666=ORIENTED_EDGE('',*,*,#5501,.T.);
#7667=ORIENTED_EDGE('',*,*,#5053,.F.);
#7668=ORIENTED_EDGE('',*,*,#5502,.F.);
#7669=ORIENTED_EDGE('',*,*,#5484,.T.);
#7670=ORIENTED_EDGE('',*,*,#5502,.T.);
#7671=ORIENTED_EDGE('',*,*,#5052,.F.);
#7672=ORIENTED_EDGE('',*,*,#5503,.F.);
#7673=ORIENTED_EDGE('',*,*,#5485,.T.);
#7674=ORIENTED_EDGE('',*,*,#5503,.T.);
#7675=ORIENTED_EDGE('',*,*,#5051,.F.);
#7676=ORIENTED_EDGE('',*,*,#5504,.F.);
#7677=ORIENTED_EDGE('',*,*,#5486,.T.);
#7678=ORIENTED_EDGE('',*,*,#5504,.T.);
#7679=ORIENTED_EDGE('',*,*,#5050,.F.);
#7680=ORIENTED_EDGE('',*,*,#5487,.F.);
#7681=ORIENTED_EDGE('',*,*,#5505,.F.);
#7682=ORIENTED_EDGE('',*,*,#5506,.F.);
#7683=ORIENTED_EDGE('',*,*,#5507,.F.);
#7684=ORIENTED_EDGE('',*,*,#5508,.F.);
#7685=ORIENTED_EDGE('',*,*,#5509,.F.);
#7686=ORIENTED_EDGE('',*,*,#5510,.F.);
#7687=ORIENTED_EDGE('',*,*,#5511,.F.);
#7688=ORIENTED_EDGE('',*,*,#5512,.F.);
#7689=ORIENTED_EDGE('',*,*,#5513,.F.);
#7690=ORIENTED_EDGE('',*,*,#5514,.F.);
#7691=ORIENTED_EDGE('',*,*,#5515,.F.);
#7692=ORIENTED_EDGE('',*,*,#5516,.F.);
#7693=ORIENTED_EDGE('',*,*,#5517,.F.);
#7694=ORIENTED_EDGE('',*,*,#5505,.T.);
#7695=ORIENTED_EDGE('',*,*,#5518,.T.);
#7696=ORIENTED_EDGE('',*,*,#5036,.F.);
#7697=ORIENTED_EDGE('',*,*,#5519,.F.);
#7698=ORIENTED_EDGE('',*,*,#5506,.T.);
#7699=ORIENTED_EDGE('',*,*,#5519,.T.);
#7700=ORIENTED_EDGE('',*,*,#5048,.F.);
#7701=ORIENTED_EDGE('',*,*,#5520,.F.);
#7702=ORIENTED_EDGE('',*,*,#5507,.T.);
#7703=ORIENTED_EDGE('',*,*,#5520,.T.);
#7704=ORIENTED_EDGE('',*,*,#5047,.F.);
#7705=ORIENTED_EDGE('',*,*,#5521,.F.);
#7706=ORIENTED_EDGE('',*,*,#5508,.T.);
#7707=ORIENTED_EDGE('',*,*,#5521,.T.);
#7708=ORIENTED_EDGE('',*,*,#5046,.F.);
#7709=ORIENTED_EDGE('',*,*,#5522,.F.);
#7710=ORIENTED_EDGE('',*,*,#5509,.T.);
#7711=ORIENTED_EDGE('',*,*,#5522,.T.);
#7712=ORIENTED_EDGE('',*,*,#5045,.F.);
#7713=ORIENTED_EDGE('',*,*,#5523,.F.);
#7714=ORIENTED_EDGE('',*,*,#5510,.T.);
#7715=ORIENTED_EDGE('',*,*,#5523,.T.);
#7716=ORIENTED_EDGE('',*,*,#5044,.F.);
#7717=ORIENTED_EDGE('',*,*,#5524,.F.);
#7718=ORIENTED_EDGE('',*,*,#5511,.T.);
#7719=ORIENTED_EDGE('',*,*,#5524,.T.);
#7720=ORIENTED_EDGE('',*,*,#5043,.F.);
#7721=ORIENTED_EDGE('',*,*,#5525,.F.);
#7722=ORIENTED_EDGE('',*,*,#5512,.T.);
#7723=ORIENTED_EDGE('',*,*,#5525,.T.);
#7724=ORIENTED_EDGE('',*,*,#5042,.F.);
#7725=ORIENTED_EDGE('',*,*,#5526,.F.);
#7726=ORIENTED_EDGE('',*,*,#5513,.T.);
#7727=ORIENTED_EDGE('',*,*,#5526,.T.);
#7728=ORIENTED_EDGE('',*,*,#5041,.F.);
#7729=ORIENTED_EDGE('',*,*,#5527,.F.);
#7730=ORIENTED_EDGE('',*,*,#5514,.T.);
#7731=ORIENTED_EDGE('',*,*,#5527,.T.);
#7732=ORIENTED_EDGE('',*,*,#5040,.F.);
#7733=ORIENTED_EDGE('',*,*,#5528,.F.);
#7734=ORIENTED_EDGE('',*,*,#5515,.T.);
#7735=ORIENTED_EDGE('',*,*,#5528,.T.);
#7736=ORIENTED_EDGE('',*,*,#5039,.F.);
#7737=ORIENTED_EDGE('',*,*,#5529,.F.);
#7738=ORIENTED_EDGE('',*,*,#5516,.T.);
#7739=ORIENTED_EDGE('',*,*,#5529,.T.);
#7740=ORIENTED_EDGE('',*,*,#5038,.F.);
#7741=ORIENTED_EDGE('',*,*,#5530,.F.);
#7742=ORIENTED_EDGE('',*,*,#5517,.T.);
#7743=ORIENTED_EDGE('',*,*,#5530,.T.);
#7744=ORIENTED_EDGE('',*,*,#5037,.F.);
#7745=ORIENTED_EDGE('',*,*,#5518,.F.);
#7746=ORIENTED_EDGE('',*,*,#5531,.T.);
#7747=ORIENTED_EDGE('',*,*,#5532,.T.);
#7748=ORIENTED_EDGE('',*,*,#5533,.F.);
#7749=ORIENTED_EDGE('',*,*,#5534,.F.);
#7750=ORIENTED_EDGE('',*,*,#5535,.T.);
#7751=ORIENTED_EDGE('',*,*,#5536,.T.);
#7752=ORIENTED_EDGE('',*,*,#5537,.F.);
#7753=ORIENTED_EDGE('',*,*,#5532,.F.);
#7754=ORIENTED_EDGE('',*,*,#5538,.T.);
#7755=ORIENTED_EDGE('',*,*,#5534,.T.);
#7756=ORIENTED_EDGE('',*,*,#5539,.F.);
#7757=ORIENTED_EDGE('',*,*,#5536,.F.);
#7758=ORIENTED_EDGE('',*,*,#5540,.F.);
#7759=ORIENTED_EDGE('',*,*,#5541,.F.);
#7760=ORIENTED_EDGE('',*,*,#5542,.F.);
#7761=ORIENTED_EDGE('',*,*,#5543,.F.);
#7762=ORIENTED_EDGE('',*,*,#5544,.F.);
#7763=ORIENTED_EDGE('',*,*,#5545,.F.);
#7764=ORIENTED_EDGE('',*,*,#5546,.F.);
#7765=ORIENTED_EDGE('',*,*,#5547,.F.);
#7766=ORIENTED_EDGE('',*,*,#5548,.F.);
#7767=ORIENTED_EDGE('',*,*,#5549,.F.);
#7768=ORIENTED_EDGE('',*,*,#5550,.F.);
#7769=ORIENTED_EDGE('',*,*,#5551,.F.);
#7770=ORIENTED_EDGE('',*,*,#5552,.F.);
#7771=ORIENTED_EDGE('',*,*,#5531,.F.);
#7772=ORIENTED_EDGE('',*,*,#5538,.F.);
#7773=ORIENTED_EDGE('',*,*,#5535,.F.);
#7774=ORIENTED_EDGE('',*,*,#5540,.T.);
#7775=ORIENTED_EDGE('',*,*,#5553,.T.);
#7776=ORIENTED_EDGE('',*,*,#5023,.F.);
#7777=ORIENTED_EDGE('',*,*,#5554,.F.);
#7778=ORIENTED_EDGE('',*,*,#5541,.T.);
#7779=ORIENTED_EDGE('',*,*,#5554,.T.);
#7780=ORIENTED_EDGE('',*,*,#5035,.F.);
#7781=ORIENTED_EDGE('',*,*,#5555,.F.);
#7782=ORIENTED_EDGE('',*,*,#5542,.T.);
#7783=ORIENTED_EDGE('',*,*,#5555,.T.);
#7784=ORIENTED_EDGE('',*,*,#5034,.F.);
#7785=ORIENTED_EDGE('',*,*,#5556,.F.);
#7786=ORIENTED_EDGE('',*,*,#5543,.T.);
#7787=ORIENTED_EDGE('',*,*,#5556,.T.);
#7788=ORIENTED_EDGE('',*,*,#5033,.F.);
#7789=ORIENTED_EDGE('',*,*,#5557,.F.);
#7790=ORIENTED_EDGE('',*,*,#5544,.T.);
#7791=ORIENTED_EDGE('',*,*,#5557,.T.);
#7792=ORIENTED_EDGE('',*,*,#5032,.F.);
#7793=ORIENTED_EDGE('',*,*,#5558,.F.);
#7794=ORIENTED_EDGE('',*,*,#5545,.T.);
#7795=ORIENTED_EDGE('',*,*,#5558,.T.);
#7796=ORIENTED_EDGE('',*,*,#5031,.F.);
#7797=ORIENTED_EDGE('',*,*,#5559,.F.);
#7798=ORIENTED_EDGE('',*,*,#5546,.T.);
#7799=ORIENTED_EDGE('',*,*,#5559,.T.);
#7800=ORIENTED_EDGE('',*,*,#5030,.F.);
#7801=ORIENTED_EDGE('',*,*,#5560,.F.);
#7802=ORIENTED_EDGE('',*,*,#5547,.T.);
#7803=ORIENTED_EDGE('',*,*,#5560,.T.);
#7804=ORIENTED_EDGE('',*,*,#5029,.F.);
#7805=ORIENTED_EDGE('',*,*,#5561,.F.);
#7806=ORIENTED_EDGE('',*,*,#5548,.T.);
#7807=ORIENTED_EDGE('',*,*,#5561,.T.);
#7808=ORIENTED_EDGE('',*,*,#5028,.F.);
#7809=ORIENTED_EDGE('',*,*,#5562,.F.);
#7810=ORIENTED_EDGE('',*,*,#5549,.T.);
#7811=ORIENTED_EDGE('',*,*,#5562,.T.);
#7812=ORIENTED_EDGE('',*,*,#5027,.F.);
#7813=ORIENTED_EDGE('',*,*,#5563,.F.);
#7814=ORIENTED_EDGE('',*,*,#5550,.T.);
#7815=ORIENTED_EDGE('',*,*,#5563,.T.);
#7816=ORIENTED_EDGE('',*,*,#5026,.F.);
#7817=ORIENTED_EDGE('',*,*,#5564,.F.);
#7818=ORIENTED_EDGE('',*,*,#5551,.T.);
#7819=ORIENTED_EDGE('',*,*,#5564,.T.);
#7820=ORIENTED_EDGE('',*,*,#5025,.F.);
#7821=ORIENTED_EDGE('',*,*,#5565,.F.);
#7822=ORIENTED_EDGE('',*,*,#5552,.T.);
#7823=ORIENTED_EDGE('',*,*,#5565,.T.);
#7824=ORIENTED_EDGE('',*,*,#5024,.F.);
#7825=ORIENTED_EDGE('',*,*,#5553,.F.);
#7826=ORIENTED_EDGE('',*,*,#5566,.T.);
#7827=ORIENTED_EDGE('',*,*,#5567,.T.);
#7828=ORIENTED_EDGE('',*,*,#5568,.F.);
#7829=ORIENTED_EDGE('',*,*,#5569,.F.);
#7830=ORIENTED_EDGE('',*,*,#5570,.T.);
#7831=ORIENTED_EDGE('',*,*,#5571,.T.);
#7832=ORIENTED_EDGE('',*,*,#5572,.F.);
#7833=ORIENTED_EDGE('',*,*,#5567,.F.);
#7834=ORIENTED_EDGE('',*,*,#5573,.T.);
#7835=ORIENTED_EDGE('',*,*,#5574,.T.);
#7836=ORIENTED_EDGE('',*,*,#5575,.F.);
#7837=ORIENTED_EDGE('',*,*,#5571,.F.);
#7838=ORIENTED_EDGE('',*,*,#5576,.T.);
#7839=ORIENTED_EDGE('',*,*,#5577,.T.);
#7840=ORIENTED_EDGE('',*,*,#5578,.F.);
#7841=ORIENTED_EDGE('',*,*,#5574,.F.);
#7842=ORIENTED_EDGE('',*,*,#5579,.T.);
#7843=ORIENTED_EDGE('',*,*,#5569,.T.);
#7844=ORIENTED_EDGE('',*,*,#5580,.F.);
#7845=ORIENTED_EDGE('',*,*,#5577,.F.);
#7846=ORIENTED_EDGE('',*,*,#5581,.F.);
#7847=ORIENTED_EDGE('',*,*,#5582,.F.);
#7848=ORIENTED_EDGE('',*,*,#5583,.F.);
#7849=ORIENTED_EDGE('',*,*,#5584,.F.);
#7850=ORIENTED_EDGE('',*,*,#5585,.F.);
#7851=ORIENTED_EDGE('',*,*,#5586,.F.);
#7852=ORIENTED_EDGE('',*,*,#5587,.F.);
#7853=ORIENTED_EDGE('',*,*,#5588,.F.);
#7854=ORIENTED_EDGE('',*,*,#5589,.F.);
#7855=ORIENTED_EDGE('',*,*,#5566,.F.);
#7856=ORIENTED_EDGE('',*,*,#5579,.F.);
#7857=ORIENTED_EDGE('',*,*,#5576,.F.);
#7858=ORIENTED_EDGE('',*,*,#5573,.F.);
#7859=ORIENTED_EDGE('',*,*,#5570,.F.);
#7860=ORIENTED_EDGE('',*,*,#5581,.T.);
#7861=ORIENTED_EDGE('',*,*,#5590,.T.);
#7862=ORIENTED_EDGE('',*,*,#5014,.F.);
#7863=ORIENTED_EDGE('',*,*,#5591,.F.);
#7864=ORIENTED_EDGE('',*,*,#5582,.T.);
#7865=ORIENTED_EDGE('',*,*,#5591,.T.);
#7866=ORIENTED_EDGE('',*,*,#5022,.F.);
#7867=ORIENTED_EDGE('',*,*,#5592,.F.);
#7868=ORIENTED_EDGE('',*,*,#5583,.T.);
#7869=ORIENTED_EDGE('',*,*,#5592,.T.);
#7870=ORIENTED_EDGE('',*,*,#5021,.F.);
#7871=ORIENTED_EDGE('',*,*,#5593,.F.);
#7872=ORIENTED_EDGE('',*,*,#5584,.T.);
#7873=ORIENTED_EDGE('',*,*,#5593,.T.);
#7874=ORIENTED_EDGE('',*,*,#5020,.F.);
#7875=ORIENTED_EDGE('',*,*,#5594,.F.);
#7876=ORIENTED_EDGE('',*,*,#5585,.T.);
#7877=ORIENTED_EDGE('',*,*,#5594,.T.);
#7878=ORIENTED_EDGE('',*,*,#5019,.F.);
#7879=ORIENTED_EDGE('',*,*,#5595,.F.);
#7880=ORIENTED_EDGE('',*,*,#5586,.T.);
#7881=ORIENTED_EDGE('',*,*,#5595,.T.);
#7882=ORIENTED_EDGE('',*,*,#5018,.F.);
#7883=ORIENTED_EDGE('',*,*,#5596,.F.);
#7884=ORIENTED_EDGE('',*,*,#5587,.T.);
#7885=ORIENTED_EDGE('',*,*,#5596,.T.);
#7886=ORIENTED_EDGE('',*,*,#5017,.F.);
#7887=ORIENTED_EDGE('',*,*,#5597,.F.);
#7888=ORIENTED_EDGE('',*,*,#5588,.T.);
#7889=ORIENTED_EDGE('',*,*,#5597,.T.);
#7890=ORIENTED_EDGE('',*,*,#5016,.F.);
#7891=ORIENTED_EDGE('',*,*,#5598,.F.);
#7892=ORIENTED_EDGE('',*,*,#5589,.T.);
#7893=ORIENTED_EDGE('',*,*,#5598,.T.);
#7894=ORIENTED_EDGE('',*,*,#5015,.F.);
#7895=ORIENTED_EDGE('',*,*,#5590,.F.);
#7896=ORIENTED_EDGE('',*,*,#5599,.T.);
#7897=ORIENTED_EDGE('',*,*,#5600,.T.);
#7898=ORIENTED_EDGE('',*,*,#5601,.F.);
#7899=ORIENTED_EDGE('',*,*,#5602,.F.);
#7900=ORIENTED_EDGE('',*,*,#5603,.T.);
#7901=ORIENTED_EDGE('',*,*,#5604,.T.);
#7902=ORIENTED_EDGE('',*,*,#5605,.F.);
#7903=ORIENTED_EDGE('',*,*,#5600,.F.);
#7904=ORIENTED_EDGE('',*,*,#5606,.T.);
#7905=ORIENTED_EDGE('',*,*,#5607,.T.);
#7906=ORIENTED_EDGE('',*,*,#5608,.F.);
#7907=ORIENTED_EDGE('',*,*,#5604,.F.);
#7908=ORIENTED_EDGE('',*,*,#5609,.T.);
#7909=ORIENTED_EDGE('',*,*,#5610,.T.);
#7910=ORIENTED_EDGE('',*,*,#5611,.F.);
#7911=ORIENTED_EDGE('',*,*,#5607,.F.);
#7912=ORIENTED_EDGE('',*,*,#5612,.T.);
#7913=ORIENTED_EDGE('',*,*,#5613,.T.);
#7914=ORIENTED_EDGE('',*,*,#5614,.F.);
#7915=ORIENTED_EDGE('',*,*,#5610,.F.);
#7916=ORIENTED_EDGE('',*,*,#5615,.T.);
#7917=ORIENTED_EDGE('',*,*,#5616,.T.);
#7918=ORIENTED_EDGE('',*,*,#5617,.F.);
#7919=ORIENTED_EDGE('',*,*,#5613,.F.);
#7920=ORIENTED_EDGE('',*,*,#5618,.T.);
#7921=ORIENTED_EDGE('',*,*,#5619,.T.);
#7922=ORIENTED_EDGE('',*,*,#5620,.F.);
#7923=ORIENTED_EDGE('',*,*,#5616,.F.);
#7924=ORIENTED_EDGE('',*,*,#5621,.T.);
#7925=ORIENTED_EDGE('',*,*,#5602,.T.);
#7926=ORIENTED_EDGE('',*,*,#5622,.F.);
#7927=ORIENTED_EDGE('',*,*,#5619,.F.);
#7928=ORIENTED_EDGE('',*,*,#5623,.F.);
#7929=ORIENTED_EDGE('',*,*,#5624,.F.);
#7930=ORIENTED_EDGE('',*,*,#5625,.F.);
#7931=ORIENTED_EDGE('',*,*,#5626,.F.);
#7932=ORIENTED_EDGE('',*,*,#5599,.F.);
#7933=ORIENTED_EDGE('',*,*,#5621,.F.);
#7934=ORIENTED_EDGE('',*,*,#5618,.F.);
#7935=ORIENTED_EDGE('',*,*,#5615,.F.);
#7936=ORIENTED_EDGE('',*,*,#5612,.F.);
#7937=ORIENTED_EDGE('',*,*,#5609,.F.);
#7938=ORIENTED_EDGE('',*,*,#5606,.F.);
#7939=ORIENTED_EDGE('',*,*,#5603,.F.);
#7940=ORIENTED_EDGE('',*,*,#5623,.T.);
#7941=ORIENTED_EDGE('',*,*,#5627,.T.);
#7942=ORIENTED_EDGE('',*,*,#5010,.F.);
#7943=ORIENTED_EDGE('',*,*,#5628,.F.);
#7944=ORIENTED_EDGE('',*,*,#5624,.T.);
#7945=ORIENTED_EDGE('',*,*,#5628,.T.);
#7946=ORIENTED_EDGE('',*,*,#5013,.F.);
#7947=ORIENTED_EDGE('',*,*,#5629,.F.);
#7948=ORIENTED_EDGE('',*,*,#5625,.T.);
#7949=ORIENTED_EDGE('',*,*,#5629,.T.);
#7950=ORIENTED_EDGE('',*,*,#5012,.F.);
#7951=ORIENTED_EDGE('',*,*,#5630,.F.);
#7952=ORIENTED_EDGE('',*,*,#5626,.T.);
#7953=ORIENTED_EDGE('',*,*,#5630,.T.);
#7954=ORIENTED_EDGE('',*,*,#5011,.F.);
#7955=ORIENTED_EDGE('',*,*,#5627,.F.);
#7956=ORIENTED_EDGE('',*,*,#5631,.F.);
#7957=ORIENTED_EDGE('',*,*,#5632,.F.);
#7958=ORIENTED_EDGE('',*,*,#5633,.F.);
#7959=ORIENTED_EDGE('',*,*,#5634,.F.);
#7960=ORIENTED_EDGE('',*,*,#5635,.F.);
#7961=ORIENTED_EDGE('',*,*,#5636,.F.);
#7962=ORIENTED_EDGE('',*,*,#5637,.F.);
#7963=ORIENTED_EDGE('',*,*,#5638,.F.);
#7964=ORIENTED_EDGE('',*,*,#5639,.F.);
#7965=ORIENTED_EDGE('',*,*,#5640,.F.);
#7966=ORIENTED_EDGE('',*,*,#5631,.T.);
#7967=ORIENTED_EDGE('',*,*,#5641,.T.);
#7968=ORIENTED_EDGE('',*,*,#5000,.F.);
#7969=ORIENTED_EDGE('',*,*,#5642,.F.);
#7970=ORIENTED_EDGE('',*,*,#5632,.T.);
#7971=ORIENTED_EDGE('',*,*,#5642,.T.);
#7972=ORIENTED_EDGE('',*,*,#5009,.F.);
#7973=ORIENTED_EDGE('',*,*,#5643,.F.);
#7974=ORIENTED_EDGE('',*,*,#5633,.T.);
#7975=ORIENTED_EDGE('',*,*,#5643,.T.);
#7976=ORIENTED_EDGE('',*,*,#5008,.F.);
#7977=ORIENTED_EDGE('',*,*,#5644,.F.);
#7978=ORIENTED_EDGE('',*,*,#5634,.T.);
#7979=ORIENTED_EDGE('',*,*,#5644,.T.);
#7980=ORIENTED_EDGE('',*,*,#5007,.F.);
#7981=ORIENTED_EDGE('',*,*,#5645,.F.);
#7982=ORIENTED_EDGE('',*,*,#5635,.T.);
#7983=ORIENTED_EDGE('',*,*,#5645,.T.);
#7984=ORIENTED_EDGE('',*,*,#5006,.F.);
#7985=ORIENTED_EDGE('',*,*,#5646,.F.);
#7986=ORIENTED_EDGE('',*,*,#5636,.T.);
#7987=ORIENTED_EDGE('',*,*,#5646,.T.);
#7988=ORIENTED_EDGE('',*,*,#5005,.F.);
#7989=ORIENTED_EDGE('',*,*,#5647,.F.);
#7990=ORIENTED_EDGE('',*,*,#5637,.T.);
#7991=ORIENTED_EDGE('',*,*,#5647,.T.);
#7992=ORIENTED_EDGE('',*,*,#5004,.F.);
#7993=ORIENTED_EDGE('',*,*,#5648,.F.);
#7994=ORIENTED_EDGE('',*,*,#5638,.T.);
#7995=ORIENTED_EDGE('',*,*,#5648,.T.);
#7996=ORIENTED_EDGE('',*,*,#5003,.F.);
#7997=ORIENTED_EDGE('',*,*,#5649,.F.);
#7998=ORIENTED_EDGE('',*,*,#5639,.T.);
#7999=ORIENTED_EDGE('',*,*,#5649,.T.);
#8000=ORIENTED_EDGE('',*,*,#5002,.F.);
#8001=ORIENTED_EDGE('',*,*,#5650,.F.);
#8002=ORIENTED_EDGE('',*,*,#5640,.T.);
#8003=ORIENTED_EDGE('',*,*,#5650,.T.);
#8004=ORIENTED_EDGE('',*,*,#5001,.F.);
#8005=ORIENTED_EDGE('',*,*,#5641,.F.);
#8006=ORIENTED_EDGE('',*,*,#5651,.F.);
#8007=ORIENTED_EDGE('',*,*,#5652,.F.);
#8008=ORIENTED_EDGE('',*,*,#5653,.F.);
#8009=ORIENTED_EDGE('',*,*,#5654,.F.);
#8010=ORIENTED_EDGE('',*,*,#5655,.F.);
#8011=ORIENTED_EDGE('',*,*,#5656,.F.);
#8012=ORIENTED_EDGE('',*,*,#5657,.F.);
#8013=ORIENTED_EDGE('',*,*,#5658,.F.);
#8014=ORIENTED_EDGE('',*,*,#5659,.F.);
#8015=ORIENTED_EDGE('',*,*,#5660,.F.);
#8016=ORIENTED_EDGE('',*,*,#5661,.F.);
#8017=ORIENTED_EDGE('',*,*,#5662,.F.);
#8018=ORIENTED_EDGE('',*,*,#5663,.F.);
#8019=ORIENTED_EDGE('',*,*,#5664,.F.);
#8020=ORIENTED_EDGE('',*,*,#5665,.F.);
#8021=ORIENTED_EDGE('',*,*,#5651,.T.);
#8022=ORIENTED_EDGE('',*,*,#5666,.T.);
#8023=ORIENTED_EDGE('',*,*,#4985,.F.);
#8024=ORIENTED_EDGE('',*,*,#5667,.F.);
#8025=ORIENTED_EDGE('',*,*,#5652,.T.);
#8026=ORIENTED_EDGE('',*,*,#5667,.T.);
#8027=ORIENTED_EDGE('',*,*,#4999,.F.);
#8028=ORIENTED_EDGE('',*,*,#5668,.F.);
#8029=ORIENTED_EDGE('',*,*,#5653,.T.);
#8030=ORIENTED_EDGE('',*,*,#5668,.T.);
#8031=ORIENTED_EDGE('',*,*,#4998,.F.);
#8032=ORIENTED_EDGE('',*,*,#5669,.F.);
#8033=ORIENTED_EDGE('',*,*,#5654,.T.);
#8034=ORIENTED_EDGE('',*,*,#5669,.T.);
#8035=ORIENTED_EDGE('',*,*,#4997,.F.);
#8036=ORIENTED_EDGE('',*,*,#5670,.F.);
#8037=ORIENTED_EDGE('',*,*,#5655,.T.);
#8038=ORIENTED_EDGE('',*,*,#5670,.T.);
#8039=ORIENTED_EDGE('',*,*,#4996,.F.);
#8040=ORIENTED_EDGE('',*,*,#5671,.F.);
#8041=ORIENTED_EDGE('',*,*,#5656,.T.);
#8042=ORIENTED_EDGE('',*,*,#5671,.T.);
#8043=ORIENTED_EDGE('',*,*,#4995,.F.);
#8044=ORIENTED_EDGE('',*,*,#5672,.F.);
#8045=ORIENTED_EDGE('',*,*,#5657,.T.);
#8046=ORIENTED_EDGE('',*,*,#5672,.T.);
#8047=ORIENTED_EDGE('',*,*,#4994,.F.);
#8048=ORIENTED_EDGE('',*,*,#5673,.F.);
#8049=ORIENTED_EDGE('',*,*,#5658,.T.);
#8050=ORIENTED_EDGE('',*,*,#5673,.T.);
#8051=ORIENTED_EDGE('',*,*,#4993,.F.);
#8052=ORIENTED_EDGE('',*,*,#5674,.F.);
#8053=ORIENTED_EDGE('',*,*,#5659,.T.);
#8054=ORIENTED_EDGE('',*,*,#5674,.T.);
#8055=ORIENTED_EDGE('',*,*,#4992,.F.);
#8056=ORIENTED_EDGE('',*,*,#5675,.F.);
#8057=ORIENTED_EDGE('',*,*,#5660,.T.);
#8058=ORIENTED_EDGE('',*,*,#5675,.T.);
#8059=ORIENTED_EDGE('',*,*,#4991,.F.);
#8060=ORIENTED_EDGE('',*,*,#5676,.F.);
#8061=ORIENTED_EDGE('',*,*,#5661,.T.);
#8062=ORIENTED_EDGE('',*,*,#5676,.T.);
#8063=ORIENTED_EDGE('',*,*,#4990,.F.);
#8064=ORIENTED_EDGE('',*,*,#5677,.F.);
#8065=ORIENTED_EDGE('',*,*,#5662,.T.);
#8066=ORIENTED_EDGE('',*,*,#5677,.T.);
#8067=ORIENTED_EDGE('',*,*,#4989,.F.);
#8068=ORIENTED_EDGE('',*,*,#5678,.F.);
#8069=ORIENTED_EDGE('',*,*,#5663,.T.);
#8070=ORIENTED_EDGE('',*,*,#5678,.T.);
#8071=ORIENTED_EDGE('',*,*,#4988,.F.);
#8072=ORIENTED_EDGE('',*,*,#5679,.F.);
#8073=ORIENTED_EDGE('',*,*,#5664,.T.);
#8074=ORIENTED_EDGE('',*,*,#5679,.T.);
#8075=ORIENTED_EDGE('',*,*,#4987,.F.);
#8076=ORIENTED_EDGE('',*,*,#5680,.F.);
#8077=ORIENTED_EDGE('',*,*,#5665,.T.);
#8078=ORIENTED_EDGE('',*,*,#5680,.T.);
#8079=ORIENTED_EDGE('',*,*,#4986,.F.);
#8080=ORIENTED_EDGE('',*,*,#5666,.F.);
#8081=ORIENTED_EDGE('',*,*,#5601,.T.);
#8082=ORIENTED_EDGE('',*,*,#5605,.T.);
#8083=ORIENTED_EDGE('',*,*,#5608,.T.);
#8084=ORIENTED_EDGE('',*,*,#5611,.T.);
#8085=ORIENTED_EDGE('',*,*,#5614,.T.);
#8086=ORIENTED_EDGE('',*,*,#5617,.T.);
#8087=ORIENTED_EDGE('',*,*,#5620,.T.);
#8088=ORIENTED_EDGE('',*,*,#5622,.T.);
#8089=ORIENTED_EDGE('',*,*,#5568,.T.);
#8090=ORIENTED_EDGE('',*,*,#5572,.T.);
#8091=ORIENTED_EDGE('',*,*,#5575,.T.);
#8092=ORIENTED_EDGE('',*,*,#5578,.T.);
#8093=ORIENTED_EDGE('',*,*,#5580,.T.);
#8094=ORIENTED_EDGE('',*,*,#4669,.T.);
#8095=ORIENTED_EDGE('',*,*,#4678,.F.);
#8096=ORIENTED_EDGE('',*,*,#4663,.F.);
#8097=ORIENTED_EDGE('',*,*,#4684,.F.);
#8098=ORIENTED_EDGE('',*,*,#4927,.F.);
#8099=ORIENTED_EDGE('',*,*,#5681,.F.);
#8100=ORIENTED_EDGE('',*,*,#5682,.F.);
#8101=ORIENTED_EDGE('',*,*,#4936,.F.);
#8102=ORIENTED_EDGE('',*,*,#4939,.F.);
#8103=ORIENTED_EDGE('',*,*,#4698,.F.);
#8104=ORIENTED_EDGE('',*,*,#5683,.T.);
#8105=ORIENTED_EDGE('',*,*,#5683,.F.);
#8106=ORIENTED_EDGE('',*,*,#5684,.T.);
#8107=ORIENTED_EDGE('',*,*,#5685,.T.);
#8108=ORIENTED_EDGE('',*,*,#5684,.F.);
#8109=ORIENTED_EDGE('',*,*,#4934,.T.);
#8110=ORIENTED_EDGE('',*,*,#5685,.F.);
#8111=ORIENTED_EDGE('',*,*,#4938,.T.);
#8112=ORIENTED_EDGE('',*,*,#5686,.T.);
#8113=ORIENTED_EDGE('',*,*,#4932,.T.);
#8114=ORIENTED_EDGE('',*,*,#4929,.F.);
#8115=ORIENTED_EDGE('',*,*,#5687,.T.);
#8116=ORIENTED_EDGE('',*,*,#5688,.T.);
#8117=ORIENTED_EDGE('',*,*,#5689,.F.);
#8118=ORIENTED_EDGE('',*,*,#5688,.F.);
#8119=ORIENTED_EDGE('',*,*,#5689,.T.);
#8120=ORIENTED_EDGE('',*,*,#4693,.T.);
#8121=ORIENTED_EDGE('',*,*,#5690,.F.);
#8122=ORIENTED_EDGE('',*,*,#5690,.T.);
#8123=ORIENTED_EDGE('',*,*,#5691,.T.);
#8124=ORIENTED_EDGE('',*,*,#5692,.F.);
#8125=ORIENTED_EDGE('',*,*,#5691,.F.);
#8126=ORIENTED_EDGE('',*,*,#5687,.F.);
#8127=ORIENTED_EDGE('',*,*,#5692,.T.);
#8128=ORIENTED_EDGE('',*,*,#5693,.T.);
#8129=ORIENTED_EDGE('',*,*,#5694,.T.);
#8130=ORIENTED_EDGE('',*,*,#4973,.F.);
#8131=ORIENTED_EDGE('',*,*,#4961,.F.);
#8132=ORIENTED_EDGE('',*,*,#5695,.F.);
#8133=ORIENTED_EDGE('',*,*,#5696,.F.);
#8134=ORIENTED_EDGE('',*,*,#4974,.F.);
#8135=ORIENTED_EDGE('',*,*,#5694,.F.);
#8136=ORIENTED_EDGE('',*,*,#4708,.T.);
#8137=ORIENTED_EDGE('',*,*,#5697,.F.);
#8138=ORIENTED_EDGE('',*,*,#5697,.T.);
#8139=ORIENTED_EDGE('',*,*,#5698,.T.);
#8140=ORIENTED_EDGE('',*,*,#5699,.F.);
#8141=ORIENTED_EDGE('',*,*,#5698,.F.);
#8142=ORIENTED_EDGE('',*,*,#5693,.F.);
#8143=ORIENTED_EDGE('',*,*,#5699,.T.);
#8144=ORIENTED_EDGE('',*,*,#5695,.T.);
#8145=ORIENTED_EDGE('',*,*,#4960,.F.);
#8146=ORIENTED_EDGE('',*,*,#5700,.T.);
#8147=ORIENTED_EDGE('',*,*,#5701,.T.);
#8148=ORIENTED_EDGE('',*,*,#4976,.T.);
#8149=ORIENTED_EDGE('',*,*,#5702,.T.);
#8150=ORIENTED_EDGE('',*,*,#4633,.T.);
#8151=ORIENTED_EDGE('',*,*,#4963,.F.);
#8152=ORIENTED_EDGE('',*,*,#4975,.T.);
#8153=ORIENTED_EDGE('',*,*,#5696,.T.);
#8154=ORIENTED_EDGE('',*,*,#5701,.F.);
#8155=ORIENTED_EDGE('',*,*,#5703,.T.);
#8156=ORIENTED_EDGE('',*,*,#5704,.T.);
#8157=ORIENTED_EDGE('',*,*,#4634,.T.);
#8158=ORIENTED_EDGE('',*,*,#5702,.F.);
#8159=ORIENTED_EDGE('',*,*,#5705,.F.);
#8160=ORIENTED_EDGE('',*,*,#5706,.T.);
#8161=ORIENTED_EDGE('',*,*,#5707,.T.);
#8162=ORIENTED_EDGE('',*,*,#5706,.F.);
#8163=ORIENTED_EDGE('',*,*,#5707,.F.);
#8164=ORIENTED_EDGE('',*,*,#4703,.F.);
#8165=ORIENTED_EDGE('',*,*,#5708,.T.);
#8166=ORIENTED_EDGE('',*,*,#5708,.F.);
#8167=ORIENTED_EDGE('',*,*,#5709,.T.);
#8168=ORIENTED_EDGE('',*,*,#5710,.T.);
#8169=ORIENTED_EDGE('',*,*,#5709,.F.);
#8170=ORIENTED_EDGE('',*,*,#5705,.T.);
#8171=ORIENTED_EDGE('',*,*,#5710,.F.);
#8172=ORIENTED_EDGE('',*,*,#4856,.F.);
#8173=ORIENTED_EDGE('',*,*,#4915,.F.);
#8174=ORIENTED_EDGE('',*,*,#4890,.T.);
#8175=ORIENTED_EDGE('',*,*,#5711,.F.);
#8176=ORIENTED_EDGE('',*,*,#4851,.F.);
#8177=ORIENTED_EDGE('',*,*,#4855,.F.);
#8178=ORIENTED_EDGE('',*,*,#5712,.T.);
#8179=ORIENTED_EDGE('',*,*,#4888,.T.);
#8180=ORIENTED_EDGE('',*,*,#4916,.F.);
#8181=ORIENTED_EDGE('',*,*,#4864,.F.);
#8182=ORIENTED_EDGE('',*,*,#5071,.F.);
#8183=ORIENTED_EDGE('',*,*,#4750,.F.);
#8184=ORIENTED_EDGE('',*,*,#4753,.T.);
#8185=ORIENTED_EDGE('',*,*,#4755,.T.);
#8186=ORIENTED_EDGE('',*,*,#4757,.T.);
#8187=ORIENTED_EDGE('',*,*,#4759,.F.);
#8188=ORIENTED_EDGE('',*,*,#5713,.F.);
#8189=ORIENTED_EDGE('',*,*,#5713,.T.);
#8190=ORIENTED_EDGE('',*,*,#5714,.T.);
#8191=ORIENTED_EDGE('',*,*,#5712,.F.);
#8192=ORIENTED_EDGE('',*,*,#4853,.F.);
#8193=ORIENTED_EDGE('',*,*,#5711,.T.);
#8194=ORIENTED_EDGE('',*,*,#4889,.F.);
#8195=ORIENTED_EDGE('',*,*,#5714,.F.);
#8196=ORIENTED_EDGE('',*,*,#4842,.F.);
#8197=ORIENTED_EDGE('',*,*,#5715,.T.);
#8198=ORIENTED_EDGE('',*,*,#4894,.T.);
#8199=ORIENTED_EDGE('',*,*,#4912,.F.);
#8200=ORIENTED_EDGE('',*,*,#4848,.F.);
#8201=ORIENTED_EDGE('',*,*,#4840,.F.);
#8202=ORIENTED_EDGE('',*,*,#5716,.T.);
#8203=ORIENTED_EDGE('',*,*,#4895,.T.);
#8204=ORIENTED_EDGE('',*,*,#5715,.F.);
#8205=ORIENTED_EDGE('',*,*,#4843,.F.);
#8206=ORIENTED_EDGE('',*,*,#4911,.F.);
#8207=ORIENTED_EDGE('',*,*,#4896,.T.);
#8208=ORIENTED_EDGE('',*,*,#5716,.F.);
#8209=ORIENTED_EDGE('',*,*,#4838,.F.);
#8210=ORIENTED_EDGE('',*,*,#4898,.F.);
#8211=ORIENTED_EDGE('',*,*,#5717,.T.);
#8212=ORIENTED_EDGE('',*,*,#5718,.T.);
#8213=ORIENTED_EDGE('',*,*,#5717,.F.);
#8214=ORIENTED_EDGE('',*,*,#5718,.F.);
#8215=ORIENTED_EDGE('',*,*,#4789,.F.);
#8216=ORIENTED_EDGE('',*,*,#5719,.T.);
#8217=ORIENTED_EDGE('',*,*,#4653,.T.);
#8218=ORIENTED_EDGE('',*,*,#4947,.F.);
#8219=ORIENTED_EDGE('',*,*,#4792,.F.);
#8220=ORIENTED_EDGE('',*,*,#4949,.F.);
#8221=ORIENTED_EDGE('',*,*,#4654,.T.);
#8222=ORIENTED_EDGE('',*,*,#5719,.F.);
#8223=ORIENTED_EDGE('',*,*,#4787,.F.);
#8224=ORIENTED_EDGE('',*,*,#4805,.F.);
#8225=ORIENTED_EDGE('',*,*,#4944,.F.);
#8226=ORIENTED_EDGE('',*,*,#4648,.T.);
#8227=ORIENTED_EDGE('',*,*,#5720,.T.);
#8228=ORIENTED_EDGE('',*,*,#4800,.F.);
#8229=ORIENTED_EDGE('',*,*,#4659,.T.);
#8230=ORIENTED_EDGE('',*,*,#5721,.T.);
#8231=ORIENTED_EDGE('',*,*,#5722,.T.);
#8232=ORIENTED_EDGE('',*,*,#5721,.F.);
#8233=ORIENTED_EDGE('',*,*,#5722,.F.);
#8234=ORIENTED_EDGE('',*,*,#4743,.F.);
#8235=ORIENTED_EDGE('',*,*,#4981,.F.);
#8236=ORIENTED_EDGE('',*,*,#5723,.F.);
#8237=ORIENTED_EDGE('',*,*,#5724,.F.);
#8238=ORIENTED_EDGE('',*,*,#4745,.F.);
#8239=ORIENTED_EDGE('',*,*,#5724,.T.);
#8240=ORIENTED_EDGE('',*,*,#5725,.F.);
#8241=ORIENTED_EDGE('',*,*,#5069,.F.);
#8242=ORIENTED_EDGE('',*,*,#5726,.T.);
#8243=ORIENTED_EDGE('',*,*,#5727,.T.);
#8244=ORIENTED_EDGE('',*,*,#4942,.T.);
#8245=ORIENTED_EDGE('',*,*,#4802,.F.);
#8246=ORIENTED_EDGE('',*,*,#5720,.F.);
#8247=ORIENTED_EDGE('',*,*,#4647,.T.);
#8248=ORIENTED_EDGE('',*,*,#5727,.F.);
#8249=ORIENTED_EDGE('',*,*,#5725,.T.);
#8250=ORIENTED_EDGE('',*,*,#5723,.T.);
#8251=ORIENTED_EDGE('',*,*,#4980,.F.);
#8252=ORIENTED_EDGE('',*,*,#4984,.F.);
#8253=ORIENTED_EDGE('',*,*,#5068,.F.);
#8254=ORIENTED_EDGE('',*,*,#5070,.T.);
#8255=ORIENTED_EDGE('',*,*,#5726,.F.);
#8256=ORIENTED_EDGE('',*,*,#4543,.T.);
#8257=ORIENTED_EDGE('',*,*,#4809,.F.);
#8258=ORIENTED_EDGE('',*,*,#4941,.F.);
#8259=ORIENTED_EDGE('',*,*,#4644,.F.);
#8260=ORIENTED_EDGE('',*,*,#4959,.F.);
#8261=ORIENTED_EDGE('',*,*,#4968,.F.);
#8262=ORIENTED_EDGE('',*,*,#5728,.T.);
#8263=ORIENTED_EDGE('',*,*,#4463,.F.);
#8264=ORIENTED_EDGE('',*,*,#4906,.F.);
#8265=ORIENTED_EDGE('',*,*,#5729,.F.);
#8266=ORIENTED_EDGE('',*,*,#5730,.F.);
#8267=ORIENTED_EDGE('',*,*,#5703,.F.);
#8268=ORIENTED_EDGE('',*,*,#5700,.F.);
#8269=ORIENTED_EDGE('',*,*,#4464,.F.);
#8270=ORIENTED_EDGE('',*,*,#5728,.F.);
#8271=ORIENTED_EDGE('',*,*,#4967,.F.);
#8272=ORIENTED_EDGE('',*,*,#5731,.F.);
#8273=ORIENTED_EDGE('',*,*,#5732,.F.);
#8274=ORIENTED_EDGE('',*,*,#5733,.F.);
#8275=ORIENTED_EDGE('',*,*,#4585,.F.);
#8276=ORIENTED_EDGE('',*,*,#4931,.T.);
#8277=ORIENTED_EDGE('',*,*,#4902,.T.);
#8278=ORIENTED_EDGE('',*,*,#4910,.F.);
#8279=ORIENTED_EDGE('',*,*,#4767,.F.);
#8280=ORIENTED_EDGE('',*,*,#4955,.T.);
#8281=ORIENTED_EDGE('',*,*,#4472,.T.);
#8282=ORIENTED_EDGE('',*,*,#4473,.T.);
#8283=ORIENTED_EDGE('',*,*,#4930,.T.);
#8284=ORIENTED_EDGE('',*,*,#4923,.F.);
#8285=ORIENTED_EDGE('',*,*,#4878,.T.);
#8286=ORIENTED_EDGE('',*,*,#4908,.T.);
#8287=ORIENTED_EDGE('',*,*,#4921,.F.);
#8288=ORIENTED_EDGE('',*,*,#4933,.T.);
#8289=ORIENTED_EDGE('',*,*,#5686,.F.);
#8290=ORIENTED_EDGE('',*,*,#4937,.T.);
#8291=ORIENTED_EDGE('',*,*,#5682,.T.);
#8292=ORIENTED_EDGE('',*,*,#5734,.F.);
#8293=ORIENTED_EDGE('',*,*,#4881,.T.);
#8294=ORIENTED_EDGE('',*,*,#5681,.T.);
#8295=ORIENTED_EDGE('',*,*,#4926,.F.);
#8296=ORIENTED_EDGE('',*,*,#4882,.T.);
#8297=ORIENTED_EDGE('',*,*,#5734,.T.);
#8298=ORIENTED_EDGE('',*,*,#4978,.F.);
#8299=ORIENTED_EDGE('',*,*,#5735,.F.);
#8300=ORIENTED_EDGE('',*,*,#5736,.F.);
#8301=ORIENTED_EDGE('',*,*,#5737,.F.);
#8302=ORIENTED_EDGE('',*,*,#5731,.T.);
#8303=ORIENTED_EDGE('',*,*,#4966,.F.);
#8304=ORIENTED_EDGE('',*,*,#5733,.T.);
#8305=ORIENTED_EDGE('',*,*,#5738,.T.);
#8306=ORIENTED_EDGE('',*,*,#5739,.T.);
#8307=ORIENTED_EDGE('',*,*,#5196,.F.);
#8308=ORIENTED_EDGE('',*,*,#5199,.F.);
#8309=ORIENTED_EDGE('',*,*,#5200,.F.);
#8310=ORIENTED_EDGE('',*,*,#4586,.F.);
#8311=ORIENTED_EDGE('',*,*,#4520,.T.);
#8312=ORIENTED_EDGE('',*,*,#4614,.F.);
#8313=ORIENTED_EDGE('',*,*,#5740,.F.);
#8314=ORIENTED_EDGE('',*,*,#4969,.F.);
#8315=ORIENTED_EDGE('',*,*,#4775,.F.);
#8316=ORIENTED_EDGE('',*,*,#4595,.F.);
#8317=ORIENTED_EDGE('',*,*,#4658,.F.);
#8318=ORIENTED_EDGE('',*,*,#4951,.F.);
#8319=ORIENTED_EDGE('',*,*,#4784,.F.);
#8320=ORIENTED_EDGE('',*,*,#4867,.F.);
#8321=ORIENTED_EDGE('',*,*,#4919,.F.);
#8322=ORIENTED_EDGE('',*,*,#4884,.T.);
#8323=ORIENTED_EDGE('',*,*,#4580,.F.);
#8324=ORIENTED_EDGE('',*,*,#4866,.F.);
#8325=ORIENTED_EDGE('',*,*,#4511,.T.);
#8326=ORIENTED_EDGE('',*,*,#4593,.T.);
#8327=ORIENTED_EDGE('',*,*,#5741,.F.);
#8328=ORIENTED_EDGE('',*,*,#4558,.F.);
#8329=ORIENTED_EDGE('',*,*,#4953,.F.);
#8330=ORIENTED_EDGE('',*,*,#4957,.T.);
#8331=ORIENTED_EDGE('',*,*,#5742,.T.);
#8332=ORIENTED_EDGE('',*,*,#4641,.T.);
#8333=ORIENTED_EDGE('',*,*,#5729,.T.);
#8334=ORIENTED_EDGE('',*,*,#4905,.T.);
#8335=ORIENTED_EDGE('',*,*,#4636,.T.);
#8336=ORIENTED_EDGE('',*,*,#5743,.F.);
#8337=ORIENTED_EDGE('',*,*,#5730,.T.);
#8338=ORIENTED_EDGE('',*,*,#5743,.T.);
#8339=ORIENTED_EDGE('',*,*,#4635,.T.);
#8340=ORIENTED_EDGE('',*,*,#5704,.F.);
#8341=ORIENTED_EDGE('',*,*,#5732,.T.);
#8342=ORIENTED_EDGE('',*,*,#5737,.T.);
#8343=ORIENTED_EDGE('',*,*,#5744,.F.);
#8344=ORIENTED_EDGE('',*,*,#5738,.F.);
#8345=ORIENTED_EDGE('',*,*,#4478,.T.);
#8346=ORIENTED_EDGE('',*,*,#4479,.T.);
#8347=ORIENTED_EDGE('',*,*,#4875,.T.);
#8348=ORIENTED_EDGE('',*,*,#4769,.F.);
#8349=ORIENTED_EDGE('',*,*,#4909,.T.);
#8350=ORIENTED_EDGE('',*,*,#4872,.F.);
#8351=ORIENTED_EDGE('',*,*,#4642,.T.);
#8352=ORIENTED_EDGE('',*,*,#5742,.F.);
#8353=ORIENTED_EDGE('',*,*,#4956,.T.);
#8354=ORIENTED_EDGE('',*,*,#4765,.F.);
#8355=ORIENTED_EDGE('',*,*,#4971,.T.);
#8356=ORIENTED_EDGE('',*,*,#5745,.F.);
#8357=ORIENTED_EDGE('',*,*,#5735,.T.);
#8358=ORIENTED_EDGE('',*,*,#4977,.T.);
#8359=ORIENTED_EDGE('',*,*,#5739,.F.);
#8360=ORIENTED_EDGE('',*,*,#5744,.T.);
#8361=ORIENTED_EDGE('',*,*,#5736,.T.);
#8362=ORIENTED_EDGE('',*,*,#5745,.T.);
#8363=ORIENTED_EDGE('',*,*,#4970,.F.);
#8364=ORIENTED_EDGE('',*,*,#5740,.T.);
#8365=ORIENTED_EDGE('',*,*,#4613,.F.);
#8366=ORIENTED_EDGE('',*,*,#4821,.F.);
#8367=ORIENTED_EDGE('',*,*,#4559,.F.);
#8368=ORIENTED_EDGE('',*,*,#5741,.T.);
#8369=ORIENTED_EDGE('',*,*,#4592,.T.);
#8370=ORIENTED_EDGE('',*,*,#5197,.F.);
#8371=ORIENTED_EDGE('',*,*,#5247,.T.);
#8372=ORIENTED_EDGE('',*,*,#5251,.T.);
#8373=ORIENTED_EDGE('',*,*,#5254,.T.);
#8374=ORIENTED_EDGE('',*,*,#5256,.T.);
#8375=ORIENTED_EDGE('',*,*,#5533,.T.);
#8376=ORIENTED_EDGE('',*,*,#5537,.T.);
#8377=ORIENTED_EDGE('',*,*,#5539,.T.);
#8378=CONICAL_SURFACE('',#8918,1.65,0.785398163397448);
#8379=CONICAL_SURFACE('',#8945,1.65,0.785398163397448);
#8380=CONICAL_SURFACE('',#8949,1.65,0.78539816339745);
#8381=CONICAL_SURFACE('',#8956,1.65,0.78539816339745);
#8382=CONICAL_SURFACE('',#8965,1.75,0.785398163397451);
#8383=CONICAL_SURFACE('',#8972,1.75,0.785398163397451);
#8384=CONICAL_SURFACE('',#8979,1.75,0.785398163397448);
#8385=CONICAL_SURFACE('',#8987,1.75,0.785398163397448);
#8386=CONICAL_SURFACE('',#9027,1.41,0.0349065850398864);
#8387=CONICAL_SURFACE('',#9029,1.41,0.0349065850398864);
#8388=CONICAL_SURFACE('',#9041,3.275,0.785398163397459);
#8389=CONICAL_SURFACE('',#9046,3.275,0.785398163397459);
#8390=CONICAL_SURFACE('',#9051,3.275,0.785398163397459);
#8391=CONICAL_SURFACE('',#9056,3.275,0.785398163397459);
#8392=CONICAL_SURFACE('',#9062,0.299999999999999,0.78539816339745);
#8393=CONICAL_SURFACE('',#9065,0.299999999999999,0.78539816339745);
#8394=CONICAL_SURFACE('',#9068,0.299999999999999,0.78539816339745);
#8395=CONICAL_SURFACE('',#9071,3.4,0.785398163397448);
#8396=CONICAL_SURFACE('',#9074,0.3,0.785398163397448);
#8397=CONICAL_SURFACE('',#9077,0.299999999999999,0.78539816339745);
#8398=CONICAL_SURFACE('',#9080,0.299999999999999,0.78539816339745);
#8399=CONICAL_SURFACE('',#9083,0.299999999999999,0.78539816339745);
#8400=CONICAL_SURFACE('',#9086,3.4,0.785398163397448);
#8401=CONICAL_SURFACE('',#9089,0.299999999999999,0.78539816339745);
#8402=CONICAL_SURFACE('',#9111,1.9,0.785398163397449);
#8403=CONICAL_SURFACE('',#9115,1.9,0.785398163397448);
#8404=CONICAL_SURFACE('',#9121,0.299999999999999,0.78539816339745);
#8405=CONICAL_SURFACE('',#9124,0.299999999999999,0.78539816339745);
#8406=CONICAL_SURFACE('',#9133,0.299999999999999,0.78539816339745);
#8407=CONICAL_SURFACE('',#9135,0.299999999999999,0.78539816339745);
#8408=CONICAL_SURFACE('',#9140,1.9,0.785398163397449);
#8409=CONICAL_SURFACE('',#9144,1.9,0.785398163397448);
#8410=CONICAL_SURFACE('',#9185,20.3,0.698131700797736);
#8411=CONICAL_SURFACE('',#9438,20.3,0.698131700797736);
#8412=ADVANCED_FACE('',(#915),#8378,.F.);
#8413=ADVANCED_FACE('',(#916,#663,#664,#665,#666,#667,#668,#669,#670,#671,
#672,#673,#674,#675,#676,#677),#716,.T.);
#8414=ADVANCED_FACE('',(#917),#214,.F.);
#8415=ADVANCED_FACE('',(#918),#8379,.F.);
#8416=ADVANCED_FACE('',(#919),#215,.F.);
#8417=ADVANCED_FACE('',(#920),#8380,.F.);
#8418=ADVANCED_FACE('',(#921),#216,.F.);
#8419=ADVANCED_FACE('',(#922),#8381,.F.);
#8420=ADVANCED_FACE('',(#923),#217,.F.);
#8421=ADVANCED_FACE('',(#924),#717,.T.);
#8422=ADVANCED_FACE('',(#925),#718,.T.);
#8423=ADVANCED_FACE('',(#926),#8382,.F.);
#8424=ADVANCED_FACE('',(#927),#218,.F.);
#8425=ADVANCED_FACE('',(#928),#8383,.F.);
#8426=ADVANCED_FACE('',(#929),#219,.F.);
#8427=ADVANCED_FACE('',(#930),#8384,.F.);
#8428=ADVANCED_FACE('',(#931),#220,.F.);
#8429=ADVANCED_FACE('',(#932),#8385,.F.);
#8430=ADVANCED_FACE('',(#933),#221,.F.);
#8431=ADVANCED_FACE('',(#934),#719,.F.);
#8432=ADVANCED_FACE('',(#935),#720,.T.);
#8433=ADVANCED_FACE('',(#936),#222,.F.);
#8434=ADVANCED_FACE('',(#937),#223,.F.);
#8435=ADVANCED_FACE('',(#938),#224,.F.);
#8436=ADVANCED_FACE('',(#939),#721,.F.);
#8437=ADVANCED_FACE('',(#940),#225,.F.);
#8438=ADVANCED_FACE('',(#941),#722,.F.);
#8439=ADVANCED_FACE('',(#942),#723,.T.);
#8440=ADVANCED_FACE('',(#943),#226,.F.);
#8441=ADVANCED_FACE('',(#944,#678),#724,.T.);
#8442=ADVANCED_FACE('',(#945),#35,.T.);
#8443=ADVANCED_FACE('',(#946),#8386,.F.);
#8444=ADVANCED_FACE('',(#947),#36,.T.);
#8445=ADVANCED_FACE('',(#948),#8387,.F.);
#8446=ADVANCED_FACE('',(#949),#37,.T.);
#8447=ADVANCED_FACE('',(#950,#679),#227,.F.);
#8448=ADVANCED_FACE('',(#951),#228,.F.);
#8449=ADVANCED_FACE('',(#952),#38,.T.);
#8450=ADVANCED_FACE('',(#953),#229,.F.);
#8451=ADVANCED_FACE('',(#954,#680),#230,.F.);
#8452=ADVANCED_FACE('',(#955),#8388,.F.);
#8453=ADVANCED_FACE('',(#956),#231,.F.);
#8454=ADVANCED_FACE('',(#957),#8389,.F.);
#8455=ADVANCED_FACE('',(#958),#232,.F.);
#8456=ADVANCED_FACE('',(#959),#8390,.F.);
#8457=ADVANCED_FACE('',(#960),#233,.F.);
#8458=ADVANCED_FACE('',(#961),#8391,.F.);
#8459=ADVANCED_FACE('',(#962),#234,.F.);
#8460=ADVANCED_FACE('',(#963),#725,.T.);
#8461=ADVANCED_FACE('',(#964),#8392,.T.);
#8462=ADVANCED_FACE('',(#965),#726,.T.);
#8463=ADVANCED_FACE('',(#966),#8393,.T.);
#8464=ADVANCED_FACE('',(#967),#727,.T.);
#8465=ADVANCED_FACE('',(#968),#8394,.T.);
#8466=ADVANCED_FACE('',(#969),#728,.T.);
#8467=ADVANCED_FACE('',(#970),#8395,.F.);
#8468=ADVANCED_FACE('',(#971),#729,.T.);
#8469=ADVANCED_FACE('',(#972),#8396,.T.);
#8470=ADVANCED_FACE('',(#973),#730,.T.);
#8471=ADVANCED_FACE('',(#974),#8397,.T.);
#8472=ADVANCED_FACE('',(#975),#731,.T.);
#8473=ADVANCED_FACE('',(#976),#8398,.T.);
#8474=ADVANCED_FACE('',(#977),#732,.T.);
#8475=ADVANCED_FACE('',(#978),#8399,.T.);
#8476=ADVANCED_FACE('',(#979),#733,.T.);
#8477=ADVANCED_FACE('',(#980),#8400,.F.);
#8478=ADVANCED_FACE('',(#981),#734,.T.);
#8479=ADVANCED_FACE('',(#982),#8401,.T.);
#8480=ADVANCED_FACE('',(#983),#235,.T.);
#8481=ADVANCED_FACE('',(#984),#735,.F.);
#8482=ADVANCED_FACE('',(#985),#236,.F.);
#8483=ADVANCED_FACE('',(#986),#736,.F.);
#8484=ADVANCED_FACE('',(#987),#237,.T.);
#8485=ADVANCED_FACE('',(#988),#238,.T.);
#8486=ADVANCED_FACE('',(#989),#737,.T.);
#8487=ADVANCED_FACE('',(#990),#239,.T.);
#8488=ADVANCED_FACE('',(#991),#738,.T.);
#8489=ADVANCED_FACE('',(#992),#39,.T.);
#8490=ADVANCED_FACE('',(#993),#739,.T.);
#8491=ADVANCED_FACE('',(#994),#40,.T.);
#8492=ADVANCED_FACE('',(#995),#41,.T.);
#8493=ADVANCED_FACE('',(#996),#740,.T.);
#8494=ADVANCED_FACE('',(#997),#8402,.F.);
#8495=ADVANCED_FACE('',(#998),#741,.T.);
#8496=ADVANCED_FACE('',(#999),#42,.T.);
#8497=ADVANCED_FACE('',(#1000),#43,.T.);
#8498=ADVANCED_FACE('',(#1001),#44,.T.);
#8499=ADVANCED_FACE('',(#1002),#45,.T.);
#8500=ADVANCED_FACE('',(#1003),#742,.T.);
#8501=ADVANCED_FACE('',(#1004),#8403,.F.);
#8502=ADVANCED_FACE('',(#1005),#743,.T.);
#8503=ADVANCED_FACE('',(#1006),#46,.T.);
#8504=ADVANCED_FACE('',(#1007),#47,.T.);
#8505=ADVANCED_FACE('',(#1008),#744,.T.);
#8506=ADVANCED_FACE('',(#1009),#745,.T.);
#8507=ADVANCED_FACE('',(#1010),#8404,.T.);
#8508=ADVANCED_FACE('',(#1011),#746,.T.);
#8509=ADVANCED_FACE('',(#1012),#8405,.T.);
#8510=ADVANCED_FACE('',(#1013),#747,.T.);
#8511=ADVANCED_FACE('',(#1014),#48,.T.);
#8512=ADVANCED_FACE('',(#1015),#240,.F.);
#8513=ADVANCED_FACE('',(#1016),#748,.T.);
#8514=ADVANCED_FACE('',(#1017),#749,.T.);
#8515=ADVANCED_FACE('',(#1018),#8406,.T.);
#8516=ADVANCED_FACE('',(#1019),#750,.T.);
#8517=ADVANCED_FACE('',(#1020),#8407,.T.);
#8518=ADVANCED_FACE('',(#1021),#751,.T.);
#8519=ADVANCED_FACE('',(#1022),#752,.T.);
#8520=ADVANCED_FACE('',(#1023),#49,.T.);
#8521=ADVANCED_FACE('',(#1024),#753,.T.);
#8522=ADVANCED_FACE('',(#1025),#8408,.F.);
#8523=ADVANCED_FACE('',(#1026),#754,.T.);
#8524=ADVANCED_FACE('',(#1027),#50,.T.);
#8525=ADVANCED_FACE('',(#1028),#51,.T.);
#8526=ADVANCED_FACE('',(#1029),#52,.T.);
#8527=ADVANCED_FACE('',(#1030),#53,.T.);
#8528=ADVANCED_FACE('',(#1031),#755,.T.);
#8529=ADVANCED_FACE('',(#1032),#8409,.F.);
#8530=ADVANCED_FACE('',(#1033),#756,.T.);
#8531=ADVANCED_FACE('',(#1034),#54,.T.);
#8532=ADVANCED_FACE('',(#1035),#55,.T.);
#8533=ADVANCED_FACE('',(#1036),#757,.T.);
#8534=ADVANCED_FACE('',(#1037),#56,.T.);
#8535=ADVANCED_FACE('',(#1038),#57,.T.);
#8536=ADVANCED_FACE('',(#1039),#758,.T.);
#8537=ADVANCED_FACE('',(#1040),#58,.T.);
#8538=ADVANCED_FACE('',(#1041),#15,.T.);
#8539=ADVANCED_FACE('',(#1042),#759,.F.);
#8540=ADVANCED_FACE('',(#1043,#681),#760,.F.);
#8541=ADVANCED_FACE('',(#1044),#16,.T.);
#8542=ADVANCED_FACE('',(#1045),#761,.F.);
#8543=ADVANCED_FACE('',(#1046),#762,.T.);
#8544=ADVANCED_FACE('',(#1047),#17,.T.);
#8545=ADVANCED_FACE('',(#1048),#241,.F.);
#8546=ADVANCED_FACE('',(#1049),#18,.T.);
#8547=ADVANCED_FACE('',(#1050),#242,.F.);
#8548=ADVANCED_FACE('',(#1051),#19,.T.);
#8549=ADVANCED_FACE('',(#1052),#20,.T.);
#8550=ADVANCED_FACE('',(#1053),#243,.F.);
#8551=ADVANCED_FACE('',(#1054),#21,.T.);
#8552=ADVANCED_FACE('',(#1055),#22,.T.);
#8553=ADVANCED_FACE('',(#1056),#8410,.F.);
#8554=ADVANCED_FACE('',(#1057),#23,.T.);
#8555=ADVANCED_FACE('',(#1058),#763,.F.);
#8556=ADVANCED_FACE('',(#1059),#244,.F.);
#8557=ADVANCED_FACE('',(#1060),#24,.T.);
#8558=ADVANCED_FACE('',(#1061),#764,.F.);
#8559=ADVANCED_FACE('',(#1062),#25,.T.);
#8560=ADVANCED_FACE('',(#1063),#245,.F.);
#8561=ADVANCED_FACE('',(#1064),#26,.T.);
#8562=ADVANCED_FACE('',(#1065),#765,.F.);
#8563=ADVANCED_FACE('',(#1066),#27,.T.);
#8564=ADVANCED_FACE('',(#1067),#246,.F.);
#8565=ADVANCED_FACE('',(#1068),#28,.T.);
#8566=ADVANCED_FACE('',(#1069),#29,.T.);
#8567=ADVANCED_FACE('',(#1070),#766,.F.);
#8568=ADVANCED_FACE('',(#1071),#30,.T.);
#8569=ADVANCED_FACE('',(#1072),#31,.T.);
#8570=ADVANCED_FACE('',(#1073),#247,.F.);
#8571=ADVANCED_FACE('',(#1074),#767,.T.);
#8572=ADVANCED_FACE('',(#1075),#768,.T.);
#8573=ADVANCED_FACE('',(#1076),#32,.T.);
#8574=ADVANCED_FACE('',(#1077),#248,.T.);
#8575=ADVANCED_FACE('',(#1078,#682,#683,#684,#685,#686,#687,#688),#769,
 .T.);
#8576=ADVANCED_FACE('',(#1079),#249,.T.);
#8577=ADVANCED_FACE('',(#1080),#770,.F.);
#8578=ADVANCED_FACE('',(#1081,#689,#690,#691,#692,#693,#694,#695,#696),
#771,.T.);
#8579=ADVANCED_FACE('',(#1082),#33,.F.);
#8580=ADVANCED_FACE('',(#1083),#250,.F.);
#8581=ADVANCED_FACE('',(#1084),#34,.F.);
#8582=ADVANCED_FACE('',(#1085),#251,.T.);
#8583=ADVANCED_FACE('',(#1086),#252,.T.);
#8584=ADVANCED_FACE('',(#1087),#772,.T.);
#8585=ADVANCED_FACE('',(#1088),#773,.T.);
#8586=ADVANCED_FACE('',(#1089),#774,.T.);
#8587=ADVANCED_FACE('',(#1090),#775,.T.);
#8588=ADVANCED_FACE('',(#1091),#59,.T.);
#8589=ADVANCED_FACE('',(#1092),#60,.T.);
#8590=ADVANCED_FACE('',(#1093),#61,.T.);
#8591=ADVANCED_FACE('',(#1094),#62,.T.);
#8592=ADVANCED_FACE('',(#1095),#63,.T.);
#8593=ADVANCED_FACE('',(#1096),#776,.T.);
#8594=ADVANCED_FACE('',(#1097),#777,.T.);
#8595=ADVANCED_FACE('',(#1098),#778,.T.);
#8596=ADVANCED_FACE('',(#1099),#779,.T.);
#8597=ADVANCED_FACE('',(#1100),#780,.T.);
#8598=ADVANCED_FACE('',(#1101),#64,.T.);
#8599=ADVANCED_FACE('',(#1102),#65,.T.);
#8600=ADVANCED_FACE('',(#1103),#66,.T.);
#8601=ADVANCED_FACE('',(#1104),#781,.T.);
#8602=ADVANCED_FACE('',(#1105),#782,.T.);
#8603=ADVANCED_FACE('',(#1106),#783,.T.);
#8604=ADVANCED_FACE('',(#1107),#67,.T.);
#8605=ADVANCED_FACE('',(#1108),#68,.T.);
#8606=ADVANCED_FACE('',(#1109),#69,.T.);
#8607=ADVANCED_FACE('',(#1110),#70,.T.);
#8608=ADVANCED_FACE('',(#1111),#71,.T.);
#8609=ADVANCED_FACE('',(#1112),#72,.T.);
#8610=ADVANCED_FACE('',(#1113),#73,.T.);
#8611=ADVANCED_FACE('',(#1114,#697),#784,.T.);
#8612=ADVANCED_FACE('',(#1115),#74,.T.);
#8613=ADVANCED_FACE('',(#1116),#75,.T.);
#8614=ADVANCED_FACE('',(#1117),#76,.T.);
#8615=ADVANCED_FACE('',(#1118),#77,.T.);
#8616=ADVANCED_FACE('',(#1119),#78,.T.);
#8617=ADVANCED_FACE('',(#1120),#79,.T.);
#8618=ADVANCED_FACE('',(#1121),#80,.T.);
#8619=ADVANCED_FACE('',(#1122),#81,.T.);
#8620=ADVANCED_FACE('',(#1123),#82,.T.);
#8621=ADVANCED_FACE('',(#1124),#83,.T.);
#8622=ADVANCED_FACE('',(#1125),#84,.T.);
#8623=ADVANCED_FACE('',(#1126),#85,.T.);
#8624=ADVANCED_FACE('',(#1127,#698),#785,.T.);
#8625=ADVANCED_FACE('',(#1128),#86,.T.);
#8626=ADVANCED_FACE('',(#1129),#87,.T.);
#8627=ADVANCED_FACE('',(#1130),#88,.T.);
#8628=ADVANCED_FACE('',(#1131),#89,.T.);
#8629=ADVANCED_FACE('',(#1132),#90,.T.);
#8630=ADVANCED_FACE('',(#1133),#91,.T.);
#8631=ADVANCED_FACE('',(#1134),#92,.T.);
#8632=ADVANCED_FACE('',(#1135),#93,.T.);
#8633=ADVANCED_FACE('',(#1136),#786,.T.);
#8634=ADVANCED_FACE('',(#1137),#94,.T.);
#8635=ADVANCED_FACE('',(#1138),#95,.T.);
#8636=ADVANCED_FACE('',(#1139),#96,.T.);
#8637=ADVANCED_FACE('',(#1140),#787,.T.);
#8638=ADVANCED_FACE('',(#1141),#788,.T.);
#8639=ADVANCED_FACE('',(#1142),#97,.T.);
#8640=ADVANCED_FACE('',(#1143),#98,.T.);
#8641=ADVANCED_FACE('',(#1144),#99,.T.);
#8642=ADVANCED_FACE('',(#1145),#100,.T.);
#8643=ADVANCED_FACE('',(#1146),#101,.T.);
#8644=ADVANCED_FACE('',(#1147),#102,.T.);
#8645=ADVANCED_FACE('',(#1148),#103,.T.);
#8646=ADVANCED_FACE('',(#1149),#104,.T.);
#8647=ADVANCED_FACE('',(#1150),#789,.T.);
#8648=ADVANCED_FACE('',(#1151),#790,.T.);
#8649=ADVANCED_FACE('',(#1152),#105,.T.);
#8650=ADVANCED_FACE('',(#1153),#106,.T.);
#8651=ADVANCED_FACE('',(#1154),#107,.T.);
#8652=ADVANCED_FACE('',(#1155),#791,.T.);
#8653=ADVANCED_FACE('',(#1156),#108,.T.);
#8654=ADVANCED_FACE('',(#1157),#109,.T.);
#8655=ADVANCED_FACE('',(#1158),#110,.T.);
#8656=ADVANCED_FACE('',(#1159),#792,.T.);
#8657=ADVANCED_FACE('',(#1160),#793,.T.);
#8658=ADVANCED_FACE('',(#1161),#111,.T.);
#8659=ADVANCED_FACE('',(#1162),#112,.T.);
#8660=ADVANCED_FACE('',(#1163),#113,.T.);
#8661=ADVANCED_FACE('',(#1164),#114,.T.);
#8662=ADVANCED_FACE('',(#1165),#115,.T.);
#8663=ADVANCED_FACE('',(#1166),#116,.T.);
#8664=ADVANCED_FACE('',(#1167),#117,.T.);
#8665=ADVANCED_FACE('',(#1168),#118,.T.);
#8666=ADVANCED_FACE('',(#1169),#794,.T.);
#8667=ADVANCED_FACE('',(#1170),#795,.T.);
#8668=ADVANCED_FACE('',(#1171),#119,.T.);
#8669=ADVANCED_FACE('',(#1172),#120,.T.);
#8670=ADVANCED_FACE('',(#1173),#121,.T.);
#8671=ADVANCED_FACE('',(#1174),#796,.T.);
#8672=ADVANCED_FACE('',(#1175),#797,.T.);
#8673=ADVANCED_FACE('',(#1176),#798,.T.);
#8674=ADVANCED_FACE('',(#1177),#799,.T.);
#8675=ADVANCED_FACE('',(#1178),#800,.T.);
#8676=ADVANCED_FACE('',(#1179),#801,.T.);
#8677=ADVANCED_FACE('',(#1180),#802,.T.);
#8678=ADVANCED_FACE('',(#1181),#803,.T.);
#8679=ADVANCED_FACE('',(#1182),#804,.T.);
#8680=ADVANCED_FACE('',(#1183),#805,.T.);
#8681=ADVANCED_FACE('',(#1184),#806,.T.);
#8682=ADVANCED_FACE('',(#1185),#807,.T.);
#8683=ADVANCED_FACE('',(#1186),#808,.T.);
#8684=ADVANCED_FACE('',(#1187),#809,.T.);
#8685=ADVANCED_FACE('',(#1188),#810,.T.);
#8686=ADVANCED_FACE('',(#1189),#811,.T.);
#8687=ADVANCED_FACE('',(#1190),#812,.T.);
#8688=ADVANCED_FACE('',(#1191),#813,.T.);
#8689=ADVANCED_FACE('',(#1192),#814,.T.);
#8690=ADVANCED_FACE('',(#1193),#815,.T.);
#8691=ADVANCED_FACE('',(#1194),#816,.T.);
#8692=ADVANCED_FACE('',(#1195),#122,.T.);
#8693=ADVANCED_FACE('',(#1196),#123,.T.);
#8694=ADVANCED_FACE('',(#1197),#817,.T.);
#8695=ADVANCED_FACE('',(#1198),#818,.T.);
#8696=ADVANCED_FACE('',(#1199),#819,.T.);
#8697=ADVANCED_FACE('',(#1200),#820,.T.);
#8698=ADVANCED_FACE('',(#1201),#821,.T.);
#8699=ADVANCED_FACE('',(#1202),#822,.T.);
#8700=ADVANCED_FACE('',(#1203),#823,.T.);
#8701=ADVANCED_FACE('',(#1204),#824,.T.);
#8702=ADVANCED_FACE('',(#1205),#825,.T.);
#8703=ADVANCED_FACE('',(#1206),#124,.T.);
#8704=ADVANCED_FACE('',(#1207),#125,.T.);
#8705=ADVANCED_FACE('',(#1208),#126,.T.);
#8706=ADVANCED_FACE('',(#1209),#127,.T.);
#8707=ADVANCED_FACE('',(#1210),#128,.T.);
#8708=ADVANCED_FACE('',(#1211),#826,.T.);
#8709=ADVANCED_FACE('',(#1212),#827,.T.);
#8710=ADVANCED_FACE('',(#1213),#828,.T.);
#8711=ADVANCED_FACE('',(#1214),#829,.T.);
#8712=ADVANCED_FACE('',(#1215),#830,.T.);
#8713=ADVANCED_FACE('',(#1216),#129,.T.);
#8714=ADVANCED_FACE('',(#1217),#130,.T.);
#8715=ADVANCED_FACE('',(#1218),#131,.T.);
#8716=ADVANCED_FACE('',(#1219),#831,.T.);
#8717=ADVANCED_FACE('',(#1220),#832,.T.);
#8718=ADVANCED_FACE('',(#1221),#833,.T.);
#8719=ADVANCED_FACE('',(#1222),#132,.T.);
#8720=ADVANCED_FACE('',(#1223),#133,.T.);
#8721=ADVANCED_FACE('',(#1224),#134,.T.);
#8722=ADVANCED_FACE('',(#1225),#834,.T.);
#8723=ADVANCED_FACE('',(#1226),#835,.T.);
#8724=ADVANCED_FACE('',(#1227),#135,.T.);
#8725=ADVANCED_FACE('',(#1228),#136,.T.);
#8726=ADVANCED_FACE('',(#1229),#137,.T.);
#8727=ADVANCED_FACE('',(#1230),#836,.T.);
#8728=ADVANCED_FACE('',(#1231),#837,.T.);
#8729=ADVANCED_FACE('',(#1232),#138,.T.);
#8730=ADVANCED_FACE('',(#1233),#139,.T.);
#8731=ADVANCED_FACE('',(#1234),#140,.T.);
#8732=ADVANCED_FACE('',(#1235),#141,.T.);
#8733=ADVANCED_FACE('',(#1236),#142,.T.);
#8734=ADVANCED_FACE('',(#1237),#143,.T.);
#8735=ADVANCED_FACE('',(#1238),#144,.T.);
#8736=ADVANCED_FACE('',(#1239),#145,.T.);
#8737=ADVANCED_FACE('',(#1240),#838,.T.);
#8738=ADVANCED_FACE('',(#1241),#839,.T.);
#8739=ADVANCED_FACE('',(#1242),#146,.T.);
#8740=ADVANCED_FACE('',(#1243),#147,.T.);
#8741=ADVANCED_FACE('',(#1244),#148,.T.);
#8742=ADVANCED_FACE('',(#1245),#840,.T.);
#8743=ADVANCED_FACE('',(#1246),#841,.T.);
#8744=ADVANCED_FACE('',(#1247),#842,.T.);
#8745=ADVANCED_FACE('',(#1248),#149,.T.);
#8746=ADVANCED_FACE('',(#1249),#150,.T.);
#8747=ADVANCED_FACE('',(#1250),#843,.T.);
#8748=ADVANCED_FACE('',(#1251),#844,.T.);
#8749=ADVANCED_FACE('',(#1252),#845,.T.);
#8750=ADVANCED_FACE('',(#1253),#846,.T.);
#8751=ADVANCED_FACE('',(#1254),#847,.T.);
#8752=ADVANCED_FACE('',(#1255),#151,.T.);
#8753=ADVANCED_FACE('',(#1256),#152,.T.);
#8754=ADVANCED_FACE('',(#1257),#153,.T.);
#8755=ADVANCED_FACE('',(#1258),#848,.T.);
#8756=ADVANCED_FACE('',(#1259),#154,.T.);
#8757=ADVANCED_FACE('',(#1260),#155,.T.);
#8758=ADVANCED_FACE('',(#1261),#849,.F.);
#8759=ADVANCED_FACE('',(#1262,#699),#850,.T.);
#8760=ADVANCED_FACE('',(#1263),#156,.T.);
#8761=ADVANCED_FACE('',(#1264),#157,.T.);
#8762=ADVANCED_FACE('',(#1265),#158,.T.);
#8763=ADVANCED_FACE('',(#1266),#851,.T.);
#8764=ADVANCED_FACE('',(#1267),#852,.T.);
#8765=ADVANCED_FACE('',(#1268),#159,.T.);
#8766=ADVANCED_FACE('',(#1269),#160,.T.);
#8767=ADVANCED_FACE('',(#1270),#161,.T.);
#8768=ADVANCED_FACE('',(#1271),#162,.T.);
#8769=ADVANCED_FACE('',(#1272),#853,.T.);
#8770=ADVANCED_FACE('',(#1273),#854,.T.);
#8771=ADVANCED_FACE('',(#1274),#163,.T.);
#8772=ADVANCED_FACE('',(#1275),#164,.T.);
#8773=ADVANCED_FACE('',(#1276),#165,.T.);
#8774=ADVANCED_FACE('',(#1277),#166,.T.);
#8775=ADVANCED_FACE('',(#1278),#855,.F.);
#8776=ADVANCED_FACE('',(#1279),#167,.T.);
#8777=ADVANCED_FACE('',(#1280),#168,.T.);
#8778=ADVANCED_FACE('',(#1281,#700),#856,.T.);
#8779=ADVANCED_FACE('',(#1282),#169,.T.);
#8780=ADVANCED_FACE('',(#1283),#170,.T.);
#8781=ADVANCED_FACE('',(#1284),#171,.T.);
#8782=ADVANCED_FACE('',(#1285),#857,.T.);
#8783=ADVANCED_FACE('',(#1286),#858,.T.);
#8784=ADVANCED_FACE('',(#1287),#859,.T.);
#8785=ADVANCED_FACE('',(#1288),#860,.T.);
#8786=ADVANCED_FACE('',(#1289),#861,.T.);
#8787=ADVANCED_FACE('',(#1290),#172,.T.);
#8788=ADVANCED_FACE('',(#1291),#173,.T.);
#8789=ADVANCED_FACE('',(#1292),#174,.T.);
#8790=ADVANCED_FACE('',(#1293),#175,.T.);
#8791=ADVANCED_FACE('',(#1294),#176,.T.);
#8792=ADVANCED_FACE('',(#1295),#177,.T.);
#8793=ADVANCED_FACE('',(#1296),#178,.T.);
#8794=ADVANCED_FACE('',(#1297),#179,.T.);
#8795=ADVANCED_FACE('',(#1298),#180,.T.);
#8796=ADVANCED_FACE('',(#1299,#701),#862,.T.);
#8797=ADVANCED_FACE('',(#1300),#181,.T.);
#8798=ADVANCED_FACE('',(#1301),#182,.T.);
#8799=ADVANCED_FACE('',(#1302),#183,.T.);
#8800=ADVANCED_FACE('',(#1303),#184,.T.);
#8801=ADVANCED_FACE('',(#1304),#863,.T.);
#8802=ADVANCED_FACE('',(#1305),#185,.T.);
#8803=ADVANCED_FACE('',(#1306),#186,.T.);
#8804=ADVANCED_FACE('',(#1307),#864,.T.);
#8805=ADVANCED_FACE('',(#1308),#865,.T.);
#8806=ADVANCED_FACE('',(#1309),#866,.T.);
#8807=ADVANCED_FACE('',(#1310),#187,.T.);
#8808=ADVANCED_FACE('',(#1311),#188,.T.);
#8809=ADVANCED_FACE('',(#1312),#867,.T.);
#8810=ADVANCED_FACE('',(#1313),#868,.T.);
#8811=ADVANCED_FACE('',(#1314),#869,.T.);
#8812=ADVANCED_FACE('',(#1315),#870,.T.);
#8813=ADVANCED_FACE('',(#1316),#871,.T.);
#8814=ADVANCED_FACE('',(#1317),#872,.T.);
#8815=ADVANCED_FACE('',(#1318),#873,.T.);
#8816=ADVANCED_FACE('',(#1319),#189,.T.);
#8817=ADVANCED_FACE('',(#1320),#190,.T.);
#8818=ADVANCED_FACE('',(#1321),#191,.T.);
#8819=ADVANCED_FACE('',(#1322),#192,.T.);
#8820=ADVANCED_FACE('',(#1323),#874,.T.);
#8821=ADVANCED_FACE('',(#1324),#875,.T.);
#8822=ADVANCED_FACE('',(#1325),#193,.T.);
#8823=ADVANCED_FACE('',(#1326),#194,.T.);
#8824=ADVANCED_FACE('',(#1327),#195,.T.);
#8825=ADVANCED_FACE('',(#1328),#196,.T.);
#8826=ADVANCED_FACE('',(#1329),#197,.T.);
#8827=ADVANCED_FACE('',(#1330),#876,.T.);
#8828=ADVANCED_FACE('',(#1331),#877,.T.);
#8829=ADVANCED_FACE('',(#1332),#878,.T.);
#8830=ADVANCED_FACE('',(#1333,#702),#879,.F.);
#8831=ADVANCED_FACE('',(#1334,#703),#880,.T.);
#8832=ADVANCED_FACE('',(#1335),#881,.F.);
#8833=ADVANCED_FACE('',(#1336,#704),#882,.F.);
#8834=ADVANCED_FACE('',(#1337),#253,.F.);
#8835=ADVANCED_FACE('',(#1338,#705),#883,.F.);
#8836=ADVANCED_FACE('',(#1339),#254,.F.);
#8837=ADVANCED_FACE('',(#1340),#255,.F.);
#8838=ADVANCED_FACE('',(#1341),#884,.T.);
#8839=ADVANCED_FACE('',(#1342,#706),#885,.T.);
#8840=ADVANCED_FACE('',(#1343),#256,.F.);
#8841=ADVANCED_FACE('',(#1344,#707),#886,.T.);
#8842=ADVANCED_FACE('',(#1345),#257,.F.);
#8843=ADVANCED_FACE('',(#1346,#708),#887,.T.);
#8844=ADVANCED_FACE('',(#1347),#258,.F.);
#8845=ADVANCED_FACE('',(#1348,#709),#888,.T.);
#8846=ADVANCED_FACE('',(#1349),#259,.F.);
#8847=ADVANCED_FACE('',(#1350),#260,.F.);
#8848=ADVANCED_FACE('',(#1351),#889,.F.);
#8849=ADVANCED_FACE('',(#1352),#261,.F.);
#8850=ADVANCED_FACE('',(#1353),#890,.F.);
#8851=ADVANCED_FACE('',(#1354,#710),#891,.F.);
#8852=ADVANCED_FACE('',(#1355),#262,.F.);
#8853=ADVANCED_FACE('',(#1356,#711),#892,.F.);
#8854=ADVANCED_FACE('',(#1357),#893,.F.);
#8855=ADVANCED_FACE('',(#1358),#894,.F.);
#8856=ADVANCED_FACE('',(#1359,#712),#895,.T.);
#8857=ADVANCED_FACE('',(#1360),#263,.F.);
#8858=ADVANCED_FACE('',(#1361),#896,.F.);
#8859=ADVANCED_FACE('',(#1362),#264,.F.);
#8860=ADVANCED_FACE('',(#1363),#897,.F.);
#8861=ADVANCED_FACE('',(#1364),#265,.F.);
#8862=ADVANCED_FACE('',(#1365),#898,.F.);
#8863=ADVANCED_FACE('',(#1366),#266,.F.);
#8864=ADVANCED_FACE('',(#1367),#899,.F.);
#8865=ADVANCED_FACE('',(#1368),#900,.F.);
#8866=ADVANCED_FACE('',(#1369),#267,.F.);
#8867=ADVANCED_FACE('',(#1370),#901,.F.);
#8868=ADVANCED_FACE('',(#1371),#902,.F.);
#8869=ADVANCED_FACE('',(#1372),#268,.F.);
#8870=ADVANCED_FACE('',(#1373),#269,.F.);
#8871=ADVANCED_FACE('',(#1374,#713),#903,.T.);
#8872=ADVANCED_FACE('',(#1375),#270,.F.);
#8873=ADVANCED_FACE('',(#1376),#904,.F.);
#8874=ADVANCED_FACE('',(#1377),#905,.F.);
#8875=ADVANCED_FACE('',(#1378,#714),#271,.F.);
#8876=ADVANCED_FACE('',(#1379),#272,.F.);
#8877=ADVANCED_FACE('',(#1380),#906,.F.);
#8878=ADVANCED_FACE('',(#1381),#273,.F.);
#8879=ADVANCED_FACE('',(#1382),#907,.F.);
#8880=ADVANCED_FACE('',(#1383),#908,.T.);
#8881=ADVANCED_FACE('',(#1384),#274,.F.);
#8882=ADVANCED_FACE('',(#1385),#909,.F.);
#8883=ADVANCED_FACE('',(#1386),#910,.F.);
#8884=ADVANCED_FACE('',(#1387),#275,.F.);
#8885=ADVANCED_FACE('',(#1388),#911,.F.);
#8886=ADVANCED_FACE('',(#1389),#276,.F.);
#8887=ADVANCED_FACE('',(#1390),#8411,.F.);
#8888=ADVANCED_FACE('',(#1391,#715),#277,.F.);
#8889=ADVANCED_FACE('',(#1392),#278,.F.);
#8890=ADVANCED_FACE('',(#1393),#279,.F.);
#8891=ADVANCED_FACE('',(#1394),#280,.F.);
#8892=ADVANCED_FACE('',(#1395),#912,.F.);
#8893=ADVANCED_FACE('',(#1396),#913,.T.);
#8894=ADVANCED_FACE('',(#1397),#914,.T.);
#8895=CLOSED_SHELL('',(#8412,#8413,#8414,#8415,#8416,#8417,#8418,#8419,
#8420,#8421,#8422,#8423,#8424,#8425,#8426,#8427,#8428,#8429,#8430,#8431,
#8432,#8433,#8434,#8435,#8436,#8437,#8438,#8439,#8440,#8441,#8442,#8443,
#8444,#8445,#8446,#8447,#8448,#8449,#8450,#8451,#8452,#8453,#8454,#8455,
#8456,#8457,#8458,#8459,#8460,#8461,#8462,#8463,#8464,#8465,#8466,#8467,
#8468,#8469,#8470,#8471,#8472,#8473,#8474,#8475,#8476,#8477,#8478,#8479,
#8480,#8481,#8482,#8483,#8484,#8485,#8486,#8487,#8488,#8489,#8490,#8491,
#8492,#8493,#8494,#8495,#8496,#8497,#8498,#8499,#8500,#8501,#8502,#8503,
#8504,#8505,#8506,#8507,#8508,#8509,#8510,#8511,#8512,#8513,#8514,#8515,
#8516,#8517,#8518,#8519,#8520,#8521,#8522,#8523,#8524,#8525,#8526,#8527,
#8528,#8529,#8530,#8531,#8532,#8533,#8534,#8535,#8536,#8537,#8538,#8539,
#8540,#8541,#8542,#8543,#8544,#8545,#8546,#8547,#8548,#8549,#8550,#8551,
#8552,#8553,#8554,#8555,#8556,#8557,#8558,#8559,#8560,#8561,#8562,#8563,
#8564,#8565,#8566,#8567,#8568,#8569,#8570,#8571,#8572,#8573,#8574,#8575,
#8576,#8577,#8578,#8579,#8580,#8581,#8582,#8583,#8584,#8585,#8586,#8587,
#8588,#8589,#8590,#8591,#8592,#8593,#8594,#8595,#8596,#8597,#8598,#8599,
#8600,#8601,#8602,#8603,#8604,#8605,#8606,#8607,#8608,#8609,#8610,#8611,
#8612,#8613,#8614,#8615,#8616,#8617,#8618,#8619,#8620,#8621,#8622,#8623,
#8624,#8625,#8626,#8627,#8628,#8629,#8630,#8631,#8632,#8633,#8634,#8635,
#8636,#8637,#8638,#8639,#8640,#8641,#8642,#8643,#8644,#8645,#8646,#8647,
#8648,#8649,#8650,#8651,#8652,#8653,#8654,#8655,#8656,#8657,#8658,#8659,
#8660,#8661,#8662,#8663,#8664,#8665,#8666,#8667,#8668,#8669,#8670,#8671,
#8672,#8673,#8674,#8675,#8676,#8677,#8678,#8679,#8680,#8681,#8682,#8683,
#8684,#8685,#8686,#8687,#8688,#8689,#8690,#8691,#8692,#8693,#8694,#8695,
#8696,#8697,#8698,#8699,#8700,#8701,#8702,#8703,#8704,#8705,#8706,#8707,
#8708,#8709,#8710,#8711,#8712,#8713,#8714,#8715,#8716,#8717,#8718,#8719,
#8720,#8721,#8722,#8723,#8724,#8725,#8726,#8727,#8728,#8729,#8730,#8731,
#8732,#8733,#8734,#8735,#8736,#8737,#8738,#8739,#8740,#8741,#8742,#8743,
#8744,#8745,#8746,#8747,#8748,#8749,#8750,#8751,#8752,#8753,#8754,#8755,
#8756,#8757,#8758,#8759,#8760,#8761,#8762,#8763,#8764,#8765,#8766,#8767,
#8768,#8769,#8770,#8771,#8772,#8773,#8774,#8775,#8776,#8777,#8778,#8779,
#8780,#8781,#8782,#8783,#8784,#8785,#8786,#8787,#8788,#8789,#8790,#8791,
#8792,#8793,#8794,#8795,#8796,#8797,#8798,#8799,#8800,#8801,#8802,#8803,
#8804,#8805,#8806,#8807,#8808,#8809,#8810,#8811,#8812,#8813,#8814,#8815,
#8816,#8817,#8818,#8819,#8820,#8821,#8822,#8823,#8824,#8825,#8826,#8827,
#8828,#8829,#8830,#8831,#8832,#8833,#8834,#8835,#8836,#8837,#8838,#8839,
#8840,#8841,#8842,#8843,#8844,#8845,#8846,#8847,#8848,#8849,#8850,#8851,
#8852,#8853,#8854,#8855,#8856,#8857,#8858,#8859,#8860,#8861,#8862,#8863,
#8864,#8865,#8866,#8867,#8868,#8869,#8870,#8871,#8872,#8873,#8874,#8875,
#8876,#8877,#8878,#8879,#8880,#8881,#8882,#8883,#8884,#8885,#8886,#8887,
#8888,#8889,#8890,#8891,#8892,#8893,#8894));
#8896=DERIVED_UNIT_ELEMENT(#8899,1.);
#8897=DERIVED_UNIT_ELEMENT(#17170,-3.);
#8898=DIMENSIONAL_EXPONENTS(0.,1.,0.,0.,0.,0.,0.);
#8899=(
CONVERSION_BASED_UNIT('gram',#8901)
MASS_UNIT()
NAMED_UNIT(#8898)
);
#8900=(
MASS_UNIT()
NAMED_UNIT(*)
SI_UNIT(.KILO.,.GRAM.)
);
#8901=MASS_MEASURE_WITH_UNIT(MASS_MEASURE(0.001),#8900);
#8902=DERIVED_UNIT((#8896,#8897));
#8903=MEASURE_REPRESENTATION_ITEM('density measure',
POSITIVE_RATIO_MEASURE(1.),#8902);
#8904=PROPERTY_DEFINITION_REPRESENTATION(#8909,#8906);
#8905=PROPERTY_DEFINITION_REPRESENTATION(#8910,#8907);
#8906=REPRESENTATION('material name',(#8908),#17167);
#8907=REPRESENTATION('density',(#8903),#17167);
#8908=DESCRIPTIVE_REPRESENTATION_ITEM('Generisch','Generisch');
#8909=PROPERTY_DEFINITION('material property','material name',#17177);
#8910=PROPERTY_DEFINITION('material property','density of part',#17177);
#8911=DATE_TIME_ROLE('creation_date');
#8912=APPLIED_DATE_AND_TIME_ASSIGNMENT(#8913,#8911,(#17177));
#8913=DATE_AND_TIME(#8914,#8915);
#8914=CALENDAR_DATE(2025,7,4);
#8915=LOCAL_TIME(0,0,0.,#8916);
#8916=COORDINATED_UNIVERSAL_TIME_OFFSET(0,0,.BEHIND.);
#8917=AXIS2_PLACEMENT_3D('',#11230,#9448,#9449);
#8918=AXIS2_PLACEMENT_3D('',#11231,#9450,#9451);
#8919=AXIS2_PLACEMENT_3D('',#11233,#9452,#9453);
#8920=AXIS2_PLACEMENT_3D('',#11237,#9455,#9456);
#8921=AXIS2_PLACEMENT_3D('',#11238,#9457,#9458);
#8922=AXIS2_PLACEMENT_3D('',#11239,#9459,#9460);
#8923=AXIS2_PLACEMENT_3D('',#11244,#9462,#9463);
#8924=AXIS2_PLACEMENT_3D('',#11248,#9465,#9466);
#8925=AXIS2_PLACEMENT_3D('',#11252,#9468,#9469);
#8926=AXIS2_PLACEMENT_3D('',#11256,#9471,#9472);
#8927=AXIS2_PLACEMENT_3D('',#11260,#9474,#9475);
#8928=AXIS2_PLACEMENT_3D('',#11264,#9477,#9478);
#8929=AXIS2_PLACEMENT_3D('',#11268,#9480,#9481);
#8930=AXIS2_PLACEMENT_3D('',#11272,#9483,#9484);
#8931=AXIS2_PLACEMENT_3D('',#11276,#9486,#9487);
#8932=AXIS2_PLACEMENT_3D('',#11279,#9489,#9490);
#8933=AXIS2_PLACEMENT_3D('',#11281,#9491,#9492);
#8934=AXIS2_PLACEMENT_3D('',#11283,#9493,#9494);
#8935=AXIS2_PLACEMENT_3D('',#11285,#9495,#9496);
#8936=AXIS2_PLACEMENT_3D('',#11287,#9497,#9498);
#8937=AXIS2_PLACEMENT_3D('',#11303,#9499,#9500);
#8938=AXIS2_PLACEMENT_3D('',#11305,#9501,#9502);
#8939=AXIS2_PLACEMENT_3D('',#11315,#9507,#9508);
#8940=AXIS2_PLACEMENT_3D('',#11317,#9509,#9510);
#8941=AXIS2_PLACEMENT_3D('',#11333,#9511,#9512);
#8942=AXIS2_PLACEMENT_3D('',#11335,#9513,#9514);
#8943=AXIS2_PLACEMENT_3D('',#11337,#9515,#9516);
#8944=AXIS2_PLACEMENT_3D('',#11338,#9517,#9518);
#8945=AXIS2_PLACEMENT_3D('',#11378,#9520,#9521);
#8946=AXIS2_PLACEMENT_3D('',#11382,#9523,#9524);
#8947=AXIS2_PLACEMENT_3D('',#11383,#9525,#9526);
#8948=AXIS2_PLACEMENT_3D('',#11384,#9527,#9528);
#8949=AXIS2_PLACEMENT_3D('',#11424,#9530,#9531);
#8950=AXIS2_PLACEMENT_3D('',#11428,#9533,#9534);
#8951=AXIS2_PLACEMENT_3D('',#11429,#9535,#9536);
#8952=AXIS2_PLACEMENT_3D('',#11430,#9537,#9538);
#8953=AXIS2_PLACEMENT_3D('',#11434,#9540,#9541);
#8954=AXIS2_PLACEMENT_3D('',#11436,#9542,#9543);
#8955=AXIS2_PLACEMENT_3D('',#11437,#9544,#9545);
#8956=AXIS2_PLACEMENT_3D('',#11438,#9546,#9547);
#8957=AXIS2_PLACEMENT_3D('',#11442,#9549,#9550);
#8958=AXIS2_PLACEMENT_3D('',#11443,#9551,#9552);
#8959=AXIS2_PLACEMENT_3D('',#11444,#9553,#9554);
#8960=AXIS2_PLACEMENT_3D('',#11448,#9556,#9557);
#8961=AXIS2_PLACEMENT_3D('',#11450,#9558,#9559);
#8962=AXIS2_PLACEMENT_3D('',#11451,#9560,#9561);
#8963=AXIS2_PLACEMENT_3D('',#11452,#9562,#9563);
#8964=AXIS2_PLACEMENT_3D('',#11462,#9569,#9570);
#8965=AXIS2_PLACEMENT_3D('',#11472,#9576,#9577);
#8966=AXIS2_PLACEMENT_3D('',#11476,#9579,#9580);
#8967=AXIS2_PLACEMENT_3D('',#11477,#9581,#9582);
#8968=AXIS2_PLACEMENT_3D('',#11478,#9583,#9584);
#8969=AXIS2_PLACEMENT_3D('',#11482,#9586,#9587);
#8970=AXIS2_PLACEMENT_3D('',#11507,#9588,#9589);
#8971=AXIS2_PLACEMENT_3D('',#11526,#9590,#9591);
#8972=AXIS2_PLACEMENT_3D('',#11527,#9592,#9593);
#8973=AXIS2_PLACEMENT_3D('',#11531,#9595,#9596);
#8974=AXIS2_PLACEMENT_3D('',#11532,#9597,#9598);
#8975=AXIS2_PLACEMENT_3D('',#11533,#9599,#9600);
#8976=AXIS2_PLACEMENT_3D('',#11537,#9602,#9603);
#8977=AXIS2_PLACEMENT_3D('',#11557,#9604,#9605);
#8978=AXIS2_PLACEMENT_3D('',#11581,#9606,#9607);
#8979=AXIS2_PLACEMENT_3D('',#11582,#9608,#9609);
#8980=AXIS2_PLACEMENT_3D('',#11586,#9611,#9612);
#8981=AXIS2_PLACEMENT_3D('',#11587,#9613,#9614);
#8982=AXIS2_PLACEMENT_3D('',#11588,#9615,#9616);
#8983=AXIS2_PLACEMENT_3D('',#11603,#9618,#9619);
#8984=AXIS2_PLACEMENT_3D('',#11616,#9620,#9621);
#8985=AXIS2_PLACEMENT_3D('',#11618,#9622,#9623);
#8986=AXIS2_PLACEMENT_3D('',#11620,#9624,#9625);
#8987=AXIS2_PLACEMENT_3D('',#11625,#9626,#9627);
#8988=AXIS2_PLACEMENT_3D('',#11629,#9629,#9630);
#8989=AXIS2_PLACEMENT_3D('',#11630,#9631,#9632);
#8990=AXIS2_PLACEMENT_3D('',#11631,#9633,#9634);
#8991=AXIS2_PLACEMENT_3D('',#11640,#9636,#9637);
#8992=AXIS2_PLACEMENT_3D('',#11642,#9638,#9639);
#8993=AXIS2_PLACEMENT_3D('',#11644,#9640,#9641);
#8994=AXIS2_PLACEMENT_3D('',#11657,#9642,#9643);
#8995=AXIS2_PLACEMENT_3D('',#11668,#9644,#9645);
#8996=AXIS2_PLACEMENT_3D('',#11683,#9647,#9648);
#8997=AXIS2_PLACEMENT_3D('',#11722,#9657,#9658);
#8998=AXIS2_PLACEMENT_3D('',#11726,#9660,#9661);
#8999=AXIS2_PLACEMENT_3D('',#11746,#9666,#9667);
#9000=AXIS2_PLACEMENT_3D('',#11759,#9669,#9670);
#9001=AXIS2_PLACEMENT_3D('',#11763,#9673,#9674);
#9002=AXIS2_PLACEMENT_3D('',#11766,#9676,#9677);
#9003=AXIS2_PLACEMENT_3D('',#11767,#9678,#9679);
#9004=AXIS2_PLACEMENT_3D('',#11769,#9680,#9681);
#9005=AXIS2_PLACEMENT_3D('',#11771,#9682,#9683);
#9006=AXIS2_PLACEMENT_3D('',#11773,#9685,#9686);
#9007=AXIS2_PLACEMENT_3D('',#11777,#9688,#9689);
#9008=AXIS2_PLACEMENT_3D('',#11781,#9691,#9692);
#9009=AXIS2_PLACEMENT_3D('',#11785,#9694,#9695);
#9010=AXIS2_PLACEMENT_3D('',#11787,#9697,#9698);
#9011=AXIS2_PLACEMENT_3D('',#11815,#9702,#9703);
#9012=AXIS2_PLACEMENT_3D('',#11819,#9705,#9706);
#9013=AXIS2_PLACEMENT_3D('',#11821,#9707,#9708);
#9014=AXIS2_PLACEMENT_3D('',#11823,#9710,#9711);
#9015=AXIS2_PLACEMENT_3D('',#11838,#9713,#9714);
#9016=AXIS2_PLACEMENT_3D('',#11858,#9719,#9720);
#9017=AXIS2_PLACEMENT_3D('',#11862,#9722,#9723);
#9018=AXIS2_PLACEMENT_3D('',#11899,#9731,#9732);
#9019=AXIS2_PLACEMENT_3D('',#11912,#9734,#9735);
#9020=AXIS2_PLACEMENT_3D('',#11916,#9738,#9739);
#9021=AXIS2_PLACEMENT_3D('',#11920,#9741,#9742);
#9022=AXIS2_PLACEMENT_3D('',#11921,#9743,#9744);
#9023=AXIS2_PLACEMENT_3D('',#11922,#9745,#9746);
#9024=AXIS2_PLACEMENT_3D('',#11993,#9758,#9759);
#9025=AXIS2_PLACEMENT_3D('',#12023,#9763,#9764);
#9026=AXIS2_PLACEMENT_3D('',#12052,#9768,#9769);
#9027=AXIS2_PLACEMENT_3D('',#12125,#9771,#9772);
#9028=AXIS2_PLACEMENT_3D('',#12127,#9773,#9774);
#9029=AXIS2_PLACEMENT_3D('',#12201,#9777,#9778);
#9030=AXIS2_PLACEMENT_3D('',#12204,#9780,#9781);
#9031=AXIS2_PLACEMENT_3D('',#12381,#9783,#9784);
#9032=AXIS2_PLACEMENT_3D('',#12383,#9785,#9786);
#9033=AXIS2_PLACEMENT_3D('',#12385,#9787,#9788);
#9034=AXIS2_PLACEMENT_3D('',#12387,#9790,#9791);
#9035=AXIS2_PLACEMENT_3D('',#12390,#9793,#9794);
#9036=AXIS2_PLACEMENT_3D('',#12567,#9796,#9797);
#9037=AXIS2_PLACEMENT_3D('',#12570,#9799,#9800);
#9038=AXIS2_PLACEMENT_3D('',#12571,#9801,#9802);
#9039=AXIS2_PLACEMENT_3D('',#12574,#9803,#9804);
#9040=AXIS2_PLACEMENT_3D('',#12578,#9806,#9807);
#9041=AXIS2_PLACEMENT_3D('',#12580,#9809,#9810);
#9042=AXIS2_PLACEMENT_3D('',#12584,#9812,#9813);
#9043=AXIS2_PLACEMENT_3D('',#12585,#9814,#9815);
#9044=AXIS2_PLACEMENT_3D('',#12586,#9816,#9817);
#9045=AXIS2_PLACEMENT_3D('',#12589,#9819,#9820);
#9046=AXIS2_PLACEMENT_3D('',#12590,#9821,#9822);
#9047=AXIS2_PLACEMENT_3D('',#12594,#9824,#9825);
#9048=AXIS2_PLACEMENT_3D('',#12595,#9826,#9827);
#9049=AXIS2_PLACEMENT_3D('',#12596,#9828,#9829);
#9050=AXIS2_PLACEMENT_3D('',#12599,#9831,#9832);
#9051=AXIS2_PLACEMENT_3D('',#12600,#9833,#9834);
#9052=AXIS2_PLACEMENT_3D('',#12604,#9836,#9837);
#9053=AXIS2_PLACEMENT_3D('',#12605,#9838,#9839);
#9054=AXIS2_PLACEMENT_3D('',#12606,#9840,#9841);
#9055=AXIS2_PLACEMENT_3D('',#12609,#9843,#9844);
#9056=AXIS2_PLACEMENT_3D('',#12610,#9845,#9846);
#9057=AXIS2_PLACEMENT_3D('',#12614,#9848,#9849);
#9058=AXIS2_PLACEMENT_3D('',#12615,#9850,#9851);
#9059=AXIS2_PLACEMENT_3D('',#12616,#9852,#9853);
#9060=AXIS2_PLACEMENT_3D('',#12619,#9855,#9856);
#9061=AXIS2_PLACEMENT_3D('',#12620,#9857,#9858);
#9062=AXIS2_PLACEMENT_3D('',#12626,#9862,#9863);
#9063=AXIS2_PLACEMENT_3D('',#12628,#9864,#9865);
#9064=AXIS2_PLACEMENT_3D('',#12630,#9867,#9868);
#9065=AXIS2_PLACEMENT_3D('',#12634,#9871,#9872);
#9066=AXIS2_PLACEMENT_3D('',#12636,#9873,#9874);
#9067=AXIS2_PLACEMENT_3D('',#12638,#9876,#9877);
#9068=AXIS2_PLACEMENT_3D('',#12642,#9880,#9881);
#9069=AXIS2_PLACEMENT_3D('',#12644,#9882,#9883);
#9070=AXIS2_PLACEMENT_3D('',#12646,#9885,#9886);
#9071=AXIS2_PLACEMENT_3D('',#12650,#9889,#9890);
#9072=AXIS2_PLACEMENT_3D('',#12653,#9892,#9893);
#9073=AXIS2_PLACEMENT_3D('',#12654,#9894,#9895);
#9074=AXIS2_PLACEMENT_3D('',#12658,#9898,#9899);
#9075=AXIS2_PLACEMENT_3D('',#12660,#9900,#9901);
#9076=AXIS2_PLACEMENT_3D('',#12662,#9903,#9904);
#9077=AXIS2_PLACEMENT_3D('',#12666,#9907,#9908);
#9078=AXIS2_PLACEMENT_3D('',#12668,#9909,#9910);
#9079=AXIS2_PLACEMENT_3D('',#12670,#9912,#9913);
#9080=AXIS2_PLACEMENT_3D('',#12674,#9916,#9917);
#9081=AXIS2_PLACEMENT_3D('',#12676,#9918,#9919);
#9082=AXIS2_PLACEMENT_3D('',#12678,#9921,#9922);
#9083=AXIS2_PLACEMENT_3D('',#12682,#9925,#9926);
#9084=AXIS2_PLACEMENT_3D('',#12684,#9927,#9928);
#9085=AXIS2_PLACEMENT_3D('',#12686,#9930,#9931);
#9086=AXIS2_PLACEMENT_3D('',#12690,#9934,#9935);
#9087=AXIS2_PLACEMENT_3D('',#12693,#9937,#9938);
#9088=AXIS2_PLACEMENT_3D('',#12694,#9939,#9940);
#9089=AXIS2_PLACEMENT_3D('',#12698,#9943,#9944);
#9090=AXIS2_PLACEMENT_3D('',#12699,#9945,#9946);
#9091=AXIS2_PLACEMENT_3D('',#12700,#9947,#9948);
#9092=AXIS2_PLACEMENT_3D('',#12704,#9950,#9951);
#9093=AXIS2_PLACEMENT_3D('',#12706,#9953,#9954);
#9094=AXIS2_PLACEMENT_3D('',#12710,#9957,#9958);
#9095=AXIS2_PLACEMENT_3D('',#12713,#9960,#9961);
#9096=AXIS2_PLACEMENT_3D('',#12714,#9962,#9963);
#9097=AXIS2_PLACEMENT_3D('',#12718,#9966,#9967);
#9098=AXIS2_PLACEMENT_3D('',#12721,#9969,#9970);
#9099=AXIS2_PLACEMENT_3D('',#12722,#9971,#9972);
#9100=AXIS2_PLACEMENT_3D('',#12726,#9974,#9975);
#9101=AXIS2_PLACEMENT_3D('',#12728,#9977,#9978);
#9102=AXIS2_PLACEMENT_3D('',#12733,#9981,#9982);
#9103=AXIS2_PLACEMENT_3D('',#12737,#9984,#9985);
#9104=AXIS2_PLACEMENT_3D('',#12741,#9987,#9988);
#9105=AXIS2_PLACEMENT_3D('',#12745,#9990,#9991);
#9106=AXIS2_PLACEMENT_3D('',#12747,#9993,#9994);
#9107=AXIS2_PLACEMENT_3D('',#12750,#9996,#9997);
#9108=AXIS2_PLACEMENT_3D('',#12751,#9998,#9999);
#9109=AXIS2_PLACEMENT_3D('',#12784,#10004,#10005);
#9110=AXIS2_PLACEMENT_3D('',#12835,#10009,#10010);
#9111=AXIS2_PLACEMENT_3D('',#12841,#10014,#10015);
#9112=AXIS2_PLACEMENT_3D('',#12844,#10017,#10018);
#9113=AXIS2_PLACEMENT_3D('',#12845,#10019,#10020);
#9114=AXIS2_PLACEMENT_3D('',#12943,#10025,#10026);
#9115=AXIS2_PLACEMENT_3D('',#12949,#10030,#10031);
#9116=AXIS2_PLACEMENT_3D('',#12952,#10033,#10034);
#9117=AXIS2_PLACEMENT_3D('',#12953,#10035,#10036);
#9118=AXIS2_PLACEMENT_3D('',#13006,#10041,#10042);
#9119=AXIS2_PLACEMENT_3D('',#13008,#10044,#10045);
#9120=AXIS2_PLACEMENT_3D('',#13010,#10046,#10047);
#9121=AXIS2_PLACEMENT_3D('',#13014,#10050,#10051);
#9122=AXIS2_PLACEMENT_3D('',#13017,#10053,#10054);
#9123=AXIS2_PLACEMENT_3D('',#13018,#10055,#10056);
#9124=AXIS2_PLACEMENT_3D('',#13021,#10059,#10060);
#9125=AXIS2_PLACEMENT_3D('',#13023,#10062,#10063);
#9126=AXIS2_PLACEMENT_3D('',#13044,#10064,#10065);
#9127=AXIS2_PLACEMENT_3D('',#13046,#10066,#10067);
#9128=AXIS2_PLACEMENT_3D('',#13047,#10068,#10069);
#9129=AXIS2_PLACEMENT_3D('',#13048,#10070,#10071);
#9130=AXIS2_PLACEMENT_3D('',#13049,#10072,#10073);
#9131=AXIS2_PLACEMENT_3D('',#13054,#10077,#10078);
#9132=AXIS2_PLACEMENT_3D('',#13057,#10080,#10081);
#9133=AXIS2_PLACEMENT_3D('',#13059,#10083,#10084);
#9134=AXIS2_PLACEMENT_3D('',#13061,#10086,#10087);
#9135=AXIS2_PLACEMENT_3D('',#13065,#10090,#10091);
#9136=AXIS2_PLACEMENT_3D('',#13067,#10093,#10094);
#9137=AXIS2_PLACEMENT_3D('',#13068,#10095,#10096);
#9138=AXIS2_PLACEMENT_3D('',#13069,#10097,#10098);
#9139=AXIS2_PLACEMENT_3D('',#13098,#10101,#10102);
#9140=AXIS2_PLACEMENT_3D('',#13104,#10106,#10107);
#9141=AXIS2_PLACEMENT_3D('',#13107,#10109,#10110);
#9142=AXIS2_PLACEMENT_3D('',#13108,#10111,#10112);
#9143=AXIS2_PLACEMENT_3D('',#13206,#10117,#10118);
#9144=AXIS2_PLACEMENT_3D('',#13212,#10122,#10123);
#9145=AXIS2_PLACEMENT_3D('',#13215,#10125,#10126);
#9146=AXIS2_PLACEMENT_3D('',#13216,#10127,#10128);
#9147=AXIS2_PLACEMENT_3D('',#13269,#10133,#10134);
#9148=AXIS2_PLACEMENT_3D('',#13320,#10138,#10139);
#9149=AXIS2_PLACEMENT_3D('',#13344,#10142,#10143);
#9150=AXIS2_PLACEMENT_3D('',#13367,#10144,#10145);
#9151=AXIS2_PLACEMENT_3D('',#13368,#10146,#10147);
#9152=AXIS2_PLACEMENT_3D('',#13372,#10149,#10150);
#9153=AXIS2_PLACEMENT_3D('',#13374,#10152,#10153);
#9154=AXIS2_PLACEMENT_3D('',#13448,#10163,#10164);
#9155=AXIS2_PLACEMENT_3D('',#13478,#10168,#10169);
#9156=AXIS2_PLACEMENT_3D('',#13492,#10171,#10172);
#9157=AXIS2_PLACEMENT_3D('',#13493,#10173,#10174);
#9158=AXIS2_PLACEMENT_3D('',#13505,#10175,#10176);
#9159=AXIS2_PLACEMENT_3D('',#13506,#10177,#10178);
#9160=AXIS2_PLACEMENT_3D('',#13510,#10180,#10181);
#9161=AXIS2_PLACEMENT_3D('',#13513,#10183,#10184);
#9162=AXIS2_PLACEMENT_3D('',#13515,#10185,#10186);
#9163=AXIS2_PLACEMENT_3D('',#13519,#10189,#10190);
#9164=AXIS2_PLACEMENT_3D('',#13520,#10191,#10192);
#9165=AXIS2_PLACEMENT_3D('',#13523,#10195,#10196);
#9166=AXIS2_PLACEMENT_3D('',#13524,#10197,#10198);
#9167=AXIS2_PLACEMENT_3D('',#13525,#10199,#10200);
#9168=AXIS2_PLACEMENT_3D('',#13526,#10201,#10202);
#9169=AXIS2_PLACEMENT_3D('',#13527,#10203,#10204);
#9170=AXIS2_PLACEMENT_3D('',#13528,#10205,#10206);
#9171=AXIS2_PLACEMENT_3D('',#13529,#10207,#10208);
#9172=AXIS2_PLACEMENT_3D('',#13530,#10209,#10210);
#9173=AXIS2_PLACEMENT_3D('',#13531,#10211,#10212);
#9174=AXIS2_PLACEMENT_3D('',#13532,#10213,#10214);
#9175=AXIS2_PLACEMENT_3D('',#13533,#10215,#10216);
#9176=AXIS2_PLACEMENT_3D('',#13534,#10217,#10218);
#9177=AXIS2_PLACEMENT_3D('',#13535,#10219,#10220);
#9178=AXIS2_PLACEMENT_3D('',#13536,#10221,#10222);
#9179=AXIS2_PLACEMENT_3D('',#13537,#10223,#10224);
#9180=AXIS2_PLACEMENT_3D('',#13538,#10225,#10226);
#9181=AXIS2_PLACEMENT_3D('',#13539,#10227,#10228);
#9182=AXIS2_PLACEMENT_3D('',#13540,#10229,#10230);
#9183=AXIS2_PLACEMENT_3D('',#13549,#10231,#10232);
#9184=AXIS2_PLACEMENT_3D('',#13550,#10233,#10234);
#9185=AXIS2_PLACEMENT_3D('',#13551,#10235,#10236);
#9186=AXIS2_PLACEMENT_3D('',#13553,#10237,#10238);
#9187=AXIS2_PLACEMENT_3D('',#13557,#10239,#10240);
#9188=AXIS2_PLACEMENT_3D('',#13570,#10241,#10242);
#9189=AXIS2_PLACEMENT_3D('',#13589,#10243,#10244);
#9190=AXIS2_PLACEMENT_3D('',#13590,#10245,#10246);
#9191=AXIS2_PLACEMENT_3D('',#13596,#10251,#10252);
#9192=AXIS2_PLACEMENT_3D('',#13598,#10253,#10254);
#9193=AXIS2_PLACEMENT_3D('',#13602,#10256,#10257);
#9194=AXIS2_PLACEMENT_3D('',#13615,#10259,#10260);
#9195=AXIS2_PLACEMENT_3D('',#13616,#10261,#10262);
#9196=AXIS2_PLACEMENT_3D('',#13617,#10263,#10264);
#9197=AXIS2_PLACEMENT_3D('',#13618,#10265,#10266);
#9198=AXIS2_PLACEMENT_3D('',#13619,#10267,#10268);
#9199=AXIS2_PLACEMENT_3D('',#13621,#10270,#10271);
#9200=AXIS2_PLACEMENT_3D('',#13622,#10272,#10273);
#9201=AXIS2_PLACEMENT_3D('',#13623,#10274,#10275);
#9202=AXIS2_PLACEMENT_3D('',#13624,#10276,#10277);
#9203=AXIS2_PLACEMENT_3D('',#13625,#10278,#10279);
#9204=AXIS2_PLACEMENT_3D('',#13626,#10280,#10281);
#9205=AXIS2_PLACEMENT_3D('',#13627,#10282,#10283);
#9206=AXIS2_PLACEMENT_3D('',#13628,#10284,#10285);
#9207=AXIS2_PLACEMENT_3D('',#13630,#10287,#10288);
#9208=AXIS2_PLACEMENT_3D('',#13631,#10289,#10290);
#9209=AXIS2_PLACEMENT_3D('',#13632,#10291,#10292);
#9210=AXIS2_PLACEMENT_3D('',#13633,#10293,#10294);
#9211=AXIS2_PLACEMENT_3D('',#13634,#10295,#10296);
#9212=AXIS2_PLACEMENT_3D('',#13635,#10297,#10298);
#9213=AXIS2_PLACEMENT_3D('',#13636,#10299,#10300);
#9214=AXIS2_PLACEMENT_3D('',#13637,#10301,#10302);
#9215=AXIS2_PLACEMENT_3D('',#13649,#10303,#10304);
#9216=AXIS2_PLACEMENT_3D('',#13650,#10305,#10306);
#9217=AXIS2_PLACEMENT_3D('',#13665,#10310,#10311);
#9218=AXIS2_PLACEMENT_3D('',#13666,#10312,#10313);
#9219=AXIS2_PLACEMENT_3D('',#13668,#10314,#10315);
#9220=AXIS2_PLACEMENT_3D('',#13681,#10316,#10317);
#9221=AXIS2_PLACEMENT_3D('',#13700,#10318,#10319);
#9222=AXIS2_PLACEMENT_3D('',#13701,#10320,#10321);
#9223=AXIS2_PLACEMENT_3D('',#13705,#10323,#10324);
#9224=AXIS2_PLACEMENT_3D('',#13709,#10326,#10327);
#9225=AXIS2_PLACEMENT_3D('',#13711,#10329,#10330);
#9226=AXIS2_PLACEMENT_3D('',#13728,#10334,#10335);
#9227=AXIS2_PLACEMENT_3D('',#13730,#10336,#10337);
#9228=AXIS2_PLACEMENT_3D('',#13732,#10338,#10339);
#9229=AXIS2_PLACEMENT_3D('',#13736,#10342,#10343);
#9230=AXIS2_PLACEMENT_3D('',#13738,#10344,#10345);
#9231=AXIS2_PLACEMENT_3D('',#13749,#10346,#10347);
#9232=AXIS2_PLACEMENT_3D('',#13753,#10349,#10350);
#9233=AXIS2_PLACEMENT_3D('',#13755,#10352,#10353);
#9234=AXIS2_PLACEMENT_3D('',#14071,#10390,#10391);
#9235=AXIS2_PLACEMENT_3D('',#14074,#10393,#10394);
#9236=AXIS2_PLACEMENT_3D('',#14075,#10395,#10396);
#9237=AXIS2_PLACEMENT_3D('',#14079,#10399,#10400);
#9238=AXIS2_PLACEMENT_3D('',#14530,#10457,#10458);
#9239=AXIS2_PLACEMENT_3D('',#14532,#10459,#10460);
#9240=AXIS2_PLACEMENT_3D('',#14544,#10461,#10462);
#9241=AXIS2_PLACEMENT_3D('',#14545,#10463,#10464);
#9242=AXIS2_PLACEMENT_3D('',#14547,#10465,#10466);
#9243=AXIS2_PLACEMENT_3D('',#14549,#10468,#10469);
#9244=AXIS2_PLACEMENT_3D('',#14560,#10470,#10471);
#9245=AXIS2_PLACEMENT_3D('',#14561,#10472,#10473);
#9246=AXIS2_PLACEMENT_3D('',#14562,#10474,#10475);
#9247=AXIS2_PLACEMENT_3D('',#14640,#10487,#10488);
#9248=AXIS2_PLACEMENT_3D('',#14643,#10491,#10492);
#9249=AXIS2_PLACEMENT_3D('',#14645,#10494,#10495);
#9250=AXIS2_PLACEMENT_3D('',#14692,#10502,#10503);
#9251=AXIS2_PLACEMENT_3D('',#14694,#10505,#10506);
#9252=AXIS2_PLACEMENT_3D('',#14696,#10508,#10509);
#9253=AXIS2_PLACEMENT_3D('',#14698,#10511,#10512);
#9254=AXIS2_PLACEMENT_3D('',#14700,#10514,#10515);
#9255=AXIS2_PLACEMENT_3D('',#14729,#10520,#10521);
#9256=AXIS2_PLACEMENT_3D('',#14731,#10523,#10524);
#9257=AXIS2_PLACEMENT_3D('',#14733,#10526,#10527);
#9258=AXIS2_PLACEMENT_3D('',#14837,#10535,#10536);
#9259=AXIS2_PLACEMENT_3D('',#15026,#10549,#10550);
#9260=AXIS2_PLACEMENT_3D('',#15139,#10559,#10560);
#9261=AXIS2_PLACEMENT_3D('',#15246,#10569,#10570);
#9262=AXIS2_PLACEMENT_3D('',#15248,#10572,#10573);
#9263=AXIS2_PLACEMENT_3D('',#15322,#10583,#10584);
#9264=AXIS2_PLACEMENT_3D('',#15324,#10586,#10587);
#9265=AXIS2_PLACEMENT_3D('',#15352,#10591,#10592);
#9266=AXIS2_PLACEMENT_3D('',#15459,#10601,#10602);
#9267=AXIS2_PLACEMENT_3D('',#15461,#10604,#10605);
#9268=AXIS2_PLACEMENT_3D('',#15535,#10615,#10616);
#9269=AXIS2_PLACEMENT_3D('',#15537,#10618,#10619);
#9270=AXIS2_PLACEMENT_3D('',#15565,#10623,#10624);
#9271=AXIS2_PLACEMENT_3D('',#15571,#10628,#10629);
#9272=AXIS2_PLACEMENT_3D('',#15577,#10633,#10634);
#9273=AXIS2_PLACEMENT_3D('',#15581,#10637,#10638);
#9274=AXIS2_PLACEMENT_3D('',#15585,#10641,#10642);
#9275=AXIS2_PLACEMENT_3D('',#15589,#10645,#10646);
#9276=AXIS2_PLACEMENT_3D('',#15591,#10648,#10649);
#9277=AXIS2_PLACEMENT_3D('',#15595,#10652,#10653);
#9278=AXIS2_PLACEMENT_3D('',#15609,#10661,#10662);
#9279=AXIS2_PLACEMENT_3D('',#15612,#10665,#10666);
#9280=AXIS2_PLACEMENT_3D('',#15614,#10668,#10669);
#9281=AXIS2_PLACEMENT_3D('',#15616,#10671,#10672);
#9282=AXIS2_PLACEMENT_3D('',#15618,#10674,#10675);
#9283=AXIS2_PLACEMENT_3D('',#15619,#10676,#10677);
#9284=AXIS2_PLACEMENT_3D('',#15621,#10679,#10680);
#9285=AXIS2_PLACEMENT_3D('',#15622,#10681,#10682);
#9286=AXIS2_PLACEMENT_3D('',#15653,#10693,#10694);
#9287=AXIS2_PLACEMENT_3D('',#15656,#10697,#10698);
#9288=AXIS2_PLACEMENT_3D('',#15658,#10700,#10701);
#9289=AXIS2_PLACEMENT_3D('',#15660,#10703,#10704);
#9290=AXIS2_PLACEMENT_3D('',#15662,#10706,#10707);
#9291=AXIS2_PLACEMENT_3D('',#15682,#10711,#10712);
#9292=AXIS2_PLACEMENT_3D('',#15684,#10714,#10715);
#9293=AXIS2_PLACEMENT_3D('',#15686,#10717,#10718);
#9294=AXIS2_PLACEMENT_3D('',#15688,#10720,#10721);
#9295=AXIS2_PLACEMENT_3D('',#15690,#10723,#10724);
#9296=AXIS2_PLACEMENT_3D('',#15691,#10725,#10726);
#9297=AXIS2_PLACEMENT_3D('',#15769,#10738,#10739);
#9298=AXIS2_PLACEMENT_3D('',#15772,#10742,#10743);
#9299=AXIS2_PLACEMENT_3D('',#15774,#10745,#10746);
#9300=AXIS2_PLACEMENT_3D('',#15821,#10753,#10754);
#9301=AXIS2_PLACEMENT_3D('',#15823,#10756,#10757);
#9302=AXIS2_PLACEMENT_3D('',#15825,#10759,#10760);
#9303=AXIS2_PLACEMENT_3D('',#15827,#10762,#10763);
#9304=AXIS2_PLACEMENT_3D('',#15829,#10765,#10766);
#9305=AXIS2_PLACEMENT_3D('',#15858,#10771,#10772);
#9306=AXIS2_PLACEMENT_3D('',#15860,#10774,#10775);
#9307=AXIS2_PLACEMENT_3D('',#15862,#10777,#10778);
#9308=AXIS2_PLACEMENT_3D('',#15890,#10782,#10783);
#9309=AXIS2_PLACEMENT_3D('',#15891,#10784,#10785);
#9310=AXIS2_PLACEMENT_3D('',#15998,#10794,#10795);
#9311=AXIS2_PLACEMENT_3D('',#16000,#10797,#10798);
#9312=AXIS2_PLACEMENT_3D('',#16074,#10808,#10809);
#9313=AXIS2_PLACEMENT_3D('',#16076,#10811,#10812);
#9314=AXIS2_PLACEMENT_3D('',#16104,#10816,#10817);
#9315=AXIS2_PLACEMENT_3D('',#16146,#10826,#10827);
#9316=AXIS2_PLACEMENT_3D('',#16149,#10830,#10831);
#9317=AXIS2_PLACEMENT_3D('',#16169,#10835,#10836);
#9318=AXIS2_PLACEMENT_3D('',#16171,#10838,#10839);
#9319=AXIS2_PLACEMENT_3D('',#16173,#10841,#10842);
#9320=AXIS2_PLACEMENT_3D('',#16175,#10844,#10845);
#9321=AXIS2_PLACEMENT_3D('',#16177,#10847,#10848);
#9322=AXIS2_PLACEMENT_3D('',#16206,#10853,#10854);
#9323=AXIS2_PLACEMENT_3D('',#16248,#10858,#10859);
#9324=AXIS2_PLACEMENT_3D('',#16251,#10862,#10863);
#9325=AXIS2_PLACEMENT_3D('',#16333,#10872,#10873);
#9326=AXIS2_PLACEMENT_3D('',#16335,#10875,#10876);
#9327=AXIS2_PLACEMENT_3D('',#16373,#10882,#10883);
#9328=AXIS2_PLACEMENT_3D('',#16375,#10885,#10886);
#9329=AXIS2_PLACEMENT_3D('',#16435,#10892,#10893);
#9330=AXIS2_PLACEMENT_3D('',#16476,#10898,#10899);
#9331=AXIS2_PLACEMENT_3D('',#16535,#10909,#10910);
#9332=AXIS2_PLACEMENT_3D('',#16537,#10912,#10913);
#9333=AXIS2_PLACEMENT_3D('',#16539,#10915,#10916);
#9334=AXIS2_PLACEMENT_3D('',#16541,#10918,#10919);
#9335=AXIS2_PLACEMENT_3D('',#16543,#10921,#10922);
#9336=AXIS2_PLACEMENT_3D('',#16705,#10932,#10933);
#9337=AXIS2_PLACEMENT_3D('',#16762,#10938,#10939);
#9338=AXIS2_PLACEMENT_3D('',#16814,#10949,#10950);
#9339=AXIS2_PLACEMENT_3D('',#16816,#10952,#10953);
#9340=AXIS2_PLACEMENT_3D('',#16818,#10955,#10956);
#9341=AXIS2_PLACEMENT_3D('',#16838,#10960,#10961);
#9342=AXIS2_PLACEMENT_3D('',#16840,#10963,#10964);
#9343=AXIS2_PLACEMENT_3D('',#16842,#10966,#10967);
#9344=AXIS2_PLACEMENT_3D('',#16843,#10968,#10969);
#9345=AXIS2_PLACEMENT_3D('',#16901,#10976,#10977);
#9346=AXIS2_PLACEMENT_3D('',#16904,#10980,#10981);
#9347=AXIS2_PLACEMENT_3D('',#16906,#10983,#10984);
#9348=AXIS2_PLACEMENT_3D('',#16944,#10990,#10991);
#9349=AXIS2_PLACEMENT_3D('',#16946,#10993,#10994);
#9350=AXIS2_PLACEMENT_3D('',#16993,#11001,#11002);
#9351=AXIS2_PLACEMENT_3D('',#16994,#11003,#11004);
#9352=AXIS2_PLACEMENT_3D('',#16995,#11005,#11006);
#9353=AXIS2_PLACEMENT_3D('',#16996,#11007,#11008);
#9354=AXIS2_PLACEMENT_3D('',#16997,#11009,#11010);
#9355=AXIS2_PLACEMENT_3D('',#16998,#11011,#11012);
#9356=AXIS2_PLACEMENT_3D('',#17002,#11015,#11016);
#9357=AXIS2_PLACEMENT_3D('',#17004,#11017,#11018);
#9358=AXIS2_PLACEMENT_3D('',#17005,#11019,#11020);
#9359=AXIS2_PLACEMENT_3D('',#17008,#11022,#11023);
#9360=AXIS2_PLACEMENT_3D('',#17009,#11024,#11025);
#9361=AXIS2_PLACEMENT_3D('',#17010,#11026,#11027);
#9362=AXIS2_PLACEMENT_3D('',#17011,#11028,#11029);
#9363=AXIS2_PLACEMENT_3D('',#17012,#11030,#11031);
#9364=AXIS2_PLACEMENT_3D('',#17014,#11032,#11033);
#9365=AXIS2_PLACEMENT_3D('',#17017,#11035,#11036);
#9366=AXIS2_PLACEMENT_3D('',#17018,#11037,#11038);
#9367=AXIS2_PLACEMENT_3D('',#17019,#11039,#11040);
#9368=AXIS2_PLACEMENT_3D('',#17021,#11041,#11042);
#9369=AXIS2_PLACEMENT_3D('',#17022,#11043,#11044);
#9370=AXIS2_PLACEMENT_3D('',#17025,#11046,#11047);
#9371=AXIS2_PLACEMENT_3D('',#17026,#11048,#11049);
#9372=AXIS2_PLACEMENT_3D('',#17027,#11050,#11051);
#9373=AXIS2_PLACEMENT_3D('',#17029,#11052,#11053);
#9374=AXIS2_PLACEMENT_3D('',#17043,#11056,#11057);
#9375=AXIS2_PLACEMENT_3D('',#17045,#11058,#11059);
#9376=AXIS2_PLACEMENT_3D('',#17046,#11060,#11061);
#9377=AXIS2_PLACEMENT_3D('',#17049,#11063,#11064);
#9378=AXIS2_PLACEMENT_3D('',#17050,#11065,#11066);
#9379=AXIS2_PLACEMENT_3D('',#17051,#11067,#11068);
#9380=AXIS2_PLACEMENT_3D('',#17054,#11070,#11071);
#9381=AXIS2_PLACEMENT_3D('',#17055,#11072,#11073);
#9382=AXIS2_PLACEMENT_3D('',#17056,#11074,#11075);
#9383=AXIS2_PLACEMENT_3D('',#17057,#11076,#11077);
#9384=AXIS2_PLACEMENT_3D('',#17060,#11079,#11080);
#9385=AXIS2_PLACEMENT_3D('',#17061,#11081,#11082);
#9386=AXIS2_PLACEMENT_3D('',#17063,#11083,#11084);
#9387=AXIS2_PLACEMENT_3D('',#17066,#11086,#11087);
#9388=AXIS2_PLACEMENT_3D('',#17067,#11088,#11089);
#9389=AXIS2_PLACEMENT_3D('',#17068,#11090,#11091);
#9390=AXIS2_PLACEMENT_3D('',#17070,#11092,#11093);
#9391=AXIS2_PLACEMENT_3D('',#17071,#11094,#11095);
#9392=AXIS2_PLACEMENT_3D('',#17074,#11097,#11098);
#9393=AXIS2_PLACEMENT_3D('',#17075,#11099,#11100);
#9394=AXIS2_PLACEMENT_3D('',#17076,#11101,#11102);
#9395=AXIS2_PLACEMENT_3D('',#17078,#11104,#11105);
#9396=AXIS2_PLACEMENT_3D('',#17080,#11107,#11108);
#9397=AXIS2_PLACEMENT_3D('',#17082,#11109,#11110);
#9398=AXIS2_PLACEMENT_3D('',#17083,#11111,#11112);
#9399=AXIS2_PLACEMENT_3D('',#17085,#11114,#11115);
#9400=AXIS2_PLACEMENT_3D('',#17087,#11117,#11118);
#9401=AXIS2_PLACEMENT_3D('',#17089,#11120,#11121);
#9402=AXIS2_PLACEMENT_3D('',#17090,#11122,#11123);
#9403=AXIS2_PLACEMENT_3D('',#17093,#11125,#11126);
#9404=AXIS2_PLACEMENT_3D('',#17094,#11127,#11128);
#9405=AXIS2_PLACEMENT_3D('',#17095,#11129,#11130);
#9406=AXIS2_PLACEMENT_3D('',#17097,#11132,#11133);
#9407=AXIS2_PLACEMENT_3D('',#17098,#11134,#11135);
#9408=AXIS2_PLACEMENT_3D('',#17100,#11137,#11138);
#9409=AXIS2_PLACEMENT_3D('',#17103,#11140,#11141);
#9410=AXIS2_PLACEMENT_3D('',#17104,#11142,#11143);
#9411=AXIS2_PLACEMENT_3D('',#17105,#11144,#11145);
#9412=AXIS2_PLACEMENT_3D('',#17109,#11148,#11149);
#9413=AXIS2_PLACEMENT_3D('',#17110,#11150,#11151);
#9414=AXIS2_PLACEMENT_3D('',#17111,#11152,#11153);
#9415=AXIS2_PLACEMENT_3D('',#17113,#11154,#11155);
#9416=AXIS2_PLACEMENT_3D('',#17115,#11157,#11158);
#9417=AXIS2_PLACEMENT_3D('',#17116,#11159,#11160);
#9418=AXIS2_PLACEMENT_3D('',#17117,#11161,#11162);
#9419=AXIS2_PLACEMENT_3D('',#17124,#11165,#11166);
#9420=AXIS2_PLACEMENT_3D('',#17128,#11168,#11169);
#9421=AXIS2_PLACEMENT_3D('',#17130,#11171,#11172);
#9422=AXIS2_PLACEMENT_3D('',#17131,#11173,#11174);
#9423=AXIS2_PLACEMENT_3D('',#17132,#11175,#11176);
#9424=AXIS2_PLACEMENT_3D('',#17133,#11177,#11178);
#9425=AXIS2_PLACEMENT_3D('',#17134,#11179,#11180);
#9426=AXIS2_PLACEMENT_3D('',#17135,#11181,#11182);
#9427=AXIS2_PLACEMENT_3D('',#17141,#11186,#11187);
#9428=AXIS2_PLACEMENT_3D('',#17145,#11190,#11191);
#9429=AXIS2_PLACEMENT_3D('',#17146,#11192,#11193);
#9430=AXIS2_PLACEMENT_3D('',#17147,#11194,#11195);
#9431=AXIS2_PLACEMENT_3D('',#17148,#11196,#11197);
#9432=AXIS2_PLACEMENT_3D('',#17149,#11198,#11199);
#9433=AXIS2_PLACEMENT_3D('',#17150,#11200,#11201);
#9434=AXIS2_PLACEMENT_3D('',#17151,#11202,#11203);
#9435=AXIS2_PLACEMENT_3D('',#17152,#11204,#11205);
#9436=AXIS2_PLACEMENT_3D('',#17153,#11206,#11207);
#9437=AXIS2_PLACEMENT_3D('',#17154,#11208,#11209);
#9438=AXIS2_PLACEMENT_3D('',#17155,#11210,#11211);
#9439=AXIS2_PLACEMENT_3D('',#17156,#11212,#11213);
#9440=AXIS2_PLACEMENT_3D('',#17157,#11214,#11215);
#9441=AXIS2_PLACEMENT_3D('',#17158,#11216,#11217);
#9442=AXIS2_PLACEMENT_3D('',#17159,#11218,#11219);
#9443=AXIS2_PLACEMENT_3D('',#17160,#11220,#11221);
#9444=AXIS2_PLACEMENT_3D('',#17161,#11222,#11223);
#9445=AXIS2_PLACEMENT_3D('',#17162,#11224,#11225);
#9446=AXIS2_PLACEMENT_3D('',#17163,#11226,#11227);
#9447=AXIS2_PLACEMENT_3D('',#17164,#11228,#11229);
#9448=DIRECTION('axis',(0.,0.,1.));
#9449=DIRECTION('refdir',(1.,0.,0.));
#9450=DIRECTION('center_axis',(0.,0.,1.));
#9451=DIRECTION('ref_axis',(-1.,0.,0.));
#9452=DIRECTION('center_axis',(0.,0.,1.));
#9453=DIRECTION('ref_axis',(-1.,0.,0.));
#9454=DIRECTION('',(-0.707106781186547,-8.65956056235493E-17,-0.707106781186547));
#9455=DIRECTION('center_axis',(0.,0.,-1.));
#9456=DIRECTION('ref_axis',(-1.,0.,0.));
#9457=DIRECTION('center_axis',(0.,0.,-1.));
#9458=DIRECTION('ref_axis',(-1.,0.,0.));
#9459=DIRECTION('center_axis',(0.,0.,1.));
#9460=DIRECTION('ref_axis',(1.,0.,0.));
#9461=DIRECTION('',(1.,2.67523620391604E-16,0.));
#9462=DIRECTION('center_axis',(0.,0.,-1.));
#9463=DIRECTION('ref_axis',(-0.707106781186554,0.707106781186541,0.));
#9464=DIRECTION('',(-2.67523620391604E-16,1.,0.));
#9465=DIRECTION('center_axis',(0.,0.,-1.));
#9466=DIRECTION('ref_axis',(-0.707106781186541,-0.707106781186554,0.));
#9467=DIRECTION('',(-1.,-1.78349080261069E-16,0.));
#9468=DIRECTION('center_axis',(0.,0.,-1.));
#9469=DIRECTION('ref_axis',(0.707106781186549,-0.707106781186546,0.));
#9470=DIRECTION('',(-8.7261537222903E-16,-1.,0.));
#9471=DIRECTION('center_axis',(0.,0.,1.));
#9472=DIRECTION('ref_axis',(-1.,1.22464679914735E-16,0.));
#9473=DIRECTION('',(1.22464679914735E-16,1.,0.));
#9474=DIRECTION('center_axis',(0.,0.,-1.));
#9475=DIRECTION('ref_axis',(-0.707106781186547,-0.707106781186547,0.));
#9476=DIRECTION('',(-1.,-1.78349080261069E-16,0.));
#9477=DIRECTION('center_axis',(0.,0.,-1.));
#9478=DIRECTION('ref_axis',(0.707106781186547,-0.707106781186547,0.));
#9479=DIRECTION('',(3.56698160522139E-16,-1.,0.));
#9480=DIRECTION('center_axis',(0.,0.,-1.));
#9481=DIRECTION('ref_axis',(0.707106781186547,0.707106781186547,0.));
#9482=DIRECTION('',(1.,2.67523620391604E-16,0.));
#9483=DIRECTION('center_axis',(0.,0.,-1.));
#9484=DIRECTION('ref_axis',(-0.707106781186548,0.707106781186547,0.));
#9485=DIRECTION('',(7.50150692314295E-16,1.,0.));
#9486=DIRECTION('center_axis',(0.,0.,1.));
#9487=DIRECTION('ref_axis',(1.,0.,0.));
#9488=DIRECTION('',(0.,-1.,0.));
#9489=DIRECTION('center_axis',(0.,0.,-1.));
#9490=DIRECTION('ref_axis',(0.707106781186551,0.707106781186544,0.));
#9491=DIRECTION('center_axis',(0.,0.,1.));
#9492=DIRECTION('ref_axis',(-1.,0.,0.));
#9493=DIRECTION('center_axis',(0.,0.,1.));
#9494=DIRECTION('ref_axis',(-1.,0.,0.));
#9495=DIRECTION('center_axis',(0.,0.,1.));
#9496=DIRECTION('ref_axis',(-1.,0.,0.));
#9497=DIRECTION('center_axis',(0.,0.,1.));
#9498=DIRECTION('ref_axis',(-1.,0.,0.));
#9499=DIRECTION('center_axis',(0.,0.,1.));
#9500=DIRECTION('ref_axis',(-1.,0.,0.));
#9501=DIRECTION('center_axis',(0.,0.,1.));
#9502=DIRECTION('ref_axis',(-1.,0.,0.));
#9503=DIRECTION('',(-1.,0.,0.));
#9504=DIRECTION('',(0.,1.,0.));
#9505=DIRECTION('',(1.,0.,0.));
#9506=DIRECTION('',(0.,-1.,0.));
#9507=DIRECTION('center_axis',(0.,0.,1.));
#9508=DIRECTION('ref_axis',(1.,0.,0.));
#9509=DIRECTION('center_axis',(0.,0.,1.));
#9510=DIRECTION('ref_axis',(1.,0.,0.));
#9511=DIRECTION('center_axis',(0.,0.,1.));
#9512=DIRECTION('ref_axis',(-1.,0.,0.));
#9513=DIRECTION('center_axis',(0.,0.,1.));
#9514=DIRECTION('ref_axis',(-1.,0.,0.));
#9515=DIRECTION('center_axis',(0.,0.,1.));
#9516=DIRECTION('ref_axis',(-1.,0.,0.));
#9517=DIRECTION('center_axis',(0.,0.,1.));
#9518=DIRECTION('ref_axis',(1.,0.,0.));
#9519=DIRECTION('',(0.,0.,-1.));
#9520=DIRECTION('center_axis',(0.,0.,1.));
#9521=DIRECTION('ref_axis',(-1.,0.,0.));
#9522=DIRECTION('',(-0.707106781186547,-8.65956056235493E-17,-0.707106781186547));
#9523=DIRECTION('center_axis',(0.,0.,-1.));
#9524=DIRECTION('ref_axis',(-1.,0.,0.));
#9525=DIRECTION('center_axis',(0.,0.,-1.));
#9526=DIRECTION('ref_axis',(-1.,0.,0.));
#9527=DIRECTION('center_axis',(0.,0.,1.));
#9528=DIRECTION('ref_axis',(1.,0.,0.));
#9529=DIRECTION('',(0.,0.,-1.));
#9530=DIRECTION('center_axis',(0.,0.,1.));
#9531=DIRECTION('ref_axis',(-1.,0.,0.));
#9532=DIRECTION('',(-0.707106781186549,-8.65956056235495E-17,-0.707106781186546));
#9533=DIRECTION('center_axis',(0.,0.,-1.));
#9534=DIRECTION('ref_axis',(-1.,0.,0.));
#9535=DIRECTION('center_axis',(0.,0.,-1.));
#9536=DIRECTION('ref_axis',(-1.,0.,0.));
#9537=DIRECTION('center_axis',(0.,0.,1.));
#9538=DIRECTION('ref_axis',(1.,0.,0.));
#9539=DIRECTION('',(0.,0.,-1.));
#9540=DIRECTION('center_axis',(0.,0.,1.));
#9541=DIRECTION('ref_axis',(1.,0.,0.));
#9542=DIRECTION('center_axis',(0.,-0.703665851855809,0.710531047127456));
#9543=DIRECTION('ref_axis',(0.,0.710531047127456,0.703665851855809));
#9544=DIRECTION('center_axis',(0.,0.,1.));
#9545=DIRECTION('ref_axis',(1.,0.,0.));
#9546=DIRECTION('center_axis',(0.,0.,1.));
#9547=DIRECTION('ref_axis',(-1.,0.,0.));
#9548=DIRECTION('',(-0.707106781186549,-8.65956056235495E-17,-0.707106781186546));
#9549=DIRECTION('center_axis',(0.,0.,-1.));
#9550=DIRECTION('ref_axis',(-1.,0.,0.));
#9551=DIRECTION('center_axis',(0.,0.,-1.));
#9552=DIRECTION('ref_axis',(-1.,0.,0.));
#9553=DIRECTION('center_axis',(0.,0.,1.));
#9554=DIRECTION('ref_axis',(1.,0.,0.));
#9555=DIRECTION('',(0.,0.,-1.));
#9556=DIRECTION('center_axis',(0.,0.,1.));
#9557=DIRECTION('ref_axis',(1.,0.,0.));
#9558=DIRECTION('center_axis',(0.,0.703665851855804,0.71053104712746));
#9559=DIRECTION('ref_axis',(0.,0.71053104712746,-0.703665851855804));
#9560=DIRECTION('center_axis',(0.,0.,1.));
#9561=DIRECTION('ref_axis',(1.,0.,0.));
#9562=DIRECTION('center_axis',(0.,0.703665851855809,-0.710531047127456));
#9563=DIRECTION('ref_axis',(-1.,0.,0.));
#9564=DIRECTION('',(-1.,0.,0.));
#9565=DIRECTION('',(-9.76578564998655E-16,-0.710531047127457,-0.703665851855808));
#9566=DIRECTION('',(1.,0.,0.));
#9567=DIRECTION('',(-9.76578564998649E-16,-0.71053104712746,-0.703665851855805));
#9568=DIRECTION('',(-1.,0.,0.));
#9569=DIRECTION('center_axis',(0.,-0.703665851855804,-0.71053104712746));
#9570=DIRECTION('ref_axis',(-1.,0.,0.));
#9571=DIRECTION('',(1.,0.,0.));
#9572=DIRECTION('',(0.,0.710531047127455,-0.70366585185581));
#9573=DIRECTION('',(-1.,0.,0.));
#9574=DIRECTION('',(0.,0.710531047127464,-0.703665851855801));
#9575=DIRECTION('',(1.,0.,0.));
#9576=DIRECTION('center_axis',(0.,0.,1.));
#9577=DIRECTION('ref_axis',(-1.,0.,0.));
#9578=DIRECTION('',(-0.707106781186549,-8.65956056235495E-17,-0.707106781186546));
#9579=DIRECTION('center_axis',(0.,0.,-1.));
#9580=DIRECTION('ref_axis',(-1.,0.,0.));
#9581=DIRECTION('center_axis',(0.,0.,-1.));
#9582=DIRECTION('ref_axis',(-1.,0.,0.));
#9583=DIRECTION('center_axis',(0.,0.,1.));
#9584=DIRECTION('ref_axis',(1.,0.,0.));
#9585=DIRECTION('',(0.,0.,-1.));
#9586=DIRECTION('center_axis',(4.36458204604314E-17,1.11022302462516E-16,
1.));
#9587=DIRECTION('ref_axis',(1.,0.,0.));
#9588=DIRECTION('center_axis',(4.36458204604314E-17,1.11022302462516E-16,
1.));
#9589=DIRECTION('ref_axis',(1.,0.,0.));
#9590=DIRECTION('center_axis',(4.36458204604314E-17,1.11022302462516E-16,
1.));
#9591=DIRECTION('ref_axis',(1.,0.,0.));
#9592=DIRECTION('center_axis',(0.,0.,1.));
#9593=DIRECTION('ref_axis',(-1.,0.,0.));
#9594=DIRECTION('',(-0.707106781186549,-8.65956056235495E-17,-0.707106781186546));
#9595=DIRECTION('center_axis',(0.,0.,-1.));
#9596=DIRECTION('ref_axis',(-1.,0.,0.));
#9597=DIRECTION('center_axis',(0.,0.,-1.));
#9598=DIRECTION('ref_axis',(-1.,0.,0.));
#9599=DIRECTION('center_axis',(0.,0.,1.));
#9600=DIRECTION('ref_axis',(1.,0.,0.));
#9601=DIRECTION('',(0.,0.,-1.));
#9602=DIRECTION('center_axis',(4.36458204604314E-17,2.22044604925031E-16,
1.));
#9603=DIRECTION('ref_axis',(1.,0.,0.));
#9604=DIRECTION('center_axis',(4.36458204604314E-17,2.22044604925031E-16,
1.));
#9605=DIRECTION('ref_axis',(1.,0.,0.));
#9606=DIRECTION('center_axis',(4.36458204604314E-17,2.22044604925031E-16,
1.));
#9607=DIRECTION('ref_axis',(1.,0.,0.));
#9608=DIRECTION('center_axis',(0.,0.,1.));
#9609=DIRECTION('ref_axis',(-1.,0.,0.));
#9610=DIRECTION('',(-0.707106781186548,-8.65956056235493E-17,-0.707106781186548));
#9611=DIRECTION('center_axis',(0.,0.,-1.));
#9612=DIRECTION('ref_axis',(-1.,0.,0.));
#9613=DIRECTION('center_axis',(0.,0.,-1.));
#9614=DIRECTION('ref_axis',(-1.,0.,0.));
#9615=DIRECTION('center_axis',(0.,0.,1.));
#9616=DIRECTION('ref_axis',(1.,0.,0.));
#9617=DIRECTION('',(0.,0.,-1.));
#9618=DIRECTION('center_axis',(4.36458204604314E-17,1.11022302462516E-16,
1.));
#9619=DIRECTION('ref_axis',(1.,0.,0.));
#9620=DIRECTION('center_axis',(0.,-0.703665851855809,0.710531047127456));
#9621=DIRECTION('ref_axis',(0.,0.710531047127456,0.703665851855809));
#9622=DIRECTION('center_axis',(0.,0.,1.));
#9623=DIRECTION('ref_axis',(1.,0.,0.));
#9624=DIRECTION('center_axis',(0.,-0.703665851855809,0.710531047127456));
#9625=DIRECTION('ref_axis',(0.,0.710531047127456,0.703665851855809));
#9626=DIRECTION('center_axis',(0.,0.,1.));
#9627=DIRECTION('ref_axis',(-1.,0.,0.));
#9628=DIRECTION('',(-0.707106781186548,-8.65956056235493E-17,-0.707106781186548));
#9629=DIRECTION('center_axis',(0.,0.,-1.));
#9630=DIRECTION('ref_axis',(-1.,0.,0.));
#9631=DIRECTION('center_axis',(0.,0.,-1.));
#9632=DIRECTION('ref_axis',(-1.,0.,0.));
#9633=DIRECTION('center_axis',(0.,0.,1.));
#9634=DIRECTION('ref_axis',(1.,0.,0.));
#9635=DIRECTION('',(0.,0.,-1.));
#9636=DIRECTION('center_axis',(0.,0.703665851855804,0.71053104712746));
#9637=DIRECTION('ref_axis',(0.,0.71053104712746,-0.703665851855804));
#9638=DIRECTION('center_axis',(0.,0.,1.));
#9639=DIRECTION('ref_axis',(1.,0.,0.));
#9640=DIRECTION('center_axis',(0.,0.703665851855804,0.71053104712746));
#9641=DIRECTION('ref_axis',(0.,0.71053104712746,-0.703665851855804));
#9642=DIRECTION('center_axis',(4.36458204604314E-17,2.22044604925031E-16,
1.));
#9643=DIRECTION('ref_axis',(1.,0.,0.));
#9644=DIRECTION('center_axis',(0.,0.,1.));
#9645=DIRECTION('ref_axis',(1.,0.,0.));
#9646=DIRECTION('',(2.79571711701314E-16,1.,0.));
#9647=DIRECTION('center_axis',(0.,0.,-1.));
#9648=DIRECTION('ref_axis',(-1.,1.22464679914735E-16,0.));
#9649=DIRECTION('',(-2.79571711701314E-16,-1.,0.));
#9650=DIRECTION('',(-1.,0.,0.));
#9651=DIRECTION('',(0.,1.,0.));
#9652=DIRECTION('',(1.,0.,0.));
#9653=DIRECTION('',(1.,0.,0.));
#9654=DIRECTION('',(0.,1.,0.));
#9655=DIRECTION('',(1.,0.,0.));
#9656=DIRECTION('',(-3.56698160522139E-16,1.,0.));
#9657=DIRECTION('center_axis',(0.,0.,1.));
#9658=DIRECTION('ref_axis',(0.707106781186547,-0.707106781186547,0.));
#9659=DIRECTION('',(1.,1.78349080261069E-16,0.));
#9660=DIRECTION('center_axis',(0.,0.,1.));
#9661=DIRECTION('ref_axis',(-0.707106781186541,-0.707106781186554,0.));
#9662=DIRECTION('',(2.67523620391604E-16,-1.,0.));
#9663=DIRECTION('',(-1.,0.,0.));
#9664=DIRECTION('',(-1.,0.,0.));
#9665=DIRECTION('',(2.27202701105788E-16,1.,0.));
#9666=DIRECTION('center_axis',(0.,0.,-1.));
#9667=DIRECTION('ref_axis',(1.,-1.22464679914735E-16,0.));
#9668=DIRECTION('',(-2.27202701105788E-16,-1.,0.));
#9669=DIRECTION('center_axis',(0.,0.703665851855809,-0.710531047127456));
#9670=DIRECTION('ref_axis',(-1.,0.,0.));
#9671=DIRECTION('',(1.,0.,0.));
#9672=DIRECTION('',(0.,-0.71053104712746,-0.703665851855805));
#9673=DIRECTION('center_axis',(-1.,0.,0.));
#9674=DIRECTION('ref_axis',(0.,-0.939692620785908,-0.342020143325669));
#9675=DIRECTION('',(1.,1.19915906168606E-16,-4.36458204604314E-17));
#9676=DIRECTION('center_axis',(-1.,2.27202701105788E-16,0.));
#9677=DIRECTION('ref_axis',(-2.2231407653295E-16,-0.984807753012208,0.17364817766693));
#9678=DIRECTION('center_axis',(-1.,0.,0.));
#9679=DIRECTION('ref_axis',(0.,-0.939692620785908,-0.342020143325669));
#9680=DIRECTION('center_axis',(-0.707106781186548,0.,0.707106781186548));
#9681=DIRECTION('ref_axis',(-0.707106781186547,0.,-0.707106781186547));
#9682=DIRECTION('center_axis',(-1.,0.,0.));
#9683=DIRECTION('ref_axis',(0.,-0.939692620785908,-0.342020143325669));
#9684=DIRECTION('',(1.,0.,0.));
#9685=DIRECTION('center_axis',(-1.,0.,0.));
#9686=DIRECTION('ref_axis',(0.,1.,0.));
#9687=DIRECTION('',(1.,0.,0.));
#9688=DIRECTION('center_axis',(1.,0.,0.));
#9689=DIRECTION('ref_axis',(0.,-0.871683838508262,0.490068654051146));
#9690=DIRECTION('',(1.,0.,0.));
#9691=DIRECTION('center_axis',(-1.,0.,0.));
#9692=DIRECTION('ref_axis',(0.,1.,0.));
#9693=DIRECTION('',(1.,0.,0.));
#9694=DIRECTION('center_axis',(-1.,0.,0.));
#9695=DIRECTION('ref_axis',(0.,0.,1.));
#9696=DIRECTION('',(1.,0.,0.));
#9697=DIRECTION('center_axis',(4.36458204604314E-17,1.11022302462516E-16,
1.));
#9698=DIRECTION('ref_axis',(-7.69593574233161E-18,-1.,1.11022302462516E-16));
#9699=DIRECTION('',(1.,0.,0.));
#9700=DIRECTION('',(0.,1.,-1.11022302462516E-16));
#9701=DIRECTION('',(1.,0.,0.));
#9702=DIRECTION('center_axis',(-1.,0.,0.));
#9703=DIRECTION('ref_axis',(0.,0.939692620785908,0.342020143325668));
#9704=DIRECTION('',(1.,0.,0.));
#9705=DIRECTION('center_axis',(-1.,0.,0.));
#9706=DIRECTION('ref_axis',(0.,0.939692620785908,0.342020143325669));
#9707=DIRECTION('center_axis',(-0.707106781186548,0.,0.707106781186548));
#9708=DIRECTION('ref_axis',(0.707106781186547,-7.13678390310807E-17,0.707106781186547));
#9709=DIRECTION('',(-1.,0.,0.));
#9710=DIRECTION('center_axis',(0.,0.,1.));
#9711=DIRECTION('ref_axis',(1.,0.,0.));
#9712=DIRECTION('',(-1.57107031786579E-16,-1.,0.));
#9713=DIRECTION('center_axis',(0.,0.,-1.));
#9714=DIRECTION('ref_axis',(1.,0.,0.));
#9715=DIRECTION('',(1.57107031786579E-16,1.,0.));
#9716=DIRECTION('',(1.,0.,0.));
#9717=DIRECTION('',(1.,0.,0.));
#9718=DIRECTION('',(2.67523620391604E-16,-1.,0.));
#9719=DIRECTION('center_axis',(0.,0.,1.));
#9720=DIRECTION('ref_axis',(-0.707106781186554,0.707106781186541,0.));
#9721=DIRECTION('',(-1.,-2.67523620391604E-16,0.));
#9722=DIRECTION('center_axis',(0.,0.,1.));
#9723=DIRECTION('ref_axis',(0.707106781186547,0.707106781186547,0.));
#9724=DIRECTION('',(-3.56698160522139E-16,1.,0.));
#9725=DIRECTION('',(-1.,0.,0.));
#9726=DIRECTION('',(0.,1.,0.));
#9727=DIRECTION('',(-1.,0.,0.));
#9728=DIRECTION('',(0.,1.,0.));
#9729=DIRECTION('',(1.,0.,0.));
#9730=DIRECTION('',(-1.04738021191052E-16,-1.,0.));
#9731=DIRECTION('center_axis',(0.,0.,-1.));
#9732=DIRECTION('ref_axis',(-1.,0.,0.));
#9733=DIRECTION('',(1.04738021191052E-16,1.,0.));
#9734=DIRECTION('center_axis',(0.,-0.703665851855804,-0.71053104712746));
#9735=DIRECTION('ref_axis',(-1.,0.,0.));
#9736=DIRECTION('',(-1.,0.,0.));
#9737=DIRECTION('',(0.575472702366343,0.581087203147984,-0.575472702366352));
#9738=DIRECTION('center_axis',(-1.,0.,0.));
#9739=DIRECTION('ref_axis',(0.,0.939692620785909,0.342020143325668));
#9740=DIRECTION('',(1.,-1.19915906168606E-16,-4.36458204604314E-17));
#9741=DIRECTION('center_axis',(1.,2.67523620391604E-16,0.));
#9742=DIRECTION('ref_axis',(0.,0.939692620785909,0.342020143325668));
#9743=DIRECTION('center_axis',(0.707106781186551,1.8916776610648E-16,0.707106781186544));
#9744=DIRECTION('ref_axis',(-0.707106781186544,2.66763281815206E-16,0.707106781186551));
#9745=DIRECTION('center_axis',(-4.36458204604314E-17,-2.22044604925031E-16,
-1.));
#9746=DIRECTION('ref_axis',(-7.69593574233161E-18,1.,-2.22044604925031E-16));
#9747=DIRECTION('',(1.,0.,0.));
#9748=DIRECTION('',(1.,0.,0.));
#9749=DIRECTION('',(0.,1.,-2.22044604925031E-16));
#9750=DIRECTION('',(1.,0.,0.));
#9751=DIRECTION('',(0.,1.,-2.22044604925031E-16));
#9752=DIRECTION('',(1.,0.,0.));
#9753=DIRECTION('',(0.,-1.,2.22044604925031E-16));
#9754=DIRECTION('',(1.,0.,0.));
#9755=DIRECTION('',(-2.67523620391604E-16,1.,-2.22044604925031E-16));
#9756=DIRECTION('',(1.,-1.19915906168606E-16,-4.36458204604314E-17));
#9757=DIRECTION('',(-1.57107031786579E-16,-1.,2.22044604925031E-16));
#9758=DIRECTION('center_axis',(-4.36458204604314E-17,-2.22044604925031E-16,
-1.));
#9759=DIRECTION('ref_axis',(1.,0.,0.));
#9760=DIRECTION('',(1.57107031786579E-16,1.,-2.22044604925031E-16));
#9761=DIRECTION('',(1.,-1.19915906168606E-16,-4.36458204604314E-17));
#9762=DIRECTION('',(-1.04738021191052E-16,-1.,2.22044604925031E-16));
#9763=DIRECTION('center_axis',(4.36458204604314E-17,2.22044604925031E-16,
1.));
#9764=DIRECTION('ref_axis',(-1.,0.,0.));
#9765=DIRECTION('',(1.04738021191052E-16,1.,-2.22044604925031E-16));
#9766=DIRECTION('',(1.,-1.19915906168606E-16,-4.36458204604314E-17));
#9767=DIRECTION('',(0.,1.,-2.22044604925031E-16));
#9768=DIRECTION('center_axis',(-4.36458204604314E-17,-2.22044604925031E-16,
-1.));
#9769=DIRECTION('ref_axis',(1.,0.,0.));
#9770=DIRECTION('',(9.52033508588851E-15,0.874619707139397,-0.484809620246335));
#9771=DIRECTION('center_axis',(0.,-0.5,0.866025403784439));
#9772=DIRECTION('ref_axis',(1.,0.,0.));
#9773=DIRECTION('center_axis',(0.,0.5,-0.866025403784439));
#9774=DIRECTION('ref_axis',(1.,0.,0.));
#9775=DIRECTION('',(-0.0348994967025007,-0.499695413509548,0.865497844507677));
#9776=DIRECTION('',(-5.3890337370642E-15,0.515038074910055,-0.857167300702112));
#9777=DIRECTION('center_axis',(0.,0.5,0.866025403784439));
#9778=DIRECTION('ref_axis',(1.,0.,0.));
#9779=DIRECTION('',(0.0348994967025007,-0.499695413509548,-0.865497844507677));
#9780=DIRECTION('center_axis',(0.,0.5,0.866025403784439));
#9781=DIRECTION('ref_axis',(1.,0.,0.));
#9782=DIRECTION('',(3.76977105284894E-15,0.95416527566538,0.29928018095826));
#9783=DIRECTION('center_axis',(-1.,0.,0.));
#9784=DIRECTION('ref_axis',(0.,1.,0.));
#9785=DIRECTION('center_axis',(1.,0.,0.));
#9786=DIRECTION('ref_axis',(0.,0.707106781186548,0.707106781186548));
#9787=DIRECTION('center_axis',(-1.,0.,0.));
#9788=DIRECTION('ref_axis',(0.,0.707106781186548,0.707106781186547));
#9789=DIRECTION('',(1.,0.,0.));
#9790=DIRECTION('center_axis',(0.,-0.5,-0.866025403784439));
#9791=DIRECTION('ref_axis',(1.,0.,0.));
#9792=DIRECTION('',(0.,0.5,0.866025403784439));
#9793=DIRECTION('center_axis',(0.,0.5,0.866025403784439));
#9794=DIRECTION('ref_axis',(1.,0.,0.));
#9795=DIRECTION('',(-3.76977105284894E-15,-0.95416527566538,0.29928018095826));
#9796=DIRECTION('center_axis',(0.,-0.5,0.866025403784439));
#9797=DIRECTION('ref_axis',(1.,0.,0.));
#9798=DIRECTION('',(0.,-0.5,0.866025403784439));
#9799=DIRECTION('center_axis',(0.,-0.5,0.866025403784439));
#9800=DIRECTION('ref_axis',(1.,0.,0.));
#9801=DIRECTION('center_axis',(-1.,0.,0.));
#9802=DIRECTION('ref_axis',(0.,1.,0.));
#9803=DIRECTION('center_axis',(1.,0.,0.));
#9804=DIRECTION('ref_axis',(0.,-0.707106781186547,0.707106781186548));
#9805=DIRECTION('',(1.,0.,0.));
#9806=DIRECTION('center_axis',(-1.,0.,0.));
#9807=DIRECTION('ref_axis',(0.,-0.707106781186547,0.707106781186548));
#9808=DIRECTION('',(1.,0.,0.));
#9809=DIRECTION('center_axis',(0.,0.,1.));
#9810=DIRECTION('ref_axis',(1.,0.,0.));
#9811=DIRECTION('',(0.707106781186555,8.65956056235503E-17,-0.70710678118654));
#9812=DIRECTION('center_axis',(0.,0.,-1.));
#9813=DIRECTION('ref_axis',(1.,0.,0.));
#9814=DIRECTION('center_axis',(0.,0.,-1.));
#9815=DIRECTION('ref_axis',(1.,0.,0.));
#9816=DIRECTION('center_axis',(1.77635683940025E-16,0.,1.));
#9817=DIRECTION('ref_axis',(-1.,0.,0.));
#9818=DIRECTION('',(-1.77635683940025E-16,0.,-1.));
#9819=DIRECTION('center_axis',(1.77635683940025E-16,0.,1.));
#9820=DIRECTION('ref_axis',(1.,0.,-1.77635683940025E-16));
#9821=DIRECTION('center_axis',(0.,0.,1.));
#9822=DIRECTION('ref_axis',(-1.,0.,0.));
#9823=DIRECTION('',(-0.707106781186555,-8.65956056235503E-17,-0.70710678118654));
#9824=DIRECTION('center_axis',(0.,0.,-1.));
#9825=DIRECTION('ref_axis',(-1.,0.,0.));
#9826=DIRECTION('center_axis',(0.,0.,-1.));
#9827=DIRECTION('ref_axis',(-1.,0.,0.));
#9828=DIRECTION('center_axis',(1.77635683940025E-16,0.,-1.));
#9829=DIRECTION('ref_axis',(1.,0.,0.));
#9830=DIRECTION('',(1.77635683940025E-16,0.,-1.));
#9831=DIRECTION('center_axis',(1.77635683940025E-16,0.,-1.));
#9832=DIRECTION('ref_axis',(-1.,0.,-1.77635683940025E-16));
#9833=DIRECTION('center_axis',(0.,0.,1.));
#9834=DIRECTION('ref_axis',(1.,0.,0.));
#9835=DIRECTION('',(0.707106781186555,8.65956056235503E-17,-0.70710678118654));
#9836=DIRECTION('center_axis',(0.,0.,-1.));
#9837=DIRECTION('ref_axis',(1.,0.,0.));
#9838=DIRECTION('center_axis',(0.,0.,-1.));
#9839=DIRECTION('ref_axis',(1.,0.,0.));
#9840=DIRECTION('center_axis',(-1.77635683940025E-16,0.,-1.));
#9841=DIRECTION('ref_axis',(-1.,0.,0.));
#9842=DIRECTION('',(-1.77635683940025E-16,0.,-1.));
#9843=DIRECTION('center_axis',(-1.77635683940025E-16,0.,-1.));
#9844=DIRECTION('ref_axis',(1.,0.,-1.77635683940025E-16));
#9845=DIRECTION('center_axis',(0.,0.,1.));
#9846=DIRECTION('ref_axis',(-1.,0.,0.));
#9847=DIRECTION('',(-0.707106781186555,-8.65956056235503E-17,-0.70710678118654));
#9848=DIRECTION('center_axis',(0.,0.,-1.));
#9849=DIRECTION('ref_axis',(-1.,0.,0.));
#9850=DIRECTION('center_axis',(0.,0.,-1.));
#9851=DIRECTION('ref_axis',(-1.,0.,0.));
#9852=DIRECTION('center_axis',(-1.77635683940025E-16,0.,1.));
#9853=DIRECTION('ref_axis',(1.,0.,0.));
#9854=DIRECTION('',(1.77635683940025E-16,0.,-1.));
#9855=DIRECTION('center_axis',(-1.77635683940025E-16,0.,1.));
#9856=DIRECTION('ref_axis',(-1.,0.,-1.77635683940025E-16));
#9857=DIRECTION('center_axis',(-1.8916776610648E-16,0.707106781186551,0.707106781186544));
#9858=DIRECTION('ref_axis',(1.,0.,2.67523620391607E-16));
#9859=DIRECTION('',(0.,-0.707106781186544,0.707106781186551));
#9860=DIRECTION('',(-3.92523114670946E-15,0.707106781186544,-0.707106781186551));
#9861=DIRECTION('',(-1.,-2.67523620391604E-16,0.));
#9862=DIRECTION('center_axis',(0.,0.,-1.));
#9863=DIRECTION('ref_axis',(-0.707106781186554,0.707106781186541,0.));
#9864=DIRECTION('center_axis',(0.,0.,1.));
#9865=DIRECTION('ref_axis',(-0.707106781186554,0.707106781186541,0.));
#9866=DIRECTION('',(0.707106781186548,0.,0.707106781186548));
#9867=DIRECTION('center_axis',(-0.707106781186548,-1.89167766106479E-16,
0.707106781186548));
#9868=DIRECTION('ref_axis',(0.707106781186548,0.,0.707106781186548));
#9869=DIRECTION('',(0.707106781186548,0.,0.707106781186548));
#9870=DIRECTION('',(2.67523620391604E-16,-1.,0.));
#9871=DIRECTION('center_axis',(0.,0.,-1.));
#9872=DIRECTION('ref_axis',(-0.707106781186541,-0.707106781186554,0.));
#9873=DIRECTION('center_axis',(0.,0.,1.));
#9874=DIRECTION('ref_axis',(-0.707106781186541,-0.707106781186554,0.));
#9875=DIRECTION('',(0.,0.707106781186548,0.707106781186548));
#9876=DIRECTION('center_axis',(1.26111844070986E-16,-0.707106781186548,
0.707106781186548));
#9877=DIRECTION('ref_axis',(1.,0.,-1.78349080261069E-16));
#9878=DIRECTION('',(0.,0.707106781186551,0.707106781186544));
#9879=DIRECTION('',(1.,1.78349080261069E-16,0.));
#9880=DIRECTION('center_axis',(0.,0.,-1.));
#9881=DIRECTION('ref_axis',(0.707106781186549,-0.707106781186546,0.));
#9882=DIRECTION('center_axis',(0.,0.,1.));
#9883=DIRECTION('ref_axis',(0.707106781186549,-0.707106781186546,0.));
#9884=DIRECTION('',(-0.707106781186549,0.,0.707106781186546));
#9885=DIRECTION('center_axis',(0.707106781186548,-6.17032247070771E-16,
0.707106781186548));
#9886=DIRECTION('ref_axis',(0.707106781186548,0.,-0.707106781186548));
#9887=DIRECTION('',(-0.707106781186548,0.,0.707106781186548));
#9888=DIRECTION('',(8.7261537222903E-16,1.,0.));
#9889=DIRECTION('center_axis',(0.,0.,1.));
#9890=DIRECTION('ref_axis',(-1.,1.22464679914735E-16,0.));
#9891=DIRECTION('',(0.707106781186549,0.,0.707106781186546));
#9892=DIRECTION('center_axis',(0.,0.,-1.));
#9893=DIRECTION('ref_axis',(-1.,1.22464679914735E-16,0.));
#9894=DIRECTION('center_axis',(-0.707106781186548,8.65956056235493E-17,
0.707106781186548));
#9895=DIRECTION('ref_axis',(0.707106781186548,0.,0.707106781186548));
#9896=DIRECTION('',(0.707106781186548,0.,0.707106781186548));
#9897=DIRECTION('',(-1.22464679914735E-16,-1.,0.));
#9898=DIRECTION('center_axis',(0.,0.,-1.));
#9899=DIRECTION('ref_axis',(-0.707106781186547,-0.707106781186547,0.));
#9900=DIRECTION('center_axis',(0.,0.,1.));
#9901=DIRECTION('ref_axis',(-0.707106781186548,-0.707106781186548,0.));
#9902=DIRECTION('',(0.,0.707106781186551,0.707106781186544));
#9903=DIRECTION('center_axis',(1.26111844070986E-16,-0.707106781186548,
0.707106781186548));
#9904=DIRECTION('ref_axis',(1.,0.,-1.78349080261069E-16));
#9905=DIRECTION('',(0.,0.707106781186548,0.707106781186548));
#9906=DIRECTION('',(1.,1.78349080261069E-16,0.));
#9907=DIRECTION('center_axis',(0.,0.,-1.));
#9908=DIRECTION('ref_axis',(0.707106781186547,-0.707106781186547,0.));
#9909=DIRECTION('center_axis',(0.,0.,1.));
#9910=DIRECTION('ref_axis',(0.707106781186548,-0.707106781186548,0.));
#9911=DIRECTION('',(-0.707106781186548,0.,0.707106781186548));
#9912=DIRECTION('center_axis',(0.707106781186548,2.52223688141972E-16,0.707106781186548));
#9913=DIRECTION('ref_axis',(0.707106781186548,0.,-0.707106781186548));
#9914=DIRECTION('',(-0.707106781186548,0.,0.707106781186548));
#9915=DIRECTION('',(-3.56698160522139E-16,1.,0.));
#9916=DIRECTION('center_axis',(0.,0.,-1.));
#9917=DIRECTION('ref_axis',(0.707106781186547,0.707106781186547,0.));
#9918=DIRECTION('center_axis',(0.,0.,1.));
#9919=DIRECTION('ref_axis',(0.707106781186548,0.707106781186548,0.));
#9920=DIRECTION('',(0.,-0.707106781186548,0.707106781186548));
#9921=DIRECTION('center_axis',(-1.8916776610648E-16,0.707106781186551,0.707106781186544));
#9922=DIRECTION('ref_axis',(1.,0.,2.67523620391607E-16));
#9923=DIRECTION('',(0.,-0.707106781186544,0.707106781186551));
#9924=DIRECTION('',(-1.,-2.67523620391604E-16,0.));
#9925=DIRECTION('center_axis',(0.,0.,-1.));
#9926=DIRECTION('ref_axis',(-0.707106781186548,0.707106781186547,0.));
#9927=DIRECTION('center_axis',(0.,0.,1.));
#9928=DIRECTION('ref_axis',(-0.707106781186548,0.707106781186547,0.));
#9929=DIRECTION('',(0.707106781186548,0.,0.707106781186547));
#9930=DIRECTION('center_axis',(-0.707106781186548,5.30436641447221E-16,
0.707106781186548));
#9931=DIRECTION('ref_axis',(0.707106781186548,0.,0.707106781186548));
#9932=DIRECTION('',(0.707106781186548,0.,0.707106781186547));
#9933=DIRECTION('',(-7.50150692314295E-16,-1.,0.));
#9934=DIRECTION('center_axis',(0.,0.,1.));
#9935=DIRECTION('ref_axis',(1.,0.,0.));
#9936=DIRECTION('',(-0.707106781186548,0.,0.707106781186548));
#9937=DIRECTION('center_axis',(0.,0.,-1.));
#9938=DIRECTION('ref_axis',(1.,0.,0.));
#9939=DIRECTION('center_axis',(0.707106781186548,0.,0.707106781186548));
#9940=DIRECTION('ref_axis',(0.707106781186548,0.,-0.707106781186548));
#9941=DIRECTION('',(-0.707106781186548,0.,0.707106781186548));
#9942=DIRECTION('',(0.,1.,0.));
#9943=DIRECTION('center_axis',(0.,0.,-1.));
#9944=DIRECTION('ref_axis',(0.707106781186551,0.707106781186544,0.));
#9945=DIRECTION('center_axis',(0.,0.,1.));
#9946=DIRECTION('ref_axis',(0.707106781186551,0.707106781186544,0.));
#9947=DIRECTION('center_axis',(0.,0.,-1.));
#9948=DIRECTION('ref_axis',(-0.707106781186548,-0.707106781186548,0.));
#9949=DIRECTION('',(0.,0.,-1.));
#9950=DIRECTION('center_axis',(0.,0.,-1.));
#9951=DIRECTION('ref_axis',(-0.707106781186548,-0.707106781186548,0.));
#9952=DIRECTION('',(0.,0.,1.));
#9953=DIRECTION('center_axis',(1.,-1.22464679914735E-16,0.));
#9954=DIRECTION('ref_axis',(-1.22464679914735E-16,-1.,0.));
#9955=DIRECTION('',(0.,0.,1.));
#9956=DIRECTION('',(1.22464679914735E-16,1.,0.));
#9957=DIRECTION('center_axis',(0.,0.,1.));
#9958=DIRECTION('ref_axis',(-1.,1.22464679914735E-16,0.));
#9959=DIRECTION('',(0.,0.,1.));
#9960=DIRECTION('center_axis',(0.,0.,1.));
#9961=DIRECTION('ref_axis',(-1.,1.22464679914735E-16,0.));
#9962=DIRECTION('center_axis',(-1.,8.7261537222903E-16,0.));
#9963=DIRECTION('ref_axis',(8.7261537222903E-16,1.,0.));
#9964=DIRECTION('',(0.,0.,1.));
#9965=DIRECTION('',(-8.7261537222903E-16,-1.,0.));
#9966=DIRECTION('center_axis',(0.,0.,1.));
#9967=DIRECTION('ref_axis',(0.707106781186549,-0.707106781186546,0.));
#9968=DIRECTION('',(0.,0.,-1.));
#9969=DIRECTION('center_axis',(0.,0.,-1.));
#9970=DIRECTION('ref_axis',(0.707106781186549,-0.707106781186546,0.));
#9971=DIRECTION('center_axis',(0.,0.,1.));
#9972=DIRECTION('ref_axis',(-0.707106781186541,-0.707106781186554,0.));
#9973=DIRECTION('',(0.,0.,-1.));
#9974=DIRECTION('center_axis',(0.,0.,-1.));
#9975=DIRECTION('ref_axis',(-0.707106781186541,-0.707106781186554,0.));
#9976=DIRECTION('',(0.,0.,1.));
#9977=DIRECTION('center_axis',(-1.,-2.67523620391604E-16,0.));
#9978=DIRECTION('ref_axis',(2.67523620391604E-16,-1.,0.));
#9979=DIRECTION('',(0.,0.,1.));
#9980=DIRECTION('',(-2.67523620391604E-16,1.,0.));
#9981=DIRECTION('center_axis',(1.,2.67523620391604E-16,0.));
#9982=DIRECTION('ref_axis',(0.,1.,0.));
#9983=DIRECTION('',(-1.48505441494919E-32,5.55111512312578E-17,1.));
#9984=DIRECTION('center_axis',(1.,2.67523620391604E-16,0.));
#9985=DIRECTION('ref_axis',(0.,-0.342020143325669,0.939692620785908));
#9986=DIRECTION('',(-1.48505441494919E-32,5.55111512312578E-17,1.));
#9987=DIRECTION('center_axis',(1.,2.67523620391604E-16,0.));
#9988=DIRECTION('ref_axis',(0.,1.,0.));
#9989=DIRECTION('',(2.67523620391604E-16,-1.,1.11022302462516E-16));
#9990=DIRECTION('center_axis',(1.,2.67523620391604E-16,0.));
#9991=DIRECTION('ref_axis',(0.,-0.939692620785908,-0.342020143325669));
#9992=DIRECTION('',(-2.67523620391604E-16,1.,0.));
#9993=DIRECTION('center_axis',(0.,0.,1.));
#9994=DIRECTION('ref_axis',(-0.707106781186554,0.707106781186541,0.));
#9995=DIRECTION('',(0.,0.,-1.));
#9996=DIRECTION('center_axis',(0.,0.,-1.));
#9997=DIRECTION('ref_axis',(-0.707106781186554,0.707106781186541,0.));
#9998=DIRECTION('center_axis',(0.707106781186548,0.,-0.707106781186548));
#9999=DIRECTION('ref_axis',(-0.707106781186548,0.,-0.707106781186548));
#10000=DIRECTION('',(0.,-1.,0.));
#10001=DIRECTION('',(-0.707106781186548,0.,-0.707106781186548));
#10002=DIRECTION('',(0.70709915640952,-0.00536237115655332,0.707094072935507));
#10003=DIRECTION('',(0.,0.710531047127457,-0.703665851855808));
#10004=DIRECTION('center_axis',(0.,-0.703665851855804,-0.71053104712746));
#10005=DIRECTION('ref_axis',(-1.,0.,0.));
#10006=DIRECTION('',(0.,0.710531047127464,-0.703665851855801));
#10007=DIRECTION('',(-1.,0.,0.));
#10008=DIRECTION('',(0.70709915640952,0.00536237115655332,-0.707094072935507));
#10009=DIRECTION('center_axis',(-0.707106781186547,7.40609650322535E-17,
-0.707106781186548));
#10010=DIRECTION('ref_axis',(-0.707106781186548,0.,0.707106781186547));
#10011=DIRECTION('',(0.707106781186548,0.,-0.707106781186547));
#10012=DIRECTION('',(-0.707106781186548,0.,0.707106781186547));
#10013=DIRECTION('',(1.04738021191052E-16,1.,0.));
#10014=DIRECTION('center_axis',(0.,0.,-1.));
#10015=DIRECTION('ref_axis',(-1.,0.,0.));
#10016=DIRECTION('',(-0.707106781186548,0.,-0.707106781186547));
#10017=DIRECTION('center_axis',(0.,0.,1.));
#10018=DIRECTION('ref_axis',(-1.,0.,0.));
#10019=DIRECTION('center_axis',(0.707106781186547,-7.40609650322535E-17,
-0.707106781186548));
#10020=DIRECTION('ref_axis',(-0.707106781186548,0.,-0.707106781186547));
#10021=DIRECTION('',(-0.707106781186548,0.,-0.707106781186547));
#10022=DIRECTION('',(-1.04738021191052E-16,-1.,0.));
#10023=DIRECTION('',(0.707099156409522,-0.00536237115655334,0.707094072935505));
#10024=DIRECTION('',(0.707099156409518,0.00536237115655333,-0.707094072935509));
#10025=DIRECTION('center_axis',(-0.707106781186547,1.1109144754838E-16,
-0.707106781186548));
#10026=DIRECTION('ref_axis',(-0.707106781186548,0.,0.707106781186547));
#10027=DIRECTION('',(0.707106781186548,0.,-0.707106781186548));
#10028=DIRECTION('',(-0.707106781186548,0.,0.707106781186547));
#10029=DIRECTION('',(1.57107031786579E-16,1.,0.));
#10030=DIRECTION('center_axis',(0.,0.,-1.));
#10031=DIRECTION('ref_axis',(1.,0.,0.));
#10032=DIRECTION('',(-0.707106781186547,0.,-0.707106781186548));
#10033=DIRECTION('center_axis',(0.,0.,1.));
#10034=DIRECTION('ref_axis',(1.,0.,0.));
#10035=DIRECTION('center_axis',(0.707106781186547,-1.1109144754838E-16,
-0.707106781186548));
#10036=DIRECTION('ref_axis',(-0.707106781186548,0.,-0.707106781186547));
#10037=DIRECTION('',(-0.707106781186548,0.,-0.707106781186547));
#10038=DIRECTION('',(-1.57107031786579E-16,-1.,0.));
#10039=DIRECTION('',(0.707099156409522,-0.00536237115656119,0.707094072935505));
#10040=DIRECTION('',(0.,0.710531047127459,-0.703665851855806));
#10041=DIRECTION('center_axis',(0.,-0.703665851855804,-0.71053104712746));
#10042=DIRECTION('ref_axis',(-1.,0.,0.));
#10043=DIRECTION('',(-1.,0.,0.));
#10044=DIRECTION('center_axis',(0.707106781186547,2.52223688141972E-16,
-0.707106781186548));
#10045=DIRECTION('ref_axis',(-0.707106781186548,0.,-0.707106781186547));
#10046=DIRECTION('center_axis',(-0.707106781186547,-2.52223688141972E-16,
0.707106781186548));
#10047=DIRECTION('ref_axis',(-0.707106781186548,0.,-0.707106781186547));
#10048=DIRECTION('',(0.707106781186548,0.,0.707106781186547));
#10049=DIRECTION('',(3.56698160522139E-16,-1.,0.));
#10050=DIRECTION('center_axis',(0.,0.,1.));
#10051=DIRECTION('ref_axis',(0.707106781186547,0.707106781186547,0.));
#10052=DIRECTION('',(0.,0.707106781186548,0.707106781186547));
#10053=DIRECTION('center_axis',(0.,0.,-1.));
#10054=DIRECTION('ref_axis',(0.707106781186548,0.707106781186548,0.));
#10055=DIRECTION('center_axis',(-1.8916776610648E-16,0.707106781186551,
-0.707106781186544));
#10056=DIRECTION('ref_axis',(-1.,0.,2.67523620391607E-16));
#10057=DIRECTION('',(0.,0.707106781186544,0.707106781186551));
#10058=DIRECTION('',(1.,2.67523620391604E-16,0.));
#10059=DIRECTION('center_axis',(0.,0.,1.));
#10060=DIRECTION('ref_axis',(-0.707106781186554,0.707106781186541,0.));
#10061=DIRECTION('',(-0.707106781186548,0.,0.707106781186547));
#10062=DIRECTION('center_axis',(-0.707106781186551,-1.8916776610648E-16,
-0.707106781186544));
#10063=DIRECTION('ref_axis',(-0.707106781186544,0.,0.707106781186551));
#10064=DIRECTION('center_axis',(-1.,0.,0.));
#10065=DIRECTION('ref_axis',(0.,1.,0.));
#10066=DIRECTION('center_axis',(-1.,-3.56698160522139E-16,0.));
#10067=DIRECTION('ref_axis',(0.,1.,0.));
#10068=DIRECTION('center_axis',(-0.707106781186547,-2.52223688141972E-16,
0.707106781186548));
#10069=DIRECTION('ref_axis',(-0.707106781186548,0.,-0.707106781186547));
#10070=DIRECTION('center_axis',(-1.,0.,0.));
#10071=DIRECTION('ref_axis',(0.,0.,1.));
#10072=DIRECTION('center_axis',(1.,3.56698160522139E-16,0.));
#10073=DIRECTION('ref_axis',(-3.56698160522139E-16,1.,0.));
#10074=DIRECTION('',(0.,0.,1.));
#10075=DIRECTION('',(3.56698160522139E-16,-1.,0.));
#10076=DIRECTION('',(0.,0.,-1.));
#10077=DIRECTION('center_axis',(-0.707106781186551,-1.8916776610648E-16,
-0.707106781186544));
#10078=DIRECTION('ref_axis',(-0.707106781186544,0.,0.707106781186551));
#10079=DIRECTION('',(-0.707106781186544,-7.85046229341892E-15,0.707106781186551));
#10080=DIRECTION('center_axis',(0.707106781186551,1.8916776610648E-16,0.707106781186544));
#10081=DIRECTION('ref_axis',(0.707106781186544,-1.90545201296576E-16,-0.707106781186551));
#10082=DIRECTION('',(0.575472702366345,-0.58108720314798,-0.575472702366354));
#10083=DIRECTION('center_axis',(0.,0.,1.));
#10084=DIRECTION('ref_axis',(-0.707106781186541,-0.707106781186554,0.));
#10085=DIRECTION('',(0.,-0.707106781186548,0.707106781186547));
#10086=DIRECTION('center_axis',(1.26111844070986E-16,-0.707106781186547,
-0.707106781186548));
#10087=DIRECTION('ref_axis',(-1.,0.,-1.78349080261069E-16));
#10088=DIRECTION('',(0.,-0.707106781186548,0.707106781186547));
#10089=DIRECTION('',(-1.,-1.78349080261069E-16,0.));
#10090=DIRECTION('center_axis',(0.,0.,1.));
#10091=DIRECTION('ref_axis',(0.707106781186547,-0.707106781186547,0.));
#10092=DIRECTION('',(0.707106781186548,0.,0.707106781186547));
#10093=DIRECTION('center_axis',(0.,0.,-1.));
#10094=DIRECTION('ref_axis',(0.707106781186548,-0.707106781186548,0.));
#10095=DIRECTION('center_axis',(0.707106781186547,2.52223688141972E-16,
-0.707106781186548));
#10096=DIRECTION('ref_axis',(-0.707106781186548,0.,-0.707106781186547));
#10097=DIRECTION('center_axis',(0.,0.703665851855809,-0.710531047127456));
#10098=DIRECTION('ref_axis',(-1.,0.,0.));
#10099=DIRECTION('',(1.,0.,0.));
#10100=DIRECTION('',(-0.707099156409522,-0.00536237115656119,-0.707094072935505));
#10101=DIRECTION('center_axis',(0.707106781186547,-1.60656570655803E-16,
-0.707106781186548));
#10102=DIRECTION('ref_axis',(-0.707106781186548,0.,-0.707106781186547));
#10103=DIRECTION('',(-0.707106781186548,0.,-0.707106781186547));
#10104=DIRECTION('',(0.707106781186548,0.,0.707106781186547));
#10105=DIRECTION('',(-2.27202701105788E-16,-1.,0.));
#10106=DIRECTION('center_axis',(0.,0.,-1.));
#10107=DIRECTION('ref_axis',(1.,-1.22464679914735E-16,0.));
#10108=DIRECTION('',(0.707106781186548,0.,-0.707106781186547));
#10109=DIRECTION('center_axis',(0.,0.,1.));
#10110=DIRECTION('ref_axis',(1.,-1.22464679914735E-16,0.));
#10111=DIRECTION('center_axis',(-0.707106781186547,1.60656570655803E-16,
-0.707106781186548));
#10112=DIRECTION('ref_axis',(-0.707106781186548,0.,0.707106781186547));
#10113=DIRECTION('',(0.707106781186548,0.,-0.707106781186547));
#10114=DIRECTION('',(2.27202701105788E-16,1.,0.));
#10115=DIRECTION('',(-0.707099156409519,0.00536237115656902,0.707094072935508));
#10116=DIRECTION('',(-0.707099156409521,-0.0053623711565612,-0.707094072935506));
#10117=DIRECTION('center_axis',(0.707106781186547,-1.9768705317193E-16,
-0.707106781186548));
#10118=DIRECTION('ref_axis',(-0.707106781186548,0.,-0.707106781186547));
#10119=DIRECTION('',(-0.707106781186548,0.,-0.707106781186547));
#10120=DIRECTION('',(0.707106781186548,0.,0.707106781186547));
#10121=DIRECTION('',(-2.79571711701314E-16,-1.,0.));
#10122=DIRECTION('center_axis',(0.,0.,-1.));
#10123=DIRECTION('ref_axis',(-1.,1.22464679914735E-16,0.));
#10124=DIRECTION('',(0.707106781186547,0.,-0.707106781186548));
#10125=DIRECTION('center_axis',(0.,0.,1.));
#10126=DIRECTION('ref_axis',(-1.,1.22464679914735E-16,0.));
#10127=DIRECTION('center_axis',(-0.707106781186547,1.9768705317193E-16,
-0.707106781186548));
#10128=DIRECTION('ref_axis',(-0.707106781186548,0.,0.707106781186547));
#10129=DIRECTION('',(0.707106781186548,0.,-0.707106781186547));
#10130=DIRECTION('',(2.79571711701314E-16,1.,0.));
#10131=DIRECTION('',(-0.70709915640952,0.00536237115656117,0.707094072935507));
#10132=DIRECTION('',(1.95315712999732E-15,-0.710531047127453,-0.703665851855812));
#10133=DIRECTION('center_axis',(0.,0.703665851855809,-0.710531047127456));
#10134=DIRECTION('ref_axis',(-1.,0.,0.));
#10135=DIRECTION('',(0.,-0.710531047127456,-0.703665851855809));
#10136=DIRECTION('',(1.,0.,0.));
#10137=DIRECTION('',(-0.70709915640952,-0.00536237115656117,-0.707094072935507));
#10138=DIRECTION('center_axis',(0.707106781186548,0.,-0.707106781186548));
#10139=DIRECTION('ref_axis',(-0.707106781186548,0.,-0.707106781186548));
#10140=DIRECTION('',(0.707106781186548,0.,0.707106781186548));
#10141=DIRECTION('',(0.,-1.,0.));
#10142=DIRECTION('center_axis',(-1.,0.,0.));
#10143=DIRECTION('ref_axis',(0.,0.,1.));
#10144=DIRECTION('center_axis',(-1.,0.,0.));
#10145=DIRECTION('ref_axis',(0.,-0.707106781186547,0.707106781186548));
#10146=DIRECTION('center_axis',(1.,0.,0.));
#10147=DIRECTION('ref_axis',(0.,0.,-1.));
#10148=DIRECTION('',(0.,1.,-1.11022302462516E-16));
#10149=DIRECTION('center_axis',(-1.,0.,0.));
#10150=DIRECTION('ref_axis',(0.,0.,1.));
#10151=DIRECTION('',(0.,-5.55111512312578E-17,-1.));
#10152=DIRECTION('center_axis',(4.36458204604314E-17,1.11022302462516E-16,
1.));
#10153=DIRECTION('ref_axis',(-7.69593574233161E-18,-1.,1.11022302462516E-16));
#10154=DIRECTION('',(1.,1.19915906168606E-16,-4.36458204604314E-17));
#10155=DIRECTION('',(1.,0.,0.));
#10156=DIRECTION('',(0.,-1.,1.11022302462516E-16));
#10157=DIRECTION('',(1.,0.,0.));
#10158=DIRECTION('',(0.,-1.,1.11022302462516E-16));
#10159=DIRECTION('',(1.,0.,0.));
#10160=DIRECTION('',(0.,-1.,1.11022302462516E-16));
#10161=DIRECTION('',(1.,1.19915906168606E-16,-4.36458204604314E-17));
#10162=DIRECTION('',(2.79571711701314E-16,1.,2.22044604925031E-16));
#10163=DIRECTION('center_axis',(-4.36458204604314E-17,-2.22044604925031E-16,
1.));
#10164=DIRECTION('ref_axis',(-1.,1.22464679914735E-16,0.));
#10165=DIRECTION('',(-2.79571711701314E-16,-1.,-2.22044604925031E-16));
#10166=DIRECTION('',(1.,1.19915906168606E-16,-4.36458204604314E-17));
#10167=DIRECTION('',(2.27202701105788E-16,1.,2.22044604925031E-16));
#10168=DIRECTION('center_axis',(-4.36458204604314E-17,-2.22044604925031E-16,
1.));
#10169=DIRECTION('ref_axis',(1.,-1.22464679914735E-16,0.));
#10170=DIRECTION('',(-2.27202701105788E-16,-1.,-2.22044604925031E-16));
#10171=DIRECTION('center_axis',(-4.36458204604314E-17,-2.22044604925031E-16,
1.));
#10172=DIRECTION('ref_axis',(-1.,1.22464679914735E-16,0.));
#10173=DIRECTION('center_axis',(-1.,0.,0.));
#10174=DIRECTION('ref_axis',(0.,0.,1.));
#10175=DIRECTION('center_axis',(1.,0.,0.));
#10176=DIRECTION('ref_axis',(0.,-0.707106781186547,0.707106781186548));
#10177=DIRECTION('center_axis',(-1.,0.,0.));
#10178=DIRECTION('ref_axis',(0.,0.,1.));
#10179=DIRECTION('',(0.,-5.55111512312578E-17,-1.));
#10180=DIRECTION('center_axis',(1.,0.,0.));
#10181=DIRECTION('ref_axis',(0.,-0.342020143325669,0.939692620785908));
#10182=DIRECTION('',(0.,5.55111512312578E-17,1.));
#10183=DIRECTION('center_axis',(1.,0.,0.));
#10184=DIRECTION('ref_axis',(0.,0.707106781186548,0.707106781186547));
#10185=DIRECTION('center_axis',(-1.,0.,0.));
#10186=DIRECTION('ref_axis',(0.,0.,1.));
#10187=DIRECTION('',(0.,0.,1.));
#10188=DIRECTION('',(0.,0.,1.));
#10189=DIRECTION('center_axis',(-1.,0.,0.));
#10190=DIRECTION('ref_axis',(0.,0.,1.));
#10191=DIRECTION('center_axis',(-4.36458204604314E-17,1.,-5.55111512312578E-17));
#10192=DIRECTION('ref_axis',(-7.69593574233161E-18,5.55111512312578E-17,
1.));
#10193=DIRECTION('',(1.,0.,0.));
#10194=DIRECTION('',(1.,4.36458204604314E-17,-1.19915906168606E-16));
#10195=DIRECTION('center_axis',(1.,-2.27202701105788E-16,0.));
#10196=DIRECTION('ref_axis',(0.,0.,-1.));
#10197=DIRECTION('center_axis',(1.,-2.27202701105788E-16,0.));
#10198=DIRECTION('ref_axis',(-2.23750981554295E-16,-0.984807753012208,0.17364817766693));
#10199=DIRECTION('center_axis',(-1.,0.,0.));
#10200=DIRECTION('ref_axis',(0.,-0.939692620785908,-0.342020143325669));
#10201=DIRECTION('center_axis',(-1.,2.27202701105788E-16,0.));
#10202=DIRECTION('ref_axis',(0.,0.,1.));
#10203=DIRECTION('center_axis',(-1.,2.27202701105788E-16,0.));
#10204=DIRECTION('ref_axis',(-2.23750981554295E-16,-0.984807753012208,0.17364817766693));
#10205=DIRECTION('center_axis',(1.,-2.27202701105788E-16,0.));
#10206=DIRECTION('ref_axis',(-2.2231407653295E-16,-0.984807753012208,0.17364817766693));
#10207=DIRECTION('center_axis',(-1.,0.,0.));
#10208=DIRECTION('ref_axis',(0.,-0.939692620785908,-0.342020143325669));
#10209=DIRECTION('center_axis',(-1.,2.79571711701314E-16,0.));
#10210=DIRECTION('ref_axis',(-2.76208398116696E-16,-0.984807753012208,0.17364817766693));
#10211=DIRECTION('center_axis',(1.,-2.79571711701314E-16,0.));
#10212=DIRECTION('ref_axis',(0.,0.,-1.));
#10213=DIRECTION('center_axis',(1.,-2.79571711701314E-16,0.));
#10214=DIRECTION('ref_axis',(-2.75324389206348E-16,-0.984807753012208,0.17364817766693));
#10215=DIRECTION('center_axis',(-1.,2.79571711701314E-16,0.));
#10216=DIRECTION('ref_axis',(0.,0.,1.));
#10217=DIRECTION('center_axis',(-1.,2.79571711701314E-16,0.));
#10218=DIRECTION('ref_axis',(-2.75324389206348E-16,-0.984807753012208,0.17364817766693));
#10219=DIRECTION('center_axis',(1.,-2.79571711701314E-16,0.));
#10220=DIRECTION('ref_axis',(-2.76208398116696E-16,-0.984807753012208,0.17364817766693));
#10221=DIRECTION('center_axis',(-1.,0.,0.));
#10222=DIRECTION('ref_axis',(0.,-0.939692620785908,-0.342020143325669));
#10223=DIRECTION('center_axis',(-1.,0.,0.));
#10224=DIRECTION('ref_axis',(0.,-0.984807753012208,0.17364817766693));
#10225=DIRECTION('center_axis',(-1.,0.,0.));
#10226=DIRECTION('ref_axis',(0.,0.,1.));
#10227=DIRECTION('center_axis',(1.,0.,0.));
#10228=DIRECTION('ref_axis',(0.,-0.984807753012208,0.17364817766693));
#10229=DIRECTION('center_axis',(-1.,0.,0.));
#10230=DIRECTION('ref_axis',(0.,0.,1.));
#10231=DIRECTION('center_axis',(1.,0.,0.));
#10232=DIRECTION('ref_axis',(0.,-0.871683838508262,0.490068654051146));
#10233=DIRECTION('center_axis',(-1.,-5.21901265293174E-17,-9.28304421211959E-17));
#10234=DIRECTION('ref_axis',(0.,-0.871683838508262,0.490068654051146));
#10235=DIRECTION('center_axis',(1.,0.,0.));
#10236=DIRECTION('ref_axis',(0.,1.,0.));
#10237=DIRECTION('center_axis',(-1.,0.,0.));
#10238=DIRECTION('ref_axis',(0.,0.,1.));
#10239=DIRECTION('center_axis',(-1.,0.,0.));
#10240=DIRECTION('ref_axis',(0.,0.,1.));
#10241=DIRECTION('center_axis',(-1.,0.,0.));
#10242=DIRECTION('ref_axis',(0.,0.,1.));
#10243=DIRECTION('center_axis',(-1.,0.,0.));
#10244=DIRECTION('ref_axis',(0.,0.,1.));
#10245=DIRECTION('center_axis',(0.,-1.,0.));
#10246=DIRECTION('ref_axis',(1.,0.,0.));
#10247=DIRECTION('',(1.,0.,0.));
#10248=DIRECTION('',(0.,0.,1.));
#10249=DIRECTION('',(1.,0.,0.));
#10250=DIRECTION('',(0.,0.,1.));
#10251=DIRECTION('center_axis',(1.77635683940025E-16,0.,-1.));
#10252=DIRECTION('ref_axis',(1.,0.,0.));
#10253=DIRECTION('center_axis',(1.77635683940025E-16,0.,-1.));
#10254=DIRECTION('ref_axis',(-1.,0.,-1.77635683940025E-16));
#10255=DIRECTION('',(1.77635683940025E-16,0.,-1.));
#10256=DIRECTION('center_axis',(1.77635683940025E-16,0.,-1.));
#10257=DIRECTION('ref_axis',(-1.,0.,-1.77635683940025E-16));
#10258=DIRECTION('',(1.77635683940025E-16,0.,-1.));
#10259=DIRECTION('center_axis',(1.77635683940025E-16,0.,-1.));
#10260=DIRECTION('ref_axis',(-1.,0.,-1.77635683940025E-16));
#10261=DIRECTION('center_axis',(1.,-1.57107031786579E-16,0.));
#10262=DIRECTION('ref_axis',(0.,0.,-1.));
#10263=DIRECTION('center_axis',(1.,-1.57107031786579E-16,0.));
#10264=DIRECTION('ref_axis',(1.54720222956158E-16,0.984807753012208,0.17364817766693));
#10265=DIRECTION('center_axis',(-1.,1.57107031786579E-16,0.));
#10266=DIRECTION('ref_axis',(1.54946174553268E-16,0.984807753012208,0.17364817766693));
#10267=DIRECTION('center_axis',(-1.,1.57107031786579E-16,0.));
#10268=DIRECTION('ref_axis',(-1.57107031786579E-16,-1.,0.));
#10269=DIRECTION('',(0.,0.,-1.));
#10270=DIRECTION('center_axis',(-1.,1.57107031786579E-16,0.));
#10271=DIRECTION('ref_axis',(0.,0.,1.));
#10272=DIRECTION('center_axis',(1.,-1.57107031786579E-16,0.));
#10273=DIRECTION('ref_axis',(1.54946174553268E-16,0.984807753012208,0.17364817766693));
#10274=DIRECTION('center_axis',(-1.,1.57107031786579E-16,0.));
#10275=DIRECTION('ref_axis',(1.54720222956158E-16,0.984807753012208,0.17364817766693));
#10276=DIRECTION('center_axis',(-1.,0.,0.));
#10277=DIRECTION('ref_axis',(0.,0.939692620785909,0.342020143325668));
#10278=DIRECTION('center_axis',(-1.,1.04738021191052E-16,0.));
#10279=DIRECTION('ref_axis',(1.04420248068507E-16,0.984807753012208,0.17364817766693));
#10280=DIRECTION('center_axis',(1.,-1.04738021191052E-16,0.));
#10281=DIRECTION('ref_axis',(0.,0.,-1.));
#10282=DIRECTION('center_axis',(1.,-1.04738021191052E-16,0.));
#10283=DIRECTION('ref_axis',(1.03146815304105E-16,0.984807753012208,0.17364817766693));
#10284=DIRECTION('center_axis',(-1.,1.04738021191052E-16,0.));
#10285=DIRECTION('ref_axis',(-1.04738021191052E-16,-1.,0.));
#10286=DIRECTION('',(0.,0.,1.));
#10287=DIRECTION('center_axis',(-1.,1.04738021191052E-16,0.));
#10288=DIRECTION('ref_axis',(0.,0.,1.));
#10289=DIRECTION('center_axis',(1.,-1.04738021191052E-16,0.));
#10290=DIRECTION('ref_axis',(1.04420248068507E-16,0.984807753012208,0.17364817766693));
#10291=DIRECTION('center_axis',(-1.,1.04738021191052E-16,0.));
#10292=DIRECTION('ref_axis',(1.03146815304105E-16,0.984807753012208,0.17364817766693));
#10293=DIRECTION('center_axis',(-1.,0.,0.));
#10294=DIRECTION('ref_axis',(0.,0.939692620785909,0.342020143325668));
#10295=DIRECTION('center_axis',(-1.,0.,0.));
#10296=DIRECTION('ref_axis',(0.,0.984807753012208,0.17364817766693));
#10297=DIRECTION('center_axis',(-1.,0.,0.));
#10298=DIRECTION('ref_axis',(0.,0.,1.));
#10299=DIRECTION('center_axis',(1.,0.,0.));
#10300=DIRECTION('ref_axis',(0.,0.984807753012208,0.17364817766693));
#10301=DIRECTION('center_axis',(-1.,0.,0.));
#10302=DIRECTION('ref_axis',(0.,0.,1.));
#10303=DIRECTION('center_axis',(-1.,0.,0.));
#10304=DIRECTION('ref_axis',(0.,0.707106781186548,0.707106781186547));
#10305=DIRECTION('center_axis',(4.36458204604314E-17,1.,-5.55111512312578E-17));
#10306=DIRECTION('ref_axis',(-7.69593574233161E-18,5.55111512312578E-17,
1.));
#10307=DIRECTION('',(1.,-4.36458204604314E-17,-1.19915906168606E-16));
#10308=DIRECTION('',(1.,0.,0.));
#10309=DIRECTION('',(0.,-5.55111512312578E-17,-1.));
#10310=DIRECTION('center_axis',(-1.,0.,0.));
#10311=DIRECTION('ref_axis',(0.,0.,1.));
#10312=DIRECTION('center_axis',(-1.,0.,0.));
#10313=DIRECTION('ref_axis',(0.,0.,1.));
#10314=DIRECTION('center_axis',(1.,0.,0.));
#10315=DIRECTION('ref_axis',(0.,0.871683838508262,0.490068654051146));
#10316=DIRECTION('center_axis',(-1.,0.,0.));
#10317=DIRECTION('ref_axis',(0.,0.,1.));
#10318=DIRECTION('center_axis',(-1.,0.,0.));
#10319=DIRECTION('ref_axis',(0.,0.,1.));
#10320=DIRECTION('center_axis',(-1.,0.,0.));
#10321=DIRECTION('ref_axis',(0.,1.,0.));
#10322=DIRECTION('',(1.,0.,0.));
#10323=DIRECTION('center_axis',(-1.,0.,0.));
#10324=DIRECTION('ref_axis',(0.,0.707106781186548,0.707106781186547));
#10325=DIRECTION('',(1.,0.,0.));
#10326=DIRECTION('center_axis',(-1.,0.,0.));
#10327=DIRECTION('ref_axis',(0.,1.,0.));
#10328=DIRECTION('',(-1.,0.,0.));
#10329=DIRECTION('center_axis',(-4.36458204604314E-17,-2.22044604925031E-16,
-1.));
#10330=DIRECTION('ref_axis',(-7.69593574233161E-18,1.,-2.22044604925031E-16));
#10331=DIRECTION('',(1.,0.,0.));
#10332=DIRECTION('',(0.,-1.,2.22044604925031E-16));
#10333=DIRECTION('',(1.,0.,0.));
#10334=DIRECTION('center_axis',(-1.77635683940025E-16,0.,1.));
#10335=DIRECTION('ref_axis',(1.,0.,1.77635683940025E-16));
#10336=DIRECTION('center_axis',(-1.77635683940025E-16,0.,1.));
#10337=DIRECTION('ref_axis',(-1.,0.,-1.77635683940025E-16));
#10338=DIRECTION('center_axis',(-1.77635683940025E-16,0.,1.));
#10339=DIRECTION('ref_axis',(-1.,0.,-1.77635683940025E-16));
#10340=DIRECTION('',(0.,-1.,0.));
#10341=DIRECTION('',(-1.,0.,0.));
#10342=DIRECTION('center_axis',(-1.,0.,0.));
#10343=DIRECTION('ref_axis',(0.,0.,1.));
#10344=DIRECTION('center_axis',(-1.,0.,0.));
#10345=DIRECTION('ref_axis',(0.,0.,1.));
#10346=DIRECTION('center_axis',(0.,0.,1.));
#10347=DIRECTION('ref_axis',(-0.707106781186548,0.707106781186547,0.));
#10348=DIRECTION('',(0.,0.,-1.));
#10349=DIRECTION('center_axis',(0.,0.,-1.));
#10350=DIRECTION('ref_axis',(-0.707106781186548,0.707106781186547,0.));
#10351=DIRECTION('',(0.,0.,1.));
#10352=DIRECTION('center_axis',(-2.67523620391604E-16,1.,0.));
#10353=DIRECTION('ref_axis',(-1.,-2.67523620391604E-16,0.));
#10354=DIRECTION('',(0.,0.,1.));
#10355=DIRECTION('',(0.,0.,1.));
#10356=DIRECTION('',(1.,2.67523620391604E-16,0.));
#10357=DIRECTION('',(1.,2.67523620391604E-16,0.));
#10358=DIRECTION('',(0.,0.,1.));
#10359=DIRECTION('',(1.,2.67523620391604E-16,0.));
#10360=DIRECTION('',(0.,0.,1.));
#10361=DIRECTION('',(-1.,-2.67523620391604E-16,0.));
#10362=DIRECTION('',(0.,0.,-1.));
#10363=DIRECTION('',(-1.93177559035597E-16,-5.16795599716157E-32,1.));
#10364=DIRECTION('',(-1.,-2.67523620391604E-16,0.));
#10365=DIRECTION('',(3.95386796155975E-16,1.05775307162684E-31,-1.));
#10366=DIRECTION('',(-3.95386796155975E-16,-1.05775307162684E-31,1.));
#10367=DIRECTION('',(-1.,-2.67523620391604E-16,0.));
#10368=DIRECTION('',(0.,0.,-1.));
#10369=DIRECTION('',(0.,0.,-1.));
#10370=DIRECTION('',(1.,2.67523620391604E-16,4.77190960877901E-16));
#10371=DIRECTION('',(0.,0.,1.));
#10372=DIRECTION('',(-1.,-2.67523620391604E-16,0.));
#10373=DIRECTION('',(0.,0.,-1.));
#10374=DIRECTION('',(0.,0.,-1.));
#10375=DIRECTION('',(1.,2.67523620391604E-16,0.));
#10376=DIRECTION('',(-1.,-2.67523620391604E-16,0.));
#10377=DIRECTION('',(0.,0.,-1.));
#10378=DIRECTION('',(1.,2.67523620391604E-16,0.));
#10379=DIRECTION('',(-2.37333926244656E-16,-6.34924311907242E-32,1.));
#10380=DIRECTION('',(2.30992286069879E-16,6.17958926519471E-32,-1.));
#10381=DIRECTION('',(1.,2.67523620391604E-16,9.54381921755802E-16));
#10382=DIRECTION('',(-1.63505817959238E-16,-4.37416683755458E-32,1.));
#10383=DIRECTION('',(-1.,-2.67523620391604E-16,-9.54381921755801E-16));
#10384=DIRECTION('',(0.,0.,-1.));
#10385=DIRECTION('',(1.88395936287191E-16,5.04003629426153E-32,-1.));
#10386=DIRECTION('',(0.,0.,-1.));
#10387=DIRECTION('',(1.,2.67523620391604E-16,0.));
#10388=DIRECTION('',(-1.,-2.67523620391604E-16,0.));
#10389=DIRECTION('',(0.,0.,-1.));
#10390=DIRECTION('center_axis',(0.,0.,-1.));
#10391=DIRECTION('ref_axis',(0.707106781186551,0.707106781186544,0.));
#10392=DIRECTION('',(0.,0.,-1.));
#10393=DIRECTION('center_axis',(0.,0.,-1.));
#10394=DIRECTION('ref_axis',(0.707106781186551,0.707106781186544,0.));
#10395=DIRECTION('center_axis',(-1.,0.,0.));
#10396=DIRECTION('ref_axis',(0.,1.,0.));
#10397=DIRECTION('',(0.,0.,-1.));
#10398=DIRECTION('',(0.,-1.,0.));
#10399=DIRECTION('center_axis',(1.78349080261069E-16,-1.,0.));
#10400=DIRECTION('ref_axis',(1.,1.78349080261069E-16,0.));
#10401=DIRECTION('',(-1.,-1.78349080261069E-16,0.));
#10402=DIRECTION('',(0.,0.,-1.));
#10403=DIRECTION('',(0.,0.,-1.));
#10404=DIRECTION('',(0.,0.,1.));
#10405=DIRECTION('',(1.,1.78349080261069E-16,0.));
#10406=DIRECTION('',(0.,0.,-1.));
#10407=DIRECTION('',(0.,0.,1.));
#10408=DIRECTION('',(1.,1.78349080261069E-16,0.));
#10409=DIRECTION('',(0.,0.,-1.));
#10410=DIRECTION('',(-1.,-1.78349080261069E-16,0.));
#10411=DIRECTION('',(0.,0.,1.));
#10412=DIRECTION('',(0.,0.,1.));
#10413=DIRECTION('',(1.,1.78349080261069E-16,0.));
#10414=DIRECTION('',(0.,0.,1.));
#10415=DIRECTION('',(1.,1.78349080261069E-16,0.));
#10416=DIRECTION('',(-1.,-1.78349080261069E-16,0.));
#10417=DIRECTION('',(0.,0.,1.));
#10418=DIRECTION('',(0.,0.,1.));
#10419=DIRECTION('',(1.,1.78349080261069E-16,0.));
#10420=DIRECTION('',(-1.,-1.78349080261069E-16,0.));
#10421=DIRECTION('',(0.,0.,1.));
#10422=DIRECTION('',(0.,0.,-1.));
#10423=DIRECTION('',(1.,1.78349080261069E-16,0.));
#10424=DIRECTION('',(0.,0.,-1.));
#10425=DIRECTION('',(-1.,-1.78349080261069E-16,0.));
#10426=DIRECTION('',(-0.318607824918578,-5.68234125382082E-17,0.947886625024666));
#10427=DIRECTION('',(-0.31962601151296,-5.70050051808503E-17,-0.947543778811469));
#10428=DIRECTION('',(-1.,-1.78349080261069E-16,0.));
#10429=DIRECTION('',(0.339232310162806,6.05017705123742E-17,0.940702630878433));
#10430=DIRECTION('',(1.,1.78349080261069E-16,0.));
#10431=DIRECTION('',(0.339232310162806,6.05017705123743E-17,-0.940702630878433));
#10432=DIRECTION('',(0.,0.,1.));
#10433=DIRECTION('',(1.,1.78349080261069E-16,0.));
#10434=DIRECTION('',(0.,0.,1.));
#10435=DIRECTION('',(1.,1.78349080261069E-16,0.));
#10436=DIRECTION('',(1.,1.78349080261069E-16,0.));
#10437=DIRECTION('',(0.,0.,-1.));
#10438=DIRECTION('',(-1.,-1.78349080261069E-16,0.));
#10439=DIRECTION('',(0.,0.,-1.));
#10440=DIRECTION('',(1.,1.78349080261069E-16,0.));
#10441=DIRECTION('',(0.,0.,-1.));
#10442=DIRECTION('',(-1.,-1.78349080261069E-16,0.));
#10443=DIRECTION('',(0.,0.,1.));
#10444=DIRECTION('',(-1.,-1.78349080261069E-16,0.));
#10445=DIRECTION('',(0.,0.,1.));
#10446=DIRECTION('',(0.,0.,-1.));
#10447=DIRECTION('',(0.,0.,1.));
#10448=DIRECTION('',(1.,1.78349080261069E-16,0.));
#10449=DIRECTION('',(0.,0.,-1.));
#10450=DIRECTION('',(0.,0.,1.));
#10451=DIRECTION('',(1.,1.78349080261069E-16,0.));
#10452=DIRECTION('',(0.,0.,-1.));
#10453=DIRECTION('',(-1.,-1.78349080261069E-16,0.));
#10454=DIRECTION('',(0.,0.,1.));
#10455=DIRECTION('',(0.,0.,1.));
#10456=DIRECTION('',(1.,1.78349080261069E-16,0.));
#10457=DIRECTION('center_axis',(-1.,0.,0.));
#10458=DIRECTION('ref_axis',(0.,0.,1.));
#10459=DIRECTION('center_axis',(-1.,0.,0.));
#10460=DIRECTION('ref_axis',(0.,-0.707106781186548,0.707106781186548));
#10461=DIRECTION('center_axis',(1.,0.,0.));
#10462=DIRECTION('ref_axis',(0.,-0.707106781186547,0.707106781186547));
#10463=DIRECTION('center_axis',(-1.,0.,0.));
#10464=DIRECTION('ref_axis',(0.,1.,0.));
#10465=DIRECTION('center_axis',(1.,0.,0.));
#10466=DIRECTION('ref_axis',(0.,-0.707106781186548,0.707106781186548));
#10467=DIRECTION('',(1.,0.,0.));
#10468=DIRECTION('center_axis',(-1.,0.,0.));
#10469=DIRECTION('ref_axis',(0.,0.,1.));
#10470=DIRECTION('center_axis',(0.,0.,1.));
#10471=DIRECTION('ref_axis',(0.707106781186548,0.707106781186548,0.));
#10472=DIRECTION('center_axis',(0.,0.,1.));
#10473=DIRECTION('ref_axis',(0.707106781186548,-0.707106781186548,0.));
#10474=DIRECTION('center_axis',(1.78349080261069E-16,-1.,0.));
#10475=DIRECTION('ref_axis',(1.,1.78349080261069E-16,0.));
#10476=DIRECTION('',(-2.18414630272593E-32,1.22464679914735E-16,-1.));
#10477=DIRECTION('',(1.,1.78349080261069E-16,0.));
#10478=DIRECTION('',(2.18414630272593E-32,-1.22464679914735E-16,1.));
#10479=DIRECTION('',(2.18414630272593E-32,-1.22464679914736E-16,1.));
#10480=DIRECTION('',(-1.,-1.78349080261069E-16,0.));
#10481=DIRECTION('',(-2.18414630272593E-32,1.22464679914735E-16,-1.));
#10482=DIRECTION('',(1.,1.78349080261069E-16,0.));
#10483=DIRECTION('',(2.18414630272593E-32,-1.22464679914735E-16,1.));
#10484=DIRECTION('',(-2.18414630272593E-32,1.22464679914735E-16,-1.));
#10485=DIRECTION('',(1.,1.78349080261069E-16,0.));
#10486=DIRECTION('',(2.18414630272593E-32,-1.22464679914735E-16,1.));
#10487=DIRECTION('center_axis',(-1.,-1.78349080261069E-16,0.));
#10488=DIRECTION('ref_axis',(0.,0.,1.));
#10489=DIRECTION('',(1.78349080261069E-16,-1.,0.));
#10490=DIRECTION('',(1.78349080261069E-16,-1.,0.));
#10491=DIRECTION('center_axis',(0.,0.,-1.));
#10492=DIRECTION('ref_axis',(-1.,0.,0.));
#10493=DIRECTION('',(1.78349080261069E-16,-1.,0.));
#10494=DIRECTION('center_axis',(1.,1.78349080261069E-16,0.));
#10495=DIRECTION('ref_axis',(0.,0.,-1.));
#10496=DIRECTION('',(1.78349080261069E-16,-1.,0.));
#10497=DIRECTION('',(1.78349080261069E-16,-1.,0.));
#10498=DIRECTION('',(1.78349080261069E-16,-1.,0.));
#10499=DIRECTION('',(1.78349080261069E-16,-1.,0.));
#10500=DIRECTION('',(1.78349080261069E-16,-1.,0.));
#10501=DIRECTION('',(1.78349080261069E-16,-1.,0.));
#10502=DIRECTION('center_axis',(1.,1.78349080261069E-16,0.));
#10503=DIRECTION('ref_axis',(0.,0.,-1.));
#10504=DIRECTION('',(1.78349080261069E-16,-1.,0.));
#10505=DIRECTION('center_axis',(0.,0.,1.));
#10506=DIRECTION('ref_axis',(1.,0.,0.));
#10507=DIRECTION('',(1.78349080261069E-16,-1.,0.));
#10508=DIRECTION('center_axis',(-1.,-1.78349080261069E-16,0.));
#10509=DIRECTION('ref_axis',(0.,0.,1.));
#10510=DIRECTION('',(1.78349080261069E-16,-1.,0.));
#10511=DIRECTION('center_axis',(0.,0.,-1.));
#10512=DIRECTION('ref_axis',(-1.,0.,0.));
#10513=DIRECTION('',(1.78349080261069E-16,-1.,0.));
#10514=DIRECTION('center_axis',(1.,1.78349080261069E-16,0.));
#10515=DIRECTION('ref_axis',(0.,0.,-1.));
#10516=DIRECTION('',(1.78349080261069E-16,-1.,0.));
#10517=DIRECTION('',(1.78349080261069E-16,-1.,0.));
#10518=DIRECTION('',(1.78349080261069E-16,-1.,0.));
#10519=DIRECTION('',(1.78349080261069E-16,-1.,0.));
#10520=DIRECTION('center_axis',(-1.,-1.78349080261069E-16,0.));
#10521=DIRECTION('ref_axis',(0.,0.,1.));
#10522=DIRECTION('',(1.78349080261069E-16,-1.,0.));
#10523=DIRECTION('center_axis',(0.,0.,-1.));
#10524=DIRECTION('ref_axis',(-1.,0.,0.));
#10525=DIRECTION('',(1.78349080261069E-16,-1.,0.));
#10526=DIRECTION('center_axis',(1.,1.78349080261069E-16,0.));
#10527=DIRECTION('ref_axis',(0.,0.,-1.));
#10528=DIRECTION('',(1.78349080261069E-16,-1.,0.));
#10529=DIRECTION('',(1.78349080261069E-16,-1.,0.));
#10530=DIRECTION('',(1.78349080261069E-16,-1.,0.));
#10531=DIRECTION('',(1.78349080261069E-16,-1.,0.));
#10532=DIRECTION('',(1.78349080261069E-16,-1.,0.));
#10533=DIRECTION('',(1.78349080261069E-16,-1.,0.));
#10534=DIRECTION('',(1.78349080261069E-16,-1.,0.));
#10535=DIRECTION('center_axis',(1.78349080261069E-16,-1.,0.));
#10536=DIRECTION('ref_axis',(1.,1.78349080261069E-16,0.));
#10537=DIRECTION('',(1.78349080261069E-16,-1.,0.));
#10538=DIRECTION('',(1.78349080261069E-16,-1.,0.));
#10539=DIRECTION('',(1.78349080261069E-16,-1.,0.));
#10540=DIRECTION('',(1.78349080261069E-16,-1.,0.));
#10541=DIRECTION('',(1.78349080261069E-16,-1.,0.));
#10542=DIRECTION('',(1.78349080261069E-16,-1.,0.));
#10543=DIRECTION('',(1.78349080261069E-16,-1.,0.));
#10544=DIRECTION('',(1.78349080261069E-16,-1.,0.));
#10545=DIRECTION('',(1.78349080261069E-16,-1.,0.));
#10546=DIRECTION('',(1.78349080261069E-16,-1.,0.));
#10547=DIRECTION('',(1.78349080261069E-16,-1.,0.));
#10548=DIRECTION('',(1.78349080261069E-16,-1.,0.));
#10549=DIRECTION('center_axis',(1.78349080261069E-16,-1.,0.));
#10550=DIRECTION('ref_axis',(1.,1.78349080261069E-16,0.));
#10551=DIRECTION('',(1.78349080261069E-16,-1.,0.));
#10552=DIRECTION('',(1.78349080261069E-16,-1.,0.));
#10553=DIRECTION('',(1.78349080261069E-16,-1.,0.));
#10554=DIRECTION('',(1.78349080261069E-16,-1.,0.));
#10555=DIRECTION('',(1.78349080261069E-16,-1.,0.));
#10556=DIRECTION('',(1.78349080261069E-16,-1.,0.));
#10557=DIRECTION('',(1.78349080261069E-16,-1.,0.));
#10558=DIRECTION('',(1.78349080261069E-16,-1.,0.));
#10559=DIRECTION('center_axis',(1.78349080261069E-16,-1.,0.));
#10560=DIRECTION('ref_axis',(1.,1.78349080261069E-16,0.));
#10561=DIRECTION('',(2.18414630272593E-32,-1.22464679914735E-16,1.));
#10562=DIRECTION('',(-1.,-1.78349080261069E-16,0.));
#10563=DIRECTION('',(1.,1.78349080261069E-16,0.));
#10564=DIRECTION('',(2.18414630272593E-32,-1.22464679914735E-16,1.));
#10565=DIRECTION('',(1.78349080261069E-16,-1.,0.));
#10566=DIRECTION('',(1.78349080261069E-16,-1.,0.));
#10567=DIRECTION('',(1.78349080261069E-16,-1.,0.));
#10568=DIRECTION('',(1.78349080261069E-16,-1.,0.));
#10569=DIRECTION('center_axis',(1.,1.78349080261069E-16,0.));
#10570=DIRECTION('ref_axis',(0.,0.,-1.));
#10571=DIRECTION('',(1.78349080261069E-16,-1.,0.));
#10572=DIRECTION('center_axis',(0.,0.,1.));
#10573=DIRECTION('ref_axis',(1.,0.,0.));
#10574=DIRECTION('',(1.78349080261069E-16,-1.,0.));
#10575=DIRECTION('',(1.78349080261069E-16,-1.,0.));
#10576=DIRECTION('',(1.78349080261069E-16,-1.,0.));
#10577=DIRECTION('',(1.78349080261069E-16,-1.,0.));
#10578=DIRECTION('',(1.78349080261069E-16,-1.,0.));
#10579=DIRECTION('',(1.78349080261069E-16,-1.,0.));
#10580=DIRECTION('',(1.78349080261069E-16,-1.,0.));
#10581=DIRECTION('',(1.78349080261069E-16,-1.,0.));
#10582=DIRECTION('',(1.78349080261069E-16,-1.,0.));
#10583=DIRECTION('center_axis',(0.,0.,-1.));
#10584=DIRECTION('ref_axis',(-1.,0.,0.));
#10585=DIRECTION('',(1.78349080261069E-16,-1.,0.));
#10586=DIRECTION('center_axis',(1.,1.78349080261069E-16,0.));
#10587=DIRECTION('ref_axis',(0.,0.,-1.));
#10588=DIRECTION('',(1.78349080261069E-16,-1.,0.));
#10589=DIRECTION('',(1.78349080261069E-16,-1.,0.));
#10590=DIRECTION('',(1.78349080261069E-16,-1.,0.));
#10591=DIRECTION('center_axis',(1.78349080261069E-16,-1.,0.));
#10592=DIRECTION('ref_axis',(1.,1.78349080261069E-16,0.));
#10593=DIRECTION('',(2.18414630272593E-32,-1.22464679914735E-16,1.));
#10594=DIRECTION('',(-1.,-1.78349080261069E-16,0.));
#10595=DIRECTION('',(1.,1.78349080261069E-16,0.));
#10596=DIRECTION('',(2.18414630272593E-32,-1.22464679914735E-16,1.));
#10597=DIRECTION('',(1.78349080261069E-16,-1.,0.));
#10598=DIRECTION('',(1.78349080261069E-16,-1.,0.));
#10599=DIRECTION('',(1.78349080261069E-16,-1.,0.));
#10600=DIRECTION('',(1.78349080261069E-16,-1.,0.));
#10601=DIRECTION('center_axis',(1.,1.78349080261069E-16,0.));
#10602=DIRECTION('ref_axis',(0.,0.,-1.));
#10603=DIRECTION('',(1.78349080261069E-16,-1.,0.));
#10604=DIRECTION('center_axis',(0.,0.,1.));
#10605=DIRECTION('ref_axis',(1.,0.,0.));
#10606=DIRECTION('',(1.78349080261069E-16,-1.,0.));
#10607=DIRECTION('',(1.78349080261069E-16,-1.,0.));
#10608=DIRECTION('',(1.78349080261069E-16,-1.,0.));
#10609=DIRECTION('',(1.78349080261069E-16,-1.,0.));
#10610=DIRECTION('',(1.78349080261069E-16,-1.,0.));
#10611=DIRECTION('',(1.78349080261069E-16,-1.,0.));
#10612=DIRECTION('',(1.78349080261069E-16,-1.,0.));
#10613=DIRECTION('',(1.78349080261069E-16,-1.,0.));
#10614=DIRECTION('',(1.78349080261069E-16,-1.,0.));
#10615=DIRECTION('center_axis',(0.,0.,-1.));
#10616=DIRECTION('ref_axis',(-1.,0.,0.));
#10617=DIRECTION('',(1.78349080261069E-16,-1.,0.));
#10618=DIRECTION('center_axis',(1.,1.78349080261069E-16,0.));
#10619=DIRECTION('ref_axis',(0.,0.,-1.));
#10620=DIRECTION('',(1.78349080261069E-16,-1.,0.));
#10621=DIRECTION('',(1.78349080261069E-16,-1.,0.));
#10622=DIRECTION('',(1.78349080261069E-16,-1.,0.));
#10623=DIRECTION('center_axis',(-0.940702630878433,-1.67773449016337E-16,
-0.339232310162806));
#10624=DIRECTION('ref_axis',(-0.339232310162806,0.,0.940702630878433));
#10625=DIRECTION('',(1.78349080261069E-16,-1.,0.));
#10626=DIRECTION('',(1.78349080261069E-16,-1.,0.));
#10627=DIRECTION('',(0.339232310162806,1.75704617097851E-16,-0.940702630878433));
#10628=DIRECTION('center_axis',(0.940702630878433,1.67773449016337E-16,
-0.339232310162806));
#10629=DIRECTION('ref_axis',(-0.339232310162806,0.,-0.940702630878433));
#10630=DIRECTION('',(0.339232310162806,-5.47010760731025E-17,0.940702630878433));
#10631=DIRECTION('',(1.78349080261069E-16,-1.,0.));
#10632=DIRECTION('',(1.78349080261069E-16,-1.,0.));
#10633=DIRECTION('center_axis',(0.,0.,1.));
#10634=DIRECTION('ref_axis',(1.,0.,0.));
#10635=DIRECTION('',(-1.,-1.78349080261069E-16,0.));
#10636=DIRECTION('',(1.78349080261069E-16,-1.,0.));
#10637=DIRECTION('center_axis',(-0.947543778811469,-1.68993561458124E-16,
0.31962601151296));
#10638=DIRECTION('ref_axis',(0.31962601151296,0.,0.947543778811469));
#10639=DIRECTION('',(-0.31962601151296,5.90356403964949E-17,-0.947543778811469));
#10640=DIRECTION('',(1.78349080261069E-16,-1.,0.));
#10641=DIRECTION('center_axis',(0.947886625024667,1.69054707764918E-16,
0.318607824918578));
#10642=DIRECTION('ref_axis',(0.318607824918578,0.,-0.947886625024666));
#10643=DIRECTION('',(-0.318607824918578,-1.72906044667313E-16,0.947886625024666));
#10644=DIRECTION('',(1.78349080261069E-16,-1.,0.));
#10645=DIRECTION('center_axis',(0.,0.,-1.));
#10646=DIRECTION('ref_axis',(-1.,0.,0.));
#10647=DIRECTION('',(1.,1.78349080261069E-16,0.));
#10648=DIRECTION('center_axis',(0.,0.,1.));
#10649=DIRECTION('ref_axis',(1.,0.,0.));
#10650=DIRECTION('',(-1.,-1.78349080261069E-16,0.));
#10651=DIRECTION('',(1.78349080261069E-16,-1.,0.));
#10652=DIRECTION('center_axis',(1.78349080261069E-16,-1.,0.));
#10653=DIRECTION('ref_axis',(1.,1.78349080261069E-16,0.));
#10654=DIRECTION('',(2.18414630272593E-32,-1.22464679914735E-16,1.));
#10655=DIRECTION('',(-2.18414630272593E-32,1.22464679914735E-16,-1.));
#10656=DIRECTION('',(1.,1.78349080261069E-16,0.));
#10657=DIRECTION('',(-2.18414630272593E-32,1.22464679914735E-16,-1.));
#10658=DIRECTION('',(1.,1.78349080261069E-16,0.));
#10659=DIRECTION('',(2.18414630272593E-32,-1.22464679914735E-16,1.));
#10660=DIRECTION('',(1.,1.78349080261069E-16,0.));
#10661=DIRECTION('center_axis',(-1.,-1.78349080261069E-16,0.));
#10662=DIRECTION('ref_axis',(0.,0.,1.));
#10663=DIRECTION('',(1.78349080261069E-16,-1.,0.));
#10664=DIRECTION('',(1.78349080261069E-16,-1.,0.));
#10665=DIRECTION('center_axis',(0.,0.,-1.));
#10666=DIRECTION('ref_axis',(-1.,0.,0.));
#10667=DIRECTION('',(1.78349080261069E-16,-1.,0.));
#10668=DIRECTION('center_axis',(1.,1.78349080261069E-16,0.));
#10669=DIRECTION('ref_axis',(0.,0.,-1.));
#10670=DIRECTION('',(1.78349080261069E-16,-1.,0.));
#10671=DIRECTION('center_axis',(0.,0.,-1.));
#10672=DIRECTION('ref_axis',(-1.,0.,0.));
#10673=DIRECTION('',(1.78349080261069E-16,-1.,0.));
#10674=DIRECTION('center_axis',(1.,1.78349080261069E-16,0.));
#10675=DIRECTION('ref_axis',(0.,0.,-1.));
#10676=DIRECTION('center_axis',(-1.,-1.78349080261069E-16,0.));
#10677=DIRECTION('ref_axis',(0.,0.,1.));
#10678=DIRECTION('',(1.78349080261069E-16,-1.,0.));
#10679=DIRECTION('center_axis',(0.,0.,-1.));
#10680=DIRECTION('ref_axis',(-1.,0.,0.));
#10681=DIRECTION('center_axis',(1.78349080261069E-16,-1.,0.));
#10682=DIRECTION('ref_axis',(1.,1.78349080261069E-16,0.));
#10683=DIRECTION('',(1.,1.78349080261069E-16,0.));
#10684=DIRECTION('',(2.18414630272593E-32,-1.22464679914735E-16,1.));
#10685=DIRECTION('',(-1.,-1.78349080261069E-16,0.));
#10686=DIRECTION('',(2.18414630272593E-32,-1.22464679914735E-16,1.));
#10687=DIRECTION('',(-1.,-1.78349080261069E-16,0.));
#10688=DIRECTION('',(-2.18414630272593E-32,1.22464679914735E-16,-1.));
#10689=DIRECTION('',(1.,1.78349080261069E-16,0.));
#10690=DIRECTION('',(-2.18414630272593E-32,1.22464679914735E-16,-1.));
#10691=DIRECTION('',(-1.,-1.78349080261069E-16,0.));
#10692=DIRECTION('',(-2.18414630272593E-32,1.22464679914735E-16,-1.));
#10693=DIRECTION('center_axis',(0.,0.,-1.));
#10694=DIRECTION('ref_axis',(-1.,0.,0.));
#10695=DIRECTION('',(1.78349080261069E-16,-1.,0.));
#10696=DIRECTION('',(1.78349080261069E-16,-1.,0.));
#10697=DIRECTION('center_axis',(1.,1.78349080261069E-16,0.));
#10698=DIRECTION('ref_axis',(0.,0.,-1.));
#10699=DIRECTION('',(1.78349080261069E-16,-1.,0.));
#10700=DIRECTION('center_axis',(0.,0.,1.));
#10701=DIRECTION('ref_axis',(1.,0.,0.));
#10702=DIRECTION('',(1.78349080261069E-16,-1.,0.));
#10703=DIRECTION('center_axis',(1.,1.78349080261069E-16,0.));
#10704=DIRECTION('ref_axis',(0.,0.,-1.));
#10705=DIRECTION('',(1.78349080261069E-16,-1.,0.));
#10706=DIRECTION('center_axis',(0.,0.,1.));
#10707=DIRECTION('ref_axis',(1.,0.,0.));
#10708=DIRECTION('',(1.78349080261069E-16,-1.,0.));
#10709=DIRECTION('',(1.78349080261069E-16,-1.,0.));
#10710=DIRECTION('',(1.78349080261069E-16,-1.,0.));
#10711=DIRECTION('center_axis',(-1.,-1.78349080261069E-16,0.));
#10712=DIRECTION('ref_axis',(0.,0.,1.));
#10713=DIRECTION('',(1.78349080261069E-16,-1.,0.));
#10714=DIRECTION('center_axis',(0.,0.,-1.));
#10715=DIRECTION('ref_axis',(-1.,0.,0.));
#10716=DIRECTION('',(1.78349080261069E-16,-1.,0.));
#10717=DIRECTION('center_axis',(-1.,-1.78349080261069E-16,0.));
#10718=DIRECTION('ref_axis',(0.,0.,1.));
#10719=DIRECTION('',(1.78349080261069E-16,-1.,0.));
#10720=DIRECTION('center_axis',(0.,0.,1.));
#10721=DIRECTION('ref_axis',(1.,0.,0.));
#10722=DIRECTION('',(1.78349080261069E-16,-1.,0.));
#10723=DIRECTION('center_axis',(-1.,-1.78349080261069E-16,0.));
#10724=DIRECTION('ref_axis',(0.,0.,1.));
#10725=DIRECTION('center_axis',(1.78349080261069E-16,-1.,0.));
#10726=DIRECTION('ref_axis',(1.,1.78349080261069E-16,0.));
#10727=DIRECTION('',(-2.18414630272593E-32,1.22464679914735E-16,-1.));
#10728=DIRECTION('',(1.,1.78349080261069E-16,0.));
#10729=DIRECTION('',(2.18414630272593E-32,-1.22464679914735E-16,1.));
#10730=DIRECTION('',(2.18414630272593E-32,-1.22464679914736E-16,1.));
#10731=DIRECTION('',(-1.,-1.78349080261069E-16,0.));
#10732=DIRECTION('',(-2.18414630272593E-32,1.22464679914735E-16,-1.));
#10733=DIRECTION('',(1.,1.78349080261069E-16,0.));
#10734=DIRECTION('',(2.18414630272593E-32,-1.22464679914735E-16,1.));
#10735=DIRECTION('',(-2.18414630272593E-32,1.22464679914735E-16,-1.));
#10736=DIRECTION('',(1.,1.78349080261069E-16,0.));
#10737=DIRECTION('',(2.18414630272593E-32,-1.22464679914735E-16,1.));
#10738=DIRECTION('center_axis',(-1.,-1.78349080261069E-16,0.));
#10739=DIRECTION('ref_axis',(0.,0.,1.));
#10740=DIRECTION('',(1.78349080261069E-16,-1.,0.));
#10741=DIRECTION('',(1.78349080261069E-16,-1.,0.));
#10742=DIRECTION('center_axis',(0.,0.,-1.));
#10743=DIRECTION('ref_axis',(-1.,0.,0.));
#10744=DIRECTION('',(1.78349080261069E-16,-1.,0.));
#10745=DIRECTION('center_axis',(1.,1.78349080261069E-16,0.));
#10746=DIRECTION('ref_axis',(0.,0.,-1.));
#10747=DIRECTION('',(1.78349080261069E-16,-1.,0.));
#10748=DIRECTION('',(1.78349080261069E-16,-1.,0.));
#10749=DIRECTION('',(1.78349080261069E-16,-1.,0.));
#10750=DIRECTION('',(1.78349080261069E-16,-1.,0.));
#10751=DIRECTION('',(1.78349080261069E-16,-1.,0.));
#10752=DIRECTION('',(1.78349080261069E-16,-1.,0.));
#10753=DIRECTION('center_axis',(1.,1.78349080261069E-16,0.));
#10754=DIRECTION('ref_axis',(0.,0.,-1.));
#10755=DIRECTION('',(1.78349080261069E-16,-1.,0.));
#10756=DIRECTION('center_axis',(0.,0.,1.));
#10757=DIRECTION('ref_axis',(1.,0.,0.));
#10758=DIRECTION('',(1.78349080261069E-16,-1.,0.));
#10759=DIRECTION('center_axis',(-1.,-1.78349080261069E-16,0.));
#10760=DIRECTION('ref_axis',(0.,0.,1.));
#10761=DIRECTION('',(1.78349080261069E-16,-1.,0.));
#10762=DIRECTION('center_axis',(0.,0.,-1.));
#10763=DIRECTION('ref_axis',(-1.,0.,0.));
#10764=DIRECTION('',(1.78349080261069E-16,-1.,0.));
#10765=DIRECTION('center_axis',(1.,1.78349080261069E-16,0.));
#10766=DIRECTION('ref_axis',(0.,0.,-1.));
#10767=DIRECTION('',(1.78349080261069E-16,-1.,0.));
#10768=DIRECTION('',(1.78349080261069E-16,-1.,0.));
#10769=DIRECTION('',(1.78349080261069E-16,-1.,0.));
#10770=DIRECTION('',(1.78349080261069E-16,-1.,0.));
#10771=DIRECTION('center_axis',(-1.,-1.78349080261069E-16,0.));
#10772=DIRECTION('ref_axis',(0.,0.,1.));
#10773=DIRECTION('',(1.78349080261069E-16,-1.,0.));
#10774=DIRECTION('center_axis',(0.,0.,-1.));
#10775=DIRECTION('ref_axis',(-1.,0.,0.));
#10776=DIRECTION('',(1.78349080261069E-16,-1.,0.));
#10777=DIRECTION('center_axis',(1.,1.78349080261069E-16,0.));
#10778=DIRECTION('ref_axis',(0.,0.,-1.));
#10779=DIRECTION('',(1.78349080261069E-16,-1.,0.));
#10780=DIRECTION('',(1.78349080261069E-16,-1.,0.));
#10781=DIRECTION('',(1.78349080261069E-16,-1.,0.));
#10782=DIRECTION('center_axis',(1.78349080261069E-16,-1.,0.));
#10783=DIRECTION('ref_axis',(1.,1.78349080261069E-16,0.));
#10784=DIRECTION('center_axis',(-2.67523620391604E-16,1.,0.));
#10785=DIRECTION('ref_axis',(-1.,-2.67523620391604E-16,0.));
#10786=DIRECTION('',(0.,0.,-1.));
#10787=DIRECTION('',(-1.,-2.67523620391604E-16,0.));
#10788=DIRECTION('',(1.,2.67523620391604E-16,0.));
#10789=DIRECTION('',(0.,0.,-1.));
#10790=DIRECTION('',(-2.67523620391604E-16,1.,0.));
#10791=DIRECTION('',(-2.67523620391604E-16,1.,0.));
#10792=DIRECTION('',(-2.67523620391604E-16,1.,0.));
#10793=DIRECTION('',(-2.67523620391604E-16,1.,0.));
#10794=DIRECTION('center_axis',(1.,2.67523620391604E-16,0.));
#10795=DIRECTION('ref_axis',(0.,0.,-1.));
#10796=DIRECTION('',(-2.67523620391604E-16,1.,0.));
#10797=DIRECTION('center_axis',(0.,0.,-1.));
#10798=DIRECTION('ref_axis',(-1.,0.,0.));
#10799=DIRECTION('',(-2.67523620391604E-16,1.,0.));
#10800=DIRECTION('',(-2.67523620391604E-16,1.,0.));
#10801=DIRECTION('',(-2.67523620391604E-16,1.,0.));
#10802=DIRECTION('',(-2.67523620391604E-16,1.,0.));
#10803=DIRECTION('',(-2.67523620391604E-16,1.,0.));
#10804=DIRECTION('',(-2.67523620391604E-16,1.,0.));
#10805=DIRECTION('',(-2.67523620391604E-16,1.,0.));
#10806=DIRECTION('',(-2.67523620391604E-16,1.,0.));
#10807=DIRECTION('',(-2.67523620391604E-16,1.,0.));
#10808=DIRECTION('center_axis',(0.,0.,1.));
#10809=DIRECTION('ref_axis',(1.,0.,0.));
#10810=DIRECTION('',(-2.67523620391604E-16,1.,0.));
#10811=DIRECTION('center_axis',(1.,2.67523620391604E-16,0.));
#10812=DIRECTION('ref_axis',(0.,0.,-1.));
#10813=DIRECTION('',(-2.67523620391604E-16,1.,0.));
#10814=DIRECTION('',(-2.67523620391604E-16,1.,0.));
#10815=DIRECTION('',(-2.67523620391604E-16,1.,0.));
#10816=DIRECTION('center_axis',(-2.67523620391604E-16,1.,0.));
#10817=DIRECTION('ref_axis',(-1.,-2.67523620391604E-16,0.));
#10818=DIRECTION('',(1.,2.67523620391604E-16,0.));
#10819=DIRECTION('',(1.88395936287191E-16,5.04003629426153E-32,-1.));
#10820=DIRECTION('',(0.,0.,-1.));
#10821=DIRECTION('',(-1.,-2.67523620391604E-16,-9.54381921755801E-16));
#10822=DIRECTION('',(-1.63505817959238E-16,-4.37416683755458E-32,1.));
#10823=DIRECTION('',(1.,2.67523620391604E-16,9.54381921755802E-16));
#10824=DIRECTION('',(2.30992286069879E-16,6.17958926519471E-32,-1.));
#10825=DIRECTION('',(-2.37333926244656E-16,-6.34924311907242E-32,1.));
#10826=DIRECTION('center_axis',(0.,0.,1.));
#10827=DIRECTION('ref_axis',(1.,0.,0.));
#10828=DIRECTION('',(-2.67523620391604E-16,1.,0.));
#10829=DIRECTION('',(-2.67523620391604E-16,1.,0.));
#10830=DIRECTION('center_axis',(1.,2.67523620391604E-16,1.88395936287191E-16));
#10831=DIRECTION('ref_axis',(1.88395936287191E-16,0.,-1.));
#10832=DIRECTION('',(-2.67523620391604E-16,1.,0.));
#10833=DIRECTION('',(-2.67523620391604E-16,1.,0.));
#10834=DIRECTION('',(-2.67523620391604E-16,1.,0.));
#10835=DIRECTION('center_axis',(1.,2.67523620391604E-16,0.));
#10836=DIRECTION('ref_axis',(0.,0.,-1.));
#10837=DIRECTION('',(-2.67523620391604E-16,1.,0.));
#10838=DIRECTION('center_axis',(9.54381921755801E-16,2.55319706944409E-31,
-1.));
#10839=DIRECTION('ref_axis',(-1.,0.,-9.54381921755801E-16));
#10840=DIRECTION('',(-2.67523620391604E-16,1.,0.));
#10841=DIRECTION('center_axis',(-1.,-2.67523620391604E-16,-1.63505817959238E-16));
#10842=DIRECTION('ref_axis',(-1.63505817959238E-16,0.,1.));
#10843=DIRECTION('',(-2.67523620391604E-16,1.,0.));
#10844=DIRECTION('center_axis',(-9.54381921755802E-16,-2.55319706944409E-31,
1.));
#10845=DIRECTION('ref_axis',(1.,0.,9.54381921755802E-16));
#10846=DIRECTION('',(-2.67523620391604E-16,1.,0.));
#10847=DIRECTION('center_axis',(1.,2.67523620391604E-16,2.30992286069879E-16));
#10848=DIRECTION('ref_axis',(2.30992286069879E-16,0.,-1.));
#10849=DIRECTION('',(-2.67523620391604E-16,1.,0.));
#10850=DIRECTION('',(-2.67523620391604E-16,1.,0.));
#10851=DIRECTION('',(-2.67523620391604E-16,1.,0.));
#10852=DIRECTION('',(-2.67523620391604E-16,1.,0.));
#10853=DIRECTION('center_axis',(-1.,-2.67523620391604E-16,-2.37333926244656E-16));
#10854=DIRECTION('ref_axis',(-2.37333926244656E-16,0.,1.));
#10855=DIRECTION('',(-2.67523620391604E-16,1.,0.));
#10856=DIRECTION('',(-2.67523620391604E-16,1.,0.));
#10857=DIRECTION('',(-2.67523620391604E-16,1.,0.));
#10858=DIRECTION('center_axis',(0.,0.,1.));
#10859=DIRECTION('ref_axis',(1.,0.,0.));
#10860=DIRECTION('',(-1.,-2.67523620391604E-16,0.));
#10861=DIRECTION('',(-1.,-2.67523620391604E-16,0.));
#10862=DIRECTION('center_axis',(-2.67523620391604E-16,1.,0.));
#10863=DIRECTION('ref_axis',(-1.,-2.67523620391604E-16,0.));
#10864=DIRECTION('',(0.,0.,-1.));
#10865=DIRECTION('',(-1.,-2.67523620391604E-16,0.));
#10866=DIRECTION('',(1.,2.67523620391604E-16,0.));
#10867=DIRECTION('',(0.,0.,-1.));
#10868=DIRECTION('',(-2.67523620391604E-16,1.,0.));
#10869=DIRECTION('',(-2.67523620391604E-16,1.,0.));
#10870=DIRECTION('',(-2.67523620391604E-16,1.,0.));
#10871=DIRECTION('',(-2.67523620391604E-16,1.,0.));
#10872=DIRECTION('center_axis',(1.,2.67523620391604E-16,0.));
#10873=DIRECTION('ref_axis',(0.,0.,-1.));
#10874=DIRECTION('',(-2.67523620391604E-16,1.,0.));
#10875=DIRECTION('center_axis',(0.,0.,-1.));
#10876=DIRECTION('ref_axis',(-1.,0.,0.));
#10877=DIRECTION('',(-2.67523620391604E-16,1.,0.));
#10878=DIRECTION('',(-2.67523620391604E-16,1.,0.));
#10879=DIRECTION('',(-2.67523620391604E-16,1.,0.));
#10880=DIRECTION('',(-2.67523620391604E-16,1.,0.));
#10881=DIRECTION('',(-2.67523620391604E-16,1.,0.));
#10882=DIRECTION('center_axis',(0.,0.,1.));
#10883=DIRECTION('ref_axis',(1.,0.,0.));
#10884=DIRECTION('',(-2.67523620391604E-16,1.,0.));
#10885=DIRECTION('center_axis',(1.,2.67523620391604E-16,0.));
#10886=DIRECTION('ref_axis',(0.,0.,-1.));
#10887=DIRECTION('',(-2.67523620391604E-16,1.,0.));
#10888=DIRECTION('',(-2.67523620391604E-16,1.,0.));
#10889=DIRECTION('',(-2.67523620391604E-16,1.,0.));
#10890=DIRECTION('',(-2.67523620391604E-16,1.,0.));
#10891=DIRECTION('',(-2.67523620391604E-16,1.,0.));
#10892=DIRECTION('center_axis',(-1.,-2.67523620391604E-16,-6.51922554689723E-16));
#10893=DIRECTION('ref_axis',(-6.51922554689723E-16,0.,1.));
#10894=DIRECTION('',(6.51922554689723E-16,1.74404682045538E-31,-1.));
#10895=DIRECTION('',(-2.67523620391604E-16,1.,0.));
#10896=DIRECTION('',(6.51922554689723E-16,1.74404682045538E-31,-1.));
#10897=DIRECTION('',(-2.67523620391604E-16,1.,0.));
#10898=DIRECTION('center_axis',(-2.67523620391604E-16,1.,0.));
#10899=DIRECTION('ref_axis',(-1.,-2.67523620391604E-16,0.));
#10900=DIRECTION('',(0.,0.,-1.));
#10901=DIRECTION('',(-1.,-2.67523620391604E-16,0.));
#10902=DIRECTION('',(0.,0.,1.));
#10903=DIRECTION('',(1.,2.67523620391604E-16,4.77190960877901E-16));
#10904=DIRECTION('',(0.,0.,-1.));
#10905=DIRECTION('',(-2.67523620391604E-16,1.,0.));
#10906=DIRECTION('',(-2.67523620391604E-16,1.,0.));
#10907=DIRECTION('',(-2.67523620391604E-16,1.,0.));
#10908=DIRECTION('',(-2.67523620391604E-16,1.,0.));
#10909=DIRECTION('center_axis',(1.,2.67523620391604E-16,0.));
#10910=DIRECTION('ref_axis',(0.,0.,-1.));
#10911=DIRECTION('',(-2.67523620391604E-16,1.,0.));
#10912=DIRECTION('center_axis',(0.,0.,-1.));
#10913=DIRECTION('ref_axis',(-1.,0.,0.));
#10914=DIRECTION('',(-2.67523620391604E-16,1.,0.));
#10915=DIRECTION('center_axis',(-1.,-2.67523620391604E-16,0.));
#10916=DIRECTION('ref_axis',(0.,0.,1.));
#10917=DIRECTION('',(-2.67523620391604E-16,1.,0.));
#10918=DIRECTION('center_axis',(-4.77190960877901E-16,-1.27659853472204E-31,
1.));
#10919=DIRECTION('ref_axis',(1.,0.,4.77190960877901E-16));
#10920=DIRECTION('',(-2.67523620391604E-16,1.,0.));
#10921=DIRECTION('center_axis',(1.,2.67523620391604E-16,0.));
#10922=DIRECTION('ref_axis',(0.,0.,-1.));
#10923=DIRECTION('',(-2.67523620391604E-16,1.,0.));
#10924=DIRECTION('',(-2.67523620391604E-16,1.,0.));
#10925=DIRECTION('',(-2.67523620391604E-16,1.,0.));
#10926=DIRECTION('',(-2.67523620391604E-16,1.,0.));
#10927=DIRECTION('',(-2.67523620391604E-16,1.,0.));
#10928=DIRECTION('',(-2.67523620391604E-16,1.,0.));
#10929=DIRECTION('',(-2.67523620391604E-16,1.,0.));
#10930=DIRECTION('',(-2.67523620391604E-16,1.,0.));
#10931=DIRECTION('',(-2.67523620391604E-16,1.,0.));
#10932=DIRECTION('center_axis',(-2.67523620391604E-16,1.,0.));
#10933=DIRECTION('ref_axis',(-1.,-2.67523620391604E-16,0.));
#10934=DIRECTION('',(-2.67523620391604E-16,1.,0.));
#10935=DIRECTION('',(-2.67523620391604E-16,1.,0.));
#10936=DIRECTION('',(-2.67523620391604E-16,1.,0.));
#10937=DIRECTION('',(-2.67523620391604E-16,1.,0.));
#10938=DIRECTION('center_axis',(-2.67523620391604E-16,1.,0.));
#10939=DIRECTION('ref_axis',(-1.,-2.67523620391604E-16,0.));
#10940=DIRECTION('',(0.,0.,-1.));
#10941=DIRECTION('',(-1.,-2.67523620391604E-16,0.));
#10942=DIRECTION('',(-3.95386796155975E-16,-1.05775307162684E-31,1.));
#10943=DIRECTION('',(3.95386796155975E-16,1.05775307162684E-31,-1.));
#10944=DIRECTION('',(-1.,-2.67523620391604E-16,0.));
#10945=DIRECTION('',(-1.93177559035597E-16,-5.16795599716157E-32,1.));
#10946=DIRECTION('',(-2.67523620391604E-16,1.,0.));
#10947=DIRECTION('',(-2.67523620391604E-16,1.,0.));
#10948=DIRECTION('',(-2.67523620391604E-16,1.,0.));
#10949=DIRECTION('center_axis',(1.,2.67523620391604E-16,0.));
#10950=DIRECTION('ref_axis',(0.,0.,-1.));
#10951=DIRECTION('',(-2.67523620391604E-16,1.,0.));
#10952=DIRECTION('center_axis',(0.,0.,-1.));
#10953=DIRECTION('ref_axis',(-1.,0.,0.));
#10954=DIRECTION('',(-2.67523620391604E-16,1.,0.));
#10955=DIRECTION('center_axis',(-1.,-2.67523620391604E-16,-3.95386796155975E-16));
#10956=DIRECTION('ref_axis',(-3.95386796155975E-16,0.,1.));
#10957=DIRECTION('',(-2.67523620391604E-16,1.,0.));
#10958=DIRECTION('',(-2.67523620391604E-16,1.,0.));
#10959=DIRECTION('',(-2.67523620391604E-16,1.,0.));
#10960=DIRECTION('center_axis',(1.,2.67523620391604E-16,3.95386796155975E-16));
#10961=DIRECTION('ref_axis',(3.95386796155975E-16,0.,-1.));
#10962=DIRECTION('',(-2.67523620391604E-16,1.,0.));
#10963=DIRECTION('center_axis',(0.,0.,-1.));
#10964=DIRECTION('ref_axis',(-1.,0.,0.));
#10965=DIRECTION('',(-2.67523620391604E-16,1.,0.));
#10966=DIRECTION('center_axis',(-1.,-2.67523620391604E-16,-1.93177559035597E-16));
#10967=DIRECTION('ref_axis',(-1.93177559035597E-16,0.,1.));
#10968=DIRECTION('center_axis',(-2.67523620391604E-16,1.,0.));
#10969=DIRECTION('ref_axis',(-1.,-2.67523620391604E-16,0.));
#10970=DIRECTION('',(1.,2.67523620391604E-16,0.));
#10971=DIRECTION('',(0.,0.,-1.));
#10972=DIRECTION('',(-1.,-2.67523620391604E-16,0.));
#10973=DIRECTION('',(0.,0.,1.));
#10974=DIRECTION('',(1.,2.67523620391604E-16,0.));
#10975=DIRECTION('',(0.,0.,1.));
#10976=DIRECTION('center_axis',(0.,0.,1.));
#10977=DIRECTION('ref_axis',(1.,0.,0.));
#10978=DIRECTION('',(-2.67523620391604E-16,1.,0.));
#10979=DIRECTION('',(-2.67523620391604E-16,1.,0.));
#10980=DIRECTION('center_axis',(1.,2.67523620391604E-16,0.));
#10981=DIRECTION('ref_axis',(0.,0.,-1.));
#10982=DIRECTION('',(-2.67523620391604E-16,1.,0.));
#10983=DIRECTION('center_axis',(0.,0.,-1.));
#10984=DIRECTION('ref_axis',(-1.,0.,0.));
#10985=DIRECTION('',(-2.67523620391604E-16,1.,0.));
#10986=DIRECTION('',(-2.67523620391604E-16,1.,0.));
#10987=DIRECTION('',(-2.67523620391604E-16,1.,0.));
#10988=DIRECTION('',(-2.67523620391604E-16,1.,0.));
#10989=DIRECTION('',(-2.67523620391604E-16,1.,0.));
#10990=DIRECTION('center_axis',(-1.,-2.67523620391604E-16,0.));
#10991=DIRECTION('ref_axis',(0.,0.,1.));
#10992=DIRECTION('',(-2.67523620391604E-16,1.,0.));
#10993=DIRECTION('center_axis',(0.,0.,1.));
#10994=DIRECTION('ref_axis',(1.,0.,0.));
#10995=DIRECTION('',(-2.67523620391604E-16,1.,0.));
#10996=DIRECTION('',(-2.67523620391604E-16,1.,0.));
#10997=DIRECTION('',(-2.67523620391604E-16,1.,0.));
#10998=DIRECTION('',(-2.67523620391604E-16,1.,0.));
#10999=DIRECTION('',(-2.67523620391604E-16,1.,0.));
#11000=DIRECTION('',(-2.67523620391604E-16,1.,0.));
#11001=DIRECTION('center_axis',(-1.,-2.67523620391604E-16,0.));
#11002=DIRECTION('ref_axis',(0.,0.,1.));
#11003=DIRECTION('center_axis',(-2.67523620391604E-16,1.,0.));
#11004=DIRECTION('ref_axis',(-1.,-2.67523620391604E-16,0.));
#11005=DIRECTION('center_axis',(-2.67523620391604E-16,1.,0.));
#11006=DIRECTION('ref_axis',(-1.,-2.67523620391604E-16,0.));
#11007=DIRECTION('center_axis',(0.,-0.5,-0.866025403784439));
#11008=DIRECTION('ref_axis',(1.,0.,0.));
#11009=DIRECTION('center_axis',(0.,-0.5,0.866025403784439));
#11010=DIRECTION('ref_axis',(1.,0.,0.));
#11011=DIRECTION('center_axis',(1.77635683940025E-16,0.,-1.));
#11012=DIRECTION('ref_axis',(1.,0.,1.77635683940025E-16));
#11013=DIRECTION('',(1.,0.,0.));
#11014=DIRECTION('',(0.,-1.,0.));
#11015=DIRECTION('center_axis',(1.77635683940025E-16,0.,-1.));
#11016=DIRECTION('ref_axis',(1.,0.,1.77635683940025E-16));
#11017=DIRECTION('center_axis',(1.77635683940025E-16,0.,-1.));
#11018=DIRECTION('ref_axis',(-1.,0.,-1.77635683940025E-16));
#11019=DIRECTION('center_axis',(1.77635683940025E-16,0.,-1.));
#11020=DIRECTION('ref_axis',(1.,0.,0.));
#11021=DIRECTION('',(1.77635683940025E-16,0.,-1.));
#11022=DIRECTION('center_axis',(1.77635683940025E-16,0.,-1.));
#11023=DIRECTION('ref_axis',(-1.,0.,-1.77635683940025E-16));
#11024=DIRECTION('center_axis',(-1.77635683940025E-16,0.,1.));
#11025=DIRECTION('ref_axis',(-1.,0.,-1.77635683940025E-16));
#11026=DIRECTION('center_axis',(-1.,0.,0.));
#11027=DIRECTION('ref_axis',(0.,1.,0.));
#11028=DIRECTION('center_axis',(-1.,0.,0.));
#11029=DIRECTION('ref_axis',(0.,0.,1.));
#11030=DIRECTION('center_axis',(1.77635683940025E-16,0.,1.));
#11031=DIRECTION('ref_axis',(-1.,0.,0.));
#11032=DIRECTION('center_axis',(1.77635683940025E-16,0.,1.));
#11033=DIRECTION('ref_axis',(1.,0.,-1.77635683940025E-16));
#11034=DIRECTION('',(-1.77635683940025E-16,0.,-1.));
#11035=DIRECTION('center_axis',(1.77635683940025E-16,0.,1.));
#11036=DIRECTION('ref_axis',(1.,0.,-1.77635683940025E-16));
#11037=DIRECTION('center_axis',(1.77635683940025E-16,0.,1.));
#11038=DIRECTION('ref_axis',(-1.,0.,1.77635683940025E-16));
#11039=DIRECTION('center_axis',(1.77635683940025E-16,0.,1.));
#11040=DIRECTION('ref_axis',(-1.,0.,1.77635683940025E-16));
#11041=DIRECTION('center_axis',(1.77635683940025E-16,0.,1.));
#11042=DIRECTION('ref_axis',(1.,0.,-1.77635683940025E-16));
#11043=DIRECTION('center_axis',(1.77635683940025E-16,0.,1.));
#11044=DIRECTION('ref_axis',(-1.,0.,0.));
#11045=DIRECTION('',(-1.77635683940025E-16,0.,-1.));
#11046=DIRECTION('center_axis',(1.77635683940025E-16,0.,1.));
#11047=DIRECTION('ref_axis',(1.,0.,-1.77635683940025E-16));
#11048=DIRECTION('center_axis',(-1.77635683940025E-16,0.,-1.));
#11049=DIRECTION('ref_axis',(1.,0.,-1.77635683940025E-16));
#11050=DIRECTION('center_axis',(-1.77635683940025E-16,0.,1.));
#11051=DIRECTION('ref_axis',(1.,0.,0.));
#11052=DIRECTION('center_axis',(-1.77635683940025E-16,0.,1.));
#11053=DIRECTION('ref_axis',(-1.,0.,-1.77635683940025E-16));
#11054=DIRECTION('',(1.77635683940025E-16,0.,-1.));
#11055=DIRECTION('',(-1.77635683940025E-16,0.,1.));
#11056=DIRECTION('center_axis',(-1.77635683940025E-16,0.,1.));
#11057=DIRECTION('ref_axis',(1.,0.,1.77635683940025E-16));
#11058=DIRECTION('center_axis',(-1.77635683940025E-16,0.,1.));
#11059=DIRECTION('ref_axis',(-1.,0.,-1.77635683940025E-16));
#11060=DIRECTION('center_axis',(-1.77635683940025E-16,0.,1.));
#11061=DIRECTION('ref_axis',(1.,0.,0.));
#11062=DIRECTION('',(1.77635683940025E-16,0.,-1.));
#11063=DIRECTION('center_axis',(-1.77635683940025E-16,0.,1.));
#11064=DIRECTION('ref_axis',(-1.,0.,-1.77635683940025E-16));
#11065=DIRECTION('center_axis',(1.77635683940025E-16,0.,-1.));
#11066=DIRECTION('ref_axis',(-1.,0.,-1.77635683940025E-16));
#11067=DIRECTION('center_axis',(-1.,0.,0.));
#11068=DIRECTION('ref_axis',(0.,1.,0.));
#11069=DIRECTION('',(-1.,0.,0.));
#11070=DIRECTION('center_axis',(-1.,0.,0.));
#11071=DIRECTION('ref_axis',(0.,0.,1.));
#11072=DIRECTION('center_axis',(-1.,0.,0.));
#11073=DIRECTION('ref_axis',(0.,1.,0.));
#11074=DIRECTION('center_axis',(-1.,0.,0.));
#11075=DIRECTION('ref_axis',(0.,0.,1.));
#11076=DIRECTION('center_axis',(-1.,0.,0.));
#11077=DIRECTION('ref_axis',(0.,0.,1.));
#11078=DIRECTION('',(0.,0.,-1.));
#11079=DIRECTION('center_axis',(-1.,0.,0.));
#11080=DIRECTION('ref_axis',(0.,0.,1.));
#11081=DIRECTION('center_axis',(-1.77635683940025E-16,0.,-1.));
#11082=DIRECTION('ref_axis',(-1.,0.,0.));
#11083=DIRECTION('center_axis',(-1.77635683940025E-16,0.,-1.));
#11084=DIRECTION('ref_axis',(1.,0.,-1.77635683940025E-16));
#11085=DIRECTION('',(-1.77635683940025E-16,0.,-1.));
#11086=DIRECTION('center_axis',(-1.77635683940025E-16,0.,-1.));
#11087=DIRECTION('ref_axis',(1.,0.,-1.77635683940025E-16));
#11088=DIRECTION('center_axis',(-1.77635683940025E-16,0.,-1.));
#11089=DIRECTION('ref_axis',(-1.,0.,1.77635683940025E-16));
#11090=DIRECTION('center_axis',(-1.77635683940025E-16,0.,-1.));
#11091=DIRECTION('ref_axis',(-1.,0.,1.77635683940025E-16));
#11092=DIRECTION('center_axis',(-1.77635683940025E-16,0.,-1.));
#11093=DIRECTION('ref_axis',(1.,0.,-1.77635683940025E-16));
#11094=DIRECTION('center_axis',(-1.77635683940025E-16,0.,-1.));
#11095=DIRECTION('ref_axis',(-1.,0.,0.));
#11096=DIRECTION('',(-1.77635683940025E-16,0.,-1.));
#11097=DIRECTION('center_axis',(-1.77635683940025E-16,0.,-1.));
#11098=DIRECTION('ref_axis',(1.,0.,-1.77635683940025E-16));
#11099=DIRECTION('center_axis',(1.77635683940025E-16,0.,1.));
#11100=DIRECTION('ref_axis',(1.,0.,-1.77635683940025E-16));
#11101=DIRECTION('center_axis',(-1.,2.79571711701314E-16,0.));
#11102=DIRECTION('ref_axis',(-2.79571711701314E-16,-1.,0.));
#11103=DIRECTION('',(0.,0.,1.));
#11104=DIRECTION('center_axis',(1.,-2.79571711701314E-16,0.));
#11105=DIRECTION('ref_axis',(2.79571711701314E-16,1.,0.));
#11106=DIRECTION('',(0.,0.,1.));
#11107=DIRECTION('center_axis',(0.,0.,1.));
#11108=DIRECTION('ref_axis',(-1.,1.22464679914735E-16,0.));
#11109=DIRECTION('center_axis',(0.,0.,1.));
#11110=DIRECTION('ref_axis',(-1.,1.22464679914735E-16,0.));
#11111=DIRECTION('center_axis',(0.,0.,1.));
#11112=DIRECTION('ref_axis',(-1.,1.22464679914735E-16,0.));
#11113=DIRECTION('',(0.,0.,-1.));
#11114=DIRECTION('center_axis',(1.,-2.27202701105788E-16,0.));
#11115=DIRECTION('ref_axis',(2.27202701105788E-16,1.,0.));
#11116=DIRECTION('',(0.,0.,1.));
#11117=DIRECTION('center_axis',(0.,0.,1.));
#11118=DIRECTION('ref_axis',(1.,-1.22464679914735E-16,0.));
#11119=DIRECTION('',(0.,0.,1.));
#11120=DIRECTION('center_axis',(-1.,2.27202701105788E-16,0.));
#11121=DIRECTION('ref_axis',(-2.27202701105788E-16,-1.,0.));
#11122=DIRECTION('center_axis',(0.,0.,1.));
#11123=DIRECTION('ref_axis',(-1.,1.22464679914735E-16,0.));
#11124=DIRECTION('',(0.,0.,1.));
#11125=DIRECTION('center_axis',(0.,0.,1.));
#11126=DIRECTION('ref_axis',(-1.,1.22464679914735E-16,0.));
#11127=DIRECTION('center_axis',(0.,0.,1.));
#11128=DIRECTION('ref_axis',(-1.,1.22464679914735E-16,0.));
#11129=DIRECTION('center_axis',(0.,0.,1.));
#11130=DIRECTION('ref_axis',(-1.,0.,0.));
#11131=DIRECTION('',(0.,0.,1.));
#11132=DIRECTION('center_axis',(1.,-1.04738021191052E-16,0.));
#11133=DIRECTION('ref_axis',(1.04738021191052E-16,1.,0.));
#11134=DIRECTION('center_axis',(1.,-1.57107031786579E-16,0.));
#11135=DIRECTION('ref_axis',(1.57107031786579E-16,1.,0.));
#11136=DIRECTION('',(0.,0.,-1.));
#11137=DIRECTION('center_axis',(0.,0.,1.));
#11138=DIRECTION('ref_axis',(1.,0.,0.));
#11139=DIRECTION('',(0.,0.,1.));
#11140=DIRECTION('center_axis',(0.,0.,1.));
#11141=DIRECTION('ref_axis',(1.,0.,0.));
#11142=DIRECTION('center_axis',(0.,0.,1.));
#11143=DIRECTION('ref_axis',(1.,0.,0.));
#11144=DIRECTION('center_axis',(1.,-7.50150692314295E-16,0.));
#11145=DIRECTION('ref_axis',(-7.50150692314295E-16,-1.,0.));
#11146=DIRECTION('',(7.50150692314295E-16,1.,0.));
#11147=DIRECTION('',(0.,0.,-1.));
#11148=DIRECTION('center_axis',(0.,0.,1.));
#11149=DIRECTION('ref_axis',(1.,0.,0.));
#11150=DIRECTION('center_axis',(0.,0.,1.));
#11151=DIRECTION('ref_axis',(1.,0.,0.));
#11152=DIRECTION('center_axis',(0.,0.,1.));
#11153=DIRECTION('ref_axis',(1.,0.,0.));
#11154=DIRECTION('center_axis',(0.,0.,1.));
#11155=DIRECTION('ref_axis',(1.,0.,0.));
#11156=DIRECTION('',(0.,0.,-1.));
#11157=DIRECTION('center_axis',(0.,0.,1.));
#11158=DIRECTION('ref_axis',(1.,0.,0.));
#11159=DIRECTION('center_axis',(-1.,0.,0.));
#11160=DIRECTION('ref_axis',(0.,0.939692620785909,0.342020143325668));
#11161=DIRECTION('center_axis',(0.,1.,0.));
#11162=DIRECTION('ref_axis',(-1.,0.,0.));
#11163=DIRECTION('',(0.,0.,1.));
#11164=DIRECTION('',(-1.,0.,0.));
#11165=DIRECTION('center_axis',(1.,0.,0.));
#11166=DIRECTION('ref_axis',(0.,1.,0.));
#11167=DIRECTION('',(0.,-5.55111512312578E-17,-1.));
#11168=DIRECTION('center_axis',(-1.,0.,0.));
#11169=DIRECTION('ref_axis',(0.,-0.342020143325669,0.939692620785908));
#11170=DIRECTION('',(0.,5.55111512312578E-17,1.));
#11171=DIRECTION('center_axis',(-1.,0.,0.));
#11172=DIRECTION('ref_axis',(0.,-0.342020143325669,0.939692620785908));
#11173=DIRECTION('center_axis',(-1.,0.,0.));
#11174=DIRECTION('ref_axis',(0.,1.,0.));
#11175=DIRECTION('center_axis',(-1.,0.,0.));
#11176=DIRECTION('ref_axis',(0.,0.,1.));
#11177=DIRECTION('center_axis',(-1.,0.,0.));
#11178=DIRECTION('ref_axis',(0.,0.,1.));
#11179=DIRECTION('center_axis',(-1.,0.,0.));
#11180=DIRECTION('ref_axis',(0.,1.,0.));
#11181=DIRECTION('center_axis',(4.36458204604314E-17,1.,-5.55111512312578E-17));
#11182=DIRECTION('ref_axis',(-7.69593574233161E-18,5.55111512312578E-17,
1.));
#11183=DIRECTION('',(1.,0.,0.));
#11184=DIRECTION('',(0.,-5.55111512312578E-17,-1.));
#11185=DIRECTION('',(1.,0.,0.));
#11186=DIRECTION('center_axis',(-4.36458204604314E-17,1.,-5.55111512312578E-17));
#11187=DIRECTION('ref_axis',(-7.69593574233161E-18,5.55111512312578E-17,
1.));
#11188=DIRECTION('',(1.,0.,0.));
#11189=DIRECTION('',(0.,-5.55111512312578E-17,-1.));
#11190=DIRECTION('center_axis',(-1.,0.,0.));
#11191=DIRECTION('ref_axis',(0.,0.939692620785908,0.342020143325668));
#11192=DIRECTION('center_axis',(-1.,0.,0.));
#11193=DIRECTION('ref_axis',(0.,0.939692620785908,0.34202014332567));
#11194=DIRECTION('center_axis',(-1.,0.,0.));
#11195=DIRECTION('ref_axis',(0.,0.939692620785909,0.342020143325668));
#11196=DIRECTION('center_axis',(-1.,0.,0.));
#11197=DIRECTION('ref_axis',(0.,-0.939692620785909,-0.342020143325669));
#11198=DIRECTION('center_axis',(-1.,0.,0.));
#11199=DIRECTION('ref_axis',(0.,-0.939692620785908,-0.342020143325669));
#11200=DIRECTION('center_axis',(-1.,0.,0.));
#11201=DIRECTION('ref_axis',(0.,-0.939692620785908,-0.34202014332567));
#11202=DIRECTION('center_axis',(1.,0.,0.));
#11203=DIRECTION('ref_axis',(0.,0.,-1.));
#11204=DIRECTION('center_axis',(-1.,0.,0.));
#11205=DIRECTION('ref_axis',(0.,0.,1.));
#11206=DIRECTION('center_axis',(-1.,0.,0.));
#11207=DIRECTION('ref_axis',(0.,1.,0.));
#11208=DIRECTION('center_axis',(-1.,0.,0.));
#11209=DIRECTION('ref_axis',(0.,0.,1.));
#11210=DIRECTION('center_axis',(1.,0.,0.));
#11211=DIRECTION('ref_axis',(0.,1.,0.));
#11212=DIRECTION('center_axis',(-1.,0.,0.));
#11213=DIRECTION('ref_axis',(0.,-0.342020143325669,0.939692620785908));
#11214=DIRECTION('center_axis',(-1.,0.,0.));
#11215=DIRECTION('ref_axis',(0.,-0.34202014332567,0.939692620785908));
#11216=DIRECTION('center_axis',(-1.,0.,0.));
#11217=DIRECTION('ref_axis',(0.,1.,0.));
#11218=DIRECTION('center_axis',(-1.,0.,0.));
#11219=DIRECTION('ref_axis',(0.,1.,0.));
#11220=DIRECTION('center_axis',(-1.,0.,0.));
#11221=DIRECTION('ref_axis',(0.,1.,0.));
#11222=DIRECTION('center_axis',(-1.,0.,0.));
#11223=DIRECTION('ref_axis',(0.,0.,1.));
#11224=DIRECTION('center_axis',(1.,0.,0.));
#11225=DIRECTION('ref_axis',(0.,0.,-1.));
#11226=DIRECTION('center_axis',(1.78349080261069E-16,-1.,0.));
#11227=DIRECTION('ref_axis',(1.,1.78349080261069E-16,0.));
#11228=DIRECTION('center_axis',(-2.67523620391604E-16,1.,0.));
#11229=DIRECTION('ref_axis',(-1.,-2.67523620391604E-16,0.));
#11230=CARTESIAN_POINT('',(0.,0.,0.));
#11231=CARTESIAN_POINT('Origin',(-22.,0.,24.75));
#11232=CARTESIAN_POINT('',(-20.1,2.32682891837997E-16,25.));
#11233=CARTESIAN_POINT('Origin',(-22.,0.,25.));
#11234=CARTESIAN_POINT('',(-20.6,-1.71450551880629E-16,24.5));
#11235=CARTESIAN_POINT('',(-20.35,2.02066721859313E-16,24.75));
#11236=CARTESIAN_POINT('',(-23.4,-1.71450551880629E-16,24.5));
#11237=CARTESIAN_POINT('Origin',(-22.,0.,24.5));
#11238=CARTESIAN_POINT('Origin',(-22.,0.,24.5));
#11239=CARTESIAN_POINT('Origin',(0.,0.,25.));
#11240=CARTESIAN_POINT('',(-24.4,24.5,25.));
#11241=CARTESIAN_POINT('',(-10.7,24.5,25.));
#11242=CARTESIAN_POINT('',(12.45,24.5,25.));
#11243=CARTESIAN_POINT('',(-24.5,24.4,25.));
#11244=CARTESIAN_POINT('Origin',(-24.4,24.4,25.));
#11245=CARTESIAN_POINT('',(-24.5,-24.4,25.));
#11246=CARTESIAN_POINT('',(-24.5,12.45,25.));
#11247=CARTESIAN_POINT('',(-24.4,-24.5,25.));
#11248=CARTESIAN_POINT('Origin',(-24.4,-24.4,25.));
#11249=CARTESIAN_POINT('',(3.3,-24.5,25.));
#11250=CARTESIAN_POINT('',(-12.45,-24.5,25.));
#11251=CARTESIAN_POINT('',(3.39999999999999,-24.4,25.));
#11252=CARTESIAN_POINT('Origin',(3.3,-24.4,25.));
#11253=CARTESIAN_POINT('',(3.4,-21.2,25.));
#11254=CARTESIAN_POINT('',(3.40000000000001,-12.45,25.));
#11255=CARTESIAN_POINT('',(10.6,-21.2,25.));
#11256=CARTESIAN_POINT('Origin',(7.,-21.2,25.));
#11257=CARTESIAN_POINT('',(10.6,-24.4,25.));
#11258=CARTESIAN_POINT('',(10.6,-10.6,25.));
#11259=CARTESIAN_POINT('',(10.7,-24.5,25.));
#11260=CARTESIAN_POINT('Origin',(10.7,-24.4,25.));
#11261=CARTESIAN_POINT('',(24.4,-24.5,25.));
#11262=CARTESIAN_POINT('',(-12.45,-24.5,25.));
#11263=CARTESIAN_POINT('',(24.5,-24.4,25.));
#11264=CARTESIAN_POINT('Origin',(24.4,-24.4,25.));
#11265=CARTESIAN_POINT('',(24.5,24.4,25.));
#11266=CARTESIAN_POINT('',(24.5,-12.45,25.));
#11267=CARTESIAN_POINT('',(24.4,24.5,25.));
#11268=CARTESIAN_POINT('Origin',(24.4,24.4,25.));
#11269=CARTESIAN_POINT('',(-3.3,24.5,25.));
#11270=CARTESIAN_POINT('',(12.45,24.5,25.));
#11271=CARTESIAN_POINT('',(-3.4,24.4,25.));
#11272=CARTESIAN_POINT('Origin',(-3.3,24.4,25.));
#11273=CARTESIAN_POINT('',(-3.4,21.2,25.));
#11274=CARTESIAN_POINT('',(-3.40000000000001,12.45,25.));
#11275=CARTESIAN_POINT('',(-10.6,21.2,25.));
#11276=CARTESIAN_POINT('Origin',(-7.,21.2,25.));
#11277=CARTESIAN_POINT('',(-10.6,24.4,25.));
#11278=CARTESIAN_POINT('',(-10.6,10.6,25.));
#11279=CARTESIAN_POINT('Origin',(-10.7,24.4,25.));
#11280=CARTESIAN_POINT('',(23.9,2.32682891837997E-16,25.));
#11281=CARTESIAN_POINT('Origin',(22.,0.,25.));
#11282=CARTESIAN_POINT('',(1.9,22.,25.));
#11283=CARTESIAN_POINT('Origin',(0.,22.,25.));
#11284=CARTESIAN_POINT('',(22.5,20.5,25.));
#11285=CARTESIAN_POINT('Origin',(20.5,20.5,25.));
#11286=CARTESIAN_POINT('',(-18.5,20.5,25.));
#11287=CARTESIAN_POINT('Origin',(-20.5,20.5,25.));
#11288=CARTESIAN_POINT('',(-12.3,12.3244640663633,25.));
#11289=CARTESIAN_POINT('Ctrl Pts',(-12.3,12.3244640663633,25.));
#11290=CARTESIAN_POINT('Ctrl Pts',(-12.0049271197842,12.3244640663633,25.));
#11291=CARTESIAN_POINT('Ctrl Pts',(-11.4166620775047,12.4822293428665,25.));
#11292=CARTESIAN_POINT('Ctrl Pts',(-10.5092069097077,13.3228370247255,25.));
#11293=CARTESIAN_POINT('Ctrl Pts',(-10.1787247531244,14.9908522485828,25.));
#11294=CARTESIAN_POINT('Ctrl Pts',(-11.1178143048574,16.3788900423447,25.));
#11295=CARTESIAN_POINT('Ctrl Pts',(-12.3001385843987,16.6915847653094,25.));
#11296=CARTESIAN_POINT('Ctrl Pts',(-13.4834044934431,16.3790998743124,25.));
#11297=CARTESIAN_POINT('Ctrl Pts',(-14.4192298214789,14.9907231467195,25.));
#11298=CARTESIAN_POINT('Ctrl Pts',(-14.0912000085808,13.3229108900884,25.));
#11299=CARTESIAN_POINT('Ctrl Pts',(-13.1832645930403,12.4821641206291,25.));
#11300=CARTESIAN_POINT('Ctrl Pts',(-12.5950728802158,12.3244640663633,25.));
#11301=CARTESIAN_POINT('Ctrl Pts',(-12.3,12.3244640663633,25.));
#11302=CARTESIAN_POINT('',(17.975,-20.65,25.));
#11303=CARTESIAN_POINT('Origin',(14.5,-20.65,25.));
#11304=CARTESIAN_POINT('',(17.975,20.65,25.));
#11305=CARTESIAN_POINT('Origin',(14.5,20.65,25.));
#11306=CARTESIAN_POINT('',(16.9,-16.3,25.));
#11307=CARTESIAN_POINT('',(-8.8,-16.3,25.));
#11308=CARTESIAN_POINT('',(-4.4,-16.3,25.));
#11309=CARTESIAN_POINT('',(-8.8,16.3,25.));
#11310=CARTESIAN_POINT('',(-8.8,8.15,25.));
#11311=CARTESIAN_POINT('',(16.9,16.3,25.));
#11312=CARTESIAN_POINT('',(8.45,16.3,25.));
#11313=CARTESIAN_POINT('',(16.9,-8.15,25.));
#11314=CARTESIAN_POINT('',(-17.975,20.65,25.));
#11315=CARTESIAN_POINT('Origin',(-14.5,20.65,25.));
#11316=CARTESIAN_POINT('',(-17.975,-20.65,25.));
#11317=CARTESIAN_POINT('Origin',(-14.5,-20.65,25.));
#11318=CARTESIAN_POINT('',(-12.3,-16.6133914573706,25.));
#11319=CARTESIAN_POINT('Ctrl Pts',(-12.3,-16.6133914573706,25.));
#11320=CARTESIAN_POINT('Ctrl Pts',(-12.0049271197842,-16.6133914573706,
25.));
#11321=CARTESIAN_POINT('Ctrl Pts',(-11.4168524319514,-16.455654138239,25.));
#11322=CARTESIAN_POINT('Ctrl Pts',(-10.5087455025623,-15.614874808278,25.));
#11323=CARTESIAN_POINT('Ctrl Pts',(-10.1800868406317,-13.9473823034464,
25.));
#11324=CARTESIAN_POINT('Ctrl Pts',(-11.1174346405717,-12.5586386374875,
25.));
#11325=CARTESIAN_POINT('Ctrl Pts',(-12.2997052993663,-12.2463172222788,
25.));
#11326=CARTESIAN_POINT('Ctrl Pts',(-13.4841863780146,-12.558772552193,25.));
#11327=CARTESIAN_POINT('Ctrl Pts',(-14.4187309179905,-13.9471293104948,
25.));
#11328=CARTESIAN_POINT('Ctrl Pts',(-14.0914070991808,-15.6149279831351,
25.));
#11329=CARTESIAN_POINT('Ctrl Pts',(-13.1831990614208,-16.4556735924848,
25.));
#11330=CARTESIAN_POINT('Ctrl Pts',(-12.5950728802159,-16.6133914573706,
25.));
#11331=CARTESIAN_POINT('Ctrl Pts',(-12.3,-16.6133914573706,25.));
#11332=CARTESIAN_POINT('',(-18.5,-20.5,25.));
#11333=CARTESIAN_POINT('Origin',(-20.5,-20.5,25.));
#11334=CARTESIAN_POINT('',(22.5,-20.5,25.));
#11335=CARTESIAN_POINT('Origin',(20.5,-20.5,25.));
#11336=CARTESIAN_POINT('',(1.9,-22.,25.));
#11337=CARTESIAN_POINT('Origin',(0.,-22.,25.));
#11338=CARTESIAN_POINT('Origin',(-22.,0.,-49.737098141229));
#11339=CARTESIAN_POINT('',(-23.4,-1.03072510700083E-16,20.6));
#11340=CARTESIAN_POINT('',(-23.4,-1.71450551880629E-16,-49.737098141229));
#11341=CARTESIAN_POINT('',(-22.,1.4,20.5523721258642));
#11342=CARTESIAN_POINT('Ctrl Pts',(-22.,1.4,20.5523721258642));
#11343=CARTESIAN_POINT('Ctrl Pts',(-22.1758453376452,1.4,20.5523721258642));
#11344=CARTESIAN_POINT('Ctrl Pts',(-22.3633745316669,1.36484616819041,20.5548612175707));
#11345=CARTESIAN_POINT('Ctrl Pts',(-22.7082895366587,1.22195419609359,20.563850628441));
#11346=CARTESIAN_POINT('Ctrl Pts',(-22.8656799540231,1.11421903329927,20.5702210637155));
#11347=CARTESIAN_POINT('Ctrl Pts',(-23.1142189435203,0.865680043802057,
20.5821786189822));
#11348=CARTESIAN_POINT('Ctrl Pts',(-23.2219541752361,0.708289586371237,
20.5885426296055));
#11349=CARTESIAN_POINT('Ctrl Pts',(-23.3648462020497,0.363374450570596,
20.5975173445159));
#11350=CARTESIAN_POINT('Ctrl Pts',(-23.4,0.175845210605055,20.6));
#11351=CARTESIAN_POINT('Ctrl Pts',(-23.4,3.46944695195361E-16,20.6));
#11352=CARTESIAN_POINT('Ctrl Pts',(-23.4,-3.46944695195361E-17,20.6));
#11353=CARTESIAN_POINT('Ctrl Pts',(-23.4,-0.175845210605055,20.6));
#11354=CARTESIAN_POINT('Ctrl Pts',(-23.3648462020497,-0.363374450570595,
20.5975173445159));
#11355=CARTESIAN_POINT('Ctrl Pts',(-23.2219541752361,-0.708289586371237,
20.5885426296055));
#11356=CARTESIAN_POINT('Ctrl Pts',(-23.1142189435203,-0.865680043802057,
20.5821786189822));
#11357=CARTESIAN_POINT('Ctrl Pts',(-22.8656799540231,-1.11421903329927,
20.5702210637155));
#11358=CARTESIAN_POINT('Ctrl Pts',(-22.7082895366587,-1.22195419609359,
20.563850628441));
#11359=CARTESIAN_POINT('Ctrl Pts',(-22.3633745316669,-1.36484616819041,
20.5548612175707));
#11360=CARTESIAN_POINT('Ctrl Pts',(-22.1758453376452,-1.4,20.5523721258642));
#11361=CARTESIAN_POINT('Ctrl Pts',(-21.8241546623548,-1.4,20.5523721258642));
#11362=CARTESIAN_POINT('Ctrl Pts',(-21.6366254683331,-1.36484616819041,
20.5548612175707));
#11363=CARTESIAN_POINT('Ctrl Pts',(-21.2917104633413,-1.22195419609359,
20.563850628441));
#11364=CARTESIAN_POINT('Ctrl Pts',(-21.1343200459769,-1.11421903329927,
20.5702210637155));
#11365=CARTESIAN_POINT('Ctrl Pts',(-20.8857810564797,-0.865680043802056,
20.5821786189822));
#11366=CARTESIAN_POINT('Ctrl Pts',(-20.7780458247639,-0.708289586371237,
20.5885426296055));
#11367=CARTESIAN_POINT('Ctrl Pts',(-20.6351537979503,-0.363374450570595,
20.5975173445159));
#11368=CARTESIAN_POINT('Ctrl Pts',(-20.6,-0.175845210605055,20.6));
#11369=CARTESIAN_POINT('Ctrl Pts',(-20.6,0.175845210605055,20.6));
#11370=CARTESIAN_POINT('Ctrl Pts',(-20.6351537979503,0.363374450570591,
20.5975173445159));
#11371=CARTESIAN_POINT('Ctrl Pts',(-20.778045824764,0.708289586371232,20.5885426296055));
#11372=CARTESIAN_POINT('Ctrl Pts',(-20.8857810564797,0.865680043802056,
20.5821786189822));
#11373=CARTESIAN_POINT('Ctrl Pts',(-21.1343200459769,1.11421903329927,20.5702210637155));
#11374=CARTESIAN_POINT('Ctrl Pts',(-21.2917104633413,1.22195419609359,20.563850628441));
#11375=CARTESIAN_POINT('Ctrl Pts',(-21.6366254683331,1.36484616819041,20.5548612175707));
#11376=CARTESIAN_POINT('Ctrl Pts',(-21.8241546623548,1.4,20.5523721258642));
#11377=CARTESIAN_POINT('Ctrl Pts',(-22.,1.4,20.5523721258642));
#11378=CARTESIAN_POINT('Origin',(22.,0.,24.75));
#11379=CARTESIAN_POINT('',(23.4,-1.71450551880629E-16,24.5));
#11380=CARTESIAN_POINT('',(23.65,2.02066721859313E-16,24.75));
#11381=CARTESIAN_POINT('',(20.6,-1.71450551880629E-16,24.5));
#11382=CARTESIAN_POINT('Origin',(22.,0.,24.5));
#11383=CARTESIAN_POINT('Origin',(22.,0.,24.5));
#11384=CARTESIAN_POINT('Origin',(22.,0.,-49.737098141229));
#11385=CARTESIAN_POINT('',(20.6,2.09177714975743E-16,22.));
#11386=CARTESIAN_POINT('',(20.6,-1.71450551880629E-16,-49.737098141229));
#11387=CARTESIAN_POINT('',(22.,1.4,21.9554093562384));
#11388=CARTESIAN_POINT('Ctrl Pts',(22.,1.4,21.9554093562384));
#11389=CARTESIAN_POINT('Ctrl Pts',(21.8241618563062,1.4,21.9554093562384));
#11390=CARTESIAN_POINT('Ctrl Pts',(21.6366357470498,1.36484897640654,21.9577391677888));
#11391=CARTESIAN_POINT('Ctrl Pts',(21.2917187521014,1.22195907996539,21.9661543763802));
#11392=CARTESIAN_POINT('Ctrl Pts',(21.1343238315305,1.11422281885279,21.9721183025982));
#11393=CARTESIAN_POINT('Ctrl Pts',(20.8857772501291,0.865676237451385,21.9833136680564));
#11394=CARTESIAN_POINT('Ctrl Pts',(20.7780409362988,0.70828128597231,21.989272321383));
#11395=CARTESIAN_POINT('Ctrl Pts',(20.6351509973232,0.363364190723038,21.9976754696638));
#11396=CARTESIAN_POINT('Ctrl Pts',(20.6,0.175838046089312,22.));
#11397=CARTESIAN_POINT('Ctrl Pts',(20.6,0.,22.));
#11398=CARTESIAN_POINT('Ctrl Pts',(20.6,5.89805981832114E-16,22.));
#11399=CARTESIAN_POINT('Ctrl Pts',(20.6,-0.175838046089311,22.));
#11400=CARTESIAN_POINT('Ctrl Pts',(20.6351509973232,-0.363364190723034,
21.9976754696638));
#11401=CARTESIAN_POINT('Ctrl Pts',(20.7780409362988,-0.708281285972306,
21.989272321383));
#11402=CARTESIAN_POINT('Ctrl Pts',(20.8857772501291,-0.865676237451384,
21.9833136680564));
#11403=CARTESIAN_POINT('Ctrl Pts',(21.1343238315305,-1.11422281885279,21.9721183025982));
#11404=CARTESIAN_POINT('Ctrl Pts',(21.2917187521014,-1.22195907996539,21.9661543763802));
#11405=CARTESIAN_POINT('Ctrl Pts',(21.6366357470498,-1.36484897640654,21.9577391677888));
#11406=CARTESIAN_POINT('Ctrl Pts',(21.8241618563062,-1.4,21.9554093562384));
#11407=CARTESIAN_POINT('Ctrl Pts',(22.1758381436938,-1.4,21.9554093562384));
#11408=CARTESIAN_POINT('Ctrl Pts',(22.3633642529502,-1.36484897640654,21.9577391677888));
#11409=CARTESIAN_POINT('Ctrl Pts',(22.7082812478986,-1.22195907996539,21.9661543763802));
#11410=CARTESIAN_POINT('Ctrl Pts',(22.8656761684695,-1.11422281885279,21.9721183025982));
#11411=CARTESIAN_POINT('Ctrl Pts',(23.1142227498709,-0.865676237451384,
21.9833136680564));
#11412=CARTESIAN_POINT('Ctrl Pts',(23.2219590637012,-0.708281285972309,
21.989272321383));
#11413=CARTESIAN_POINT('Ctrl Pts',(23.3648490026768,-0.363364190723038,
21.9976754696638));
#11414=CARTESIAN_POINT('Ctrl Pts',(23.4,-0.175838046089312,22.));
#11415=CARTESIAN_POINT('Ctrl Pts',(23.4,0.175838046089312,22.));
#11416=CARTESIAN_POINT('Ctrl Pts',(23.3648490026768,0.363364190723038,21.9976754696638));
#11417=CARTESIAN_POINT('Ctrl Pts',(23.2219590637012,0.70828128597231,21.989272321383));
#11418=CARTESIAN_POINT('Ctrl Pts',(23.1142227498709,0.865676237451384,21.9833136680564));
#11419=CARTESIAN_POINT('Ctrl Pts',(22.8656761684695,1.11422281885279,21.9721183025982));
#11420=CARTESIAN_POINT('Ctrl Pts',(22.7082812478986,1.22195907996539,21.9661543763802));
#11421=CARTESIAN_POINT('Ctrl Pts',(22.3633642529502,1.36484897640654,21.9577391677888));
#11422=CARTESIAN_POINT('Ctrl Pts',(22.1758381436938,1.4,21.9554093562384));
#11423=CARTESIAN_POINT('Ctrl Pts',(22.,1.4,21.9554093562384));
#11424=CARTESIAN_POINT('Origin',(0.,-22.,24.75));
#11425=CARTESIAN_POINT('',(1.4,-22.,24.5));
#11426=CARTESIAN_POINT('',(1.65,-22.,24.75));
#11427=CARTESIAN_POINT('',(-1.4,-22.,24.5));
#11428=CARTESIAN_POINT('Origin',(0.,-22.,24.5));
#11429=CARTESIAN_POINT('Origin',(0.,-22.,24.5));
#11430=CARTESIAN_POINT('Origin',(0.,-22.,-49.737098141229));
#11431=CARTESIAN_POINT('',(-1.4,-22.,0.));
#11432=CARTESIAN_POINT('',(-1.4,-22.,-49.737098141229));
#11433=CARTESIAN_POINT('',(-0.979795897113266,-21.,0.));
#11434=CARTESIAN_POINT('Origin',(0.,-22.,0.));
#11435=CARTESIAN_POINT('',(0.979795897113266,-21.,0.));
#11436=CARTESIAN_POINT('Origin',(0.,-22.,-0.990337937660293));
#11437=CARTESIAN_POINT('Origin',(0.,-22.,0.));
#11438=CARTESIAN_POINT('Origin',(0.,22.,24.75));
#11439=CARTESIAN_POINT('',(1.4,22.,24.5));
#11440=CARTESIAN_POINT('',(1.65,22.,24.75));
#11441=CARTESIAN_POINT('',(-1.4,22.,24.5));
#11442=CARTESIAN_POINT('Origin',(0.,22.,24.5));
#11443=CARTESIAN_POINT('Origin',(0.,22.,24.5));
#11444=CARTESIAN_POINT('Origin',(0.,22.,-49.737098141229));
#11445=CARTESIAN_POINT('',(-1.4,22.,0.));
#11446=CARTESIAN_POINT('',(-1.4,22.,-49.737098141229));
#11447=CARTESIAN_POINT('',(0.97979589711327,21.,0.));
#11448=CARTESIAN_POINT('Origin',(0.,22.,0.));
#11449=CARTESIAN_POINT('',(-0.97979589711327,21.,0.));
#11450=CARTESIAN_POINT('Origin',(0.,22.,-0.990337937660275));
#11451=CARTESIAN_POINT('Origin',(0.,22.,0.));
#11452=CARTESIAN_POINT('Origin',(-7.5,-20.7980582524272,0.199990573818777));
#11453=CARTESIAN_POINT('',(-4.80000000000001,-21.,0.));
#11454=CARTESIAN_POINT('',(-7.5,-21.,0.));
#11455=CARTESIAN_POINT('',(-4.80000000000001,-20.5961165048544,0.399981147637552));
#11456=CARTESIAN_POINT('',(-4.80000000000001,-20.5961165048544,0.399981147637552));
#11457=CARTESIAN_POINT('',(4.8,-20.5961165048544,0.399981147637553));
#11458=CARTESIAN_POINT('',(-7.5,-20.5961165048544,0.399981147637553));
#11459=CARTESIAN_POINT('',(4.8,-21.,0.));
#11460=CARTESIAN_POINT('',(4.8,-20.5961165048544,0.399981147637553));
#11461=CARTESIAN_POINT('',(-7.5,-21.,0.));
#11462=CARTESIAN_POINT('Origin',(-7.5,20.7980582524272,0.199990573818776));
#11463=CARTESIAN_POINT('',(4.8,21.,0.));
#11464=CARTESIAN_POINT('',(-7.5,21.,0.));
#11465=CARTESIAN_POINT('',(4.8,20.5961165048544,0.399981147637555));
#11466=CARTESIAN_POINT('',(4.8,20.5961165048544,0.399981147637555));
#11467=CARTESIAN_POINT('',(-4.8,20.5961165048544,0.399981147637553));
#11468=CARTESIAN_POINT('',(-7.5,20.5961165048544,0.399981147637553));
#11469=CARTESIAN_POINT('',(-4.8,21.,0.));
#11470=CARTESIAN_POINT('',(-4.8,20.5961165048544,0.399981147637553));
#11471=CARTESIAN_POINT('',(-7.5,21.,0.));
#11472=CARTESIAN_POINT('Origin',(20.5,-20.5,24.75));
#11473=CARTESIAN_POINT('',(22.,-20.5,24.5));
#11474=CARTESIAN_POINT('',(22.25,-20.5,24.75));
#11475=CARTESIAN_POINT('',(19.,-20.5,24.5));
#11476=CARTESIAN_POINT('Origin',(20.5,-20.5,24.5));
#11477=CARTESIAN_POINT('Origin',(20.5,-20.5,24.5));
#11478=CARTESIAN_POINT('Origin',(20.5,-20.5,-49.737098141229));
#11479=CARTESIAN_POINT('',(19.,-20.5,7.04561495250878));
#11480=CARTESIAN_POINT('',(19.,-20.5,-49.737098141229));
#11481=CARTESIAN_POINT('',(19.1825672610539,-19.7828033893325,7.04561495250878));
#11482=CARTESIAN_POINT('Origin',(20.5,-20.5,7.04561495250878));
#11483=CARTESIAN_POINT('',(21.8174327389461,-19.7828033893325,7.04561495250878));
#11484=CARTESIAN_POINT('Ctrl Pts',(21.8174327389461,-19.7828033893325,7.04561495250878));
#11485=CARTESIAN_POINT('Ctrl Pts',(21.7908704549546,-19.7340106008125,7.18261621479963));
#11486=CARTESIAN_POINT('Ctrl Pts',(21.7603504831459,-19.684328535255,7.31760580098651));
#11487=CARTESIAN_POINT('Ctrl Pts',(21.6664320814834,-19.5515078578676,7.66763145457222));
#11488=CARTESIAN_POINT('Ctrl Pts',(21.588313455416,-19.4583906276608,7.90105879913435));
#11489=CARTESIAN_POINT('Ctrl Pts',(21.3780588768039,-19.2759130442581,8.33635845397487));
#11490=CARTESIAN_POINT('Ctrl Pts',(21.2469850990665,-19.186443891245,8.53869741781481));
#11491=CARTESIAN_POINT('Ctrl Pts',(21.0041307749998,-19.0849676646502,8.76182720177833));
#11492=CARTESIAN_POINT('Ctrl Pts',(20.9138853955858,-19.0546379891108,8.82741876613007));
#11493=CARTESIAN_POINT('Ctrl Pts',(20.7147149946296,-19.0119575809778,8.91896964682079));
#11494=CARTESIAN_POINT('Ctrl Pts',(20.6054046248053,-19.,8.94427190999914));
#11495=CARTESIAN_POINT('Ctrl Pts',(20.3945953751947,-19.,8.94427190999914));
#11496=CARTESIAN_POINT('Ctrl Pts',(20.2852850053704,-19.0119575809778,8.91896964682079));
#11497=CARTESIAN_POINT('Ctrl Pts',(20.0861146044142,-19.0546379891108,8.82741876613007));
#11498=CARTESIAN_POINT('Ctrl Pts',(19.9958692250002,-19.0849676646502,8.76182720177833));
#11499=CARTESIAN_POINT('Ctrl Pts',(19.7530149009335,-19.186443891245,8.5386974178148));
#11500=CARTESIAN_POINT('Ctrl Pts',(19.6219411231961,-19.2759130442581,8.33635845397487));
#11501=CARTESIAN_POINT('Ctrl Pts',(19.411686544584,-19.4583906276608,7.90105879913434));
#11502=CARTESIAN_POINT('Ctrl Pts',(19.3335679185166,-19.5515078578676,7.66763145457222));
#11503=CARTESIAN_POINT('Ctrl Pts',(19.2396495168541,-19.684328535255,7.3176058009865));
#11504=CARTESIAN_POINT('Ctrl Pts',(19.2091295450454,-19.7340106008125,7.18261621479962));
#11505=CARTESIAN_POINT('Ctrl Pts',(19.1825672610539,-19.7828033893325,7.04561495250877));
#11506=CARTESIAN_POINT('',(21.9606581053769,-20.8412885863851,7.04561495250878));
#11507=CARTESIAN_POINT('Origin',(20.5,-20.5,7.04561495250878));
#11508=CARTESIAN_POINT('',(20.5,-22.,0.));
#11509=CARTESIAN_POINT('Ctrl Pts',(20.5,-22.,0.));
#11510=CARTESIAN_POINT('Ctrl Pts',(20.7463614655875,-22.,0.943492581840047));
#11511=CARTESIAN_POINT('Ctrl Pts',(21.0175934672339,-21.9355445557815,1.97777321949115));
#11512=CARTESIAN_POINT('Ctrl Pts',(21.5013794080566,-21.6514848999199,4.03644852798834));
#11513=CARTESIAN_POINT('Ctrl Pts',(21.7117704141903,-21.4316756686741,5.06132259510533));
#11514=CARTESIAN_POINT('Ctrl Pts',(21.8905209189247,-21.0726473629887,6.32989052849468));
#11515=CARTESIAN_POINT('Ctrl Pts',(21.9322130996791,-20.9630284563589,6.68550220441013));
#11516=CARTESIAN_POINT('Ctrl Pts',(21.9606581053769,-20.8412885863851,7.04561495250877));
#11517=CARTESIAN_POINT('',(19.0393418946231,-20.8412885863851,7.04561495250878));
#11518=CARTESIAN_POINT('Ctrl Pts',(19.0393418946231,-20.8412885863851,7.04561495250877));
#11519=CARTESIAN_POINT('Ctrl Pts',(19.0677869003209,-20.9630284563589,6.68550220441013));
#11520=CARTESIAN_POINT('Ctrl Pts',(19.1094790810753,-21.0726473629887,6.32989052849468));
#11521=CARTESIAN_POINT('Ctrl Pts',(19.2882295858098,-21.4316756686741,5.06132259510533));
#11522=CARTESIAN_POINT('Ctrl Pts',(19.4986205919434,-21.6514848999199,4.03644852798834));
#11523=CARTESIAN_POINT('Ctrl Pts',(19.9824065327661,-21.9355445557815,1.97777321949115));
#11524=CARTESIAN_POINT('Ctrl Pts',(20.2536385344125,-22.,0.943492581840046));
#11525=CARTESIAN_POINT('Ctrl Pts',(20.5,-22.,0.));
#11526=CARTESIAN_POINT('Origin',(20.5,-20.5,7.04561495250878));
#11527=CARTESIAN_POINT('Origin',(20.5,20.5,24.75));
#11528=CARTESIAN_POINT('',(22.,20.5,24.5));
#11529=CARTESIAN_POINT('',(22.25,20.5,24.75));
#11530=CARTESIAN_POINT('',(19.,20.5,24.5));
#11531=CARTESIAN_POINT('Origin',(20.5,20.5,24.5));
#11532=CARTESIAN_POINT('Origin',(20.5,20.5,24.5));
#11533=CARTESIAN_POINT('Origin',(20.5,20.5,-49.737098141229));
#11534=CARTESIAN_POINT('',(19.,20.5,7.04561495250877));
#11535=CARTESIAN_POINT('',(19.,20.5,-49.737098141229));
#11536=CARTESIAN_POINT('',(19.0393418946231,20.8412885863851,7.04561495250877));
#11537=CARTESIAN_POINT('Origin',(20.5,20.5,7.04561495250877));
#11538=CARTESIAN_POINT('',(20.5,22.,0.));
#11539=CARTESIAN_POINT('Ctrl Pts',(20.5,22.,0.));
#11540=CARTESIAN_POINT('Ctrl Pts',(20.2536385344125,22.,0.943492581840045));
#11541=CARTESIAN_POINT('Ctrl Pts',(19.9824065327661,21.9355445557815,1.97777321949115));
#11542=CARTESIAN_POINT('Ctrl Pts',(19.4986205919434,21.6514848999199,4.03644852798833));
#11543=CARTESIAN_POINT('Ctrl Pts',(19.2882295858098,21.4316756686741,5.06132259510532));
#11544=CARTESIAN_POINT('Ctrl Pts',(19.1094790810753,21.0726473629887,6.32989052849467));
#11545=CARTESIAN_POINT('Ctrl Pts',(19.0677869003209,20.9630284563589,6.68550220441012));
#11546=CARTESIAN_POINT('Ctrl Pts',(19.0393418946231,20.8412885863851,7.04561495250877));
#11547=CARTESIAN_POINT('',(21.9606581053769,20.8412885863851,7.04561495250877));
#11548=CARTESIAN_POINT('Ctrl Pts',(21.9606581053769,20.8412885863851,7.04561495250877));
#11549=CARTESIAN_POINT('Ctrl Pts',(21.9322130996791,20.9630284563589,6.68550220441012));
#11550=CARTESIAN_POINT('Ctrl Pts',(21.8905209189247,21.0726473629887,6.32989052849467));
#11551=CARTESIAN_POINT('Ctrl Pts',(21.7117704141903,21.4316756686741,5.06132259510532));
#11552=CARTESIAN_POINT('Ctrl Pts',(21.5013794080566,21.6514848999199,4.03644852798833));
#11553=CARTESIAN_POINT('Ctrl Pts',(21.0175934672339,21.9355445557815,1.97777321949115));
#11554=CARTESIAN_POINT('Ctrl Pts',(20.7463614655875,22.,0.943492581840044));
#11555=CARTESIAN_POINT('Ctrl Pts',(20.5,22.,0.));
#11556=CARTESIAN_POINT('',(21.8174327389461,19.7828033893325,7.04561495250877));
#11557=CARTESIAN_POINT('Origin',(20.5,20.5,7.04561495250877));
#11558=CARTESIAN_POINT('',(19.1825672610539,19.7828033893325,7.04561495250877));
#11559=CARTESIAN_POINT('Ctrl Pts',(19.1825672610539,19.7828033893325,7.04561495250877));
#11560=CARTESIAN_POINT('Ctrl Pts',(19.2091295450454,19.7340106008125,7.18261621479962));
#11561=CARTESIAN_POINT('Ctrl Pts',(19.2396495168541,19.684328535255,7.31760580098651));
#11562=CARTESIAN_POINT('Ctrl Pts',(19.3335679185166,19.5515078578676,7.66763145457222));
#11563=CARTESIAN_POINT('Ctrl Pts',(19.411686544584,19.4583906276608,7.90105879913434));
#11564=CARTESIAN_POINT('Ctrl Pts',(19.6219411231961,19.2759130442581,8.33635845397487));
#11565=CARTESIAN_POINT('Ctrl Pts',(19.7530149009335,19.186443891245,8.5386974178148));
#11566=CARTESIAN_POINT('Ctrl Pts',(19.9958692250002,19.0849676646502,8.76182720177833));
#11567=CARTESIAN_POINT('Ctrl Pts',(20.0861146044142,19.0546379891108,8.82741876613007));
#11568=CARTESIAN_POINT('Ctrl Pts',(20.2852850053704,19.0119575809778,8.91896964682079));
#11569=CARTESIAN_POINT('Ctrl Pts',(20.3945953751947,19.,8.94427190999914));
#11570=CARTESIAN_POINT('Ctrl Pts',(20.6054046248053,19.,8.94427190999914));
#11571=CARTESIAN_POINT('Ctrl Pts',(20.7147149946296,19.0119575809778,8.91896964682079));
#11572=CARTESIAN_POINT('Ctrl Pts',(20.9138853955858,19.0546379891108,8.82741876613007));
#11573=CARTESIAN_POINT('Ctrl Pts',(21.0041307749998,19.0849676646502,8.76182720177833));
#11574=CARTESIAN_POINT('Ctrl Pts',(21.2469850990665,19.186443891245,8.5386974178148));
#11575=CARTESIAN_POINT('Ctrl Pts',(21.3780588768039,19.2759130442581,8.33635845397487));
#11576=CARTESIAN_POINT('Ctrl Pts',(21.588313455416,19.4583906276608,7.90105879913434));
#11577=CARTESIAN_POINT('Ctrl Pts',(21.6664320814834,19.5515078578676,7.66763145457222));
#11578=CARTESIAN_POINT('Ctrl Pts',(21.7603504831459,19.684328535255,7.3176058009865));
#11579=CARTESIAN_POINT('Ctrl Pts',(21.7908704549546,19.7340106008125,7.18261621479962));
#11580=CARTESIAN_POINT('Ctrl Pts',(21.8174327389461,19.7828033893325,7.04561495250877));
#11581=CARTESIAN_POINT('Origin',(20.5,20.5,7.04561495250877));
#11582=CARTESIAN_POINT('Origin',(-20.5,-20.5,24.75));
#11583=CARTESIAN_POINT('',(-19.,-20.5,24.5));
#11584=CARTESIAN_POINT('',(-18.75,-20.5,24.75));
#11585=CARTESIAN_POINT('',(-22.,-20.5,24.5));
#11586=CARTESIAN_POINT('Origin',(-20.5,-20.5,24.5));
#11587=CARTESIAN_POINT('Origin',(-20.5,-20.5,24.5));
#11588=CARTESIAN_POINT('Origin',(-20.5,-20.5,-49.737098141229));
#11589=CARTESIAN_POINT('',(-22.,-20.499999999998,2.02731349331181));
#11590=CARTESIAN_POINT('',(-22.,-20.5,-49.737098141229));
#11591=CARTESIAN_POINT('',(-21.4721510041107,-19.3576679881897,7.04561495250878));
#11592=CARTESIAN_POINT('Ctrl Pts',(-21.4721510041107,-19.3576679881897,
7.04561495250878));
#11593=CARTESIAN_POINT('Ctrl Pts',(-21.5198806528645,-19.3982870249339,
6.93401506625406));
#11594=CARTESIAN_POINT('Ctrl Pts',(-21.5606674901673,-19.4381260785788,
6.8214564916093));
#11595=CARTESIAN_POINT('Ctrl Pts',(-21.7542550781021,-19.6450799152599,
6.22111006011975));
#11596=CARTESIAN_POINT('Ctrl Pts',(-21.8387017066501,-19.8063222891191,
5.69151153013566));
#11597=CARTESIAN_POINT('Ctrl Pts',(-21.9510126549418,-20.09027670457,4.58960653828332));
#11598=CARTESIAN_POINT('Ctrl Pts',(-21.9756275918505,-20.2131046583434,
4.01700117389861));
#11599=CARTESIAN_POINT('Ctrl Pts',(-21.9981237683491,-20.3904527087553,
2.96898309153795));
#11600=CARTESIAN_POINT('Ctrl Pts',(-22.,-20.4536202314932,2.49630127317133));
#11601=CARTESIAN_POINT('Ctrl Pts',(-22.,-20.499999999996,2.02731349331181));
#11602=CARTESIAN_POINT('',(-19.5278489958893,-19.3576679881897,7.04561495250878));
#11603=CARTESIAN_POINT('Origin',(-20.5,-20.5,7.04561495250878));
#11604=CARTESIAN_POINT('',(-19.0030826283677,-20.5961165048544,0.399981147637556));
#11605=CARTESIAN_POINT('Ctrl Pts',(-19.0030826283677,-20.5961165048544,
0.399981147637556));
#11606=CARTESIAN_POINT('Ctrl Pts',(-19.0018647125653,-20.5771486977685,
1.37668509203724));
#11607=CARTESIAN_POINT('Ctrl Pts',(-18.990045576856,-20.4837193828997,2.41783431511829));
#11608=CARTESIAN_POINT('Ctrl Pts',(-19.0243724081495,-20.2131046583434,
4.01700117389862));
#11609=CARTESIAN_POINT('Ctrl Pts',(-19.0489873450582,-20.09027670457,4.58960653828332));
#11610=CARTESIAN_POINT('Ctrl Pts',(-19.1612982933499,-19.8063222891191,
5.69151153013566));
#11611=CARTESIAN_POINT('Ctrl Pts',(-19.2457449218979,-19.6450799152599,
6.22111006011975));
#11612=CARTESIAN_POINT('Ctrl Pts',(-19.4393325098327,-19.4381260785788,
6.8214564916093));
#11613=CARTESIAN_POINT('Ctrl Pts',(-19.4801193471355,-19.3982870249339,
6.93401506625406));
#11614=CARTESIAN_POINT('Ctrl Pts',(-19.5278489958893,-19.3576679881897,
7.04561495250878));
#11615=CARTESIAN_POINT('',(-19.0857864376269,-21.,0.));
#11616=CARTESIAN_POINT('Origin',(-20.5,-20.5,0.495168968830138));
#11617=CARTESIAN_POINT('',(-21.9142135623731,-21.,0.));
#11618=CARTESIAN_POINT('Origin',(-20.5,-20.5,0.));
#11619=CARTESIAN_POINT('',(-21.9969173716323,-20.5961165048544,0.399981147637556));
#11620=CARTESIAN_POINT('Origin',(-20.5,-20.5,0.495168968830138));
#11621=CARTESIAN_POINT('Ctrl Pts',(-22.,-20.499999999996,2.02731349331181));
#11622=CARTESIAN_POINT('Ctrl Pts',(-22.,-20.5546048156217,1.47515482420649));
#11623=CARTESIAN_POINT('Ctrl Pts',(-21.9975759282666,-20.5858601511971,
0.928108675864622));
#11624=CARTESIAN_POINT('Ctrl Pts',(-21.9969173716323,-20.5961165048544,
0.399981147637556));
#11625=CARTESIAN_POINT('Origin',(-20.5,20.5,24.75));
#11626=CARTESIAN_POINT('',(-19.,20.5,24.5));
#11627=CARTESIAN_POINT('',(-18.75,20.5,24.75));
#11628=CARTESIAN_POINT('',(-22.,20.5,24.5));
#11629=CARTESIAN_POINT('Origin',(-20.5,20.5,24.5));
#11630=CARTESIAN_POINT('Origin',(-20.5,20.5,24.5));
#11631=CARTESIAN_POINT('Origin',(-20.5,20.5,-49.737098141229));
#11632=CARTESIAN_POINT('',(-22.,20.499999999998,2.02731349331179));
#11633=CARTESIAN_POINT('',(-22.,20.5,-49.737098141229));
#11634=CARTESIAN_POINT('',(-21.9969173716323,20.5961165048544,0.399981147637556));
#11635=CARTESIAN_POINT('Ctrl Pts',(-21.9969173716323,20.5961165048544,0.399981147637556));
#11636=CARTESIAN_POINT('Ctrl Pts',(-21.9975759282666,20.5858601511971,0.928108675864616));
#11637=CARTESIAN_POINT('Ctrl Pts',(-22.0000000000002,20.5546048156217,1.47515482420647));
#11638=CARTESIAN_POINT('Ctrl Pts',(-22.,20.499999999996,2.02731349331179));
#11639=CARTESIAN_POINT('',(-21.9142135623731,21.,0.));
#11640=CARTESIAN_POINT('Origin',(-20.5,20.5,0.495168968830129));
#11641=CARTESIAN_POINT('',(-19.0857864376269,21.,0.));
#11642=CARTESIAN_POINT('Origin',(-20.5,20.5,0.));
#11643=CARTESIAN_POINT('',(-19.0030826283677,20.5961165048544,0.399981147637556));
#11644=CARTESIAN_POINT('Origin',(-20.5,20.5,0.495168968830129));
#11645=CARTESIAN_POINT('',(-19.5278489958893,19.3576679881897,7.04561495250877));
#11646=CARTESIAN_POINT('Ctrl Pts',(-19.5278489958893,19.3576679881897,7.04561495250876));
#11647=CARTESIAN_POINT('Ctrl Pts',(-19.4801193471356,19.3982870249339,6.93401506625406));
#11648=CARTESIAN_POINT('Ctrl Pts',(-19.4393325098327,19.4381260785788,6.8214564916093));
#11649=CARTESIAN_POINT('Ctrl Pts',(-19.2457449218979,19.6450799152599,6.22111006011975));
#11650=CARTESIAN_POINT('Ctrl Pts',(-19.1612982933499,19.8063222891191,5.69151153013565));
#11651=CARTESIAN_POINT('Ctrl Pts',(-19.0489873450582,20.09027670457,4.58960653828331));
#11652=CARTESIAN_POINT('Ctrl Pts',(-19.0243724081495,20.2131046583434,4.01700117389861));
#11653=CARTESIAN_POINT('Ctrl Pts',(-18.990045576856,20.4837193828997,2.41783431511828));
#11654=CARTESIAN_POINT('Ctrl Pts',(-19.0018647125653,20.5771486977685,1.37668509203724));
#11655=CARTESIAN_POINT('Ctrl Pts',(-19.0030826283677,20.5961165048544,0.399981147637555));
#11656=CARTESIAN_POINT('',(-21.4721510041107,19.3576679881897,7.04561495250877));
#11657=CARTESIAN_POINT('Origin',(-20.5,20.5,7.04561495250877));
#11658=CARTESIAN_POINT('Ctrl Pts',(-22.,20.499999999996,2.02731349331179));
#11659=CARTESIAN_POINT('Ctrl Pts',(-21.9999999999999,20.4536202314932,2.49630127317132));
#11660=CARTESIAN_POINT('Ctrl Pts',(-21.9981237683491,20.3904527087553,2.96898309153794));
#11661=CARTESIAN_POINT('Ctrl Pts',(-21.9756275918505,20.2131046583434,4.01700117389861));
#11662=CARTESIAN_POINT('Ctrl Pts',(-21.9510126549418,20.09027670457,4.58960653828331));
#11663=CARTESIAN_POINT('Ctrl Pts',(-21.8387017066501,19.8063222891191,5.69151153013565));
#11664=CARTESIAN_POINT('Ctrl Pts',(-21.7542550781021,19.6450799152599,6.22111006011975));
#11665=CARTESIAN_POINT('Ctrl Pts',(-21.5606674901673,19.4381260785788,6.8214564916093));
#11666=CARTESIAN_POINT('Ctrl Pts',(-21.5198806528645,19.3982870249339,6.93401506625406));
#11667=CARTESIAN_POINT('Ctrl Pts',(-21.4721510041107,19.3576679881897,7.04561495250877));
#11668=CARTESIAN_POINT('Origin',(0.,2.22044604925031E-15,0.));
#11669=CARTESIAN_POINT('',(4.89999712455957,-21.0992416598272,0.));
#11670=CARTESIAN_POINT('Ctrl Pts',(4.89999712455957,-21.0992416598272,0.));
#11671=CARTESIAN_POINT('Ctrl Pts',(4.89979955004213,-21.0731888614417,0.));
#11672=CARTESIAN_POINT('Ctrl Pts',(4.87798211664991,-21.0214242542331,0.));
#11673=CARTESIAN_POINT('Ctrl Pts',(4.82605354753967,-21.,0.));
#11674=CARTESIAN_POINT('Ctrl Pts',(4.8,-21.,0.));
#11675=CARTESIAN_POINT('',(4.9,-21.1,0.));
#11676=CARTESIAN_POINT('Ctrl Pts',(4.9,-21.1,0.));
#11677=CARTESIAN_POINT('Ctrl Pts',(4.9,-21.0997472175195,0.));
#11678=CARTESIAN_POINT('Ctrl Pts',(4.89999904151067,-21.099494435039,0.));
#11679=CARTESIAN_POINT('Ctrl Pts',(4.89999712455957,-21.0992416598272,0.));
#11680=CARTESIAN_POINT('',(4.9,-21.2,0.));
#11681=CARTESIAN_POINT('',(4.9,1.56655271523151E-16,0.));
#11682=CARTESIAN_POINT('',(9.1,-21.2,0.));
#11683=CARTESIAN_POINT('Origin',(7.,-21.2,0.));
#11684=CARTESIAN_POINT('',(9.1,-21.1,0.));
#11685=CARTESIAN_POINT('',(9.1,-10.6,0.));
#11686=CARTESIAN_POINT('',(9.10000287544042,-21.0992416598272,0.));
#11687=CARTESIAN_POINT('Ctrl Pts',(9.10000287544042,-21.0992416598272,0.));
#11688=CARTESIAN_POINT('Ctrl Pts',(9.10000095848932,-21.099494435039,0.));
#11689=CARTESIAN_POINT('Ctrl Pts',(9.09999999999999,-21.0997472175195,0.));
#11690=CARTESIAN_POINT('Ctrl Pts',(9.09999999999999,-21.1,0.));
#11691=CARTESIAN_POINT('',(9.19999999999999,-21.,0.));
#11692=CARTESIAN_POINT('Ctrl Pts',(9.2,-21.,0.));
#11693=CARTESIAN_POINT('Ctrl Pts',(9.17394645246032,-21.,0.));
#11694=CARTESIAN_POINT('Ctrl Pts',(9.12202104886428,-21.0214274438444,0.));
#11695=CARTESIAN_POINT('Ctrl Pts',(9.10020044995786,-21.0731888614417,0.));
#11696=CARTESIAN_POINT('Ctrl Pts',(9.10000287544042,-21.0992416598272,0.));
#11697=CARTESIAN_POINT('',(9.40000000000001,-21.,0.));
#11698=CARTESIAN_POINT('',(-7.5,-21.,0.));
#11699=CARTESIAN_POINT('',(9.49999712455958,-21.0992416598272,0.));
#11700=CARTESIAN_POINT('Ctrl Pts',(9.49999712455958,-21.0992416598272,0.));
#11701=CARTESIAN_POINT('Ctrl Pts',(9.49979955004214,-21.0731888614417,0.));
#11702=CARTESIAN_POINT('Ctrl Pts',(9.4779779095537,-21.0214284933554,0.));
#11703=CARTESIAN_POINT('Ctrl Pts',(9.42605354753968,-21.,0.));
#11704=CARTESIAN_POINT('Ctrl Pts',(9.40000000000001,-21.,0.));
#11705=CARTESIAN_POINT('',(9.50000000000001,-21.1,0.));
#11706=CARTESIAN_POINT('Ctrl Pts',(9.50000000000001,-21.1,0.));
#11707=CARTESIAN_POINT('Ctrl Pts',(9.50000000000001,-21.0997472175195,0.));
#11708=CARTESIAN_POINT('Ctrl Pts',(9.49999904151067,-21.099494435039,0.));
#11709=CARTESIAN_POINT('Ctrl Pts',(9.49999712455958,-21.0992416598272,0.));
#11710=CARTESIAN_POINT('',(9.50000000000001,-22.,0.));
#11711=CARTESIAN_POINT('',(9.50000000000001,-9.67883399409485,0.));
#11712=CARTESIAN_POINT('',(16.9,-22.,0.));
#11713=CARTESIAN_POINT('',(23.9,-22.,0.));
#11714=CARTESIAN_POINT('',(16.9,-22.,0.));
#11715=CARTESIAN_POINT('',(23.9,-20.,0.));
#11716=CARTESIAN_POINT('',(23.9,10.75,0.));
#11717=CARTESIAN_POINT('',(24.5,-20.,0.));
#11718=CARTESIAN_POINT('',(24.4,-20.,0.));
#11719=CARTESIAN_POINT('',(24.5,-24.4,0.));
#11720=CARTESIAN_POINT('',(24.5,-12.45,0.));
#11721=CARTESIAN_POINT('',(24.4,-24.5,0.));
#11722=CARTESIAN_POINT('Origin',(24.4,-24.4,0.));
#11723=CARTESIAN_POINT('',(-24.4,-24.5,0.));
#11724=CARTESIAN_POINT('',(-12.45,-24.5,0.));
#11725=CARTESIAN_POINT('',(-24.5,-24.4,0.));
#11726=CARTESIAN_POINT('Origin',(-24.4,-24.4,0.));
#11727=CARTESIAN_POINT('',(-24.5,-21.,0.));
#11728=CARTESIAN_POINT('',(-24.5,12.45,0.));
#11729=CARTESIAN_POINT('',(-7.5,-21.,0.));
#11730=CARTESIAN_POINT('',(-9.2,-21.,0.));
#11731=CARTESIAN_POINT('',(-7.5,-21.,0.));
#11732=CARTESIAN_POINT('',(-9.10000287544043,-21.0992416598272,0.));
#11733=CARTESIAN_POINT('Ctrl Pts',(-9.10000287544043,-21.0992416598272,
0.));
#11734=CARTESIAN_POINT('Ctrl Pts',(-9.10020044995787,-21.0731888614417,
0.));
#11735=CARTESIAN_POINT('Ctrl Pts',(-9.12202104886429,-21.0214274438444,
0.));
#11736=CARTESIAN_POINT('Ctrl Pts',(-9.17394645246033,-21.,0.));
#11737=CARTESIAN_POINT('Ctrl Pts',(-9.2,-21.,0.));
#11738=CARTESIAN_POINT('',(-9.1,-21.1,0.));
#11739=CARTESIAN_POINT('Ctrl Pts',(-9.1,-21.1,0.));
#11740=CARTESIAN_POINT('Ctrl Pts',(-9.1,-21.0997472175195,0.));
#11741=CARTESIAN_POINT('Ctrl Pts',(-9.10000095848934,-21.099494435039,0.));
#11742=CARTESIAN_POINT('Ctrl Pts',(-9.10000287544043,-21.0992416598272,
0.));
#11743=CARTESIAN_POINT('',(-9.1,-21.2,0.));
#11744=CARTESIAN_POINT('',(-9.1,2.72215721250675E-15,0.));
#11745=CARTESIAN_POINT('',(-4.9,-21.2,0.));
#11746=CARTESIAN_POINT('Origin',(-7.,-21.2,0.));
#11747=CARTESIAN_POINT('',(-4.9,-21.1,0.));
#11748=CARTESIAN_POINT('',(-4.9,-10.6,0.));
#11749=CARTESIAN_POINT('',(-4.89999712455958,-21.0992416598272,0.));
#11750=CARTESIAN_POINT('Ctrl Pts',(-4.89999712455958,-21.0992416598272,
0.));
#11751=CARTESIAN_POINT('Ctrl Pts',(-4.89999904151068,-21.099494435039,0.));
#11752=CARTESIAN_POINT('Ctrl Pts',(-4.90000000000001,-21.0997472175195,
0.));
#11753=CARTESIAN_POINT('Ctrl Pts',(-4.90000000000001,-21.1,0.));
#11754=CARTESIAN_POINT('Ctrl Pts',(-4.80000000000001,-21.,0.));
#11755=CARTESIAN_POINT('Ctrl Pts',(-4.82605354753968,-21.,0.));
#11756=CARTESIAN_POINT('Ctrl Pts',(-4.87798211664992,-21.0214242542331,
0.));
#11757=CARTESIAN_POINT('Ctrl Pts',(-4.89979955004214,-21.0731888614417,
0.));
#11758=CARTESIAN_POINT('Ctrl Pts',(-4.89999712455958,-21.0992416598272,
0.));
#11759=CARTESIAN_POINT('Origin',(-7.5,-20.7980582524272,0.199990573818777));
#11760=CARTESIAN_POINT('',(-9.2,-20.5961165048544,0.399981147637553));
#11761=CARTESIAN_POINT('',(-7.5,-20.5961165048544,0.399981147637553));
#11762=CARTESIAN_POINT('',(-9.2,-20.5961165048544,0.399981147637553));
#11763=CARTESIAN_POINT('Origin',(-7.5,0.,0.));
#11764=CARTESIAN_POINT('',(-9.2,-19.3576679881897,7.04561495250878));
#11765=CARTESIAN_POINT('',(-24.9,-19.3576679881897,7.04561495250878));
#11766=CARTESIAN_POINT('Origin',(-9.2,0.,0.));
#11767=CARTESIAN_POINT('Origin',(16.9,0.,0.));
#11768=CARTESIAN_POINT('',(9.90000000000001,-21.996363335788,0.4));
#11769=CARTESIAN_POINT('Origin',(9.50000000000001,0.,0.));
#11770=CARTESIAN_POINT('',(9.90000000000001,-20.8412885863851,7.04561495250878));
#11771=CARTESIAN_POINT('Origin',(9.90000000000001,-4.43887658127151E-14,
-7.88586683456203E-15));
#11772=CARTESIAN_POINT('',(16.9,-20.8412885863851,7.04561495250878));
#11773=CARTESIAN_POINT('Origin',(18.572213808657,0.,0.));
#11774=CARTESIAN_POINT('',(15.244427617314,-19.7828033893325,7.04561495250878));
#11775=CARTESIAN_POINT('',(18.572213808657,-19.7828033893325,7.04561495250878));
#11776=CARTESIAN_POINT('',(15.244427617314,-16.3,13.2404682696648));
#11777=CARTESIAN_POINT('Origin',(15.244427617314,0.,0.));
#11778=CARTESIAN_POINT('',(16.9,-16.3,13.2404682696648));
#11779=CARTESIAN_POINT('',(18.572213808657,-16.3,13.2404682696648));
#11780=CARTESIAN_POINT('',(16.9,-7.04561495250877,19.7828033893325));
#11781=CARTESIAN_POINT('Origin',(16.9,0.,0.));
#11782=CARTESIAN_POINT('',(22.4,-7.04561495250877,19.7828033893325));
#11783=CARTESIAN_POINT('',(18.572213808657,-7.04561495250877,19.7828033893325));
#11784=CARTESIAN_POINT('',(22.4,-19.7828033893325,7.04561495250878));
#11785=CARTESIAN_POINT('Origin',(22.4,0.,0.));
#11786=CARTESIAN_POINT('',(18.572213808657,-19.7828033893325,7.04561495250878));
#11787=CARTESIAN_POINT('Origin',(-0.500000000000005,-18.7576679881897,7.04561495250878));
#11788=CARTESIAN_POINT('',(22.9,-20.3127868580602,7.04561495250878));
#11789=CARTESIAN_POINT('Ctrl Pts',(22.9,-20.3127868580602,7.04561495250878));
#11790=CARTESIAN_POINT('Ctrl Pts',(22.8394275094978,-20.3127868580602,7.04561495250878));
#11791=CARTESIAN_POINT('Ctrl Pts',(22.7682543887194,-20.2980293111506,7.04561495250878));
#11792=CARTESIAN_POINT('Ctrl Pts',(22.6552314868429,-20.2496480318274,7.04561495250878));
#11793=CARTESIAN_POINT('Ctrl Pts',(22.5938412181335,-20.2068355414348,7.04561495250878));
#11794=CARTESIAN_POINT('Ctrl Pts',(22.5055916971328,-20.1154661234529,7.04561495250878));
#11795=CARTESIAN_POINT('Ctrl Pts',(22.4637829308094,-20.0501033364006,7.04561495250878));
#11796=CARTESIAN_POINT('Ctrl Pts',(22.4149576320344,-19.9281485156699,7.04561495250878));
#11797=CARTESIAN_POINT('Ctrl Pts',(22.4,-19.8495102156806,7.04561495250878));
#11798=CARTESIAN_POINT('Ctrl Pts',(22.4,-19.7828033893325,7.04561495250878));
#11799=CARTESIAN_POINT('',(23.4,-20.3127868580602,7.04561495250878));
#11800=CARTESIAN_POINT('',(23.15,-20.3127868580602,7.04561495250878));
#11801=CARTESIAN_POINT('',(23.9,-19.7828033893325,7.04561495250878));
#11802=CARTESIAN_POINT('Ctrl Pts',(23.9,-19.7828033893325,7.04561495250878));
#11803=CARTESIAN_POINT('Ctrl Pts',(23.9,-19.8495102156806,7.04561495250878));
#11804=CARTESIAN_POINT('Ctrl Pts',(23.8850423679656,-19.9281485156699,7.04561495250878));
#11805=CARTESIAN_POINT('Ctrl Pts',(23.8362170691906,-20.0501033364006,7.04561495250878));
#11806=CARTESIAN_POINT('Ctrl Pts',(23.7944083028672,-20.1154661234529,7.04561495250878));
#11807=CARTESIAN_POINT('Ctrl Pts',(23.7061587818665,-20.2068355414348,7.04561495250878));
#11808=CARTESIAN_POINT('Ctrl Pts',(23.6447685131571,-20.2496480318274,7.04561495250878));
#11809=CARTESIAN_POINT('Ctrl Pts',(23.5317456112806,-20.2980293111506,7.04561495250878));
#11810=CARTESIAN_POINT('Ctrl Pts',(23.4605724905022,-20.3127868580602,7.04561495250878));
#11811=CARTESIAN_POINT('Ctrl Pts',(23.4,-20.3127868580602,7.04561495250878));
#11812=CARTESIAN_POINT('',(23.9,-20.8412885863851,7.04561495250878));
#11813=CARTESIAN_POINT('',(23.9,1.37116600590515,7.04561495250877));
#11814=CARTESIAN_POINT('',(16.9,-20.8412885863851,7.04561495250878));
#11815=CARTESIAN_POINT('Origin',(16.9,0.,0.));
#11816=CARTESIAN_POINT('',(9.90000000000001,20.8412885863851,7.04561495250877));
#11817=CARTESIAN_POINT('',(16.9,20.8412885863851,7.04561495250877));
#11818=CARTESIAN_POINT('',(9.90000000000001,21.996363335788,0.4));
#11819=CARTESIAN_POINT('Origin',(9.90000000000001,4.43887658127151E-14,
7.88586683456203E-15));
#11820=CARTESIAN_POINT('',(9.50000000000001,22.,0.));
#11821=CARTESIAN_POINT('Origin',(9.50000000000001,0.,0.));
#11822=CARTESIAN_POINT('',(16.9,22.,0.));
#11823=CARTESIAN_POINT('Origin',(0.,2.22044604925031E-15,0.));
#11824=CARTESIAN_POINT('',(-4.89999712455957,21.0992416598272,0.));
#11825=CARTESIAN_POINT('Ctrl Pts',(-4.89999712455957,21.0992416598272,0.));
#11826=CARTESIAN_POINT('Ctrl Pts',(-4.89979955004213,21.0731888614417,0.));
#11827=CARTESIAN_POINT('Ctrl Pts',(-4.87798211664991,21.0214242542331,0.));
#11828=CARTESIAN_POINT('Ctrl Pts',(-4.82605354753967,21.,0.));
#11829=CARTESIAN_POINT('Ctrl Pts',(-4.8,21.,0.));
#11830=CARTESIAN_POINT('',(-4.9,21.1,0.));
#11831=CARTESIAN_POINT('Ctrl Pts',(-4.9,21.1,0.));
#11832=CARTESIAN_POINT('Ctrl Pts',(-4.9,21.0997472175195,0.));
#11833=CARTESIAN_POINT('Ctrl Pts',(-4.89999904151067,21.099494435039,0.));
#11834=CARTESIAN_POINT('Ctrl Pts',(-4.89999712455957,21.0992416598272,0.));
#11835=CARTESIAN_POINT('',(-4.9,21.2,0.));
#11836=CARTESIAN_POINT('',(-4.9,1.46371384614496E-15,0.));
#11837=CARTESIAN_POINT('',(-9.1,21.2,0.));
#11838=CARTESIAN_POINT('Origin',(-7.,21.2,0.));
#11839=CARTESIAN_POINT('',(-9.1,21.1,0.));
#11840=CARTESIAN_POINT('',(-9.1,10.6,0.));
#11841=CARTESIAN_POINT('',(-9.10000287544043,21.0992416598272,0.));
#11842=CARTESIAN_POINT('Ctrl Pts',(-9.10000287544043,21.0992416598272,0.));
#11843=CARTESIAN_POINT('Ctrl Pts',(-9.10000095848933,21.099494435039,0.));
#11844=CARTESIAN_POINT('Ctrl Pts',(-9.1,21.0997472175195,0.));
#11845=CARTESIAN_POINT('Ctrl Pts',(-9.1,21.1,0.));
#11846=CARTESIAN_POINT('',(-9.2,21.,0.));
#11847=CARTESIAN_POINT('Ctrl Pts',(-9.2,21.,0.));
#11848=CARTESIAN_POINT('Ctrl Pts',(-9.17394645246033,21.,0.));
#11849=CARTESIAN_POINT('Ctrl Pts',(-9.12202104886428,21.0214274438444,0.));
#11850=CARTESIAN_POINT('Ctrl Pts',(-9.10020044995787,21.0731888614417,0.));
#11851=CARTESIAN_POINT('Ctrl Pts',(-9.10000287544043,21.0992416598272,0.));
#11852=CARTESIAN_POINT('',(-7.5,21.,0.));
#11853=CARTESIAN_POINT('',(-24.5,21.,0.));
#11854=CARTESIAN_POINT('',(-7.5,21.,0.));
#11855=CARTESIAN_POINT('',(-24.5,24.4,0.));
#11856=CARTESIAN_POINT('',(-24.5,12.45,0.));
#11857=CARTESIAN_POINT('',(-24.4,24.5,0.));
#11858=CARTESIAN_POINT('Origin',(-24.4,24.4,0.));
#11859=CARTESIAN_POINT('',(24.4,24.5,0.));
#11860=CARTESIAN_POINT('',(12.45,24.5,0.));
#11861=CARTESIAN_POINT('',(24.5,24.4,0.));
#11862=CARTESIAN_POINT('Origin',(24.4,24.4,0.));
#11863=CARTESIAN_POINT('',(24.5,20.,0.));
#11864=CARTESIAN_POINT('',(24.5,-12.45,0.));
#11865=CARTESIAN_POINT('',(23.9,20.,0.));
#11866=CARTESIAN_POINT('',(24.4,20.,0.));
#11867=CARTESIAN_POINT('',(23.9,22.,0.));
#11868=CARTESIAN_POINT('',(23.9,10.75,0.));
#11869=CARTESIAN_POINT('',(16.9,22.,0.));
#11870=CARTESIAN_POINT('',(9.50000000000001,21.1,0.));
#11871=CARTESIAN_POINT('',(9.50000000000001,9.67883399409486,0.));
#11872=CARTESIAN_POINT('',(9.49999712455958,21.0992416598272,0.));
#11873=CARTESIAN_POINT('Ctrl Pts',(9.49999712455958,21.0992416598272,0.));
#11874=CARTESIAN_POINT('Ctrl Pts',(9.49999904151067,21.099494435039,0.));
#11875=CARTESIAN_POINT('Ctrl Pts',(9.50000000000001,21.0997472175195,0.));
#11876=CARTESIAN_POINT('Ctrl Pts',(9.50000000000001,21.1,0.));
#11877=CARTESIAN_POINT('',(9.40000000000001,21.,0.));
#11878=CARTESIAN_POINT('Ctrl Pts',(9.40000000000001,21.,0.));
#11879=CARTESIAN_POINT('Ctrl Pts',(9.42605354753968,21.,0.));
#11880=CARTESIAN_POINT('Ctrl Pts',(9.4779779095537,21.0214284933554,0.));
#11881=CARTESIAN_POINT('Ctrl Pts',(9.49979955004213,21.0731888614417,0.));
#11882=CARTESIAN_POINT('Ctrl Pts',(9.49999712455958,21.0992416598272,0.));
#11883=CARTESIAN_POINT('',(9.2,21.,0.));
#11884=CARTESIAN_POINT('',(-7.5,21.,0.));
#11885=CARTESIAN_POINT('',(9.10000287544043,21.0992416598272,0.));
#11886=CARTESIAN_POINT('Ctrl Pts',(9.10000287544043,21.0992416598272,0.));
#11887=CARTESIAN_POINT('Ctrl Pts',(9.10020044995787,21.0731888614417,0.));
#11888=CARTESIAN_POINT('Ctrl Pts',(9.12202104886428,21.0214274438444,0.));
#11889=CARTESIAN_POINT('Ctrl Pts',(9.17394645246033,21.,0.));
#11890=CARTESIAN_POINT('Ctrl Pts',(9.2,21.,0.));
#11891=CARTESIAN_POINT('',(9.1,21.1,0.));
#11892=CARTESIAN_POINT('Ctrl Pts',(9.1,21.1,0.));
#11893=CARTESIAN_POINT('Ctrl Pts',(9.1,21.0997472175195,0.));
#11894=CARTESIAN_POINT('Ctrl Pts',(9.10000095848933,21.099494435039,0.));
#11895=CARTESIAN_POINT('Ctrl Pts',(9.10000287544043,21.0992416598272,0.));
#11896=CARTESIAN_POINT('',(9.1,21.2,0.));
#11897=CARTESIAN_POINT('',(9.1,6.12717423967657E-16,0.));
#11898=CARTESIAN_POINT('',(4.9,21.2,0.));
#11899=CARTESIAN_POINT('Origin',(7.,21.2,0.));
#11900=CARTESIAN_POINT('',(4.9,21.1,0.));
#11901=CARTESIAN_POINT('',(4.9,10.6,0.));
#11902=CARTESIAN_POINT('',(4.89999712455957,21.0992416598272,0.));
#11903=CARTESIAN_POINT('Ctrl Pts',(4.89999712455957,21.0992416598272,0.));
#11904=CARTESIAN_POINT('Ctrl Pts',(4.89999904151067,21.099494435039,0.));
#11905=CARTESIAN_POINT('Ctrl Pts',(4.9,21.0997472175195,0.));
#11906=CARTESIAN_POINT('Ctrl Pts',(4.9,21.1,0.));
#11907=CARTESIAN_POINT('Ctrl Pts',(4.8,21.,0.));
#11908=CARTESIAN_POINT('Ctrl Pts',(4.82605354753967,21.,0.));
#11909=CARTESIAN_POINT('Ctrl Pts',(4.87798211664991,21.0214242542331,0.));
#11910=CARTESIAN_POINT('Ctrl Pts',(4.89979955004213,21.0731888614417,0.));
#11911=CARTESIAN_POINT('Ctrl Pts',(4.89999712455957,21.0992416598272,0.));
#11912=CARTESIAN_POINT('Origin',(-7.5,20.7980582524272,0.199990573818776));
#11913=CARTESIAN_POINT('',(-24.8999811476376,20.5961165048544,0.399981147637553));
#11914=CARTESIAN_POINT('',(-7.5,20.5961165048544,0.399981147637553));
#11915=CARTESIAN_POINT('',(-24.8999811476376,20.5961165048544,0.399981147637553));
#11916=CARTESIAN_POINT('Origin',(-7.5,0.,0.));
#11917=CARTESIAN_POINT('',(-24.9,19.3576679881897,7.04561495250877));
#11918=CARTESIAN_POINT('',(-24.9,19.3576679881897,7.04561495250877));
#11919=CARTESIAN_POINT('',(-24.9,20.5961161387287,0.4));
#11920=CARTESIAN_POINT('Origin',(-24.9,0.,0.));
#11921=CARTESIAN_POINT('Origin',(-24.5,0.,0.));
#11922=CARTESIAN_POINT('Origin',(-0.500000000000005,18.7576679881897,7.04561495250877));
#11923=CARTESIAN_POINT('',(15.244427617314,19.7828033893325,7.04561495250877));
#11924=CARTESIAN_POINT('',(18.572213808657,19.7828033893325,7.04561495250877));
#11925=CARTESIAN_POINT('',(14.744427617314,20.3127868580602,7.04561495250877));
#11926=CARTESIAN_POINT('Ctrl Pts',(14.744427617314,20.3127868580602,7.04561495250877));
#11927=CARTESIAN_POINT('Ctrl Pts',(14.744427617314,20.2462416635251,7.04561495250877));
#11928=CARTESIAN_POINT('Ctrl Pts',(14.7593921067468,20.1678021157533,7.04561495250877));
#11929=CARTESIAN_POINT('Ctrl Pts',(14.8081720387786,20.0459392680401,7.04561495250877));
#11930=CARTESIAN_POINT('Ctrl Pts',(14.8500071546313,19.9805087421723,7.04561495250877));
#11931=CARTESIAN_POINT('Ctrl Pts',(14.9382885851432,19.8889919139023,7.04561495250877));
#11932=CARTESIAN_POINT('Ctrl Pts',(14.9997055171621,19.8460733103894,7.04561495250877));
#11933=CARTESIAN_POINT('Ctrl Pts',(15.1127380639053,19.7975955213106,7.04561495250877));
#11934=CARTESIAN_POINT('Ctrl Pts',(15.1838770879579,19.7828033893325,7.04561495250877));
#11935=CARTESIAN_POINT('Ctrl Pts',(15.244427617314,19.7828033893325,7.04561495250877));
#11936=CARTESIAN_POINT('',(13.244427617314,20.3127868580602,7.04561495250877));
#11937=CARTESIAN_POINT('',(13.994427617314,20.3127868580602,7.04561495250877));
#11938=CARTESIAN_POINT('',(13.244427617314,19.7828033893325,7.04561495250877));
#11939=CARTESIAN_POINT('',(13.244427617314,19.8788339940949,7.04561495250877));
#11940=CARTESIAN_POINT('',(11.5759725876821,18.2898690520459,7.04561495250877));
#11941=CARTESIAN_POINT('Ctrl Pts',(11.5759725876812,18.2898690520459,7.04561495250876));
#11942=CARTESIAN_POINT('Ctrl Pts',(12.3774877442071,19.0105959734949,7.04561495250876));
#11943=CARTESIAN_POINT('Ctrl Pts',(13.244427617314,19.7828033893333,7.04561495250876));
#11944=CARTESIAN_POINT('',(-8.8,18.2898690520459,7.04561495250877));
#11945=CARTESIAN_POINT('',(1.38798629384104,18.2898690520459,7.04561495250877));
#11946=CARTESIAN_POINT('',(-8.8,18.1826650945615,7.04561495250877));
#11947=CARTESIAN_POINT('',(-8.8,18.8788339940949,7.04561495250877));
#11948=CARTESIAN_POINT('',(-9.3,17.6453764465648,7.04561495250877));
#11949=CARTESIAN_POINT('Ctrl Pts',(-9.3,17.6453764465648,7.04561495250877));
#11950=CARTESIAN_POINT('Ctrl Pts',(-9.23972197290658,17.6453764465648,7.04561495250877));
#11951=CARTESIAN_POINT('Ctrl Pts',(-9.16893451253895,17.6602522607308,7.04561495250877));
#11952=CARTESIAN_POINT('Ctrl Pts',(-9.05613250093314,17.7090337832951,7.04561495250877));
#11953=CARTESIAN_POINT('Ctrl Pts',(-8.99475476562823,17.7523858135697,7.04561495250877));
#11954=CARTESIAN_POINT('Ctrl Pts',(-8.90623217993159,17.8449417105621,7.04561495250877));
#11955=CARTESIAN_POINT('Ctrl Pts',(-8.8642337917719,17.9113144286932,7.04561495250877));
#11956=CARTESIAN_POINT('Ctrl Pts',(-8.81508800351448,18.0350899490607,7.04561495250877));
#11957=CARTESIAN_POINT('Ctrl Pts',(-8.8,18.1149432498067,7.04561495250877));
#11958=CARTESIAN_POINT('Ctrl Pts',(-8.8,18.1826650945615,7.04561495250877));
#11959=CARTESIAN_POINT('',(-15.3,17.6453764465648,7.04561495250877));
#11960=CARTESIAN_POINT('',(-12.3,17.6453764465648,7.04561495250877));
#11961=CARTESIAN_POINT('',(-15.8,18.1826650945615,7.04561495250877));
#11962=CARTESIAN_POINT('Ctrl Pts',(-15.8,18.1826650945615,7.04561495250877));
#11963=CARTESIAN_POINT('Ctrl Pts',(-15.8,18.1149432498067,7.04561495250877));
#11964=CARTESIAN_POINT('Ctrl Pts',(-15.7849119964855,18.0350899490607,7.04561495250877));
#11965=CARTESIAN_POINT('Ctrl Pts',(-15.7357662082281,17.9113144286932,7.04561495250877));
#11966=CARTESIAN_POINT('Ctrl Pts',(-15.6937678200684,17.8449417105621,7.04561495250877));
#11967=CARTESIAN_POINT('Ctrl Pts',(-15.6052452343718,17.7523858135697,7.04561495250877));
#11968=CARTESIAN_POINT('Ctrl Pts',(-15.5438674990669,17.7090337832951,7.04561495250877));
#11969=CARTESIAN_POINT('Ctrl Pts',(-15.4310654874611,17.6602522607308,7.04561495250877));
#11970=CARTESIAN_POINT('Ctrl Pts',(-15.3602780270934,17.6453764465648,7.04561495250877));
#11971=CARTESIAN_POINT('Ctrl Pts',(-15.3,17.6453764465648,7.04561495250877));
#11972=CARTESIAN_POINT('',(-15.8,18.2898690520459,7.04561495250877));
#11973=CARTESIAN_POINT('',(-15.8,19.1788339940949,7.04561495250877));
#11974=CARTESIAN_POINT('',(-24.9,18.2898690520459,7.04561495250877));
#11975=CARTESIAN_POINT('',(-20.35,18.2898690520459,7.04561495250877));
#11976=CARTESIAN_POINT('',(-24.9,21.8288339940949,7.04561495250877));
#11977=CARTESIAN_POINT('',(-9.2,19.3576679881897,7.04561495250877));
#11978=CARTESIAN_POINT('',(-24.9,19.3576679881897,7.04561495250877));
#11979=CARTESIAN_POINT('',(-8.7,19.8889243032645,7.04561495250877));
#11980=CARTESIAN_POINT('Ctrl Pts',(-9.2,19.3576679881897,7.04561495250877));
#11981=CARTESIAN_POINT('Ctrl Pts',(-9.13856067268592,19.3576679881897,7.04561495250877));
#11982=CARTESIAN_POINT('Ctrl Pts',(-9.06643079531857,19.3729316622471,7.04561495250877));
#11983=CARTESIAN_POINT('Ctrl Pts',(-8.9519472319756,19.4229307511363,7.04561495250877));
#11984=CARTESIAN_POINT('Ctrl Pts',(-8.88994290369376,19.4671956978301,7.04561495250877));
#11985=CARTESIAN_POINT('Ctrl Pts',(-8.8026604346832,19.5599933308813,7.04561495250877));
#11986=CARTESIAN_POINT('Ctrl Pts',(-8.76196091924855,19.6249940214396,7.04561495250877));
#11987=CARTESIAN_POINT('Ctrl Pts',(-8.71454043192406,19.7456559709372,7.04561495250877));
#11988=CARTESIAN_POINT('Ctrl Pts',(-8.7,19.8231879331131,7.04561495250877));
#11989=CARTESIAN_POINT('Ctrl Pts',(-8.7,19.8889243032645,7.04561495250877));
#11990=CARTESIAN_POINT('',(-8.7,21.2,7.04561495250877));
#11991=CARTESIAN_POINT('',(-8.7,15.9,7.04561495250877));
#11992=CARTESIAN_POINT('',(-5.3,21.2,7.04561495250877));
#11993=CARTESIAN_POINT('Origin',(-7.,21.2,7.04561495250878));
#11994=CARTESIAN_POINT('',(-5.3,19.8889243032645,7.04561495250877));
#11995=CARTESIAN_POINT('',(-5.3,5.3,7.04561495250877));
#11996=CARTESIAN_POINT('',(-4.8,19.3576679881897,7.04561495250877));
#11997=CARTESIAN_POINT('Ctrl Pts',(-5.3,19.8889243032645,7.04561495250877));
#11998=CARTESIAN_POINT('Ctrl Pts',(-5.3,19.8221740809342,7.04561495250877));
#11999=CARTESIAN_POINT('Ctrl Pts',(-5.28501391117502,19.7434881871376,7.04561495250877));
#12000=CARTESIAN_POINT('Ctrl Pts',(-5.23616991094027,19.6212921542402,7.04561495250877));
#12001=CARTESIAN_POINT('Ctrl Pts',(-5.19430616432056,19.5556974805091,7.04561495250877));
#12002=CARTESIAN_POINT('Ctrl Pts',(-5.10598253433398,19.4639996589097,7.04561495250877));
#12003=CARTESIAN_POINT('Ctrl Pts',(-5.0445723610517,19.421005493616,7.04561495250877));
#12004=CARTESIAN_POINT('Ctrl Pts',(-4.93158025156288,19.3724747312859,7.04561495250877));
#12005=CARTESIAN_POINT('Ctrl Pts',(-4.86050278697389,19.3576679881897,7.04561495250877));
#12006=CARTESIAN_POINT('Ctrl Pts',(-4.8,19.3576679881897,7.04561495250877));
#12007=CARTESIAN_POINT('',(4.8,19.3576679881897,7.04561495250877));
#12008=CARTESIAN_POINT('',(-24.9,19.3576679881897,7.04561495250877));
#12009=CARTESIAN_POINT('',(5.3,19.8889243032645,7.04561495250877));
#12010=CARTESIAN_POINT('Ctrl Pts',(4.8,19.3576679881897,7.04561495250877));
#12011=CARTESIAN_POINT('Ctrl Pts',(4.86050278697389,19.3576679881897,7.04561495250877));
#12012=CARTESIAN_POINT('Ctrl Pts',(4.93158025156288,19.3724747312859,7.04561495250877));
#12013=CARTESIAN_POINT('Ctrl Pts',(5.0445723610517,19.421005493616,7.04561495250877));
#12014=CARTESIAN_POINT('Ctrl Pts',(5.10598253433398,19.4639996589097,7.04561495250877));
#12015=CARTESIAN_POINT('Ctrl Pts',(5.19430616432056,19.5556974805091,7.04561495250877));
#12016=CARTESIAN_POINT('Ctrl Pts',(5.23616991094027,19.6212921542402,7.04561495250877));
#12017=CARTESIAN_POINT('Ctrl Pts',(5.28501391117503,19.7434881871376,7.04561495250877));
#12018=CARTESIAN_POINT('Ctrl Pts',(5.3,19.8221740809342,7.04561495250877));
#12019=CARTESIAN_POINT('Ctrl Pts',(5.3,19.8889243032645,7.04561495250877));
#12020=CARTESIAN_POINT('',(5.3,21.2,7.04561495250877));
#12021=CARTESIAN_POINT('',(5.3,15.9,7.04561495250877));
#12022=CARTESIAN_POINT('',(8.7,21.2,7.04561495250877));
#12023=CARTESIAN_POINT('Origin',(7.,21.2,7.04561495250877));
#12024=CARTESIAN_POINT('',(8.7,19.8889243032645,7.04561495250877));
#12025=CARTESIAN_POINT('',(8.7,5.3,7.04561495250877));
#12026=CARTESIAN_POINT('',(9.2,19.3576679881897,7.04561495250877));
#12027=CARTESIAN_POINT('Ctrl Pts',(8.7,19.8889243032645,7.04561495250877));
#12028=CARTESIAN_POINT('Ctrl Pts',(8.7,19.8221740809342,7.04561495250877));
#12029=CARTESIAN_POINT('Ctrl Pts',(8.71498608882498,19.7434881871376,7.04561495250877));
#12030=CARTESIAN_POINT('Ctrl Pts',(8.76383008905973,19.6212921542402,7.04561495250877));
#12031=CARTESIAN_POINT('Ctrl Pts',(8.80569383567944,19.5556974805091,7.04561495250877));
#12032=CARTESIAN_POINT('Ctrl Pts',(8.89401746566602,19.4639996589097,7.04561495250877));
#12033=CARTESIAN_POINT('Ctrl Pts',(8.9554276389483,19.421005493616,7.04561495250877));
#12034=CARTESIAN_POINT('Ctrl Pts',(9.06841974843712,19.3724747312859,7.04561495250877));
#12035=CARTESIAN_POINT('Ctrl Pts',(9.13949721302611,19.3576679881897,7.04561495250877));
#12036=CARTESIAN_POINT('Ctrl Pts',(9.2,19.3576679881897,7.04561495250877));
#12037=CARTESIAN_POINT('',(9.4,19.3576679881897,7.04561495250877));
#12038=CARTESIAN_POINT('',(-24.9,19.3576679881897,7.04561495250877));
#12039=CARTESIAN_POINT('',(9.90000000000001,19.8889243032645,7.04561495250877));
#12040=CARTESIAN_POINT('Ctrl Pts',(9.40000000000001,19.3576679881897,7.04561495250877));
#12041=CARTESIAN_POINT('Ctrl Pts',(9.46050278697389,19.3576679881897,7.04561495250877));
#12042=CARTESIAN_POINT('Ctrl Pts',(9.53158025156288,19.3724747312859,7.04561495250877));
#12043=CARTESIAN_POINT('Ctrl Pts',(9.64457236105171,19.421005493616,7.04561495250877));
#12044=CARTESIAN_POINT('Ctrl Pts',(9.70598253433399,19.4639996589097,7.04561495250877));
#12045=CARTESIAN_POINT('Ctrl Pts',(9.79430616432057,19.5556974805091,7.04561495250877));
#12046=CARTESIAN_POINT('Ctrl Pts',(9.83616991094028,19.6212921542402,7.04561495250877));
#12047=CARTESIAN_POINT('Ctrl Pts',(9.88501391117503,19.7434881871376,7.04561495250877));
#12048=CARTESIAN_POINT('Ctrl Pts',(9.90000000000001,19.8221740809342,7.04561495250877));
#12049=CARTESIAN_POINT('Ctrl Pts',(9.90000000000001,19.8889243032645,7.04561495250877));
#12050=CARTESIAN_POINT('',(9.90000000000001,19.0576679881897,7.04561495250877));
#12051=CARTESIAN_POINT('',(5.65,21.2,7.04561495250877));
#12052=CARTESIAN_POINT('Origin',(7.,21.2,7.04561495250877));
#12053=CARTESIAN_POINT('Ctrl Pts',(-12.3,-16.6133914573706,25.));
#12054=CARTESIAN_POINT('Ctrl Pts',(-12.5950728802159,-16.6133914573706,
25.));
#12055=CARTESIAN_POINT('Ctrl Pts',(-13.1831990614208,-16.4556735924848,
25.));
#12056=CARTESIAN_POINT('Ctrl Pts',(-14.0914070991808,-15.6149279831351,
25.));
#12057=CARTESIAN_POINT('Ctrl Pts',(-14.4187309179905,-13.9471293104948,
25.));
#12058=CARTESIAN_POINT('Ctrl Pts',(-13.4841863780146,-12.558772552193,25.));
#12059=CARTESIAN_POINT('Ctrl Pts',(-12.2997052993663,-12.2463172222788,
25.));
#12060=CARTESIAN_POINT('Ctrl Pts',(-11.1174346405717,-12.5586386374875,
25.));
#12061=CARTESIAN_POINT('Ctrl Pts',(-10.1800868406317,-13.9473823034464,
25.));
#12062=CARTESIAN_POINT('Ctrl Pts',(-10.5087455025623,-15.614874808278,25.));
#12063=CARTESIAN_POINT('Ctrl Pts',(-11.4168524319514,-16.455654138239,25.));
#12064=CARTESIAN_POINT('Ctrl Pts',(-12.0049271197842,-16.6133914573706,
25.));
#12065=CARTESIAN_POINT('Ctrl Pts',(-12.3,-16.6133914573706,25.));
#12066=CARTESIAN_POINT('Ctrl Pts',(-12.3,-16.4094022221395,24.8869269205125));
#12067=CARTESIAN_POINT('Ctrl Pts',(-12.5598280452404,-16.4094022221395,
24.8869269205125));
#12068=CARTESIAN_POINT('Ctrl Pts',(-13.078410265222,-16.2749798519238,24.8845778489447));
#12069=CARTESIAN_POINT('Ctrl Pts',(-13.9138832620056,-15.538304279609,24.8729375973588));
#12070=CARTESIAN_POINT('Ctrl Pts',(-14.2847995108328,-13.9908817606328,
24.8611458296288));
#12071=CARTESIAN_POINT('Ctrl Pts',(-13.4360001461473,-12.629137374921,24.8769763471955));
#12072=CARTESIAN_POINT('Ctrl Pts',(-12.2996735271319,-12.3171564992492,
24.8840975407373));
#12073=CARTESIAN_POINT('Ctrl Pts',(-11.1658167747066,-12.6288022871964,
24.8770989899865));
#12074=CARTESIAN_POINT('Ctrl Pts',(-10.3140274433104,-13.9914942610778,
24.8610613446717));
#12075=CARTESIAN_POINT('Ctrl Pts',(-10.6862391666147,-15.5381839553076,
24.8729481220681));
#12076=CARTESIAN_POINT('Ctrl Pts',(-11.5216148922545,-16.2749062094016,
24.8845819527327));
#12077=CARTESIAN_POINT('Ctrl Pts',(-12.0401719547597,-16.4094022221395,
24.8869269205125));
#12078=CARTESIAN_POINT('Ctrl Pts',(-12.3,-16.4094022221395,24.8869269205125));
#12079=CARTESIAN_POINT('Ctrl Pts',(-12.3,-16.2054129869084,24.773853841025));
#12080=CARTESIAN_POINT('Ctrl Pts',(-12.5245832102649,-16.2054129869084,
24.773853841025));
#12081=CARTESIAN_POINT('Ctrl Pts',(-12.9736214690233,-16.0942861113628,
24.7691556978895));
#12082=CARTESIAN_POINT('Ctrl Pts',(-13.7363594248303,-15.4616805760828,
24.7458751947176));
#12083=CARTESIAN_POINT('Ctrl Pts',(-14.1508681036751,-14.0346342107707,
24.7222916592577));
#12084=CARTESIAN_POINT('Ctrl Pts',(-13.38781391428,-12.6995021976491,24.7539526943911));
#12085=CARTESIAN_POINT('Ctrl Pts',(-12.2996417548974,-12.3879957762196,
24.7681950814746));
#12086=CARTESIAN_POINT('Ctrl Pts',(-11.2141989088414,-12.6989659369054,
24.754197979973));
#12087=CARTESIAN_POINT('Ctrl Pts',(-10.447968045989,-14.0356062187092,24.7221226893434));
#12088=CARTESIAN_POINT('Ctrl Pts',(-10.8637328306671,-15.4614931023372,
24.7458962441361));
#12089=CARTESIAN_POINT('Ctrl Pts',(-11.6263773525576,-16.0941582805642,
24.7691639054654));
#12090=CARTESIAN_POINT('Ctrl Pts',(-12.0754167897352,-16.2054129869084,
24.773853841025));
#12091=CARTESIAN_POINT('Ctrl Pts',(-12.3,-16.2054129869084,24.773853841025));
#12092=CARTESIAN_POINT('Ctrl Pts',(-12.3,-16.0014237516773,24.6607807615374));
#12093=CARTESIAN_POINT('Ctrl Pts',(-12.4893383752893,-16.0014237516773,
24.6607807615374));
#12094=CARTESIAN_POINT('Ctrl Pts',(-12.8688326728245,-15.9135923708018,
24.6537335468342));
#12095=CARTESIAN_POINT('Ctrl Pts',(-13.5588355876551,-15.3850568725567,
24.6188127920765));
#12096=CARTESIAN_POINT('Ctrl Pts',(-14.0169366965174,-14.0783866609087,
24.5834374888865));
#12097=CARTESIAN_POINT('Ctrl Pts',(-13.3396276824127,-12.7698670203772,
24.6309290415866));
#12098=CARTESIAN_POINT('Ctrl Pts',(-12.2996099826629,-12.4588350531899,
24.6522926222119));
#12099=CARTESIAN_POINT('Ctrl Pts',(-11.2625810429763,-12.7691295866144,
24.6312969699595));
#12100=CARTESIAN_POINT('Ctrl Pts',(-10.5819086486676,-14.0797181763406,
24.5831840340151));
#12101=CARTESIAN_POINT('Ctrl Pts',(-11.0412264947196,-15.3848022493669,
24.6188443662042));
#12102=CARTESIAN_POINT('Ctrl Pts',(-11.7311398128607,-15.9134103517268,
24.653745858198));
#12103=CARTESIAN_POINT('Ctrl Pts',(-12.1106616247107,-16.0014237516773,
24.6607807615374));
#12104=CARTESIAN_POINT('Ctrl Pts',(-12.3,-16.0014237516773,24.6607807615374));
#12105=CARTESIAN_POINT('',(-12.3,-16.0014237516773,24.6607807615374));
#12106=CARTESIAN_POINT('',(-12.3,-16.6133914573706,25.));
#12107=CARTESIAN_POINT('',(-13.7960649174128,-14.2026531900708,24.5997399364833));
#12108=CARTESIAN_POINT('Ctrl Pts',(-12.3,-16.0014237516773,24.6607807615374));
#12109=CARTESIAN_POINT('Ctrl Pts',(-12.4893383752893,-16.0014237516773,
24.6607807615374));
#12110=CARTESIAN_POINT('Ctrl Pts',(-12.8688326728245,-15.9135923708018,
24.6537335468342));
#12111=CARTESIAN_POINT('Ctrl Pts',(-13.5314112233919,-15.406063667917,24.6202007275159));
#12112=CARTESIAN_POINT('Ctrl Pts',(-13.8038830580555,-14.6830606071713,
24.5998511571758));
#12113=CARTESIAN_POINT('Ctrl Pts',(-13.7960649174128,-14.2026531900708,
24.5997399364833));
#12114=CARTESIAN_POINT('Ctrl Pts',(-13.7960649174128,-14.2026531900708,
24.5997399364833));
#12115=CARTESIAN_POINT('Ctrl Pts',(-13.7953897820159,-14.1611676160626,
24.5997303320223));
#12116=CARTESIAN_POINT('Ctrl Pts',(-13.7675489640985,-13.5965847962027,
24.6009240576318));
#12117=CARTESIAN_POINT('Ctrl Pts',(-13.3396276824127,-12.7698670203772,
24.6309290415866));
#12118=CARTESIAN_POINT('Ctrl Pts',(-12.2996099826629,-12.4588350531899,
24.6522926222119));
#12119=CARTESIAN_POINT('Ctrl Pts',(-11.2625810429763,-12.7691295866144,
24.6312969699595));
#12120=CARTESIAN_POINT('Ctrl Pts',(-10.5819086486676,-14.0797181763406,
24.5831840340151));
#12121=CARTESIAN_POINT('Ctrl Pts',(-11.0412264947196,-15.3848022493669,
24.6188443662042));
#12122=CARTESIAN_POINT('Ctrl Pts',(-11.7311398128607,-15.9134103517268,
24.653745858198));
#12123=CARTESIAN_POINT('Ctrl Pts',(-12.1106616247107,-16.0014237516773,
24.6607807615374));
#12124=CARTESIAN_POINT('Ctrl Pts',(-12.3,-16.0014237516773,24.6607807615374));
#12125=CARTESIAN_POINT('Origin',(-12.3,-13.,22.5166604983954));
#12126=CARTESIAN_POINT('',(-13.71,-13.,22.5166604983954));
#12127=CARTESIAN_POINT('Origin',(-12.3,-13.,22.5166604983954));
#12128=CARTESIAN_POINT('',(-13.71,-13.,22.5166604983954));
#12129=CARTESIAN_POINT('Ctrl Pts',(-12.3,12.3244640663633,25.));
#12130=CARTESIAN_POINT('Ctrl Pts',(-12.5950728802158,12.3244640663633,25.));
#12131=CARTESIAN_POINT('Ctrl Pts',(-13.1832645930403,12.4821641206291,25.));
#12132=CARTESIAN_POINT('Ctrl Pts',(-14.0912000085808,13.3229108900884,25.));
#12133=CARTESIAN_POINT('Ctrl Pts',(-14.4192298214789,14.9907231467195,25.));
#12134=CARTESIAN_POINT('Ctrl Pts',(-13.4834044934431,16.3790998743124,25.));
#12135=CARTESIAN_POINT('Ctrl Pts',(-12.3001385843987,16.6915847653094,25.));
#12136=CARTESIAN_POINT('Ctrl Pts',(-11.1178143048574,16.3788900423447,25.));
#12137=CARTESIAN_POINT('Ctrl Pts',(-10.1787247531244,14.9908522485828,25.));
#12138=CARTESIAN_POINT('Ctrl Pts',(-10.5092069097077,13.3228370247255,25.));
#12139=CARTESIAN_POINT('Ctrl Pts',(-11.4166620775047,12.4822293428665,25.));
#12140=CARTESIAN_POINT('Ctrl Pts',(-12.0049271197842,12.3244640663633,25.));
#12141=CARTESIAN_POINT('Ctrl Pts',(-12.3,12.3244640663633,25.));
#12142=CARTESIAN_POINT('Ctrl Pts',(-12.3,12.3952011913252,24.8822736542855));
#12143=CARTESIAN_POINT('Ctrl Pts',(-12.5828510671721,12.3952011913252,24.8822736542855));
#12144=CARTESIAN_POINT('Ctrl Pts',(-13.1459543015606,12.55239068029,24.8792274209143));
#12145=CARTESIAN_POINT('Ctrl Pts',(-13.9960148110635,13.379727002044,24.866906046456));
#12146=CARTESIAN_POINT('Ctrl Pts',(-14.2398151101151,14.9769365708101,24.8646780620233));
#12147=CARTESIAN_POINT('Ctrl Pts',(-13.3412812746972,16.2129540040795,24.8834636553378));
#12148=CARTESIAN_POINT('Ctrl Pts',(-12.3000565266182,16.4746939217224,24.8880689260633));
#12149=CARTESIAN_POINT('Ctrl Pts',(-11.2595109966352,16.2122525196008,24.8834578247147));
#12150=CARTESIAN_POINT('Ctrl Pts',(-10.3585833318824,14.9776623532955,24.864613576217));
#12151=CARTESIAN_POINT('Ctrl Pts',(-10.6042732172394,13.379512279617,24.8669099058594));
#12152=CARTESIAN_POINT('Ctrl Pts',(-11.4541023523904,12.5525100922419,24.8792515975568));
#12153=CARTESIAN_POINT('Ctrl Pts',(-12.0171489328279,12.3952011913252,24.8822736542855));
#12154=CARTESIAN_POINT('Ctrl Pts',(-12.3,12.3952011913252,24.8822736542855));
#12155=CARTESIAN_POINT('Ctrl Pts',(-12.3,12.465938316287,24.764547308571));
#12156=CARTESIAN_POINT('Ctrl Pts',(-12.5706292541284,12.465938316287,24.764547308571));
#12157=CARTESIAN_POINT('Ctrl Pts',(-13.1086440100808,12.622617239951,24.7584548418287));
#12158=CARTESIAN_POINT('Ctrl Pts',(-13.9008296135462,13.4365431139995,24.7338120929121));
#12159=CARTESIAN_POINT('Ctrl Pts',(-14.0604003987513,14.9631499949008,24.7293561240467));
#12160=CARTESIAN_POINT('Ctrl Pts',(-13.1991580559513,16.0468081338466,24.7669273106756));
#12161=CARTESIAN_POINT('Ctrl Pts',(-12.2999744688377,16.2578030781354,24.7761378521265));
#12162=CARTESIAN_POINT('Ctrl Pts',(-11.4012076884129,16.0456149968569,24.7669156494294));
#12163=CARTESIAN_POINT('Ctrl Pts',(-10.5384419106404,14.9644724580082,24.7292271524339));
#12164=CARTESIAN_POINT('Ctrl Pts',(-10.6993395247712,13.4361875345086,24.7338198117188));
#12165=CARTESIAN_POINT('Ctrl Pts',(-11.4915426272762,12.6227908416172,24.7585031951136));
#12166=CARTESIAN_POINT('Ctrl Pts',(-12.0293707458716,12.465938316287,24.764547308571));
#12167=CARTESIAN_POINT('Ctrl Pts',(-12.3,12.465938316287,24.764547308571));
#12168=CARTESIAN_POINT('Ctrl Pts',(-12.3,12.5366754412489,24.6468209628564));
#12169=CARTESIAN_POINT('Ctrl Pts',(-12.5584074410847,12.5366754412489,24.6468209628564));
#12170=CARTESIAN_POINT('Ctrl Pts',(-13.0713337186011,12.6928437996119,24.637682262743));
#12171=CARTESIAN_POINT('Ctrl Pts',(-13.8056444160288,13.4933592259551,24.6007181393681));
#12172=CARTESIAN_POINT('Ctrl Pts',(-13.8809856873876,14.9493634189915,24.59403418607));
#12173=CARTESIAN_POINT('Ctrl Pts',(-13.0570348372054,15.8806622636137,24.6503909660133));
#12174=CARTESIAN_POINT('Ctrl Pts',(-12.2998924110571,16.0409122345485,24.6642067781898));
#12175=CARTESIAN_POINT('Ctrl Pts',(-11.5429043801906,15.8789774741131,24.6503734741441));
#12176=CARTESIAN_POINT('Ctrl Pts',(-10.7183004893984,14.9512825627209,24.5938407286509));
#12177=CARTESIAN_POINT('Ctrl Pts',(-10.7944058323029,13.4928627894001,24.6007297175782));
#12178=CARTESIAN_POINT('Ctrl Pts',(-11.5289829021619,12.6930715909926,24.6377547926704));
#12179=CARTESIAN_POINT('Ctrl Pts',(-12.0415925589153,12.5366754412489,24.6468209628564));
#12180=CARTESIAN_POINT('Ctrl Pts',(-12.3,12.5366754412489,24.6468209628564));
#12181=CARTESIAN_POINT('',(-12.3,12.5366754412489,24.6468209628564));
#12182=CARTESIAN_POINT('',(-12.3,12.3244640663633,25.));
#12183=CARTESIAN_POINT('',(-13.7912967736172,14.2032493779286,24.600635751529));
#12184=CARTESIAN_POINT('Ctrl Pts',(-12.3,12.5366754412489,24.6468209628564));
#12185=CARTESIAN_POINT('Ctrl Pts',(-12.5584074410847,12.5366754412489,24.6468209628564));
#12186=CARTESIAN_POINT('Ctrl Pts',(-13.0713337186011,12.6928437996119,24.637682262743));
#12187=CARTESIAN_POINT('Ctrl Pts',(-13.6512521314919,13.3250470851771,24.6084900204993));
#12188=CARTESIAN_POINT('Ctrl Pts',(-13.7857741891384,13.898623076423,24.6008198895123));
#12189=CARTESIAN_POINT('Ctrl Pts',(-13.7912608001905,14.2032551082497,24.6006441659955));
#12190=CARTESIAN_POINT('Ctrl Pts',(-13.7912608001905,14.2032551082497,24.6006441659955));
#12191=CARTESIAN_POINT('Ctrl Pts',(-13.7952421792798,14.424312440352,24.600516651592));
#12192=CARTESIAN_POINT('Ctrl Pts',(-13.6899969865774,15.1652349802152,24.607097475198));
#12193=CARTESIAN_POINT('Ctrl Pts',(-13.0570348372054,15.8806622636137,24.6503909660133));
#12194=CARTESIAN_POINT('Ctrl Pts',(-12.2998924110571,16.0409122345485,24.6642067781898));
#12195=CARTESIAN_POINT('Ctrl Pts',(-11.5429043801906,15.8789774741131,24.6503734741441));
#12196=CARTESIAN_POINT('Ctrl Pts',(-10.7183004893984,14.9512825627209,24.5938407286509));
#12197=CARTESIAN_POINT('Ctrl Pts',(-10.7944058323029,13.4928627894001,24.6007297175782));
#12198=CARTESIAN_POINT('Ctrl Pts',(-11.5289829021619,12.6930715909926,24.6377547926704));
#12199=CARTESIAN_POINT('Ctrl Pts',(-12.0415925589153,12.5366754412489,24.6468209628564));
#12200=CARTESIAN_POINT('Ctrl Pts',(-12.3,12.5366754412489,24.6468209628564));
#12201=CARTESIAN_POINT('Origin',(-12.3,13.,22.5166604983954));
#12202=CARTESIAN_POINT('',(-13.71,13.,22.5166604983954));
#12203=CARTESIAN_POINT('',(-13.71,13.,22.5166604983954));
#12204=CARTESIAN_POINT('Origin',(-12.3,13.,22.5166604983954));
#12205=CARTESIAN_POINT('Ctrl Pts',(-12.3,7.89972363013956,17.2798832914871));
#12206=CARTESIAN_POINT('Ctrl Pts',(-12.0737659212071,7.89972363013956,17.2798832914871));
#12207=CARTESIAN_POINT('Ctrl Pts',(-11.5903425936958,7.98446920186967,17.2415653772487));
#12208=CARTESIAN_POINT('Ctrl Pts',(-11.1375398404964,8.26403403041953,17.109707795044));
#12209=CARTESIAN_POINT('Ctrl Pts',(-10.9099539751916,8.49021807575862,16.9976242870364));
#12210=CARTESIAN_POINT('Ctrl Pts',(-10.6960550540375,8.74357044095257,16.8701424752135));
#12211=CARTESIAN_POINT('Ctrl Pts',(-10.4396078884317,9.30229599346231,16.5752136263497));
#12212=CARTESIAN_POINT('Ctrl Pts',(-10.500554155285,9.80510050712679,16.2778976684407));
#12213=CARTESIAN_POINT('Ctrl Pts',(-10.7314759206006,10.2806349287479,15.9798438731313));
#12214=CARTESIAN_POINT('Ctrl Pts',(-10.9947006977749,10.6070012211829,15.7661313180886));
#12215=CARTESIAN_POINT('Ctrl Pts',(-11.398153764338,10.8324111623262,15.6097590741169));
#12216=CARTESIAN_POINT('Ctrl Pts',(-11.6506428828683,10.9155781810689,15.5514537999318));
#12217=CARTESIAN_POINT('Ctrl Pts',(-11.762468525193,10.9497728434887,15.5274197754886));
#12218=CARTESIAN_POINT('Ctrl Pts',(-11.9832748309054,10.9984750089727,15.4929965292157));
#12219=CARTESIAN_POINT('Ctrl Pts',(-12.4112241318623,11.0324231108311,15.4686765591642));
#12220=CARTESIAN_POINT('Ctrl Pts',(-13.0054203862877,10.9406168113678,15.5346801465695));
#12221=CARTESIAN_POINT('Ctrl Pts',(-13.414814422903,10.7125497396711,15.6929555006465));
#12222=CARTESIAN_POINT('Ctrl Pts',(-13.6691196161927,10.4999436766468,15.8354271232512));
#12223=CARTESIAN_POINT('Ctrl Pts',(-13.8459046604449,10.3154436236624,15.9573373075623));
#12224=CARTESIAN_POINT('Ctrl Pts',(-14.0306999174636,9.97897505854498,16.1703856267406));
#12225=CARTESIAN_POINT('Ctrl Pts',(-14.1090381438049,9.61843917143326,16.3871192668746));
#12226=CARTESIAN_POINT('Ctrl Pts',(-14.0927713735027,9.14291393439365,16.6598569376175));
#12227=CARTESIAN_POINT('Ctrl Pts',(-13.8587287389294,8.64185061738904,16.923891424673));
#12228=CARTESIAN_POINT('Ctrl Pts',(-13.4845129522796,8.28496796644785,17.0991149194138));
#12229=CARTESIAN_POINT('Ctrl Pts',(-13.1302943177864,8.06541876730012,17.2037152984199));
#12230=CARTESIAN_POINT('Ctrl Pts',(-12.7179713175846,7.92849979682987,17.2667370355481));
#12231=CARTESIAN_POINT('Ctrl Pts',(-12.4357404382349,7.89972363013956,17.2798832914871));
#12232=CARTESIAN_POINT('Ctrl Pts',(-12.3,7.89972363013956,17.2798832914871));
#12233=CARTESIAN_POINT('Ctrl Pts',(-12.3,8.08706237361417,17.3386433139669));
#12234=CARTESIAN_POINT('Ctrl Pts',(-12.0917591779601,8.08723867641435,17.3385828875336));
#12235=CARTESIAN_POINT('Ctrl Pts',(-11.6468791870917,8.16428466786495,17.3032155499581));
#12236=CARTESIAN_POINT('Ctrl Pts',(-11.2277170491048,8.42071951145689,17.1807727559608));
#12237=CARTESIAN_POINT('Ctrl Pts',(-11.0159908838079,8.62938407598471,17.0763902197746));
#12238=CARTESIAN_POINT('Ctrl Pts',(-10.8169347286787,8.86349317019529,16.9575536386445));
#12239=CARTESIAN_POINT('Ctrl Pts',(-10.5766024639193,9.38198161705108,16.6823542039978));
#12240=CARTESIAN_POINT('Ctrl Pts',(-10.634066691029,9.85132823021288,16.4051822015345));
#12241=CARTESIAN_POINT('Ctrl Pts',(-10.8498803234617,10.2932781454999,16.1295815077643));
#12242=CARTESIAN_POINT('Ctrl Pts',(-11.0953169696802,10.5964924022558,15.9324915132338));
#12243=CARTESIAN_POINT('Ctrl Pts',(-11.4690429228038,10.804227751868,15.7898266457186));
#12244=CARTESIAN_POINT('Ctrl Pts',(-11.7017126542945,10.8807235217748,15.7367754214748));
#12245=CARTESIAN_POINT('Ctrl Pts',(-11.8050098722177,10.9121901832103,15.714896479202));
#12246=CARTESIAN_POINT('Ctrl Pts',(-12.0083028086311,10.956994952768,15.6835666014008));
#12247=CARTESIAN_POINT('Ctrl Pts',(-12.4024092437292,10.9880990886522,15.6615476919215));
#12248=CARTESIAN_POINT('Ctrl Pts',(-12.9492463029085,10.9039324750959,15.7213682490754));
#12249=CARTESIAN_POINT('Ctrl Pts',(-13.3281979964175,10.6936597723707,15.8658077154783));
#12250=CARTESIAN_POINT('Ctrl Pts',(-13.5645115943423,10.4968327086552,15.9965826362752));
#12251=CARTESIAN_POINT('Ctrl Pts',(-13.7289997394435,10.3257819051272,16.1087158832783));
#12252=CARTESIAN_POINT('Ctrl Pts',(-13.9017306521287,10.0128347395406,16.3057597592395));
#12253=CARTESIAN_POINT('Ctrl Pts',(-13.9751328553424,9.67698827879105,16.5071495968621));
#12254=CARTESIAN_POINT('Ctrl Pts',(-13.9598357844562,9.23401711244747,16.7613084307484));
#12255=CARTESIAN_POINT('Ctrl Pts',(-13.7406287839968,8.76882637818714,17.0078574243045));
#12256=CARTESIAN_POINT('Ctrl Pts',(-13.3929041728421,8.44003258475565,17.1709359540324));
#12257=CARTESIAN_POINT('Ctrl Pts',(-13.0648712745168,8.23842277045,17.2681078986688));
#12258=CARTESIAN_POINT('Ctrl Pts',(-12.6847435787828,8.11334078165842,17.3264820233682));
#12259=CARTESIAN_POINT('Ctrl Pts',(-12.4248623918385,8.08706134109741,17.3386359678891));
#12260=CARTESIAN_POINT('Ctrl Pts',(-12.3,8.08706237361417,17.3386433139669));
#12261=CARTESIAN_POINT('Ctrl Pts',(-12.3,8.27440111708878,17.3974033364468));
#12262=CARTESIAN_POINT('Ctrl Pts',(-12.1098635664491,8.27422481428861,17.3974637628801));
#12263=CARTESIAN_POINT('Ctrl Pts',(-11.7034002879295,8.34403501159522,17.3649083784069));
#12264=CARTESIAN_POINT('Ctrl Pts',(-11.3177551635862,8.57712453521194,17.2519885385804));
#12265=CARTESIAN_POINT('Ctrl Pts',(-11.1222912033223,8.76820105821192,17.1553191593387));
#12266=CARTESIAN_POINT('Ctrl Pts',(-10.9377736912451,8.98288899402856,17.045275336922));
#12267=CARTESIAN_POINT('Ctrl Pts',(-10.7141330315478,9.46154331116969,16.7894750075571));
#12268=CARTESIAN_POINT('Ctrl Pts',(-10.7672449182961,9.89672566183309,16.5330558938889));
#12269=CARTESIAN_POINT('Ctrl Pts',(-10.9680597957869,10.3064199948991,16.2790128844938));
#12270=CARTESIAN_POINT('Ctrl Pts',(-11.1961758494165,10.5856348979826,16.0990991358763));
#12271=CARTESIAN_POINT('Ctrl Pts',(-11.5396535058893,10.7760786251437,15.9699061646342));
#12272=CARTESIAN_POINT('Ctrl Pts',(-11.7533695778629,10.8460817071829,15.9219556009658));
#12273=CARTESIAN_POINT('Ctrl Pts',(-11.8476878601973,10.8748155424123,15.90223007322));
#12274=CARTESIAN_POINT('Ctrl Pts',(-12.0339559118836,10.9156339411602,15.8740749074136));
#12275=CARTESIAN_POINT('Ctrl Pts',(-12.3934056093392,10.9440089057698,15.8542457160029));
#12276=CARTESIAN_POINT('Ctrl Pts',(-12.8929924124772,10.8674766540586,15.9078719931675));
#12277=CARTESIAN_POINT('Ctrl Pts',(-13.241630265468,10.674971932934,16.0385183584745));
#12278=CARTESIAN_POINT('Ctrl Pts',(-13.4596545669759,10.4938936538215,16.157599740414));
#12279=CARTESIAN_POINT('Ctrl Pts',(-13.6120840426575,10.3362972387316,16.2599647821257));
#12280=CARTESIAN_POINT('Ctrl Pts',(-13.7727507605275,10.0467863770723,16.4410797601122));
#12281=CARTESIAN_POINT('Ctrl Pts',(-13.8412467187935,9.73563028535053,16.6271177370972));
#12282=CARTESIAN_POINT('Ctrl Pts',(-13.8270245208067,9.32506613600988,16.8628177113508));
#12283=CARTESIAN_POINT('Ctrl Pts',(-13.6228545360132,8.89607253590025,17.0917079624326));
#12284=CARTESIAN_POINT('Ctrl Pts',(-13.3010283067989,8.59500817001933,17.2427575566344));
#12285=CARTESIAN_POINT('Ctrl Pts',(-12.9995666206691,8.41149709866571,17.3324763542873));
#12286=CARTESIAN_POINT('Ctrl Pts',(-12.6512392815732,8.29812277468512,17.3862153920356));
#12287=CARTESIAN_POINT('Ctrl Pts',(-12.4141639455958,8.27440214960555,17.3974106825245));
#12288=CARTESIAN_POINT('Ctrl Pts',(-12.3,8.27440111708878,17.3974033364468));
#12289=CARTESIAN_POINT('Ctrl Pts',(-12.3,8.46173986056339,17.4561633589266));
#12290=CARTESIAN_POINT('Ctrl Pts',(-12.1278568232021,8.46173986056339,17.4561633589266));
#12291=CARTESIAN_POINT('Ctrl Pts',(-11.7599368813255,8.5238504775905,17.4265585511162));
#12292=CARTESIAN_POINT('Ctrl Pts',(-11.4079323721947,8.7338100162493,17.3230534994972));
#12293=CARTESIAN_POINT('Ctrl Pts',(-11.2283281119386,8.90736705843801,17.2340850920769));
#12294=CARTESIAN_POINT('Ctrl Pts',(-11.0586533658863,9.10281172327128,17.132686500353));
#12295=CARTESIAN_POINT('Ctrl Pts',(-10.8511276070353,9.54122893475845,16.8966155852052));
#12296=CARTESIAN_POINT('Ctrl Pts',(-10.9007574540401,9.94295338491919,16.6603404269826));
#12297=CARTESIAN_POINT('Ctrl Pts',(-11.086464198648,10.3190632116511,16.4287505191267));
#12298=CARTESIAN_POINT('Ctrl Pts',(-11.2967921213218,10.5751260790554,16.2654593310215));
#12299=CARTESIAN_POINT('Ctrl Pts',(-11.6105426643551,10.7478952146855,16.149973736236));
#12300=CARTESIAN_POINT('Ctrl Pts',(-11.8044393492891,10.8112270478889,16.1072772225089));
#12301=CARTESIAN_POINT('Ctrl Pts',(-11.890229207222,10.8372328821339,16.0897067769334));
#12302=CARTESIAN_POINT('Ctrl Pts',(-12.0589838896092,10.8741538849555,16.0646449795986));
#12303=CARTESIAN_POINT('Ctrl Pts',(-12.3845907212061,10.8996848835908,16.0471168487602));
#12304=CARTESIAN_POINT('Ctrl Pts',(-12.836818329098,10.8307923177866,16.0945600956733));
#12305=CARTESIAN_POINT('Ctrl Pts',(-13.1550138389825,10.6560819656335,16.2113705733063));
#12306=CARTESIAN_POINT('Ctrl Pts',(-13.3550465451254,10.4907826858299,16.3187552534379));
#12307=CARTESIAN_POINT('Ctrl Pts',(-13.4951791216561,10.3466355201964,16.4113433578418));
#12308=CARTESIAN_POINT('Ctrl Pts',(-13.6437814951926,10.0806460580679,16.5764538926112));
#12309=CARTESIAN_POINT('Ctrl Pts',(-13.707341430331,9.79417939270831,16.7471480670847));
#12310=CARTESIAN_POINT('Ctrl Pts',(-13.6940889317602,9.41616931406371,16.9642692044817));
#12311=CARTESIAN_POINT('Ctrl Pts',(-13.5047545810806,9.02304829669835,17.1756739620642));
#12312=CARTESIAN_POINT('Ctrl Pts',(-13.2094195273614,8.75007278832713,17.314578591253));
#12313=CARTESIAN_POINT('Ctrl Pts',(-12.9341435773995,8.58450110181558,17.3968689545362));
#12314=CARTESIAN_POINT('Ctrl Pts',(-12.6180115427714,8.48296375951368,17.4459603798556));
#12315=CARTESIAN_POINT('Ctrl Pts',(-12.4032858991995,8.46173986056339,17.4561633589266));
#12316=CARTESIAN_POINT('Ctrl Pts',(-12.3,8.46173986056339,17.4561633589266));
#12317=CARTESIAN_POINT('',(-12.3,7.89972363013956,17.2798832914871));
#12318=CARTESIAN_POINT('',(-12.3,8.46173986056339,17.4561633589266));
#12319=CARTESIAN_POINT('',(-12.3,7.89972363013956,17.2798832914871));
#12320=CARTESIAN_POINT('',(-13.6998552460042,9.69977667896762,16.801022707418));
#12321=CARTESIAN_POINT('Ctrl Pts',(-12.3,8.46173986056339,17.4561633589266));
#12322=CARTESIAN_POINT('Ctrl Pts',(-12.1278568232021,8.46173986056339,17.4561633589266));
#12323=CARTESIAN_POINT('Ctrl Pts',(-11.7599368813255,8.5238504775905,17.4265585511162));
#12324=CARTESIAN_POINT('Ctrl Pts',(-11.4079323721947,8.7338100162493,17.3230534994972));
#12325=CARTESIAN_POINT('Ctrl Pts',(-11.2283281119386,8.90736705843801,17.2340850920769));
#12326=CARTESIAN_POINT('Ctrl Pts',(-11.0586533658863,9.10281172327128,17.132686500353));
#12327=CARTESIAN_POINT('Ctrl Pts',(-10.8511276070353,9.54122893475845,16.8966155852052));
#12328=CARTESIAN_POINT('Ctrl Pts',(-10.9007574540401,9.94295338491919,16.6603404269826));
#12329=CARTESIAN_POINT('Ctrl Pts',(-11.086464198648,10.3190632116511,16.4287505191267));
#12330=CARTESIAN_POINT('Ctrl Pts',(-11.2967921213218,10.5751260790554,16.2654593310215));
#12331=CARTESIAN_POINT('Ctrl Pts',(-11.6105426643551,10.7478952146855,16.149973736236));
#12332=CARTESIAN_POINT('Ctrl Pts',(-11.8044393492891,10.8112270478889,16.1072772225089));
#12333=CARTESIAN_POINT('Ctrl Pts',(-11.890229207222,10.8372328821339,16.0897067769334));
#12334=CARTESIAN_POINT('Ctrl Pts',(-12.0589838896092,10.8741538849555,16.0646449795986));
#12335=CARTESIAN_POINT('Ctrl Pts',(-12.3845907212061,10.8996848835908,16.0471168487602));
#12336=CARTESIAN_POINT('Ctrl Pts',(-12.836818329098,10.8307923177866,16.0945600956733));
#12337=CARTESIAN_POINT('Ctrl Pts',(-13.1550138389825,10.6560819656335,16.2113705733063));
#12338=CARTESIAN_POINT('Ctrl Pts',(-13.3550465451254,10.4907826858299,16.3187552534379));
#12339=CARTESIAN_POINT('Ctrl Pts',(-13.4951791216561,10.3466355201964,16.4113433578418));
#12340=CARTESIAN_POINT('Ctrl Pts',(-13.6437814951926,10.0806460580679,16.5764538926112));
#12341=CARTESIAN_POINT('Ctrl Pts',(-13.6932169767815,9.85783875767683,16.7092159651518));
#12342=CARTESIAN_POINT('Ctrl Pts',(-13.6996882765296,9.73139711653865,16.782753073357));
#12343=CARTESIAN_POINT('Ctrl Pts',(-13.6998552460042,9.69977667896762,16.801022707418));
#12344=CARTESIAN_POINT('Ctrl Pts',(-13.6998552460042,9.69977667896762,16.801022707418));
#12345=CARTESIAN_POINT('Ctrl Pts',(-13.7001891866217,9.63653548791528,16.8375621580663));
#12346=CARTESIAN_POINT('Ctrl Pts',(-13.6783111217474,9.38340933838162,16.9818862089448));
#12347=CARTESIAN_POINT('Ctrl Pts',(-13.5047545810806,9.02304829669835,17.1756739620642));
#12348=CARTESIAN_POINT('Ctrl Pts',(-13.2094195273614,8.75007278832713,17.314578591253));
#12349=CARTESIAN_POINT('Ctrl Pts',(-12.9341435773995,8.58450110181558,17.3968689545362));
#12350=CARTESIAN_POINT('Ctrl Pts',(-12.6180115427714,8.48296375951368,17.4459603798556));
#12351=CARTESIAN_POINT('Ctrl Pts',(-12.4032858991995,8.46173986056339,17.4561633589266));
#12352=CARTESIAN_POINT('Ctrl Pts',(-12.3,8.46173986056339,17.4561633589266));
#12353=CARTESIAN_POINT('Ctrl Pts',(-12.3,7.89972363013956,17.2798832914871));
#12354=CARTESIAN_POINT('Ctrl Pts',(-12.4357404382349,7.89972363013956,17.2798832914871));
#12355=CARTESIAN_POINT('Ctrl Pts',(-12.7179713175846,7.92849979682987,17.2667370355481));
#12356=CARTESIAN_POINT('Ctrl Pts',(-13.1302943177864,8.06541876730012,17.2037152984199));
#12357=CARTESIAN_POINT('Ctrl Pts',(-13.4845129522796,8.28496796644785,17.0991149194138));
#12358=CARTESIAN_POINT('Ctrl Pts',(-13.8587287389294,8.64185061738904,16.923891424673));
#12359=CARTESIAN_POINT('Ctrl Pts',(-14.0927713735027,9.14291393439365,16.6598569376175));
#12360=CARTESIAN_POINT('Ctrl Pts',(-14.1090381438049,9.61843917143326,16.3871192668746));
#12361=CARTESIAN_POINT('Ctrl Pts',(-14.0306999174636,9.97897505854498,16.1703856267406));
#12362=CARTESIAN_POINT('Ctrl Pts',(-13.8459046604449,10.3154436236624,15.9573373075623));
#12363=CARTESIAN_POINT('Ctrl Pts',(-13.6691196161927,10.4999436766468,15.8354271232512));
#12364=CARTESIAN_POINT('Ctrl Pts',(-13.414814422903,10.7125497396711,15.6929555006465));
#12365=CARTESIAN_POINT('Ctrl Pts',(-13.0054203862877,10.9406168113678,15.5346801465695));
#12366=CARTESIAN_POINT('Ctrl Pts',(-12.4112241318623,11.0324231108311,15.4686765591642));
#12367=CARTESIAN_POINT('Ctrl Pts',(-11.9832748309054,10.9984750089727,15.4929965292157));
#12368=CARTESIAN_POINT('Ctrl Pts',(-11.762468525193,10.9497728434887,15.5274197754886));
#12369=CARTESIAN_POINT('Ctrl Pts',(-11.6506428828683,10.9155781810689,15.5514537999318));
#12370=CARTESIAN_POINT('Ctrl Pts',(-11.398153764338,10.8324111623262,15.6097590741169));
#12371=CARTESIAN_POINT('Ctrl Pts',(-10.9947006977749,10.6070012211829,15.7661313180886));
#12372=CARTESIAN_POINT('Ctrl Pts',(-10.7314759206006,10.2806349287479,15.9798438731313));
#12373=CARTESIAN_POINT('Ctrl Pts',(-10.500554155285,9.80510050712679,16.2778976684407));
#12374=CARTESIAN_POINT('Ctrl Pts',(-10.4396078884317,9.30229599346231,16.5752136263497));
#12375=CARTESIAN_POINT('Ctrl Pts',(-10.6960550540375,8.74357044095257,16.8701424752135));
#12376=CARTESIAN_POINT('Ctrl Pts',(-10.9099539751916,8.49021807575862,16.9976242870364));
#12377=CARTESIAN_POINT('Ctrl Pts',(-11.1375398404964,8.26403403041953,17.109707795044));
#12378=CARTESIAN_POINT('Ctrl Pts',(-11.5903425936958,7.98446920186967,17.2415653772487));
#12379=CARTESIAN_POINT('Ctrl Pts',(-12.0737659212071,7.89972363013956,17.2798832914871));
#12380=CARTESIAN_POINT('Ctrl Pts',(-12.3,7.89972363013956,17.2798832914871));
#12381=CARTESIAN_POINT('Origin',(-12.3,0.,0.));
#12382=CARTESIAN_POINT('',(-15.3,7.04561495250878,17.6453764465648));
#12383=CARTESIAN_POINT('Origin',(-15.3,0.,0.));
#12384=CARTESIAN_POINT('',(-9.3,7.04561495250878,17.6453764465648));
#12385=CARTESIAN_POINT('Origin',(-9.3,0.,0.));
#12386=CARTESIAN_POINT('',(-12.3,7.04561495250878,17.6453764465648));
#12387=CARTESIAN_POINT('Origin',(-12.3,7.21111007393836E-16,-4.16333634234434E-16));
#12388=CARTESIAN_POINT('',(-13.7,13.,22.5166604983954));
#12389=CARTESIAN_POINT('',(-13.7,8.69591540815323E-16,-5.02058910174748E-16));
#12390=CARTESIAN_POINT('Origin',(-12.3,13.,22.5166604983954));
#12391=CARTESIAN_POINT('Ctrl Pts',(-12.3,-7.89972363013956,17.2798832914871));
#12392=CARTESIAN_POINT('Ctrl Pts',(-12.4413962992456,-7.89972363013956,
17.2798832914871));
#12393=CARTESIAN_POINT('Ctrl Pts',(-12.7356193121953,-7.93076728592566,
17.265739351069));
#12394=CARTESIAN_POINT('Ctrl Pts',(-13.1634417804491,-8.08025043478305,
17.1967421506069));
#12395=CARTESIAN_POINT('Ctrl Pts',(-13.5245601815633,-8.31474739095183,
17.0848372571117));
#12396=CARTESIAN_POINT('Ctrl Pts',(-13.8538378305241,-8.65125433575994,
16.9184363589471));
#12397=CARTESIAN_POINT('Ctrl Pts',(-14.0998684053984,-9.16271367285144,
16.6490349089426));
#12398=CARTESIAN_POINT('Ctrl Pts',(-14.116466663455,-9.66223840488017,16.3626470636025));
#12399=CARTESIAN_POINT('Ctrl Pts',(-14.0205715322265,-9.97300928340523,
16.1727740273328));
#12400=CARTESIAN_POINT('Ctrl Pts',(-13.8719977603356,-10.2787395311456,
15.9812020721119));
#12401=CARTESIAN_POINT('Ctrl Pts',(-13.7332398155916,-10.4479412777664,
15.8703448334573));
#12402=CARTESIAN_POINT('Ctrl Pts',(-13.3941566449584,-10.7301106188172,
15.6811480051483));
#12403=CARTESIAN_POINT('Ctrl Pts',(-12.9751930745672,-10.9516664089783,
15.5266998605153));
#12404=CARTESIAN_POINT('Ctrl Pts',(-12.4402638248336,-11.0227719242156,
15.4756620800301));
#12405=CARTESIAN_POINT('Ctrl Pts',(-12.071538627258,-11.0080109894178,15.4862205156291));
#12406=CARTESIAN_POINT('Ctrl Pts',(-11.5986564198486,-10.9351889091591,
15.5380107705248));
#12407=CARTESIAN_POINT('Ctrl Pts',(-11.2267821068103,-10.7470096676751,
15.6697637423015));
#12408=CARTESIAN_POINT('Ctrl Pts',(-10.8668474083776,-10.4479668188508,
15.8703108030175));
#12409=CARTESIAN_POINT('Ctrl Pts',(-10.7284209764894,-10.2788659988111,
15.9810888111574));
#12410=CARTESIAN_POINT('Ctrl Pts',(-10.5796602678876,-9.97307898027785,
16.172707273464));
#12411=CARTESIAN_POINT('Ctrl Pts',(-10.483727035194,-9.66229672608426,16.3625923299608));
#12412=CARTESIAN_POINT('Ctrl Pts',(-10.5002677396292,-9.16275461619598,
16.6489958022605));
#12413=CARTESIAN_POINT('Ctrl Pts',(-10.7462494818179,-8.65128061753871,
16.9184115919225));
#12414=CARTESIAN_POINT('Ctrl Pts',(-11.075485937364,-8.31476126661294,17.0848240899523));
#12415=CARTESIAN_POINT('Ctrl Pts',(-11.4365930742214,-8.08026092453666,
17.1967322402225));
#12416=CARTESIAN_POINT('Ctrl Pts',(-11.8643928344916,-7.9307709403872,17.2657358821583));
#12417=CARTESIAN_POINT('Ctrl Pts',(-12.1586037007544,-7.89972363013956,
17.2798832914871));
#12418=CARTESIAN_POINT('Ctrl Pts',(-12.3,-7.89972363013956,17.2798832914871));
#12419=CARTESIAN_POINT('Ctrl Pts',(-12.3,-8.08706237361417,17.3386433139669));
#12420=CARTESIAN_POINT('Ctrl Pts',(-12.4300574610675,-8.08704202368442,
17.3386467496145));
#12421=CARTESIAN_POINT('Ctrl Pts',(-12.7009677804357,-8.11541814910186,
17.3255507316736));
#12422=CARTESIAN_POINT('Ctrl Pts',(-13.095455608009,-8.25199256997075,17.2616452856104));
#12423=CARTESIAN_POINT('Ctrl Pts',(-13.430092306228,-8.46740328695751,17.157665086686));
#12424=CARTESIAN_POINT('Ctrl Pts',(-13.7362040464606,-8.77766712190208,
17.0027364389792));
#12425=CARTESIAN_POINT('Ctrl Pts',(-13.9664588722453,-9.25230580754438,
16.7512799967027));
#12426=CARTESIAN_POINT('Ctrl Pts',(-13.982075828207,-9.71788302645587,16.4842432208913));
#12427=CARTESIAN_POINT('Ctrl Pts',(-13.8922447277198,-10.0072966425848,
16.3080278138905));
#12428=CARTESIAN_POINT('Ctrl Pts',(-13.7534554824784,-10.2917111253848,
16.1307164484319));
#12429=CARTESIAN_POINT('Ctrl Pts',(-13.6240357483232,-10.4487881147873,
16.0285573905694));
#12430=CARTESIAN_POINT('Ctrl Pts',(-13.3090246123766,-10.7099481575485,
15.8549525902227));
#12431=CARTESIAN_POINT('Ctrl Pts',(-12.9212990988146,-10.9141503553141,
15.7140636733247));
#12432=CARTESIAN_POINT('Ctrl Pts',(-12.4291428164477,-10.9793128757875,
15.6678324992227));
#12433=CARTESIAN_POINT('Ctrl Pts',(-12.0896564592806,-10.9657892592534,
15.6773905697133));
#12434=CARTESIAN_POINT('Ctrl Pts',(-11.6543531663964,-10.8989248488228,
15.7244161320784));
#12435=CARTESIAN_POINT('Ctrl Pts',(-11.3104323352291,-10.725581587164,15.8445112028625));
#12436=CARTESIAN_POINT('Ctrl Pts',(-10.9760817272173,-10.448827207824,16.0285116898264));
#12437=CARTESIAN_POINT('Ctrl Pts',(-10.8469468359049,-10.2918302789914,
16.130609478641));
#12438=CARTESIAN_POINT('Ctrl Pts',(-10.7079967373314,-10.0073706388108,
16.3079573630601));
#12439=CARTESIAN_POINT('Ctrl Pts',(-10.6181108970183,-9.71793824574466,
16.4841911545228));
#12440=CARTESIAN_POINT('Ctrl Pts',(-10.6336809909335,-9.2523484047784,16.7512394678782));
#12441=CARTESIAN_POINT('Ctrl Pts',(-10.8638812101154,-8.77769248924974,
17.0027124582526));
#12442=CARTESIAN_POINT('Ctrl Pts',(-11.1699547533971,-8.46741758105276,
17.1576515597249));
#12443=CARTESIAN_POINT('Ctrl Pts',(-11.504578611441,-8.25200277717037,17.2616356181876));
#12444=CARTESIAN_POINT('Ctrl Pts',(-11.8990448230181,-8.11542200673893,
17.325547088057));
#12445=CARTESIAN_POINT('Ctrl Pts',(-12.1699422517763,-8.08704189595382,
17.338646859447));
#12446=CARTESIAN_POINT('Ctrl Pts',(-12.3,-8.08706237361417,17.3386433139669));
#12447=CARTESIAN_POINT('Ctrl Pts',(-12.3,-8.27440111708878,17.3974033364468));
#12448=CARTESIAN_POINT('Ctrl Pts',(-12.4189283236767,-8.27442146701853,
17.3973999007992));
#12449=CARTESIAN_POINT('Ctrl Pts',(-12.666088997908,-8.2999514756279,17.3853862880928));
#12450=CARTESIAN_POINT('Ctrl Pts',(-13.0276438372196,-8.42384962189925,
17.3265102295037));
#12451=CARTESIAN_POINT('Ctrl Pts',(-13.3352308523904,-8.61994768736256,
17.230500561777));
#12452=CARTESIAN_POINT('Ctrl Pts',(-13.6188071233198,-8.90432469827624,
17.0869324585965));
#12453=CARTESIAN_POINT('Ctrl Pts',(-13.8331343147546,-9.34201944864159,
16.8534811011589));
#12454=CARTESIAN_POINT('Ctrl Pts',(-13.8477643353842,-9.77344343577897,
16.6059017898446));
#12455=CARTESIAN_POINT('Ctrl Pts',(-13.7639738830672,-10.0414942907439,
16.4433627779148));
#12456=CARTESIAN_POINT('Ctrl Pts',(-13.634715337424,-10.3047123480095,16.2801862094713));
#12457=CARTESIAN_POINT('Ctrl Pts',(-13.5146380390724,-10.4495587793763,
16.1868166231202));
#12458=CARTESIAN_POINT('Ctrl Pts',(-13.2238978426461,-10.6898651506203,
16.0286940399914));
#12459=CARTESIAN_POINT('Ctrl Pts',(-12.8675691493644,-10.8765841757537,
15.9014753836374));
#12460=CARTESIAN_POINT('Ctrl Pts',(-12.41788798286,-10.9359133501209,15.8599569859156));
#12461=CARTESIAN_POINT('Ctrl Pts',(-12.1079992384873,-10.9235600662858,
15.8685795022803));
#12462=CARTESIAN_POINT('Ctrl Pts',(-11.7101448664682,-10.8626414121575,
15.9108427977794));
#12463=CARTESIAN_POINT('Ctrl Pts',(-11.3940495532377,-10.7042337248866,
16.0192030574316));
#12464=CARTESIAN_POINT('Ctrl Pts',(-11.0853951924912,-10.4495527567046,
16.1868135227755));
#12465=CARTESIAN_POINT('Ctrl Pts',(-10.9656273409345,-10.3048002997091,
16.2801105803384));
#12466=CARTESIAN_POINT('Ctrl Pts',(-10.8361953197236,-10.0415310286518,
16.4433279642511));
#12467=CARTESIAN_POINT('Ctrl Pts',(-10.7523925543752,-9.77348175987285,
16.6058669748789));
#12468=CARTESIAN_POINT('Ctrl Pts',(-10.7669670659893,-9.34204198664654,
16.8534599076948));
#12469=CARTESIAN_POINT('Ctrl Pts',(-10.9812624685182,-8.90434140517025,
17.0869171782999));
#12470=CARTESIAN_POINT('Ctrl Pts',(-11.2648038433995,-8.61995553508083,
17.2304932630898));
#12471=CARTESIAN_POINT('Ctrl Pts',(-11.5723837479951,-8.42385618785802,
17.3265041998698));
#12472=CARTESIAN_POINT('Ctrl Pts',(-11.9339199307543,-8.29995344870292,
17.3853844456945));
#12473=CARTESIAN_POINT('Ctrl Pts',(-12.1810719634794,-8.27442159474914,
17.3973997909667));
#12474=CARTESIAN_POINT('Ctrl Pts',(-12.3,-8.27440111708878,17.3974033364468));
#12475=CARTESIAN_POINT('Ctrl Pts',(-12.3,-8.46173986056339,17.4561633589266));
#12476=CARTESIAN_POINT('Ctrl Pts',(-12.4075894854987,-8.46173986056339,
17.4561633589266));
#12477=CARTESIAN_POINT('Ctrl Pts',(-12.6314374661484,-8.48460233880409,
17.4451976686975));
#12478=CARTESIAN_POINT('Ctrl Pts',(-12.9596576647794,-8.59559175708694,
17.3914133645072));
#12479=CARTESIAN_POINT('Ctrl Pts',(-13.2407629770551,-8.77260358336824,
17.3033283913514));
#12480=CARTESIAN_POINT('Ctrl Pts',(-13.5011733392564,-9.03073748441838,
17.1712325386287));
#12481=CARTESIAN_POINT('Ctrl Pts',(-13.6997247816014,-9.43161158333453,
16.955726188919));
#12482=CARTESIAN_POINT('Ctrl Pts',(-13.7133735001363,-9.82908805735468,
16.7274979471335));
#12483=CARTESIAN_POINT('Ctrl Pts',(-13.6356470785605,-10.0757816499234,
16.5786165644725));
#12484=CARTESIAN_POINT('Ctrl Pts',(-13.5161730595667,-10.3176839422487,
16.4297005857913));
#12485=CARTESIAN_POINT('Ctrl Pts',(-13.4054339718039,-10.4504056163972,
16.3450291802323));
#12486=CARTESIAN_POINT('Ctrl Pts',(-13.1387658100643,-10.6697026893516,
16.2024986250658));
#12487=CARTESIAN_POINT('Ctrl Pts',(-12.8136751736118,-10.8390681220894,
16.0888391964468));
#12488=CARTESIAN_POINT('Ctrl Pts',(-12.4067669744742,-10.8924543016928,
16.0521274051083));
#12489=CARTESIAN_POINT('Ctrl Pts',(-12.1261170705099,-10.8813383361215,
16.0597495563644));
#12490=CARTESIAN_POINT('Ctrl Pts',(-11.7658416130161,-10.8263773518212,
16.0972481593329));
#12491=CARTESIAN_POINT('Ctrl Pts',(-11.4776997816564,-10.6828056443755,
16.1939505179925));
#12492=CARTESIAN_POINT('Ctrl Pts',(-11.194629511331,-10.4504131456778,16.3450144095845));
#12493=CARTESIAN_POINT('Ctrl Pts',(-11.08415320035,-10.3177645798893,16.429631247822));
#12494=CARTESIAN_POINT('Ctrl Pts',(-10.9645317891675,-10.0758226871848,
16.5785780538473));
#12495=CARTESIAN_POINT('Ctrl Pts',(-10.8867764161996,-9.82912327953324,
16.7274657994408));
#12496=CARTESIAN_POINT('Ctrl Pts',(-10.9003803172936,-9.43163577522896,
16.9557035733124));
#12497=CARTESIAN_POINT('Ctrl Pts',(-11.0988941968158,-9.03075327688127,
17.17121804463));
#12498=CARTESIAN_POINT('Ctrl Pts',(-11.3592726594326,-8.77261184952065,
17.3033207328625));
#12499=CARTESIAN_POINT('Ctrl Pts',(-11.6403692852147,-8.59559804049173,
17.3914075778348));
#12500=CARTESIAN_POINT('Ctrl Pts',(-11.9685719192807,-8.48460451505465,
17.4451956515933));
#12501=CARTESIAN_POINT('Ctrl Pts',(-12.1924105145013,-8.46173986056339,
17.4561633589266));
#12502=CARTESIAN_POINT('Ctrl Pts',(-12.3,-8.46173986056339,17.4561633589266));
#12503=CARTESIAN_POINT('',(-12.3,-7.89972363013956,17.2798832914871));
#12504=CARTESIAN_POINT('',(-12.3,-8.46173986056339,17.4561633589266));
#12505=CARTESIAN_POINT('',(-12.3,-7.89972363013956,17.2798832914871));
#12506=CARTESIAN_POINT('',(-13.7000114990074,-9.69973315937452,16.8010342292508));
#12507=CARTESIAN_POINT('Ctrl Pts',(-12.3,-8.46173986056339,17.4561633589266));
#12508=CARTESIAN_POINT('Ctrl Pts',(-12.4075894854987,-8.46173986056339,
17.4561633589266));
#12509=CARTESIAN_POINT('Ctrl Pts',(-12.6314374661484,-8.48460233880409,
17.4451976686975));
#12510=CARTESIAN_POINT('Ctrl Pts',(-12.9596576647794,-8.59559175708694,
17.3914133645072));
#12511=CARTESIAN_POINT('Ctrl Pts',(-13.2407629770551,-8.77260358336824,
17.3033283913514));
#12512=CARTESIAN_POINT('Ctrl Pts',(-13.5011733392564,-9.03073748441838,
17.1712325386287));
#12513=CARTESIAN_POINT('Ctrl Pts',(-13.6699420969882,-9.37148053257709,
16.9880521069266));
#12514=CARTESIAN_POINT('Ctrl Pts',(-13.700319639414,-9.61037419518771,16.8526417512018));
#12515=CARTESIAN_POINT('Ctrl Pts',(-13.7000114990074,-9.69973315937452,
16.8010342292508));
#12516=CARTESIAN_POINT('Ctrl Pts',(-13.7000114990074,-9.69973315937452,
16.8010342292508));
#12517=CARTESIAN_POINT('Ctrl Pts',(-13.6998060724346,-9.75930569635774,
16.766629275724));
#12518=CARTESIAN_POINT('Ctrl Pts',(-13.6853919684896,-9.91789781377402,
16.6739006112975));
#12519=CARTESIAN_POINT('Ctrl Pts',(-13.6356470785605,-10.0757816499234,
16.5786165644725));
#12520=CARTESIAN_POINT('Ctrl Pts',(-13.5161730595667,-10.3176839422487,
16.4297005857913));
#12521=CARTESIAN_POINT('Ctrl Pts',(-13.4054339718039,-10.4504056163972,
16.3450291802323));
#12522=CARTESIAN_POINT('Ctrl Pts',(-13.1387658100643,-10.6697026893516,
16.2024986250658));
#12523=CARTESIAN_POINT('Ctrl Pts',(-12.8136751736118,-10.8390681220894,
16.0888391964468));
#12524=CARTESIAN_POINT('Ctrl Pts',(-12.4067669744742,-10.8924543016928,
16.0521274051083));
#12525=CARTESIAN_POINT('Ctrl Pts',(-12.1261170705099,-10.8813383361215,
16.0597495563644));
#12526=CARTESIAN_POINT('Ctrl Pts',(-11.7658416130161,-10.8263773518212,
16.0972481593329));
#12527=CARTESIAN_POINT('Ctrl Pts',(-11.4776997816564,-10.6828056443755,
16.1939505179925));
#12528=CARTESIAN_POINT('Ctrl Pts',(-11.194629511331,-10.4504131456778,16.3450144095845));
#12529=CARTESIAN_POINT('Ctrl Pts',(-11.08415320035,-10.3177645798893,16.429631247822));
#12530=CARTESIAN_POINT('Ctrl Pts',(-10.9645317891675,-10.0758226871848,
16.5785780538473));
#12531=CARTESIAN_POINT('Ctrl Pts',(-10.8867764161996,-9.82912327953324,
16.7274657994408));
#12532=CARTESIAN_POINT('Ctrl Pts',(-10.9003803172936,-9.43163577522896,
16.9557035733124));
#12533=CARTESIAN_POINT('Ctrl Pts',(-11.0988941968158,-9.03075327688127,
17.17121804463));
#12534=CARTESIAN_POINT('Ctrl Pts',(-11.3592726594326,-8.77261184952065,
17.3033207328625));
#12535=CARTESIAN_POINT('Ctrl Pts',(-11.6403692852147,-8.59559804049173,
17.3914075778348));
#12536=CARTESIAN_POINT('Ctrl Pts',(-11.9685719192807,-8.48460451505465,
17.4451956515933));
#12537=CARTESIAN_POINT('Ctrl Pts',(-12.1924105145013,-8.46173986056339,
17.4561633589266));
#12538=CARTESIAN_POINT('Ctrl Pts',(-12.3,-8.46173986056339,17.4561633589266));
#12539=CARTESIAN_POINT('Ctrl Pts',(-12.3,-7.89972363013956,17.2798832914871));
#12540=CARTESIAN_POINT('Ctrl Pts',(-12.1586037007544,-7.89972363013956,
17.2798832914871));
#12541=CARTESIAN_POINT('Ctrl Pts',(-11.8643928344916,-7.9307709403872,17.2657358821583));
#12542=CARTESIAN_POINT('Ctrl Pts',(-11.4365930742214,-8.08026092453666,
17.1967322402225));
#12543=CARTESIAN_POINT('Ctrl Pts',(-11.075485937364,-8.31476126661294,17.0848240899523));
#12544=CARTESIAN_POINT('Ctrl Pts',(-10.7462494818179,-8.65128061753871,
16.9184115919225));
#12545=CARTESIAN_POINT('Ctrl Pts',(-10.5002677396292,-9.16275461619598,
16.6489958022605));
#12546=CARTESIAN_POINT('Ctrl Pts',(-10.483727035194,-9.66229672608426,16.3625923299608));
#12547=CARTESIAN_POINT('Ctrl Pts',(-10.5796602678876,-9.97307898027785,
16.172707273464));
#12548=CARTESIAN_POINT('Ctrl Pts',(-10.7284209764894,-10.2788659988111,
15.9810888111574));
#12549=CARTESIAN_POINT('Ctrl Pts',(-10.8668474083776,-10.4479668188508,
15.8703108030175));
#12550=CARTESIAN_POINT('Ctrl Pts',(-11.2267821068103,-10.7470096676751,
15.6697637423015));
#12551=CARTESIAN_POINT('Ctrl Pts',(-11.5986564198486,-10.9351889091591,
15.5380107705248));
#12552=CARTESIAN_POINT('Ctrl Pts',(-12.071538627258,-11.0080109894178,15.4862205156291));
#12553=CARTESIAN_POINT('Ctrl Pts',(-12.4402638248336,-11.0227719242156,
15.4756620800301));
#12554=CARTESIAN_POINT('Ctrl Pts',(-12.9751930745672,-10.9516664089783,
15.5266998605153));
#12555=CARTESIAN_POINT('Ctrl Pts',(-13.3941566449584,-10.7301106188172,
15.6811480051483));
#12556=CARTESIAN_POINT('Ctrl Pts',(-13.7332398155916,-10.4479412777664,
15.8703448334573));
#12557=CARTESIAN_POINT('Ctrl Pts',(-13.8719977603356,-10.2787395311456,
15.9812020721119));
#12558=CARTESIAN_POINT('Ctrl Pts',(-14.0205715322265,-9.97300928340523,
16.1727740273328));
#12559=CARTESIAN_POINT('Ctrl Pts',(-14.116466663455,-9.66223840488017,16.3626470636025));
#12560=CARTESIAN_POINT('Ctrl Pts',(-14.0998684053984,-9.16271367285144,
16.6490349089426));
#12561=CARTESIAN_POINT('Ctrl Pts',(-13.8538378305241,-8.65125433575994,
16.9184363589471));
#12562=CARTESIAN_POINT('Ctrl Pts',(-13.5245601815633,-8.31474739095183,
17.0848372571117));
#12563=CARTESIAN_POINT('Ctrl Pts',(-13.1634417804491,-8.08025043478305,
17.1967421506069));
#12564=CARTESIAN_POINT('Ctrl Pts',(-12.7356193121953,-7.93076728592566,
17.265739351069));
#12565=CARTESIAN_POINT('Ctrl Pts',(-12.4413962992456,-7.89972363013956,
17.2798832914871));
#12566=CARTESIAN_POINT('Ctrl Pts',(-12.3,-7.89972363013956,17.2798832914871));
#12567=CARTESIAN_POINT('Origin',(-12.3,-7.21111007393836E-16,-4.16333634234434E-16));
#12568=CARTESIAN_POINT('',(-13.7,-13.,22.5166604983954));
#12569=CARTESIAN_POINT('',(-13.7,-8.69591540815323E-16,-5.02058910174748E-16));
#12570=CARTESIAN_POINT('Origin',(-12.3,-13.,22.5166604983954));
#12571=CARTESIAN_POINT('Origin',(-12.3,0.,0.));
#12572=CARTESIAN_POINT('',(-15.3,-7.04561495250877,17.6453764465648));
#12573=CARTESIAN_POINT('',(-15.3,-17.6453764465648,7.04561495250878));
#12574=CARTESIAN_POINT('Origin',(-15.3,0.,0.));
#12575=CARTESIAN_POINT('',(-9.3,-7.04561495250877,17.6453764465648));
#12576=CARTESIAN_POINT('',(-12.3,-7.04561495250877,17.6453764465648));
#12577=CARTESIAN_POINT('',(-9.3,-17.6453764465648,7.04561495250878));
#12578=CARTESIAN_POINT('Origin',(-9.3,0.,0.));
#12579=CARTESIAN_POINT('',(-12.3,-17.6453764465648,7.04561495250878));
#12580=CARTESIAN_POINT('Origin',(-14.5,-20.65,24.8));
#12581=CARTESIAN_POINT('',(-17.575,-20.65,24.6));
#12582=CARTESIAN_POINT('',(-17.775,-20.65,24.8));
#12583=CARTESIAN_POINT('',(-11.425,-20.65,24.6));
#12584=CARTESIAN_POINT('Origin',(-14.5,-20.65,24.6));
#12585=CARTESIAN_POINT('Origin',(-14.5,-20.65,24.6));
#12586=CARTESIAN_POINT('Origin',(-14.5,-20.65,21.4));
#12587=CARTESIAN_POINT('',(-11.425,-20.65,17.8));
#12588=CARTESIAN_POINT('',(-11.425,-20.65,21.4));
#12589=CARTESIAN_POINT('Origin',(-14.5,-20.65,17.8));
#12590=CARTESIAN_POINT('Origin',(14.5,-20.65,24.8));
#12591=CARTESIAN_POINT('',(17.575,-20.65,24.6));
#12592=CARTESIAN_POINT('',(17.775,-20.65,24.8));
#12593=CARTESIAN_POINT('',(11.425,-20.65,24.6));
#12594=CARTESIAN_POINT('Origin',(14.5,-20.65,24.6));
#12595=CARTESIAN_POINT('Origin',(14.5,-20.65,24.6));
#12596=CARTESIAN_POINT('Origin',(14.5,-20.65,21.4));
#12597=CARTESIAN_POINT('',(11.425,-20.65,17.8));
#12598=CARTESIAN_POINT('',(11.425,-20.65,21.4));
#12599=CARTESIAN_POINT('Origin',(14.5,-20.65,17.8));
#12600=CARTESIAN_POINT('Origin',(-14.5,20.65,24.8));
#12601=CARTESIAN_POINT('',(-17.575,20.65,24.6));
#12602=CARTESIAN_POINT('',(-17.775,20.65,24.8));
#12603=CARTESIAN_POINT('',(-11.425,20.65,24.6));
#12604=CARTESIAN_POINT('Origin',(-14.5,20.65,24.6));
#12605=CARTESIAN_POINT('Origin',(-14.5,20.65,24.6));
#12606=CARTESIAN_POINT('Origin',(-14.5,20.65,21.4));
#12607=CARTESIAN_POINT('',(-11.425,20.65,17.8));
#12608=CARTESIAN_POINT('',(-11.425,20.65,21.4));
#12609=CARTESIAN_POINT('Origin',(-14.5,20.65,17.8));
#12610=CARTESIAN_POINT('Origin',(14.5,20.65,24.8));
#12611=CARTESIAN_POINT('',(17.575,20.65,24.6));
#12612=CARTESIAN_POINT('',(17.775,20.65,24.8));
#12613=CARTESIAN_POINT('',(11.425,20.65,24.6));
#12614=CARTESIAN_POINT('Origin',(14.5,20.65,24.6));
#12615=CARTESIAN_POINT('Origin',(14.5,20.65,24.6));
#12616=CARTESIAN_POINT('Origin',(14.5,20.65,21.4));
#12617=CARTESIAN_POINT('',(11.425,20.65,17.8));
#12618=CARTESIAN_POINT('',(11.425,20.65,21.4));
#12619=CARTESIAN_POINT('Origin',(14.5,20.65,17.8));
#12620=CARTESIAN_POINT('Origin',(12.45,24.7,24.8));
#12621=CARTESIAN_POINT('',(-24.4,24.9,24.6));
#12622=CARTESIAN_POINT('',(-24.4,24.9,24.6));
#12623=CARTESIAN_POINT('',(-10.7,24.9,24.6));
#12624=CARTESIAN_POINT('',(-10.7,24.5,25.));
#12625=CARTESIAN_POINT('',(12.45,24.9,24.6));
#12626=CARTESIAN_POINT('Origin',(-24.4,24.4,24.8));
#12627=CARTESIAN_POINT('',(-24.9,24.4,24.6));
#12628=CARTESIAN_POINT('Origin',(-24.4,24.4,24.6));
#12629=CARTESIAN_POINT('',(-24.9,24.4,24.6));
#12630=CARTESIAN_POINT('Origin',(-24.7,12.45,24.8));
#12631=CARTESIAN_POINT('',(-24.9,-24.4,24.6));
#12632=CARTESIAN_POINT('',(-24.9,-24.4,24.6));
#12633=CARTESIAN_POINT('',(-24.9,12.45,24.6));
#12634=CARTESIAN_POINT('Origin',(-24.4,-24.4,24.8));
#12635=CARTESIAN_POINT('',(-24.4,-24.9,24.6));
#12636=CARTESIAN_POINT('Origin',(-24.4,-24.4,24.6));
#12637=CARTESIAN_POINT('',(-24.4,-24.9,24.6));
#12638=CARTESIAN_POINT('Origin',(-12.45,-24.7,24.8));
#12639=CARTESIAN_POINT('',(3.3,-24.9,24.6));
#12640=CARTESIAN_POINT('',(3.3,-24.9,24.6));
#12641=CARTESIAN_POINT('',(-12.45,-24.9,24.6));
#12642=CARTESIAN_POINT('Origin',(3.3,-24.4,24.8));
#12643=CARTESIAN_POINT('',(3.8,-24.4,24.6));
#12644=CARTESIAN_POINT('Origin',(3.3,-24.4,24.6));
#12645=CARTESIAN_POINT('',(3.8,-24.4,24.6));
#12646=CARTESIAN_POINT('Origin',(3.60000000000001,-12.45,24.8));
#12647=CARTESIAN_POINT('',(3.8,-21.2,24.6));
#12648=CARTESIAN_POINT('',(3.8,-21.2,24.6));
#12649=CARTESIAN_POINT('',(3.80000000000001,-12.45,24.6));
#12650=CARTESIAN_POINT('Origin',(7.,-21.2,24.8));
#12651=CARTESIAN_POINT('',(10.2,-21.2,24.6));
#12652=CARTESIAN_POINT('',(10.2,-21.2,24.6));
#12653=CARTESIAN_POINT('Origin',(7.,-21.2,24.6));
#12654=CARTESIAN_POINT('Origin',(10.4,-10.6,24.8));
#12655=CARTESIAN_POINT('',(10.2,-24.4,24.6));
#12656=CARTESIAN_POINT('',(10.2,-24.4,24.6));
#12657=CARTESIAN_POINT('',(10.2,-10.6,24.6));
#12658=CARTESIAN_POINT('Origin',(10.7,-24.4,24.8));
#12659=CARTESIAN_POINT('',(10.7,-24.9,24.6));
#12660=CARTESIAN_POINT('Origin',(10.7,-24.4,24.6));
#12661=CARTESIAN_POINT('',(10.7,-24.9,24.6));
#12662=CARTESIAN_POINT('Origin',(-12.45,-24.7,24.8));
#12663=CARTESIAN_POINT('',(24.4,-24.9,24.6));
#12664=CARTESIAN_POINT('',(24.4,-24.9,24.6));
#12665=CARTESIAN_POINT('',(-12.45,-24.9,24.6));
#12666=CARTESIAN_POINT('Origin',(24.4,-24.4,24.8));
#12667=CARTESIAN_POINT('',(24.9,-24.4,24.6));
#12668=CARTESIAN_POINT('Origin',(24.4,-24.4,24.6));
#12669=CARTESIAN_POINT('',(24.9,-24.4,24.6));
#12670=CARTESIAN_POINT('Origin',(24.7,-12.45,24.8));
#12671=CARTESIAN_POINT('',(24.9,24.4,24.6));
#12672=CARTESIAN_POINT('',(24.9,24.4,24.6));
#12673=CARTESIAN_POINT('',(24.9,-12.45,24.6));
#12674=CARTESIAN_POINT('Origin',(24.4,24.4,24.8));
#12675=CARTESIAN_POINT('',(24.4,24.9,24.6));
#12676=CARTESIAN_POINT('Origin',(24.4,24.4,24.6));
#12677=CARTESIAN_POINT('',(24.4,24.9,24.6));
#12678=CARTESIAN_POINT('Origin',(12.45,24.7,24.8));
#12679=CARTESIAN_POINT('',(-3.3,24.9,24.6));
#12680=CARTESIAN_POINT('',(-3.3,24.9,24.6));
#12681=CARTESIAN_POINT('',(12.45,24.9,24.6));
#12682=CARTESIAN_POINT('Origin',(-3.3,24.4,24.8));
#12683=CARTESIAN_POINT('',(-3.8,24.4,24.6));
#12684=CARTESIAN_POINT('Origin',(-3.3,24.4,24.6));
#12685=CARTESIAN_POINT('',(-3.8,24.4,24.6));
#12686=CARTESIAN_POINT('Origin',(-3.60000000000001,12.45,24.8));
#12687=CARTESIAN_POINT('',(-3.8,21.2,24.6));
#12688=CARTESIAN_POINT('',(-3.8,21.2,24.6));
#12689=CARTESIAN_POINT('',(-3.80000000000001,12.45,24.6));
#12690=CARTESIAN_POINT('Origin',(-7.,21.2,24.8));
#12691=CARTESIAN_POINT('',(-10.2,21.2,24.6));
#12692=CARTESIAN_POINT('',(-10.2,21.2,24.6));
#12693=CARTESIAN_POINT('Origin',(-7.,21.2,24.6));
#12694=CARTESIAN_POINT('Origin',(-10.4,10.6,24.8));
#12695=CARTESIAN_POINT('',(-10.2,24.4,24.6));
#12696=CARTESIAN_POINT('',(-10.2,24.4,24.6));
#12697=CARTESIAN_POINT('',(-10.2,10.6,24.6));
#12698=CARTESIAN_POINT('Origin',(-10.7,24.4,24.8));
#12699=CARTESIAN_POINT('Origin',(-10.7,24.4,24.6));
#12700=CARTESIAN_POINT('Origin',(10.7,-24.4,12.5));
#12701=CARTESIAN_POINT('',(10.2,-24.4,21.));
#12702=CARTESIAN_POINT('',(10.2,-24.4,12.5));
#12703=CARTESIAN_POINT('',(10.7,-24.9,21.));
#12704=CARTESIAN_POINT('Origin',(10.7,-24.4,21.));
#12705=CARTESIAN_POINT('',(10.7,-24.9,12.5));
#12706=CARTESIAN_POINT('Origin',(10.2,-21.2,25.));
#12707=CARTESIAN_POINT('',(10.2,-21.2,21.));
#12708=CARTESIAN_POINT('',(10.2,-21.2,23.));
#12709=CARTESIAN_POINT('',(10.2,-22.125,21.));
#12710=CARTESIAN_POINT('Origin',(7.,-21.2,23.));
#12711=CARTESIAN_POINT('',(3.8,-21.2,21.));
#12712=CARTESIAN_POINT('',(3.8,-21.2,23.));
#12713=CARTESIAN_POINT('Origin',(7.,-21.2,21.));
#12714=CARTESIAN_POINT('Origin',(3.8,-24.9,25.));
#12715=CARTESIAN_POINT('',(3.8,-24.4,21.));
#12716=CARTESIAN_POINT('',(3.8,-24.4,12.5));
#12717=CARTESIAN_POINT('',(3.8,-23.975,21.));
#12718=CARTESIAN_POINT('Origin',(3.3,-24.4,12.5));
#12719=CARTESIAN_POINT('',(3.3,-24.9,21.));
#12720=CARTESIAN_POINT('',(3.3,-24.9,12.5));
#12721=CARTESIAN_POINT('Origin',(3.3,-24.4,21.));
#12722=CARTESIAN_POINT('Origin',(-24.4,-24.4,0.));
#12723=CARTESIAN_POINT('',(-24.9,-24.4,0.4));
#12724=CARTESIAN_POINT('',(-24.9,-24.4,0.));
#12725=CARTESIAN_POINT('',(-24.4,-24.9,0.4));
#12726=CARTESIAN_POINT('Origin',(-24.4,-24.4,0.4));
#12727=CARTESIAN_POINT('',(-24.4,-24.9,0.));
#12728=CARTESIAN_POINT('Origin',(-24.9,24.9,0.));
#12729=CARTESIAN_POINT('',(-24.9,24.4,0.4));
#12730=CARTESIAN_POINT('',(-24.9,24.4,0.));
#12731=CARTESIAN_POINT('',(-24.9,12.45,0.4));
#12732=CARTESIAN_POINT('',(-24.9,7.04561495250878,18.2898690520459));
#12733=CARTESIAN_POINT('Origin',(-24.9,0.,0.));
#12734=CARTESIAN_POINT('',(-24.9,7.04561495250878,19.3576679881897));
#12735=CARTESIAN_POINT('',(-24.9,7.04561495250878,9.37883399409485));
#12736=CARTESIAN_POINT('',(-24.9,-7.04561495250877,19.3576679881897));
#12737=CARTESIAN_POINT('Origin',(-24.9,0.,0.));
#12738=CARTESIAN_POINT('',(-24.9,-7.04561495250877,18.2898690520459));
#12739=CARTESIAN_POINT('',(-24.9,-7.04561495250877,9.37883399409486));
#12740=CARTESIAN_POINT('',(-24.9,-18.2898690520459,7.04561495250878));
#12741=CARTESIAN_POINT('Origin',(-24.9,0.,0.));
#12742=CARTESIAN_POINT('',(-24.9,-19.3576679881897,7.04561495250878));
#12743=CARTESIAN_POINT('',(-24.9,3.07116600590514,7.04561495250878));
#12744=CARTESIAN_POINT('',(-24.9,-20.5961161387287,0.4));
#12745=CARTESIAN_POINT('Origin',(-24.9,0.,0.));
#12746=CARTESIAN_POINT('',(-24.9,12.45,0.4));
#12747=CARTESIAN_POINT('Origin',(-24.4,24.4,0.));
#12748=CARTESIAN_POINT('',(-24.4,24.9,0.4));
#12749=CARTESIAN_POINT('',(-24.4,24.9,0.));
#12750=CARTESIAN_POINT('Origin',(-24.4,24.4,0.4));
#12751=CARTESIAN_POINT('Origin',(9.70000000000001,9.67883399409486,0.2));
#12752=CARTESIAN_POINT('',(9.90000000000001,21.1,0.4));
#12753=CARTESIAN_POINT('',(9.90000000000001,9.67883399409486,0.4));
#12754=CARTESIAN_POINT('',(9.90000000000001,21.1,0.4));
#12755=CARTESIAN_POINT('Ctrl Pts',(9.40000000000001,20.5961165048544,0.399981147637552));
#12756=CARTESIAN_POINT('Ctrl Pts',(9.53127952595234,20.5961165048544,0.399981147637552));
#12757=CARTESIAN_POINT('Ctrl Pts',(9.79273639068544,20.7052152221374,0.399990819117165));
#12758=CARTESIAN_POINT('Ctrl Pts',(9.9000000000002,20.9659329605407,0.399999964231434));
#12759=CARTESIAN_POINT('Ctrl Pts',(9.90000000000001,21.0962081901046,0.399999999741607));
#12760=CARTESIAN_POINT('Ctrl Pts',(9.40000000000001,20.7307443365696,0.266654098425035));
#12761=CARTESIAN_POINT('Ctrl Pts',(9.49620419981479,20.7307443365696,0.266654098425035));
#12762=CARTESIAN_POINT('Ctrl Pts',(9.68781689697486,20.8106196458767,0.26666054607811));
#12763=CARTESIAN_POINT('Ctrl Pts',(9.76659985001418,21.0016849275077,0.266666642820956));
#12764=CARTESIAN_POINT('Ctrl Pts',(9.76666570818653,21.0972193466788,0.266666666494405));
#12765=CARTESIAN_POINT('Ctrl Pts',(9.40000000000001,20.8653721682848,0.133327049212517));
#12766=CARTESIAN_POINT('Ctrl Pts',(9.46112887367723,20.8653721682848,0.133327049212517));
#12767=CARTESIAN_POINT('Ctrl Pts',(9.58289740326428,20.916024069616,0.133330273039055));
#12768=CARTESIAN_POINT('Ctrl Pts',(9.63319970002816,21.0374368944747,0.133333321410478));
#12769=CARTESIAN_POINT('Ctrl Pts',(9.63333141637305,21.098230503253,0.133333333247202));
#12770=CARTESIAN_POINT('Ctrl Pts',(9.40000000000001,21.,0.));
#12771=CARTESIAN_POINT('Ctrl Pts',(9.42605354753968,21.,0.));
#12772=CARTESIAN_POINT('Ctrl Pts',(9.4779779095537,21.0214284933554,0.));
#12773=CARTESIAN_POINT('Ctrl Pts',(9.49979955004213,21.0731888614417,0.));
#12774=CARTESIAN_POINT('Ctrl Pts',(9.49999712455958,21.0992416598272,0.));
#12775=CARTESIAN_POINT('',(9.90000000000001,21.0962081901046,0.399999999741593));
#12776=CARTESIAN_POINT('',(9.49999712455958,21.0992416598272,0.));
#12777=CARTESIAN_POINT('',(9.40000000000001,20.5961165048544,0.399981147637552));
#12778=CARTESIAN_POINT('Ctrl Pts',(9.90000000000001,21.0962081901046,0.399999999741607));
#12779=CARTESIAN_POINT('Ctrl Pts',(9.9000000000002,20.9659329605407,0.399999964231434));
#12780=CARTESIAN_POINT('Ctrl Pts',(9.79273639068544,20.7052152221374,0.399990819117165));
#12781=CARTESIAN_POINT('Ctrl Pts',(9.53127952595234,20.5961165048544,0.399981147637552));
#12782=CARTESIAN_POINT('Ctrl Pts',(9.40000000000001,20.5961165048544,0.399981147637552));
#12783=CARTESIAN_POINT('',(9.40000000000001,20.5961165048544,0.399981147637552));
#12784=CARTESIAN_POINT('Origin',(-7.5,20.7980582524272,0.199990573818776));
#12785=CARTESIAN_POINT('',(9.2,20.5961165048544,0.399981147637553));
#12786=CARTESIAN_POINT('',(9.2,20.5961165048544,0.399981147637553));
#12787=CARTESIAN_POINT('',(-7.5,20.5961165048544,0.399981147637553));
#12788=CARTESIAN_POINT('Ctrl Pts',(8.7,21.0962081901046,0.399999999741607));
#12789=CARTESIAN_POINT('Ctrl Pts',(8.69999999999981,20.9659329605407,0.399999964231434));
#12790=CARTESIAN_POINT('Ctrl Pts',(8.80725807892052,20.705209977827,0.39999081915837));
#12791=CARTESIAN_POINT('Ctrl Pts',(9.06872047404767,20.5961165048544,0.399981147637552));
#12792=CARTESIAN_POINT('Ctrl Pts',(9.2,20.5961165048544,0.399981147637552));
#12793=CARTESIAN_POINT('Ctrl Pts',(8.83333429181348,21.0972193466788,0.266666666494405));
#12794=CARTESIAN_POINT('Ctrl Pts',(8.83340014998583,21.0016849275077,0.266666642820956));
#12795=CARTESIAN_POINT('Ctrl Pts',(8.91217906890178,20.8106157998328,0.26666054610558));
#12796=CARTESIAN_POINT('Ctrl Pts',(9.10379580018522,20.7307443365696,0.266654098425035));
#12797=CARTESIAN_POINT('Ctrl Pts',(9.2,20.7307443365696,0.266654098425035));
#12798=CARTESIAN_POINT('Ctrl Pts',(8.96666858362696,21.098230503253,0.133333333247202));
#12799=CARTESIAN_POINT('Ctrl Pts',(8.96680029997185,21.0374368944747,0.133333321410478));
#12800=CARTESIAN_POINT('Ctrl Pts',(9.01710005888303,20.9160216218386,0.13333027305279));
#12801=CARTESIAN_POINT('Ctrl Pts',(9.13887112632277,20.8653721682848,0.133327049212517));
#12802=CARTESIAN_POINT('Ctrl Pts',(9.2,20.8653721682848,0.133327049212517));
#12803=CARTESIAN_POINT('Ctrl Pts',(9.10000287544043,21.0992416598272,0.));
#12804=CARTESIAN_POINT('Ctrl Pts',(9.10020044995787,21.0731888614417,0.));
#12805=CARTESIAN_POINT('Ctrl Pts',(9.12202104886428,21.0214274438444,0.));
#12806=CARTESIAN_POINT('Ctrl Pts',(9.17394645246033,21.,0.));
#12807=CARTESIAN_POINT('Ctrl Pts',(9.2,21.,0.));
#12808=CARTESIAN_POINT('',(8.7,21.0962081901046,0.399999999741593));
#12809=CARTESIAN_POINT('',(8.7,21.0962081901046,0.399999999741593));
#12810=CARTESIAN_POINT('Ctrl Pts',(9.2,20.5961165048544,0.399981147637552));
#12811=CARTESIAN_POINT('Ctrl Pts',(9.06872047404767,20.5961165048544,0.399981147637552));
#12812=CARTESIAN_POINT('Ctrl Pts',(8.80725807892052,20.705209977827,0.39999081915837));
#12813=CARTESIAN_POINT('Ctrl Pts',(8.69999999999981,20.9659329605407,0.399999964231434));
#12814=CARTESIAN_POINT('Ctrl Pts',(8.7,21.0962081901046,0.399999999741607));
#12815=CARTESIAN_POINT('Ctrl Pts',(9.50000000000001,21.1,0.));
#12816=CARTESIAN_POINT('Ctrl Pts',(9.50000000000001,21.0997472175195,0.));
#12817=CARTESIAN_POINT('Ctrl Pts',(9.49999904151067,21.099494435039,0.));
#12818=CARTESIAN_POINT('Ctrl Pts',(9.49999712455958,21.0992416598272,0.));
#12819=CARTESIAN_POINT('Ctrl Pts',(9.63333333333334,21.1,0.133333333333333));
#12820=CARTESIAN_POINT('Ctrl Pts',(9.63333333333334,21.0994101742122,0.133333333333333));
#12821=CARTESIAN_POINT('Ctrl Pts',(9.63333269434045,21.0988203484248,0.133333333362046));
#12822=CARTESIAN_POINT('Ctrl Pts',(9.63333141637305,21.098230503253,0.133333333247202));
#12823=CARTESIAN_POINT('Ctrl Pts',(9.76666666666667,21.1,0.266666666666667));
#12824=CARTESIAN_POINT('Ctrl Pts',(9.76666666666667,21.0990731309049,0.266666666666667));
#12825=CARTESIAN_POINT('Ctrl Pts',(9.76666634717023,21.0981462618105,0.266666666724093));
#12826=CARTESIAN_POINT('Ctrl Pts',(9.76666570818653,21.0972193466788,0.266666666494403));
#12827=CARTESIAN_POINT('Ctrl Pts',(9.90000000000001,21.1,0.4));
#12828=CARTESIAN_POINT('Ctrl Pts',(9.90000000000001,21.0987360875976,0.4));
#12829=CARTESIAN_POINT('Ctrl Pts',(9.90000000000001,21.0974721751963,0.400000000086139));
#12830=CARTESIAN_POINT('Ctrl Pts',(9.90000000000001,21.0962081901046,0.399999999741605));
#12831=CARTESIAN_POINT('Ctrl Pts',(9.90000000000001,21.1,0.4));
#12832=CARTESIAN_POINT('Ctrl Pts',(9.90000000000001,21.0987360875976,0.4));
#12833=CARTESIAN_POINT('Ctrl Pts',(9.90000000000001,21.0974721751963,0.400000000086139));
#12834=CARTESIAN_POINT('Ctrl Pts',(9.90000000000001,21.0962081901046,0.399999999741605));
#12835=CARTESIAN_POINT('Origin',(8.9,6.33665028205868E-16,0.2));
#12836=CARTESIAN_POINT('',(8.7,21.2,0.4));
#12837=CARTESIAN_POINT('',(8.7,21.2,0.4));
#12838=CARTESIAN_POINT('',(8.7,21.1,0.4));
#12839=CARTESIAN_POINT('',(9.1,21.1,0.));
#12840=CARTESIAN_POINT('',(8.7,6.54612632444078E-16,0.4));
#12841=CARTESIAN_POINT('Origin',(7.,21.2,0.2));
#12842=CARTESIAN_POINT('',(5.3,21.2,0.4));
#12843=CARTESIAN_POINT('',(5.3,21.2,0.4));
#12844=CARTESIAN_POINT('Origin',(7.,21.2,0.4));
#12845=CARTESIAN_POINT('Origin',(5.1,10.6,0.2));
#12846=CARTESIAN_POINT('',(5.3,21.1,0.4));
#12847=CARTESIAN_POINT('',(5.3,21.1,0.4));
#12848=CARTESIAN_POINT('',(5.3,10.6,0.4));
#12849=CARTESIAN_POINT('Ctrl Pts',(9.10000287544043,21.0992416598272,0.));
#12850=CARTESIAN_POINT('Ctrl Pts',(9.10000095848933,21.099494435039,0.));
#12851=CARTESIAN_POINT('Ctrl Pts',(9.1,21.0997472175195,0.));
#12852=CARTESIAN_POINT('Ctrl Pts',(9.1,21.1,0.));
#12853=CARTESIAN_POINT('Ctrl Pts',(8.96666858362696,21.098230503253,0.133333333247202));
#12854=CARTESIAN_POINT('Ctrl Pts',(8.96666730565956,21.0988203484248,0.133333333362047));
#12855=CARTESIAN_POINT('Ctrl Pts',(8.96666666666667,21.0994101742122,0.133333333333333));
#12856=CARTESIAN_POINT('Ctrl Pts',(8.96666666666667,21.1,0.133333333333333));
#12857=CARTESIAN_POINT('Ctrl Pts',(8.83333429181348,21.0972193466788,0.266666666494404));
#12858=CARTESIAN_POINT('Ctrl Pts',(8.83333365282978,21.0981462618105,0.266666666724093));
#12859=CARTESIAN_POINT('Ctrl Pts',(8.83333333333333,21.0990731309049,0.266666666666667));
#12860=CARTESIAN_POINT('Ctrl Pts',(8.83333333333333,21.1,0.266666666666667));
#12861=CARTESIAN_POINT('Ctrl Pts',(8.7,21.0962081901046,0.399999999741605));
#12862=CARTESIAN_POINT('Ctrl Pts',(8.7,21.0974721751963,0.40000000008614));
#12863=CARTESIAN_POINT('Ctrl Pts',(8.7,21.0987360875976,0.4));
#12864=CARTESIAN_POINT('Ctrl Pts',(8.7,21.1,0.4));
#12865=CARTESIAN_POINT('Ctrl Pts',(8.7,21.0962081901046,0.399999999741605));
#12866=CARTESIAN_POINT('Ctrl Pts',(8.7,21.0974721751963,0.40000000008614));
#12867=CARTESIAN_POINT('Ctrl Pts',(8.7,21.0987360875976,0.4));
#12868=CARTESIAN_POINT('Ctrl Pts',(8.7,21.1,0.4));
#12869=CARTESIAN_POINT('Ctrl Pts',(4.8,20.5961165048544,0.399981147637555));
#12870=CARTESIAN_POINT('Ctrl Pts',(4.93127952595233,20.5961165048544,0.399981147637555));
#12871=CARTESIAN_POINT('Ctrl Pts',(5.19275872872428,20.7051940396304,0.399990819283596));
#12872=CARTESIAN_POINT('Ctrl Pts',(5.30000000000019,20.9659329605407,0.399999964231431));
#12873=CARTESIAN_POINT('Ctrl Pts',(5.3,21.0962081901046,0.399999999741604));
#12874=CARTESIAN_POINT('Ctrl Pts',(4.8,20.7307443365696,0.266654098425036));
#12875=CARTESIAN_POINT('Ctrl Pts',(4.89620419981478,20.7307443365696,0.266654098425036));
#12876=CARTESIAN_POINT('Ctrl Pts',(5.08783319136616,20.8106041111646,0.266660546189064));
#12877=CARTESIAN_POINT('Ctrl Pts',(5.16659985001417,21.0016849275077,0.266666642820954));
#12878=CARTESIAN_POINT('Ctrl Pts',(5.16666570818653,21.0972193466788,0.266666666494403));
#12879=CARTESIAN_POINT('Ctrl Pts',(4.8,20.8653721682848,0.133327049212518));
#12880=CARTESIAN_POINT('Ctrl Pts',(4.86112887367723,20.8653721682848,0.133327049212518));
#12881=CARTESIAN_POINT('Ctrl Pts',(4.98290765400804,20.9160141826989,0.133330273094532));
#12882=CARTESIAN_POINT('Ctrl Pts',(5.03319970002815,21.0374368944747,0.133333321410477));
#12883=CARTESIAN_POINT('Ctrl Pts',(5.03333141637305,21.098230503253,0.133333333247201));
#12884=CARTESIAN_POINT('Ctrl Pts',(4.8,21.,0.));
#12885=CARTESIAN_POINT('Ctrl Pts',(4.82605354753967,21.,0.));
#12886=CARTESIAN_POINT('Ctrl Pts',(4.87798211664991,21.0214242542331,0.));
#12887=CARTESIAN_POINT('Ctrl Pts',(4.89979955004213,21.0731888614417,0.));
#12888=CARTESIAN_POINT('Ctrl Pts',(4.89999712455957,21.0992416598272,0.));
#12889=CARTESIAN_POINT('',(5.3,21.0962081901046,0.39999999974159));
#12890=CARTESIAN_POINT('',(4.89999712455957,21.0992416598272,0.));
#12891=CARTESIAN_POINT('Ctrl Pts',(5.3,21.0962081901046,0.399999999741604));
#12892=CARTESIAN_POINT('Ctrl Pts',(5.30000000000019,20.9659329605407,0.399999964231431));
#12893=CARTESIAN_POINT('Ctrl Pts',(5.19275872872428,20.7051940396304,0.399990819283596));
#12894=CARTESIAN_POINT('Ctrl Pts',(4.93127952595233,20.5961165048544,0.399981147637555));
#12895=CARTESIAN_POINT('Ctrl Pts',(4.8,20.5961165048544,0.399981147637555));
#12896=CARTESIAN_POINT('Ctrl Pts',(-5.3,21.0962081901046,0.399999999741607));
#12897=CARTESIAN_POINT('Ctrl Pts',(-5.30000000000019,20.9659329605407,0.399999964231434));
#12898=CARTESIAN_POINT('Ctrl Pts',(-5.19275872872428,20.7051940396304,0.399990819283597));
#12899=CARTESIAN_POINT('Ctrl Pts',(-4.93127952595233,20.5961165048544,0.399981147637552));
#12900=CARTESIAN_POINT('Ctrl Pts',(-4.8,20.5961165048544,0.399981147637552));
#12901=CARTESIAN_POINT('Ctrl Pts',(-5.16666570818652,21.0972193466788,0.266666666494405));
#12902=CARTESIAN_POINT('Ctrl Pts',(-5.16659985001417,21.0016849275077,0.266666642820956));
#12903=CARTESIAN_POINT('Ctrl Pts',(-5.08783319136616,20.8106041111646,0.266660546189064));
#12904=CARTESIAN_POINT('Ctrl Pts',(-4.89620419981478,20.7307443365696,0.266654098425035));
#12905=CARTESIAN_POINT('Ctrl Pts',(-4.8,20.7307443365696,0.266654098425035));
#12906=CARTESIAN_POINT('Ctrl Pts',(-5.03333141637305,21.098230503253,0.133333333247202));
#12907=CARTESIAN_POINT('Ctrl Pts',(-5.03319970002815,21.0374368944747,0.133333321410478));
#12908=CARTESIAN_POINT('Ctrl Pts',(-4.98290765400803,20.9160141826989,0.133330273094532));
#12909=CARTESIAN_POINT('Ctrl Pts',(-4.86112887367723,20.8653721682848,0.133327049212517));
#12910=CARTESIAN_POINT('Ctrl Pts',(-4.8,20.8653721682848,0.133327049212517));
#12911=CARTESIAN_POINT('Ctrl Pts',(-4.89999712455957,21.0992416598272,0.));
#12912=CARTESIAN_POINT('Ctrl Pts',(-4.89979955004213,21.0731888614417,0.));
#12913=CARTESIAN_POINT('Ctrl Pts',(-4.87798211664991,21.0214242542331,0.));
#12914=CARTESIAN_POINT('Ctrl Pts',(-4.82605354753967,21.,0.));
#12915=CARTESIAN_POINT('Ctrl Pts',(-4.8,21.,0.));
#12916=CARTESIAN_POINT('',(-5.3,21.0962081901046,0.399999999741593));
#12917=CARTESIAN_POINT('',(-5.3,21.0962081901046,0.399999999741593));
#12918=CARTESIAN_POINT('Ctrl Pts',(-4.8,20.5961165048544,0.399981147637552));
#12919=CARTESIAN_POINT('Ctrl Pts',(-4.93127952595233,20.5961165048544,0.399981147637552));
#12920=CARTESIAN_POINT('Ctrl Pts',(-5.19275872872428,20.7051940396304,0.399990819283597));
#12921=CARTESIAN_POINT('Ctrl Pts',(-5.30000000000019,20.9659329605407,0.399999964231434));
#12922=CARTESIAN_POINT('Ctrl Pts',(-5.3,21.0962081901046,0.399999999741607));
#12923=CARTESIAN_POINT('Ctrl Pts',(4.9,21.1,0.));
#12924=CARTESIAN_POINT('Ctrl Pts',(4.9,21.0997472175195,0.));
#12925=CARTESIAN_POINT('Ctrl Pts',(4.89999904151067,21.099494435039,0.));
#12926=CARTESIAN_POINT('Ctrl Pts',(4.89999712455957,21.0992416598272,0.));
#12927=CARTESIAN_POINT('Ctrl Pts',(5.03333333333333,21.1,0.133333333333333));
#12928=CARTESIAN_POINT('Ctrl Pts',(5.03333333333333,21.0994101742122,0.133333333333333));
#12929=CARTESIAN_POINT('Ctrl Pts',(5.03333269434045,21.0988203484248,0.133333333362047));
#12930=CARTESIAN_POINT('Ctrl Pts',(5.03333141637305,21.098230503253,0.133333333247202));
#12931=CARTESIAN_POINT('Ctrl Pts',(5.16666666666667,21.1,0.266666666666667));
#12932=CARTESIAN_POINT('Ctrl Pts',(5.16666666666667,21.0990731309049,0.266666666666667));
#12933=CARTESIAN_POINT('Ctrl Pts',(5.16666634717022,21.0981462618105,0.266666666724093));
#12934=CARTESIAN_POINT('Ctrl Pts',(5.16666570818652,21.0972193466788,0.266666666494404));
#12935=CARTESIAN_POINT('Ctrl Pts',(5.3,21.1,0.4));
#12936=CARTESIAN_POINT('Ctrl Pts',(5.3,21.0987360875976,0.4));
#12937=CARTESIAN_POINT('Ctrl Pts',(5.3,21.0974721751963,0.40000000008614));
#12938=CARTESIAN_POINT('Ctrl Pts',(5.3,21.0962081901046,0.399999999741605));
#12939=CARTESIAN_POINT('Ctrl Pts',(5.3,21.1,0.4));
#12940=CARTESIAN_POINT('Ctrl Pts',(5.3,21.0987360875976,0.4));
#12941=CARTESIAN_POINT('Ctrl Pts',(5.3,21.0974721751963,0.40000000008614));
#12942=CARTESIAN_POINT('Ctrl Pts',(5.3,21.0962081901046,0.399999999741605));
#12943=CARTESIAN_POINT('Origin',(-5.1,1.49513525250227E-15,0.2));
#12944=CARTESIAN_POINT('',(-5.3,21.2,0.4));
#12945=CARTESIAN_POINT('',(-5.3,21.2,0.4));
#12946=CARTESIAN_POINT('',(-5.3,21.1,0.4));
#12947=CARTESIAN_POINT('',(-4.9,21.1,0.));
#12948=CARTESIAN_POINT('',(-5.3,1.52655665885959E-15,0.4));
#12949=CARTESIAN_POINT('Origin',(-7.,21.2,0.2));
#12950=CARTESIAN_POINT('',(-8.7,21.2,0.4));
#12951=CARTESIAN_POINT('',(-8.7,21.2,0.4));
#12952=CARTESIAN_POINT('Origin',(-7.,21.2,0.4));
#12953=CARTESIAN_POINT('Origin',(-8.9,10.6,0.2));
#12954=CARTESIAN_POINT('',(-8.7,21.1,0.4));
#12955=CARTESIAN_POINT('',(-8.7,21.1,0.4));
#12956=CARTESIAN_POINT('',(-8.7,10.6,0.4));
#12957=CARTESIAN_POINT('Ctrl Pts',(-4.89999712455957,21.0992416598272,0.));
#12958=CARTESIAN_POINT('Ctrl Pts',(-4.89999904151067,21.099494435039,0.));
#12959=CARTESIAN_POINT('Ctrl Pts',(-4.9,21.0997472175195,0.));
#12960=CARTESIAN_POINT('Ctrl Pts',(-4.9,21.1,0.));
#12961=CARTESIAN_POINT('Ctrl Pts',(-5.03333141637305,21.098230503253,0.133333333247202));
#12962=CARTESIAN_POINT('Ctrl Pts',(-5.03333269434045,21.0988203484248,0.133333333362047));
#12963=CARTESIAN_POINT('Ctrl Pts',(-5.03333333333333,21.0994101742122,0.133333333333333));
#12964=CARTESIAN_POINT('Ctrl Pts',(-5.03333333333333,21.1,0.133333333333333));
#12965=CARTESIAN_POINT('Ctrl Pts',(-5.16666570818652,21.0972193466788,0.266666666494404));
#12966=CARTESIAN_POINT('Ctrl Pts',(-5.16666634717022,21.0981462618105,0.266666666724093));
#12967=CARTESIAN_POINT('Ctrl Pts',(-5.16666666666667,21.0990731309049,0.266666666666667));
#12968=CARTESIAN_POINT('Ctrl Pts',(-5.16666666666667,21.1,0.266666666666667));
#12969=CARTESIAN_POINT('Ctrl Pts',(-5.3,21.0962081901046,0.399999999741605));
#12970=CARTESIAN_POINT('Ctrl Pts',(-5.3,21.0974721751963,0.40000000008614));
#12971=CARTESIAN_POINT('Ctrl Pts',(-5.3,21.0987360875976,0.4));
#12972=CARTESIAN_POINT('Ctrl Pts',(-5.3,21.1,0.4));
#12973=CARTESIAN_POINT('Ctrl Pts',(-5.3,21.0962081901046,0.399999999741605));
#12974=CARTESIAN_POINT('Ctrl Pts',(-5.3,21.0974721751963,0.40000000008614));
#12975=CARTESIAN_POINT('Ctrl Pts',(-5.3,21.0987360875976,0.4));
#12976=CARTESIAN_POINT('Ctrl Pts',(-5.3,21.1,0.4));
#12977=CARTESIAN_POINT('Ctrl Pts',(-9.2,20.5961165048544,0.399981147637554));
#12978=CARTESIAN_POINT('Ctrl Pts',(-9.06872047404767,20.5961165048544,0.399981147637554));
#12979=CARTESIAN_POINT('Ctrl Pts',(-8.80725807892053,20.7052099778269,0.39999081915837));
#12980=CARTESIAN_POINT('Ctrl Pts',(-8.69999999999981,20.9659329605407,0.399999964231431));
#12981=CARTESIAN_POINT('Ctrl Pts',(-8.7,21.0962081901046,0.399999999741604));
#12982=CARTESIAN_POINT('Ctrl Pts',(-9.2,20.7307443365696,0.266654098425036));
#12983=CARTESIAN_POINT('Ctrl Pts',(-9.10379580018522,20.7307443365696,0.266654098425036));
#12984=CARTESIAN_POINT('Ctrl Pts',(-8.91217906890178,20.8106157998328,0.26666054610558));
#12985=CARTESIAN_POINT('Ctrl Pts',(-8.83340014998583,21.0016849275077,0.266666642820954));
#12986=CARTESIAN_POINT('Ctrl Pts',(-8.83333429181348,21.0972193466788,0.266666666494403));
#12987=CARTESIAN_POINT('Ctrl Pts',(-9.2,20.8653721682848,0.133327049212518));
#12988=CARTESIAN_POINT('Ctrl Pts',(-9.13887112632277,20.8653721682848,0.133327049212518));
#12989=CARTESIAN_POINT('Ctrl Pts',(-9.01710005888303,20.9160216218386,0.13333027305279));
#12990=CARTESIAN_POINT('Ctrl Pts',(-8.96680029997185,21.0374368944747,0.133333321410477));
#12991=CARTESIAN_POINT('Ctrl Pts',(-8.96666858362695,21.098230503253,0.133333333247201));
#12992=CARTESIAN_POINT('Ctrl Pts',(-9.2,21.,0.));
#12993=CARTESIAN_POINT('Ctrl Pts',(-9.17394645246033,21.,0.));
#12994=CARTESIAN_POINT('Ctrl Pts',(-9.12202104886428,21.0214274438444,0.));
#12995=CARTESIAN_POINT('Ctrl Pts',(-9.10020044995787,21.0731888614417,0.));
#12996=CARTESIAN_POINT('Ctrl Pts',(-9.10000287544043,21.0992416598272,0.));
#12997=CARTESIAN_POINT('',(-8.7,21.0962081901046,0.39999999974159));
#12998=CARTESIAN_POINT('',(-9.10000287544043,21.0992416598272,0.));
#12999=CARTESIAN_POINT('',(-9.2,20.5961165048544,0.399981147637554));
#13000=CARTESIAN_POINT('Ctrl Pts',(-8.7,21.0962081901046,0.399999999741604));
#13001=CARTESIAN_POINT('Ctrl Pts',(-8.69999999999981,20.9659329605407,0.399999964231431));
#13002=CARTESIAN_POINT('Ctrl Pts',(-8.80725807892053,20.7052099778269,0.39999081915837));
#13003=CARTESIAN_POINT('Ctrl Pts',(-9.06872047404767,20.5961165048544,0.399981147637554));
#13004=CARTESIAN_POINT('Ctrl Pts',(-9.2,20.5961165048544,0.399981147637554));
#13005=CARTESIAN_POINT('',(-9.2,20.5961165048544,0.399981147637554));
#13006=CARTESIAN_POINT('Origin',(-7.5,20.7980582524272,0.199990573818776));
#13007=CARTESIAN_POINT('',(-7.5,20.5961165048544,0.399981147637553));
#13008=CARTESIAN_POINT('Origin',(24.7,-12.45,0.2));
#13009=CARTESIAN_POINT('',(24.9,19.99599959992,0.4));
#13010=CARTESIAN_POINT('Origin',(24.5,0.,0.));
#13011=CARTESIAN_POINT('',(24.9,24.4,0.4));
#13012=CARTESIAN_POINT('',(24.5,24.4,0.));
#13013=CARTESIAN_POINT('',(24.9,-12.45,0.4));
#13014=CARTESIAN_POINT('Origin',(24.4,24.4,0.2));
#13015=CARTESIAN_POINT('',(24.4,24.9,0.4));
#13016=CARTESIAN_POINT('',(24.4,24.5,0.));
#13017=CARTESIAN_POINT('Origin',(24.4,24.4,0.4));
#13018=CARTESIAN_POINT('Origin',(12.45,24.7,0.2));
#13019=CARTESIAN_POINT('',(-24.4,24.5,0.));
#13020=CARTESIAN_POINT('',(12.45,24.9,0.4));
#13021=CARTESIAN_POINT('Origin',(-24.4,24.4,0.2));
#13022=CARTESIAN_POINT('',(-24.5,24.4,0.));
#13023=CARTESIAN_POINT('Origin',(-24.7,12.45,0.2));
#13024=CARTESIAN_POINT('Ctrl Pts',(-9.1,21.1,0.));
#13025=CARTESIAN_POINT('Ctrl Pts',(-9.1,21.0997472175195,0.));
#13026=CARTESIAN_POINT('Ctrl Pts',(-9.10000095848933,21.099494435039,0.));
#13027=CARTESIAN_POINT('Ctrl Pts',(-9.10000287544043,21.0992416598272,0.));
#13028=CARTESIAN_POINT('Ctrl Pts',(-8.96666666666667,21.1,0.133333333333333));
#13029=CARTESIAN_POINT('Ctrl Pts',(-8.96666666666667,21.0994101742122,0.133333333333333));
#13030=CARTESIAN_POINT('Ctrl Pts',(-8.96666730565955,21.0988203484248,0.133333333362047));
#13031=CARTESIAN_POINT('Ctrl Pts',(-8.96666858362695,21.098230503253,0.133333333247202));
#13032=CARTESIAN_POINT('Ctrl Pts',(-8.83333333333333,21.1,0.266666666666667));
#13033=CARTESIAN_POINT('Ctrl Pts',(-8.83333333333333,21.0990731309049,0.266666666666667));
#13034=CARTESIAN_POINT('Ctrl Pts',(-8.83333365282978,21.0981462618105,0.266666666724093));
#13035=CARTESIAN_POINT('Ctrl Pts',(-8.83333429181348,21.0972193466788,0.266666666494404));
#13036=CARTESIAN_POINT('Ctrl Pts',(-8.7,21.1,0.4));
#13037=CARTESIAN_POINT('Ctrl Pts',(-8.7,21.0987360875976,0.4));
#13038=CARTESIAN_POINT('Ctrl Pts',(-8.7,21.0974721751963,0.40000000008614));
#13039=CARTESIAN_POINT('Ctrl Pts',(-8.7,21.0962081901046,0.399999999741605));
#13040=CARTESIAN_POINT('Ctrl Pts',(-8.7,21.1,0.4));
#13041=CARTESIAN_POINT('Ctrl Pts',(-8.7,21.0987360875976,0.4));
#13042=CARTESIAN_POINT('Ctrl Pts',(-8.7,21.0974721751963,0.40000000008614));
#13043=CARTESIAN_POINT('Ctrl Pts',(-8.7,21.0962081901046,0.399999999741605));
#13044=CARTESIAN_POINT('Origin',(24.4,0.,0.));
#13045=CARTESIAN_POINT('',(24.9,-19.99599959992,0.4));
#13046=CARTESIAN_POINT('Origin',(24.9,0.,0.));
#13047=CARTESIAN_POINT('Origin',(24.5,0.,0.));
#13048=CARTESIAN_POINT('Origin',(23.9,0.,0.));
#13049=CARTESIAN_POINT('Origin',(24.9,-24.9,0.));
#13050=CARTESIAN_POINT('',(24.9,-24.4,0.4));
#13051=CARTESIAN_POINT('',(24.9,-24.4,0.));
#13052=CARTESIAN_POINT('',(24.9,-12.45,0.4));
#13053=CARTESIAN_POINT('',(24.9,24.4,0.));
#13054=CARTESIAN_POINT('Origin',(-24.7,12.45,0.2));
#13055=CARTESIAN_POINT('',(-24.5,-24.4,0.));
#13056=CARTESIAN_POINT('',(-24.8999811476375,-20.5961165048544,0.399981147637553));
#13057=CARTESIAN_POINT('Origin',(-24.5,0.,0.));
#13058=CARTESIAN_POINT('',(-24.8999811476375,-20.5961165048544,0.399981147637553));
#13059=CARTESIAN_POINT('Origin',(-24.4,-24.4,0.2));
#13060=CARTESIAN_POINT('',(-24.4,-24.5,0.));
#13061=CARTESIAN_POINT('Origin',(-12.45,-24.7,0.2));
#13062=CARTESIAN_POINT('',(24.4,-24.9,0.4));
#13063=CARTESIAN_POINT('',(24.4,-24.5,0.));
#13064=CARTESIAN_POINT('',(-12.45,-24.9,0.4));
#13065=CARTESIAN_POINT('Origin',(24.4,-24.4,0.2));
#13066=CARTESIAN_POINT('',(24.5,-24.4,0.));
#13067=CARTESIAN_POINT('Origin',(24.4,-24.4,0.4));
#13068=CARTESIAN_POINT('Origin',(24.7,-12.45,0.2));
#13069=CARTESIAN_POINT('Origin',(-7.5,-20.7980582524272,0.199990573818777));
#13070=CARTESIAN_POINT('',(-7.5,-20.5961165048544,0.399981147637553));
#13071=CARTESIAN_POINT('Ctrl Pts',(-8.7,-21.0962081901046,0.399999999741604));
#13072=CARTESIAN_POINT('Ctrl Pts',(-8.69999999999981,-20.9659329605407,
0.399999964231431));
#13073=CARTESIAN_POINT('Ctrl Pts',(-8.80725807892053,-20.7052099778269,
0.39999081915837));
#13074=CARTESIAN_POINT('Ctrl Pts',(-9.06872047404767,-20.5961165048544,
0.399981147637554));
#13075=CARTESIAN_POINT('Ctrl Pts',(-9.2,-20.5961165048544,0.399981147637554));
#13076=CARTESIAN_POINT('Ctrl Pts',(-8.83333429181348,-21.0972193466788,
0.266666666494403));
#13077=CARTESIAN_POINT('Ctrl Pts',(-8.83340014998583,-21.0016849275077,
0.266666642820954));
#13078=CARTESIAN_POINT('Ctrl Pts',(-8.91217906890178,-20.8106157998328,
0.26666054610558));
#13079=CARTESIAN_POINT('Ctrl Pts',(-9.10379580018522,-20.7307443365696,
0.266654098425036));
#13080=CARTESIAN_POINT('Ctrl Pts',(-9.2,-20.7307443365696,0.266654098425036));
#13081=CARTESIAN_POINT('Ctrl Pts',(-8.96666858362696,-21.098230503253,0.133333333247201));
#13082=CARTESIAN_POINT('Ctrl Pts',(-8.96680029997185,-21.0374368944747,
0.133333321410477));
#13083=CARTESIAN_POINT('Ctrl Pts',(-9.01710005888304,-20.9160216218386,
0.13333027305279));
#13084=CARTESIAN_POINT('Ctrl Pts',(-9.13887112632278,-20.8653721682848,
0.133327049212518));
#13085=CARTESIAN_POINT('Ctrl Pts',(-9.2,-20.8653721682848,0.133327049212518));
#13086=CARTESIAN_POINT('Ctrl Pts',(-9.10000287544043,-21.0992416598272,
0.));
#13087=CARTESIAN_POINT('Ctrl Pts',(-9.10020044995787,-21.0731888614417,
0.));
#13088=CARTESIAN_POINT('Ctrl Pts',(-9.12202104886429,-21.0214274438444,
0.));
#13089=CARTESIAN_POINT('Ctrl Pts',(-9.17394645246033,-21.,0.));
#13090=CARTESIAN_POINT('Ctrl Pts',(-9.2,-21.,0.));
#13091=CARTESIAN_POINT('',(-8.7,-21.0962081901046,0.39999999974159));
#13092=CARTESIAN_POINT('',(-8.7,-21.0962081901046,0.39999999974159));
#13093=CARTESIAN_POINT('Ctrl Pts',(-9.2,-20.5961165048544,0.399981147637554));
#13094=CARTESIAN_POINT('Ctrl Pts',(-9.06872047404767,-20.5961165048544,
0.399981147637554));
#13095=CARTESIAN_POINT('Ctrl Pts',(-8.80725807892053,-20.7052099778269,
0.39999081915837));
#13096=CARTESIAN_POINT('Ctrl Pts',(-8.69999999999981,-20.9659329605407,
0.399999964231431));
#13097=CARTESIAN_POINT('Ctrl Pts',(-8.7,-21.0962081901046,0.399999999741604));
#13098=CARTESIAN_POINT('Origin',(-8.9,2.67671667228559E-15,0.2));
#13099=CARTESIAN_POINT('',(-8.7,-21.2,0.4));
#13100=CARTESIAN_POINT('',(-8.7,-21.2,0.4));
#13101=CARTESIAN_POINT('',(-8.7,-21.1,0.4));
#13102=CARTESIAN_POINT('',(-9.1,-21.1,0.));
#13103=CARTESIAN_POINT('',(-8.7,2.63127613206443E-15,0.4));
#13104=CARTESIAN_POINT('Origin',(-7.,-21.2,0.2));
#13105=CARTESIAN_POINT('',(-5.3,-21.2,0.4));
#13106=CARTESIAN_POINT('',(-5.3,-21.2,0.4));
#13107=CARTESIAN_POINT('Origin',(-7.,-21.2,0.4));
#13108=CARTESIAN_POINT('Origin',(-5.1,-10.6,0.2));
#13109=CARTESIAN_POINT('',(-5.3,-21.1,0.4));
#13110=CARTESIAN_POINT('',(-5.3,-21.1,0.4));
#13111=CARTESIAN_POINT('',(-5.3,-10.6,0.4));
#13112=CARTESIAN_POINT('Ctrl Pts',(-9.10000287544043,-21.0992416598272,
0.));
#13113=CARTESIAN_POINT('Ctrl Pts',(-9.10000095848934,-21.099494435039,0.));
#13114=CARTESIAN_POINT('Ctrl Pts',(-9.1,-21.0997472175195,0.));
#13115=CARTESIAN_POINT('Ctrl Pts',(-9.1,-21.1,0.));
#13116=CARTESIAN_POINT('Ctrl Pts',(-8.96666858362696,-21.098230503253,0.133333333247202));
#13117=CARTESIAN_POINT('Ctrl Pts',(-8.96666730565956,-21.0988203484248,
0.133333333362047));
#13118=CARTESIAN_POINT('Ctrl Pts',(-8.96666666666667,-21.0994101742122,
0.133333333333333));
#13119=CARTESIAN_POINT('Ctrl Pts',(-8.96666666666667,-21.1,0.133333333333333));
#13120=CARTESIAN_POINT('Ctrl Pts',(-8.83333429181348,-21.0972193466788,
0.266666666494404));
#13121=CARTESIAN_POINT('Ctrl Pts',(-8.83333365282978,-21.0981462618105,
0.266666666724093));
#13122=CARTESIAN_POINT('Ctrl Pts',(-8.83333333333334,-21.0990731309049,
0.266666666666667));
#13123=CARTESIAN_POINT('Ctrl Pts',(-8.83333333333334,-21.1,0.266666666666667));
#13124=CARTESIAN_POINT('Ctrl Pts',(-8.7,-21.0962081901046,0.399999999741605));
#13125=CARTESIAN_POINT('Ctrl Pts',(-8.7,-21.0974721751963,0.40000000008614));
#13126=CARTESIAN_POINT('Ctrl Pts',(-8.7,-21.0987360875976,0.4));
#13127=CARTESIAN_POINT('Ctrl Pts',(-8.7,-21.1,0.4));
#13128=CARTESIAN_POINT('Ctrl Pts',(-8.7,-21.0962081901046,0.399999999741605));
#13129=CARTESIAN_POINT('Ctrl Pts',(-8.7,-21.0974721751963,0.40000000008614));
#13130=CARTESIAN_POINT('Ctrl Pts',(-8.7,-21.0987360875976,0.4));
#13131=CARTESIAN_POINT('Ctrl Pts',(-8.7,-21.1,0.4));
#13132=CARTESIAN_POINT('Ctrl Pts',(-4.80000000000001,-20.5961165048544,
0.399981147637552));
#13133=CARTESIAN_POINT('Ctrl Pts',(-4.93127952595234,-20.5961165048544,
0.399981147637552));
#13134=CARTESIAN_POINT('Ctrl Pts',(-5.19275872872429,-20.7051940396304,
0.399990819283596));
#13135=CARTESIAN_POINT('Ctrl Pts',(-5.3000000000002,-20.9659329605407,0.399999964231434));
#13136=CARTESIAN_POINT('Ctrl Pts',(-5.30000000000001,-21.0962081901046,
0.399999999741607));
#13137=CARTESIAN_POINT('Ctrl Pts',(-4.80000000000001,-20.7307443365696,
0.266654098425035));
#13138=CARTESIAN_POINT('Ctrl Pts',(-4.89620419981479,-20.7307443365696,
0.266654098425035));
#13139=CARTESIAN_POINT('Ctrl Pts',(-5.08783319136616,-20.8106041111646,
0.266660546189064));
#13140=CARTESIAN_POINT('Ctrl Pts',(-5.16659985001418,-21.0016849275077,
0.266666642820956));
#13141=CARTESIAN_POINT('Ctrl Pts',(-5.16666570818653,-21.0972193466788,
0.266666666494405));
#13142=CARTESIAN_POINT('Ctrl Pts',(-4.80000000000001,-20.8653721682848,
0.133327049212517));
#13143=CARTESIAN_POINT('Ctrl Pts',(-4.86112887367723,-20.8653721682848,
0.133327049212517));
#13144=CARTESIAN_POINT('Ctrl Pts',(-4.98290765400804,-20.9160141826989,
0.133330273094532));
#13145=CARTESIAN_POINT('Ctrl Pts',(-5.03319970002816,-21.0374368944747,
0.133333321410478));
#13146=CARTESIAN_POINT('Ctrl Pts',(-5.03333141637305,-21.098230503253,0.133333333247202));
#13147=CARTESIAN_POINT('Ctrl Pts',(-4.80000000000001,-21.,0.));
#13148=CARTESIAN_POINT('Ctrl Pts',(-4.82605354753968,-21.,0.));
#13149=CARTESIAN_POINT('Ctrl Pts',(-4.87798211664992,-21.0214242542331,
0.));
#13150=CARTESIAN_POINT('Ctrl Pts',(-4.89979955004214,-21.0731888614417,
0.));
#13151=CARTESIAN_POINT('Ctrl Pts',(-4.89999712455958,-21.0992416598272,
0.));
#13152=CARTESIAN_POINT('',(-5.30000000000001,-21.0962081901046,0.399999999741593));
#13153=CARTESIAN_POINT('',(-4.89999712455958,-21.0992416598272,0.));
#13154=CARTESIAN_POINT('Ctrl Pts',(-5.30000000000001,-21.0962081901046,
0.399999999741607));
#13155=CARTESIAN_POINT('Ctrl Pts',(-5.3000000000002,-20.9659329605407,0.399999964231434));
#13156=CARTESIAN_POINT('Ctrl Pts',(-5.19275872872429,-20.7051940396304,
0.399990819283596));
#13157=CARTESIAN_POINT('Ctrl Pts',(-4.93127952595234,-20.5961165048544,
0.399981147637552));
#13158=CARTESIAN_POINT('Ctrl Pts',(-4.80000000000001,-20.5961165048544,
0.399981147637552));
#13159=CARTESIAN_POINT('Ctrl Pts',(5.3,-21.0962081901046,0.399999999741604));
#13160=CARTESIAN_POINT('Ctrl Pts',(5.30000000000019,-20.9659329605407,0.399999964231431));
#13161=CARTESIAN_POINT('Ctrl Pts',(5.19275872872428,-20.7051940396304,0.399990819283597));
#13162=CARTESIAN_POINT('Ctrl Pts',(4.93127952595233,-20.5961165048544,0.399981147637554));
#13163=CARTESIAN_POINT('Ctrl Pts',(4.79999999999999,-20.5961165048544,0.399981147637554));
#13164=CARTESIAN_POINT('Ctrl Pts',(5.16666570818652,-21.0972193466788,0.266666666494403));
#13165=CARTESIAN_POINT('Ctrl Pts',(5.16659985001417,-21.0016849275077,0.266666642820954));
#13166=CARTESIAN_POINT('Ctrl Pts',(5.08783319136616,-20.8106041111646,0.266660546189064));
#13167=CARTESIAN_POINT('Ctrl Pts',(4.89620419981478,-20.7307443365696,0.266654098425036));
#13168=CARTESIAN_POINT('Ctrl Pts',(4.8,-20.7307443365696,0.266654098425036));
#13169=CARTESIAN_POINT('Ctrl Pts',(5.03333141637305,-21.098230503253,0.133333333247201));
#13170=CARTESIAN_POINT('Ctrl Pts',(5.03319970002815,-21.0374368944747,0.133333321410477));
#13171=CARTESIAN_POINT('Ctrl Pts',(4.98290765400803,-20.9160141826989,0.133330273094532));
#13172=CARTESIAN_POINT('Ctrl Pts',(4.86112887367722,-20.8653721682848,0.133327049212518));
#13173=CARTESIAN_POINT('Ctrl Pts',(4.8,-20.8653721682848,0.133327049212518));
#13174=CARTESIAN_POINT('Ctrl Pts',(4.89999712455957,-21.0992416598272,0.));
#13175=CARTESIAN_POINT('Ctrl Pts',(4.89979955004213,-21.0731888614417,0.));
#13176=CARTESIAN_POINT('Ctrl Pts',(4.87798211664991,-21.0214242542331,0.));
#13177=CARTESIAN_POINT('Ctrl Pts',(4.82605354753967,-21.,0.));
#13178=CARTESIAN_POINT('Ctrl Pts',(4.8,-21.,0.));
#13179=CARTESIAN_POINT('',(5.3,-21.0962081901046,0.39999999974159));
#13180=CARTESIAN_POINT('',(5.3,-21.0962081901046,0.39999999974159));
#13181=CARTESIAN_POINT('Ctrl Pts',(4.79999999999999,-20.5961165048544,0.399981147637554));
#13182=CARTESIAN_POINT('Ctrl Pts',(4.93127952595233,-20.5961165048544,0.399981147637554));
#13183=CARTESIAN_POINT('Ctrl Pts',(5.19275872872428,-20.7051940396304,0.399990819283597));
#13184=CARTESIAN_POINT('Ctrl Pts',(5.30000000000019,-20.9659329605407,0.399999964231431));
#13185=CARTESIAN_POINT('Ctrl Pts',(5.3,-21.0962081901046,0.399999999741604));
#13186=CARTESIAN_POINT('Ctrl Pts',(-4.90000000000001,-21.1,0.));
#13187=CARTESIAN_POINT('Ctrl Pts',(-4.90000000000001,-21.0997472175195,
0.));
#13188=CARTESIAN_POINT('Ctrl Pts',(-4.89999904151068,-21.099494435039,0.));
#13189=CARTESIAN_POINT('Ctrl Pts',(-4.89999712455958,-21.0992416598272,
0.));
#13190=CARTESIAN_POINT('Ctrl Pts',(-5.03333333333334,-21.1,0.133333333333333));
#13191=CARTESIAN_POINT('Ctrl Pts',(-5.03333333333334,-21.0994101742122,
0.133333333333333));
#13192=CARTESIAN_POINT('Ctrl Pts',(-5.03333269434045,-21.0988203484248,
0.133333333362047));
#13193=CARTESIAN_POINT('Ctrl Pts',(-5.03333141637305,-21.098230503253,0.133333333247202));
#13194=CARTESIAN_POINT('Ctrl Pts',(-5.16666666666667,-21.1,0.266666666666667));
#13195=CARTESIAN_POINT('Ctrl Pts',(-5.16666666666667,-21.0990731309049,
0.266666666666667));
#13196=CARTESIAN_POINT('Ctrl Pts',(-5.16666634717023,-21.0981462618105,
0.266666666724093));
#13197=CARTESIAN_POINT('Ctrl Pts',(-5.16666570818653,-21.0972193466788,
0.266666666494404));
#13198=CARTESIAN_POINT('Ctrl Pts',(-5.3,-21.1,0.4));
#13199=CARTESIAN_POINT('Ctrl Pts',(-5.3,-21.0987360875976,0.4));
#13200=CARTESIAN_POINT('Ctrl Pts',(-5.3,-21.0974721751963,0.40000000008614));
#13201=CARTESIAN_POINT('Ctrl Pts',(-5.3,-21.0962081901046,0.399999999741605));
#13202=CARTESIAN_POINT('Ctrl Pts',(-5.3,-21.1,0.4));
#13203=CARTESIAN_POINT('Ctrl Pts',(-5.3,-21.0987360875976,0.4));
#13204=CARTESIAN_POINT('Ctrl Pts',(-5.3,-21.0974721751963,0.40000000008614));
#13205=CARTESIAN_POINT('Ctrl Pts',(-5.3,-21.0962081901046,0.399999999741605));
#13206=CARTESIAN_POINT('Origin',(5.1,1.00740929182888E-16,0.2));
#13207=CARTESIAN_POINT('',(5.3,-21.2,0.4));
#13208=CARTESIAN_POINT('',(5.3,-21.2,0.4));
#13209=CARTESIAN_POINT('',(5.3,-21.1,0.4));
#13210=CARTESIAN_POINT('',(4.9,-21.1,0.));
#13211=CARTESIAN_POINT('',(5.3,4.4826586842625E-17,0.4));
#13212=CARTESIAN_POINT('Origin',(7.,-21.2,0.2));
#13213=CARTESIAN_POINT('',(8.7,-21.2,0.4));
#13214=CARTESIAN_POINT('',(8.7,-21.2,0.4));
#13215=CARTESIAN_POINT('Origin',(7.,-21.2,0.4));
#13216=CARTESIAN_POINT('Origin',(8.9,-10.6,0.2));
#13217=CARTESIAN_POINT('',(8.7,-21.1,0.4));
#13218=CARTESIAN_POINT('',(8.7,-21.1,0.4));
#13219=CARTESIAN_POINT('',(8.7,-10.6,0.4));
#13220=CARTESIAN_POINT('Ctrl Pts',(4.89999712455957,-21.0992416598272,0.));
#13221=CARTESIAN_POINT('Ctrl Pts',(4.89999904151067,-21.099494435039,0.));
#13222=CARTESIAN_POINT('Ctrl Pts',(4.9,-21.0997472175195,0.));
#13223=CARTESIAN_POINT('Ctrl Pts',(4.9,-21.1,0.));
#13224=CARTESIAN_POINT('Ctrl Pts',(5.03333141637305,-21.098230503253,0.133333333247202));
#13225=CARTESIAN_POINT('Ctrl Pts',(5.03333269434045,-21.0988203484248,0.133333333362047));
#13226=CARTESIAN_POINT('Ctrl Pts',(5.03333333333333,-21.0994101742122,0.133333333333333));
#13227=CARTESIAN_POINT('Ctrl Pts',(5.03333333333333,-21.1,0.133333333333333));
#13228=CARTESIAN_POINT('Ctrl Pts',(5.16666570818652,-21.0972193466788,0.266666666494404));
#13229=CARTESIAN_POINT('Ctrl Pts',(5.16666634717022,-21.0981462618105,0.266666666724093));
#13230=CARTESIAN_POINT('Ctrl Pts',(5.16666666666667,-21.0990731309049,0.266666666666667));
#13231=CARTESIAN_POINT('Ctrl Pts',(5.16666666666667,-21.1,0.266666666666667));
#13232=CARTESIAN_POINT('Ctrl Pts',(5.3,-21.0962081901046,0.399999999741605));
#13233=CARTESIAN_POINT('Ctrl Pts',(5.3,-21.0974721751963,0.40000000008614));
#13234=CARTESIAN_POINT('Ctrl Pts',(5.3,-21.0987360875976,0.4));
#13235=CARTESIAN_POINT('Ctrl Pts',(5.3,-21.1,0.4));
#13236=CARTESIAN_POINT('Ctrl Pts',(5.3,-21.0962081901046,0.399999999741605));
#13237=CARTESIAN_POINT('Ctrl Pts',(5.3,-21.0974721751963,0.40000000008614));
#13238=CARTESIAN_POINT('Ctrl Pts',(5.3,-21.0987360875976,0.4));
#13239=CARTESIAN_POINT('Ctrl Pts',(5.3,-21.1,0.4));
#13240=CARTESIAN_POINT('Ctrl Pts',(9.2,-20.5961165048544,0.399981147637552));
#13241=CARTESIAN_POINT('Ctrl Pts',(9.06872047404766,-20.5961165048544,0.399981147637552));
#13242=CARTESIAN_POINT('Ctrl Pts',(8.80725807892052,-20.7052099778269,0.399990819158369));
#13243=CARTESIAN_POINT('Ctrl Pts',(8.6999999999998,-20.9659329605407,0.399999964231434));
#13244=CARTESIAN_POINT('Ctrl Pts',(8.69999999999999,-21.0962081901046,0.399999999741607));
#13245=CARTESIAN_POINT('Ctrl Pts',(9.2,-20.7307443365696,0.266654098425035));
#13246=CARTESIAN_POINT('Ctrl Pts',(9.10379580018521,-20.7307443365696,0.266654098425035));
#13247=CARTESIAN_POINT('Ctrl Pts',(8.91217906890178,-20.8106157998328,0.26666054610558));
#13248=CARTESIAN_POINT('Ctrl Pts',(8.83340014998582,-21.0016849275077,0.266666642820956));
#13249=CARTESIAN_POINT('Ctrl Pts',(8.83333429181347,-21.0972193466788,0.266666666494404));
#13250=CARTESIAN_POINT('Ctrl Pts',(9.2,-20.8653721682848,0.133327049212517));
#13251=CARTESIAN_POINT('Ctrl Pts',(9.13887112632277,-20.8653721682848,0.133327049212517));
#13252=CARTESIAN_POINT('Ctrl Pts',(9.01710005888303,-20.9160216218386,0.13333027305279));
#13253=CARTESIAN_POINT('Ctrl Pts',(8.96680029997184,-21.0374368944747,0.133333321410478));
#13254=CARTESIAN_POINT('Ctrl Pts',(8.96666858362695,-21.098230503253,0.133333333247202));
#13255=CARTESIAN_POINT('Ctrl Pts',(9.2,-21.,0.));
#13256=CARTESIAN_POINT('Ctrl Pts',(9.17394645246032,-21.,0.));
#13257=CARTESIAN_POINT('Ctrl Pts',(9.12202104886428,-21.0214274438444,0.));
#13258=CARTESIAN_POINT('Ctrl Pts',(9.10020044995786,-21.0731888614417,0.));
#13259=CARTESIAN_POINT('Ctrl Pts',(9.10000287544042,-21.0992416598272,0.));
#13260=CARTESIAN_POINT('',(8.69999999999999,-21.0962081901046,0.399999999741593));
#13261=CARTESIAN_POINT('',(9.10000287544042,-21.0992416598272,0.));
#13262=CARTESIAN_POINT('',(9.19999999999999,-20.5961165048544,0.399981147637552));
#13263=CARTESIAN_POINT('Ctrl Pts',(8.69999999999999,-21.0962081901046,0.399999999741607));
#13264=CARTESIAN_POINT('Ctrl Pts',(8.6999999999998,-20.9659329605407,0.399999964231434));
#13265=CARTESIAN_POINT('Ctrl Pts',(8.80725807892052,-20.7052099778269,0.399990819158369));
#13266=CARTESIAN_POINT('Ctrl Pts',(9.06872047404766,-20.5961165048544,0.399981147637552));
#13267=CARTESIAN_POINT('Ctrl Pts',(9.2,-20.5961165048544,0.399981147637552));
#13268=CARTESIAN_POINT('',(9.19999999999999,-20.5961165048544,0.399981147637552));
#13269=CARTESIAN_POINT('Origin',(-7.5,-20.7980582524272,0.199990573818777));
#13270=CARTESIAN_POINT('',(9.40000000000001,-20.5961165048544,0.399981147637553));
#13271=CARTESIAN_POINT('',(9.40000000000001,-20.5961165048544,0.399981147637553));
#13272=CARTESIAN_POINT('',(-7.5,-20.5961165048544,0.399981147637553));
#13273=CARTESIAN_POINT('Ctrl Pts',(9.90000000000001,-21.0962081901046,0.399999999741607));
#13274=CARTESIAN_POINT('Ctrl Pts',(9.9000000000002,-20.9659329605407,0.399999964231434));
#13275=CARTESIAN_POINT('Ctrl Pts',(9.79273639068544,-20.7052152221374,0.399990819117164));
#13276=CARTESIAN_POINT('Ctrl Pts',(9.53127952595234,-20.5961165048544,0.399981147637552));
#13277=CARTESIAN_POINT('Ctrl Pts',(9.40000000000001,-20.5961165048544,0.399981147637552));
#13278=CARTESIAN_POINT('Ctrl Pts',(9.76666570818653,-21.0972193466788,0.266666666494404));
#13279=CARTESIAN_POINT('Ctrl Pts',(9.76659985001418,-21.0016849275077,0.266666642820956));
#13280=CARTESIAN_POINT('Ctrl Pts',(9.68781689697486,-20.8106196458767,0.26666054607811));
#13281=CARTESIAN_POINT('Ctrl Pts',(9.49620419981479,-20.7307443365696,0.266654098425035));
#13282=CARTESIAN_POINT('Ctrl Pts',(9.40000000000001,-20.7307443365696,0.266654098425035));
#13283=CARTESIAN_POINT('Ctrl Pts',(9.63333141637305,-21.098230503253,0.133333333247202));
#13284=CARTESIAN_POINT('Ctrl Pts',(9.63319970002816,-21.0374368944747,0.133333321410478));
#13285=CARTESIAN_POINT('Ctrl Pts',(9.58289740326428,-20.916024069616,0.133330273039055));
#13286=CARTESIAN_POINT('Ctrl Pts',(9.46112887367723,-20.8653721682848,0.133327049212517));
#13287=CARTESIAN_POINT('Ctrl Pts',(9.40000000000001,-20.8653721682848,0.133327049212517));
#13288=CARTESIAN_POINT('Ctrl Pts',(9.49999712455958,-21.0992416598272,0.));
#13289=CARTESIAN_POINT('Ctrl Pts',(9.49979955004214,-21.0731888614417,0.));
#13290=CARTESIAN_POINT('Ctrl Pts',(9.4779779095537,-21.0214284933554,0.));
#13291=CARTESIAN_POINT('Ctrl Pts',(9.42605354753968,-21.,0.));
#13292=CARTESIAN_POINT('Ctrl Pts',(9.40000000000001,-21.,0.));
#13293=CARTESIAN_POINT('',(9.90000000000001,-21.0962081901046,0.399999999741593));
#13294=CARTESIAN_POINT('',(9.90000000000001,-21.0962081901046,0.399999999741593));
#13295=CARTESIAN_POINT('Ctrl Pts',(9.40000000000001,-20.5961165048544,0.399981147637552));
#13296=CARTESIAN_POINT('Ctrl Pts',(9.53127952595234,-20.5961165048544,0.399981147637552));
#13297=CARTESIAN_POINT('Ctrl Pts',(9.79273639068544,-20.7052152221374,0.399990819117164));
#13298=CARTESIAN_POINT('Ctrl Pts',(9.9000000000002,-20.9659329605407,0.399999964231434));
#13299=CARTESIAN_POINT('Ctrl Pts',(9.90000000000001,-21.0962081901046,0.399999999741607));
#13300=CARTESIAN_POINT('Ctrl Pts',(9.09999999999999,-21.1,0.));
#13301=CARTESIAN_POINT('Ctrl Pts',(9.09999999999999,-21.0997472175195,0.));
#13302=CARTESIAN_POINT('Ctrl Pts',(9.10000095848932,-21.099494435039,0.));
#13303=CARTESIAN_POINT('Ctrl Pts',(9.10000287544042,-21.0992416598272,0.));
#13304=CARTESIAN_POINT('Ctrl Pts',(8.96666666666666,-21.1,0.133333333333333));
#13305=CARTESIAN_POINT('Ctrl Pts',(8.96666666666666,-21.0994101742122,0.133333333333333));
#13306=CARTESIAN_POINT('Ctrl Pts',(8.96666730565955,-21.0988203484248,0.133333333362047));
#13307=CARTESIAN_POINT('Ctrl Pts',(8.96666858362695,-21.098230503253,0.133333333247202));
#13308=CARTESIAN_POINT('Ctrl Pts',(8.83333333333333,-21.1,0.266666666666667));
#13309=CARTESIAN_POINT('Ctrl Pts',(8.83333333333333,-21.0990731309049,0.266666666666667));
#13310=CARTESIAN_POINT('Ctrl Pts',(8.83333365282978,-21.0981462618105,0.266666666724093));
#13311=CARTESIAN_POINT('Ctrl Pts',(8.83333429181348,-21.0972193466788,0.266666666494404));
#13312=CARTESIAN_POINT('Ctrl Pts',(8.7,-21.1,0.4));
#13313=CARTESIAN_POINT('Ctrl Pts',(8.7,-21.0987360875976,0.4));
#13314=CARTESIAN_POINT('Ctrl Pts',(8.7,-21.0974721751963,0.40000000008614));
#13315=CARTESIAN_POINT('Ctrl Pts',(8.7,-21.0962081901046,0.399999999741605));
#13316=CARTESIAN_POINT('Ctrl Pts',(8.7,-21.1,0.4));
#13317=CARTESIAN_POINT('Ctrl Pts',(8.7,-21.0987360875976,0.4));
#13318=CARTESIAN_POINT('Ctrl Pts',(8.7,-21.0974721751963,0.40000000008614));
#13319=CARTESIAN_POINT('Ctrl Pts',(8.7,-21.0962081901046,0.399999999741605));
#13320=CARTESIAN_POINT('Origin',(9.70000000000001,-9.67883399409485,0.2));
#13321=CARTESIAN_POINT('',(9.90000000000001,-21.1,0.4));
#13322=CARTESIAN_POINT('',(9.50000000000001,-21.1,0.));
#13323=CARTESIAN_POINT('',(9.90000000000001,-9.67883399409485,0.4));
#13324=CARTESIAN_POINT('Ctrl Pts',(9.49999712455958,-21.0992416598272,0.));
#13325=CARTESIAN_POINT('Ctrl Pts',(9.49999904151067,-21.099494435039,0.));
#13326=CARTESIAN_POINT('Ctrl Pts',(9.50000000000001,-21.0997472175195,0.));
#13327=CARTESIAN_POINT('Ctrl Pts',(9.50000000000001,-21.1,0.));
#13328=CARTESIAN_POINT('Ctrl Pts',(9.63333141637305,-21.098230503253,0.133333333247202));
#13329=CARTESIAN_POINT('Ctrl Pts',(9.63333269434045,-21.0988203484248,0.133333333362047));
#13330=CARTESIAN_POINT('Ctrl Pts',(9.63333333333334,-21.0994101742122,0.133333333333333));
#13331=CARTESIAN_POINT('Ctrl Pts',(9.63333333333334,-21.1,0.133333333333333));
#13332=CARTESIAN_POINT('Ctrl Pts',(9.76666570818653,-21.0972193466788,0.266666666494404));
#13333=CARTESIAN_POINT('Ctrl Pts',(9.76666634717023,-21.0981462618105,0.266666666724094));
#13334=CARTESIAN_POINT('Ctrl Pts',(9.76666666666667,-21.0990731309049,0.266666666666667));
#13335=CARTESIAN_POINT('Ctrl Pts',(9.76666666666667,-21.1,0.266666666666667));
#13336=CARTESIAN_POINT('Ctrl Pts',(9.90000000000001,-21.0962081901046,0.399999999741606));
#13337=CARTESIAN_POINT('Ctrl Pts',(9.90000000000001,-21.0974721751963,0.400000000086141));
#13338=CARTESIAN_POINT('Ctrl Pts',(9.90000000000001,-21.0987360875976,0.4));
#13339=CARTESIAN_POINT('Ctrl Pts',(9.90000000000001,-21.1,0.4));
#13340=CARTESIAN_POINT('Ctrl Pts',(9.90000000000001,-21.0962081901046,0.399999999741606));
#13341=CARTESIAN_POINT('Ctrl Pts',(9.90000000000001,-21.0974721751963,0.400000000086141));
#13342=CARTESIAN_POINT('Ctrl Pts',(9.90000000000001,-21.0987360875976,0.4));
#13343=CARTESIAN_POINT('Ctrl Pts',(9.90000000000001,-21.1,0.4));
#13344=CARTESIAN_POINT('Origin',(-15.3,0.,0.));
#13345=CARTESIAN_POINT('',(-15.8,-7.04561495250877,18.1826650945615));
#13346=CARTESIAN_POINT('Ctrl Pts',(-15.8,-7.04561495250878,18.1826650945615));
#13347=CARTESIAN_POINT('Ctrl Pts',(-15.8,-7.04561495250878,18.1149432498067));
#13348=CARTESIAN_POINT('Ctrl Pts',(-15.7849119964855,-7.04561495250877,
18.0350899490607));
#13349=CARTESIAN_POINT('Ctrl Pts',(-15.7357662082281,-7.04561495250877,
17.9113144286932));
#13350=CARTESIAN_POINT('Ctrl Pts',(-15.6937678200684,-7.04561495250877,
17.8449417105621));
#13351=CARTESIAN_POINT('Ctrl Pts',(-15.6052452343718,-7.04561495250877,
17.7523858135697));
#13352=CARTESIAN_POINT('Ctrl Pts',(-15.5438674990669,-7.04561495250877,
17.7090337832951));
#13353=CARTESIAN_POINT('Ctrl Pts',(-15.4310654874611,-7.04561495250877,
17.6602522607308));
#13354=CARTESIAN_POINT('Ctrl Pts',(-15.3602780270934,-7.04561495250878,
17.6453764465648));
#13355=CARTESIAN_POINT('Ctrl Pts',(-15.3,-7.04561495250878,17.6453764465648));
#13356=CARTESIAN_POINT('',(-15.8,-18.1826650945615,7.04561495250878));
#13357=CARTESIAN_POINT('Ctrl Pts',(-15.3,-17.6453764465648,7.04561495250878));
#13358=CARTESIAN_POINT('Ctrl Pts',(-15.3602780270934,-17.6453764465648,
7.04561495250878));
#13359=CARTESIAN_POINT('Ctrl Pts',(-15.4310654874611,-17.6602522607308,
7.04561495250878));
#13360=CARTESIAN_POINT('Ctrl Pts',(-15.5438674990669,-17.7090337832951,
7.04561495250878));
#13361=CARTESIAN_POINT('Ctrl Pts',(-15.6052452343718,-17.7523858135697,
7.04561495250878));
#13362=CARTESIAN_POINT('Ctrl Pts',(-15.6937678200684,-17.8449417105621,
7.04561495250878));
#13363=CARTESIAN_POINT('Ctrl Pts',(-15.7357662082281,-17.9113144286932,
7.04561495250878));
#13364=CARTESIAN_POINT('Ctrl Pts',(-15.7849119964855,-18.0350899490607,
7.04561495250878));
#13365=CARTESIAN_POINT('Ctrl Pts',(-15.8,-18.1149432498067,7.04561495250878));
#13366=CARTESIAN_POINT('Ctrl Pts',(-15.8,-18.1826650945615,7.04561495250878));
#13367=CARTESIAN_POINT('Origin',(-15.8,0.,0.));
#13368=CARTESIAN_POINT('Origin',(-15.8,19.6,0.));
#13369=CARTESIAN_POINT('',(-15.8,-18.2898690520459,7.04561495250878));
#13370=CARTESIAN_POINT('',(-15.8,0.421166005905147,7.04561495250878));
#13371=CARTESIAN_POINT('',(-15.8,-7.04561495250877,18.2898690520459));
#13372=CARTESIAN_POINT('Origin',(-15.8,0.,0.));
#13373=CARTESIAN_POINT('',(-15.8,-7.04561495250878,9.37883399409486));
#13374=CARTESIAN_POINT('Origin',(-0.500000000000005,-18.7576679881897,7.04561495250878));
#13375=CARTESIAN_POINT('',(-24.9,-19.3576679881897,7.04561495250878));
#13376=CARTESIAN_POINT('',(-20.35,-18.2898690520459,7.04561495250878));
#13377=CARTESIAN_POINT('',(-8.8,-18.1826650945615,7.04561495250878));
#13378=CARTESIAN_POINT('Ctrl Pts',(-8.8,-18.1826650945615,7.04561495250878));
#13379=CARTESIAN_POINT('Ctrl Pts',(-8.8,-18.1149432498067,7.04561495250878));
#13380=CARTESIAN_POINT('Ctrl Pts',(-8.81508800351448,-18.0350899490607,
7.04561495250878));
#13381=CARTESIAN_POINT('Ctrl Pts',(-8.8642337917719,-17.9113144286932,7.04561495250878));
#13382=CARTESIAN_POINT('Ctrl Pts',(-8.90623217993159,-17.8449417105621,
7.04561495250878));
#13383=CARTESIAN_POINT('Ctrl Pts',(-8.99475476562823,-17.7523858135697,
7.04561495250878));
#13384=CARTESIAN_POINT('Ctrl Pts',(-9.05613250093314,-17.7090337832951,
7.04561495250878));
#13385=CARTESIAN_POINT('Ctrl Pts',(-9.16893451253895,-17.6602522607308,
7.04561495250878));
#13386=CARTESIAN_POINT('Ctrl Pts',(-9.23972197290658,-17.6453764465648,
7.04561495250878));
#13387=CARTESIAN_POINT('Ctrl Pts',(-9.3,-17.6453764465648,7.04561495250878));
#13388=CARTESIAN_POINT('',(-8.8,-18.2898690520459,7.04561495250878));
#13389=CARTESIAN_POINT('',(-8.8,0.121166005905148,7.04561495250878));
#13390=CARTESIAN_POINT('',(11.5759725876812,-18.2898690520459,7.0456149525088));
#13391=CARTESIAN_POINT('',(1.38798629384104,-18.2898690520459,7.04561495250878));
#13392=CARTESIAN_POINT('',(13.0658214221572,-19.6236413030772,7.0456149525088));
#13393=CARTESIAN_POINT('Ctrl Pts',(11.5759725876812,-18.2898690520459,7.0456149525088));
#13394=CARTESIAN_POINT('Ctrl Pts',(12.2946910559707,-18.9361447273357,7.0456149525088));
#13395=CARTESIAN_POINT('Ctrl Pts',(13.0658214221572,-19.6236413030772,7.0456149525088));
#13396=CARTESIAN_POINT('',(13.244427617314,-20.0301305904443,7.04561495250878));
#13397=CARTESIAN_POINT('Ctrl Pts',(13.244427617314,-20.0301305904443,7.04561495250878));
#13398=CARTESIAN_POINT('Ctrl Pts',(13.244427617314,-19.9634500871758,7.04561495250878));
#13399=CARTESIAN_POINT('Ctrl Pts',(13.2294488696335,-19.8848479623879,7.04561495250878));
#13400=CARTESIAN_POINT('Ctrl Pts',(13.1806266404327,-19.762765232633,7.04561495250878));
#13401=CARTESIAN_POINT('Ctrl Pts',(13.1387726210458,-19.6972263783104,7.04561495250878));
#13402=CARTESIAN_POINT('Ctrl Pts',(13.0850943008438,-19.6415257692696,7.04561495250878));
#13403=CARTESIAN_POINT('Ctrl Pts',(13.075732110798,-19.6324771171003,7.04561495250878));
#13404=CARTESIAN_POINT('Ctrl Pts',(13.0658214221576,-19.6236413030767,7.04561495250878));
#13405=CARTESIAN_POINT('',(13.244427617314,-20.3127868580602,7.04561495250878));
#13406=CARTESIAN_POINT('',(13.244427617314,1.12116600590515,7.04561495250877));
#13407=CARTESIAN_POINT('',(14.744427617314,-20.3127868580602,7.04561495250878));
#13408=CARTESIAN_POINT('',(13.994427617314,-20.3127868580602,7.04561495250878));
#13409=CARTESIAN_POINT('Ctrl Pts',(15.244427617314,-19.7828033893325,7.04561495250878));
#13410=CARTESIAN_POINT('Ctrl Pts',(15.1838770879579,-19.7828033893325,7.04561495250878));
#13411=CARTESIAN_POINT('Ctrl Pts',(15.1127380639053,-19.7975955213106,7.04561495250878));
#13412=CARTESIAN_POINT('Ctrl Pts',(14.9997055171621,-19.8460733103894,7.04561495250878));
#13413=CARTESIAN_POINT('Ctrl Pts',(14.9382885851432,-19.8889919139023,7.04561495250878));
#13414=CARTESIAN_POINT('Ctrl Pts',(14.8500071546313,-19.9805087421723,7.04561495250878));
#13415=CARTESIAN_POINT('Ctrl Pts',(14.8081720387786,-20.0459392680401,7.04561495250878));
#13416=CARTESIAN_POINT('Ctrl Pts',(14.7593921067468,-20.1678021157533,7.04561495250878));
#13417=CARTESIAN_POINT('Ctrl Pts',(14.744427617314,-20.2462416635251,7.04561495250878));
#13418=CARTESIAN_POINT('Ctrl Pts',(14.744427617314,-20.3127868580602,7.04561495250878));
#13419=CARTESIAN_POINT('',(9.90000000000001,-19.8889243032645,7.04561495250878));
#13420=CARTESIAN_POINT('',(9.90000000000001,-19.0576679881897,7.04561495250878));
#13421=CARTESIAN_POINT('',(9.4,-19.3576679881897,7.04561495250878));
#13422=CARTESIAN_POINT('Ctrl Pts',(9.90000000000001,-19.8889243032645,7.04561495250878));
#13423=CARTESIAN_POINT('Ctrl Pts',(9.90000000000001,-19.8221740809342,7.04561495250878));
#13424=CARTESIAN_POINT('Ctrl Pts',(9.88501391117503,-19.7434881871376,7.04561495250878));
#13425=CARTESIAN_POINT('Ctrl Pts',(9.83616991094028,-19.6212921542402,7.04561495250878));
#13426=CARTESIAN_POINT('Ctrl Pts',(9.79430616432056,-19.5556974805091,7.04561495250878));
#13427=CARTESIAN_POINT('Ctrl Pts',(9.70598253433399,-19.4639996589097,7.04561495250878));
#13428=CARTESIAN_POINT('Ctrl Pts',(9.64457236105171,-19.421005493616,7.04561495250878));
#13429=CARTESIAN_POINT('Ctrl Pts',(9.53158025156288,-19.3724747312859,7.04561495250878));
#13430=CARTESIAN_POINT('Ctrl Pts',(9.46050278697389,-19.3576679881897,7.04561495250878));
#13431=CARTESIAN_POINT('Ctrl Pts',(9.40000000000001,-19.3576679881897,7.04561495250878));
#13432=CARTESIAN_POINT('',(9.2,-19.3576679881897,7.04561495250878));
#13433=CARTESIAN_POINT('',(-24.9,-19.3576679881897,7.04561495250878));
#13434=CARTESIAN_POINT('',(8.7,-19.8889243032645,7.04561495250877));
#13435=CARTESIAN_POINT('Ctrl Pts',(9.19999999999999,-19.3576679881897,7.04561495250878));
#13436=CARTESIAN_POINT('Ctrl Pts',(9.13949721302611,-19.3576679881897,7.04561495250878));
#13437=CARTESIAN_POINT('Ctrl Pts',(9.06841974843712,-19.3724747312859,7.04561495250878));
#13438=CARTESIAN_POINT('Ctrl Pts',(8.95542763894829,-19.421005493616,7.04561495250878));
#13439=CARTESIAN_POINT('Ctrl Pts',(8.89401746566601,-19.4639996589097,7.04561495250878));
#13440=CARTESIAN_POINT('Ctrl Pts',(8.80569383567943,-19.555697480509,7.04561495250878));
#13441=CARTESIAN_POINT('Ctrl Pts',(8.76383008905972,-19.6212921542402,7.04561495250878));
#13442=CARTESIAN_POINT('Ctrl Pts',(8.71498608882497,-19.7434881871376,7.04561495250878));
#13443=CARTESIAN_POINT('Ctrl Pts',(8.69999999999999,-19.8221740809342,7.04561495250878));
#13444=CARTESIAN_POINT('Ctrl Pts',(8.69999999999999,-19.8889243032645,7.04561495250878));
#13445=CARTESIAN_POINT('',(8.7,-21.2,7.04561495250877));
#13446=CARTESIAN_POINT('',(8.7,-15.9,7.04561495250877));
#13447=CARTESIAN_POINT('',(5.3,-21.2,7.04561495250877));
#13448=CARTESIAN_POINT('Origin',(7.,-21.2,7.04561495250878));
#13449=CARTESIAN_POINT('',(5.3,-19.8889243032645,7.04561495250877));
#13450=CARTESIAN_POINT('',(5.3,-5.3,7.04561495250877));
#13451=CARTESIAN_POINT('',(4.8,-19.3576679881897,7.04561495250878));
#13452=CARTESIAN_POINT('Ctrl Pts',(5.3,-19.8889243032645,7.04561495250878));
#13453=CARTESIAN_POINT('Ctrl Pts',(5.3,-19.8221740809342,7.04561495250878));
#13454=CARTESIAN_POINT('Ctrl Pts',(5.28501391117502,-19.7434881871376,7.04561495250878));
#13455=CARTESIAN_POINT('Ctrl Pts',(5.23616991094027,-19.6212921542402,7.04561495250878));
#13456=CARTESIAN_POINT('Ctrl Pts',(5.19430616432056,-19.5556974805091,7.04561495250878));
#13457=CARTESIAN_POINT('Ctrl Pts',(5.10598253433398,-19.4639996589097,7.04561495250878));
#13458=CARTESIAN_POINT('Ctrl Pts',(5.0445723610517,-19.421005493616,7.04561495250878));
#13459=CARTESIAN_POINT('Ctrl Pts',(4.93158025156287,-19.3724747312859,7.04561495250878));
#13460=CARTESIAN_POINT('Ctrl Pts',(4.86050278697388,-19.3576679881897,7.04561495250878));
#13461=CARTESIAN_POINT('Ctrl Pts',(4.8,-19.3576679881897,7.04561495250878));
#13462=CARTESIAN_POINT('',(-4.80000000000001,-19.3576679881897,7.04561495250878));
#13463=CARTESIAN_POINT('',(-24.9,-19.3576679881897,7.04561495250878));
#13464=CARTESIAN_POINT('',(-5.3,-19.8889243032645,7.04561495250877));
#13465=CARTESIAN_POINT('Ctrl Pts',(-4.80000000000001,-19.3576679881897,
7.04561495250878));
#13466=CARTESIAN_POINT('Ctrl Pts',(-4.86143932731408,-19.3576679881897,
7.04561495250878));
#13467=CARTESIAN_POINT('Ctrl Pts',(-4.93356920468143,-19.3729316622471,
7.04561495250878));
#13468=CARTESIAN_POINT('Ctrl Pts',(-5.0480527680244,-19.4229307511363,7.04561495250878));
#13469=CARTESIAN_POINT('Ctrl Pts',(-5.11005709630624,-19.4671956978301,
7.04561495250878));
#13470=CARTESIAN_POINT('Ctrl Pts',(-5.1973395653168,-19.5599933308813,7.04561495250878));
#13471=CARTESIAN_POINT('Ctrl Pts',(-5.23803908075146,-19.6249940214396,
7.04561495250878));
#13472=CARTESIAN_POINT('Ctrl Pts',(-5.28545956807595,-19.7456559709372,
7.04561495250878));
#13473=CARTESIAN_POINT('Ctrl Pts',(-5.30000000000001,-19.8231879331131,
7.04561495250878));
#13474=CARTESIAN_POINT('Ctrl Pts',(-5.30000000000001,-19.8889243032645,
7.04561495250878));
#13475=CARTESIAN_POINT('',(-5.3,-21.2,7.04561495250877));
#13476=CARTESIAN_POINT('',(-5.3,-15.9,7.04561495250877));
#13477=CARTESIAN_POINT('',(-8.7,-21.2,7.04561495250877));
#13478=CARTESIAN_POINT('Origin',(-7.,-21.2,7.04561495250877));
#13479=CARTESIAN_POINT('',(-8.7,-19.8889243032645,7.04561495250877));
#13480=CARTESIAN_POINT('',(-8.7,-5.3,7.04561495250877));
#13481=CARTESIAN_POINT('Ctrl Pts',(-8.7,-19.8889243032645,7.04561495250878));
#13482=CARTESIAN_POINT('Ctrl Pts',(-8.7,-19.8221740809342,7.04561495250878));
#13483=CARTESIAN_POINT('Ctrl Pts',(-8.71498608882498,-19.7434881871376,
7.04561495250878));
#13484=CARTESIAN_POINT('Ctrl Pts',(-8.76383008905973,-19.6212921542402,
7.04561495250878));
#13485=CARTESIAN_POINT('Ctrl Pts',(-8.80569383567945,-19.5556974805091,
7.04561495250878));
#13486=CARTESIAN_POINT('Ctrl Pts',(-8.89401746566602,-19.4639996589097,
7.04561495250878));
#13487=CARTESIAN_POINT('Ctrl Pts',(-8.9554276389483,-19.421005493616,7.04561495250878));
#13488=CARTESIAN_POINT('Ctrl Pts',(-9.06841974843713,-19.3724747312859,
7.04561495250878));
#13489=CARTESIAN_POINT('Ctrl Pts',(-9.13949721302612,-19.3576679881897,
7.04561495250878));
#13490=CARTESIAN_POINT('Ctrl Pts',(-9.2,-19.3576679881897,7.04561495250878));
#13491=CARTESIAN_POINT('',(-5.65,-21.2,7.04561495250877));
#13492=CARTESIAN_POINT('Origin',(-7.,-21.2,7.04561495250877));
#13493=CARTESIAN_POINT('Origin',(-9.3,0.,0.));
#13494=CARTESIAN_POINT('',(-8.8,-7.04561495250877,18.1826650945615));
#13495=CARTESIAN_POINT('Ctrl Pts',(-9.3,-7.04561495250877,17.6453764465648));
#13496=CARTESIAN_POINT('Ctrl Pts',(-9.23972197290658,-7.04561495250877,
17.6453764465648));
#13497=CARTESIAN_POINT('Ctrl Pts',(-9.16893451253895,-7.04561495250877,
17.6602522607308));
#13498=CARTESIAN_POINT('Ctrl Pts',(-9.05613250093314,-7.04561495250877,
17.7090337832951));
#13499=CARTESIAN_POINT('Ctrl Pts',(-8.99475476562823,-7.04561495250877,
17.7523858135697));
#13500=CARTESIAN_POINT('Ctrl Pts',(-8.90623217993159,-7.04561495250877,
17.8449417105621));
#13501=CARTESIAN_POINT('Ctrl Pts',(-8.8642337917719,-7.04561495250877,17.9113144286932));
#13502=CARTESIAN_POINT('Ctrl Pts',(-8.81508800351448,-7.04561495250877,
18.0350899490607));
#13503=CARTESIAN_POINT('Ctrl Pts',(-8.8,-7.04561495250877,18.1149432498067));
#13504=CARTESIAN_POINT('Ctrl Pts',(-8.8,-7.04561495250877,18.1826650945615));
#13505=CARTESIAN_POINT('Origin',(-8.8,0.,0.));
#13506=CARTESIAN_POINT('Origin',(-8.8,19.,0.));
#13507=CARTESIAN_POINT('',(-8.8,-7.04561495250877,19.3576679881897));
#13508=CARTESIAN_POINT('',(-8.8,-7.04561495250878,9.37883399409486));
#13509=CARTESIAN_POINT('',(-8.8,7.04561495250878,19.3576679881897));
#13510=CARTESIAN_POINT('Origin',(-8.8,0.,0.));
#13511=CARTESIAN_POINT('',(-8.8,7.04561495250878,18.1826650945615));
#13512=CARTESIAN_POINT('',(-8.8,7.04561495250877,9.37883399409485));
#13513=CARTESIAN_POINT('Origin',(-8.8,0.,0.));
#13514=CARTESIAN_POINT('',(-8.8,16.3,10.8843924956793));
#13515=CARTESIAN_POINT('Origin',(-8.8,0.,0.));
#13516=CARTESIAN_POINT('',(-8.8,16.3,0.));
#13517=CARTESIAN_POINT('',(-8.8,-16.3,10.8843924956793));
#13518=CARTESIAN_POINT('',(-8.8,-16.3,0.));
#13519=CARTESIAN_POINT('Origin',(-8.8,0.,0.));
#13520=CARTESIAN_POINT('Origin',(-0.500000000000005,-7.04561495250877,18.7576679881897));
#13521=CARTESIAN_POINT('',(-20.35,-7.04561495250878,18.2898690520459));
#13522=CARTESIAN_POINT('',(-24.9,-7.04561495250877,19.3576679881897));
#13523=CARTESIAN_POINT('Origin',(-9.2,0.,0.));
#13524=CARTESIAN_POINT('Origin',(-8.7,-1.13601350552894E-16,0.));
#13525=CARTESIAN_POINT('Origin',(-7.5,0.,0.));
#13526=CARTESIAN_POINT('Origin',(-4.8,0.,0.));
#13527=CARTESIAN_POINT('Origin',(-5.3,1.13601350552893E-16,0.));
#13528=CARTESIAN_POINT('Origin',(-4.8,0.,0.));
#13529=CARTESIAN_POINT('Origin',(-7.5,0.,0.));
#13530=CARTESIAN_POINT('Origin',(4.8,0.,0.));
#13531=CARTESIAN_POINT('Origin',(4.8,0.,0.));
#13532=CARTESIAN_POINT('Origin',(5.3,-1.39785855850657E-16,0.));
#13533=CARTESIAN_POINT('Origin',(9.2,0.,0.));
#13534=CARTESIAN_POINT('Origin',(8.70000000000001,1.39785855850655E-16,
0.));
#13535=CARTESIAN_POINT('Origin',(9.2,0.,0.));
#13536=CARTESIAN_POINT('Origin',(-7.5,0.,0.));
#13537=CARTESIAN_POINT('Origin',(9.40000000000001,0.,0.));
#13538=CARTESIAN_POINT('Origin',(9.40000000000001,0.,0.));
#13539=CARTESIAN_POINT('Origin',(9.90000000000001,0.,0.));
#13540=CARTESIAN_POINT('Origin',(12.744427617314,0.,0.));
#13541=CARTESIAN_POINT('',(13.0658214221572,-16.3,13.0014609967811));
#13542=CARTESIAN_POINT('',(13.244427617314,-16.3,13.607234161624));
#13543=CARTESIAN_POINT('Ctrl Pts',(13.0658214221572,-16.3,13.0014609967811));
#13544=CARTESIAN_POINT('Ctrl Pts',(13.1198587625611,-16.3,13.0741760186754));
#13545=CARTESIAN_POINT('Ctrl Pts',(13.165708651934,-16.3,13.1724606387274));
#13546=CARTESIAN_POINT('Ctrl Pts',(13.2256633448781,-16.3,13.3646447272878));
#13547=CARTESIAN_POINT('Ctrl Pts',(13.244427617314,-16.3,13.4963617568593));
#13548=CARTESIAN_POINT('Ctrl Pts',(13.244427617314,-16.3,13.607234161624));
#13549=CARTESIAN_POINT('Origin',(13.244427617314,0.,0.));
#13550=CARTESIAN_POINT('Origin',(13.0658214221572,0.,0.));
#13551=CARTESIAN_POINT('Origin',(12.410200102498,0.,0.));
#13552=CARTESIAN_POINT('',(11.5759725876821,-16.3,10.8843924956793));
#13553=CARTESIAN_POINT('Origin',(11.5759725876821,0.,0.));
#13554=CARTESIAN_POINT('Ctrl Pts',(11.5759725876812,-16.3,10.884392495678));
#13555=CARTESIAN_POINT('Ctrl Pts',(12.2548723171292,-16.3,11.910212214245));
#13556=CARTESIAN_POINT('Ctrl Pts',(13.0658214221572,-16.3,13.0014609967811));
#13557=CARTESIAN_POINT('Origin',(15.244427617314,0.,0.));
#13558=CARTESIAN_POINT('',(14.744427617314,-16.3,14.0199857346575));
#13559=CARTESIAN_POINT('Ctrl Pts',(14.744427617314,-16.3,14.0199857346575));
#13560=CARTESIAN_POINT('Ctrl Pts',(14.744427617314,-16.3,13.9116088170509));
#13561=CARTESIAN_POINT('Ctrl Pts',(14.7630094867908,-16.3,13.7828908495582));
#13562=CARTESIAN_POINT('Ctrl Pts',(14.8225666228155,-16.3,13.5942722543205));
#13563=CARTESIAN_POINT('Ctrl Pts',(14.8685679449481,-16.3,13.4973274696118));
#13564=CARTESIAN_POINT('Ctrl Pts',(14.9636068773657,-16.3,13.3715174947473));
#13565=CARTESIAN_POINT('Ctrl Pts',(15.0230859049075,-16.3,13.315213836652));
#13566=CARTESIAN_POINT('Ctrl Pts',(15.1299069875424,-16.3,13.2575924937032));
#13567=CARTESIAN_POINT('Ctrl Pts',(15.1913076940063,-16.3,13.2404682696648));
#13568=CARTESIAN_POINT('Ctrl Pts',(15.244427617314,-16.3,13.2404682696648));
#13569=CARTESIAN_POINT('',(14.744427617314,-18.5905890170269,10.8));
#13570=CARTESIAN_POINT('Origin',(14.744427617314,0.,0.));
#13571=CARTESIAN_POINT('',(15.0474009398262,-18.0571536468434,10.8));
#13572=CARTESIAN_POINT('Ctrl Pts',(14.744427617314,-18.5905890170269,10.8));
#13573=CARTESIAN_POINT('Ctrl Pts',(14.744427617314,-18.5157578500051,10.8));
#13574=CARTESIAN_POINT('Ctrl Pts',(14.7602207514264,-18.4273601688241,10.8));
#13575=CARTESIAN_POINT('Ctrl Pts',(14.8114834979165,-18.2921480784265,10.8));
#13576=CARTESIAN_POINT('Ctrl Pts',(14.8543777273961,-18.220243513482,10.8));
#13577=CARTESIAN_POINT('Ctrl Pts',(14.9403482896781,-18.1259242229168,10.8));
#13578=CARTESIAN_POINT('Ctrl Pts',(14.9941619281743,-18.0837507282301,10.8));
#13579=CARTESIAN_POINT('Ctrl Pts',(15.0474009398262,-18.0571536468435,10.8));
#13580=CARTESIAN_POINT('',(14.744427617314,-18.0112966934696,11.7406640110264));
#13581=CARTESIAN_POINT('Ctrl Pts',(15.0474009398262,-18.0571536468434,10.8));
#13582=CARTESIAN_POINT('Ctrl Pts',(14.9787841086293,-18.0426672821426,10.8815345336982));
#13583=CARTESIAN_POINT('Ctrl Pts',(14.9169988938238,-18.0325326377522,10.9847769714988));
#13584=CARTESIAN_POINT('Ctrl Pts',(14.7959246711245,-18.0155901166408,11.2775259693884));
#13585=CARTESIAN_POINT('Ctrl Pts',(14.7557356976088,-18.0123523175975,11.4694261119676));
#13586=CARTESIAN_POINT('Ctrl Pts',(14.745111792241,-18.0113597908948,11.6850552656762));
#13587=CARTESIAN_POINT('Ctrl Pts',(14.744427617314,-18.0112966934696,11.7130090555558));
#13588=CARTESIAN_POINT('Ctrl Pts',(14.744427617314,-18.0112966934696,11.7406640110264));
#13589=CARTESIAN_POINT('Origin',(14.744427617314,0.,0.));
#13590=CARTESIAN_POINT('Origin',(-8.8,-16.3,0.));
#13591=CARTESIAN_POINT('',(1.38798629384104,-16.3,10.8843924956793));
#13592=CARTESIAN_POINT('',(16.9,-16.3,0.));
#13593=CARTESIAN_POINT('',(13.244427617314,-16.3,14.0199857346575));
#13594=CARTESIAN_POINT('',(13.994427617314,-16.3,14.0199857346575));
#13595=CARTESIAN_POINT('',(13.244427617314,-16.3,0.));
#13596=CARTESIAN_POINT('Origin',(14.5,-20.65,13.8));
#13597=CARTESIAN_POINT('',(11.85,-20.65,16.8));
#13598=CARTESIAN_POINT('Origin',(14.5,-20.65,16.8));
#13599=CARTESIAN_POINT('',(11.85,-20.65,10.8));
#13600=CARTESIAN_POINT('',(11.85,-20.65,13.8));
#13601=CARTESIAN_POINT('',(13.244427617314,-18.3163252172087,10.8));
#13602=CARTESIAN_POINT('Origin',(14.5,-20.65,10.8));
#13603=CARTESIAN_POINT('',(13.244427617314,-18.31632521721,11.2588734133303));
#13604=CARTESIAN_POINT('',(13.244427617314,-18.3163252172087,13.8));
#13605=CARTESIAN_POINT('Ctrl Pts',(14.7444276173139,-18.0112966934696,11.7406640110264));
#13606=CARTESIAN_POINT('Ctrl Pts',(14.6621422893104,-18.0036744622722,11.7523572395724));
#13607=CARTESIAN_POINT('Ctrl Pts',(14.5799715140728,-18.,11.7579760163049));
#13608=CARTESIAN_POINT('Ctrl Pts',(14.312360115612,-18.,11.7579760163049));
#13609=CARTESIAN_POINT('Ctrl Pts',(14.1129938331669,-18.0215157166726,11.7252172697766));
#13610=CARTESIAN_POINT('Ctrl Pts',(13.7414469052048,-18.1037674815981,11.5978167062044));
#13611=CARTESIAN_POINT('Ctrl Pts',(13.5689590102002,-18.1639493108988,11.5037144888019));
#13612=CARTESIAN_POINT('Ctrl Pts',(13.362821494301,-18.2554308353693,11.3574626452623));
#13613=CARTESIAN_POINT('Ctrl Pts',(13.3025477514146,-18.285055206583,11.3097445496478));
#13614=CARTESIAN_POINT('Ctrl Pts',(13.2444276173127,-18.3163252172094,11.2588734133314));
#13615=CARTESIAN_POINT('Origin',(14.5,-20.65,10.8));
#13616=CARTESIAN_POINT('Origin',(-9.2,0.,0.));
#13617=CARTESIAN_POINT('Origin',(-8.70000000000001,-7.85535158932889E-17,
0.));
#13618=CARTESIAN_POINT('Origin',(-9.2,0.,0.));
#13619=CARTESIAN_POINT('Origin',(-8.7,21.2,0.));
#13620=CARTESIAN_POINT('',(-8.7,21.2,-49.7333928040204));
#13621=CARTESIAN_POINT('Origin',(-4.8,0.,0.));
#13622=CARTESIAN_POINT('Origin',(-4.8,0.,0.));
#13623=CARTESIAN_POINT('Origin',(-5.3,7.85535158932894E-17,0.));
#13624=CARTESIAN_POINT('Origin',(-7.5,0.,0.));
#13625=CARTESIAN_POINT('Origin',(4.8,0.,0.));
#13626=CARTESIAN_POINT('Origin',(4.8,0.,0.));
#13627=CARTESIAN_POINT('Origin',(5.3,-5.23690105955261E-17,0.));
#13628=CARTESIAN_POINT('Origin',(5.3,21.2,0.));
#13629=CARTESIAN_POINT('',(5.3,21.2,0.));
#13630=CARTESIAN_POINT('Origin',(9.2,0.,0.));
#13631=CARTESIAN_POINT('Origin',(9.2,0.,0.));
#13632=CARTESIAN_POINT('Origin',(8.7,5.23690105955263E-17,0.));
#13633=CARTESIAN_POINT('Origin',(-7.5,0.,0.));
#13634=CARTESIAN_POINT('Origin',(9.40000000000001,0.,0.));
#13635=CARTESIAN_POINT('Origin',(9.40000000000001,0.,0.));
#13636=CARTESIAN_POINT('Origin',(9.90000000000001,0.,0.));
#13637=CARTESIAN_POINT('Origin',(-15.3,0.,0.));
#13638=CARTESIAN_POINT('',(-15.8,7.04561495250878,18.1826650945615));
#13639=CARTESIAN_POINT('Ctrl Pts',(-15.3,7.04561495250878,17.6453764465648));
#13640=CARTESIAN_POINT('Ctrl Pts',(-15.3602780270934,7.04561495250878,17.6453764465648));
#13641=CARTESIAN_POINT('Ctrl Pts',(-15.4310654874611,7.04561495250878,17.6602522607308));
#13642=CARTESIAN_POINT('Ctrl Pts',(-15.5438674990669,7.04561495250878,17.7090337832951));
#13643=CARTESIAN_POINT('Ctrl Pts',(-15.6052452343718,7.04561495250878,17.7523858135697));
#13644=CARTESIAN_POINT('Ctrl Pts',(-15.6937678200684,7.04561495250878,17.8449417105621));
#13645=CARTESIAN_POINT('Ctrl Pts',(-15.7357662082281,7.04561495250878,17.9113144286932));
#13646=CARTESIAN_POINT('Ctrl Pts',(-15.7849119964855,7.04561495250878,18.0350899490607));
#13647=CARTESIAN_POINT('Ctrl Pts',(-15.8,7.04561495250878,18.1149432498067));
#13648=CARTESIAN_POINT('Ctrl Pts',(-15.8,7.04561495250878,18.1826650945615));
#13649=CARTESIAN_POINT('Origin',(-15.8,0.,0.));
#13650=CARTESIAN_POINT('Origin',(-0.500000000000005,7.04561495250878,18.7576679881897));
#13651=CARTESIAN_POINT('Ctrl Pts',(-8.8,7.04561495250878,18.1826650945615));
#13652=CARTESIAN_POINT('Ctrl Pts',(-8.8,7.04561495250878,18.1149432498067));
#13653=CARTESIAN_POINT('Ctrl Pts',(-8.81508800351448,7.04561495250878,18.0350899490607));
#13654=CARTESIAN_POINT('Ctrl Pts',(-8.8642337917719,7.04561495250878,17.9113144286932));
#13655=CARTESIAN_POINT('Ctrl Pts',(-8.90623217993159,7.04561495250878,17.8449417105621));
#13656=CARTESIAN_POINT('Ctrl Pts',(-8.99475476562823,7.04561495250878,17.7523858135697));
#13657=CARTESIAN_POINT('Ctrl Pts',(-9.05613250093314,7.04561495250878,17.7090337832951));
#13658=CARTESIAN_POINT('Ctrl Pts',(-9.16893451253895,7.04561495250878,17.6602522607308));
#13659=CARTESIAN_POINT('Ctrl Pts',(-9.23972197290658,7.04561495250878,17.6453764465648));
#13660=CARTESIAN_POINT('Ctrl Pts',(-9.3,7.04561495250878,17.6453764465648));
#13661=CARTESIAN_POINT('',(-24.9,7.04561495250878,19.3576679881897));
#13662=CARTESIAN_POINT('',(-15.8,7.04561495250878,18.2898690520459));
#13663=CARTESIAN_POINT('',(-20.35,7.04561495250878,18.2898690520459));
#13664=CARTESIAN_POINT('',(-15.8,7.04561495250878,9.37883399409485));
#13665=CARTESIAN_POINT('Origin',(-9.3,0.,0.));
#13666=CARTESIAN_POINT('Origin',(15.244427617314,0.,0.));
#13667=CARTESIAN_POINT('',(15.244427617314,16.3,13.2404682696648));
#13668=CARTESIAN_POINT('Origin',(15.244427617314,0.,0.));
#13669=CARTESIAN_POINT('',(14.744427617314,16.3,14.0199857346575));
#13670=CARTESIAN_POINT('Ctrl Pts',(15.244427617314,16.3,13.2404682696648));
#13671=CARTESIAN_POINT('Ctrl Pts',(15.1913076940063,16.3,13.2404682696648));
#13672=CARTESIAN_POINT('Ctrl Pts',(15.1299069875424,16.3,13.2575924937032));
#13673=CARTESIAN_POINT('Ctrl Pts',(15.0230859049075,16.3,13.315213836652));
#13674=CARTESIAN_POINT('Ctrl Pts',(14.9636068773657,16.3,13.3715174947473));
#13675=CARTESIAN_POINT('Ctrl Pts',(14.8685679449481,16.3,13.4973274696118));
#13676=CARTESIAN_POINT('Ctrl Pts',(14.8225666228155,16.3,13.5942722543205));
#13677=CARTESIAN_POINT('Ctrl Pts',(14.7630094867908,16.3,13.7828908495582));
#13678=CARTESIAN_POINT('Ctrl Pts',(14.744427617314,16.3,13.9116088170509));
#13679=CARTESIAN_POINT('Ctrl Pts',(14.744427617314,16.3,14.0199857346575));
#13680=CARTESIAN_POINT('',(14.744427617314,18.0112966934696,11.7406640110264));
#13681=CARTESIAN_POINT('Origin',(14.744427617314,0.,0.));
#13682=CARTESIAN_POINT('',(15.0474009398262,18.0571536468434,10.8));
#13683=CARTESIAN_POINT('Ctrl Pts',(14.744427617314,18.0112966934696,11.7406640110264));
#13684=CARTESIAN_POINT('Ctrl Pts',(14.744427617314,18.0112966934696,11.6981126532967));
#13685=CARTESIAN_POINT('Ctrl Pts',(14.746046889263,18.011445095176,11.6548663018639));
#13686=CARTESIAN_POINT('Ctrl Pts',(14.7607451020149,18.0128343188823,11.4609616853271));
#13687=CARTESIAN_POINT('Ctrl Pts',(14.7919102801969,18.0156238114003,11.3091502338205));
#13688=CARTESIAN_POINT('Ctrl Pts',(14.8959955011994,18.0292082825592,11.0210273900189));
#13689=CARTESIAN_POINT('Ctrl Pts',(14.966831088747,18.0401437641912,10.8957378113108));
#13690=CARTESIAN_POINT('Ctrl Pts',(15.0474009398262,18.0571536468434,10.8));
#13691=CARTESIAN_POINT('',(14.744427617314,18.5905890170269,10.8));
#13692=CARTESIAN_POINT('Ctrl Pts',(15.0474009398262,18.0571536468435,10.8));
#13693=CARTESIAN_POINT('Ctrl Pts',(14.9941619281742,18.0837507282301,10.8));
#13694=CARTESIAN_POINT('Ctrl Pts',(14.9403482896781,18.1259242229168,10.8));
#13695=CARTESIAN_POINT('Ctrl Pts',(14.8543777273961,18.220243513482,10.8));
#13696=CARTESIAN_POINT('Ctrl Pts',(14.8114834979165,18.2921480784265,10.8));
#13697=CARTESIAN_POINT('Ctrl Pts',(14.7602207514264,18.4273601688241,10.8));
#13698=CARTESIAN_POINT('Ctrl Pts',(14.744427617314,18.5157578500051,10.8));
#13699=CARTESIAN_POINT('Ctrl Pts',(14.744427617314,18.5905890170269,10.8));
#13700=CARTESIAN_POINT('Origin',(14.744427617314,0.,0.));
#13701=CARTESIAN_POINT('Origin',(18.572213808657,0.,0.));
#13702=CARTESIAN_POINT('',(21.9,19.7828033893325,7.04561495250877));
#13703=CARTESIAN_POINT('',(18.572213808657,19.7828033893325,7.04561495250877));
#13704=CARTESIAN_POINT('',(21.9,7.04561495250878,19.7828033893325));
#13705=CARTESIAN_POINT('Origin',(21.9,0.,0.));
#13706=CARTESIAN_POINT('',(16.9,7.04561495250878,19.7828033893325));
#13707=CARTESIAN_POINT('',(18.572213808657,7.04561495250878,19.7828033893325));
#13708=CARTESIAN_POINT('',(16.9,16.3,13.2404682696648));
#13709=CARTESIAN_POINT('Origin',(16.9,0.,0.));
#13710=CARTESIAN_POINT('',(18.572213808657,16.3,13.2404682696648));
#13711=CARTESIAN_POINT('Origin',(-0.500000000000005,18.7576679881897,7.04561495250877));
#13712=CARTESIAN_POINT('',(23.9,20.8412885863851,7.04561495250877));
#13713=CARTESIAN_POINT('',(16.9,20.8412885863851,7.04561495250877));
#13714=CARTESIAN_POINT('',(23.9,20.3127868580602,7.04561495250877));
#13715=CARTESIAN_POINT('',(23.9,20.1288339940949,7.04561495250877));
#13716=CARTESIAN_POINT('',(22.4,20.3127868580602,7.04561495250877));
#13717=CARTESIAN_POINT('',(23.15,20.3127868580602,7.04561495250877));
#13718=CARTESIAN_POINT('Ctrl Pts',(21.9,19.7828033893325,7.04561495250877));
#13719=CARTESIAN_POINT('Ctrl Pts',(21.960550529356,19.7828033893325,7.04561495250877));
#13720=CARTESIAN_POINT('Ctrl Pts',(22.0316895534087,19.7975955213106,7.04561495250877));
#13721=CARTESIAN_POINT('Ctrl Pts',(22.1447221001518,19.8460733103894,7.04561495250877));
#13722=CARTESIAN_POINT('Ctrl Pts',(22.2061390321708,19.8889919139023,7.04561495250877));
#13723=CARTESIAN_POINT('Ctrl Pts',(22.2944204626826,19.9805087421723,7.04561495250877));
#13724=CARTESIAN_POINT('Ctrl Pts',(22.3362555785354,20.0459392680401,7.04561495250877));
#13725=CARTESIAN_POINT('Ctrl Pts',(22.3850355105672,20.1678021157533,7.04561495250877));
#13726=CARTESIAN_POINT('Ctrl Pts',(22.4,20.2462416635251,7.04561495250877));
#13727=CARTESIAN_POINT('Ctrl Pts',(22.4,20.3127868580602,7.04561495250877));
#13728=CARTESIAN_POINT('Origin',(14.5,20.65,10.8));
#13729=CARTESIAN_POINT('',(11.85,20.65,10.8));
#13730=CARTESIAN_POINT('Origin',(14.5,20.65,10.8));
#13731=CARTESIAN_POINT('',(13.244427617314,18.3163252172087,10.8));
#13732=CARTESIAN_POINT('Origin',(14.5,20.65,10.8));
#13733=CARTESIAN_POINT('',(13.244427617314,18.5905890170269,10.8));
#13734=CARTESIAN_POINT('',(13.244427617314,20.825,10.8));
#13735=CARTESIAN_POINT('',(13.994427617314,18.5905890170269,10.8));
#13736=CARTESIAN_POINT('Origin',(21.9,0.,0.));
#13737=CARTESIAN_POINT('',(22.4,7.04561495250878,20.3127868580602));
#13738=CARTESIAN_POINT('Origin',(22.4,0.,0.));
#13739=CARTESIAN_POINT('Ctrl Pts',(22.4,7.04561495250877,20.3127868580602));
#13740=CARTESIAN_POINT('Ctrl Pts',(22.4,7.04561495250877,20.2462416635251));
#13741=CARTESIAN_POINT('Ctrl Pts',(22.3850355105672,7.04561495250878,20.1678021157533));
#13742=CARTESIAN_POINT('Ctrl Pts',(22.3362555785354,7.04561495250878,20.0459392680401));
#13743=CARTESIAN_POINT('Ctrl Pts',(22.2944204626826,7.04561495250878,19.9805087421723));
#13744=CARTESIAN_POINT('Ctrl Pts',(22.2061390321708,7.04561495250878,19.8889919139023));
#13745=CARTESIAN_POINT('Ctrl Pts',(22.1447221001518,7.04561495250878,19.8460733103894));
#13746=CARTESIAN_POINT('Ctrl Pts',(22.0316895534087,7.04561495250878,19.7975955213106));
#13747=CARTESIAN_POINT('Ctrl Pts',(21.960550529356,7.04561495250877,19.7828033893325));
#13748=CARTESIAN_POINT('Ctrl Pts',(21.9,7.04561495250877,19.7828033893325));
#13749=CARTESIAN_POINT('Origin',(-3.3,24.4,12.5));
#13750=CARTESIAN_POINT('',(-3.3,24.9,21.));
#13751=CARTESIAN_POINT('',(-3.3,24.9,12.5));
#13752=CARTESIAN_POINT('',(-3.8,24.4,21.));
#13753=CARTESIAN_POINT('Origin',(-3.3,24.4,21.));
#13754=CARTESIAN_POINT('',(-3.8,24.4,12.5));
#13755=CARTESIAN_POINT('Origin',(24.9,24.9,0.));
#13756=CARTESIAN_POINT('',(24.4,24.9,0.));
#13757=CARTESIAN_POINT('',(-10.7,24.9,21.));
#13758=CARTESIAN_POINT('',(-10.7,24.9,12.5));
#13759=CARTESIAN_POINT('',(8.95,24.9,21.));
#13760=CARTESIAN_POINT('',(-15.1792949143453,24.9,6.));
#13761=CARTESIAN_POINT('',(-11.5472042488124,24.9,6.));
#13762=CARTESIAN_POINT('',(5.76837520921056,24.9,6.));
#13763=CARTESIAN_POINT('',(-11.5472042488124,24.9,6.73298215238163));
#13764=CARTESIAN_POINT('',(-11.5472042488124,24.9,3.18324553809541));
#13765=CARTESIAN_POINT('',(-13.0204619083258,24.9,7.92544565401742));
#13766=CARTESIAN_POINT('Ctrl Pts',(-11.5472042488124,24.9,6.73298215238163));
#13767=CARTESIAN_POINT('Ctrl Pts',(-12.0103322754416,24.9,7.06847647088467));
#13768=CARTESIAN_POINT('Ctrl Pts',(-12.7433144278233,24.9,7.65923820564001));
#13769=CARTESIAN_POINT('Ctrl Pts',(-13.0204619083258,24.9,7.92544565401742));
#13770=CARTESIAN_POINT('',(-13.709683932207,24.9,9.07779570452784));
#13771=CARTESIAN_POINT('Ctrl Pts',(-13.0204619083258,24.9,7.92544565401742));
#13772=CARTESIAN_POINT('Ctrl Pts',(-13.3851296458291,24.9,8.27188000464555));
#13773=CARTESIAN_POINT('Ctrl Pts',(-13.709683932207,24.9,8.80064822402534));
#13774=CARTESIAN_POINT('Ctrl Pts',(-13.709683932207,24.9,9.07779570452784));
#13775=CARTESIAN_POINT('',(-12.9292949739499,24.9,9.72690427728372));
#13776=CARTESIAN_POINT('Ctrl Pts',(-13.709683932207,24.9,9.07779570452784));
#13777=CARTESIAN_POINT('Ctrl Pts',(-13.709683932207,24.9,9.39140995878068));
#13778=CARTESIAN_POINT('Ctrl Pts',(-13.2976093888283,24.9,9.72690427728372));
#13779=CARTESIAN_POINT('Ctrl Pts',(-12.9292949739499,24.9,9.72690427728372));
#13780=CARTESIAN_POINT('',(-12.2327795953186,24.9,9.57739050490736));
#13781=CARTESIAN_POINT('Ctrl Pts',(-12.9292949739499,24.9,9.72690427728372));
#13782=CARTESIAN_POINT('Ctrl Pts',(-12.7396677504482,24.9,9.72690427728372));
#13783=CARTESIAN_POINT('Ctrl Pts',(-12.4041734319452,24.9,9.64303069765796));
#13784=CARTESIAN_POINT('Ctrl Pts',(-12.2327795953186,24.9,9.57739050490736));
#13785=CARTESIAN_POINT('',(-11.7623582139394,24.9,9.32576976603009));
#13786=CARTESIAN_POINT('Ctrl Pts',(-12.2327795953186,24.9,9.57739050490736));
#13787=CARTESIAN_POINT('Ctrl Pts',(-12.0613857586921,24.9,9.50810363478174));
#13788=CARTESIAN_POINT('Ctrl Pts',(-11.8243517293149,24.9,9.36223653978042));
#13789=CARTESIAN_POINT('Ctrl Pts',(-11.7623582139394,24.9,9.32576976603009));
#13790=CARTESIAN_POINT('',(-11.6675446021885,24.9,9.32576976603009));
#13791=CARTESIAN_POINT('',(6.59252429596802,24.9,9.32576976603009));
#13792=CARTESIAN_POINT('',(-11.6675446021885,24.9,10.306725979914));
#13793=CARTESIAN_POINT('',(-11.6675446021885,24.9,4.90812393648601));
#13794=CARTESIAN_POINT('',(-13.1772690354522,24.9,10.5875201377915));
#13795=CARTESIAN_POINT('Ctrl Pts',(-11.6675446021885,24.9,10.306725979914));
#13796=CARTESIAN_POINT('Ctrl Pts',(-11.8754052125654,24.9,10.3978929142898));
#13797=CARTESIAN_POINT('Ctrl Pts',(-12.7651944920735,24.9,10.5875201377915));
#13798=CARTESIAN_POINT('Ctrl Pts',(-13.1772690354522,24.9,10.5875201377915));
#13799=CARTESIAN_POINT('',(-14.9641409492184,24.9,9.2273094769042));
#13800=CARTESIAN_POINT('Ctrl Pts',(-13.1772690354522,24.9,10.5875201377915));
#13801=CARTESIAN_POINT('Ctrl Pts',(-14.0561182828351,24.9,10.5875201377915));
#13802=CARTESIAN_POINT('Ctrl Pts',(-14.9641409492184,24.9,9.87277137228504));
#13803=CARTESIAN_POINT('Ctrl Pts',(-14.9641409492184,24.9,9.2273094769042));
#13804=CARTESIAN_POINT('',(-14.0743516697103,24.9,7.62641810926471));
#13805=CARTESIAN_POINT('Ctrl Pts',(-14.9641409492184,24.9,9.2273094769042));
#13806=CARTESIAN_POINT('Ctrl Pts',(-14.9641409492184,24.9,8.8298216430256));
#13807=CARTESIAN_POINT('Ctrl Pts',(-14.5520664058396,24.9,8.06401939426867));
#13808=CARTESIAN_POINT('Ctrl Pts',(-14.0743516697103,24.9,7.62641810926471));
#13809=CARTESIAN_POINT('',(-13.0861021010764,24.9,6.84967582838269));
#13810=CARTESIAN_POINT('Ctrl Pts',(-14.0743516697103,24.9,7.62641810926471));
#13811=CARTESIAN_POINT('Ctrl Pts',(-13.7753241249576,24.9,7.35656398351227));
#13812=CARTESIAN_POINT('Ctrl Pts',(-13.2100891318275,24.9,6.93719608538348));
#13813=CARTESIAN_POINT('Ctrl Pts',(-13.0861021010764,24.9,6.84967582838269));
#13814=CARTESIAN_POINT('',(-15.1792949143453,24.9,6.84967582838269));
#13815=CARTESIAN_POINT('',(5.38365074614458,24.9,6.84967582838269));
#13816=CARTESIAN_POINT('',(-15.1792949143453,24.9,3.21241895709567));
#13817=CARTESIAN_POINT('',(-3.99858192647875,24.9,5.90518638824914));
#13818=CARTESIAN_POINT('',(-1.93091585483504,24.9,7.62641810926472));
#13819=CARTESIAN_POINT('Ctrl Pts',(-3.99858192647875,24.9,5.90518638824914));
#13820=CARTESIAN_POINT('Ctrl Pts',(-3.00303900309474,24.9,5.90518638824914));
#13821=CARTESIAN_POINT('Ctrl Pts',(-1.93091585483504,24.9,6.78038895825706));
#13822=CARTESIAN_POINT('Ctrl Pts',(-1.93091585483504,24.9,7.62641810926472));
#13823=CARTESIAN_POINT('',(-1.93091585483504,24.9,10.4999998807907));
#13824=CARTESIAN_POINT('',(-1.93091585483504,24.9,4.53160449751385));
#13825=CARTESIAN_POINT('',(-3.17078616234626,24.9,10.4999998807907));
#13826=CARTESIAN_POINT('',(11.1745744957047,24.9,10.4999998807907));
#13827=CARTESIAN_POINT('',(-3.17078616234626,24.9,7.69205830201531));
#13828=CARTESIAN_POINT('',(-3.17078616234626,24.9,4.5480145457015));
#13829=CARTESIAN_POINT('',(-3.99858192647875,24.9,6.7621555713819));
#13830=CARTESIAN_POINT('Ctrl Pts',(-3.17078616234626,24.9,7.69205830201531));
#13831=CARTESIAN_POINT('Ctrl Pts',(-3.17078616234626,24.9,7.22163692063605));
#13832=CARTESIAN_POINT('Ctrl Pts',(-3.56098064147479,24.9,6.7621555713819));
#13833=CARTESIAN_POINT('Ctrl Pts',(-3.99858192647875,24.9,6.7621555713819));
#13834=CARTESIAN_POINT('',(-4.83002436798627,24.9,7.69205830201531));
#13835=CARTESIAN_POINT('Ctrl Pts',(-3.99858192647875,24.9,6.7621555713819));
#13836=CARTESIAN_POINT('Ctrl Pts',(-4.42888985673264,24.9,6.7621555713819));
#13837=CARTESIAN_POINT('Ctrl Pts',(-4.83002436798627,24.9,7.20340353376089));
#13838=CARTESIAN_POINT('Ctrl Pts',(-4.83002436798627,24.9,7.69205830201531));
#13839=CARTESIAN_POINT('',(-4.83002436798627,24.9,10.4999998807907));
#13840=CARTESIAN_POINT('',(-4.83002436798627,24.9,4.5480145457015));
#13841=CARTESIAN_POINT('',(-6.06989467549749,24.9,10.4999998807907));
#13842=CARTESIAN_POINT('',(9.72502023912906,24.9,10.4999998807907));
#13843=CARTESIAN_POINT('',(-6.06989467549749,24.9,7.63006478663975));
#13844=CARTESIAN_POINT('',(-6.06989467549749,24.9,4.53251616685762));
#13845=CARTESIAN_POINT('Ctrl Pts',(-6.06989467549749,24.9,7.63006478663975));
#13846=CARTESIAN_POINT('Ctrl Pts',(-6.06989467549749,24.9,6.79862234513223));
#13847=CARTESIAN_POINT('Ctrl Pts',(-5.02329826886302,24.9,5.90518638824914));
#13848=CARTESIAN_POINT('Ctrl Pts',(-3.99858192647875,24.9,5.90518638824914));
#13849=CARTESIAN_POINT('',(11.3539298364177,24.9,7.69570497939034));
#13850=CARTESIAN_POINT('',(13.2793754904351,24.9,5.89424635612404));
#13851=CARTESIAN_POINT('Ctrl Pts',(11.3539298364177,24.9,7.69570497939034));
#13852=CARTESIAN_POINT('Ctrl Pts',(11.3539298364177,24.9,6.85696918313275));
#13853=CARTESIAN_POINT('Ctrl Pts',(12.3604127919268,24.9,5.89424635612404));
#13854=CARTESIAN_POINT('Ctrl Pts',(13.2793754904351,24.9,5.89424635612404));
#13855=CARTESIAN_POINT('',(15.2048211444526,24.9,7.69570497939034));
#13856=CARTESIAN_POINT('Ctrl Pts',(13.2793754904351,24.9,5.89424635612404));
#13857=CARTESIAN_POINT('Ctrl Pts',(14.1910448341934,24.9,5.89424635612404));
#13858=CARTESIAN_POINT('Ctrl Pts',(15.2048211444526,24.9,6.85696918313275));
#13859=CARTESIAN_POINT('Ctrl Pts',(15.2048211444526,24.9,7.69570497939034));
#13860=CARTESIAN_POINT('',(13.2793754904351,24.9,9.50081028003167));
#13861=CARTESIAN_POINT('Ctrl Pts',(15.2048211444526,24.9,7.69570497939034));
#13862=CARTESIAN_POINT('Ctrl Pts',(15.2048211444526,24.9,8.54173413039799));
#13863=CARTESIAN_POINT('Ctrl Pts',(14.1910448341934,24.9,9.50081028003167));
#13864=CARTESIAN_POINT('Ctrl Pts',(13.2793754904351,24.9,9.50081028003167));
#13865=CARTESIAN_POINT('Ctrl Pts',(13.2793754904351,24.9,9.50081028003167));
#13866=CARTESIAN_POINT('Ctrl Pts',(12.3640594693019,24.9,9.50081028003167));
#13867=CARTESIAN_POINT('Ctrl Pts',(11.3539298364177,24.9,8.53808745302296));
#13868=CARTESIAN_POINT('Ctrl Pts',(11.3539298364177,24.9,7.69570497939034));
#13869=CARTESIAN_POINT('',(7.08002390506009,24.9,7.74311178526577));
#13870=CARTESIAN_POINT('',(8.64809517632428,24.9,5.93435980724941));
#13871=CARTESIAN_POINT('Ctrl Pts',(7.08002390506009,24.9,7.74311178526577));
#13872=CARTESIAN_POINT('Ctrl Pts',(7.08002390506009,24.9,6.92990273063341));
#13873=CARTESIAN_POINT('Ctrl Pts',(7.98439989406827,24.9,5.93435980724941));
#13874=CARTESIAN_POINT('Ctrl Pts',(8.64809517632428,24.9,5.93435980724941));
#13875=CARTESIAN_POINT('',(9.57070455220762,24.9,6.17139383662655));
#13876=CARTESIAN_POINT('Ctrl Pts',(8.64809517632428,24.9,5.93435980724941));
#13877=CARTESIAN_POINT('Ctrl Pts',(8.92888933420182,24.9,5.93435980724941));
#13878=CARTESIAN_POINT('Ctrl Pts',(9.33731720020551,24.9,6.04740680587543));
#13879=CARTESIAN_POINT('Ctrl Pts',(9.57070455220762,24.9,6.17139383662655));
#13880=CARTESIAN_POINT('',(9.57070455220762,24.9,4.75648301511375));
#13881=CARTESIAN_POINT('',(9.57070455220762,24.9,2.73196921293508));
#13882=CARTESIAN_POINT('',(10.7339946348431,24.9,4.75648301511375));
#13883=CARTESIAN_POINT('',(17.5261747967627,24.9,4.75648301511375));
#13884=CARTESIAN_POINT('',(10.7339946348431,24.9,9.39505663615572));
#13885=CARTESIAN_POINT('',(10.7339946348431,24.9,3.53788491281737));
#13886=CARTESIAN_POINT('',(9.57070455220762,24.9,9.39505663615572));
#13887=CARTESIAN_POINT('',(17.5261747967627,24.9,9.39505663615572));
#13888=CARTESIAN_POINT('',(9.57070455220762,24.9,9.03768225340248));
#13889=CARTESIAN_POINT('',(9.57070455220762,24.9,4.60818472238955));
#13890=CARTESIAN_POINT('',(8.43658788857237,24.9,9.48622357053154));
#13891=CARTESIAN_POINT('Ctrl Pts',(9.57070455220762,24.9,9.03768225340248));
#13892=CARTESIAN_POINT('Ctrl Pts',(9.31543713595531,24.9,9.2382495090293));
#13893=CARTESIAN_POINT('Ctrl Pts',(8.7830222392005,24.9,9.48622357053154));
#13894=CARTESIAN_POINT('Ctrl Pts',(8.43658788857237,24.9,9.48622357053154));
#13895=CARTESIAN_POINT('Ctrl Pts',(8.43658788857237,24.9,9.48622357053154));
#13896=CARTESIAN_POINT('Ctrl Pts',(7.79112599319152,24.9,9.48622357053154));
#13897=CARTESIAN_POINT('Ctrl Pts',(7.08002390506009,24.9,8.54902748514806));
#13898=CARTESIAN_POINT('Ctrl Pts',(7.08002390506009,24.9,7.74311178526577));
#13899=CARTESIAN_POINT('',(4.54922970342096,24.9,5.90883306562418));
#13900=CARTESIAN_POINT('',(6.72994277369068,24.9,7.67747159251518));
#13901=CARTESIAN_POINT('Ctrl Pts',(4.54922970342096,24.9,5.90883306562418));
#13902=CARTESIAN_POINT('Ctrl Pts',(5.60311946480549,24.9,5.90883306562418));
#13903=CARTESIAN_POINT('Ctrl Pts',(6.72994277369068,24.9,6.82779576413249));
#13904=CARTESIAN_POINT('Ctrl Pts',(6.72994277369068,24.9,7.67747159251518));
#13905=CARTESIAN_POINT('',(4.73885692692267,24.9,9.50081028003167));
#13906=CARTESIAN_POINT('Ctrl Pts',(6.72994277369068,24.9,7.67747159251518));
#13907=CARTESIAN_POINT('Ctrl Pts',(6.72994277369068,24.9,8.5089140340227));
#13908=CARTESIAN_POINT('Ctrl Pts',(5.67969968968118,24.9,9.50081028003167));
#13909=CARTESIAN_POINT('Ctrl Pts',(4.73885692692267,24.9,9.50081028003167));
#13910=CARTESIAN_POINT('',(3.0176252059071,24.9,7.87803884814199));
#13911=CARTESIAN_POINT('Ctrl Pts',(4.73885692692267,24.9,9.50081028003167));
#13912=CARTESIAN_POINT('Ctrl Pts',(3.88188774378992,24.9,9.50081028003167));
#13913=CARTESIAN_POINT('Ctrl Pts',(3.0176252059071,24.9,8.65842780639905));
#13914=CARTESIAN_POINT('Ctrl Pts',(3.0176252059071,24.9,7.87803884814199));
#13915=CARTESIAN_POINT('',(3.0176252059071,24.9,7.49513772376353));
#13916=CARTESIAN_POINT('',(3.0176252059071,24.9,3.84329414297638));
#13917=CARTESIAN_POINT('',(5.56665269105516,24.9,7.49513772376353));
#13918=CARTESIAN_POINT('',(14.5960694742406,24.9,7.49513772376353));
#13919=CARTESIAN_POINT('',(5.20927830830193,24.9,6.84967582838269));
#13920=CARTESIAN_POINT('Ctrl Pts',(5.56665269105516,24.9,7.49513772376353));
#13921=CARTESIAN_POINT('Ctrl Pts',(5.54841930418,24.9,7.25810369438638));
#13922=CARTESIAN_POINT('Ctrl Pts',(5.36243875805331,24.9,6.94448944013355));
#13923=CARTESIAN_POINT('Ctrl Pts',(5.20927830830193,24.9,6.84967582838269));
#13924=CARTESIAN_POINT('',(4.42524267266984,24.9,6.6746353143811));
#13925=CARTESIAN_POINT('Ctrl Pts',(5.20927830830193,24.9,6.84967582838269));
#13926=CARTESIAN_POINT('Ctrl Pts',(5.05976453592558,24.9,6.75486221663183));
#13927=CARTESIAN_POINT('Ctrl Pts',(4.66227670204698,24.9,6.6746353143811));
#13928=CARTESIAN_POINT('Ctrl Pts',(4.42524267266984,24.9,6.6746353143811));
#13929=CARTESIAN_POINT('',(3.66673377866297,24.9,6.82414908675746));
#13930=CARTESIAN_POINT('Ctrl Pts',(4.42524267266984,24.9,6.6746353143811));
#13931=CARTESIAN_POINT('Ctrl Pts',(4.22467541704302,24.9,6.6746353143811));
#13932=CARTESIAN_POINT('Ctrl Pts',(3.83083426053946,24.9,6.75486221663183));
#13933=CARTESIAN_POINT('Ctrl Pts',(3.66673377866297,24.9,6.82414908675746));
#13934=CARTESIAN_POINT('',(3.20725242940882,24.9,7.06482979350963));
#13935=CARTESIAN_POINT('Ctrl Pts',(3.66673377866297,24.9,6.82414908675746));
#13936=CARTESIAN_POINT('Ctrl Pts',(3.52451336103669,24.9,6.87884924738295));
#13937=CARTESIAN_POINT('Ctrl Pts',(3.28383265428451,24.9,7.01377631025917));
#13938=CARTESIAN_POINT('Ctrl Pts',(3.20725242940882,24.9,7.06482979350963));
#13939=CARTESIAN_POINT('',(3.08326539865769,24.9,7.06482979350963));
#13940=CARTESIAN_POINT('',(14.0226294570166,24.9,7.06482979350963));
#13941=CARTESIAN_POINT('',(3.08326539865769,24.9,6.18962722350172));
#13942=CARTESIAN_POINT('',(3.0832653986577,24.9,3.31361425425284));
#13943=CARTESIAN_POINT('',(3.66673377866297,24.9,6.00729335475007));
#13944=CARTESIAN_POINT('Ctrl Pts',(3.08326539865769,24.9,6.18962722350172));
#13945=CARTESIAN_POINT('Ctrl Pts',(3.22548581628398,24.9,6.13857374025125));
#13946=CARTESIAN_POINT('Ctrl Pts',(3.46251984566113,24.9,6.05105348325046));
#13947=CARTESIAN_POINT('Ctrl Pts',(3.66673377866297,24.9,6.00729335475007));
#13948=CARTESIAN_POINT('Ctrl Pts',(3.66673377866297,24.9,6.00729335475007));
#13949=CARTESIAN_POINT('Ctrl Pts',(3.85636100216469,24.9,5.95988654887464));
#13950=CARTESIAN_POINT('Ctrl Pts',(4.25749551341832,24.9,5.90883306562418));
#13951=CARTESIAN_POINT('Ctrl Pts',(4.54922970342096,24.9,5.90883306562418));
#13952=CARTESIAN_POINT('',(-1.07030006822929,24.9,6.));
#13953=CARTESIAN_POINT('',(0.0966366917812705,24.9,6.));
#13954=CARTESIAN_POINT('',(12.206584155888,24.9,6.));
#13955=CARTESIAN_POINT('',(0.0966366917812702,24.9,7.68111826989021));
#13956=CARTESIAN_POINT('',(0.0966366917812689,24.9,3.42027956747255));
#13957=CARTESIAN_POINT('',(0.184156948782062,24.9,8.39222035802164));
#13958=CARTESIAN_POINT('Ctrl Pts',(0.0966366917812702,24.9,7.68111826989021));
#13959=CARTESIAN_POINT('Ctrl Pts',(0.0966366917812701,24.9,7.88897888026709));
#13960=CARTESIAN_POINT('Ctrl Pts',(0.1331034655316,24.9,8.29740674627078));
#13961=CARTESIAN_POINT('Ctrl Pts',(0.184156948782062,24.9,8.39222035802164));
#13962=CARTESIAN_POINT('',(0.658225007536351,24.9,8.60737432314859));
#13963=CARTESIAN_POINT('Ctrl Pts',(0.184156948782062,24.9,8.39222035802164));
#13964=CARTESIAN_POINT('Ctrl Pts',(0.24250378678259,24.9,8.5089140340227));
#13965=CARTESIAN_POINT('Ctrl Pts',(0.468597784034635,24.9,8.60737432314859));
#13966=CARTESIAN_POINT('Ctrl Pts',(0.658225007536351,24.9,8.60737432314859));
#13967=CARTESIAN_POINT('',(1.25628009704176,24.9,8.40316039014674));
#13968=CARTESIAN_POINT('Ctrl Pts',(0.658225007536351,24.9,8.60737432314859));
#13969=CARTESIAN_POINT('Ctrl Pts',(0.800445425162637,24.9,8.60737432314859));
#13970=CARTESIAN_POINT('Ctrl Pts',(1.09217961516528,24.9,8.5089140340227));
#13971=CARTESIAN_POINT('Ctrl Pts',(1.25628009704176,24.9,8.40316039014674));
#13972=CARTESIAN_POINT('',(1.25628009704176,24.9,6.));
#13973=CARTESIAN_POINT('',(1.25628009704176,24.9,3.60079009753668));
#13974=CARTESIAN_POINT('',(2.41957017967729,24.9,6.));
#13975=CARTESIAN_POINT('',(13.3689625691798,24.9,6.00000000000001));
#13976=CARTESIAN_POINT('',(2.41957017967728,24.9,9.39505663615572));
#13977=CARTESIAN_POINT('',(2.41957017967728,24.9,3.84876415903893));
#13978=CARTESIAN_POINT('',(1.25628009704176,24.9,9.39505663615572));
#13979=CARTESIAN_POINT('',(13.3689625691798,24.9,9.39505663615573));
#13980=CARTESIAN_POINT('',(1.25628009704176,24.9,9.01944886652732));
#13981=CARTESIAN_POINT('',(1.25628009704176,24.9,4.60362637567076));
#13982=CARTESIAN_POINT('',(0.103930046531336,24.9,9.48622357053154));
#13983=CARTESIAN_POINT('Ctrl Pts',(1.25628009704176,24.9,9.01944886652732));
#13984=CARTESIAN_POINT('Ctrl Pts',(0.971839261789188,24.9,9.2382495090293));
#13985=CARTESIAN_POINT('Ctrl Pts',(0.432131010284305,24.9,9.48622357053154));
#13986=CARTESIAN_POINT('Ctrl Pts',(0.103930046531336,24.9,9.48622357053154));
#13987=CARTESIAN_POINT('',(-1.07030006822929,24.9,8.20988648926999));
#13988=CARTESIAN_POINT('Ctrl Pts',(0.103930046531336,24.9,9.48622357053154));
#13989=CARTESIAN_POINT('Ctrl Pts',(-0.468598301348843,24.9,9.48622357053154));
#13990=CARTESIAN_POINT('Ctrl Pts',(-1.07030006822929,24.9,8.8298216430256));
#13991=CARTESIAN_POINT('Ctrl Pts',(-1.07030006822929,24.9,8.20988648926999));
#13992=CARTESIAN_POINT('',(-1.07030006822929,24.9,3.5524716223175));
#13993=CARTESIAN_POINT('',(-9.15133726944606,24.9,5.91247974299921));
#13994=CARTESIAN_POINT('',(-6.73359016979919,24.9,8.24635326302032));
#13995=CARTESIAN_POINT('Ctrl Pts',(-9.15133726944606,24.9,5.91247974299921));
#13996=CARTESIAN_POINT('Ctrl Pts',(-8.04274734743603,24.9,5.91247974299921));
#13997=CARTESIAN_POINT('Ctrl Pts',(-6.73359016979919,24.9,7.1377633410103));
#13998=CARTESIAN_POINT('Ctrl Pts',(-6.73359016979919,24.9,8.24635326302032));
#13999=CARTESIAN_POINT('',(-9.15498394682109,24.9,10.5875201377915));
#14000=CARTESIAN_POINT('Ctrl Pts',(-6.73359016979919,24.9,8.24635326302032));
#14001=CARTESIAN_POINT('Ctrl Pts',(-6.73359016979919,24.9,9.31482973390499));
#14002=CARTESIAN_POINT('Ctrl Pts',(-8.04274734743603,24.9,10.5875201377915));
#14003=CARTESIAN_POINT('Ctrl Pts',(-9.15498394682109,24.9,10.5875201377915));
#14004=CARTESIAN_POINT('',(-10.13958683808,24.9,10.4744731391655));
#14005=CARTESIAN_POINT('Ctrl Pts',(-9.15498394682109,24.9,10.5875201377915));
#14006=CARTESIAN_POINT('Ctrl Pts',(-9.45036481419877,24.9,10.5875201377915));
#14007=CARTESIAN_POINT('Ctrl Pts',(-9.92443287295306,24.9,10.5255266224159));
#14008=CARTESIAN_POINT('Ctrl Pts',(-10.13958683808,24.9,10.4744731391655));
#14009=CARTESIAN_POINT('',(-10.8288088619612,24.9,10.2119123681631));
#14010=CARTESIAN_POINT('Ctrl Pts',(-10.13958683808,24.9,10.4744731391655));
#14011=CARTESIAN_POINT('Ctrl Pts',(-10.3073339973315,24.9,10.4270663332901));
#14012=CARTESIAN_POINT('Ctrl Pts',(-10.7048218312101,24.9,10.2702592061636));
#14013=CARTESIAN_POINT('Ctrl Pts',(-10.8288088619612,24.9,10.2119123681631));
#14014=CARTESIAN_POINT('',(-10.8288088619612,24.9,9.13978921990341));
#14015=CARTESIAN_POINT('',(-10.8288088619612,24.9,4.83792539701663));
#14016=CARTESIAN_POINT('',(-10.7011751538351,24.9,9.13978921990341));
#14017=CARTESIAN_POINT('',(7.06750399605092,24.9,9.13978921990341));
#14018=CARTESIAN_POINT('',(-10.1687602570803,24.9,9.51175031215677));
#14019=CARTESIAN_POINT('Ctrl Pts',(-10.7011751538351,24.9,9.13978921990341));
#14020=CARTESIAN_POINT('Ctrl Pts',(-10.6136548968343,24.9,9.21272276740407));
#14021=CARTESIAN_POINT('Ctrl Pts',(-10.3401540937068,24.9,9.41693670040591));
#14022=CARTESIAN_POINT('Ctrl Pts',(-10.1687602570803,24.9,9.51175031215677));
#14023=CARTESIAN_POINT('',(-9.35555120244791,24.9,9.74513766415888));
#14024=CARTESIAN_POINT('Ctrl Pts',(-10.1687602570803,24.9,9.51175031215677));
#14025=CARTESIAN_POINT('Ctrl Pts',(-9.99736642045372,24.9,9.61021060128266));
#14026=CARTESIAN_POINT('Ctrl Pts',(-9.58164519969995,24.9,9.74513766415888));
#14027=CARTESIAN_POINT('Ctrl Pts',(-9.35555120244791,24.9,9.74513766415888));
#14028=CARTESIAN_POINT('',(-8.43658850393959,24.9,9.39870331353075));
#14029=CARTESIAN_POINT('Ctrl Pts',(-9.35555120244791,24.9,9.74513766415888));
#14030=CARTESIAN_POINT('Ctrl Pts',(-9.08569707669547,24.9,9.74513766415888));
#14031=CARTESIAN_POINT('Ctrl Pts',(-8.63715575956641,24.9,9.5919772144075));
#14032=CARTESIAN_POINT('Ctrl Pts',(-8.43658850393959,24.9,9.39870331353075));
#14033=CARTESIAN_POINT('',(-8.01357392843577,24.9,8.24270658564529));
#14034=CARTESIAN_POINT('Ctrl Pts',(-8.43658850393959,24.9,9.39870331353075));
#14035=CARTESIAN_POINT('Ctrl Pts',(-8.25060795781291,24.9,9.2273094769042));
#14036=CARTESIAN_POINT('Ctrl Pts',(-8.01357392843577,24.9,8.64019441952389));
#14037=CARTESIAN_POINT('Ctrl Pts',(-8.01357392843577,24.9,8.24270658564529));
#14038=CARTESIAN_POINT('',(-8.45846856818979,24.9,7.07576982563473));
#14039=CARTESIAN_POINT('Ctrl Pts',(-8.01357392843577,24.9,8.24270658564529));
#14040=CARTESIAN_POINT('Ctrl Pts',(-8.01357392843577,24.9,7.8233386875165));
#14041=CARTESIAN_POINT('Ctrl Pts',(-8.25790131256298,24.9,7.25081033963632));
#14042=CARTESIAN_POINT('Ctrl Pts',(-8.45846856818979,24.9,7.07576982563473));
#14043=CARTESIAN_POINT('',(-9.36284455719797,24.9,6.75486221663183));
#14044=CARTESIAN_POINT('Ctrl Pts',(-8.45846856818979,24.9,7.07576982563473));
#14045=CARTESIAN_POINT('Ctrl Pts',(-8.65174246906654,24.9,6.90437598900818));
#14046=CARTESIAN_POINT('Ctrl Pts',(-9.12581052782083,24.9,6.75486221663183));
#14047=CARTESIAN_POINT('Ctrl Pts',(-9.36284455719797,24.9,6.75486221663183));
#14048=CARTESIAN_POINT('',(-10.2052270308306,24.9,6.99554292338401));
#14049=CARTESIAN_POINT('Ctrl Pts',(-9.36284455719797,24.9,6.75486221663183));
#14050=CARTESIAN_POINT('Ctrl Pts',(-9.60717194132518,24.9,6.75486221663183));
#14051=CARTESIAN_POINT('Ctrl Pts',(-10.0520665810792,24.9,6.90437598900818));
#14052=CARTESIAN_POINT('Ctrl Pts',(-10.2052270308306,24.9,6.99554292338401));
#14053=CARTESIAN_POINT('',(-10.7157618633352,24.9,7.35656398351227));
#14054=CARTESIAN_POINT('Ctrl Pts',(-10.2052270308306,24.9,6.99554292338401));
#14055=CARTESIAN_POINT('Ctrl Pts',(-10.3693275127071,24.9,7.08670985775983));
#14056=CARTESIAN_POINT('Ctrl Pts',(-10.6245949289594,24.9,7.27998375863658));
#14057=CARTESIAN_POINT('Ctrl Pts',(-10.7157618633352,24.9,7.35656398351227));
#14058=CARTESIAN_POINT('',(-10.8288088619612,24.9,7.35656398351227));
#14059=CARTESIAN_POINT('',(7.06385731867588,24.9,7.35656398351227));
#14060=CARTESIAN_POINT('',(-10.8288088619612,24.9,6.29902754475271));
#14061=CARTESIAN_POINT('',(-10.8288088619612,24.9,3.41389788206624));
#14062=CARTESIAN_POINT('',(-10.1468801928301,24.9,6.0437601285004));
#14063=CARTESIAN_POINT('Ctrl Pts',(-10.8288088619612,24.9,6.29902754475271));
#14064=CARTESIAN_POINT('Ctrl Pts',(-10.693881799085,24.9,6.24068070675218));
#14065=CARTESIAN_POINT('Ctrl Pts',(-10.3328607389567,24.9,6.09481361175086));
#14066=CARTESIAN_POINT('Ctrl Pts',(-10.1468801928301,24.9,6.0437601285004));
#14067=CARTESIAN_POINT('Ctrl Pts',(-10.1468801928301,24.9,6.0437601285004));
#14068=CARTESIAN_POINT('Ctrl Pts',(-9.91349284082795,24.9,5.9781199357498));
#14069=CARTESIAN_POINT('Ctrl Pts',(-9.50871165219929,24.9,5.91247974299921));
#14070=CARTESIAN_POINT('Ctrl Pts',(-9.15133726944606,24.9,5.91247974299921));
#14071=CARTESIAN_POINT('Origin',(-10.7,24.4,12.5));
#14072=CARTESIAN_POINT('',(-10.2,24.4,21.));
#14073=CARTESIAN_POINT('',(-10.2,24.4,12.5));
#14074=CARTESIAN_POINT('Origin',(-10.7,24.4,21.));
#14075=CARTESIAN_POINT('Origin',(-10.2,21.2,25.));
#14076=CARTESIAN_POINT('',(-10.2,21.2,21.));
#14077=CARTESIAN_POINT('',(-10.2,21.2,23.));
#14078=CARTESIAN_POINT('',(-10.2,22.125,21.));
#14079=CARTESIAN_POINT('Origin',(-24.9,-24.9,0.));
#14080=CARTESIAN_POINT('',(-8.95,-24.9,21.));
#14081=CARTESIAN_POINT('',(24.4,-24.9,0.));
#14082=CARTESIAN_POINT('',(-15.1884124528261,-24.9,10.5));
#14083=CARTESIAN_POINT('',(-15.1884124528261,-24.9,8.80429502060966));
#14084=CARTESIAN_POINT('',(-15.1884124528261,-24.9,4.82607375515241));
#14085=CARTESIAN_POINT('',(-15.1227722600755,-24.9,8.10048628722829));
#14086=CARTESIAN_POINT('Ctrl Pts',(-15.1884124528261,-24.9,8.80429502060966));
#14087=CARTESIAN_POINT('Ctrl Pts',(-15.1884124528261,-24.9,8.55267428173238));
#14088=CARTESIAN_POINT('Ctrl Pts',(-15.1701790659509,-24.9,8.20988660847928));
#14089=CARTESIAN_POINT('Ctrl Pts',(-15.1227722600755,-24.9,8.10048628722829));
#14090=CARTESIAN_POINT('',(-14.6961110071966,-24.9,7.89262567685141));
#14091=CARTESIAN_POINT('Ctrl Pts',(-15.1227722600755,-24.9,8.10048628722829));
#14092=CARTESIAN_POINT('Ctrl Pts',(-15.0753654542,-24.9,7.9910859659773));
#14093=CARTESIAN_POINT('Ctrl Pts',(-14.8747981985732,-24.9,7.89262567685141));
#14094=CARTESIAN_POINT('Ctrl Pts',(-14.6961110071966,-24.9,7.89262567685141));
#14095=CARTESIAN_POINT('',(-14.1782828199419,-24.9,8.09683960985326));
#14096=CARTESIAN_POINT('Ctrl Pts',(-14.6961110071966,-24.9,7.89262567685141));
#14097=CARTESIAN_POINT('Ctrl Pts',(-14.5684772990704,-24.9,7.89262567685141));
#14098=CARTESIAN_POINT('Ctrl Pts',(-14.3241499149432,-24.9,7.99837932072737));
#14099=CARTESIAN_POINT('Ctrl Pts',(-14.1782828199419,-24.9,8.09683960985326));
#14100=CARTESIAN_POINT('',(-14.1782828199419,-24.9,10.5));
#14101=CARTESIAN_POINT('',(-14.1782828199419,-24.9,4.64920990246331));
#14102=CARTESIAN_POINT('',(-13.0623995431818,-24.9,10.5));
#14103=CARTESIAN_POINT('',(-19.2601705907809,-24.9,10.5));
#14104=CARTESIAN_POINT('',(-13.0623995431818,-24.9,8.80429502060966));
#14105=CARTESIAN_POINT('',(-13.0623995431818,-24.9,4.82607375515241));
#14106=CARTESIAN_POINT('',(-12.9931126730562,-24.9,8.10048628722829));
#14107=CARTESIAN_POINT('Ctrl Pts',(-13.0623995431818,-24.9,8.80429502060966));
#14108=CARTESIAN_POINT('Ctrl Pts',(-13.0623995431818,-24.9,8.55632095910742));
#14109=CARTESIAN_POINT('Ctrl Pts',(-13.0405194789316,-24.9,8.20988660847928));
#14110=CARTESIAN_POINT('Ctrl Pts',(-12.9931126730562,-24.9,8.10048628722829));
#14111=CARTESIAN_POINT('',(-12.5664514201773,-24.9,7.89262567685141));
#14112=CARTESIAN_POINT('Ctrl Pts',(-12.9931126730562,-24.9,8.10048628722829));
#14113=CARTESIAN_POINT('Ctrl Pts',(-12.9457058671808,-24.9,7.9910859659773));
#14114=CARTESIAN_POINT('Ctrl Pts',(-12.7451386115539,-24.9,7.89262567685141));
#14115=CARTESIAN_POINT('Ctrl Pts',(-12.5664514201773,-24.9,7.89262567685141));
#14116=CARTESIAN_POINT('',(-12.0449765555476,-24.9,8.09683960985326));
#14117=CARTESIAN_POINT('Ctrl Pts',(-12.5664514201773,-24.9,7.89262567685141));
#14118=CARTESIAN_POINT('Ctrl Pts',(-12.4315243573011,-24.9,7.89262567685141));
#14119=CARTESIAN_POINT('Ctrl Pts',(-12.1689635862987,-24.9,8.0129660302275));
#14120=CARTESIAN_POINT('Ctrl Pts',(-12.0449765555476,-24.9,8.09683960985326));
#14121=CARTESIAN_POINT('',(-12.0449765555476,-24.9,10.5));
#14122=CARTESIAN_POINT('',(-12.0449765555476,-24.9,4.64920990246331));
#14123=CARTESIAN_POINT('',(-10.9363866335376,-24.9,10.5));
#14124=CARTESIAN_POINT('',(-18.1953407972713,-24.9,10.5));
#14125=CARTESIAN_POINT('',(-10.9363866335376,-24.9,7.10494336384428));
#14126=CARTESIAN_POINT('',(-10.9363866335376,-24.9,4.40123584096107));
#14127=CARTESIAN_POINT('',(-12.0449765555476,-24.9,7.10494336384428));
#14128=CARTESIAN_POINT('',(-18.1953407972713,-24.9,7.10494336384428));
#14129=CARTESIAN_POINT('',(-12.0449765555476,-24.9,7.48055113347268));
#14130=CARTESIAN_POINT('',(-12.0449765555476,-24.9,3.64637362432924));
#14131=CARTESIAN_POINT('',(-13.1025129943072,-24.9,7.01377642946846));
#14132=CARTESIAN_POINT('Ctrl Pts',(-12.0449765555476,-24.9,7.48055113347268));
#14133=CARTESIAN_POINT('Ctrl Pts',(-12.3184773586751,-24.9,7.2617504909707));
#14134=CARTESIAN_POINT('Ctrl Pts',(-12.7998387721794,-24.9,7.01377642946846));
#14135=CARTESIAN_POINT('Ctrl Pts',(-13.1025129943072,-24.9,7.01377642946846));
#14136=CARTESIAN_POINT('',(-14.0542957891908,-24.9,7.60453816422381));
#14137=CARTESIAN_POINT('Ctrl Pts',(-13.1025129943072,-24.9,7.01377642946846));
#14138=CARTESIAN_POINT('Ctrl Pts',(-13.4307139580602,-24.9,7.01377642946846));
#14139=CARTESIAN_POINT('Ctrl Pts',(-13.9230154036896,-24.9,7.30915729684613));
#14140=CARTESIAN_POINT('Ctrl Pts',(-14.0542957891908,-24.9,7.6045381642238));
#14141=CARTESIAN_POINT('',(-15.2321725813264,-24.9,7.01377642946846));
#14142=CARTESIAN_POINT('Ctrl Pts',(-14.0542957891908,-24.9,7.6045381642238));
#14143=CARTESIAN_POINT('Ctrl Pts',(-14.3752033981937,-24.9,7.32009732897123));
#14144=CARTESIAN_POINT('Ctrl Pts',(-14.9404383913238,-24.9,7.01377642946846));
#14145=CARTESIAN_POINT('Ctrl Pts',(-15.2321725813264,-24.9,7.01377642946846));
#14146=CARTESIAN_POINT('',(-16.0052681848334,-24.9,7.3164506515962));
#14147=CARTESIAN_POINT('Ctrl Pts',(-15.2321725813264,-24.9,7.01377642946846));
#14148=CARTESIAN_POINT('Ctrl Pts',(-15.4801466428287,-24.9,7.01377642946846));
#14149=CARTESIAN_POINT('Ctrl Pts',(-15.8703411219572,-24.9,7.16329020184481));
#14150=CARTESIAN_POINT('Ctrl Pts',(-16.0052681848334,-24.9,7.3164506515962));
#14151=CARTESIAN_POINT('',(-16.3042957295861,-24.9,8.29011351073001));
#14152=CARTESIAN_POINT('Ctrl Pts',(-16.0052681848334,-24.9,7.3164506515962));
#14153=CARTESIAN_POINT('Ctrl Pts',(-16.1547819572098,-24.9,7.48055113347268));
#14154=CARTESIAN_POINT('Ctrl Pts',(-16.3042957295861,-24.9,7.92909245060174));
#14155=CARTESIAN_POINT('Ctrl Pts',(-16.3042957295861,-24.9,8.29011351073001));
#14156=CARTESIAN_POINT('',(-16.3042957295861,-24.9,10.5));
#14157=CARTESIAN_POINT('',(-16.3042957295861,-24.9,4.6975283776825));
#14158=CARTESIAN_POINT('',(-20.3231770456031,-24.9,10.5));
#14159=CARTESIAN_POINT('',(-8.36912573060109,-24.9,8.25000005960464));
#14160=CARTESIAN_POINT('',(-7.95705118722236,-24.9,10.0040518769955));
#14161=CARTESIAN_POINT('Ctrl Pts',(-8.36912573060109,-24.9,8.25000005960464));
#14162=CARTESIAN_POINT('Ctrl Pts',(-8.36912573060109,-24.9,8.83346843960992));
#14163=CARTESIAN_POINT('Ctrl Pts',(-8.17220515234931,-24.9,9.70867100961784));
#14164=CARTESIAN_POINT('Ctrl Pts',(-7.95705118722236,-24.9,10.0040518769955));
#14165=CARTESIAN_POINT('',(-6.55308039783466,-24.9,10.5948136117509));
#14166=CARTESIAN_POINT('Ctrl Pts',(-7.95705118722236,-24.9,10.0040518769955));
#14167=CARTESIAN_POINT('Ctrl Pts',(-7.74189722209542,-24.9,10.2957860669982));
#14168=CARTESIAN_POINT('Ctrl Pts',(-7.05267519821418,-24.9,10.5948136117509));
#14169=CARTESIAN_POINT('Ctrl Pts',(-6.55308039783466,-24.9,10.5948136117509));
#14170=CARTESIAN_POINT('',(-5.14546293107193,-24.9,9.99675852224545));
#14171=CARTESIAN_POINT('Ctrl Pts',(-6.55308039783466,-24.9,10.5948136117509));
#14172=CARTESIAN_POINT('Ctrl Pts',(-6.05348559745514,-24.9,10.5948136117509));
#14173=CARTESIAN_POINT('Ctrl Pts',(-5.36426357357391,-24.9,10.2957860669982));
#14174=CARTESIAN_POINT('Ctrl Pts',(-5.14546293107193,-24.9,9.99675852224545));
#14175=CARTESIAN_POINT('',(-4.7333883876932,-24.9,8.25000005960464));
#14176=CARTESIAN_POINT('Ctrl Pts',(-5.14546293107193,-24.9,9.99675852224545));
#14177=CARTESIAN_POINT('Ctrl Pts',(-4.93030896594498,-24.9,9.70137765486777));
#14178=CARTESIAN_POINT('Ctrl Pts',(-4.7333883876932,-24.9,8.83346843960992));
#14179=CARTESIAN_POINT('Ctrl Pts',(-4.7333883876932,-24.9,8.25000005960464));
#14180=CARTESIAN_POINT('',(-5.15275628582199,-24.9,6.49959491958881));
#14181=CARTESIAN_POINT('Ctrl Pts',(-4.7333883876932,-24.9,8.25000005960464));
#14182=CARTESIAN_POINT('Ctrl Pts',(-4.7333883876932,-24.9,7.65194497009923));
#14183=CARTESIAN_POINT('Ctrl Pts',(-4.92666228856995,-24.9,6.80591581909158));
#14184=CARTESIAN_POINT('Ctrl Pts',(-5.15275628582199,-24.9,6.49959491958881));
#14185=CARTESIAN_POINT('',(-6.55308039783466,-24.9,5.90883318483346));
#14186=CARTESIAN_POINT('Ctrl Pts',(-5.15275628582199,-24.9,6.49959491958881));
#14187=CARTESIAN_POINT('Ctrl Pts',(-5.37155692832397,-24.9,6.2005673748361));
#14188=CARTESIAN_POINT('Ctrl Pts',(-6.07171898433031,-24.9,5.90883318483346));
#14189=CARTESIAN_POINT('Ctrl Pts',(-6.55308039783466,-24.9,5.90883318483346));
#14190=CARTESIAN_POINT('',(-7.9606978645974,-24.9,6.51782830646397));
#14191=CARTESIAN_POINT('Ctrl Pts',(-6.55308039783466,-24.9,5.90883318483346));
#14192=CARTESIAN_POINT('Ctrl Pts',(-7.05996855296425,-24.9,5.90883318483346));
#14193=CARTESIAN_POINT('Ctrl Pts',(-7.74189722209542,-24.9,6.21515408433623));
#14194=CARTESIAN_POINT('Ctrl Pts',(-7.9606978645974,-24.9,6.51782830646397));
#14195=CARTESIAN_POINT('Ctrl Pts',(-7.9606978645974,-24.9,6.51782830646397));
#14196=CARTESIAN_POINT('Ctrl Pts',(-8.17585182972434,-24.9,6.81320917384165));
#14197=CARTESIAN_POINT('Ctrl Pts',(-8.36912573060109,-24.9,7.68476506647453));
#14198=CARTESIAN_POINT('Ctrl Pts',(-8.36912573060109,-24.9,8.25000005960464));
#14199=CARTESIAN_POINT('',(-4.23744023522451,-24.9,8.25000005960464));
#14200=CARTESIAN_POINT('',(-3.82536569184578,-24.9,10.0040518769955));
#14201=CARTESIAN_POINT('Ctrl Pts',(-4.23744023522451,-24.9,8.25000005960464));
#14202=CARTESIAN_POINT('Ctrl Pts',(-4.23744023522451,-24.9,8.83346843960992));
#14203=CARTESIAN_POINT('Ctrl Pts',(-4.04051965697272,-24.9,9.70867100961784));
#14204=CARTESIAN_POINT('Ctrl Pts',(-3.82536569184578,-24.9,10.0040518769955));
#14205=CARTESIAN_POINT('',(-2.42139490245808,-24.9,10.5948136117509));
#14206=CARTESIAN_POINT('Ctrl Pts',(-3.82536569184578,-24.9,10.0040518769955));
#14207=CARTESIAN_POINT('Ctrl Pts',(-3.61021172671883,-24.9,10.2957860669982));
#14208=CARTESIAN_POINT('Ctrl Pts',(-2.9209897028376,-24.9,10.5948136117509));
#14209=CARTESIAN_POINT('Ctrl Pts',(-2.42139490245808,-24.9,10.5948136117509));
#14210=CARTESIAN_POINT('',(-1.01377743569534,-24.9,9.99675852224545));
#14211=CARTESIAN_POINT('Ctrl Pts',(-2.42139490245808,-24.9,10.5948136117509));
#14212=CARTESIAN_POINT('Ctrl Pts',(-1.92180010207856,-24.9,10.5948136117509));
#14213=CARTESIAN_POINT('Ctrl Pts',(-1.23257807819732,-24.9,10.2957860669982));
#14214=CARTESIAN_POINT('Ctrl Pts',(-1.01377743569534,-24.9,9.99675852224545));
#14215=CARTESIAN_POINT('',(-0.601702892316614,-24.9,8.25000005960464));
#14216=CARTESIAN_POINT('Ctrl Pts',(-1.01377743569534,-24.9,9.99675852224545));
#14217=CARTESIAN_POINT('Ctrl Pts',(-0.798623470568395,-24.9,9.70137765486777));
#14218=CARTESIAN_POINT('Ctrl Pts',(-0.601702892316614,-24.9,8.83346843960992));
#14219=CARTESIAN_POINT('Ctrl Pts',(-0.601702892316614,-24.9,8.25000005960464));
#14220=CARTESIAN_POINT('',(-1.02107079044541,-24.9,6.49959491958881));
#14221=CARTESIAN_POINT('Ctrl Pts',(-0.601702892316614,-24.9,8.25000005960464));
#14222=CARTESIAN_POINT('Ctrl Pts',(-0.601702892316614,-24.9,7.65194497009923));
#14223=CARTESIAN_POINT('Ctrl Pts',(-0.794976793193362,-24.9,6.80591581909158));
#14224=CARTESIAN_POINT('Ctrl Pts',(-1.02107079044541,-24.9,6.49959491958881));
#14225=CARTESIAN_POINT('',(-2.42139490245808,-24.9,5.90883318483346));
#14226=CARTESIAN_POINT('Ctrl Pts',(-1.02107079044541,-24.9,6.49959491958881));
#14227=CARTESIAN_POINT('Ctrl Pts',(-1.23987143294739,-24.9,6.2005673748361));
#14228=CARTESIAN_POINT('Ctrl Pts',(-1.94003348895372,-24.9,5.90883318483346));
#14229=CARTESIAN_POINT('Ctrl Pts',(-2.42139490245808,-24.9,5.90883318483346));
#14230=CARTESIAN_POINT('',(-3.82901236922081,-24.9,6.51782830646397));
#14231=CARTESIAN_POINT('Ctrl Pts',(-2.42139490245808,-24.9,5.90883318483346));
#14232=CARTESIAN_POINT('Ctrl Pts',(-2.92828305758766,-24.9,5.90883318483346));
#14233=CARTESIAN_POINT('Ctrl Pts',(-3.61021172671883,-24.9,6.21515408433623));
#14234=CARTESIAN_POINT('Ctrl Pts',(-3.82901236922081,-24.9,6.51782830646397));
#14235=CARTESIAN_POINT('Ctrl Pts',(-3.82901236922081,-24.9,6.51782830646397));
#14236=CARTESIAN_POINT('Ctrl Pts',(-4.04416633434776,-24.9,6.81320917384165));
#14237=CARTESIAN_POINT('Ctrl Pts',(-4.23744023522451,-24.9,7.68476506647453));
#14238=CARTESIAN_POINT('Ctrl Pts',(-4.23744023522451,-24.9,8.25000005960464));
#14239=CARTESIAN_POINT('',(15.9432723548269,-24.9,10.5875202570008));
#14240=CARTESIAN_POINT('',(18.2516191332228,-24.9,8.25364673697968));
#14241=CARTESIAN_POINT('Ctrl Pts',(15.9432723548269,-24.9,10.5875202570008));
#14242=CARTESIAN_POINT('Ctrl Pts',(17.0044554709615,-24.9,10.5875202570008));
#14243=CARTESIAN_POINT('Ctrl Pts',(18.2516191332228,-24.9,9.3622366589897));
#14244=CARTESIAN_POINT('Ctrl Pts',(18.2516191332228,-24.9,8.25364673697968));
#14245=CARTESIAN_POINT('',(15.9396256774519,-24.9,5.9124798622085));
#14246=CARTESIAN_POINT('Ctrl Pts',(18.2516191332228,-24.9,8.25364673697968));
#14247=CARTESIAN_POINT('Ctrl Pts',(18.2516191332228,-24.9,7.18517026609501));
#14248=CARTESIAN_POINT('Ctrl Pts',(17.0008087935865,-24.9,5.9124798622085));
#14249=CARTESIAN_POINT('Ctrl Pts',(15.9396256774519,-24.9,5.9124798622085));
#14250=CARTESIAN_POINT('',(15.0024295920684,-24.9,6.02552686083452));
#14251=CARTESIAN_POINT('Ctrl Pts',(15.9396256774519,-24.9,5.9124798622085));
#14252=CARTESIAN_POINT('Ctrl Pts',(15.6588315195744,-24.9,5.9124798622085));
#14253=CARTESIAN_POINT('Ctrl Pts',(15.2066435250703,-24.9,5.97447337758406));
#14254=CARTESIAN_POINT('Ctrl Pts',(15.0024295920684,-24.9,6.02552686083452));
#14255=CARTESIAN_POINT('',(14.3423809871874,-24.9,6.28808763183689));
#14256=CARTESIAN_POINT('Ctrl Pts',(15.0024295920684,-24.9,6.02552686083452));
#14257=CARTESIAN_POINT('Ctrl Pts',(14.8383291101919,-24.9,6.07293366670995));
#14258=CARTESIAN_POINT('Ctrl Pts',(14.4590746631885,-24.9,6.22974079383637));
#14259=CARTESIAN_POINT('Ctrl Pts',(14.3423809871874,-24.9,6.28808763183689));
#14260=CARTESIAN_POINT('',(14.3423809871874,-24.9,7.36021078009659));
#14261=CARTESIAN_POINT('',(14.3423809871874,-24.9,3.41207460298337));
#14262=CARTESIAN_POINT('',(14.4627213405635,-24.9,7.36021078009659));
#14263=CARTESIAN_POINT('',(-5.24872441806226,-24.9,7.36021078009659));
#14264=CARTESIAN_POINT('',(14.9732561730682,-24.9,6.98824968784323));
#14265=CARTESIAN_POINT('Ctrl Pts',(14.4627213405635,-24.9,7.36021078009659));
#14266=CARTESIAN_POINT('Ctrl Pts',(14.5465949201893,-24.9,7.28727723259593));
#14267=CARTESIAN_POINT('Ctrl Pts',(14.8091556911917,-24.9,7.08306329959409));
#14268=CARTESIAN_POINT('Ctrl Pts',(14.9732561730682,-24.9,6.98824968784323));
#14269=CARTESIAN_POINT('',(15.7499984539502,-24.9,6.75486233584112));
#14270=CARTESIAN_POINT('Ctrl Pts',(14.9732561730682,-24.9,6.98824968784323));
#14271=CARTESIAN_POINT('Ctrl Pts',(15.1373566549446,-24.9,6.88978939871734));
#14272=CARTESIAN_POINT('Ctrl Pts',(15.5348444888232,-24.9,6.75486233584112));
#14273=CARTESIAN_POINT('Ctrl Pts',(15.7499984539502,-24.9,6.75486233584112));
#14274=CARTESIAN_POINT('',(16.6288477013331,-24.9,7.10129668646925));
#14275=CARTESIAN_POINT('Ctrl Pts',(15.7499984539502,-24.9,6.75486233584112));
#14276=CARTESIAN_POINT('Ctrl Pts',(16.0052658702025,-24.9,6.75486233584112));
#14277=CARTESIAN_POINT('Ctrl Pts',(16.4355738004564,-24.9,6.9080227855925));
#14278=CARTESIAN_POINT('Ctrl Pts',(16.6288477013331,-24.9,7.10129668646925));
#14279=CARTESIAN_POINT('',(17.0299822125868,-24.9,8.25729341435471));
#14280=CARTESIAN_POINT('Ctrl Pts',(16.6288477013331,-24.9,7.10129668646925));
#14281=CARTESIAN_POINT('Ctrl Pts',(16.8038882153347,-24.9,7.2726905230958));
#14282=CARTESIAN_POINT('Ctrl Pts',(17.0299822125868,-24.9,7.85980558047611));
#14283=CARTESIAN_POINT('Ctrl Pts',(17.0299822125868,-24.9,8.25729341435471));
#14284=CARTESIAN_POINT('',(16.6069676370829,-24.9,9.42423017436527));
#14285=CARTESIAN_POINT('Ctrl Pts',(17.0299822125868,-24.9,8.25729341435471));
#14286=CARTESIAN_POINT('Ctrl Pts',(17.0299822125868,-24.9,8.6766613124835));
#14287=CARTESIAN_POINT('Ctrl Pts',(16.7965948605846,-24.9,9.24918966036368));
#14288=CARTESIAN_POINT('Ctrl Pts',(16.6069676370829,-24.9,9.42423017436527));
#14289=CARTESIAN_POINT('',(15.7427050992001,-24.9,9.74513778336817));
#14290=CARTESIAN_POINT('Ctrl Pts',(16.6069676370829,-24.9,9.42423017436527));
#14291=CARTESIAN_POINT('Ctrl Pts',(16.4209870909562,-24.9,9.59562401099182));
#14292=CARTESIAN_POINT('Ctrl Pts',(15.9687990964522,-24.9,9.74513778336817));
#14293=CARTESIAN_POINT('Ctrl Pts',(15.7427050992001,-24.9,9.74513778336817));
#14294=CARTESIAN_POINT('',(14.9367893993178,-24.9,9.50445707661599));
#14295=CARTESIAN_POINT('Ctrl Pts',(15.7427050992001,-24.9,9.74513778336817));
#14296=CARTESIAN_POINT('Ctrl Pts',(15.509317747198,-24.9,9.74513778336817));
#14297=CARTESIAN_POINT('Ctrl Pts',(15.0826564943191,-24.9,9.59562401099182));
#14298=CARTESIAN_POINT('Ctrl Pts',(14.9367893993178,-24.9,9.50445707661599));
#14299=CARTESIAN_POINT('',(14.4517813084384,-24.9,9.14343601648772));
#14300=CARTESIAN_POINT('Ctrl Pts',(14.9367893993178,-24.9,9.50445707661599));
#14301=CARTESIAN_POINT('Ctrl Pts',(14.7799822721914,-24.9,9.41329014224017));
#14302=CARTESIAN_POINT('Ctrl Pts',(14.5393015654392,-24.9,9.22001624136342));
#14303=CARTESIAN_POINT('Ctrl Pts',(14.4517813084384,-24.9,9.14343601648772));
#14304=CARTESIAN_POINT('',(14.3423809871874,-24.9,9.14343601648772));
#14305=CARTESIAN_POINT('',(-5.25145942609353,-24.9,9.14343601648772));
#14306=CARTESIAN_POINT('',(14.3423809871874,-24.9,10.2009724552473));
#14307=CARTESIAN_POINT('',(14.3423809871874,-24.9,4.83610211793375));
#14308=CARTESIAN_POINT('',(14.9951362373183,-24.9,10.4562398714996));
#14309=CARTESIAN_POINT('Ctrl Pts',(14.3423809871874,-24.9,10.2009724552473));
#14310=CARTESIAN_POINT('Ctrl Pts',(14.4736613726886,-24.9,10.2593192932478));
#14311=CARTESIAN_POINT('Ctrl Pts',(14.8128023685667,-24.9,10.4051863882491));
#14312=CARTESIAN_POINT('Ctrl Pts',(14.9951362373183,-24.9,10.4562398714996));
#14313=CARTESIAN_POINT('Ctrl Pts',(14.9951362373183,-24.9,10.4562398714996));
#14314=CARTESIAN_POINT('Ctrl Pts',(15.2175835571954,-24.9,10.5218800642502));
#14315=CARTESIAN_POINT('Ctrl Pts',(15.6041313589489,-24.9,10.5875202570008));
#14316=CARTESIAN_POINT('Ctrl Pts',(15.9432723548269,-24.9,10.5875202570008));
#14317=CARTESIAN_POINT('',(20.2755250956869,-24.9,10.5875202570008));
#14318=CARTESIAN_POINT('',(22.5838718740828,-24.9,8.25364673697968));
#14319=CARTESIAN_POINT('Ctrl Pts',(20.2755250956869,-24.9,10.5875202570008));
#14320=CARTESIAN_POINT('Ctrl Pts',(21.3367082118215,-24.9,10.5875202570008));
#14321=CARTESIAN_POINT('Ctrl Pts',(22.5838718740828,-24.9,9.3622366589897));
#14322=CARTESIAN_POINT('Ctrl Pts',(22.5838718740828,-24.9,8.25364673697968));
#14323=CARTESIAN_POINT('',(20.2718784183119,-24.9,5.9124798622085));
#14324=CARTESIAN_POINT('Ctrl Pts',(22.5838718740828,-24.9,8.25364673697968));
#14325=CARTESIAN_POINT('Ctrl Pts',(22.5838718740828,-24.9,7.18517026609501));
#14326=CARTESIAN_POINT('Ctrl Pts',(21.3330615344465,-24.9,5.9124798622085));
#14327=CARTESIAN_POINT('Ctrl Pts',(20.2718784183119,-24.9,5.9124798622085));
#14328=CARTESIAN_POINT('',(19.3346823329284,-24.9,6.02552686083452));
#14329=CARTESIAN_POINT('Ctrl Pts',(20.2718784183119,-24.9,5.9124798622085));
#14330=CARTESIAN_POINT('Ctrl Pts',(19.9910842604343,-24.9,5.9124798622085));
#14331=CARTESIAN_POINT('Ctrl Pts',(19.5388962659302,-24.9,5.97447337758406));
#14332=CARTESIAN_POINT('Ctrl Pts',(19.3346823329284,-24.9,6.02552686083452));
#14333=CARTESIAN_POINT('',(18.6746337280474,-24.9,6.28808763183689));
#14334=CARTESIAN_POINT('Ctrl Pts',(19.3346823329284,-24.9,6.02552686083452));
#14335=CARTESIAN_POINT('Ctrl Pts',(19.1705818510519,-24.9,6.07293366670995));
#14336=CARTESIAN_POINT('Ctrl Pts',(18.7913274040485,-24.9,6.22974079383637));
#14337=CARTESIAN_POINT('Ctrl Pts',(18.6746337280474,-24.9,6.28808763183689));
#14338=CARTESIAN_POINT('',(18.6746337280474,-24.9,7.36021078009659));
#14339=CARTESIAN_POINT('',(18.6746337280474,-24.9,3.41207460298337));
#14340=CARTESIAN_POINT('',(18.7949740814235,-24.9,7.36021078009659));
#14341=CARTESIAN_POINT('',(-3.08259804763226,-24.9,7.36021078009659));
#14342=CARTESIAN_POINT('',(19.3055089139281,-24.9,6.98824968784323));
#14343=CARTESIAN_POINT('Ctrl Pts',(18.7949740814235,-24.9,7.36021078009659));
#14344=CARTESIAN_POINT('Ctrl Pts',(18.8788476610493,-24.9,7.28727723259593));
#14345=CARTESIAN_POINT('Ctrl Pts',(19.1414084320517,-24.9,7.08306329959409));
#14346=CARTESIAN_POINT('Ctrl Pts',(19.3055089139281,-24.9,6.98824968784323));
#14347=CARTESIAN_POINT('',(20.0822511948102,-24.9,6.75486233584112));
#14348=CARTESIAN_POINT('Ctrl Pts',(19.3055089139281,-24.9,6.98824968784323));
#14349=CARTESIAN_POINT('Ctrl Pts',(19.4696093958046,-24.9,6.88978939871734));
#14350=CARTESIAN_POINT('Ctrl Pts',(19.8670972296832,-24.9,6.75486233584112));
#14351=CARTESIAN_POINT('Ctrl Pts',(20.0822511948102,-24.9,6.75486233584112));
#14352=CARTESIAN_POINT('',(20.9611004421931,-24.9,7.10129668646925));
#14353=CARTESIAN_POINT('Ctrl Pts',(20.0822511948102,-24.9,6.75486233584112));
#14354=CARTESIAN_POINT('Ctrl Pts',(20.3375186110625,-24.9,6.75486233584112));
#14355=CARTESIAN_POINT('Ctrl Pts',(20.7678265413164,-24.9,6.9080227855925));
#14356=CARTESIAN_POINT('Ctrl Pts',(20.9611004421931,-24.9,7.10129668646925));
#14357=CARTESIAN_POINT('',(21.3622349534467,-24.9,8.25729341435471));
#14358=CARTESIAN_POINT('Ctrl Pts',(20.9611004421931,-24.9,7.10129668646925));
#14359=CARTESIAN_POINT('Ctrl Pts',(21.1361409561947,-24.9,7.2726905230958));
#14360=CARTESIAN_POINT('Ctrl Pts',(21.3622349534467,-24.9,7.85980558047611));
#14361=CARTESIAN_POINT('Ctrl Pts',(21.3622349534467,-24.9,8.25729341435471));
#14362=CARTESIAN_POINT('',(20.9392203779429,-24.9,9.42423017436527));
#14363=CARTESIAN_POINT('Ctrl Pts',(21.3622349534467,-24.9,8.25729341435471));
#14364=CARTESIAN_POINT('Ctrl Pts',(21.3622349534467,-24.9,8.6766613124835));
#14365=CARTESIAN_POINT('Ctrl Pts',(21.1288476014446,-24.9,9.24918966036368));
#14366=CARTESIAN_POINT('Ctrl Pts',(20.9392203779429,-24.9,9.42423017436527));
#14367=CARTESIAN_POINT('',(20.0749578400601,-24.9,9.74513778336817));
#14368=CARTESIAN_POINT('Ctrl Pts',(20.9392203779429,-24.9,9.42423017436527));
#14369=CARTESIAN_POINT('Ctrl Pts',(20.7532398318162,-24.9,9.59562401099182));
#14370=CARTESIAN_POINT('Ctrl Pts',(20.3010518373121,-24.9,9.74513778336817));
#14371=CARTESIAN_POINT('Ctrl Pts',(20.0749578400601,-24.9,9.74513778336817));
#14372=CARTESIAN_POINT('',(19.2690421401778,-24.9,9.50445707661599));
#14373=CARTESIAN_POINT('Ctrl Pts',(20.0749578400601,-24.9,9.74513778336817));
#14374=CARTESIAN_POINT('Ctrl Pts',(19.841570488058,-24.9,9.74513778336817));
#14375=CARTESIAN_POINT('Ctrl Pts',(19.4149092351791,-24.9,9.59562401099182));
#14376=CARTESIAN_POINT('Ctrl Pts',(19.2690421401778,-24.9,9.50445707661599));
#14377=CARTESIAN_POINT('',(18.7840340492984,-24.9,9.14343601648772));
#14378=CARTESIAN_POINT('Ctrl Pts',(19.2690421401778,-24.9,9.50445707661599));
#14379=CARTESIAN_POINT('Ctrl Pts',(19.1122350130514,-24.9,9.41329014224017));
#14380=CARTESIAN_POINT('Ctrl Pts',(18.8715543062992,-24.9,9.22001624136342));
#14381=CARTESIAN_POINT('Ctrl Pts',(18.7840340492984,-24.9,9.14343601648772));
#14382=CARTESIAN_POINT('',(18.6746337280474,-24.9,9.14343601648772));
#14383=CARTESIAN_POINT('',(-3.08533305566354,-24.9,9.14343601648772));
#14384=CARTESIAN_POINT('',(18.6746337280474,-24.9,10.2009724552473));
#14385=CARTESIAN_POINT('',(18.6746337280474,-24.9,4.83610211793375));
#14386=CARTESIAN_POINT('',(19.3273889781783,-24.9,10.4562398714996));
#14387=CARTESIAN_POINT('Ctrl Pts',(18.6746337280474,-24.9,10.2009724552473));
#14388=CARTESIAN_POINT('Ctrl Pts',(18.8059141135486,-24.9,10.2593192932478));
#14389=CARTESIAN_POINT('Ctrl Pts',(19.1450551094267,-24.9,10.4051863882491));
#14390=CARTESIAN_POINT('Ctrl Pts',(19.3273889781783,-24.9,10.4562398714996));
#14391=CARTESIAN_POINT('Ctrl Pts',(19.3273889781783,-24.9,10.4562398714996));
#14392=CARTESIAN_POINT('Ctrl Pts',(19.5498362980553,-24.9,10.5218800642502));
#14393=CARTESIAN_POINT('Ctrl Pts',(19.9363840998088,-24.9,10.5875202570008));
#14394=CARTESIAN_POINT('Ctrl Pts',(20.2755250956869,-24.9,10.5875202570008));
#14395=CARTESIAN_POINT('',(12.7378429228521,-24.9,10.5));
#14396=CARTESIAN_POINT('',(12.7378429228521,-24.9,6.85696930234204));
#14397=CARTESIAN_POINT('',(12.7378429228521,-24.9,4.33924232558551));
#14398=CARTESIAN_POINT('',(14.1308736801147,-24.9,6.85696930234204));
#14399=CARTESIAN_POINT('',(-5.73282084925828,-24.9,6.85696930234204));
#14400=CARTESIAN_POINT('',(14.1308736801147,-24.9,6.00000011920929));
#14401=CARTESIAN_POINT('',(14.1308736801147,-24.9,3.21424235538783));
#14402=CARTESIAN_POINT('',(8.97811869603114,-24.9,6.00000011920929));
#14403=CARTESIAN_POINT('',(-6.37737107529536,-24.9,6.00000011920929));
#14404=CARTESIAN_POINT('',(7.95340235364687,-24.9,9.04862240473687));
#14405=CARTESIAN_POINT('',(7.90845197559143,-24.9,9.18235377859576));
#14406=CARTESIAN_POINT('',(6.92503933388757,-24.9,6.00000011920929));
#14407=CARTESIAN_POINT('',(4.64791561843101,-24.9,-0.750621959236392));
#14408=CARTESIAN_POINT('',(5.72892915487675,-24.9,6.00000011920929));
#14409=CARTESIAN_POINT('',(-9.28650787780892,-24.9,6.00000011920929));
#14410=CARTESIAN_POINT('',(7.35170058676643,-24.9,10.5));
#14411=CARTESIAN_POINT('',(3.41490527918119,-24.9,-0.416866088899316));
#14412=CARTESIAN_POINT('',(8.58427753952758,-24.9,10.5));
#14413=CARTESIAN_POINT('',(-8.4660054684265,-24.9,10.5));
#14414=CARTESIAN_POINT('',(10.1596420187038,-24.9,6.13146119707086));
#14415=CARTESIAN_POINT('',(8.73867198713722,-24.9,10.0718589924712));
#14416=CARTESIAN_POINT('',(10.1596420187038,-24.9,6.85696930234204));
#14417=CARTESIAN_POINT('',(10.1596420187038,-24.9,3.21424235538783));
#14418=CARTESIAN_POINT('',(11.5526727759664,-24.9,6.85696930234204));
#14419=CARTESIAN_POINT('',(-7.02192130133244,-24.9,6.85696930234204));
#14420=CARTESIAN_POINT('',(11.5526727759664,-24.9,10.5));
#14421=CARTESIAN_POINT('',(11.5526727759664,-24.9,4.33924232558551));
#14422=CARTESIAN_POINT('',(-6.37737107529536,-24.9,10.5));
#14423=CARTESIAN_POINT('',(0.0437590325284343,-24.9,10.5));
#14424=CARTESIAN_POINT('',(3.16166818818164,-24.9,10.5));
#14425=CARTESIAN_POINT('',(-11.6486431948225,-24.9,10.5));
#14426=CARTESIAN_POINT('',(3.16166818818164,-24.9,9.71596436436791));
#14427=CARTESIAN_POINT('',(3.16166818818164,-24.9,5.05399109109198));
#14428=CARTESIAN_POINT('',(2.16612526479763,-24.9,9.71596436436791));
#14429=CARTESIAN_POINT('',(-11.1180516367552,-24.9,9.71596436436791));
#14430=CARTESIAN_POINT('',(2.16612526479763,-24.9,7.33468403847136));
#14431=CARTESIAN_POINT('',(2.16612526479763,-24.9,4.26266210070982));
#14432=CARTESIAN_POINT('',(3.16166818818164,-24.9,7.33468403847136));
#14433=CARTESIAN_POINT('',(-11.1180516367552,-24.9,7.33468403847136));
#14434=CARTESIAN_POINT('',(3.16166818818164,-24.9,6.60170188608973));
#14435=CARTESIAN_POINT('',(3.16166818818164,-24.9,3.48409648114027));
#14436=CARTESIAN_POINT('',(2.38127922992458,-24.9,6.48865488746371));
#14437=CARTESIAN_POINT('Ctrl Pts',(3.16166818818164,-24.9,6.60170188608973));
#14438=CARTESIAN_POINT('Ctrl Pts',(2.94286754567966,-24.9,6.60170188608973));
#14439=CARTESIAN_POINT('Ctrl Pts',(2.51255961542577,-24.9,6.54700172546424));
#14440=CARTESIAN_POINT('Ctrl Pts',(2.38127922992458,-24.9,6.48865488746371));
#14441=CARTESIAN_POINT('',(2.04943158879658,-24.9,5.98906008708419));
#14442=CARTESIAN_POINT('Ctrl Pts',(2.38127922992458,-24.9,6.48865488746371));
#14443=CARTESIAN_POINT('Ctrl Pts',(2.2281187801732,-24.9,6.41572133996305));
#14444=CARTESIAN_POINT('Ctrl Pts',(2.06037162092168,-24.9,6.17139395583584));
#14445=CARTESIAN_POINT('Ctrl Pts',(2.04943158879658,-24.9,5.98906008708419));
#14446=CARTESIAN_POINT('',(1.01742189166224,-24.9,5.98906008708419));
#14447=CARTESIAN_POINT('',(-11.6832866298853,-24.9,5.98906008708419));
#14448=CARTESIAN_POINT('',(1.01742189166224,-24.9,9.71596436436791));
#14449=CARTESIAN_POINT('',(1.01742189166224,-24.9,3.92625611286302));
#14450=CARTESIAN_POINT('',(0.0437590325284343,-24.9,9.71596436436791));
#14451=CARTESIAN_POINT('',(-12.1847047689523,-24.9,9.71596436436791));
#14452=CARTESIAN_POINT('',(0.0437590325284321,-24.9,5.05399109109198));
#14453=CARTESIAN_POINT('',(-21.3768241654725,-24.9,10.5));
#14454=CARTESIAN_POINT('',(-21.3768241654725,-24.9,8.80429502060966));
#14455=CARTESIAN_POINT('',(-21.3768241654725,-24.9,4.82607375515241));
#14456=CARTESIAN_POINT('',(-21.3111839727219,-24.9,8.10048628722829));
#14457=CARTESIAN_POINT('Ctrl Pts',(-21.3768241654725,-24.9,8.80429502060966));
#14458=CARTESIAN_POINT('Ctrl Pts',(-21.3768241654725,-24.9,8.55267428173238));
#14459=CARTESIAN_POINT('Ctrl Pts',(-21.3585907785974,-24.9,8.20988660847928));
#14460=CARTESIAN_POINT('Ctrl Pts',(-21.3111839727219,-24.9,8.10048628722829));
#14461=CARTESIAN_POINT('',(-20.8845227198431,-24.9,7.89262567685141));
#14462=CARTESIAN_POINT('Ctrl Pts',(-21.3111839727219,-24.9,8.10048628722829));
#14463=CARTESIAN_POINT('Ctrl Pts',(-21.2637771668465,-24.9,7.9910859659773));
#14464=CARTESIAN_POINT('Ctrl Pts',(-21.0632099112197,-24.9,7.89262567685141));
#14465=CARTESIAN_POINT('Ctrl Pts',(-20.8845227198431,-24.9,7.89262567685141));
#14466=CARTESIAN_POINT('',(-20.3666945325884,-24.9,8.09683960985326));
#14467=CARTESIAN_POINT('Ctrl Pts',(-20.8845227198431,-24.9,7.89262567685141));
#14468=CARTESIAN_POINT('Ctrl Pts',(-20.7568890117169,-24.9,7.89262567685141));
#14469=CARTESIAN_POINT('Ctrl Pts',(-20.5125616275897,-24.9,7.99837932072737));
#14470=CARTESIAN_POINT('Ctrl Pts',(-20.3666945325884,-24.9,8.09683960985326));
#14471=CARTESIAN_POINT('',(-20.3666945325884,-24.9,10.5));
#14472=CARTESIAN_POINT('',(-20.3666945325884,-24.9,4.64920990246331));
#14473=CARTESIAN_POINT('',(-19.2508112558283,-24.9,10.5));
#14474=CARTESIAN_POINT('',(-22.3543764471042,-24.9,10.5));
#14475=CARTESIAN_POINT('',(-19.2508112558283,-24.9,8.80429502060966));
#14476=CARTESIAN_POINT('',(-19.2508112558283,-24.9,4.82607375515241));
#14477=CARTESIAN_POINT('',(-19.1815243857027,-24.9,8.10048628722829));
#14478=CARTESIAN_POINT('Ctrl Pts',(-19.2508112558283,-24.9,8.80429502060966));
#14479=CARTESIAN_POINT('Ctrl Pts',(-19.2508112558283,-24.9,8.55632095910742));
#14480=CARTESIAN_POINT('Ctrl Pts',(-19.2289311915781,-24.9,8.20988660847928));
#14481=CARTESIAN_POINT('Ctrl Pts',(-19.1815243857027,-24.9,8.10048628722829));
#14482=CARTESIAN_POINT('',(-18.7548631328238,-24.9,7.89262567685141));
#14483=CARTESIAN_POINT('Ctrl Pts',(-19.1815243857027,-24.9,8.10048628722829));
#14484=CARTESIAN_POINT('Ctrl Pts',(-19.1341175798272,-24.9,7.9910859659773));
#14485=CARTESIAN_POINT('Ctrl Pts',(-18.9335503242004,-24.9,7.89262567685141));
#14486=CARTESIAN_POINT('Ctrl Pts',(-18.7548631328238,-24.9,7.89262567685141));
#14487=CARTESIAN_POINT('',(-18.2333882681941,-24.9,8.09683960985326));
#14488=CARTESIAN_POINT('Ctrl Pts',(-18.7548631328238,-24.9,7.89262567685141));
#14489=CARTESIAN_POINT('Ctrl Pts',(-18.6199360699476,-24.9,7.89262567685141));
#14490=CARTESIAN_POINT('Ctrl Pts',(-18.3573752989452,-24.9,8.0129660302275));
#14491=CARTESIAN_POINT('Ctrl Pts',(-18.2333882681941,-24.9,8.09683960985326));
#14492=CARTESIAN_POINT('',(-18.2333882681941,-24.9,10.5));
#14493=CARTESIAN_POINT('',(-18.2333882681941,-24.9,4.64920990246331));
#14494=CARTESIAN_POINT('',(-17.1247983461841,-24.9,10.5));
#14495=CARTESIAN_POINT('',(-21.2895466535945,-24.9,10.5));
#14496=CARTESIAN_POINT('',(-17.1247983461841,-24.9,7.10494336384428));
#14497=CARTESIAN_POINT('',(-17.1247983461841,-24.9,4.40123584096107));
#14498=CARTESIAN_POINT('',(-18.2333882681941,-24.9,7.10494336384428));
#14499=CARTESIAN_POINT('',(-21.2895466535945,-24.9,7.10494336384428));
#14500=CARTESIAN_POINT('',(-18.2333882681941,-24.9,7.48055113347268));
#14501=CARTESIAN_POINT('',(-18.2333882681941,-24.9,3.64637362432924));
#14502=CARTESIAN_POINT('',(-19.2909247069537,-24.9,7.01377642946846));
#14503=CARTESIAN_POINT('Ctrl Pts',(-18.2333882681941,-24.9,7.48055113347268));
#14504=CARTESIAN_POINT('Ctrl Pts',(-18.5068890713216,-24.9,7.2617504909707));
#14505=CARTESIAN_POINT('Ctrl Pts',(-18.9882504848259,-24.9,7.01377642946846));
#14506=CARTESIAN_POINT('Ctrl Pts',(-19.2909247069537,-24.9,7.01377642946846));
#14507=CARTESIAN_POINT('',(-20.2427075018373,-24.9,7.60453816422381));
#14508=CARTESIAN_POINT('Ctrl Pts',(-19.2909247069537,-24.9,7.01377642946846));
#14509=CARTESIAN_POINT('Ctrl Pts',(-19.6191256707066,-24.9,7.01377642946846));
#14510=CARTESIAN_POINT('Ctrl Pts',(-20.1114271163361,-24.9,7.30915729684613));
#14511=CARTESIAN_POINT('Ctrl Pts',(-20.2427075018373,-24.9,7.6045381642238));
#14512=CARTESIAN_POINT('',(-21.4205842939729,-24.9,7.01377642946846));
#14513=CARTESIAN_POINT('Ctrl Pts',(-20.2427075018373,-24.9,7.6045381642238));
#14514=CARTESIAN_POINT('Ctrl Pts',(-20.5636151108402,-24.9,7.32009732897123));
#14515=CARTESIAN_POINT('Ctrl Pts',(-21.1288501039703,-24.9,7.01377642946846));
#14516=CARTESIAN_POINT('Ctrl Pts',(-21.4205842939729,-24.9,7.01377642946846));
#14517=CARTESIAN_POINT('',(-22.1936798974799,-24.9,7.3164506515962));
#14518=CARTESIAN_POINT('Ctrl Pts',(-21.4205842939729,-24.9,7.01377642946846));
#14519=CARTESIAN_POINT('Ctrl Pts',(-21.6685583554752,-24.9,7.01377642946846));
#14520=CARTESIAN_POINT('Ctrl Pts',(-22.0587528346037,-24.9,7.16329020184481));
#14521=CARTESIAN_POINT('Ctrl Pts',(-22.1936798974799,-24.9,7.3164506515962));
#14522=CARTESIAN_POINT('',(-22.4927074422326,-24.9,8.29011351073001));
#14523=CARTESIAN_POINT('Ctrl Pts',(-22.1936798974799,-24.9,7.3164506515962));
#14524=CARTESIAN_POINT('Ctrl Pts',(-22.3431936698563,-24.9,7.48055113347268));
#14525=CARTESIAN_POINT('Ctrl Pts',(-22.4927074422326,-24.9,7.92909245060174));
#14526=CARTESIAN_POINT('Ctrl Pts',(-22.4927074422326,-24.9,8.29011351073001));
#14527=CARTESIAN_POINT('',(-22.4927074422326,-24.9,10.5));
#14528=CARTESIAN_POINT('',(-22.4927074422326,-24.9,4.6975283776825));
#14529=CARTESIAN_POINT('',(-23.4173829019263,-24.9,10.5));
#14530=CARTESIAN_POINT('Origin',(23.4,0.,0.));
#14531=CARTESIAN_POINT('',(23.4,-7.04561495250877,20.3127868580602));
#14532=CARTESIAN_POINT('Origin',(23.4,0.,0.));
#14533=CARTESIAN_POINT('',(23.9,-7.04561495250877,19.7828033893325));
#14534=CARTESIAN_POINT('Ctrl Pts',(23.4,-7.04561495250877,20.3127868580602));
#14535=CARTESIAN_POINT('Ctrl Pts',(23.4605724905022,-7.04561495250877,20.3127868580602));
#14536=CARTESIAN_POINT('Ctrl Pts',(23.5317456112806,-7.04561495250877,20.2980293111506));
#14537=CARTESIAN_POINT('Ctrl Pts',(23.6447685131571,-7.04561495250877,20.2496480318274));
#14538=CARTESIAN_POINT('Ctrl Pts',(23.7061587818665,-7.04561495250877,20.2068355414348));
#14539=CARTESIAN_POINT('Ctrl Pts',(23.7944083028672,-7.04561495250877,20.1154661234529));
#14540=CARTESIAN_POINT('Ctrl Pts',(23.8362170691906,-7.04561495250877,20.0501033364006));
#14541=CARTESIAN_POINT('Ctrl Pts',(23.8850423679656,-7.04561495250877,19.9281485156699));
#14542=CARTESIAN_POINT('Ctrl Pts',(23.9,-7.04561495250877,19.8495102156806));
#14543=CARTESIAN_POINT('Ctrl Pts',(23.9,-7.04561495250877,19.7828033893325));
#14544=CARTESIAN_POINT('Origin',(23.9,0.,0.));
#14545=CARTESIAN_POINT('Origin',(23.15,0.,0.));
#14546=CARTESIAN_POINT('',(22.9,-7.04561495250877,20.3127868580602));
#14547=CARTESIAN_POINT('Origin',(22.9,0.,0.));
#14548=CARTESIAN_POINT('',(23.15,-7.04561495250877,20.3127868580602));
#14549=CARTESIAN_POINT('Origin',(22.9,0.,0.));
#14550=CARTESIAN_POINT('Ctrl Pts',(22.4,-7.04561495250877,19.7828033893325));
#14551=CARTESIAN_POINT('Ctrl Pts',(22.4,-7.04561495250877,19.8495102156806));
#14552=CARTESIAN_POINT('Ctrl Pts',(22.4149576320344,-7.04561495250877,19.9281485156699));
#14553=CARTESIAN_POINT('Ctrl Pts',(22.4637829308094,-7.04561495250877,20.0501033364006));
#14554=CARTESIAN_POINT('Ctrl Pts',(22.5055916971328,-7.04561495250877,20.1154661234529));
#14555=CARTESIAN_POINT('Ctrl Pts',(22.5938412181335,-7.04561495250877,20.2068355414348));
#14556=CARTESIAN_POINT('Ctrl Pts',(22.6552314868429,-7.04561495250877,20.2496480318274));
#14557=CARTESIAN_POINT('Ctrl Pts',(22.7682543887194,-7.04561495250877,20.2980293111506));
#14558=CARTESIAN_POINT('Ctrl Pts',(22.8394275094978,-7.04561495250877,20.3127868580602));
#14559=CARTESIAN_POINT('Ctrl Pts',(22.9,-7.04561495250877,20.3127868580602));
#14560=CARTESIAN_POINT('Origin',(24.4,24.4,0.));
#14561=CARTESIAN_POINT('Origin',(24.4,-24.4,0.));
#14562=CARTESIAN_POINT('Origin',(-24.9,-24.2,0.));
#14563=CARTESIAN_POINT('',(-15.1884124528261,-24.2,10.5));
#14564=CARTESIAN_POINT('',(-15.1884124528261,-24.2,8.80429502060966));
#14565=CARTESIAN_POINT('',(-15.1884124528261,-24.2,10.5));
#14566=CARTESIAN_POINT('',(-16.3042957295861,-24.2,10.5));
#14567=CARTESIAN_POINT('',(-16.3042957295861,-24.2,10.5));
#14568=CARTESIAN_POINT('',(-16.3042957295861,-24.2,8.29011351073001));
#14569=CARTESIAN_POINT('',(-16.3042957295861,-24.2,8.29011351073001));
#14570=CARTESIAN_POINT('',(-16.0052681848334,-24.2,7.3164506515962));
#14571=CARTESIAN_POINT('Ctrl Pts',(-16.0052681848334,-24.2,7.3164506515962));
#14572=CARTESIAN_POINT('Ctrl Pts',(-16.1547819572098,-24.2,7.48055113347268));
#14573=CARTESIAN_POINT('Ctrl Pts',(-16.3042957295861,-24.2,7.92909245060174));
#14574=CARTESIAN_POINT('Ctrl Pts',(-16.3042957295861,-24.2,8.29011351073001));
#14575=CARTESIAN_POINT('',(-15.2321725813264,-24.2,7.01377642946846));
#14576=CARTESIAN_POINT('Ctrl Pts',(-15.2321725813264,-24.2,7.01377642946846));
#14577=CARTESIAN_POINT('Ctrl Pts',(-15.4801466428287,-24.2,7.01377642946846));
#14578=CARTESIAN_POINT('Ctrl Pts',(-15.8703411219572,-24.2,7.16329020184481));
#14579=CARTESIAN_POINT('Ctrl Pts',(-16.0052681848334,-24.2,7.3164506515962));
#14580=CARTESIAN_POINT('',(-14.0542957891908,-24.2,7.60453816422381));
#14581=CARTESIAN_POINT('Ctrl Pts',(-14.0542957891908,-24.2,7.6045381642238));
#14582=CARTESIAN_POINT('Ctrl Pts',(-14.3752033981937,-24.2,7.32009732897123));
#14583=CARTESIAN_POINT('Ctrl Pts',(-14.9404383913238,-24.2,7.01377642946846));
#14584=CARTESIAN_POINT('Ctrl Pts',(-15.2321725813264,-24.2,7.01377642946846));
#14585=CARTESIAN_POINT('',(-13.1025129943072,-24.2,7.01377642946846));
#14586=CARTESIAN_POINT('Ctrl Pts',(-13.1025129943072,-24.2,7.01377642946846));
#14587=CARTESIAN_POINT('Ctrl Pts',(-13.4307139580602,-24.2,7.01377642946846));
#14588=CARTESIAN_POINT('Ctrl Pts',(-13.9230154036896,-24.2,7.30915729684613));
#14589=CARTESIAN_POINT('Ctrl Pts',(-14.0542957891908,-24.2,7.6045381642238));
#14590=CARTESIAN_POINT('',(-12.0449765555476,-24.2,7.48055113347268));
#14591=CARTESIAN_POINT('Ctrl Pts',(-12.0449765555476,-24.2,7.48055113347268));
#14592=CARTESIAN_POINT('Ctrl Pts',(-12.3184773586751,-24.2,7.2617504909707));
#14593=CARTESIAN_POINT('Ctrl Pts',(-12.7998387721794,-24.2,7.01377642946846));
#14594=CARTESIAN_POINT('Ctrl Pts',(-13.1025129943072,-24.2,7.01377642946846));
#14595=CARTESIAN_POINT('',(-12.0449765555476,-24.2,7.10494336384428));
#14596=CARTESIAN_POINT('',(-12.0449765555476,-24.2,7.10494336384428));
#14597=CARTESIAN_POINT('',(-10.9363866335376,-24.2,7.10494336384428));
#14598=CARTESIAN_POINT('',(-10.9363866335376,-24.2,7.10494336384428));
#14599=CARTESIAN_POINT('',(-10.9363866335376,-24.2,10.5));
#14600=CARTESIAN_POINT('',(-10.9363866335376,-24.2,10.5));
#14601=CARTESIAN_POINT('',(-12.0449765555476,-24.2,10.5));
#14602=CARTESIAN_POINT('',(-12.0449765555476,-24.2,10.5));
#14603=CARTESIAN_POINT('',(-12.0449765555476,-24.2,8.09683960985326));
#14604=CARTESIAN_POINT('',(-12.0449765555476,-24.2,8.09683960985326));
#14605=CARTESIAN_POINT('',(-12.5664514201773,-24.2,7.89262567685141));
#14606=CARTESIAN_POINT('Ctrl Pts',(-12.5664514201773,-24.2,7.89262567685141));
#14607=CARTESIAN_POINT('Ctrl Pts',(-12.4315243573011,-24.2,7.89262567685141));
#14608=CARTESIAN_POINT('Ctrl Pts',(-12.1689635862987,-24.2,8.0129660302275));
#14609=CARTESIAN_POINT('Ctrl Pts',(-12.0449765555476,-24.2,8.09683960985326));
#14610=CARTESIAN_POINT('',(-12.9931126730562,-24.2,8.10048628722829));
#14611=CARTESIAN_POINT('Ctrl Pts',(-12.9931126730562,-24.2,8.10048628722829));
#14612=CARTESIAN_POINT('Ctrl Pts',(-12.9457058671808,-24.2,7.9910859659773));
#14613=CARTESIAN_POINT('Ctrl Pts',(-12.7451386115539,-24.2,7.89262567685141));
#14614=CARTESIAN_POINT('Ctrl Pts',(-12.5664514201773,-24.2,7.89262567685141));
#14615=CARTESIAN_POINT('',(-13.0623995431818,-24.2,8.80429502060966));
#14616=CARTESIAN_POINT('Ctrl Pts',(-13.0623995431818,-24.2,8.80429502060966));
#14617=CARTESIAN_POINT('Ctrl Pts',(-13.0623995431818,-24.2,8.55632095910742));
#14618=CARTESIAN_POINT('Ctrl Pts',(-13.0405194789316,-24.2,8.20988660847928));
#14619=CARTESIAN_POINT('Ctrl Pts',(-12.9931126730562,-24.2,8.10048628722829));
#14620=CARTESIAN_POINT('',(-13.0623995431818,-24.2,10.5));
#14621=CARTESIAN_POINT('',(-13.0623995431818,-24.2,10.5));
#14622=CARTESIAN_POINT('',(-14.1782828199419,-24.2,10.5));
#14623=CARTESIAN_POINT('',(-14.1782828199419,-24.2,10.5));
#14624=CARTESIAN_POINT('',(-14.1782828199419,-24.2,8.09683960985326));
#14625=CARTESIAN_POINT('',(-14.1782828199419,-24.2,8.09683960985326));
#14626=CARTESIAN_POINT('',(-14.6961110071966,-24.2,7.89262567685141));
#14627=CARTESIAN_POINT('Ctrl Pts',(-14.6961110071966,-24.2,7.89262567685141));
#14628=CARTESIAN_POINT('Ctrl Pts',(-14.5684772990704,-24.2,7.89262567685141));
#14629=CARTESIAN_POINT('Ctrl Pts',(-14.3241499149432,-24.2,7.99837932072737));
#14630=CARTESIAN_POINT('Ctrl Pts',(-14.1782828199419,-24.2,8.09683960985326));
#14631=CARTESIAN_POINT('',(-15.1227722600755,-24.2,8.10048628722829));
#14632=CARTESIAN_POINT('Ctrl Pts',(-15.1227722600755,-24.2,8.10048628722829));
#14633=CARTESIAN_POINT('Ctrl Pts',(-15.0753654542,-24.2,7.9910859659773));
#14634=CARTESIAN_POINT('Ctrl Pts',(-14.8747981985732,-24.2,7.89262567685141));
#14635=CARTESIAN_POINT('Ctrl Pts',(-14.6961110071966,-24.2,7.89262567685141));
#14636=CARTESIAN_POINT('Ctrl Pts',(-15.1884124528261,-24.2,8.80429502060966));
#14637=CARTESIAN_POINT('Ctrl Pts',(-15.1884124528261,-24.2,8.55267428173238));
#14638=CARTESIAN_POINT('Ctrl Pts',(-15.1701790659509,-24.2,8.20988660847928));
#14639=CARTESIAN_POINT('Ctrl Pts',(-15.1227722600755,-24.2,8.10048628722829));
#14640=CARTESIAN_POINT('Origin',(-15.1884124528261,-24.9,9.65214751030483));
#14641=CARTESIAN_POINT('',(-15.1884124528261,-24.9,8.80429502060966));
#14642=CARTESIAN_POINT('',(-15.1884124528261,-24.9,10.5));
#14643=CARTESIAN_POINT('Origin',(-15.7463540912061,-24.9,10.5));
#14644=CARTESIAN_POINT('',(-16.3042957295861,-24.9,10.5));
#14645=CARTESIAN_POINT('Origin',(-16.3042957295861,-24.9,9.395056755365));
#14646=CARTESIAN_POINT('',(-16.3042957295861,-24.9,8.29011351073001));
#14647=CARTESIAN_POINT('Ctrl Pts',(-16.0052681848334,-24.2,7.3164506515962));
#14648=CARTESIAN_POINT('Ctrl Pts',(-16.0052681848334,-24.9,7.3164506515962));
#14649=CARTESIAN_POINT('Ctrl Pts',(-16.1547819572098,-24.2,7.48055113347268));
#14650=CARTESIAN_POINT('Ctrl Pts',(-16.1547819572098,-24.9,7.48055113347268));
#14651=CARTESIAN_POINT('Ctrl Pts',(-16.3042957295861,-24.2,7.92909245060174));
#14652=CARTESIAN_POINT('Ctrl Pts',(-16.3042957295861,-24.9,7.92909245060174));
#14653=CARTESIAN_POINT('Ctrl Pts',(-16.3042957295861,-24.2,8.29011351073001));
#14654=CARTESIAN_POINT('Ctrl Pts',(-16.3042957295861,-24.9,8.29011351073001));
#14655=CARTESIAN_POINT('',(-16.0052681848334,-24.9,7.3164506515962));
#14656=CARTESIAN_POINT('Ctrl Pts',(-15.2321725813264,-24.2,7.01377642946846));
#14657=CARTESIAN_POINT('Ctrl Pts',(-15.2321725813264,-24.9,7.01377642946846));
#14658=CARTESIAN_POINT('Ctrl Pts',(-15.4801466428287,-24.2,7.01377642946846));
#14659=CARTESIAN_POINT('Ctrl Pts',(-15.4801466428287,-24.9,7.01377642946846));
#14660=CARTESIAN_POINT('Ctrl Pts',(-15.8703411219572,-24.2,7.16329020184481));
#14661=CARTESIAN_POINT('Ctrl Pts',(-15.8703411219572,-24.9,7.16329020184481));
#14662=CARTESIAN_POINT('Ctrl Pts',(-16.0052681848334,-24.2,7.3164506515962));
#14663=CARTESIAN_POINT('Ctrl Pts',(-16.0052681848334,-24.9,7.3164506515962));
#14664=CARTESIAN_POINT('',(-15.2321725813264,-24.9,7.01377642946846));
#14665=CARTESIAN_POINT('Ctrl Pts',(-14.0542957891908,-24.2,7.6045381642238));
#14666=CARTESIAN_POINT('Ctrl Pts',(-14.0542957891908,-24.9,7.6045381642238));
#14667=CARTESIAN_POINT('Ctrl Pts',(-14.3752033981937,-24.2,7.32009732897123));
#14668=CARTESIAN_POINT('Ctrl Pts',(-14.3752033981937,-24.9,7.32009732897123));
#14669=CARTESIAN_POINT('Ctrl Pts',(-14.9404383913238,-24.2,7.01377642946846));
#14670=CARTESIAN_POINT('Ctrl Pts',(-14.9404383913238,-24.9,7.01377642946846));
#14671=CARTESIAN_POINT('Ctrl Pts',(-15.2321725813264,-24.2,7.01377642946846));
#14672=CARTESIAN_POINT('Ctrl Pts',(-15.2321725813264,-24.9,7.01377642946846));
#14673=CARTESIAN_POINT('',(-14.0542957891908,-24.9,7.60453816422381));
#14674=CARTESIAN_POINT('Ctrl Pts',(-13.1025129943072,-24.2,7.01377642946846));
#14675=CARTESIAN_POINT('Ctrl Pts',(-13.1025129943072,-24.9,7.01377642946846));
#14676=CARTESIAN_POINT('Ctrl Pts',(-13.4307139580602,-24.2,7.01377642946846));
#14677=CARTESIAN_POINT('Ctrl Pts',(-13.4307139580602,-24.9,7.01377642946846));
#14678=CARTESIAN_POINT('Ctrl Pts',(-13.9230154036896,-24.2,7.30915729684613));
#14679=CARTESIAN_POINT('Ctrl Pts',(-13.9230154036896,-24.9,7.30915729684613));
#14680=CARTESIAN_POINT('Ctrl Pts',(-14.0542957891908,-24.2,7.6045381642238));
#14681=CARTESIAN_POINT('Ctrl Pts',(-14.0542957891908,-24.9,7.6045381642238));
#14682=CARTESIAN_POINT('',(-13.1025129943072,-24.9,7.01377642946846));
#14683=CARTESIAN_POINT('Ctrl Pts',(-12.0449765555476,-24.2,7.48055113347268));
#14684=CARTESIAN_POINT('Ctrl Pts',(-12.0449765555476,-24.9,7.48055113347268));
#14685=CARTESIAN_POINT('Ctrl Pts',(-12.3184773586751,-24.2,7.2617504909707));
#14686=CARTESIAN_POINT('Ctrl Pts',(-12.3184773586751,-24.9,7.2617504909707));
#14687=CARTESIAN_POINT('Ctrl Pts',(-12.7998387721794,-24.2,7.01377642946846));
#14688=CARTESIAN_POINT('Ctrl Pts',(-12.7998387721794,-24.9,7.01377642946846));
#14689=CARTESIAN_POINT('Ctrl Pts',(-13.1025129943072,-24.2,7.01377642946846));
#14690=CARTESIAN_POINT('Ctrl Pts',(-13.1025129943072,-24.9,7.01377642946846));
#14691=CARTESIAN_POINT('',(-12.0449765555476,-24.9,7.48055113347268));
#14692=CARTESIAN_POINT('Origin',(-12.0449765555476,-24.9,7.29274724865848));
#14693=CARTESIAN_POINT('',(-12.0449765555476,-24.9,7.10494336384428));
#14694=CARTESIAN_POINT('Origin',(-11.4906815945426,-24.9,7.10494336384428));
#14695=CARTESIAN_POINT('',(-10.9363866335376,-24.9,7.10494336384428));
#14696=CARTESIAN_POINT('Origin',(-10.9363866335376,-24.9,8.80247168192214));
#14697=CARTESIAN_POINT('',(-10.9363866335376,-24.9,10.5));
#14698=CARTESIAN_POINT('Origin',(-11.4906815945426,-24.9,10.5));
#14699=CARTESIAN_POINT('',(-12.0449765555476,-24.9,10.5));
#14700=CARTESIAN_POINT('Origin',(-12.0449765555476,-24.9,9.29841980492663));
#14701=CARTESIAN_POINT('',(-12.0449765555476,-24.9,8.09683960985326));
#14702=CARTESIAN_POINT('Ctrl Pts',(-12.5664514201773,-24.2,7.89262567685141));
#14703=CARTESIAN_POINT('Ctrl Pts',(-12.5664514201773,-24.9,7.89262567685141));
#14704=CARTESIAN_POINT('Ctrl Pts',(-12.4315243573011,-24.2,7.89262567685141));
#14705=CARTESIAN_POINT('Ctrl Pts',(-12.4315243573011,-24.9,7.89262567685141));
#14706=CARTESIAN_POINT('Ctrl Pts',(-12.1689635862987,-24.2,8.0129660302275));
#14707=CARTESIAN_POINT('Ctrl Pts',(-12.1689635862987,-24.9,8.0129660302275));
#14708=CARTESIAN_POINT('Ctrl Pts',(-12.0449765555476,-24.2,8.09683960985326));
#14709=CARTESIAN_POINT('Ctrl Pts',(-12.0449765555476,-24.9,8.09683960985326));
#14710=CARTESIAN_POINT('',(-12.5664514201773,-24.9,7.89262567685141));
#14711=CARTESIAN_POINT('Ctrl Pts',(-12.9931126730562,-24.2,8.10048628722829));
#14712=CARTESIAN_POINT('Ctrl Pts',(-12.9931126730562,-24.9,8.10048628722829));
#14713=CARTESIAN_POINT('Ctrl Pts',(-12.9457058671808,-24.2,7.9910859659773));
#14714=CARTESIAN_POINT('Ctrl Pts',(-12.9457058671808,-24.9,7.9910859659773));
#14715=CARTESIAN_POINT('Ctrl Pts',(-12.7451386115539,-24.2,7.89262567685141));
#14716=CARTESIAN_POINT('Ctrl Pts',(-12.7451386115539,-24.9,7.89262567685141));
#14717=CARTESIAN_POINT('Ctrl Pts',(-12.5664514201773,-24.2,7.89262567685141));
#14718=CARTESIAN_POINT('Ctrl Pts',(-12.5664514201773,-24.9,7.89262567685141));
#14719=CARTESIAN_POINT('',(-12.9931126730562,-24.9,8.10048628722829));
#14720=CARTESIAN_POINT('Ctrl Pts',(-13.0623995431818,-24.2,8.80429502060966));
#14721=CARTESIAN_POINT('Ctrl Pts',(-13.0623995431818,-24.9,8.80429502060966));
#14722=CARTESIAN_POINT('Ctrl Pts',(-13.0623995431818,-24.2,8.55632095910742));
#14723=CARTESIAN_POINT('Ctrl Pts',(-13.0623995431818,-24.9,8.55632095910742));
#14724=CARTESIAN_POINT('Ctrl Pts',(-13.0405194789316,-24.2,8.20988660847928));
#14725=CARTESIAN_POINT('Ctrl Pts',(-13.0405194789316,-24.9,8.20988660847928));
#14726=CARTESIAN_POINT('Ctrl Pts',(-12.9931126730562,-24.2,8.10048628722829));
#14727=CARTESIAN_POINT('Ctrl Pts',(-12.9931126730562,-24.9,8.10048628722829));
#14728=CARTESIAN_POINT('',(-13.0623995431818,-24.9,8.80429502060966));
#14729=CARTESIAN_POINT('Origin',(-13.0623995431818,-24.9,9.65214751030483));
#14730=CARTESIAN_POINT('',(-13.0623995431818,-24.9,10.5));
#14731=CARTESIAN_POINT('Origin',(-13.6203411815619,-24.9,10.5));
#14732=CARTESIAN_POINT('',(-14.1782828199419,-24.9,10.5));
#14733=CARTESIAN_POINT('Origin',(-14.1782828199419,-24.9,9.29841980492663));
#14734=CARTESIAN_POINT('',(-14.1782828199419,-24.9,8.09683960985326));
#14735=CARTESIAN_POINT('Ctrl Pts',(-14.6961110071966,-24.2,7.89262567685141));
#14736=CARTESIAN_POINT('Ctrl Pts',(-14.6961110071966,-24.9,7.89262567685141));
#14737=CARTESIAN_POINT('Ctrl Pts',(-14.5684772990704,-24.2,7.89262567685141));
#14738=CARTESIAN_POINT('Ctrl Pts',(-14.5684772990704,-24.9,7.89262567685141));
#14739=CARTESIAN_POINT('Ctrl Pts',(-14.3241499149432,-24.2,7.99837932072737));
#14740=CARTESIAN_POINT('Ctrl Pts',(-14.3241499149432,-24.9,7.99837932072737));
#14741=CARTESIAN_POINT('Ctrl Pts',(-14.1782828199419,-24.2,8.09683960985326));
#14742=CARTESIAN_POINT('Ctrl Pts',(-14.1782828199419,-24.9,8.09683960985326));
#14743=CARTESIAN_POINT('',(-14.6961110071966,-24.9,7.89262567685141));
#14744=CARTESIAN_POINT('Ctrl Pts',(-15.1227722600755,-24.2,8.10048628722829));
#14745=CARTESIAN_POINT('Ctrl Pts',(-15.1227722600755,-24.9,8.10048628722829));
#14746=CARTESIAN_POINT('Ctrl Pts',(-15.0753654542,-24.2,7.9910859659773));
#14747=CARTESIAN_POINT('Ctrl Pts',(-15.0753654542,-24.9,7.9910859659773));
#14748=CARTESIAN_POINT('Ctrl Pts',(-14.8747981985732,-24.2,7.89262567685141));
#14749=CARTESIAN_POINT('Ctrl Pts',(-14.8747981985732,-24.9,7.89262567685141));
#14750=CARTESIAN_POINT('Ctrl Pts',(-14.6961110071966,-24.2,7.89262567685141));
#14751=CARTESIAN_POINT('Ctrl Pts',(-14.6961110071966,-24.9,7.89262567685141));
#14752=CARTESIAN_POINT('',(-15.1227722600755,-24.9,8.10048628722829));
#14753=CARTESIAN_POINT('Ctrl Pts',(-15.1884124528261,-24.2,8.80429502060966));
#14754=CARTESIAN_POINT('Ctrl Pts',(-15.1884124528261,-24.9,8.80429502060966));
#14755=CARTESIAN_POINT('Ctrl Pts',(-15.1884124528261,-24.2,8.55267428173238));
#14756=CARTESIAN_POINT('Ctrl Pts',(-15.1884124528261,-24.9,8.55267428173238));
#14757=CARTESIAN_POINT('Ctrl Pts',(-15.1701790659509,-24.2,8.20988660847928));
#14758=CARTESIAN_POINT('Ctrl Pts',(-15.1701790659509,-24.9,8.20988660847928));
#14759=CARTESIAN_POINT('Ctrl Pts',(-15.1227722600755,-24.2,8.10048628722829));
#14760=CARTESIAN_POINT('Ctrl Pts',(-15.1227722600755,-24.9,8.10048628722829));
#14761=CARTESIAN_POINT('Ctrl Pts',(-7.18030890634034,-24.2,8.25000005960464));
#14762=CARTESIAN_POINT('Ctrl Pts',(-7.18030890634034,-24.9,8.25000005960464));
#14763=CARTESIAN_POINT('Ctrl Pts',(-7.18030890634034,-24.2,7.41491094072209));
#14764=CARTESIAN_POINT('Ctrl Pts',(-7.18030890634034,-24.9,7.41491094072209));
#14765=CARTESIAN_POINT('Ctrl Pts',(-6.89222139371273,-24.2,6.74027562634099));
#14766=CARTESIAN_POINT('Ctrl Pts',(-6.89222139371273,-24.9,6.74027562634099));
#14767=CARTESIAN_POINT('Ctrl Pts',(-6.55308039783466,-24.2,6.74027562634099));
#14768=CARTESIAN_POINT('Ctrl Pts',(-6.55308039783466,-24.9,6.74027562634099));
#14769=CARTESIAN_POINT('',(-7.18030890634034,-24.2,8.25000005960464));
#14770=CARTESIAN_POINT('',(-6.55308039783466,-24.2,6.74027562634099));
#14771=CARTESIAN_POINT('Ctrl Pts',(-7.18030890634034,-24.2,8.25000005960464));
#14772=CARTESIAN_POINT('Ctrl Pts',(-7.18030890634034,-24.2,7.41491094072209));
#14773=CARTESIAN_POINT('Ctrl Pts',(-6.89222139371273,-24.2,6.74027562634099));
#14774=CARTESIAN_POINT('Ctrl Pts',(-6.55308039783466,-24.2,6.74027562634099));
#14775=CARTESIAN_POINT('',(-6.55308039783466,-24.9,6.74027562634099));
#14776=CARTESIAN_POINT('',(-6.55308039783466,-24.9,6.74027562634099));
#14777=CARTESIAN_POINT('',(-7.18030890634034,-24.9,8.25000005960464));
#14778=CARTESIAN_POINT('Ctrl Pts',(-7.18030890634034,-24.9,8.25000005960464));
#14779=CARTESIAN_POINT('Ctrl Pts',(-7.18030890634034,-24.9,7.41491094072209));
#14780=CARTESIAN_POINT('Ctrl Pts',(-6.89222139371273,-24.9,6.74027562634099));
#14781=CARTESIAN_POINT('Ctrl Pts',(-6.55308039783466,-24.9,6.74027562634099));
#14782=CARTESIAN_POINT('',(-7.18030890634034,-24.9,8.25000005960464));
#14783=CARTESIAN_POINT('Ctrl Pts',(-6.55308039783466,-24.2,6.74027562634099));
#14784=CARTESIAN_POINT('Ctrl Pts',(-6.55308039783466,-24.9,6.74027562634099));
#14785=CARTESIAN_POINT('Ctrl Pts',(-6.21393940195659,-24.2,6.74027562634099));
#14786=CARTESIAN_POINT('Ctrl Pts',(-6.21393940195659,-24.9,6.74027562634099));
#14787=CARTESIAN_POINT('Ctrl Pts',(-5.92220521195396,-24.2,7.41491094072209));
#14788=CARTESIAN_POINT('Ctrl Pts',(-5.92220521195396,-24.9,7.41491094072209));
#14789=CARTESIAN_POINT('Ctrl Pts',(-5.92220521195396,-24.2,8.25364673697968));
#14790=CARTESIAN_POINT('Ctrl Pts',(-5.92220521195396,-24.9,8.25364673697968));
#14791=CARTESIAN_POINT('',(-5.92220521195396,-24.2,8.25364673697968));
#14792=CARTESIAN_POINT('Ctrl Pts',(-6.55308039783466,-24.2,6.74027562634099));
#14793=CARTESIAN_POINT('Ctrl Pts',(-6.21393940195659,-24.2,6.74027562634099));
#14794=CARTESIAN_POINT('Ctrl Pts',(-5.92220521195396,-24.2,7.41491094072209));
#14795=CARTESIAN_POINT('Ctrl Pts',(-5.92220521195396,-24.2,8.25364673697968));
#14796=CARTESIAN_POINT('',(-5.92220521195396,-24.9,8.25364673697968));
#14797=CARTESIAN_POINT('',(-5.92220521195396,-24.9,8.25364673697968));
#14798=CARTESIAN_POINT('Ctrl Pts',(-6.55308039783466,-24.9,6.74027562634099));
#14799=CARTESIAN_POINT('Ctrl Pts',(-6.21393940195659,-24.9,6.74027562634099));
#14800=CARTESIAN_POINT('Ctrl Pts',(-5.92220521195396,-24.9,7.41491094072209));
#14801=CARTESIAN_POINT('Ctrl Pts',(-5.92220521195396,-24.9,8.25364673697968));
#14802=CARTESIAN_POINT('Ctrl Pts',(-5.92220521195396,-24.2,8.25364673697968));
#14803=CARTESIAN_POINT('Ctrl Pts',(-5.92220521195396,-24.9,8.25364673697968));
#14804=CARTESIAN_POINT('Ctrl Pts',(-5.92220521195396,-24.2,9.07779582373713));
#14805=CARTESIAN_POINT('Ctrl Pts',(-5.92220521195396,-24.9,9.07779582373713));
#14806=CARTESIAN_POINT('Ctrl Pts',(-6.21393940195659,-24.2,9.76337117024333));
#14807=CARTESIAN_POINT('Ctrl Pts',(-6.21393940195659,-24.9,9.76337117024333));
#14808=CARTESIAN_POINT('Ctrl Pts',(-6.55308039783466,-24.2,9.76337117024333));
#14809=CARTESIAN_POINT('Ctrl Pts',(-6.55308039783466,-24.9,9.76337117024333));
#14810=CARTESIAN_POINT('',(-6.55308039783466,-24.2,9.76337117024333));
#14811=CARTESIAN_POINT('Ctrl Pts',(-5.92220521195396,-24.2,8.25364673697968));
#14812=CARTESIAN_POINT('Ctrl Pts',(-5.92220521195396,-24.2,9.07779582373713));
#14813=CARTESIAN_POINT('Ctrl Pts',(-6.21393940195659,-24.2,9.76337117024333));
#14814=CARTESIAN_POINT('Ctrl Pts',(-6.55308039783466,-24.2,9.76337117024333));
#14815=CARTESIAN_POINT('',(-6.55308039783466,-24.9,9.76337117024333));
#14816=CARTESIAN_POINT('',(-6.55308039783466,-24.9,9.76337117024333));
#14817=CARTESIAN_POINT('Ctrl Pts',(-5.92220521195396,-24.9,8.25364673697968));
#14818=CARTESIAN_POINT('Ctrl Pts',(-5.92220521195396,-24.9,9.07779582373713));
#14819=CARTESIAN_POINT('Ctrl Pts',(-6.21393940195659,-24.9,9.76337117024333));
#14820=CARTESIAN_POINT('Ctrl Pts',(-6.55308039783466,-24.9,9.76337117024333));
#14821=CARTESIAN_POINT('Ctrl Pts',(-6.55308039783466,-24.2,9.76337117024333));
#14822=CARTESIAN_POINT('Ctrl Pts',(-6.55308039783466,-24.9,9.76337117024333));
#14823=CARTESIAN_POINT('Ctrl Pts',(-6.8885747163377,-24.2,9.76337117024333));
#14824=CARTESIAN_POINT('Ctrl Pts',(-6.8885747163377,-24.9,9.76337117024333));
#14825=CARTESIAN_POINT('Ctrl Pts',(-7.18030890634034,-24.2,9.07779582373713));
#14826=CARTESIAN_POINT('Ctrl Pts',(-7.18030890634034,-24.9,9.07779582373713));
#14827=CARTESIAN_POINT('Ctrl Pts',(-7.18030890634034,-24.2,8.25000005960464));
#14828=CARTESIAN_POINT('Ctrl Pts',(-7.18030890634034,-24.9,8.25000005960464));
#14829=CARTESIAN_POINT('Ctrl Pts',(-6.55308039783466,-24.2,9.76337117024333));
#14830=CARTESIAN_POINT('Ctrl Pts',(-6.8885747163377,-24.2,9.76337117024333));
#14831=CARTESIAN_POINT('Ctrl Pts',(-7.18030890634034,-24.2,9.07779582373713));
#14832=CARTESIAN_POINT('Ctrl Pts',(-7.18030890634034,-24.2,8.25000005960464));
#14833=CARTESIAN_POINT('Ctrl Pts',(-6.55308039783466,-24.9,9.76337117024333));
#14834=CARTESIAN_POINT('Ctrl Pts',(-6.8885747163377,-24.9,9.76337117024333));
#14835=CARTESIAN_POINT('Ctrl Pts',(-7.18030890634034,-24.9,9.07779582373713));
#14836=CARTESIAN_POINT('Ctrl Pts',(-7.18030890634034,-24.9,8.25000005960464));
#14837=CARTESIAN_POINT('Origin',(-24.9,-24.2,0.));
#14838=CARTESIAN_POINT('',(-8.36912573060109,-24.2,8.25000005960464));
#14839=CARTESIAN_POINT('',(-7.95705118722236,-24.2,10.0040518769955));
#14840=CARTESIAN_POINT('Ctrl Pts',(-8.36912573060109,-24.2,8.25000005960464));
#14841=CARTESIAN_POINT('Ctrl Pts',(-8.36912573060109,-24.2,8.83346843960992));
#14842=CARTESIAN_POINT('Ctrl Pts',(-8.17220515234931,-24.2,9.70867100961784));
#14843=CARTESIAN_POINT('Ctrl Pts',(-7.95705118722236,-24.2,10.0040518769955));
#14844=CARTESIAN_POINT('',(-7.9606978645974,-24.2,6.51782830646397));
#14845=CARTESIAN_POINT('Ctrl Pts',(-7.9606978645974,-24.2,6.51782830646397));
#14846=CARTESIAN_POINT('Ctrl Pts',(-8.17585182972434,-24.2,6.81320917384165));
#14847=CARTESIAN_POINT('Ctrl Pts',(-8.36912573060109,-24.2,7.68476506647453));
#14848=CARTESIAN_POINT('Ctrl Pts',(-8.36912573060109,-24.2,8.25000005960464));
#14849=CARTESIAN_POINT('',(-6.55308039783466,-24.2,5.90883318483346));
#14850=CARTESIAN_POINT('Ctrl Pts',(-6.55308039783466,-24.2,5.90883318483346));
#14851=CARTESIAN_POINT('Ctrl Pts',(-7.05996855296425,-24.2,5.90883318483346));
#14852=CARTESIAN_POINT('Ctrl Pts',(-7.74189722209542,-24.2,6.21515408433623));
#14853=CARTESIAN_POINT('Ctrl Pts',(-7.9606978645974,-24.2,6.51782830646397));
#14854=CARTESIAN_POINT('',(-5.15275628582199,-24.2,6.49959491958881));
#14855=CARTESIAN_POINT('Ctrl Pts',(-5.15275628582199,-24.2,6.49959491958881));
#14856=CARTESIAN_POINT('Ctrl Pts',(-5.37155692832397,-24.2,6.2005673748361));
#14857=CARTESIAN_POINT('Ctrl Pts',(-6.07171898433031,-24.2,5.90883318483346));
#14858=CARTESIAN_POINT('Ctrl Pts',(-6.55308039783466,-24.2,5.90883318483346));
#14859=CARTESIAN_POINT('',(-4.7333883876932,-24.2,8.25000005960464));
#14860=CARTESIAN_POINT('Ctrl Pts',(-4.7333883876932,-24.2,8.25000005960464));
#14861=CARTESIAN_POINT('Ctrl Pts',(-4.7333883876932,-24.2,7.65194497009923));
#14862=CARTESIAN_POINT('Ctrl Pts',(-4.92666228856995,-24.2,6.80591581909158));
#14863=CARTESIAN_POINT('Ctrl Pts',(-5.15275628582199,-24.2,6.49959491958881));
#14864=CARTESIAN_POINT('',(-5.14546293107193,-24.2,9.99675852224545));
#14865=CARTESIAN_POINT('Ctrl Pts',(-5.14546293107193,-24.2,9.99675852224545));
#14866=CARTESIAN_POINT('Ctrl Pts',(-4.93030896594498,-24.2,9.70137765486777));
#14867=CARTESIAN_POINT('Ctrl Pts',(-4.7333883876932,-24.2,8.83346843960992));
#14868=CARTESIAN_POINT('Ctrl Pts',(-4.7333883876932,-24.2,8.25000005960464));
#14869=CARTESIAN_POINT('',(-6.55308039783466,-24.2,10.5948136117509));
#14870=CARTESIAN_POINT('Ctrl Pts',(-6.55308039783466,-24.2,10.5948136117509));
#14871=CARTESIAN_POINT('Ctrl Pts',(-6.05348559745514,-24.2,10.5948136117509));
#14872=CARTESIAN_POINT('Ctrl Pts',(-5.36426357357391,-24.2,10.2957860669982));
#14873=CARTESIAN_POINT('Ctrl Pts',(-5.14546293107193,-24.2,9.99675852224545));
#14874=CARTESIAN_POINT('Ctrl Pts',(-7.95705118722236,-24.2,10.0040518769955));
#14875=CARTESIAN_POINT('Ctrl Pts',(-7.74189722209542,-24.2,10.2957860669982));
#14876=CARTESIAN_POINT('Ctrl Pts',(-7.05267519821418,-24.2,10.5948136117509));
#14877=CARTESIAN_POINT('Ctrl Pts',(-6.55308039783466,-24.2,10.5948136117509));
#14878=CARTESIAN_POINT('Ctrl Pts',(-8.36912573060109,-24.2,8.25000005960464));
#14879=CARTESIAN_POINT('Ctrl Pts',(-8.36912573060109,-24.9,8.25000005960464));
#14880=CARTESIAN_POINT('Ctrl Pts',(-8.36912573060109,-24.2,8.83346843960992));
#14881=CARTESIAN_POINT('Ctrl Pts',(-8.36912573060109,-24.9,8.83346843960992));
#14882=CARTESIAN_POINT('Ctrl Pts',(-8.17220515234931,-24.2,9.70867100961784));
#14883=CARTESIAN_POINT('Ctrl Pts',(-8.17220515234931,-24.9,9.70867100961784));
#14884=CARTESIAN_POINT('Ctrl Pts',(-7.95705118722236,-24.2,10.0040518769955));
#14885=CARTESIAN_POINT('Ctrl Pts',(-7.95705118722236,-24.9,10.0040518769955));
#14886=CARTESIAN_POINT('',(-7.95705118722236,-24.9,10.0040518769955));
#14887=CARTESIAN_POINT('',(-8.36912573060109,-24.9,8.25000005960464));
#14888=CARTESIAN_POINT('Ctrl Pts',(-7.9606978645974,-24.2,6.51782830646397));
#14889=CARTESIAN_POINT('Ctrl Pts',(-7.9606978645974,-24.9,6.51782830646397));
#14890=CARTESIAN_POINT('Ctrl Pts',(-8.17585182972434,-24.2,6.81320917384165));
#14891=CARTESIAN_POINT('Ctrl Pts',(-8.17585182972434,-24.9,6.81320917384165));
#14892=CARTESIAN_POINT('Ctrl Pts',(-8.36912573060109,-24.2,7.68476506647453));
#14893=CARTESIAN_POINT('Ctrl Pts',(-8.36912573060109,-24.9,7.68476506647453));
#14894=CARTESIAN_POINT('Ctrl Pts',(-8.36912573060109,-24.2,8.25000005960464));
#14895=CARTESIAN_POINT('Ctrl Pts',(-8.36912573060109,-24.9,8.25000005960464));
#14896=CARTESIAN_POINT('',(-7.9606978645974,-24.9,6.51782830646397));
#14897=CARTESIAN_POINT('Ctrl Pts',(-6.55308039783466,-24.2,5.90883318483346));
#14898=CARTESIAN_POINT('Ctrl Pts',(-6.55308039783466,-24.9,5.90883318483346));
#14899=CARTESIAN_POINT('Ctrl Pts',(-7.05996855296425,-24.2,5.90883318483346));
#14900=CARTESIAN_POINT('Ctrl Pts',(-7.05996855296425,-24.9,5.90883318483346));
#14901=CARTESIAN_POINT('Ctrl Pts',(-7.74189722209542,-24.2,6.21515408433623));
#14902=CARTESIAN_POINT('Ctrl Pts',(-7.74189722209542,-24.9,6.21515408433623));
#14903=CARTESIAN_POINT('Ctrl Pts',(-7.9606978645974,-24.2,6.51782830646397));
#14904=CARTESIAN_POINT('Ctrl Pts',(-7.9606978645974,-24.9,6.51782830646397));
#14905=CARTESIAN_POINT('',(-6.55308039783466,-24.9,5.90883318483346));
#14906=CARTESIAN_POINT('Ctrl Pts',(-5.15275628582199,-24.2,6.49959491958881));
#14907=CARTESIAN_POINT('Ctrl Pts',(-5.15275628582199,-24.9,6.49959491958881));
#14908=CARTESIAN_POINT('Ctrl Pts',(-5.37155692832397,-24.2,6.2005673748361));
#14909=CARTESIAN_POINT('Ctrl Pts',(-5.37155692832397,-24.9,6.2005673748361));
#14910=CARTESIAN_POINT('Ctrl Pts',(-6.07171898433031,-24.2,5.90883318483346));
#14911=CARTESIAN_POINT('Ctrl Pts',(-6.07171898433031,-24.9,5.90883318483346));
#14912=CARTESIAN_POINT('Ctrl Pts',(-6.55308039783466,-24.2,5.90883318483346));
#14913=CARTESIAN_POINT('Ctrl Pts',(-6.55308039783466,-24.9,5.90883318483346));
#14914=CARTESIAN_POINT('',(-5.15275628582199,-24.9,6.49959491958881));
#14915=CARTESIAN_POINT('Ctrl Pts',(-4.7333883876932,-24.2,8.25000005960464));
#14916=CARTESIAN_POINT('Ctrl Pts',(-4.7333883876932,-24.9,8.25000005960464));
#14917=CARTESIAN_POINT('Ctrl Pts',(-4.7333883876932,-24.2,7.65194497009923));
#14918=CARTESIAN_POINT('Ctrl Pts',(-4.7333883876932,-24.9,7.65194497009923));
#14919=CARTESIAN_POINT('Ctrl Pts',(-4.92666228856995,-24.2,6.80591581909158));
#14920=CARTESIAN_POINT('Ctrl Pts',(-4.92666228856995,-24.9,6.80591581909158));
#14921=CARTESIAN_POINT('Ctrl Pts',(-5.15275628582199,-24.2,6.49959491958881));
#14922=CARTESIAN_POINT('Ctrl Pts',(-5.15275628582199,-24.9,6.49959491958881));
#14923=CARTESIAN_POINT('',(-4.7333883876932,-24.9,8.25000005960464));
#14924=CARTESIAN_POINT('Ctrl Pts',(-5.14546293107193,-24.2,9.99675852224545));
#14925=CARTESIAN_POINT('Ctrl Pts',(-5.14546293107193,-24.9,9.99675852224545));
#14926=CARTESIAN_POINT('Ctrl Pts',(-4.93030896594498,-24.2,9.70137765486777));
#14927=CARTESIAN_POINT('Ctrl Pts',(-4.93030896594498,-24.9,9.70137765486777));
#14928=CARTESIAN_POINT('Ctrl Pts',(-4.7333883876932,-24.2,8.83346843960992));
#14929=CARTESIAN_POINT('Ctrl Pts',(-4.7333883876932,-24.9,8.83346843960992));
#14930=CARTESIAN_POINT('Ctrl Pts',(-4.7333883876932,-24.2,8.25000005960464));
#14931=CARTESIAN_POINT('Ctrl Pts',(-4.7333883876932,-24.9,8.25000005960464));
#14932=CARTESIAN_POINT('',(-5.14546293107193,-24.9,9.99675852224545));
#14933=CARTESIAN_POINT('Ctrl Pts',(-6.55308039783466,-24.2,10.5948136117509));
#14934=CARTESIAN_POINT('Ctrl Pts',(-6.55308039783466,-24.9,10.5948136117509));
#14935=CARTESIAN_POINT('Ctrl Pts',(-6.05348559745514,-24.2,10.5948136117509));
#14936=CARTESIAN_POINT('Ctrl Pts',(-6.05348559745514,-24.9,10.5948136117509));
#14937=CARTESIAN_POINT('Ctrl Pts',(-5.36426357357391,-24.2,10.2957860669982));
#14938=CARTESIAN_POINT('Ctrl Pts',(-5.36426357357391,-24.9,10.2957860669982));
#14939=CARTESIAN_POINT('Ctrl Pts',(-5.14546293107193,-24.2,9.99675852224545));
#14940=CARTESIAN_POINT('Ctrl Pts',(-5.14546293107193,-24.9,9.99675852224545));
#14941=CARTESIAN_POINT('',(-6.55308039783466,-24.9,10.5948136117509));
#14942=CARTESIAN_POINT('Ctrl Pts',(-7.95705118722236,-24.2,10.0040518769955));
#14943=CARTESIAN_POINT('Ctrl Pts',(-7.95705118722236,-24.9,10.0040518769955));
#14944=CARTESIAN_POINT('Ctrl Pts',(-7.74189722209542,-24.2,10.2957860669982));
#14945=CARTESIAN_POINT('Ctrl Pts',(-7.74189722209542,-24.9,10.2957860669982));
#14946=CARTESIAN_POINT('Ctrl Pts',(-7.05267519821418,-24.2,10.5948136117509));
#14947=CARTESIAN_POINT('Ctrl Pts',(-7.05267519821418,-24.9,10.5948136117509));
#14948=CARTESIAN_POINT('Ctrl Pts',(-6.55308039783466,-24.2,10.5948136117509));
#14949=CARTESIAN_POINT('Ctrl Pts',(-6.55308039783466,-24.9,10.5948136117509));
#14950=CARTESIAN_POINT('Ctrl Pts',(-3.04862341096375,-24.2,8.25000005960464));
#14951=CARTESIAN_POINT('Ctrl Pts',(-3.04862341096375,-24.9,8.25000005960464));
#14952=CARTESIAN_POINT('Ctrl Pts',(-3.04862341096375,-24.2,7.41491094072209));
#14953=CARTESIAN_POINT('Ctrl Pts',(-3.04862341096375,-24.9,7.41491094072209));
#14954=CARTESIAN_POINT('Ctrl Pts',(-2.76053589833614,-24.2,6.74027562634099));
#14955=CARTESIAN_POINT('Ctrl Pts',(-2.76053589833614,-24.9,6.74027562634099));
#14956=CARTESIAN_POINT('Ctrl Pts',(-2.42139490245808,-24.2,6.74027562634099));
#14957=CARTESIAN_POINT('Ctrl Pts',(-2.42139490245808,-24.9,6.74027562634099));
#14958=CARTESIAN_POINT('',(-3.04862341096375,-24.2,8.25000005960464));
#14959=CARTESIAN_POINT('',(-2.42139490245808,-24.2,6.74027562634099));
#14960=CARTESIAN_POINT('Ctrl Pts',(-3.04862341096375,-24.2,8.25000005960464));
#14961=CARTESIAN_POINT('Ctrl Pts',(-3.04862341096375,-24.2,7.41491094072209));
#14962=CARTESIAN_POINT('Ctrl Pts',(-2.76053589833614,-24.2,6.74027562634099));
#14963=CARTESIAN_POINT('Ctrl Pts',(-2.42139490245808,-24.2,6.74027562634099));
#14964=CARTESIAN_POINT('',(-2.42139490245808,-24.9,6.74027562634099));
#14965=CARTESIAN_POINT('',(-2.42139490245808,-24.9,6.74027562634099));
#14966=CARTESIAN_POINT('',(-3.04862341096375,-24.9,8.25000005960464));
#14967=CARTESIAN_POINT('Ctrl Pts',(-3.04862341096375,-24.9,8.25000005960464));
#14968=CARTESIAN_POINT('Ctrl Pts',(-3.04862341096375,-24.9,7.41491094072209));
#14969=CARTESIAN_POINT('Ctrl Pts',(-2.76053589833614,-24.9,6.74027562634099));
#14970=CARTESIAN_POINT('Ctrl Pts',(-2.42139490245808,-24.9,6.74027562634099));
#14971=CARTESIAN_POINT('',(-3.04862341096375,-24.9,8.25000005960464));
#14972=CARTESIAN_POINT('Ctrl Pts',(-2.42139490245808,-24.2,6.74027562634099));
#14973=CARTESIAN_POINT('Ctrl Pts',(-2.42139490245808,-24.9,6.74027562634099));
#14974=CARTESIAN_POINT('Ctrl Pts',(-2.08225390658001,-24.2,6.74027562634099));
#14975=CARTESIAN_POINT('Ctrl Pts',(-2.08225390658001,-24.9,6.74027562634099));
#14976=CARTESIAN_POINT('Ctrl Pts',(-1.79051971657737,-24.2,7.41491094072209));
#14977=CARTESIAN_POINT('Ctrl Pts',(-1.79051971657737,-24.9,7.41491094072209));
#14978=CARTESIAN_POINT('Ctrl Pts',(-1.79051971657737,-24.2,8.25364673697968));
#14979=CARTESIAN_POINT('Ctrl Pts',(-1.79051971657737,-24.9,8.25364673697968));
#14980=CARTESIAN_POINT('',(-1.79051971657737,-24.2,8.25364673697968));
#14981=CARTESIAN_POINT('Ctrl Pts',(-2.42139490245808,-24.2,6.74027562634099));
#14982=CARTESIAN_POINT('Ctrl Pts',(-2.08225390658001,-24.2,6.74027562634099));
#14983=CARTESIAN_POINT('Ctrl Pts',(-1.79051971657737,-24.2,7.41491094072209));
#14984=CARTESIAN_POINT('Ctrl Pts',(-1.79051971657737,-24.2,8.25364673697968));
#14985=CARTESIAN_POINT('',(-1.79051971657737,-24.9,8.25364673697968));
#14986=CARTESIAN_POINT('',(-1.79051971657737,-24.9,8.25364673697968));
#14987=CARTESIAN_POINT('Ctrl Pts',(-2.42139490245808,-24.9,6.74027562634099));
#14988=CARTESIAN_POINT('Ctrl Pts',(-2.08225390658001,-24.9,6.74027562634099));
#14989=CARTESIAN_POINT('Ctrl Pts',(-1.79051971657737,-24.9,7.41491094072209));
#14990=CARTESIAN_POINT('Ctrl Pts',(-1.79051971657737,-24.9,8.25364673697968));
#14991=CARTESIAN_POINT('Ctrl Pts',(-1.79051971657737,-24.2,8.25364673697968));
#14992=CARTESIAN_POINT('Ctrl Pts',(-1.79051971657737,-24.9,8.25364673697968));
#14993=CARTESIAN_POINT('Ctrl Pts',(-1.79051971657737,-24.2,9.07779582373713));
#14994=CARTESIAN_POINT('Ctrl Pts',(-1.79051971657737,-24.9,9.07779582373713));
#14995=CARTESIAN_POINT('Ctrl Pts',(-2.08225390658001,-24.2,9.76337117024333));
#14996=CARTESIAN_POINT('Ctrl Pts',(-2.08225390658001,-24.9,9.76337117024333));
#14997=CARTESIAN_POINT('Ctrl Pts',(-2.42139490245808,-24.2,9.76337117024333));
#14998=CARTESIAN_POINT('Ctrl Pts',(-2.42139490245808,-24.9,9.76337117024333));
#14999=CARTESIAN_POINT('',(-2.42139490245808,-24.2,9.76337117024333));
#15000=CARTESIAN_POINT('Ctrl Pts',(-1.79051971657737,-24.2,8.25364673697968));
#15001=CARTESIAN_POINT('Ctrl Pts',(-1.79051971657737,-24.2,9.07779582373713));
#15002=CARTESIAN_POINT('Ctrl Pts',(-2.08225390658001,-24.2,9.76337117024333));
#15003=CARTESIAN_POINT('Ctrl Pts',(-2.42139490245808,-24.2,9.76337117024333));
#15004=CARTESIAN_POINT('',(-2.42139490245808,-24.9,9.76337117024333));
#15005=CARTESIAN_POINT('',(-2.42139490245808,-24.9,9.76337117024333));
#15006=CARTESIAN_POINT('Ctrl Pts',(-1.79051971657737,-24.9,8.25364673697968));
#15007=CARTESIAN_POINT('Ctrl Pts',(-1.79051971657737,-24.9,9.07779582373713));
#15008=CARTESIAN_POINT('Ctrl Pts',(-2.08225390658001,-24.9,9.76337117024333));
#15009=CARTESIAN_POINT('Ctrl Pts',(-2.42139490245808,-24.9,9.76337117024333));
#15010=CARTESIAN_POINT('Ctrl Pts',(-2.42139490245808,-24.2,9.76337117024333));
#15011=CARTESIAN_POINT('Ctrl Pts',(-2.42139490245808,-24.9,9.76337117024333));
#15012=CARTESIAN_POINT('Ctrl Pts',(-2.75688922096111,-24.2,9.76337117024333));
#15013=CARTESIAN_POINT('Ctrl Pts',(-2.75688922096111,-24.9,9.76337117024333));
#15014=CARTESIAN_POINT('Ctrl Pts',(-3.04862341096375,-24.2,9.07779582373713));
#15015=CARTESIAN_POINT('Ctrl Pts',(-3.04862341096375,-24.9,9.07779582373713));
#15016=CARTESIAN_POINT('Ctrl Pts',(-3.04862341096375,-24.2,8.25000005960464));
#15017=CARTESIAN_POINT('Ctrl Pts',(-3.04862341096375,-24.9,8.25000005960464));
#15018=CARTESIAN_POINT('Ctrl Pts',(-2.42139490245808,-24.2,9.76337117024333));
#15019=CARTESIAN_POINT('Ctrl Pts',(-2.75688922096111,-24.2,9.76337117024333));
#15020=CARTESIAN_POINT('Ctrl Pts',(-3.04862341096375,-24.2,9.07779582373713));
#15021=CARTESIAN_POINT('Ctrl Pts',(-3.04862341096375,-24.2,8.25000005960464));
#15022=CARTESIAN_POINT('Ctrl Pts',(-2.42139490245808,-24.9,9.76337117024333));
#15023=CARTESIAN_POINT('Ctrl Pts',(-2.75688922096111,-24.9,9.76337117024333));
#15024=CARTESIAN_POINT('Ctrl Pts',(-3.04862341096375,-24.9,9.07779582373713));
#15025=CARTESIAN_POINT('Ctrl Pts',(-3.04862341096375,-24.9,8.25000005960464));
#15026=CARTESIAN_POINT('Origin',(-24.9,-24.2,0.));
#15027=CARTESIAN_POINT('',(-4.23744023522451,-24.2,8.25000005960464));
#15028=CARTESIAN_POINT('',(-3.82536569184578,-24.2,10.0040518769955));
#15029=CARTESIAN_POINT('Ctrl Pts',(-4.23744023522451,-24.2,8.25000005960464));
#15030=CARTESIAN_POINT('Ctrl Pts',(-4.23744023522451,-24.2,8.83346843960992));
#15031=CARTESIAN_POINT('Ctrl Pts',(-4.04051965697272,-24.2,9.70867100961784));
#15032=CARTESIAN_POINT('Ctrl Pts',(-3.82536569184578,-24.2,10.0040518769955));
#15033=CARTESIAN_POINT('',(-3.82901236922081,-24.2,6.51782830646397));
#15034=CARTESIAN_POINT('Ctrl Pts',(-3.82901236922081,-24.2,6.51782830646397));
#15035=CARTESIAN_POINT('Ctrl Pts',(-4.04416633434776,-24.2,6.81320917384165));
#15036=CARTESIAN_POINT('Ctrl Pts',(-4.23744023522451,-24.2,7.68476506647453));
#15037=CARTESIAN_POINT('Ctrl Pts',(-4.23744023522451,-24.2,8.25000005960464));
#15038=CARTESIAN_POINT('',(-2.42139490245808,-24.2,5.90883318483346));
#15039=CARTESIAN_POINT('Ctrl Pts',(-2.42139490245808,-24.2,5.90883318483346));
#15040=CARTESIAN_POINT('Ctrl Pts',(-2.92828305758766,-24.2,5.90883318483346));
#15041=CARTESIAN_POINT('Ctrl Pts',(-3.61021172671883,-24.2,6.21515408433623));
#15042=CARTESIAN_POINT('Ctrl Pts',(-3.82901236922081,-24.2,6.51782830646397));
#15043=CARTESIAN_POINT('',(-1.02107079044541,-24.2,6.49959491958881));
#15044=CARTESIAN_POINT('Ctrl Pts',(-1.02107079044541,-24.2,6.49959491958881));
#15045=CARTESIAN_POINT('Ctrl Pts',(-1.23987143294739,-24.2,6.2005673748361));
#15046=CARTESIAN_POINT('Ctrl Pts',(-1.94003348895372,-24.2,5.90883318483346));
#15047=CARTESIAN_POINT('Ctrl Pts',(-2.42139490245808,-24.2,5.90883318483346));
#15048=CARTESIAN_POINT('',(-0.601702892316614,-24.2,8.25000005960464));
#15049=CARTESIAN_POINT('Ctrl Pts',(-0.601702892316614,-24.2,8.25000005960464));
#15050=CARTESIAN_POINT('Ctrl Pts',(-0.601702892316614,-24.2,7.65194497009923));
#15051=CARTESIAN_POINT('Ctrl Pts',(-0.794976793193363,-24.2,6.80591581909158));
#15052=CARTESIAN_POINT('Ctrl Pts',(-1.02107079044541,-24.2,6.49959491958881));
#15053=CARTESIAN_POINT('',(-1.01377743569534,-24.2,9.99675852224545));
#15054=CARTESIAN_POINT('Ctrl Pts',(-1.01377743569534,-24.2,9.99675852224545));
#15055=CARTESIAN_POINT('Ctrl Pts',(-0.798623470568395,-24.2,9.70137765486777));
#15056=CARTESIAN_POINT('Ctrl Pts',(-0.601702892316614,-24.2,8.83346843960992));
#15057=CARTESIAN_POINT('Ctrl Pts',(-0.601702892316614,-24.2,8.25000005960464));
#15058=CARTESIAN_POINT('',(-2.42139490245808,-24.2,10.5948136117509));
#15059=CARTESIAN_POINT('Ctrl Pts',(-2.42139490245808,-24.2,10.5948136117509));
#15060=CARTESIAN_POINT('Ctrl Pts',(-1.92180010207856,-24.2,10.5948136117509));
#15061=CARTESIAN_POINT('Ctrl Pts',(-1.23257807819732,-24.2,10.2957860669982));
#15062=CARTESIAN_POINT('Ctrl Pts',(-1.01377743569534,-24.2,9.99675852224545));
#15063=CARTESIAN_POINT('Ctrl Pts',(-3.82536569184578,-24.2,10.0040518769955));
#15064=CARTESIAN_POINT('Ctrl Pts',(-3.61021172671883,-24.2,10.2957860669982));
#15065=CARTESIAN_POINT('Ctrl Pts',(-2.9209897028376,-24.2,10.5948136117509));
#15066=CARTESIAN_POINT('Ctrl Pts',(-2.42139490245808,-24.2,10.5948136117509));
#15067=CARTESIAN_POINT('Ctrl Pts',(-4.23744023522451,-24.2,8.25000005960464));
#15068=CARTESIAN_POINT('Ctrl Pts',(-4.23744023522451,-24.9,8.25000005960464));
#15069=CARTESIAN_POINT('Ctrl Pts',(-4.23744023522451,-24.2,8.83346843960992));
#15070=CARTESIAN_POINT('Ctrl Pts',(-4.23744023522451,-24.9,8.83346843960992));
#15071=CARTESIAN_POINT('Ctrl Pts',(-4.04051965697272,-24.2,9.70867100961784));
#15072=CARTESIAN_POINT('Ctrl Pts',(-4.04051965697272,-24.9,9.70867100961784));
#15073=CARTESIAN_POINT('Ctrl Pts',(-3.82536569184578,-24.2,10.0040518769955));
#15074=CARTESIAN_POINT('Ctrl Pts',(-3.82536569184578,-24.9,10.0040518769955));
#15075=CARTESIAN_POINT('',(-3.82536569184578,-24.9,10.0040518769955));
#15076=CARTESIAN_POINT('',(-4.23744023522451,-24.9,8.25000005960464));
#15077=CARTESIAN_POINT('Ctrl Pts',(-3.82901236922081,-24.2,6.51782830646397));
#15078=CARTESIAN_POINT('Ctrl Pts',(-3.82901236922081,-24.9,6.51782830646397));
#15079=CARTESIAN_POINT('Ctrl Pts',(-4.04416633434776,-24.2,6.81320917384165));
#15080=CARTESIAN_POINT('Ctrl Pts',(-4.04416633434776,-24.9,6.81320917384165));
#15081=CARTESIAN_POINT('Ctrl Pts',(-4.23744023522451,-24.2,7.68476506647453));
#15082=CARTESIAN_POINT('Ctrl Pts',(-4.23744023522451,-24.9,7.68476506647453));
#15083=CARTESIAN_POINT('Ctrl Pts',(-4.23744023522451,-24.2,8.25000005960464));
#15084=CARTESIAN_POINT('Ctrl Pts',(-4.23744023522451,-24.9,8.25000005960464));
#15085=CARTESIAN_POINT('',(-3.82901236922081,-24.9,6.51782830646397));
#15086=CARTESIAN_POINT('Ctrl Pts',(-2.42139490245808,-24.2,5.90883318483346));
#15087=CARTESIAN_POINT('Ctrl Pts',(-2.42139490245808,-24.9,5.90883318483346));
#15088=CARTESIAN_POINT('Ctrl Pts',(-2.92828305758766,-24.2,5.90883318483346));
#15089=CARTESIAN_POINT('Ctrl Pts',(-2.92828305758766,-24.9,5.90883318483346));
#15090=CARTESIAN_POINT('Ctrl Pts',(-3.61021172671883,-24.2,6.21515408433623));
#15091=CARTESIAN_POINT('Ctrl Pts',(-3.61021172671883,-24.9,6.21515408433623));
#15092=CARTESIAN_POINT('Ctrl Pts',(-3.82901236922081,-24.2,6.51782830646397));
#15093=CARTESIAN_POINT('Ctrl Pts',(-3.82901236922081,-24.9,6.51782830646397));
#15094=CARTESIAN_POINT('',(-2.42139490245808,-24.9,5.90883318483346));
#15095=CARTESIAN_POINT('Ctrl Pts',(-1.02107079044541,-24.2,6.49959491958881));
#15096=CARTESIAN_POINT('Ctrl Pts',(-1.02107079044541,-24.9,6.49959491958881));
#15097=CARTESIAN_POINT('Ctrl Pts',(-1.23987143294739,-24.2,6.2005673748361));
#15098=CARTESIAN_POINT('Ctrl Pts',(-1.23987143294739,-24.9,6.2005673748361));
#15099=CARTESIAN_POINT('Ctrl Pts',(-1.94003348895372,-24.2,5.90883318483346));
#15100=CARTESIAN_POINT('Ctrl Pts',(-1.94003348895372,-24.9,5.90883318483346));
#15101=CARTESIAN_POINT('Ctrl Pts',(-2.42139490245808,-24.2,5.90883318483346));
#15102=CARTESIAN_POINT('Ctrl Pts',(-2.42139490245808,-24.9,5.90883318483346));
#15103=CARTESIAN_POINT('',(-1.02107079044541,-24.9,6.49959491958881));
#15104=CARTESIAN_POINT('Ctrl Pts',(-0.601702892316614,-24.2,8.25000005960464));
#15105=CARTESIAN_POINT('Ctrl Pts',(-0.601702892316614,-24.9,8.25000005960464));
#15106=CARTESIAN_POINT('Ctrl Pts',(-0.601702892316614,-24.2,7.65194497009923));
#15107=CARTESIAN_POINT('Ctrl Pts',(-0.601702892316614,-24.9,7.65194497009923));
#15108=CARTESIAN_POINT('Ctrl Pts',(-0.794976793193363,-24.2,6.80591581909158));
#15109=CARTESIAN_POINT('Ctrl Pts',(-0.794976793193362,-24.9,6.80591581909158));
#15110=CARTESIAN_POINT('Ctrl Pts',(-1.02107079044541,-24.2,6.49959491958881));
#15111=CARTESIAN_POINT('Ctrl Pts',(-1.02107079044541,-24.9,6.49959491958881));
#15112=CARTESIAN_POINT('',(-0.601702892316614,-24.9,8.25000005960464));
#15113=CARTESIAN_POINT('Ctrl Pts',(-1.01377743569534,-24.2,9.99675852224545));
#15114=CARTESIAN_POINT('Ctrl Pts',(-1.01377743569534,-24.9,9.99675852224545));
#15115=CARTESIAN_POINT('Ctrl Pts',(-0.798623470568395,-24.2,9.70137765486777));
#15116=CARTESIAN_POINT('Ctrl Pts',(-0.798623470568395,-24.9,9.70137765486777));
#15117=CARTESIAN_POINT('Ctrl Pts',(-0.601702892316614,-24.2,8.83346843960992));
#15118=CARTESIAN_POINT('Ctrl Pts',(-0.601702892316614,-24.9,8.83346843960992));
#15119=CARTESIAN_POINT('Ctrl Pts',(-0.601702892316614,-24.2,8.25000005960464));
#15120=CARTESIAN_POINT('Ctrl Pts',(-0.601702892316614,-24.9,8.25000005960464));
#15121=CARTESIAN_POINT('',(-1.01377743569534,-24.9,9.99675852224545));
#15122=CARTESIAN_POINT('Ctrl Pts',(-2.42139490245808,-24.2,10.5948136117509));
#15123=CARTESIAN_POINT('Ctrl Pts',(-2.42139490245808,-24.9,10.5948136117509));
#15124=CARTESIAN_POINT('Ctrl Pts',(-1.92180010207856,-24.2,10.5948136117509));
#15125=CARTESIAN_POINT('Ctrl Pts',(-1.92180010207856,-24.9,10.5948136117509));
#15126=CARTESIAN_POINT('Ctrl Pts',(-1.23257807819732,-24.2,10.2957860669982));
#15127=CARTESIAN_POINT('Ctrl Pts',(-1.23257807819732,-24.9,10.2957860669982));
#15128=CARTESIAN_POINT('Ctrl Pts',(-1.01377743569534,-24.2,9.99675852224545));
#15129=CARTESIAN_POINT('Ctrl Pts',(-1.01377743569534,-24.9,9.99675852224545));
#15130=CARTESIAN_POINT('',(-2.42139490245808,-24.9,10.5948136117509));
#15131=CARTESIAN_POINT('Ctrl Pts',(-3.82536569184578,-24.2,10.0040518769955));
#15132=CARTESIAN_POINT('Ctrl Pts',(-3.82536569184578,-24.9,10.0040518769955));
#15133=CARTESIAN_POINT('Ctrl Pts',(-3.61021172671883,-24.2,10.2957860669982));
#15134=CARTESIAN_POINT('Ctrl Pts',(-3.61021172671883,-24.9,10.2957860669982));
#15135=CARTESIAN_POINT('Ctrl Pts',(-2.9209897028376,-24.2,10.5948136117509));
#15136=CARTESIAN_POINT('Ctrl Pts',(-2.9209897028376,-24.9,10.5948136117509));
#15137=CARTESIAN_POINT('Ctrl Pts',(-2.42139490245808,-24.2,10.5948136117509));
#15138=CARTESIAN_POINT('Ctrl Pts',(-2.42139490245808,-24.9,10.5948136117509));
#15139=CARTESIAN_POINT('Origin',(-24.9,-24.2,0.));
#15140=CARTESIAN_POINT('',(15.9432723548269,-24.2,10.5875202570008));
#15141=CARTESIAN_POINT('',(18.2516191332228,-24.2,8.25364673697968));
#15142=CARTESIAN_POINT('Ctrl Pts',(15.9432723548269,-24.2,10.5875202570008));
#15143=CARTESIAN_POINT('Ctrl Pts',(17.0044554709615,-24.2,10.5875202570008));
#15144=CARTESIAN_POINT('Ctrl Pts',(18.2516191332228,-24.2,9.3622366589897));
#15145=CARTESIAN_POINT('Ctrl Pts',(18.2516191332228,-24.2,8.25364673697968));
#15146=CARTESIAN_POINT('',(14.9951362373183,-24.2,10.4562398714996));
#15147=CARTESIAN_POINT('Ctrl Pts',(14.9951362373183,-24.2,10.4562398714996));
#15148=CARTESIAN_POINT('Ctrl Pts',(15.2175835571954,-24.2,10.5218800642502));
#15149=CARTESIAN_POINT('Ctrl Pts',(15.6041313589489,-24.2,10.5875202570008));
#15150=CARTESIAN_POINT('Ctrl Pts',(15.9432723548269,-24.2,10.5875202570008));
#15151=CARTESIAN_POINT('',(14.3423809871874,-24.2,10.2009724552473));
#15152=CARTESIAN_POINT('Ctrl Pts',(14.3423809871874,-24.2,10.2009724552473));
#15153=CARTESIAN_POINT('Ctrl Pts',(14.4736613726886,-24.2,10.2593192932478));
#15154=CARTESIAN_POINT('Ctrl Pts',(14.8128023685667,-24.2,10.4051863882491));
#15155=CARTESIAN_POINT('Ctrl Pts',(14.9951362373183,-24.2,10.4562398714996));
#15156=CARTESIAN_POINT('',(14.3423809871874,-24.2,9.14343601648772));
#15157=CARTESIAN_POINT('',(14.3423809871874,-24.2,9.14343601648772));
#15158=CARTESIAN_POINT('',(14.4517813084384,-24.2,9.14343601648772));
#15159=CARTESIAN_POINT('',(14.4517813084384,-24.2,9.14343601648772));
#15160=CARTESIAN_POINT('',(14.9367893993178,-24.2,9.50445707661599));
#15161=CARTESIAN_POINT('Ctrl Pts',(14.9367893993178,-24.2,9.50445707661599));
#15162=CARTESIAN_POINT('Ctrl Pts',(14.7799822721914,-24.2,9.41329014224017));
#15163=CARTESIAN_POINT('Ctrl Pts',(14.5393015654392,-24.2,9.22001624136342));
#15164=CARTESIAN_POINT('Ctrl Pts',(14.4517813084384,-24.2,9.14343601648772));
#15165=CARTESIAN_POINT('',(15.7427050992001,-24.2,9.74513778336817));
#15166=CARTESIAN_POINT('Ctrl Pts',(15.7427050992001,-24.2,9.74513778336817));
#15167=CARTESIAN_POINT('Ctrl Pts',(15.509317747198,-24.2,9.74513778336817));
#15168=CARTESIAN_POINT('Ctrl Pts',(15.0826564943191,-24.2,9.59562401099182));
#15169=CARTESIAN_POINT('Ctrl Pts',(14.9367893993178,-24.2,9.50445707661599));
#15170=CARTESIAN_POINT('',(16.6069676370829,-24.2,9.42423017436527));
#15171=CARTESIAN_POINT('Ctrl Pts',(16.6069676370829,-24.2,9.42423017436527));
#15172=CARTESIAN_POINT('Ctrl Pts',(16.4209870909562,-24.2,9.59562401099182));
#15173=CARTESIAN_POINT('Ctrl Pts',(15.9687990964522,-24.2,9.74513778336817));
#15174=CARTESIAN_POINT('Ctrl Pts',(15.7427050992001,-24.2,9.74513778336817));
#15175=CARTESIAN_POINT('',(17.0299822125868,-24.2,8.25729341435471));
#15176=CARTESIAN_POINT('Ctrl Pts',(17.0299822125868,-24.2,8.25729341435471));
#15177=CARTESIAN_POINT('Ctrl Pts',(17.0299822125868,-24.2,8.6766613124835));
#15178=CARTESIAN_POINT('Ctrl Pts',(16.7965948605846,-24.2,9.24918966036368));
#15179=CARTESIAN_POINT('Ctrl Pts',(16.6069676370829,-24.2,9.42423017436527));
#15180=CARTESIAN_POINT('',(16.6288477013331,-24.2,7.10129668646925));
#15181=CARTESIAN_POINT('Ctrl Pts',(16.6288477013331,-24.2,7.10129668646925));
#15182=CARTESIAN_POINT('Ctrl Pts',(16.8038882153347,-24.2,7.2726905230958));
#15183=CARTESIAN_POINT('Ctrl Pts',(17.0299822125868,-24.2,7.85980558047611));
#15184=CARTESIAN_POINT('Ctrl Pts',(17.0299822125868,-24.2,8.25729341435471));
#15185=CARTESIAN_POINT('',(15.7499984539502,-24.2,6.75486233584112));
#15186=CARTESIAN_POINT('Ctrl Pts',(15.7499984539502,-24.2,6.75486233584112));
#15187=CARTESIAN_POINT('Ctrl Pts',(16.0052658702025,-24.2,6.75486233584112));
#15188=CARTESIAN_POINT('Ctrl Pts',(16.4355738004564,-24.2,6.9080227855925));
#15189=CARTESIAN_POINT('Ctrl Pts',(16.6288477013331,-24.2,7.10129668646925));
#15190=CARTESIAN_POINT('',(14.9732561730682,-24.2,6.98824968784323));
#15191=CARTESIAN_POINT('Ctrl Pts',(14.9732561730682,-24.2,6.98824968784323));
#15192=CARTESIAN_POINT('Ctrl Pts',(15.1373566549446,-24.2,6.88978939871734));
#15193=CARTESIAN_POINT('Ctrl Pts',(15.5348444888232,-24.2,6.75486233584112));
#15194=CARTESIAN_POINT('Ctrl Pts',(15.7499984539502,-24.2,6.75486233584112));
#15195=CARTESIAN_POINT('',(14.4627213405635,-24.2,7.36021078009659));
#15196=CARTESIAN_POINT('Ctrl Pts',(14.4627213405635,-24.2,7.36021078009659));
#15197=CARTESIAN_POINT('Ctrl Pts',(14.5465949201893,-24.2,7.28727723259593));
#15198=CARTESIAN_POINT('Ctrl Pts',(14.8091556911917,-24.2,7.08306329959409));
#15199=CARTESIAN_POINT('Ctrl Pts',(14.9732561730682,-24.2,6.98824968784323));
#15200=CARTESIAN_POINT('',(14.3423809871874,-24.2,7.36021078009659));
#15201=CARTESIAN_POINT('',(14.3423809871874,-24.2,7.36021078009659));
#15202=CARTESIAN_POINT('',(14.3423809871874,-24.2,6.28808763183689));
#15203=CARTESIAN_POINT('',(14.3423809871874,-24.2,6.28808763183689));
#15204=CARTESIAN_POINT('',(15.0024295920684,-24.2,6.02552686083452));
#15205=CARTESIAN_POINT('Ctrl Pts',(15.0024295920684,-24.2,6.02552686083452));
#15206=CARTESIAN_POINT('Ctrl Pts',(14.8383291101919,-24.2,6.07293366670995));
#15207=CARTESIAN_POINT('Ctrl Pts',(14.4590746631885,-24.2,6.22974079383637));
#15208=CARTESIAN_POINT('Ctrl Pts',(14.3423809871874,-24.2,6.28808763183689));
#15209=CARTESIAN_POINT('',(15.9396256774519,-24.2,5.9124798622085));
#15210=CARTESIAN_POINT('Ctrl Pts',(15.9396256774519,-24.2,5.9124798622085));
#15211=CARTESIAN_POINT('Ctrl Pts',(15.6588315195744,-24.2,5.9124798622085));
#15212=CARTESIAN_POINT('Ctrl Pts',(15.2066435250703,-24.2,5.97447337758406));
#15213=CARTESIAN_POINT('Ctrl Pts',(15.0024295920684,-24.2,6.02552686083452));
#15214=CARTESIAN_POINT('Ctrl Pts',(18.2516191332228,-24.2,8.25364673697968));
#15215=CARTESIAN_POINT('Ctrl Pts',(18.2516191332228,-24.2,7.18517026609501));
#15216=CARTESIAN_POINT('Ctrl Pts',(17.0008087935865,-24.2,5.9124798622085));
#15217=CARTESIAN_POINT('Ctrl Pts',(15.9396256774519,-24.2,5.9124798622085));
#15218=CARTESIAN_POINT('Ctrl Pts',(15.9432723548269,-24.2,10.5875202570008));
#15219=CARTESIAN_POINT('Ctrl Pts',(15.9432723548269,-24.9,10.5875202570008));
#15220=CARTESIAN_POINT('Ctrl Pts',(17.0044554709615,-24.2,10.5875202570008));
#15221=CARTESIAN_POINT('Ctrl Pts',(17.0044554709615,-24.9,10.5875202570008));
#15222=CARTESIAN_POINT('Ctrl Pts',(18.2516191332228,-24.2,9.3622366589897));
#15223=CARTESIAN_POINT('Ctrl Pts',(18.2516191332228,-24.9,9.3622366589897));
#15224=CARTESIAN_POINT('Ctrl Pts',(18.2516191332228,-24.2,8.25364673697968));
#15225=CARTESIAN_POINT('Ctrl Pts',(18.2516191332228,-24.9,8.25364673697968));
#15226=CARTESIAN_POINT('',(18.2516191332228,-24.9,8.25364673697968));
#15227=CARTESIAN_POINT('',(15.9432723548269,-24.9,10.5875202570008));
#15228=CARTESIAN_POINT('Ctrl Pts',(14.9951362373183,-24.2,10.4562398714996));
#15229=CARTESIAN_POINT('Ctrl Pts',(14.9951362373183,-24.9,10.4562398714996));
#15230=CARTESIAN_POINT('Ctrl Pts',(15.2175835571954,-24.2,10.5218800642502));
#15231=CARTESIAN_POINT('Ctrl Pts',(15.2175835571954,-24.9,10.5218800642502));
#15232=CARTESIAN_POINT('Ctrl Pts',(15.6041313589489,-24.2,10.5875202570008));
#15233=CARTESIAN_POINT('Ctrl Pts',(15.6041313589489,-24.9,10.5875202570008));
#15234=CARTESIAN_POINT('Ctrl Pts',(15.9432723548269,-24.2,10.5875202570008));
#15235=CARTESIAN_POINT('Ctrl Pts',(15.9432723548269,-24.9,10.5875202570008));
#15236=CARTESIAN_POINT('',(14.9951362373183,-24.9,10.4562398714996));
#15237=CARTESIAN_POINT('Ctrl Pts',(14.3423809871874,-24.2,10.2009724552473));
#15238=CARTESIAN_POINT('Ctrl Pts',(14.3423809871874,-24.9,10.2009724552473));
#15239=CARTESIAN_POINT('Ctrl Pts',(14.4736613726886,-24.2,10.2593192932478));
#15240=CARTESIAN_POINT('Ctrl Pts',(14.4736613726886,-24.9,10.2593192932478));
#15241=CARTESIAN_POINT('Ctrl Pts',(14.8128023685667,-24.2,10.4051863882491));
#15242=CARTESIAN_POINT('Ctrl Pts',(14.8128023685667,-24.9,10.4051863882491));
#15243=CARTESIAN_POINT('Ctrl Pts',(14.9951362373183,-24.2,10.4562398714996));
#15244=CARTESIAN_POINT('Ctrl Pts',(14.9951362373183,-24.9,10.4562398714996));
#15245=CARTESIAN_POINT('',(14.3423809871874,-24.9,10.2009724552473));
#15246=CARTESIAN_POINT('Origin',(14.3423809871874,-24.9,9.67220423586751));
#15247=CARTESIAN_POINT('',(14.3423809871874,-24.9,9.14343601648772));
#15248=CARTESIAN_POINT('Origin',(14.3970811478129,-24.9,9.14343601648772));
#15249=CARTESIAN_POINT('',(14.4517813084384,-24.9,9.14343601648772));
#15250=CARTESIAN_POINT('Ctrl Pts',(14.9367893993178,-24.2,9.50445707661599));
#15251=CARTESIAN_POINT('Ctrl Pts',(14.9367893993178,-24.9,9.50445707661599));
#15252=CARTESIAN_POINT('Ctrl Pts',(14.7799822721914,-24.2,9.41329014224017));
#15253=CARTESIAN_POINT('Ctrl Pts',(14.7799822721914,-24.9,9.41329014224017));
#15254=CARTESIAN_POINT('Ctrl Pts',(14.5393015654392,-24.2,9.22001624136342));
#15255=CARTESIAN_POINT('Ctrl Pts',(14.5393015654392,-24.9,9.22001624136342));
#15256=CARTESIAN_POINT('Ctrl Pts',(14.4517813084384,-24.2,9.14343601648772));
#15257=CARTESIAN_POINT('Ctrl Pts',(14.4517813084384,-24.9,9.14343601648772));
#15258=CARTESIAN_POINT('',(14.9367893993178,-24.9,9.50445707661599));
#15259=CARTESIAN_POINT('Ctrl Pts',(15.7427050992001,-24.2,9.74513778336817));
#15260=CARTESIAN_POINT('Ctrl Pts',(15.7427050992001,-24.9,9.74513778336817));
#15261=CARTESIAN_POINT('Ctrl Pts',(15.509317747198,-24.2,9.74513778336817));
#15262=CARTESIAN_POINT('Ctrl Pts',(15.509317747198,-24.9,9.74513778336817));
#15263=CARTESIAN_POINT('Ctrl Pts',(15.0826564943191,-24.2,9.59562401099182));
#15264=CARTESIAN_POINT('Ctrl Pts',(15.0826564943191,-24.9,9.59562401099182));
#15265=CARTESIAN_POINT('Ctrl Pts',(14.9367893993178,-24.2,9.50445707661599));
#15266=CARTESIAN_POINT('Ctrl Pts',(14.9367893993178,-24.9,9.50445707661599));
#15267=CARTESIAN_POINT('',(15.7427050992001,-24.9,9.74513778336817));
#15268=CARTESIAN_POINT('Ctrl Pts',(16.6069676370829,-24.2,9.42423017436527));
#15269=CARTESIAN_POINT('Ctrl Pts',(16.6069676370829,-24.9,9.42423017436527));
#15270=CARTESIAN_POINT('Ctrl Pts',(16.4209870909562,-24.2,9.59562401099182));
#15271=CARTESIAN_POINT('Ctrl Pts',(16.4209870909562,-24.9,9.59562401099182));
#15272=CARTESIAN_POINT('Ctrl Pts',(15.9687990964522,-24.2,9.74513778336817));
#15273=CARTESIAN_POINT('Ctrl Pts',(15.9687990964522,-24.9,9.74513778336817));
#15274=CARTESIAN_POINT('Ctrl Pts',(15.7427050992001,-24.2,9.74513778336817));
#15275=CARTESIAN_POINT('Ctrl Pts',(15.7427050992001,-24.9,9.74513778336817));
#15276=CARTESIAN_POINT('',(16.6069676370829,-24.9,9.42423017436527));
#15277=CARTESIAN_POINT('Ctrl Pts',(17.0299822125868,-24.2,8.25729341435471));
#15278=CARTESIAN_POINT('Ctrl Pts',(17.0299822125868,-24.9,8.25729341435471));
#15279=CARTESIAN_POINT('Ctrl Pts',(17.0299822125868,-24.2,8.6766613124835));
#15280=CARTESIAN_POINT('Ctrl Pts',(17.0299822125868,-24.9,8.6766613124835));
#15281=CARTESIAN_POINT('Ctrl Pts',(16.7965948605846,-24.2,9.24918966036368));
#15282=CARTESIAN_POINT('Ctrl Pts',(16.7965948605846,-24.9,9.24918966036368));
#15283=CARTESIAN_POINT('Ctrl Pts',(16.6069676370829,-24.2,9.42423017436527));
#15284=CARTESIAN_POINT('Ctrl Pts',(16.6069676370829,-24.9,9.42423017436527));
#15285=CARTESIAN_POINT('',(17.0299822125868,-24.9,8.25729341435471));
#15286=CARTESIAN_POINT('Ctrl Pts',(16.6288477013331,-24.2,7.10129668646925));
#15287=CARTESIAN_POINT('Ctrl Pts',(16.6288477013331,-24.9,7.10129668646925));
#15288=CARTESIAN_POINT('Ctrl Pts',(16.8038882153347,-24.2,7.2726905230958));
#15289=CARTESIAN_POINT('Ctrl Pts',(16.8038882153347,-24.9,7.2726905230958));
#15290=CARTESIAN_POINT('Ctrl Pts',(17.0299822125868,-24.2,7.85980558047611));
#15291=CARTESIAN_POINT('Ctrl Pts',(17.0299822125868,-24.9,7.85980558047611));
#15292=CARTESIAN_POINT('Ctrl Pts',(17.0299822125868,-24.2,8.25729341435471));
#15293=CARTESIAN_POINT('Ctrl Pts',(17.0299822125868,-24.9,8.25729341435471));
#15294=CARTESIAN_POINT('',(16.6288477013331,-24.9,7.10129668646925));
#15295=CARTESIAN_POINT('Ctrl Pts',(15.7499984539502,-24.2,6.75486233584112));
#15296=CARTESIAN_POINT('Ctrl Pts',(15.7499984539502,-24.9,6.75486233584112));
#15297=CARTESIAN_POINT('Ctrl Pts',(16.0052658702025,-24.2,6.75486233584112));
#15298=CARTESIAN_POINT('Ctrl Pts',(16.0052658702025,-24.9,6.75486233584112));
#15299=CARTESIAN_POINT('Ctrl Pts',(16.4355738004564,-24.2,6.9080227855925));
#15300=CARTESIAN_POINT('Ctrl Pts',(16.4355738004564,-24.9,6.9080227855925));
#15301=CARTESIAN_POINT('Ctrl Pts',(16.6288477013331,-24.2,7.10129668646925));
#15302=CARTESIAN_POINT('Ctrl Pts',(16.6288477013331,-24.9,7.10129668646925));
#15303=CARTESIAN_POINT('',(15.7499984539502,-24.9,6.75486233584112));
#15304=CARTESIAN_POINT('Ctrl Pts',(14.9732561730682,-24.2,6.98824968784323));
#15305=CARTESIAN_POINT('Ctrl Pts',(14.9732561730682,-24.9,6.98824968784323));
#15306=CARTESIAN_POINT('Ctrl Pts',(15.1373566549446,-24.2,6.88978939871734));
#15307=CARTESIAN_POINT('Ctrl Pts',(15.1373566549446,-24.9,6.88978939871734));
#15308=CARTESIAN_POINT('Ctrl Pts',(15.5348444888232,-24.2,6.75486233584112));
#15309=CARTESIAN_POINT('Ctrl Pts',(15.5348444888232,-24.9,6.75486233584112));
#15310=CARTESIAN_POINT('Ctrl Pts',(15.7499984539502,-24.2,6.75486233584112));
#15311=CARTESIAN_POINT('Ctrl Pts',(15.7499984539502,-24.9,6.75486233584112));
#15312=CARTESIAN_POINT('',(14.9732561730682,-24.9,6.98824968784323));
#15313=CARTESIAN_POINT('Ctrl Pts',(14.4627213405635,-24.2,7.36021078009659));
#15314=CARTESIAN_POINT('Ctrl Pts',(14.4627213405635,-24.9,7.36021078009659));
#15315=CARTESIAN_POINT('Ctrl Pts',(14.5465949201893,-24.2,7.28727723259593));
#15316=CARTESIAN_POINT('Ctrl Pts',(14.5465949201893,-24.9,7.28727723259593));
#15317=CARTESIAN_POINT('Ctrl Pts',(14.8091556911917,-24.2,7.08306329959409));
#15318=CARTESIAN_POINT('Ctrl Pts',(14.8091556911917,-24.9,7.08306329959409));
#15319=CARTESIAN_POINT('Ctrl Pts',(14.9732561730682,-24.2,6.98824968784323));
#15320=CARTESIAN_POINT('Ctrl Pts',(14.9732561730682,-24.9,6.98824968784323));
#15321=CARTESIAN_POINT('',(14.4627213405635,-24.9,7.36021078009659));
#15322=CARTESIAN_POINT('Origin',(14.4025511638755,-24.9,7.36021078009659));
#15323=CARTESIAN_POINT('',(14.3423809871874,-24.9,7.36021078009659));
#15324=CARTESIAN_POINT('Origin',(14.3423809871874,-24.9,6.82414920596674));
#15325=CARTESIAN_POINT('',(14.3423809871874,-24.9,6.28808763183689));
#15326=CARTESIAN_POINT('Ctrl Pts',(15.0024295920684,-24.2,6.02552686083452));
#15327=CARTESIAN_POINT('Ctrl Pts',(15.0024295920684,-24.9,6.02552686083452));
#15328=CARTESIAN_POINT('Ctrl Pts',(14.8383291101919,-24.2,6.07293366670995));
#15329=CARTESIAN_POINT('Ctrl Pts',(14.8383291101919,-24.9,6.07293366670995));
#15330=CARTESIAN_POINT('Ctrl Pts',(14.4590746631885,-24.2,6.22974079383637));
#15331=CARTESIAN_POINT('Ctrl Pts',(14.4590746631885,-24.9,6.22974079383637));
#15332=CARTESIAN_POINT('Ctrl Pts',(14.3423809871874,-24.2,6.28808763183689));
#15333=CARTESIAN_POINT('Ctrl Pts',(14.3423809871874,-24.9,6.28808763183689));
#15334=CARTESIAN_POINT('',(15.0024295920684,-24.9,6.02552686083452));
#15335=CARTESIAN_POINT('Ctrl Pts',(15.9396256774519,-24.2,5.9124798622085));
#15336=CARTESIAN_POINT('Ctrl Pts',(15.9396256774519,-24.9,5.9124798622085));
#15337=CARTESIAN_POINT('Ctrl Pts',(15.6588315195744,-24.2,5.9124798622085));
#15338=CARTESIAN_POINT('Ctrl Pts',(15.6588315195744,-24.9,5.9124798622085));
#15339=CARTESIAN_POINT('Ctrl Pts',(15.2066435250703,-24.2,5.97447337758406));
#15340=CARTESIAN_POINT('Ctrl Pts',(15.2066435250703,-24.9,5.97447337758406));
#15341=CARTESIAN_POINT('Ctrl Pts',(15.0024295920684,-24.2,6.02552686083452));
#15342=CARTESIAN_POINT('Ctrl Pts',(15.0024295920684,-24.9,6.02552686083452));
#15343=CARTESIAN_POINT('',(15.9396256774519,-24.9,5.9124798622085));
#15344=CARTESIAN_POINT('Ctrl Pts',(18.2516191332228,-24.2,8.25364673697968));
#15345=CARTESIAN_POINT('Ctrl Pts',(18.2516191332228,-24.9,8.25364673697968));
#15346=CARTESIAN_POINT('Ctrl Pts',(18.2516191332228,-24.2,7.18517026609501));
#15347=CARTESIAN_POINT('Ctrl Pts',(18.2516191332228,-24.9,7.18517026609501));
#15348=CARTESIAN_POINT('Ctrl Pts',(17.0008087935865,-24.2,5.9124798622085));
#15349=CARTESIAN_POINT('Ctrl Pts',(17.0008087935865,-24.9,5.9124798622085));
#15350=CARTESIAN_POINT('Ctrl Pts',(15.9396256774519,-24.2,5.9124798622085));
#15351=CARTESIAN_POINT('Ctrl Pts',(15.9396256774519,-24.9,5.9124798622085));
#15352=CARTESIAN_POINT('Origin',(-24.9,-24.2,0.));
#15353=CARTESIAN_POINT('',(20.2755250956869,-24.2,10.5875202570008));
#15354=CARTESIAN_POINT('',(22.5838718740828,-24.2,8.25364673697968));
#15355=CARTESIAN_POINT('Ctrl Pts',(20.2755250956869,-24.2,10.5875202570008));
#15356=CARTESIAN_POINT('Ctrl Pts',(21.3367082118215,-24.2,10.5875202570008));
#15357=CARTESIAN_POINT('Ctrl Pts',(22.5838718740828,-24.2,9.3622366589897));
#15358=CARTESIAN_POINT('Ctrl Pts',(22.5838718740828,-24.2,8.25364673697968));
#15359=CARTESIAN_POINT('',(19.3273889781783,-24.2,10.4562398714996));
#15360=CARTESIAN_POINT('Ctrl Pts',(19.3273889781783,-24.2,10.4562398714996));
#15361=CARTESIAN_POINT('Ctrl Pts',(19.5498362980553,-24.2,10.5218800642502));
#15362=CARTESIAN_POINT('Ctrl Pts',(19.9363840998088,-24.2,10.5875202570008));
#15363=CARTESIAN_POINT('Ctrl Pts',(20.2755250956869,-24.2,10.5875202570008));
#15364=CARTESIAN_POINT('',(18.6746337280474,-24.2,10.2009724552473));
#15365=CARTESIAN_POINT('Ctrl Pts',(18.6746337280474,-24.2,10.2009724552473));
#15366=CARTESIAN_POINT('Ctrl Pts',(18.8059141135486,-24.2,10.2593192932478));
#15367=CARTESIAN_POINT('Ctrl Pts',(19.1450551094267,-24.2,10.4051863882491));
#15368=CARTESIAN_POINT('Ctrl Pts',(19.3273889781783,-24.2,10.4562398714996));
#15369=CARTESIAN_POINT('',(18.6746337280474,-24.2,9.14343601648772));
#15370=CARTESIAN_POINT('',(18.6746337280474,-24.2,9.14343601648772));
#15371=CARTESIAN_POINT('',(18.7840340492984,-24.2,9.14343601648772));
#15372=CARTESIAN_POINT('',(18.7840340492984,-24.2,9.14343601648772));
#15373=CARTESIAN_POINT('',(19.2690421401778,-24.2,9.50445707661599));
#15374=CARTESIAN_POINT('Ctrl Pts',(19.2690421401778,-24.2,9.50445707661599));
#15375=CARTESIAN_POINT('Ctrl Pts',(19.1122350130514,-24.2,9.41329014224017));
#15376=CARTESIAN_POINT('Ctrl Pts',(18.8715543062992,-24.2,9.22001624136342));
#15377=CARTESIAN_POINT('Ctrl Pts',(18.7840340492984,-24.2,9.14343601648772));
#15378=CARTESIAN_POINT('',(20.0749578400601,-24.2,9.74513778336817));
#15379=CARTESIAN_POINT('Ctrl Pts',(20.0749578400601,-24.2,9.74513778336817));
#15380=CARTESIAN_POINT('Ctrl Pts',(19.841570488058,-24.2,9.74513778336817));
#15381=CARTESIAN_POINT('Ctrl Pts',(19.4149092351791,-24.2,9.59562401099182));
#15382=CARTESIAN_POINT('Ctrl Pts',(19.2690421401778,-24.2,9.50445707661599));
#15383=CARTESIAN_POINT('',(20.9392203779429,-24.2,9.42423017436527));
#15384=CARTESIAN_POINT('Ctrl Pts',(20.9392203779429,-24.2,9.42423017436527));
#15385=CARTESIAN_POINT('Ctrl Pts',(20.7532398318162,-24.2,9.59562401099182));
#15386=CARTESIAN_POINT('Ctrl Pts',(20.3010518373121,-24.2,9.74513778336817));
#15387=CARTESIAN_POINT('Ctrl Pts',(20.0749578400601,-24.2,9.74513778336817));
#15388=CARTESIAN_POINT('',(21.3622349534467,-24.2,8.25729341435471));
#15389=CARTESIAN_POINT('Ctrl Pts',(21.3622349534467,-24.2,8.25729341435471));
#15390=CARTESIAN_POINT('Ctrl Pts',(21.3622349534467,-24.2,8.6766613124835));
#15391=CARTESIAN_POINT('Ctrl Pts',(21.1288476014446,-24.2,9.24918966036368));
#15392=CARTESIAN_POINT('Ctrl Pts',(20.9392203779429,-24.2,9.42423017436527));
#15393=CARTESIAN_POINT('',(20.9611004421931,-24.2,7.10129668646925));
#15394=CARTESIAN_POINT('Ctrl Pts',(20.9611004421931,-24.2,7.10129668646925));
#15395=CARTESIAN_POINT('Ctrl Pts',(21.1361409561947,-24.2,7.2726905230958));
#15396=CARTESIAN_POINT('Ctrl Pts',(21.3622349534467,-24.2,7.85980558047611));
#15397=CARTESIAN_POINT('Ctrl Pts',(21.3622349534467,-24.2,8.25729341435471));
#15398=CARTESIAN_POINT('',(20.0822511948102,-24.2,6.75486233584112));
#15399=CARTESIAN_POINT('Ctrl Pts',(20.0822511948102,-24.2,6.75486233584112));
#15400=CARTESIAN_POINT('Ctrl Pts',(20.3375186110625,-24.2,6.75486233584112));
#15401=CARTESIAN_POINT('Ctrl Pts',(20.7678265413164,-24.2,6.9080227855925));
#15402=CARTESIAN_POINT('Ctrl Pts',(20.9611004421931,-24.2,7.10129668646925));
#15403=CARTESIAN_POINT('',(19.3055089139281,-24.2,6.98824968784323));
#15404=CARTESIAN_POINT('Ctrl Pts',(19.3055089139281,-24.2,6.98824968784323));
#15405=CARTESIAN_POINT('Ctrl Pts',(19.4696093958046,-24.2,6.88978939871734));
#15406=CARTESIAN_POINT('Ctrl Pts',(19.8670972296832,-24.2,6.75486233584112));
#15407=CARTESIAN_POINT('Ctrl Pts',(20.0822511948102,-24.2,6.75486233584112));
#15408=CARTESIAN_POINT('',(18.7949740814235,-24.2,7.36021078009659));
#15409=CARTESIAN_POINT('Ctrl Pts',(18.7949740814235,-24.2,7.36021078009659));
#15410=CARTESIAN_POINT('Ctrl Pts',(18.8788476610493,-24.2,7.28727723259593));
#15411=CARTESIAN_POINT('Ctrl Pts',(19.1414084320517,-24.2,7.08306329959409));
#15412=CARTESIAN_POINT('Ctrl Pts',(19.3055089139281,-24.2,6.98824968784323));
#15413=CARTESIAN_POINT('',(18.6746337280474,-24.2,7.36021078009659));
#15414=CARTESIAN_POINT('',(18.6746337280474,-24.2,7.36021078009659));
#15415=CARTESIAN_POINT('',(18.6746337280474,-24.2,6.28808763183689));
#15416=CARTESIAN_POINT('',(18.6746337280474,-24.2,6.28808763183689));
#15417=CARTESIAN_POINT('',(19.3346823329284,-24.2,6.02552686083452));
#15418=CARTESIAN_POINT('Ctrl Pts',(19.3346823329284,-24.2,6.02552686083452));
#15419=CARTESIAN_POINT('Ctrl Pts',(19.1705818510519,-24.2,6.07293366670995));
#15420=CARTESIAN_POINT('Ctrl Pts',(18.7913274040485,-24.2,6.22974079383637));
#15421=CARTESIAN_POINT('Ctrl Pts',(18.6746337280474,-24.2,6.28808763183689));
#15422=CARTESIAN_POINT('',(20.2718784183119,-24.2,5.9124798622085));
#15423=CARTESIAN_POINT('Ctrl Pts',(20.2718784183119,-24.2,5.9124798622085));
#15424=CARTESIAN_POINT('Ctrl Pts',(19.9910842604343,-24.2,5.9124798622085));
#15425=CARTESIAN_POINT('Ctrl Pts',(19.5388962659302,-24.2,5.97447337758406));
#15426=CARTESIAN_POINT('Ctrl Pts',(19.3346823329284,-24.2,6.02552686083452));
#15427=CARTESIAN_POINT('Ctrl Pts',(22.5838718740828,-24.2,8.25364673697968));
#15428=CARTESIAN_POINT('Ctrl Pts',(22.5838718740828,-24.2,7.18517026609501));
#15429=CARTESIAN_POINT('Ctrl Pts',(21.3330615344465,-24.2,5.9124798622085));
#15430=CARTESIAN_POINT('Ctrl Pts',(20.2718784183119,-24.2,5.9124798622085));
#15431=CARTESIAN_POINT('Ctrl Pts',(20.2755250956869,-24.2,10.5875202570008));
#15432=CARTESIAN_POINT('Ctrl Pts',(20.2755250956869,-24.9,10.5875202570008));
#15433=CARTESIAN_POINT('Ctrl Pts',(21.3367082118215,-24.2,10.5875202570008));
#15434=CARTESIAN_POINT('Ctrl Pts',(21.3367082118215,-24.9,10.5875202570008));
#15435=CARTESIAN_POINT('Ctrl Pts',(22.5838718740828,-24.2,9.3622366589897));
#15436=CARTESIAN_POINT('Ctrl Pts',(22.5838718740828,-24.9,9.3622366589897));
#15437=CARTESIAN_POINT('Ctrl Pts',(22.5838718740828,-24.2,8.25364673697968));
#15438=CARTESIAN_POINT('Ctrl Pts',(22.5838718740828,-24.9,8.25364673697968));
#15439=CARTESIAN_POINT('',(22.5838718740828,-24.9,8.25364673697968));
#15440=CARTESIAN_POINT('',(20.2755250956869,-24.9,10.5875202570008));
#15441=CARTESIAN_POINT('Ctrl Pts',(19.3273889781783,-24.2,10.4562398714996));
#15442=CARTESIAN_POINT('Ctrl Pts',(19.3273889781783,-24.9,10.4562398714996));
#15443=CARTESIAN_POINT('Ctrl Pts',(19.5498362980553,-24.2,10.5218800642502));
#15444=CARTESIAN_POINT('Ctrl Pts',(19.5498362980553,-24.9,10.5218800642502));
#15445=CARTESIAN_POINT('Ctrl Pts',(19.9363840998088,-24.2,10.5875202570008));
#15446=CARTESIAN_POINT('Ctrl Pts',(19.9363840998088,-24.9,10.5875202570008));
#15447=CARTESIAN_POINT('Ctrl Pts',(20.2755250956869,-24.2,10.5875202570008));
#15448=CARTESIAN_POINT('Ctrl Pts',(20.2755250956869,-24.9,10.5875202570008));
#15449=CARTESIAN_POINT('',(19.3273889781783,-24.9,10.4562398714996));
#15450=CARTESIAN_POINT('Ctrl Pts',(18.6746337280474,-24.2,10.2009724552473));
#15451=CARTESIAN_POINT('Ctrl Pts',(18.6746337280474,-24.9,10.2009724552473));
#15452=CARTESIAN_POINT('Ctrl Pts',(18.8059141135486,-24.2,10.2593192932478));
#15453=CARTESIAN_POINT('Ctrl Pts',(18.8059141135486,-24.9,10.2593192932478));
#15454=CARTESIAN_POINT('Ctrl Pts',(19.1450551094267,-24.2,10.4051863882491));
#15455=CARTESIAN_POINT('Ctrl Pts',(19.1450551094267,-24.9,10.4051863882491));
#15456=CARTESIAN_POINT('Ctrl Pts',(19.3273889781783,-24.2,10.4562398714996));
#15457=CARTESIAN_POINT('Ctrl Pts',(19.3273889781783,-24.9,10.4562398714996));
#15458=CARTESIAN_POINT('',(18.6746337280474,-24.9,10.2009724552473));
#15459=CARTESIAN_POINT('Origin',(18.6746337280474,-24.9,9.67220423586751));
#15460=CARTESIAN_POINT('',(18.6746337280474,-24.9,9.14343601648772));
#15461=CARTESIAN_POINT('Origin',(18.7293338886729,-24.9,9.14343601648772));
#15462=CARTESIAN_POINT('',(18.7840340492984,-24.9,9.14343601648772));
#15463=CARTESIAN_POINT('Ctrl Pts',(19.2690421401778,-24.2,9.50445707661599));
#15464=CARTESIAN_POINT('Ctrl Pts',(19.2690421401778,-24.9,9.50445707661599));
#15465=CARTESIAN_POINT('Ctrl Pts',(19.1122350130514,-24.2,9.41329014224017));
#15466=CARTESIAN_POINT('Ctrl Pts',(19.1122350130514,-24.9,9.41329014224017));
#15467=CARTESIAN_POINT('Ctrl Pts',(18.8715543062992,-24.2,9.22001624136342));
#15468=CARTESIAN_POINT('Ctrl Pts',(18.8715543062992,-24.9,9.22001624136342));
#15469=CARTESIAN_POINT('Ctrl Pts',(18.7840340492984,-24.2,9.14343601648772));
#15470=CARTESIAN_POINT('Ctrl Pts',(18.7840340492984,-24.9,9.14343601648772));
#15471=CARTESIAN_POINT('',(19.2690421401778,-24.9,9.50445707661599));
#15472=CARTESIAN_POINT('Ctrl Pts',(20.0749578400601,-24.2,9.74513778336817));
#15473=CARTESIAN_POINT('Ctrl Pts',(20.0749578400601,-24.9,9.74513778336817));
#15474=CARTESIAN_POINT('Ctrl Pts',(19.841570488058,-24.2,9.74513778336817));
#15475=CARTESIAN_POINT('Ctrl Pts',(19.841570488058,-24.9,9.74513778336817));
#15476=CARTESIAN_POINT('Ctrl Pts',(19.4149092351791,-24.2,9.59562401099182));
#15477=CARTESIAN_POINT('Ctrl Pts',(19.4149092351791,-24.9,9.59562401099182));
#15478=CARTESIAN_POINT('Ctrl Pts',(19.2690421401778,-24.2,9.50445707661599));
#15479=CARTESIAN_POINT('Ctrl Pts',(19.2690421401778,-24.9,9.50445707661599));
#15480=CARTESIAN_POINT('',(20.0749578400601,-24.9,9.74513778336817));
#15481=CARTESIAN_POINT('Ctrl Pts',(20.9392203779429,-24.2,9.42423017436527));
#15482=CARTESIAN_POINT('Ctrl Pts',(20.9392203779429,-24.9,9.42423017436527));
#15483=CARTESIAN_POINT('Ctrl Pts',(20.7532398318162,-24.2,9.59562401099182));
#15484=CARTESIAN_POINT('Ctrl Pts',(20.7532398318162,-24.9,9.59562401099182));
#15485=CARTESIAN_POINT('Ctrl Pts',(20.3010518373121,-24.2,9.74513778336817));
#15486=CARTESIAN_POINT('Ctrl Pts',(20.3010518373121,-24.9,9.74513778336817));
#15487=CARTESIAN_POINT('Ctrl Pts',(20.0749578400601,-24.2,9.74513778336817));
#15488=CARTESIAN_POINT('Ctrl Pts',(20.0749578400601,-24.9,9.74513778336817));
#15489=CARTESIAN_POINT('',(20.9392203779429,-24.9,9.42423017436527));
#15490=CARTESIAN_POINT('Ctrl Pts',(21.3622349534467,-24.2,8.25729341435471));
#15491=CARTESIAN_POINT('Ctrl Pts',(21.3622349534467,-24.9,8.25729341435471));
#15492=CARTESIAN_POINT('Ctrl Pts',(21.3622349534467,-24.2,8.6766613124835));
#15493=CARTESIAN_POINT('Ctrl Pts',(21.3622349534467,-24.9,8.6766613124835));
#15494=CARTESIAN_POINT('Ctrl Pts',(21.1288476014446,-24.2,9.24918966036368));
#15495=CARTESIAN_POINT('Ctrl Pts',(21.1288476014446,-24.9,9.24918966036368));
#15496=CARTESIAN_POINT('Ctrl Pts',(20.9392203779429,-24.2,9.42423017436527));
#15497=CARTESIAN_POINT('Ctrl Pts',(20.9392203779429,-24.9,9.42423017436527));
#15498=CARTESIAN_POINT('',(21.3622349534467,-24.9,8.25729341435471));
#15499=CARTESIAN_POINT('Ctrl Pts',(20.9611004421931,-24.2,7.10129668646925));
#15500=CARTESIAN_POINT('Ctrl Pts',(20.9611004421931,-24.9,7.10129668646925));
#15501=CARTESIAN_POINT('Ctrl Pts',(21.1361409561947,-24.2,7.2726905230958));
#15502=CARTESIAN_POINT('Ctrl Pts',(21.1361409561947,-24.9,7.2726905230958));
#15503=CARTESIAN_POINT('Ctrl Pts',(21.3622349534467,-24.2,7.85980558047611));
#15504=CARTESIAN_POINT('Ctrl Pts',(21.3622349534467,-24.9,7.85980558047611));
#15505=CARTESIAN_POINT('Ctrl Pts',(21.3622349534467,-24.2,8.25729341435471));
#15506=CARTESIAN_POINT('Ctrl Pts',(21.3622349534467,-24.9,8.25729341435471));
#15507=CARTESIAN_POINT('',(20.9611004421931,-24.9,7.10129668646925));
#15508=CARTESIAN_POINT('Ctrl Pts',(20.0822511948102,-24.2,6.75486233584112));
#15509=CARTESIAN_POINT('Ctrl Pts',(20.0822511948102,-24.9,6.75486233584112));
#15510=CARTESIAN_POINT('Ctrl Pts',(20.3375186110625,-24.2,6.75486233584112));
#15511=CARTESIAN_POINT('Ctrl Pts',(20.3375186110625,-24.9,6.75486233584112));
#15512=CARTESIAN_POINT('Ctrl Pts',(20.7678265413164,-24.2,6.9080227855925));
#15513=CARTESIAN_POINT('Ctrl Pts',(20.7678265413164,-24.9,6.9080227855925));
#15514=CARTESIAN_POINT('Ctrl Pts',(20.9611004421931,-24.2,7.10129668646925));
#15515=CARTESIAN_POINT('Ctrl Pts',(20.9611004421931,-24.9,7.10129668646925));
#15516=CARTESIAN_POINT('',(20.0822511948102,-24.9,6.75486233584112));
#15517=CARTESIAN_POINT('Ctrl Pts',(19.3055089139281,-24.2,6.98824968784323));
#15518=CARTESIAN_POINT('Ctrl Pts',(19.3055089139281,-24.9,6.98824968784323));
#15519=CARTESIAN_POINT('Ctrl Pts',(19.4696093958046,-24.2,6.88978939871734));
#15520=CARTESIAN_POINT('Ctrl Pts',(19.4696093958046,-24.9,6.88978939871734));
#15521=CARTESIAN_POINT('Ctrl Pts',(19.8670972296832,-24.2,6.75486233584112));
#15522=CARTESIAN_POINT('Ctrl Pts',(19.8670972296832,-24.9,6.75486233584112));
#15523=CARTESIAN_POINT('Ctrl Pts',(20.0822511948102,-24.2,6.75486233584112));
#15524=CARTESIAN_POINT('Ctrl Pts',(20.0822511948102,-24.9,6.75486233584112));
#15525=CARTESIAN_POINT('',(19.3055089139281,-24.9,6.98824968784323));
#15526=CARTESIAN_POINT('Ctrl Pts',(18.7949740814235,-24.2,7.36021078009659));
#15527=CARTESIAN_POINT('Ctrl Pts',(18.7949740814235,-24.9,7.36021078009659));
#15528=CARTESIAN_POINT('Ctrl Pts',(18.8788476610493,-24.2,7.28727723259593));
#15529=CARTESIAN_POINT('Ctrl Pts',(18.8788476610493,-24.9,7.28727723259593));
#15530=CARTESIAN_POINT('Ctrl Pts',(19.1414084320517,-24.2,7.08306329959409));
#15531=CARTESIAN_POINT('Ctrl Pts',(19.1414084320517,-24.9,7.08306329959409));
#15532=CARTESIAN_POINT('Ctrl Pts',(19.3055089139281,-24.2,6.98824968784323));
#15533=CARTESIAN_POINT('Ctrl Pts',(19.3055089139281,-24.9,6.98824968784323));
#15534=CARTESIAN_POINT('',(18.7949740814235,-24.9,7.36021078009659));
#15535=CARTESIAN_POINT('Origin',(18.7348039047355,-24.9,7.36021078009659));
#15536=CARTESIAN_POINT('',(18.6746337280474,-24.9,7.36021078009659));
#15537=CARTESIAN_POINT('Origin',(18.6746337280474,-24.9,6.82414920596674));
#15538=CARTESIAN_POINT('',(18.6746337280474,-24.9,6.28808763183689));
#15539=CARTESIAN_POINT('Ctrl Pts',(19.3346823329284,-24.2,6.02552686083452));
#15540=CARTESIAN_POINT('Ctrl Pts',(19.3346823329284,-24.9,6.02552686083452));
#15541=CARTESIAN_POINT('Ctrl Pts',(19.1705818510519,-24.2,6.07293366670995));
#15542=CARTESIAN_POINT('Ctrl Pts',(19.1705818510519,-24.9,6.07293366670995));
#15543=CARTESIAN_POINT('Ctrl Pts',(18.7913274040485,-24.2,6.22974079383637));
#15544=CARTESIAN_POINT('Ctrl Pts',(18.7913274040485,-24.9,6.22974079383637));
#15545=CARTESIAN_POINT('Ctrl Pts',(18.6746337280474,-24.2,6.28808763183689));
#15546=CARTESIAN_POINT('Ctrl Pts',(18.6746337280474,-24.9,6.28808763183689));
#15547=CARTESIAN_POINT('',(19.3346823329284,-24.9,6.02552686083452));
#15548=CARTESIAN_POINT('Ctrl Pts',(20.2718784183119,-24.2,5.9124798622085));
#15549=CARTESIAN_POINT('Ctrl Pts',(20.2718784183119,-24.9,5.9124798622085));
#15550=CARTESIAN_POINT('Ctrl Pts',(19.9910842604343,-24.2,5.9124798622085));
#15551=CARTESIAN_POINT('Ctrl Pts',(19.9910842604343,-24.9,5.9124798622085));
#15552=CARTESIAN_POINT('Ctrl Pts',(19.5388962659302,-24.2,5.97447337758406));
#15553=CARTESIAN_POINT('Ctrl Pts',(19.5388962659302,-24.9,5.97447337758406));
#15554=CARTESIAN_POINT('Ctrl Pts',(19.3346823329284,-24.2,6.02552686083452));
#15555=CARTESIAN_POINT('Ctrl Pts',(19.3346823329284,-24.9,6.02552686083452));
#15556=CARTESIAN_POINT('',(20.2718784183119,-24.9,5.9124798622085));
#15557=CARTESIAN_POINT('Ctrl Pts',(22.5838718740828,-24.2,8.25364673697968));
#15558=CARTESIAN_POINT('Ctrl Pts',(22.5838718740828,-24.9,8.25364673697968));
#15559=CARTESIAN_POINT('Ctrl Pts',(22.5838718740828,-24.2,7.18517026609501));
#15560=CARTESIAN_POINT('Ctrl Pts',(22.5838718740828,-24.9,7.18517026609501));
#15561=CARTESIAN_POINT('Ctrl Pts',(21.3330615344465,-24.2,5.9124798622085));
#15562=CARTESIAN_POINT('Ctrl Pts',(21.3330615344465,-24.9,5.9124798622085));
#15563=CARTESIAN_POINT('Ctrl Pts',(20.2718784183119,-24.2,5.9124798622085));
#15564=CARTESIAN_POINT('Ctrl Pts',(20.2718784183119,-24.9,5.9124798622085));
#15565=CARTESIAN_POINT('Origin',(9.39566325547242,-24.9,8.25000005960464));
#15566=CARTESIAN_POINT('',(10.1596420187038,-24.2,6.13146119707086));
#15567=CARTESIAN_POINT('',(10.1596420187038,-24.9,6.13146119707086));
#15568=CARTESIAN_POINT('',(8.58427753952758,-24.2,10.5));
#15569=CARTESIAN_POINT('',(8.58427753952758,-24.9,10.5));
#15570=CARTESIAN_POINT('',(8.58427753952758,-24.2,10.5));
#15571=CARTESIAN_POINT('Origin',(6.54031487082159,-24.9,8.25000005960464));
#15572=CARTESIAN_POINT('',(5.72892915487675,-24.2,6.00000011920929));
#15573=CARTESIAN_POINT('',(7.35170058676643,-24.2,10.5));
#15574=CARTESIAN_POINT('',(5.72892915487675,-24.2,6.00000011920929));
#15575=CARTESIAN_POINT('',(7.35170058676643,-24.9,10.5));
#15576=CARTESIAN_POINT('',(5.72892915487675,-24.9,6.00000011920929));
#15577=CARTESIAN_POINT('Origin',(6.32698424438216,-24.9,6.00000011920929));
#15578=CARTESIAN_POINT('',(6.92503933388757,-24.2,6.00000011920929));
#15579=CARTESIAN_POINT('',(6.92503933388757,-24.2,6.00000011920929));
#15580=CARTESIAN_POINT('',(6.92503933388757,-24.9,6.00000011920929));
#15581=CARTESIAN_POINT('Origin',(7.43922084376722,-24.9,7.52431126197308));
#15582=CARTESIAN_POINT('',(7.95340235364687,-24.2,9.04862240473687));
#15583=CARTESIAN_POINT('',(7.95340235364687,-24.2,9.04862240473687));
#15584=CARTESIAN_POINT('',(7.95340235364687,-24.9,9.04862240473687));
#15585=CARTESIAN_POINT('Origin',(8.46576052483901,-24.9,7.52431126197308));
#15586=CARTESIAN_POINT('',(8.97811869603114,-24.2,6.00000011920929));
#15587=CARTESIAN_POINT('',(8.97811869603114,-24.2,6.00000011920929));
#15588=CARTESIAN_POINT('',(8.97811869603114,-24.9,6.00000011920929));
#15589=CARTESIAN_POINT('Origin',(7.96798906314701,-24.9,10.5));
#15590=CARTESIAN_POINT('',(7.35170058676643,-24.2,10.5));
#15591=CARTESIAN_POINT('Origin',(12.1452578494093,-24.9,6.00000011920929));
#15592=CARTESIAN_POINT('',(14.1308736801147,-24.2,6.00000011920929));
#15593=CARTESIAN_POINT('',(14.1308736801147,-24.2,6.00000011920929));
#15594=CARTESIAN_POINT('',(14.1308736801147,-24.9,6.00000011920929));
#15595=CARTESIAN_POINT('Origin',(-24.9,-24.2,0.));
#15596=CARTESIAN_POINT('',(10.1596420187038,-24.2,6.85696930234204));
#15597=CARTESIAN_POINT('',(10.1596420187038,-24.2,6.00000011920929));
#15598=CARTESIAN_POINT('',(14.1308736801147,-24.2,6.85696930234204));
#15599=CARTESIAN_POINT('',(14.1308736801147,-24.2,6.85696930234204));
#15600=CARTESIAN_POINT('',(12.7378429228521,-24.2,6.85696930234204));
#15601=CARTESIAN_POINT('',(12.7378429228521,-24.2,6.85696930234204));
#15602=CARTESIAN_POINT('',(12.7378429228521,-24.2,10.5));
#15603=CARTESIAN_POINT('',(12.7378429228521,-24.2,10.5));
#15604=CARTESIAN_POINT('',(11.5526727759664,-24.2,10.5));
#15605=CARTESIAN_POINT('',(11.5526727759664,-24.2,10.5));
#15606=CARTESIAN_POINT('',(11.5526727759664,-24.2,6.85696930234204));
#15607=CARTESIAN_POINT('',(11.5526727759664,-24.2,6.85696930234204));
#15608=CARTESIAN_POINT('',(10.1596420187038,-24.2,6.85696930234204));
#15609=CARTESIAN_POINT('Origin',(12.7378429228521,-24.9,8.67848465117102));
#15610=CARTESIAN_POINT('',(12.7378429228521,-24.9,6.85696930234204));
#15611=CARTESIAN_POINT('',(12.7378429228521,-24.9,10.5));
#15612=CARTESIAN_POINT('Origin',(12.1452578494093,-24.9,10.5));
#15613=CARTESIAN_POINT('',(11.5526727759664,-24.9,10.5));
#15614=CARTESIAN_POINT('Origin',(11.5526727759664,-24.9,8.67848465117102));
#15615=CARTESIAN_POINT('',(11.5526727759664,-24.9,6.85696930234204));
#15616=CARTESIAN_POINT('Origin',(10.8561573973351,-24.9,6.85696930234204));
#15617=CARTESIAN_POINT('',(10.1596420187038,-24.9,6.85696930234204));
#15618=CARTESIAN_POINT('Origin',(10.1596420187038,-24.9,6.42848471077566));
#15619=CARTESIAN_POINT('Origin',(14.1308736801147,-24.9,6.42848471077566));
#15620=CARTESIAN_POINT('',(14.1308736801147,-24.9,6.85696930234204));
#15621=CARTESIAN_POINT('Origin',(13.4343583014834,-24.9,6.85696930234204));
#15622=CARTESIAN_POINT('Origin',(-24.9,-24.2,0.));
#15623=CARTESIAN_POINT('',(0.0437590325284341,-24.2,10.5));
#15624=CARTESIAN_POINT('',(3.16166818818164,-24.2,10.5));
#15625=CARTESIAN_POINT('',(0.0437590325284341,-24.2,10.5));
#15626=CARTESIAN_POINT('',(0.0437590325284341,-24.2,9.71596436436791));
#15627=CARTESIAN_POINT('',(0.0437590325284341,-24.2,9.71596436436791));
#15628=CARTESIAN_POINT('',(1.01742189166224,-24.2,9.71596436436791));
#15629=CARTESIAN_POINT('',(1.01742189166224,-24.2,9.71596436436791));
#15630=CARTESIAN_POINT('',(1.01742189166224,-24.2,5.98906008708419));
#15631=CARTESIAN_POINT('',(1.01742189166224,-24.2,5.98906008708419));
#15632=CARTESIAN_POINT('',(2.04943158879658,-24.2,5.98906008708419));
#15633=CARTESIAN_POINT('',(2.04943158879658,-24.2,5.98906008708419));
#15634=CARTESIAN_POINT('',(2.38127922992458,-24.2,6.48865488746371));
#15635=CARTESIAN_POINT('Ctrl Pts',(2.38127922992458,-24.2,6.48865488746371));
#15636=CARTESIAN_POINT('Ctrl Pts',(2.2281187801732,-24.2,6.41572133996305));
#15637=CARTESIAN_POINT('Ctrl Pts',(2.06037162092168,-24.2,6.17139395583584));
#15638=CARTESIAN_POINT('Ctrl Pts',(2.04943158879658,-24.2,5.98906008708419));
#15639=CARTESIAN_POINT('',(3.16166818818164,-24.2,6.60170188608973));
#15640=CARTESIAN_POINT('Ctrl Pts',(3.16166818818164,-24.2,6.60170188608973));
#15641=CARTESIAN_POINT('Ctrl Pts',(2.94286754567966,-24.2,6.60170188608973));
#15642=CARTESIAN_POINT('Ctrl Pts',(2.51255961542577,-24.2,6.54700172546424));
#15643=CARTESIAN_POINT('Ctrl Pts',(2.38127922992458,-24.2,6.48865488746371));
#15644=CARTESIAN_POINT('',(3.16166818818164,-24.2,7.33468403847136));
#15645=CARTESIAN_POINT('',(3.16166818818164,-24.2,7.33468403847136));
#15646=CARTESIAN_POINT('',(2.16612526479763,-24.2,7.33468403847136));
#15647=CARTESIAN_POINT('',(2.16612526479763,-24.2,7.33468403847136));
#15648=CARTESIAN_POINT('',(2.16612526479763,-24.2,9.71596436436791));
#15649=CARTESIAN_POINT('',(2.16612526479763,-24.2,9.71596436436791));
#15650=CARTESIAN_POINT('',(3.16166818818164,-24.2,9.71596436436791));
#15651=CARTESIAN_POINT('',(3.16166818818164,-24.2,9.71596436436791));
#15652=CARTESIAN_POINT('',(3.16166818818164,-24.2,10.5));
#15653=CARTESIAN_POINT('Origin',(1.60271361035504,-24.9,10.5));
#15654=CARTESIAN_POINT('',(3.16166818818164,-24.9,10.5));
#15655=CARTESIAN_POINT('',(0.0437590325284343,-24.9,10.5));
#15656=CARTESIAN_POINT('Origin',(0.0437590325284343,-24.9,10.107982182184));
#15657=CARTESIAN_POINT('',(0.0437590325284343,-24.9,9.71596436436791));
#15658=CARTESIAN_POINT('Origin',(0.530590462095339,-24.9,9.71596436436791));
#15659=CARTESIAN_POINT('',(1.01742189166224,-24.9,9.71596436436791));
#15660=CARTESIAN_POINT('Origin',(1.01742189166224,-24.9,7.85251222572605));
#15661=CARTESIAN_POINT('',(1.01742189166224,-24.9,5.98906008708419));
#15662=CARTESIAN_POINT('Origin',(1.53342674022941,-24.9,5.98906008708419));
#15663=CARTESIAN_POINT('',(2.04943158879658,-24.9,5.98906008708419));
#15664=CARTESIAN_POINT('Ctrl Pts',(2.38127922992458,-24.2,6.48865488746371));
#15665=CARTESIAN_POINT('Ctrl Pts',(2.38127922992458,-24.9,6.48865488746371));
#15666=CARTESIAN_POINT('Ctrl Pts',(2.2281187801732,-24.2,6.41572133996305));
#15667=CARTESIAN_POINT('Ctrl Pts',(2.2281187801732,-24.9,6.41572133996305));
#15668=CARTESIAN_POINT('Ctrl Pts',(2.06037162092168,-24.2,6.17139395583584));
#15669=CARTESIAN_POINT('Ctrl Pts',(2.06037162092168,-24.9,6.17139395583584));
#15670=CARTESIAN_POINT('Ctrl Pts',(2.04943158879658,-24.2,5.98906008708419));
#15671=CARTESIAN_POINT('Ctrl Pts',(2.04943158879658,-24.9,5.98906008708419));
#15672=CARTESIAN_POINT('',(2.38127922992458,-24.9,6.48865488746371));
#15673=CARTESIAN_POINT('Ctrl Pts',(3.16166818818164,-24.2,6.60170188608973));
#15674=CARTESIAN_POINT('Ctrl Pts',(3.16166818818164,-24.9,6.60170188608973));
#15675=CARTESIAN_POINT('Ctrl Pts',(2.94286754567966,-24.2,6.60170188608973));
#15676=CARTESIAN_POINT('Ctrl Pts',(2.94286754567966,-24.9,6.60170188608973));
#15677=CARTESIAN_POINT('Ctrl Pts',(2.51255961542577,-24.2,6.54700172546424));
#15678=CARTESIAN_POINT('Ctrl Pts',(2.51255961542577,-24.9,6.54700172546424));
#15679=CARTESIAN_POINT('Ctrl Pts',(2.38127922992458,-24.2,6.48865488746371));
#15680=CARTESIAN_POINT('Ctrl Pts',(2.38127922992458,-24.9,6.48865488746371));
#15681=CARTESIAN_POINT('',(3.16166818818164,-24.9,6.60170188608973));
#15682=CARTESIAN_POINT('Origin',(3.16166818818164,-24.9,6.96819296228055));
#15683=CARTESIAN_POINT('',(3.16166818818164,-24.9,7.33468403847136));
#15684=CARTESIAN_POINT('Origin',(2.66389672648964,-24.9,7.33468403847136));
#15685=CARTESIAN_POINT('',(2.16612526479763,-24.9,7.33468403847136));
#15686=CARTESIAN_POINT('Origin',(2.16612526479763,-24.9,8.52532420141963));
#15687=CARTESIAN_POINT('',(2.16612526479763,-24.9,9.71596436436791));
#15688=CARTESIAN_POINT('Origin',(2.66389672648964,-24.9,9.71596436436791));
#15689=CARTESIAN_POINT('',(3.16166818818164,-24.9,9.71596436436791));
#15690=CARTESIAN_POINT('Origin',(3.16166818818164,-24.9,10.107982182184));
#15691=CARTESIAN_POINT('Origin',(-24.9,-24.2,0.));
#15692=CARTESIAN_POINT('',(-21.3768241654725,-24.2,10.5));
#15693=CARTESIAN_POINT('',(-21.3768241654725,-24.2,8.80429502060966));
#15694=CARTESIAN_POINT('',(-21.3768241654725,-24.2,10.5));
#15695=CARTESIAN_POINT('',(-22.4927074422326,-24.2,10.5));
#15696=CARTESIAN_POINT('',(-22.4927074422326,-24.2,10.5));
#15697=CARTESIAN_POINT('',(-22.4927074422326,-24.2,8.29011351073001));
#15698=CARTESIAN_POINT('',(-22.4927074422326,-24.2,8.29011351073001));
#15699=CARTESIAN_POINT('',(-22.1936798974799,-24.2,7.3164506515962));
#15700=CARTESIAN_POINT('Ctrl Pts',(-22.1936798974799,-24.2,7.3164506515962));
#15701=CARTESIAN_POINT('Ctrl Pts',(-22.3431936698563,-24.2,7.48055113347268));
#15702=CARTESIAN_POINT('Ctrl Pts',(-22.4927074422326,-24.2,7.92909245060174));
#15703=CARTESIAN_POINT('Ctrl Pts',(-22.4927074422326,-24.2,8.29011351073001));
#15704=CARTESIAN_POINT('',(-21.4205842939729,-24.2,7.01377642946846));
#15705=CARTESIAN_POINT('Ctrl Pts',(-21.4205842939729,-24.2,7.01377642946846));
#15706=CARTESIAN_POINT('Ctrl Pts',(-21.6685583554752,-24.2,7.01377642946846));
#15707=CARTESIAN_POINT('Ctrl Pts',(-22.0587528346037,-24.2,7.16329020184481));
#15708=CARTESIAN_POINT('Ctrl Pts',(-22.1936798974799,-24.2,7.3164506515962));
#15709=CARTESIAN_POINT('',(-20.2427075018373,-24.2,7.60453816422381));
#15710=CARTESIAN_POINT('Ctrl Pts',(-20.2427075018373,-24.2,7.6045381642238));
#15711=CARTESIAN_POINT('Ctrl Pts',(-20.5636151108402,-24.2,7.32009732897123));
#15712=CARTESIAN_POINT('Ctrl Pts',(-21.1288501039703,-24.2,7.01377642946846));
#15713=CARTESIAN_POINT('Ctrl Pts',(-21.4205842939729,-24.2,7.01377642946846));
#15714=CARTESIAN_POINT('',(-19.2909247069537,-24.2,7.01377642946846));
#15715=CARTESIAN_POINT('Ctrl Pts',(-19.2909247069537,-24.2,7.01377642946846));
#15716=CARTESIAN_POINT('Ctrl Pts',(-19.6191256707066,-24.2,7.01377642946846));
#15717=CARTESIAN_POINT('Ctrl Pts',(-20.1114271163361,-24.2,7.30915729684613));
#15718=CARTESIAN_POINT('Ctrl Pts',(-20.2427075018373,-24.2,7.6045381642238));
#15719=CARTESIAN_POINT('',(-18.2333882681941,-24.2,7.48055113347268));
#15720=CARTESIAN_POINT('Ctrl Pts',(-18.2333882681941,-24.2,7.48055113347268));
#15721=CARTESIAN_POINT('Ctrl Pts',(-18.5068890713216,-24.2,7.2617504909707));
#15722=CARTESIAN_POINT('Ctrl Pts',(-18.9882504848259,-24.2,7.01377642946846));
#15723=CARTESIAN_POINT('Ctrl Pts',(-19.2909247069537,-24.2,7.01377642946846));
#15724=CARTESIAN_POINT('',(-18.2333882681941,-24.2,7.10494336384428));
#15725=CARTESIAN_POINT('',(-18.2333882681941,-24.2,7.10494336384428));
#15726=CARTESIAN_POINT('',(-17.1247983461841,-24.2,7.10494336384428));
#15727=CARTESIAN_POINT('',(-17.1247983461841,-24.2,7.10494336384428));
#15728=CARTESIAN_POINT('',(-17.1247983461841,-24.2,10.5));
#15729=CARTESIAN_POINT('',(-17.1247983461841,-24.2,10.5));
#15730=CARTESIAN_POINT('',(-18.2333882681941,-24.2,10.5));
#15731=CARTESIAN_POINT('',(-18.2333882681941,-24.2,10.5));
#15732=CARTESIAN_POINT('',(-18.2333882681941,-24.2,8.09683960985326));
#15733=CARTESIAN_POINT('',(-18.2333882681941,-24.2,8.09683960985326));
#15734=CARTESIAN_POINT('',(-18.7548631328238,-24.2,7.89262567685141));
#15735=CARTESIAN_POINT('Ctrl Pts',(-18.7548631328238,-24.2,7.89262567685141));
#15736=CARTESIAN_POINT('Ctrl Pts',(-18.6199360699476,-24.2,7.89262567685141));
#15737=CARTESIAN_POINT('Ctrl Pts',(-18.3573752989452,-24.2,8.0129660302275));
#15738=CARTESIAN_POINT('Ctrl Pts',(-18.2333882681941,-24.2,8.09683960985326));
#15739=CARTESIAN_POINT('',(-19.1815243857027,-24.2,8.10048628722829));
#15740=CARTESIAN_POINT('Ctrl Pts',(-19.1815243857027,-24.2,8.10048628722829));
#15741=CARTESIAN_POINT('Ctrl Pts',(-19.1341175798272,-24.2,7.9910859659773));
#15742=CARTESIAN_POINT('Ctrl Pts',(-18.9335503242004,-24.2,7.89262567685141));
#15743=CARTESIAN_POINT('Ctrl Pts',(-18.7548631328238,-24.2,7.89262567685141));
#15744=CARTESIAN_POINT('',(-19.2508112558283,-24.2,8.80429502060966));
#15745=CARTESIAN_POINT('Ctrl Pts',(-19.2508112558283,-24.2,8.80429502060966));
#15746=CARTESIAN_POINT('Ctrl Pts',(-19.2508112558283,-24.2,8.55632095910742));
#15747=CARTESIAN_POINT('Ctrl Pts',(-19.2289311915781,-24.2,8.20988660847928));
#15748=CARTESIAN_POINT('Ctrl Pts',(-19.1815243857027,-24.2,8.10048628722829));
#15749=CARTESIAN_POINT('',(-19.2508112558283,-24.2,10.5));
#15750=CARTESIAN_POINT('',(-19.2508112558283,-24.2,10.5));
#15751=CARTESIAN_POINT('',(-20.3666945325884,-24.2,10.5));
#15752=CARTESIAN_POINT('',(-20.3666945325884,-24.2,10.5));
#15753=CARTESIAN_POINT('',(-20.3666945325884,-24.2,8.09683960985326));
#15754=CARTESIAN_POINT('',(-20.3666945325884,-24.2,8.09683960985326));
#15755=CARTESIAN_POINT('',(-20.8845227198431,-24.2,7.89262567685141));
#15756=CARTESIAN_POINT('Ctrl Pts',(-20.8845227198431,-24.2,7.89262567685141));
#15757=CARTESIAN_POINT('Ctrl Pts',(-20.7568890117169,-24.2,7.89262567685141));
#15758=CARTESIAN_POINT('Ctrl Pts',(-20.5125616275897,-24.2,7.99837932072737));
#15759=CARTESIAN_POINT('Ctrl Pts',(-20.3666945325884,-24.2,8.09683960985326));
#15760=CARTESIAN_POINT('',(-21.3111839727219,-24.2,8.10048628722829));
#15761=CARTESIAN_POINT('Ctrl Pts',(-21.3111839727219,-24.2,8.10048628722829));
#15762=CARTESIAN_POINT('Ctrl Pts',(-21.2637771668465,-24.2,7.9910859659773));
#15763=CARTESIAN_POINT('Ctrl Pts',(-21.0632099112197,-24.2,7.89262567685141));
#15764=CARTESIAN_POINT('Ctrl Pts',(-20.8845227198431,-24.2,7.89262567685141));
#15765=CARTESIAN_POINT('Ctrl Pts',(-21.3768241654725,-24.2,8.80429502060966));
#15766=CARTESIAN_POINT('Ctrl Pts',(-21.3768241654725,-24.2,8.55267428173238));
#15767=CARTESIAN_POINT('Ctrl Pts',(-21.3585907785974,-24.2,8.20988660847928));
#15768=CARTESIAN_POINT('Ctrl Pts',(-21.3111839727219,-24.2,8.10048628722829));
#15769=CARTESIAN_POINT('Origin',(-21.3768241654725,-24.9,9.65214751030483));
#15770=CARTESIAN_POINT('',(-21.3768241654725,-24.9,8.80429502060966));
#15771=CARTESIAN_POINT('',(-21.3768241654725,-24.9,10.5));
#15772=CARTESIAN_POINT('Origin',(-21.9347658038526,-24.9,10.5));
#15773=CARTESIAN_POINT('',(-22.4927074422326,-24.9,10.5));
#15774=CARTESIAN_POINT('Origin',(-22.4927074422326,-24.9,9.395056755365));
#15775=CARTESIAN_POINT('',(-22.4927074422326,-24.9,8.29011351073001));
#15776=CARTESIAN_POINT('Ctrl Pts',(-22.1936798974799,-24.2,7.3164506515962));
#15777=CARTESIAN_POINT('Ctrl Pts',(-22.1936798974799,-24.9,7.3164506515962));
#15778=CARTESIAN_POINT('Ctrl Pts',(-22.3431936698563,-24.2,7.48055113347268));
#15779=CARTESIAN_POINT('Ctrl Pts',(-22.3431936698563,-24.9,7.48055113347268));
#15780=CARTESIAN_POINT('Ctrl Pts',(-22.4927074422326,-24.2,7.92909245060174));
#15781=CARTESIAN_POINT('Ctrl Pts',(-22.4927074422326,-24.9,7.92909245060174));
#15782=CARTESIAN_POINT('Ctrl Pts',(-22.4927074422326,-24.2,8.29011351073001));
#15783=CARTESIAN_POINT('Ctrl Pts',(-22.4927074422326,-24.9,8.29011351073001));
#15784=CARTESIAN_POINT('',(-22.1936798974799,-24.9,7.3164506515962));
#15785=CARTESIAN_POINT('Ctrl Pts',(-21.4205842939729,-24.2,7.01377642946846));
#15786=CARTESIAN_POINT('Ctrl Pts',(-21.4205842939729,-24.9,7.01377642946846));
#15787=CARTESIAN_POINT('Ctrl Pts',(-21.6685583554752,-24.2,7.01377642946846));
#15788=CARTESIAN_POINT('Ctrl Pts',(-21.6685583554752,-24.9,7.01377642946846));
#15789=CARTESIAN_POINT('Ctrl Pts',(-22.0587528346037,-24.2,7.16329020184481));
#15790=CARTESIAN_POINT('Ctrl Pts',(-22.0587528346037,-24.9,7.16329020184481));
#15791=CARTESIAN_POINT('Ctrl Pts',(-22.1936798974799,-24.2,7.3164506515962));
#15792=CARTESIAN_POINT('Ctrl Pts',(-22.1936798974799,-24.9,7.3164506515962));
#15793=CARTESIAN_POINT('',(-21.4205842939729,-24.9,7.01377642946846));
#15794=CARTESIAN_POINT('Ctrl Pts',(-20.2427075018373,-24.2,7.6045381642238));
#15795=CARTESIAN_POINT('Ctrl Pts',(-20.2427075018373,-24.9,7.6045381642238));
#15796=CARTESIAN_POINT('Ctrl Pts',(-20.5636151108402,-24.2,7.32009732897123));
#15797=CARTESIAN_POINT('Ctrl Pts',(-20.5636151108402,-24.9,7.32009732897123));
#15798=CARTESIAN_POINT('Ctrl Pts',(-21.1288501039703,-24.2,7.01377642946846));
#15799=CARTESIAN_POINT('Ctrl Pts',(-21.1288501039703,-24.9,7.01377642946846));
#15800=CARTESIAN_POINT('Ctrl Pts',(-21.4205842939729,-24.2,7.01377642946846));
#15801=CARTESIAN_POINT('Ctrl Pts',(-21.4205842939729,-24.9,7.01377642946846));
#15802=CARTESIAN_POINT('',(-20.2427075018373,-24.9,7.60453816422381));
#15803=CARTESIAN_POINT('Ctrl Pts',(-19.2909247069537,-24.2,7.01377642946846));
#15804=CARTESIAN_POINT('Ctrl Pts',(-19.2909247069537,-24.9,7.01377642946846));
#15805=CARTESIAN_POINT('Ctrl Pts',(-19.6191256707066,-24.2,7.01377642946846));
#15806=CARTESIAN_POINT('Ctrl Pts',(-19.6191256707066,-24.9,7.01377642946846));
#15807=CARTESIAN_POINT('Ctrl Pts',(-20.1114271163361,-24.2,7.30915729684613));
#15808=CARTESIAN_POINT('Ctrl Pts',(-20.1114271163361,-24.9,7.30915729684613));
#15809=CARTESIAN_POINT('Ctrl Pts',(-20.2427075018373,-24.2,7.6045381642238));
#15810=CARTESIAN_POINT('Ctrl Pts',(-20.2427075018373,-24.9,7.6045381642238));
#15811=CARTESIAN_POINT('',(-19.2909247069537,-24.9,7.01377642946846));
#15812=CARTESIAN_POINT('Ctrl Pts',(-18.2333882681941,-24.2,7.48055113347268));
#15813=CARTESIAN_POINT('Ctrl Pts',(-18.2333882681941,-24.9,7.48055113347268));
#15814=CARTESIAN_POINT('Ctrl Pts',(-18.5068890713216,-24.2,7.2617504909707));
#15815=CARTESIAN_POINT('Ctrl Pts',(-18.5068890713216,-24.9,7.2617504909707));
#15816=CARTESIAN_POINT('Ctrl Pts',(-18.9882504848259,-24.2,7.01377642946846));
#15817=CARTESIAN_POINT('Ctrl Pts',(-18.9882504848259,-24.9,7.01377642946846));
#15818=CARTESIAN_POINT('Ctrl Pts',(-19.2909247069537,-24.2,7.01377642946846));
#15819=CARTESIAN_POINT('Ctrl Pts',(-19.2909247069537,-24.9,7.01377642946846));
#15820=CARTESIAN_POINT('',(-18.2333882681941,-24.9,7.48055113347268));
#15821=CARTESIAN_POINT('Origin',(-18.2333882681941,-24.9,7.29274724865848));
#15822=CARTESIAN_POINT('',(-18.2333882681941,-24.9,7.10494336384428));
#15823=CARTESIAN_POINT('Origin',(-17.6790933071891,-24.9,7.10494336384428));
#15824=CARTESIAN_POINT('',(-17.1247983461841,-24.9,7.10494336384428));
#15825=CARTESIAN_POINT('Origin',(-17.1247983461841,-24.9,8.80247168192214));
#15826=CARTESIAN_POINT('',(-17.1247983461841,-24.9,10.5));
#15827=CARTESIAN_POINT('Origin',(-17.6790933071891,-24.9,10.5));
#15828=CARTESIAN_POINT('',(-18.2333882681941,-24.9,10.5));
#15829=CARTESIAN_POINT('Origin',(-18.2333882681941,-24.9,9.29841980492663));
#15830=CARTESIAN_POINT('',(-18.2333882681941,-24.9,8.09683960985326));
#15831=CARTESIAN_POINT('Ctrl Pts',(-18.7548631328238,-24.2,7.89262567685141));
#15832=CARTESIAN_POINT('Ctrl Pts',(-18.7548631328238,-24.9,7.89262567685141));
#15833=CARTESIAN_POINT('Ctrl Pts',(-18.6199360699476,-24.2,7.89262567685141));
#15834=CARTESIAN_POINT('Ctrl Pts',(-18.6199360699476,-24.9,7.89262567685141));
#15835=CARTESIAN_POINT('Ctrl Pts',(-18.3573752989452,-24.2,8.0129660302275));
#15836=CARTESIAN_POINT('Ctrl Pts',(-18.3573752989452,-24.9,8.0129660302275));
#15837=CARTESIAN_POINT('Ctrl Pts',(-18.2333882681941,-24.2,8.09683960985326));
#15838=CARTESIAN_POINT('Ctrl Pts',(-18.2333882681941,-24.9,8.09683960985326));
#15839=CARTESIAN_POINT('',(-18.7548631328238,-24.9,7.89262567685141));
#15840=CARTESIAN_POINT('Ctrl Pts',(-19.1815243857027,-24.2,8.10048628722829));
#15841=CARTESIAN_POINT('Ctrl Pts',(-19.1815243857027,-24.9,8.10048628722829));
#15842=CARTESIAN_POINT('Ctrl Pts',(-19.1341175798272,-24.2,7.9910859659773));
#15843=CARTESIAN_POINT('Ctrl Pts',(-19.1341175798272,-24.9,7.9910859659773));
#15844=CARTESIAN_POINT('Ctrl Pts',(-18.9335503242004,-24.2,7.89262567685141));
#15845=CARTESIAN_POINT('Ctrl Pts',(-18.9335503242004,-24.9,7.89262567685141));
#15846=CARTESIAN_POINT('Ctrl Pts',(-18.7548631328238,-24.2,7.89262567685141));
#15847=CARTESIAN_POINT('Ctrl Pts',(-18.7548631328238,-24.9,7.89262567685141));
#15848=CARTESIAN_POINT('',(-19.1815243857027,-24.9,8.10048628722829));
#15849=CARTESIAN_POINT('Ctrl Pts',(-19.2508112558283,-24.2,8.80429502060966));
#15850=CARTESIAN_POINT('Ctrl Pts',(-19.2508112558283,-24.9,8.80429502060966));
#15851=CARTESIAN_POINT('Ctrl Pts',(-19.2508112558283,-24.2,8.55632095910742));
#15852=CARTESIAN_POINT('Ctrl Pts',(-19.2508112558283,-24.9,8.55632095910742));
#15853=CARTESIAN_POINT('Ctrl Pts',(-19.2289311915781,-24.2,8.20988660847928));
#15854=CARTESIAN_POINT('Ctrl Pts',(-19.2289311915781,-24.9,8.20988660847928));
#15855=CARTESIAN_POINT('Ctrl Pts',(-19.1815243857027,-24.2,8.10048628722829));
#15856=CARTESIAN_POINT('Ctrl Pts',(-19.1815243857027,-24.9,8.10048628722829));
#15857=CARTESIAN_POINT('',(-19.2508112558283,-24.9,8.80429502060966));
#15858=CARTESIAN_POINT('Origin',(-19.2508112558283,-24.9,9.65214751030483));
#15859=CARTESIAN_POINT('',(-19.2508112558283,-24.9,10.5));
#15860=CARTESIAN_POINT('Origin',(-19.8087528942084,-24.9,10.5));
#15861=CARTESIAN_POINT('',(-20.3666945325884,-24.9,10.5));
#15862=CARTESIAN_POINT('Origin',(-20.3666945325884,-24.9,9.29841980492663));
#15863=CARTESIAN_POINT('',(-20.3666945325884,-24.9,8.09683960985326));
#15864=CARTESIAN_POINT('Ctrl Pts',(-20.8845227198431,-24.2,7.89262567685141));
#15865=CARTESIAN_POINT('Ctrl Pts',(-20.8845227198431,-24.9,7.89262567685141));
#15866=CARTESIAN_POINT('Ctrl Pts',(-20.7568890117169,-24.2,7.89262567685141));
#15867=CARTESIAN_POINT('Ctrl Pts',(-20.7568890117169,-24.9,7.89262567685141));
#15868=CARTESIAN_POINT('Ctrl Pts',(-20.5125616275897,-24.2,7.99837932072737));
#15869=CARTESIAN_POINT('Ctrl Pts',(-20.5125616275897,-24.9,7.99837932072737));
#15870=CARTESIAN_POINT('Ctrl Pts',(-20.3666945325884,-24.2,8.09683960985326));
#15871=CARTESIAN_POINT('Ctrl Pts',(-20.3666945325884,-24.9,8.09683960985326));
#15872=CARTESIAN_POINT('',(-20.8845227198431,-24.9,7.89262567685141));
#15873=CARTESIAN_POINT('Ctrl Pts',(-21.3111839727219,-24.2,8.10048628722829));
#15874=CARTESIAN_POINT('Ctrl Pts',(-21.3111839727219,-24.9,8.10048628722829));
#15875=CARTESIAN_POINT('Ctrl Pts',(-21.2637771668465,-24.2,7.9910859659773));
#15876=CARTESIAN_POINT('Ctrl Pts',(-21.2637771668465,-24.9,7.9910859659773));
#15877=CARTESIAN_POINT('Ctrl Pts',(-21.0632099112197,-24.2,7.89262567685141));
#15878=CARTESIAN_POINT('Ctrl Pts',(-21.0632099112197,-24.9,7.89262567685141));
#15879=CARTESIAN_POINT('Ctrl Pts',(-20.8845227198431,-24.2,7.89262567685141));
#15880=CARTESIAN_POINT('Ctrl Pts',(-20.8845227198431,-24.9,7.89262567685141));
#15881=CARTESIAN_POINT('',(-21.3111839727219,-24.9,8.10048628722829));
#15882=CARTESIAN_POINT('Ctrl Pts',(-21.3768241654725,-24.2,8.80429502060966));
#15883=CARTESIAN_POINT('Ctrl Pts',(-21.3768241654725,-24.9,8.80429502060966));
#15884=CARTESIAN_POINT('Ctrl Pts',(-21.3768241654725,-24.2,8.55267428173238));
#15885=CARTESIAN_POINT('Ctrl Pts',(-21.3768241654725,-24.9,8.55267428173238));
#15886=CARTESIAN_POINT('Ctrl Pts',(-21.3585907785974,-24.2,8.20988660847928));
#15887=CARTESIAN_POINT('Ctrl Pts',(-21.3585907785974,-24.9,8.20988660847928));
#15888=CARTESIAN_POINT('Ctrl Pts',(-21.3111839727219,-24.2,8.10048628722829));
#15889=CARTESIAN_POINT('Ctrl Pts',(-21.3111839727219,-24.9,8.10048628722829));
#15890=CARTESIAN_POINT('Origin',(-24.9,-24.9,0.));
#15891=CARTESIAN_POINT('Origin',(24.9,24.2,0.));
#15892=CARTESIAN_POINT('',(-9.15133726944606,24.2,5.91247974299921));
#15893=CARTESIAN_POINT('',(-6.73359016979919,24.2,8.24635326302032));
#15894=CARTESIAN_POINT('Ctrl Pts',(-9.15133726944606,24.2,5.91247974299921));
#15895=CARTESIAN_POINT('Ctrl Pts',(-8.04274734743603,24.2,5.91247974299921));
#15896=CARTESIAN_POINT('Ctrl Pts',(-6.73359016979919,24.2,7.1377633410103));
#15897=CARTESIAN_POINT('Ctrl Pts',(-6.73359016979919,24.2,8.24635326302032));
#15898=CARTESIAN_POINT('',(-10.1468801928301,24.2,6.0437601285004));
#15899=CARTESIAN_POINT('Ctrl Pts',(-10.1468801928301,24.2,6.0437601285004));
#15900=CARTESIAN_POINT('Ctrl Pts',(-9.91349284082795,24.2,5.9781199357498));
#15901=CARTESIAN_POINT('Ctrl Pts',(-9.50871165219929,24.2,5.91247974299921));
#15902=CARTESIAN_POINT('Ctrl Pts',(-9.15133726944606,24.2,5.91247974299921));
#15903=CARTESIAN_POINT('',(-10.8288088619612,24.2,6.29902754475271));
#15904=CARTESIAN_POINT('Ctrl Pts',(-10.8288088619612,24.2,6.29902754475271));
#15905=CARTESIAN_POINT('Ctrl Pts',(-10.693881799085,24.2,6.24068070675218));
#15906=CARTESIAN_POINT('Ctrl Pts',(-10.3328607389567,24.2,6.09481361175086));
#15907=CARTESIAN_POINT('Ctrl Pts',(-10.1468801928301,24.2,6.0437601285004));
#15908=CARTESIAN_POINT('',(-10.8288088619612,24.2,7.35656398351227));
#15909=CARTESIAN_POINT('',(-10.8288088619612,24.2,7.35656398351227));
#15910=CARTESIAN_POINT('',(-10.7157618633352,24.2,7.35656398351227));
#15911=CARTESIAN_POINT('',(-10.7157618633352,24.2,7.35656398351227));
#15912=CARTESIAN_POINT('',(-10.2052270308306,24.2,6.99554292338401));
#15913=CARTESIAN_POINT('Ctrl Pts',(-10.2052270308306,24.2,6.99554292338401));
#15914=CARTESIAN_POINT('Ctrl Pts',(-10.3693275127071,24.2,7.08670985775983));
#15915=CARTESIAN_POINT('Ctrl Pts',(-10.6245949289594,24.2,7.27998375863658));
#15916=CARTESIAN_POINT('Ctrl Pts',(-10.7157618633352,24.2,7.35656398351227));
#15917=CARTESIAN_POINT('',(-9.36284455719797,24.2,6.75486221663183));
#15918=CARTESIAN_POINT('Ctrl Pts',(-9.36284455719797,24.2,6.75486221663183));
#15919=CARTESIAN_POINT('Ctrl Pts',(-9.60717194132518,24.2,6.75486221663183));
#15920=CARTESIAN_POINT('Ctrl Pts',(-10.0520665810792,24.2,6.90437598900818));
#15921=CARTESIAN_POINT('Ctrl Pts',(-10.2052270308306,24.2,6.99554292338401));
#15922=CARTESIAN_POINT('',(-8.45846856818979,24.2,7.07576982563473));
#15923=CARTESIAN_POINT('Ctrl Pts',(-8.45846856818979,24.2,7.07576982563473));
#15924=CARTESIAN_POINT('Ctrl Pts',(-8.65174246906654,24.2,6.90437598900818));
#15925=CARTESIAN_POINT('Ctrl Pts',(-9.12581052782083,24.2,6.75486221663183));
#15926=CARTESIAN_POINT('Ctrl Pts',(-9.36284455719797,24.2,6.75486221663183));
#15927=CARTESIAN_POINT('',(-8.01357392843577,24.2,8.24270658564529));
#15928=CARTESIAN_POINT('Ctrl Pts',(-8.01357392843577,24.2,8.24270658564529));
#15929=CARTESIAN_POINT('Ctrl Pts',(-8.01357392843577,24.2,7.8233386875165));
#15930=CARTESIAN_POINT('Ctrl Pts',(-8.25790131256298,24.2,7.25081033963632));
#15931=CARTESIAN_POINT('Ctrl Pts',(-8.45846856818979,24.2,7.07576982563473));
#15932=CARTESIAN_POINT('',(-8.43658850393959,24.2,9.39870331353075));
#15933=CARTESIAN_POINT('Ctrl Pts',(-8.43658850393959,24.2,9.39870331353075));
#15934=CARTESIAN_POINT('Ctrl Pts',(-8.25060795781291,24.2,9.2273094769042));
#15935=CARTESIAN_POINT('Ctrl Pts',(-8.01357392843577,24.2,8.64019441952389));
#15936=CARTESIAN_POINT('Ctrl Pts',(-8.01357392843577,24.2,8.24270658564529));
#15937=CARTESIAN_POINT('',(-9.35555120244791,24.2,9.74513766415888));
#15938=CARTESIAN_POINT('Ctrl Pts',(-9.35555120244791,24.2,9.74513766415888));
#15939=CARTESIAN_POINT('Ctrl Pts',(-9.08569707669547,24.2,9.74513766415888));
#15940=CARTESIAN_POINT('Ctrl Pts',(-8.63715575956641,24.2,9.5919772144075));
#15941=CARTESIAN_POINT('Ctrl Pts',(-8.43658850393959,24.2,9.39870331353075));
#15942=CARTESIAN_POINT('',(-10.1687602570803,24.2,9.51175031215677));
#15943=CARTESIAN_POINT('Ctrl Pts',(-10.1687602570803,24.2,9.51175031215677));
#15944=CARTESIAN_POINT('Ctrl Pts',(-9.99736642045372,24.2,9.61021060128266));
#15945=CARTESIAN_POINT('Ctrl Pts',(-9.58164519969995,24.2,9.74513766415888));
#15946=CARTESIAN_POINT('Ctrl Pts',(-9.35555120244791,24.2,9.74513766415888));
#15947=CARTESIAN_POINT('',(-10.7011751538351,24.2,9.13978921990341));
#15948=CARTESIAN_POINT('Ctrl Pts',(-10.7011751538351,24.2,9.13978921990341));
#15949=CARTESIAN_POINT('Ctrl Pts',(-10.6136548968343,24.2,9.21272276740407));
#15950=CARTESIAN_POINT('Ctrl Pts',(-10.3401540937068,24.2,9.41693670040591));
#15951=CARTESIAN_POINT('Ctrl Pts',(-10.1687602570803,24.2,9.51175031215677));
#15952=CARTESIAN_POINT('',(-10.8288088619612,24.2,9.13978921990341));
#15953=CARTESIAN_POINT('',(-10.8288088619612,24.2,9.13978921990341));
#15954=CARTESIAN_POINT('',(-10.8288088619612,24.2,10.2119123681631));
#15955=CARTESIAN_POINT('',(-10.8288088619612,24.2,10.2119123681631));
#15956=CARTESIAN_POINT('',(-10.13958683808,24.2,10.4744731391655));
#15957=CARTESIAN_POINT('Ctrl Pts',(-10.13958683808,24.2,10.4744731391655));
#15958=CARTESIAN_POINT('Ctrl Pts',(-10.3073339973315,24.2,10.4270663332901));
#15959=CARTESIAN_POINT('Ctrl Pts',(-10.7048218312101,24.2,10.2702592061636));
#15960=CARTESIAN_POINT('Ctrl Pts',(-10.8288088619612,24.2,10.2119123681631));
#15961=CARTESIAN_POINT('',(-9.15498394682109,24.2,10.5875201377915));
#15962=CARTESIAN_POINT('Ctrl Pts',(-9.15498394682109,24.2,10.5875201377915));
#15963=CARTESIAN_POINT('Ctrl Pts',(-9.45036481419877,24.2,10.5875201377915));
#15964=CARTESIAN_POINT('Ctrl Pts',(-9.92443287295306,24.2,10.5255266224159));
#15965=CARTESIAN_POINT('Ctrl Pts',(-10.13958683808,24.2,10.4744731391655));
#15966=CARTESIAN_POINT('Ctrl Pts',(-6.73359016979919,24.2,8.24635326302032));
#15967=CARTESIAN_POINT('Ctrl Pts',(-6.73359016979919,24.2,9.31482973390499));
#15968=CARTESIAN_POINT('Ctrl Pts',(-8.04274734743603,24.2,10.5875201377915));
#15969=CARTESIAN_POINT('Ctrl Pts',(-9.15498394682109,24.2,10.5875201377915));
#15970=CARTESIAN_POINT('Ctrl Pts',(-9.15133726944606,24.2,5.91247974299921));
#15971=CARTESIAN_POINT('Ctrl Pts',(-9.15133726944606,24.9,5.91247974299921));
#15972=CARTESIAN_POINT('Ctrl Pts',(-8.04274734743603,24.2,5.91247974299921));
#15973=CARTESIAN_POINT('Ctrl Pts',(-8.04274734743603,24.9,5.91247974299921));
#15974=CARTESIAN_POINT('Ctrl Pts',(-6.73359016979919,24.2,7.1377633410103));
#15975=CARTESIAN_POINT('Ctrl Pts',(-6.73359016979919,24.9,7.1377633410103));
#15976=CARTESIAN_POINT('Ctrl Pts',(-6.73359016979919,24.2,8.24635326302032));
#15977=CARTESIAN_POINT('Ctrl Pts',(-6.73359016979919,24.9,8.24635326302032));
#15978=CARTESIAN_POINT('',(-6.73359016979919,24.9,8.24635326302032));
#15979=CARTESIAN_POINT('',(-9.15133726944606,24.9,5.91247974299921));
#15980=CARTESIAN_POINT('Ctrl Pts',(-10.1468801928301,24.2,6.0437601285004));
#15981=CARTESIAN_POINT('Ctrl Pts',(-10.1468801928301,24.9,6.0437601285004));
#15982=CARTESIAN_POINT('Ctrl Pts',(-9.91349284082795,24.2,5.9781199357498));
#15983=CARTESIAN_POINT('Ctrl Pts',(-9.91349284082795,24.9,5.9781199357498));
#15984=CARTESIAN_POINT('Ctrl Pts',(-9.50871165219929,24.2,5.91247974299921));
#15985=CARTESIAN_POINT('Ctrl Pts',(-9.50871165219929,24.9,5.91247974299921));
#15986=CARTESIAN_POINT('Ctrl Pts',(-9.15133726944606,24.2,5.91247974299921));
#15987=CARTESIAN_POINT('Ctrl Pts',(-9.15133726944606,24.9,5.91247974299921));
#15988=CARTESIAN_POINT('',(-10.1468801928301,24.9,6.0437601285004));
#15989=CARTESIAN_POINT('Ctrl Pts',(-10.8288088619612,24.2,6.29902754475271));
#15990=CARTESIAN_POINT('Ctrl Pts',(-10.8288088619612,24.9,6.29902754475271));
#15991=CARTESIAN_POINT('Ctrl Pts',(-10.693881799085,24.2,6.24068070675218));
#15992=CARTESIAN_POINT('Ctrl Pts',(-10.693881799085,24.9,6.24068070675218));
#15993=CARTESIAN_POINT('Ctrl Pts',(-10.3328607389567,24.2,6.09481361175086));
#15994=CARTESIAN_POINT('Ctrl Pts',(-10.3328607389567,24.9,6.09481361175086));
#15995=CARTESIAN_POINT('Ctrl Pts',(-10.1468801928301,24.2,6.0437601285004));
#15996=CARTESIAN_POINT('Ctrl Pts',(-10.1468801928301,24.9,6.0437601285004));
#15997=CARTESIAN_POINT('',(-10.8288088619612,24.9,6.29902754475271));
#15998=CARTESIAN_POINT('Origin',(-10.8288088619612,24.9,6.82779576413249));
#15999=CARTESIAN_POINT('',(-10.8288088619612,24.9,7.35656398351227));
#16000=CARTESIAN_POINT('Origin',(-10.7722853626482,24.9,7.35656398351227));
#16001=CARTESIAN_POINT('',(-10.7157618633352,24.9,7.35656398351227));
#16002=CARTESIAN_POINT('Ctrl Pts',(-10.2052270308306,24.2,6.99554292338401));
#16003=CARTESIAN_POINT('Ctrl Pts',(-10.2052270308306,24.9,6.99554292338401));
#16004=CARTESIAN_POINT('Ctrl Pts',(-10.3693275127071,24.2,7.08670985775983));
#16005=CARTESIAN_POINT('Ctrl Pts',(-10.3693275127071,24.9,7.08670985775983));
#16006=CARTESIAN_POINT('Ctrl Pts',(-10.6245949289594,24.2,7.27998375863658));
#16007=CARTESIAN_POINT('Ctrl Pts',(-10.6245949289594,24.9,7.27998375863658));
#16008=CARTESIAN_POINT('Ctrl Pts',(-10.7157618633352,24.2,7.35656398351227));
#16009=CARTESIAN_POINT('Ctrl Pts',(-10.7157618633352,24.9,7.35656398351227));
#16010=CARTESIAN_POINT('',(-10.2052270308306,24.9,6.99554292338401));
#16011=CARTESIAN_POINT('Ctrl Pts',(-9.36284455719797,24.2,6.75486221663183));
#16012=CARTESIAN_POINT('Ctrl Pts',(-9.36284455719797,24.9,6.75486221663183));
#16013=CARTESIAN_POINT('Ctrl Pts',(-9.60717194132518,24.2,6.75486221663183));
#16014=CARTESIAN_POINT('Ctrl Pts',(-9.60717194132518,24.9,6.75486221663183));
#16015=CARTESIAN_POINT('Ctrl Pts',(-10.0520665810792,24.2,6.90437598900818));
#16016=CARTESIAN_POINT('Ctrl Pts',(-10.0520665810792,24.9,6.90437598900818));
#16017=CARTESIAN_POINT('Ctrl Pts',(-10.2052270308306,24.2,6.99554292338401));
#16018=CARTESIAN_POINT('Ctrl Pts',(-10.2052270308306,24.9,6.99554292338401));
#16019=CARTESIAN_POINT('',(-9.36284455719797,24.9,6.75486221663183));
#16020=CARTESIAN_POINT('Ctrl Pts',(-8.45846856818979,24.2,7.07576982563473));
#16021=CARTESIAN_POINT('Ctrl Pts',(-8.45846856818979,24.9,7.07576982563473));
#16022=CARTESIAN_POINT('Ctrl Pts',(-8.65174246906654,24.2,6.90437598900818));
#16023=CARTESIAN_POINT('Ctrl Pts',(-8.65174246906654,24.9,6.90437598900818));
#16024=CARTESIAN_POINT('Ctrl Pts',(-9.12581052782083,24.2,6.75486221663183));
#16025=CARTESIAN_POINT('Ctrl Pts',(-9.12581052782083,24.9,6.75486221663183));
#16026=CARTESIAN_POINT('Ctrl Pts',(-9.36284455719797,24.2,6.75486221663183));
#16027=CARTESIAN_POINT('Ctrl Pts',(-9.36284455719797,24.9,6.75486221663183));
#16028=CARTESIAN_POINT('',(-8.45846856818979,24.9,7.07576982563473));
#16029=CARTESIAN_POINT('Ctrl Pts',(-8.01357392843577,24.2,8.24270658564529));
#16030=CARTESIAN_POINT('Ctrl Pts',(-8.01357392843577,24.9,8.24270658564529));
#16031=CARTESIAN_POINT('Ctrl Pts',(-8.01357392843577,24.2,7.8233386875165));
#16032=CARTESIAN_POINT('Ctrl Pts',(-8.01357392843577,24.9,7.8233386875165));
#16033=CARTESIAN_POINT('Ctrl Pts',(-8.25790131256298,24.2,7.25081033963632));
#16034=CARTESIAN_POINT('Ctrl Pts',(-8.25790131256298,24.9,7.25081033963632));
#16035=CARTESIAN_POINT('Ctrl Pts',(-8.45846856818979,24.2,7.07576982563473));
#16036=CARTESIAN_POINT('Ctrl Pts',(-8.45846856818979,24.9,7.07576982563473));
#16037=CARTESIAN_POINT('',(-8.01357392843577,24.9,8.24270658564529));
#16038=CARTESIAN_POINT('Ctrl Pts',(-8.43658850393959,24.2,9.39870331353075));
#16039=CARTESIAN_POINT('Ctrl Pts',(-8.43658850393959,24.9,9.39870331353075));
#16040=CARTESIAN_POINT('Ctrl Pts',(-8.25060795781291,24.2,9.2273094769042));
#16041=CARTESIAN_POINT('Ctrl Pts',(-8.25060795781291,24.9,9.2273094769042));
#16042=CARTESIAN_POINT('Ctrl Pts',(-8.01357392843577,24.2,8.64019441952389));
#16043=CARTESIAN_POINT('Ctrl Pts',(-8.01357392843577,24.9,8.64019441952389));
#16044=CARTESIAN_POINT('Ctrl Pts',(-8.01357392843577,24.2,8.24270658564529));
#16045=CARTESIAN_POINT('Ctrl Pts',(-8.01357392843577,24.9,8.24270658564529));
#16046=CARTESIAN_POINT('',(-8.43658850393959,24.9,9.39870331353075));
#16047=CARTESIAN_POINT('Ctrl Pts',(-9.35555120244791,24.2,9.74513766415888));
#16048=CARTESIAN_POINT('Ctrl Pts',(-9.35555120244791,24.9,9.74513766415888));
#16049=CARTESIAN_POINT('Ctrl Pts',(-9.08569707669547,24.2,9.74513766415888));
#16050=CARTESIAN_POINT('Ctrl Pts',(-9.08569707669547,24.9,9.74513766415888));
#16051=CARTESIAN_POINT('Ctrl Pts',(-8.63715575956641,24.2,9.5919772144075));
#16052=CARTESIAN_POINT('Ctrl Pts',(-8.63715575956641,24.9,9.5919772144075));
#16053=CARTESIAN_POINT('Ctrl Pts',(-8.43658850393959,24.2,9.39870331353075));
#16054=CARTESIAN_POINT('Ctrl Pts',(-8.43658850393959,24.9,9.39870331353075));
#16055=CARTESIAN_POINT('',(-9.35555120244791,24.9,9.74513766415888));
#16056=CARTESIAN_POINT('Ctrl Pts',(-10.1687602570803,24.2,9.51175031215677));
#16057=CARTESIAN_POINT('Ctrl Pts',(-10.1687602570803,24.9,9.51175031215677));
#16058=CARTESIAN_POINT('Ctrl Pts',(-9.99736642045372,24.2,9.61021060128266));
#16059=CARTESIAN_POINT('Ctrl Pts',(-9.99736642045372,24.9,9.61021060128266));
#16060=CARTESIAN_POINT('Ctrl Pts',(-9.58164519969995,24.2,9.74513766415888));
#16061=CARTESIAN_POINT('Ctrl Pts',(-9.58164519969995,24.9,9.74513766415888));
#16062=CARTESIAN_POINT('Ctrl Pts',(-9.35555120244791,24.2,9.74513766415888));
#16063=CARTESIAN_POINT('Ctrl Pts',(-9.35555120244791,24.9,9.74513766415888));
#16064=CARTESIAN_POINT('',(-10.1687602570803,24.9,9.51175031215677));
#16065=CARTESIAN_POINT('Ctrl Pts',(-10.7011751538351,24.2,9.13978921990341));
#16066=CARTESIAN_POINT('Ctrl Pts',(-10.7011751538351,24.9,9.13978921990341));
#16067=CARTESIAN_POINT('Ctrl Pts',(-10.6136548968343,24.2,9.21272276740407));
#16068=CARTESIAN_POINT('Ctrl Pts',(-10.6136548968343,24.9,9.21272276740407));
#16069=CARTESIAN_POINT('Ctrl Pts',(-10.3401540937068,24.2,9.41693670040591));
#16070=CARTESIAN_POINT('Ctrl Pts',(-10.3401540937068,24.9,9.41693670040591));
#16071=CARTESIAN_POINT('Ctrl Pts',(-10.1687602570803,24.2,9.51175031215677));
#16072=CARTESIAN_POINT('Ctrl Pts',(-10.1687602570803,24.9,9.51175031215677));
#16073=CARTESIAN_POINT('',(-10.7011751538351,24.9,9.13978921990341));
#16074=CARTESIAN_POINT('Origin',(-10.7649920078982,24.9,9.13978921990341));
#16075=CARTESIAN_POINT('',(-10.8288088619612,24.9,9.13978921990341));
#16076=CARTESIAN_POINT('Origin',(-10.8288088619612,24.9,9.67585079403325));
#16077=CARTESIAN_POINT('',(-10.8288088619612,24.9,10.2119123681631));
#16078=CARTESIAN_POINT('Ctrl Pts',(-10.13958683808,24.2,10.4744731391655));
#16079=CARTESIAN_POINT('Ctrl Pts',(-10.13958683808,24.9,10.4744731391655));
#16080=CARTESIAN_POINT('Ctrl Pts',(-10.3073339973315,24.2,10.4270663332901));
#16081=CARTESIAN_POINT('Ctrl Pts',(-10.3073339973315,24.9,10.4270663332901));
#16082=CARTESIAN_POINT('Ctrl Pts',(-10.7048218312101,24.2,10.2702592061636));
#16083=CARTESIAN_POINT('Ctrl Pts',(-10.7048218312101,24.9,10.2702592061636));
#16084=CARTESIAN_POINT('Ctrl Pts',(-10.8288088619612,24.2,10.2119123681631));
#16085=CARTESIAN_POINT('Ctrl Pts',(-10.8288088619612,24.9,10.2119123681631));
#16086=CARTESIAN_POINT('',(-10.13958683808,24.9,10.4744731391655));
#16087=CARTESIAN_POINT('Ctrl Pts',(-9.15498394682109,24.2,10.5875201377915));
#16088=CARTESIAN_POINT('Ctrl Pts',(-9.15498394682109,24.9,10.5875201377915));
#16089=CARTESIAN_POINT('Ctrl Pts',(-9.45036481419877,24.2,10.5875201377915));
#16090=CARTESIAN_POINT('Ctrl Pts',(-9.45036481419877,24.9,10.5875201377915));
#16091=CARTESIAN_POINT('Ctrl Pts',(-9.92443287295306,24.2,10.5255266224159));
#16092=CARTESIAN_POINT('Ctrl Pts',(-9.92443287295306,24.9,10.5255266224159));
#16093=CARTESIAN_POINT('Ctrl Pts',(-10.13958683808,24.2,10.4744731391655));
#16094=CARTESIAN_POINT('Ctrl Pts',(-10.13958683808,24.9,10.4744731391655));
#16095=CARTESIAN_POINT('',(-9.15498394682109,24.9,10.5875201377915));
#16096=CARTESIAN_POINT('Ctrl Pts',(-6.73359016979919,24.2,8.24635326302032));
#16097=CARTESIAN_POINT('Ctrl Pts',(-6.73359016979919,24.9,8.24635326302032));
#16098=CARTESIAN_POINT('Ctrl Pts',(-6.73359016979919,24.2,9.31482973390499));
#16099=CARTESIAN_POINT('Ctrl Pts',(-6.73359016979919,24.9,9.31482973390499));
#16100=CARTESIAN_POINT('Ctrl Pts',(-8.04274734743603,24.2,10.5875201377915));
#16101=CARTESIAN_POINT('Ctrl Pts',(-8.04274734743603,24.9,10.5875201377915));
#16102=CARTESIAN_POINT('Ctrl Pts',(-9.15498394682109,24.2,10.5875201377915));
#16103=CARTESIAN_POINT('Ctrl Pts',(-9.15498394682109,24.9,10.5875201377915));
#16104=CARTESIAN_POINT('Origin',(24.9,24.2,0.));
#16105=CARTESIAN_POINT('',(-1.07030006822929,24.2,6.));
#16106=CARTESIAN_POINT('',(0.0966366917812707,24.2,6.));
#16107=CARTESIAN_POINT('',(-1.07030006822929,24.2,6.));
#16108=CARTESIAN_POINT('',(-1.07030006822929,24.2,8.20988648926999));
#16109=CARTESIAN_POINT('',(-1.07030006822929,24.2,8.20988648926999));
#16110=CARTESIAN_POINT('',(0.103930046531336,24.2,9.48622357053154));
#16111=CARTESIAN_POINT('Ctrl Pts',(0.103930046531336,24.2,9.48622357053154));
#16112=CARTESIAN_POINT('Ctrl Pts',(-0.468598301348843,24.2,9.48622357053154));
#16113=CARTESIAN_POINT('Ctrl Pts',(-1.07030006822929,24.2,8.8298216430256));
#16114=CARTESIAN_POINT('Ctrl Pts',(-1.07030006822929,24.2,8.20988648926999));
#16115=CARTESIAN_POINT('',(1.25628009704176,24.2,9.01944886652732));
#16116=CARTESIAN_POINT('Ctrl Pts',(1.25628009704176,24.2,9.01944886652732));
#16117=CARTESIAN_POINT('Ctrl Pts',(0.971839261789188,24.2,9.2382495090293));
#16118=CARTESIAN_POINT('Ctrl Pts',(0.432131010284305,24.2,9.48622357053154));
#16119=CARTESIAN_POINT('Ctrl Pts',(0.103930046531336,24.2,9.48622357053154));
#16120=CARTESIAN_POINT('',(1.25628009704176,24.2,9.39505663615572));
#16121=CARTESIAN_POINT('',(1.25628009704176,24.2,9.39505663615572));
#16122=CARTESIAN_POINT('',(2.41957017967729,24.2,9.39505663615572));
#16123=CARTESIAN_POINT('',(2.41957017967729,24.2,9.39505663615572));
#16124=CARTESIAN_POINT('',(2.41957017967729,24.2,6.));
#16125=CARTESIAN_POINT('',(2.41957017967729,24.2,6.));
#16126=CARTESIAN_POINT('',(1.25628009704176,24.2,6.));
#16127=CARTESIAN_POINT('',(1.25628009704176,24.2,6.));
#16128=CARTESIAN_POINT('',(1.25628009704176,24.2,8.40316039014674));
#16129=CARTESIAN_POINT('',(1.25628009704176,24.2,8.40316039014674));
#16130=CARTESIAN_POINT('',(0.658225007536351,24.2,8.60737432314859));
#16131=CARTESIAN_POINT('Ctrl Pts',(0.658225007536351,24.2,8.60737432314859));
#16132=CARTESIAN_POINT('Ctrl Pts',(0.800445425162637,24.2,8.60737432314859));
#16133=CARTESIAN_POINT('Ctrl Pts',(1.09217961516528,24.2,8.5089140340227));
#16134=CARTESIAN_POINT('Ctrl Pts',(1.25628009704176,24.2,8.40316039014674));
#16135=CARTESIAN_POINT('',(0.184156948782062,24.2,8.39222035802164));
#16136=CARTESIAN_POINT('Ctrl Pts',(0.184156948782062,24.2,8.39222035802164));
#16137=CARTESIAN_POINT('Ctrl Pts',(0.24250378678259,24.2,8.5089140340227));
#16138=CARTESIAN_POINT('Ctrl Pts',(0.468597784034636,24.2,8.60737432314859));
#16139=CARTESIAN_POINT('Ctrl Pts',(0.658225007536351,24.2,8.60737432314859));
#16140=CARTESIAN_POINT('',(0.0966366917812704,24.2,7.68111826989021));
#16141=CARTESIAN_POINT('Ctrl Pts',(0.0966366917812704,24.2,7.68111826989021));
#16142=CARTESIAN_POINT('Ctrl Pts',(0.0966366917812703,24.2,7.88897888026709));
#16143=CARTESIAN_POINT('Ctrl Pts',(0.1331034655316,24.2,8.29740674627078));
#16144=CARTESIAN_POINT('Ctrl Pts',(0.184156948782062,24.2,8.39222035802164));
#16145=CARTESIAN_POINT('',(0.0966366917812708,24.2,6.));
#16146=CARTESIAN_POINT('Origin',(-0.486831688224008,24.9,6.));
#16147=CARTESIAN_POINT('',(0.0966366917812705,24.9,6.));
#16148=CARTESIAN_POINT('',(-1.07030006822929,24.9,6.));
#16149=CARTESIAN_POINT('Origin',(-1.07030006822929,24.9,7.104943244635));
#16150=CARTESIAN_POINT('',(-1.07030006822929,24.9,8.20988648926999));
#16151=CARTESIAN_POINT('Ctrl Pts',(0.103930046531336,24.2,9.48622357053154));
#16152=CARTESIAN_POINT('Ctrl Pts',(0.103930046531336,24.9,9.48622357053154));
#16153=CARTESIAN_POINT('Ctrl Pts',(-0.468598301348843,24.2,9.48622357053154));
#16154=CARTESIAN_POINT('Ctrl Pts',(-0.468598301348843,24.9,9.48622357053154));
#16155=CARTESIAN_POINT('Ctrl Pts',(-1.07030006822929,24.2,8.8298216430256));
#16156=CARTESIAN_POINT('Ctrl Pts',(-1.07030006822929,24.9,8.8298216430256));
#16157=CARTESIAN_POINT('Ctrl Pts',(-1.07030006822929,24.2,8.20988648926999));
#16158=CARTESIAN_POINT('Ctrl Pts',(-1.07030006822929,24.9,8.20988648926999));
#16159=CARTESIAN_POINT('',(0.103930046531336,24.9,9.48622357053154));
#16160=CARTESIAN_POINT('Ctrl Pts',(1.25628009704176,24.2,9.01944886652732));
#16161=CARTESIAN_POINT('Ctrl Pts',(1.25628009704176,24.9,9.01944886652732));
#16162=CARTESIAN_POINT('Ctrl Pts',(0.971839261789188,24.2,9.2382495090293));
#16163=CARTESIAN_POINT('Ctrl Pts',(0.971839261789188,24.9,9.2382495090293));
#16164=CARTESIAN_POINT('Ctrl Pts',(0.432131010284305,24.2,9.48622357053154));
#16165=CARTESIAN_POINT('Ctrl Pts',(0.432131010284305,24.9,9.48622357053154));
#16166=CARTESIAN_POINT('Ctrl Pts',(0.103930046531336,24.2,9.48622357053154));
#16167=CARTESIAN_POINT('Ctrl Pts',(0.103930046531336,24.9,9.48622357053154));
#16168=CARTESIAN_POINT('',(1.25628009704176,24.9,9.01944886652732));
#16169=CARTESIAN_POINT('Origin',(1.25628009704176,24.9,9.20725275134152));
#16170=CARTESIAN_POINT('',(1.25628009704176,24.9,9.39505663615572));
#16171=CARTESIAN_POINT('Origin',(1.83792513835952,24.9,9.39505663615572));
#16172=CARTESIAN_POINT('',(2.41957017967728,24.9,9.39505663615572));
#16173=CARTESIAN_POINT('Origin',(2.41957017967729,24.9,7.69752831807786));
#16174=CARTESIAN_POINT('',(2.41957017967729,24.9,6.));
#16175=CARTESIAN_POINT('Origin',(1.83792513835952,24.9,6.));
#16176=CARTESIAN_POINT('',(1.25628009704176,24.9,6.));
#16177=CARTESIAN_POINT('Origin',(1.25628009704176,24.9,7.20158019507337));
#16178=CARTESIAN_POINT('',(1.25628009704176,24.9,8.40316039014674));
#16179=CARTESIAN_POINT('Ctrl Pts',(0.658225007536351,24.2,8.60737432314859));
#16180=CARTESIAN_POINT('Ctrl Pts',(0.658225007536351,24.9,8.60737432314859));
#16181=CARTESIAN_POINT('Ctrl Pts',(0.800445425162637,24.2,8.60737432314859));
#16182=CARTESIAN_POINT('Ctrl Pts',(0.800445425162637,24.9,8.60737432314859));
#16183=CARTESIAN_POINT('Ctrl Pts',(1.09217961516528,24.2,8.5089140340227));
#16184=CARTESIAN_POINT('Ctrl Pts',(1.09217961516528,24.9,8.5089140340227));
#16185=CARTESIAN_POINT('Ctrl Pts',(1.25628009704176,24.2,8.40316039014674));
#16186=CARTESIAN_POINT('Ctrl Pts',(1.25628009704176,24.9,8.40316039014674));
#16187=CARTESIAN_POINT('',(0.658225007536351,24.9,8.60737432314859));
#16188=CARTESIAN_POINT('Ctrl Pts',(0.184156948782062,24.2,8.39222035802164));
#16189=CARTESIAN_POINT('Ctrl Pts',(0.184156948782062,24.9,8.39222035802164));
#16190=CARTESIAN_POINT('Ctrl Pts',(0.24250378678259,24.2,8.5089140340227));
#16191=CARTESIAN_POINT('Ctrl Pts',(0.24250378678259,24.9,8.5089140340227));
#16192=CARTESIAN_POINT('Ctrl Pts',(0.468597784034636,24.2,8.60737432314859));
#16193=CARTESIAN_POINT('Ctrl Pts',(0.468597784034635,24.9,8.60737432314859));
#16194=CARTESIAN_POINT('Ctrl Pts',(0.658225007536351,24.2,8.60737432314859));
#16195=CARTESIAN_POINT('Ctrl Pts',(0.658225007536351,24.9,8.60737432314859));
#16196=CARTESIAN_POINT('',(0.184156948782062,24.9,8.39222035802164));
#16197=CARTESIAN_POINT('Ctrl Pts',(0.0966366917812704,24.2,7.68111826989021));
#16198=CARTESIAN_POINT('Ctrl Pts',(0.0966366917812702,24.9,7.68111826989021));
#16199=CARTESIAN_POINT('Ctrl Pts',(0.0966366917812703,24.2,7.88897888026709));
#16200=CARTESIAN_POINT('Ctrl Pts',(0.0966366917812701,24.9,7.88897888026709));
#16201=CARTESIAN_POINT('Ctrl Pts',(0.1331034655316,24.2,8.29740674627078));
#16202=CARTESIAN_POINT('Ctrl Pts',(0.1331034655316,24.9,8.29740674627078));
#16203=CARTESIAN_POINT('Ctrl Pts',(0.184156948782062,24.2,8.39222035802164));
#16204=CARTESIAN_POINT('Ctrl Pts',(0.184156948782062,24.9,8.39222035802164));
#16205=CARTESIAN_POINT('',(0.0966366917812702,24.9,7.68111826989021));
#16206=CARTESIAN_POINT('Origin',(0.0966366917812704,24.9,6.84055913494511));
#16207=CARTESIAN_POINT('Ctrl Pts',(4.16268190166746,24.2,8.1333062643943));
#16208=CARTESIAN_POINT('Ctrl Pts',(4.16268190166746,24.9,8.1333062643943));
#16209=CARTESIAN_POINT('Ctrl Pts',(4.17362193379256,24.2,8.46880058289734));
#16210=CARTESIAN_POINT('Ctrl Pts',(4.17362193379256,24.9,8.46880058289734));
#16211=CARTESIAN_POINT('Ctrl Pts',(4.49452954279546,24.2,8.82252828827554));
#16212=CARTESIAN_POINT('Ctrl Pts',(4.49452954279546,24.9,8.82252828827554));
#16213=CARTESIAN_POINT('Ctrl Pts',(4.82637718392346,24.2,8.82252828827554));
#16214=CARTESIAN_POINT('Ctrl Pts',(4.82637718392346,24.9,8.82252828827554));
#16215=CARTESIAN_POINT('',(4.16268190166746,24.2,8.1333062643943));
#16216=CARTESIAN_POINT('',(4.82637718392346,24.2,8.82252828827554));
#16217=CARTESIAN_POINT('Ctrl Pts',(4.16268190166746,24.2,8.1333062643943));
#16218=CARTESIAN_POINT('Ctrl Pts',(4.17362193379256,24.2,8.46880058289734));
#16219=CARTESIAN_POINT('Ctrl Pts',(4.49452954279546,24.2,8.82252828827554));
#16220=CARTESIAN_POINT('Ctrl Pts',(4.82637718392346,24.2,8.82252828827554));
#16221=CARTESIAN_POINT('',(4.82637718392346,24.9,8.82252828827554));
#16222=CARTESIAN_POINT('',(4.82637718392346,24.9,8.82252828827554));
#16223=CARTESIAN_POINT('',(4.16268190166746,24.9,8.1333062643943));
#16224=CARTESIAN_POINT('Ctrl Pts',(4.16268190166746,24.9,8.1333062643943));
#16225=CARTESIAN_POINT('Ctrl Pts',(4.17362193379256,24.9,8.46880058289734));
#16226=CARTESIAN_POINT('Ctrl Pts',(4.49452954279546,24.9,8.82252828827554));
#16227=CARTESIAN_POINT('Ctrl Pts',(4.82637718392346,24.9,8.82252828827554));
#16228=CARTESIAN_POINT('',(4.16268190166746,24.9,8.1333062643943));
#16229=CARTESIAN_POINT('Ctrl Pts',(4.82637718392346,24.2,8.82252828827554));
#16230=CARTESIAN_POINT('Ctrl Pts',(4.82637718392346,24.9,8.82252828827554));
#16231=CARTESIAN_POINT('Ctrl Pts',(5.16916485717657,24.2,8.82252828827554));
#16232=CARTESIAN_POINT('Ctrl Pts',(5.16916485717657,24.9,8.82252828827554));
#16233=CARTESIAN_POINT('Ctrl Pts',(5.54841930418,24.2,8.45056719602217));
#16234=CARTESIAN_POINT('Ctrl Pts',(5.54841930418,24.9,8.45056719602217));
#16235=CARTESIAN_POINT('Ctrl Pts',(5.5702993684302,24.2,8.1333062643943));
#16236=CARTESIAN_POINT('Ctrl Pts',(5.5702993684302,24.9,8.1333062643943));
#16237=CARTESIAN_POINT('',(5.5702993684302,24.2,8.1333062643943));
#16238=CARTESIAN_POINT('Ctrl Pts',(4.82637718392346,24.2,8.82252828827554));
#16239=CARTESIAN_POINT('Ctrl Pts',(5.16916485717657,24.2,8.82252828827554));
#16240=CARTESIAN_POINT('Ctrl Pts',(5.54841930418,24.2,8.45056719602217));
#16241=CARTESIAN_POINT('Ctrl Pts',(5.5702993684302,24.2,8.1333062643943));
#16242=CARTESIAN_POINT('',(5.5702993684302,24.9,8.1333062643943));
#16243=CARTESIAN_POINT('',(5.5702993684302,24.9,8.1333062643943));
#16244=CARTESIAN_POINT('Ctrl Pts',(4.82637718392346,24.9,8.82252828827554));
#16245=CARTESIAN_POINT('Ctrl Pts',(5.16916485717657,24.9,8.82252828827554));
#16246=CARTESIAN_POINT('Ctrl Pts',(5.54841930418,24.9,8.45056719602217));
#16247=CARTESIAN_POINT('Ctrl Pts',(5.5702993684302,24.9,8.1333062643943));
#16248=CARTESIAN_POINT('Origin',(4.86649063504883,24.9,8.1333062643943));
#16249=CARTESIAN_POINT('',(14.8832453175244,24.2,8.1333062643943));
#16250=CARTESIAN_POINT('',(14.8832453175244,24.9,8.1333062643943));
#16251=CARTESIAN_POINT('Origin',(24.9,24.2,0.));
#16252=CARTESIAN_POINT('',(4.54922970342096,24.2,5.90883306562418));
#16253=CARTESIAN_POINT('',(6.72994277369068,24.2,7.67747159251518));
#16254=CARTESIAN_POINT('Ctrl Pts',(4.54922970342096,24.2,5.90883306562418));
#16255=CARTESIAN_POINT('Ctrl Pts',(5.60311946480549,24.2,5.90883306562418));
#16256=CARTESIAN_POINT('Ctrl Pts',(6.72994277369068,24.2,6.82779576413249));
#16257=CARTESIAN_POINT('Ctrl Pts',(6.72994277369068,24.2,7.67747159251518));
#16258=CARTESIAN_POINT('',(3.66673377866297,24.2,6.00729335475007));
#16259=CARTESIAN_POINT('Ctrl Pts',(3.66673377866297,24.2,6.00729335475007));
#16260=CARTESIAN_POINT('Ctrl Pts',(3.85636100216469,24.2,5.95988654887464));
#16261=CARTESIAN_POINT('Ctrl Pts',(4.25749551341832,24.2,5.90883306562418));
#16262=CARTESIAN_POINT('Ctrl Pts',(4.54922970342096,24.2,5.90883306562418));
#16263=CARTESIAN_POINT('',(3.08326539865769,24.2,6.18962722350172));
#16264=CARTESIAN_POINT('Ctrl Pts',(3.08326539865769,24.2,6.18962722350172));
#16265=CARTESIAN_POINT('Ctrl Pts',(3.22548581628398,24.2,6.13857374025125));
#16266=CARTESIAN_POINT('Ctrl Pts',(3.46251984566113,24.2,6.05105348325046));
#16267=CARTESIAN_POINT('Ctrl Pts',(3.66673377866297,24.2,6.00729335475007));
#16268=CARTESIAN_POINT('',(3.08326539865769,24.2,7.06482979350963));
#16269=CARTESIAN_POINT('',(3.08326539865769,24.2,7.06482979350963));
#16270=CARTESIAN_POINT('',(3.20725242940882,24.2,7.06482979350963));
#16271=CARTESIAN_POINT('',(3.20725242940882,24.2,7.06482979350963));
#16272=CARTESIAN_POINT('',(3.66673377866297,24.2,6.82414908675746));
#16273=CARTESIAN_POINT('Ctrl Pts',(3.66673377866297,24.2,6.82414908675746));
#16274=CARTESIAN_POINT('Ctrl Pts',(3.52451336103669,24.2,6.87884924738295));
#16275=CARTESIAN_POINT('Ctrl Pts',(3.28383265428451,24.2,7.01377631025917));
#16276=CARTESIAN_POINT('Ctrl Pts',(3.20725242940882,24.2,7.06482979350963));
#16277=CARTESIAN_POINT('',(4.42524267266984,24.2,6.6746353143811));
#16278=CARTESIAN_POINT('Ctrl Pts',(4.42524267266984,24.2,6.6746353143811));
#16279=CARTESIAN_POINT('Ctrl Pts',(4.22467541704302,24.2,6.6746353143811));
#16280=CARTESIAN_POINT('Ctrl Pts',(3.83083426053946,24.2,6.75486221663183));
#16281=CARTESIAN_POINT('Ctrl Pts',(3.66673377866297,24.2,6.82414908675746));
#16282=CARTESIAN_POINT('',(5.20927830830193,24.2,6.84967582838269));
#16283=CARTESIAN_POINT('Ctrl Pts',(5.20927830830193,24.2,6.84967582838269));
#16284=CARTESIAN_POINT('Ctrl Pts',(5.05976453592558,24.2,6.75486221663183));
#16285=CARTESIAN_POINT('Ctrl Pts',(4.66227670204698,24.2,6.6746353143811));
#16286=CARTESIAN_POINT('Ctrl Pts',(4.42524267266984,24.2,6.6746353143811));
#16287=CARTESIAN_POINT('',(5.56665269105516,24.2,7.49513772376353));
#16288=CARTESIAN_POINT('Ctrl Pts',(5.56665269105516,24.2,7.49513772376353));
#16289=CARTESIAN_POINT('Ctrl Pts',(5.54841930418,24.2,7.25810369438638));
#16290=CARTESIAN_POINT('Ctrl Pts',(5.36243875805331,24.2,6.94448944013355));
#16291=CARTESIAN_POINT('Ctrl Pts',(5.20927830830193,24.2,6.84967582838269));
#16292=CARTESIAN_POINT('',(3.0176252059071,24.2,7.49513772376353));
#16293=CARTESIAN_POINT('',(3.0176252059071,24.2,7.49513772376353));
#16294=CARTESIAN_POINT('',(3.0176252059071,24.2,7.87803884814199));
#16295=CARTESIAN_POINT('',(3.0176252059071,24.2,7.87803884814199));
#16296=CARTESIAN_POINT('',(4.73885692692267,24.2,9.50081028003167));
#16297=CARTESIAN_POINT('Ctrl Pts',(4.73885692692267,24.2,9.50081028003167));
#16298=CARTESIAN_POINT('Ctrl Pts',(3.88188774378992,24.2,9.50081028003167));
#16299=CARTESIAN_POINT('Ctrl Pts',(3.0176252059071,24.2,8.65842780639905));
#16300=CARTESIAN_POINT('Ctrl Pts',(3.0176252059071,24.2,7.87803884814199));
#16301=CARTESIAN_POINT('Ctrl Pts',(6.72994277369068,24.2,7.67747159251518));
#16302=CARTESIAN_POINT('Ctrl Pts',(6.72994277369068,24.2,8.5089140340227));
#16303=CARTESIAN_POINT('Ctrl Pts',(5.67969968968118,24.2,9.50081028003167));
#16304=CARTESIAN_POINT('Ctrl Pts',(4.73885692692267,24.2,9.50081028003167));
#16305=CARTESIAN_POINT('Ctrl Pts',(4.54922970342096,24.2,5.90883306562418));
#16306=CARTESIAN_POINT('Ctrl Pts',(4.54922970342096,24.9,5.90883306562418));
#16307=CARTESIAN_POINT('Ctrl Pts',(5.60311946480549,24.2,5.90883306562418));
#16308=CARTESIAN_POINT('Ctrl Pts',(5.60311946480549,24.9,5.90883306562418));
#16309=CARTESIAN_POINT('Ctrl Pts',(6.72994277369068,24.2,6.82779576413249));
#16310=CARTESIAN_POINT('Ctrl Pts',(6.72994277369068,24.9,6.82779576413249));
#16311=CARTESIAN_POINT('Ctrl Pts',(6.72994277369068,24.2,7.67747159251518));
#16312=CARTESIAN_POINT('Ctrl Pts',(6.72994277369068,24.9,7.67747159251518));
#16313=CARTESIAN_POINT('',(6.72994277369068,24.9,7.67747159251518));
#16314=CARTESIAN_POINT('',(4.54922970342096,24.9,5.90883306562418));
#16315=CARTESIAN_POINT('Ctrl Pts',(3.66673377866297,24.2,6.00729335475007));
#16316=CARTESIAN_POINT('Ctrl Pts',(3.66673377866297,24.9,6.00729335475007));
#16317=CARTESIAN_POINT('Ctrl Pts',(3.85636100216469,24.2,5.95988654887464));
#16318=CARTESIAN_POINT('Ctrl Pts',(3.85636100216469,24.9,5.95988654887464));
#16319=CARTESIAN_POINT('Ctrl Pts',(4.25749551341832,24.2,5.90883306562418));
#16320=CARTESIAN_POINT('Ctrl Pts',(4.25749551341832,24.9,5.90883306562418));
#16321=CARTESIAN_POINT('Ctrl Pts',(4.54922970342096,24.2,5.90883306562418));
#16322=CARTESIAN_POINT('Ctrl Pts',(4.54922970342096,24.9,5.90883306562418));
#16323=CARTESIAN_POINT('',(3.66673377866297,24.9,6.00729335475007));
#16324=CARTESIAN_POINT('Ctrl Pts',(3.08326539865769,24.2,6.18962722350172));
#16325=CARTESIAN_POINT('Ctrl Pts',(3.08326539865769,24.9,6.18962722350172));
#16326=CARTESIAN_POINT('Ctrl Pts',(3.22548581628398,24.2,6.13857374025125));
#16327=CARTESIAN_POINT('Ctrl Pts',(3.22548581628398,24.9,6.13857374025125));
#16328=CARTESIAN_POINT('Ctrl Pts',(3.46251984566113,24.2,6.05105348325046));
#16329=CARTESIAN_POINT('Ctrl Pts',(3.46251984566113,24.9,6.05105348325046));
#16330=CARTESIAN_POINT('Ctrl Pts',(3.66673377866297,24.2,6.00729335475007));
#16331=CARTESIAN_POINT('Ctrl Pts',(3.66673377866297,24.9,6.00729335475007));
#16332=CARTESIAN_POINT('',(3.08326539865769,24.9,6.18962722350172));
#16333=CARTESIAN_POINT('Origin',(3.08326539865769,24.9,6.62722850850568));
#16334=CARTESIAN_POINT('',(3.08326539865769,24.9,7.06482979350963));
#16335=CARTESIAN_POINT('Origin',(3.14525891403326,24.9,7.06482979350963));
#16336=CARTESIAN_POINT('',(3.20725242940882,24.9,7.06482979350963));
#16337=CARTESIAN_POINT('Ctrl Pts',(3.66673377866297,24.2,6.82414908675746));
#16338=CARTESIAN_POINT('Ctrl Pts',(3.66673377866297,24.9,6.82414908675746));
#16339=CARTESIAN_POINT('Ctrl Pts',(3.52451336103669,24.2,6.87884924738295));
#16340=CARTESIAN_POINT('Ctrl Pts',(3.52451336103669,24.9,6.87884924738295));
#16341=CARTESIAN_POINT('Ctrl Pts',(3.28383265428451,24.2,7.01377631025917));
#16342=CARTESIAN_POINT('Ctrl Pts',(3.28383265428451,24.9,7.01377631025917));
#16343=CARTESIAN_POINT('Ctrl Pts',(3.20725242940882,24.2,7.06482979350963));
#16344=CARTESIAN_POINT('Ctrl Pts',(3.20725242940882,24.9,7.06482979350963));
#16345=CARTESIAN_POINT('',(3.66673377866297,24.9,6.82414908675746));
#16346=CARTESIAN_POINT('Ctrl Pts',(4.42524267266984,24.2,6.6746353143811));
#16347=CARTESIAN_POINT('Ctrl Pts',(4.42524267266984,24.9,6.6746353143811));
#16348=CARTESIAN_POINT('Ctrl Pts',(4.22467541704302,24.2,6.6746353143811));
#16349=CARTESIAN_POINT('Ctrl Pts',(4.22467541704302,24.9,6.6746353143811));
#16350=CARTESIAN_POINT('Ctrl Pts',(3.83083426053946,24.2,6.75486221663183));
#16351=CARTESIAN_POINT('Ctrl Pts',(3.83083426053946,24.9,6.75486221663183));
#16352=CARTESIAN_POINT('Ctrl Pts',(3.66673377866297,24.2,6.82414908675746));
#16353=CARTESIAN_POINT('Ctrl Pts',(3.66673377866297,24.9,6.82414908675746));
#16354=CARTESIAN_POINT('',(4.42524267266984,24.9,6.6746353143811));
#16355=CARTESIAN_POINT('Ctrl Pts',(5.20927830830193,24.2,6.84967582838269));
#16356=CARTESIAN_POINT('Ctrl Pts',(5.20927830830193,24.9,6.84967582838269));
#16357=CARTESIAN_POINT('Ctrl Pts',(5.05976453592558,24.2,6.75486221663183));
#16358=CARTESIAN_POINT('Ctrl Pts',(5.05976453592558,24.9,6.75486221663183));
#16359=CARTESIAN_POINT('Ctrl Pts',(4.66227670204698,24.2,6.6746353143811));
#16360=CARTESIAN_POINT('Ctrl Pts',(4.66227670204698,24.9,6.6746353143811));
#16361=CARTESIAN_POINT('Ctrl Pts',(4.42524267266984,24.2,6.6746353143811));
#16362=CARTESIAN_POINT('Ctrl Pts',(4.42524267266984,24.9,6.6746353143811));
#16363=CARTESIAN_POINT('',(5.20927830830193,24.9,6.84967582838269));
#16364=CARTESIAN_POINT('Ctrl Pts',(5.56665269105516,24.2,7.49513772376353));
#16365=CARTESIAN_POINT('Ctrl Pts',(5.56665269105516,24.9,7.49513772376353));
#16366=CARTESIAN_POINT('Ctrl Pts',(5.54841930418,24.2,7.25810369438638));
#16367=CARTESIAN_POINT('Ctrl Pts',(5.54841930418,24.9,7.25810369438638));
#16368=CARTESIAN_POINT('Ctrl Pts',(5.36243875805331,24.2,6.94448944013355));
#16369=CARTESIAN_POINT('Ctrl Pts',(5.36243875805331,24.9,6.94448944013355));
#16370=CARTESIAN_POINT('Ctrl Pts',(5.20927830830193,24.2,6.84967582838269));
#16371=CARTESIAN_POINT('Ctrl Pts',(5.20927830830193,24.9,6.84967582838269));
#16372=CARTESIAN_POINT('',(5.56665269105516,24.9,7.49513772376353));
#16373=CARTESIAN_POINT('Origin',(4.29213894848113,24.9,7.49513772376353));
#16374=CARTESIAN_POINT('',(3.0176252059071,24.9,7.49513772376353));
#16375=CARTESIAN_POINT('Origin',(3.0176252059071,24.9,7.68658828595276));
#16376=CARTESIAN_POINT('',(3.0176252059071,24.9,7.87803884814199));
#16377=CARTESIAN_POINT('Ctrl Pts',(4.73885692692267,24.2,9.50081028003167));
#16378=CARTESIAN_POINT('Ctrl Pts',(4.73885692692267,24.9,9.50081028003167));
#16379=CARTESIAN_POINT('Ctrl Pts',(3.88188774378992,24.2,9.50081028003167));
#16380=CARTESIAN_POINT('Ctrl Pts',(3.88188774378992,24.9,9.50081028003167));
#16381=CARTESIAN_POINT('Ctrl Pts',(3.0176252059071,24.2,8.65842780639905));
#16382=CARTESIAN_POINT('Ctrl Pts',(3.0176252059071,24.9,8.65842780639905));
#16383=CARTESIAN_POINT('Ctrl Pts',(3.0176252059071,24.2,7.87803884814199));
#16384=CARTESIAN_POINT('Ctrl Pts',(3.0176252059071,24.9,7.87803884814199));
#16385=CARTESIAN_POINT('',(4.73885692692267,24.9,9.50081028003167));
#16386=CARTESIAN_POINT('Ctrl Pts',(6.72994277369068,24.2,7.67747159251518));
#16387=CARTESIAN_POINT('Ctrl Pts',(6.72994277369068,24.9,7.67747159251518));
#16388=CARTESIAN_POINT('Ctrl Pts',(6.72994277369068,24.2,8.5089140340227));
#16389=CARTESIAN_POINT('Ctrl Pts',(6.72994277369068,24.9,8.5089140340227));
#16390=CARTESIAN_POINT('Ctrl Pts',(5.67969968968118,24.2,9.50081028003167));
#16391=CARTESIAN_POINT('Ctrl Pts',(5.67969968968118,24.9,9.50081028003167));
#16392=CARTESIAN_POINT('Ctrl Pts',(4.73885692692267,24.2,9.50081028003167));
#16393=CARTESIAN_POINT('Ctrl Pts',(4.73885692692267,24.9,9.50081028003167));
#16394=CARTESIAN_POINT('Ctrl Pts',(8.27248740669588,24.2,7.72123172101557));
#16395=CARTESIAN_POINT('Ctrl Pts',(8.27248740669588,24.9,7.72123172101557));
#16396=CARTESIAN_POINT('Ctrl Pts',(8.27248740669588,24.2,8.21717984402006));
#16397=CARTESIAN_POINT('Ctrl Pts',(8.27248740669588,24.9,8.21717984402006));
#16398=CARTESIAN_POINT('Ctrl Pts',(8.60433504782388,24.2,8.66207448377408));
#16399=CARTESIAN_POINT('Ctrl Pts',(8.60433504782388,24.9,8.66207448377408));
#16400=CARTESIAN_POINT('Ctrl Pts',(8.95806275320208,24.2,8.66207448377408));
#16401=CARTESIAN_POINT('Ctrl Pts',(8.95806275320208,24.9,8.66207448377408));
#16402=CARTESIAN_POINT('',(8.27248740669588,24.2,7.72123172101557));
#16403=CARTESIAN_POINT('',(8.95806275320208,24.2,8.66207448377408));
#16404=CARTESIAN_POINT('Ctrl Pts',(8.27248740669588,24.2,7.72123172101557));
#16405=CARTESIAN_POINT('Ctrl Pts',(8.27248740669588,24.2,8.21717984402006));
#16406=CARTESIAN_POINT('Ctrl Pts',(8.60433504782388,24.2,8.66207448377408));
#16407=CARTESIAN_POINT('Ctrl Pts',(8.95806275320208,24.2,8.66207448377408));
#16408=CARTESIAN_POINT('',(8.95806275320208,24.9,8.66207448377408));
#16409=CARTESIAN_POINT('',(8.95806275320208,24.9,8.66207448377408));
#16410=CARTESIAN_POINT('',(8.27248740669588,24.9,7.72123172101557));
#16411=CARTESIAN_POINT('Ctrl Pts',(8.27248740669588,24.9,7.72123172101557));
#16412=CARTESIAN_POINT('Ctrl Pts',(8.27248740669588,24.9,8.21717984402006));
#16413=CARTESIAN_POINT('Ctrl Pts',(8.60433504782388,24.9,8.66207448377408));
#16414=CARTESIAN_POINT('Ctrl Pts',(8.95806275320208,24.9,8.66207448377408));
#16415=CARTESIAN_POINT('',(8.27248740669588,24.9,7.72123172101557));
#16416=CARTESIAN_POINT('Ctrl Pts',(8.95806275320208,24.2,8.66207448377408));
#16417=CARTESIAN_POINT('Ctrl Pts',(8.95806275320208,24.9,8.66207448377408));
#16418=CARTESIAN_POINT('Ctrl Pts',(9.1148698803285,24.2,8.66207448377408));
#16419=CARTESIAN_POINT('Ctrl Pts',(9.1148698803285,24.9,8.66207448377408));
#16420=CARTESIAN_POINT('Ctrl Pts',(9.42119077983127,24.2,8.57090754939826));
#16421=CARTESIAN_POINT('Ctrl Pts',(9.42119077983127,24.9,8.57090754939826));
#16422=CARTESIAN_POINT('Ctrl Pts',(9.57070455220762,24.2,8.47974061502243));
#16423=CARTESIAN_POINT('Ctrl Pts',(9.57070455220762,24.9,8.47974061502243));
#16424=CARTESIAN_POINT('',(9.57070455220762,24.2,8.47974061502243));
#16425=CARTESIAN_POINT('Ctrl Pts',(8.95806275320208,24.2,8.66207448377408));
#16426=CARTESIAN_POINT('Ctrl Pts',(9.1148698803285,24.2,8.66207448377408));
#16427=CARTESIAN_POINT('Ctrl Pts',(9.42119077983127,24.2,8.57090754939826));
#16428=CARTESIAN_POINT('Ctrl Pts',(9.57070455220762,24.2,8.47974061502243));
#16429=CARTESIAN_POINT('',(9.57070455220762,24.9,8.47974061502243));
#16430=CARTESIAN_POINT('',(9.57070455220762,24.9,8.47974061502243));
#16431=CARTESIAN_POINT('Ctrl Pts',(8.95806275320208,24.9,8.66207448377408));
#16432=CARTESIAN_POINT('Ctrl Pts',(9.1148698803285,24.9,8.66207448377408));
#16433=CARTESIAN_POINT('Ctrl Pts',(9.42119077983127,24.9,8.57090754939826));
#16434=CARTESIAN_POINT('Ctrl Pts',(9.57070455220762,24.9,8.47974061502243));
#16435=CARTESIAN_POINT('Origin',(9.57070455220762,24.9,7.62824144795223));
#16436=CARTESIAN_POINT('',(9.57070455220762,24.2,6.77674228088203));
#16437=CARTESIAN_POINT('',(9.57070455220763,24.2,3.81412072397611));
#16438=CARTESIAN_POINT('',(9.57070455220762,24.9,6.77674228088203));
#16439=CARTESIAN_POINT('',(9.57070455220762,24.9,6.77674228088203));
#16440=CARTESIAN_POINT('',(9.57070455220763,24.9,3.81412072397611));
#16441=CARTESIAN_POINT('Ctrl Pts',(9.57070455220762,24.2,6.77674228088203));
#16442=CARTESIAN_POINT('Ctrl Pts',(9.57070455220762,24.9,6.77674228088203));
#16443=CARTESIAN_POINT('Ctrl Pts',(9.4795376178318,24.2,6.7402755071317));
#16444=CARTESIAN_POINT('Ctrl Pts',(9.4795376178318,24.9,6.7402755071317));
#16445=CARTESIAN_POINT('Ctrl Pts',(9.25709029795479,24.2,6.71110208813143));
#16446=CARTESIAN_POINT('Ctrl Pts',(9.25709029795479,24.9,6.71110208813143));
#16447=CARTESIAN_POINT('Ctrl Pts',(9.1039298482034,24.2,6.71110208813143));
#16448=CARTESIAN_POINT('Ctrl Pts',(9.1039298482034,24.9,6.71110208813143));
#16449=CARTESIAN_POINT('',(9.1039298482034,24.2,6.71110208813143));
#16450=CARTESIAN_POINT('Ctrl Pts',(9.57070455220762,24.2,6.77674228088203));
#16451=CARTESIAN_POINT('Ctrl Pts',(9.4795376178318,24.2,6.7402755071317));
#16452=CARTESIAN_POINT('Ctrl Pts',(9.25709029795479,24.2,6.71110208813143));
#16453=CARTESIAN_POINT('Ctrl Pts',(9.1039298482034,24.2,6.71110208813143));
#16454=CARTESIAN_POINT('',(9.1039298482034,24.9,6.71110208813143));
#16455=CARTESIAN_POINT('',(9.1039298482034,24.9,6.71110208813143));
#16456=CARTESIAN_POINT('Ctrl Pts',(9.57070455220762,24.9,6.77674228088203));
#16457=CARTESIAN_POINT('Ctrl Pts',(9.4795376178318,24.9,6.7402755071317));
#16458=CARTESIAN_POINT('Ctrl Pts',(9.25709029795479,24.9,6.71110208813143));
#16459=CARTESIAN_POINT('Ctrl Pts',(9.1039298482034,24.9,6.71110208813143));
#16460=CARTESIAN_POINT('Ctrl Pts',(9.1039298482034,24.2,6.71110208813143));
#16461=CARTESIAN_POINT('Ctrl Pts',(9.1039298482034,24.9,6.71110208813143));
#16462=CARTESIAN_POINT('Ctrl Pts',(8.68091527269958,24.2,6.71110208813143));
#16463=CARTESIAN_POINT('Ctrl Pts',(8.68091527269958,24.9,6.71110208813143));
#16464=CARTESIAN_POINT('Ctrl Pts',(8.27248740669588,24.2,7.21434356588599));
#16465=CARTESIAN_POINT('Ctrl Pts',(8.27248740669588,24.9,7.21434356588599));
#16466=CARTESIAN_POINT('Ctrl Pts',(8.27248740669588,24.2,7.72123172101557));
#16467=CARTESIAN_POINT('Ctrl Pts',(8.27248740669588,24.9,7.72123172101557));
#16468=CARTESIAN_POINT('Ctrl Pts',(9.1039298482034,24.2,6.71110208813143));
#16469=CARTESIAN_POINT('Ctrl Pts',(8.68091527269958,24.2,6.71110208813143));
#16470=CARTESIAN_POINT('Ctrl Pts',(8.27248740669588,24.2,7.21434356588599));
#16471=CARTESIAN_POINT('Ctrl Pts',(8.27248740669588,24.2,7.72123172101557));
#16472=CARTESIAN_POINT('Ctrl Pts',(9.1039298482034,24.9,6.71110208813143));
#16473=CARTESIAN_POINT('Ctrl Pts',(8.68091527269958,24.9,6.71110208813143));
#16474=CARTESIAN_POINT('Ctrl Pts',(8.27248740669588,24.9,7.21434356588599));
#16475=CARTESIAN_POINT('Ctrl Pts',(8.27248740669588,24.9,7.72123172101557));
#16476=CARTESIAN_POINT('Origin',(24.9,24.2,0.));
#16477=CARTESIAN_POINT('',(7.08002390506009,24.2,7.74311178526577));
#16478=CARTESIAN_POINT('',(8.64809517632428,24.2,5.93435980724941));
#16479=CARTESIAN_POINT('Ctrl Pts',(7.08002390506009,24.2,7.74311178526577));
#16480=CARTESIAN_POINT('Ctrl Pts',(7.08002390506009,24.2,6.92990273063341));
#16481=CARTESIAN_POINT('Ctrl Pts',(7.98439989406827,24.2,5.93435980724941));
#16482=CARTESIAN_POINT('Ctrl Pts',(8.64809517632428,24.2,5.93435980724941));
#16483=CARTESIAN_POINT('',(8.43658788857237,24.2,9.48622357053154));
#16484=CARTESIAN_POINT('Ctrl Pts',(8.43658788857237,24.2,9.48622357053154));
#16485=CARTESIAN_POINT('Ctrl Pts',(7.79112599319152,24.2,9.48622357053154));
#16486=CARTESIAN_POINT('Ctrl Pts',(7.08002390506009,24.2,8.54902748514806));
#16487=CARTESIAN_POINT('Ctrl Pts',(7.08002390506009,24.2,7.74311178526577));
#16488=CARTESIAN_POINT('',(9.57070455220762,24.2,9.03768225340248));
#16489=CARTESIAN_POINT('Ctrl Pts',(9.57070455220762,24.2,9.03768225340248));
#16490=CARTESIAN_POINT('Ctrl Pts',(9.31543713595531,24.2,9.2382495090293));
#16491=CARTESIAN_POINT('Ctrl Pts',(8.7830222392005,24.2,9.48622357053154));
#16492=CARTESIAN_POINT('Ctrl Pts',(8.43658788857237,24.2,9.48622357053154));
#16493=CARTESIAN_POINT('',(9.57070455220762,24.2,9.39505663615572));
#16494=CARTESIAN_POINT('',(9.57070455220762,24.2,9.39505663615572));
#16495=CARTESIAN_POINT('',(10.7339946348431,24.2,9.39505663615572));
#16496=CARTESIAN_POINT('',(10.7339946348431,24.2,9.39505663615572));
#16497=CARTESIAN_POINT('',(10.7339946348431,24.2,4.75648301511375));
#16498=CARTESIAN_POINT('',(10.7339946348431,24.2,4.75648301511375));
#16499=CARTESIAN_POINT('',(9.57070455220762,24.2,4.75648301511375));
#16500=CARTESIAN_POINT('',(9.57070455220762,24.2,4.75648301511375));
#16501=CARTESIAN_POINT('',(9.57070455220762,24.2,6.17139383662655));
#16502=CARTESIAN_POINT('',(9.57070455220762,24.2,6.17139383662655));
#16503=CARTESIAN_POINT('Ctrl Pts',(8.64809517632428,24.2,5.93435980724941));
#16504=CARTESIAN_POINT('Ctrl Pts',(8.92888933420182,24.2,5.93435980724941));
#16505=CARTESIAN_POINT('Ctrl Pts',(9.33731720020551,24.2,6.04740680587543));
#16506=CARTESIAN_POINT('Ctrl Pts',(9.57070455220762,24.2,6.17139383662655));
#16507=CARTESIAN_POINT('Ctrl Pts',(7.08002390506009,24.2,7.74311178526577));
#16508=CARTESIAN_POINT('Ctrl Pts',(7.08002390506009,24.9,7.74311178526577));
#16509=CARTESIAN_POINT('Ctrl Pts',(7.08002390506009,24.2,6.92990273063341));
#16510=CARTESIAN_POINT('Ctrl Pts',(7.08002390506009,24.9,6.92990273063341));
#16511=CARTESIAN_POINT('Ctrl Pts',(7.98439989406827,24.2,5.93435980724941));
#16512=CARTESIAN_POINT('Ctrl Pts',(7.98439989406827,24.9,5.93435980724941));
#16513=CARTESIAN_POINT('Ctrl Pts',(8.64809517632428,24.2,5.93435980724941));
#16514=CARTESIAN_POINT('Ctrl Pts',(8.64809517632428,24.9,5.93435980724941));
#16515=CARTESIAN_POINT('',(8.64809517632428,24.9,5.93435980724941));
#16516=CARTESIAN_POINT('',(7.08002390506009,24.9,7.74311178526577));
#16517=CARTESIAN_POINT('Ctrl Pts',(8.43658788857237,24.2,9.48622357053154));
#16518=CARTESIAN_POINT('Ctrl Pts',(8.43658788857237,24.9,9.48622357053154));
#16519=CARTESIAN_POINT('Ctrl Pts',(7.79112599319152,24.2,9.48622357053154));
#16520=CARTESIAN_POINT('Ctrl Pts',(7.79112599319152,24.9,9.48622357053154));
#16521=CARTESIAN_POINT('Ctrl Pts',(7.08002390506009,24.2,8.54902748514806));
#16522=CARTESIAN_POINT('Ctrl Pts',(7.08002390506009,24.9,8.54902748514806));
#16523=CARTESIAN_POINT('Ctrl Pts',(7.08002390506009,24.2,7.74311178526577));
#16524=CARTESIAN_POINT('Ctrl Pts',(7.08002390506009,24.9,7.74311178526577));
#16525=CARTESIAN_POINT('',(8.43658788857237,24.9,9.48622357053154));
#16526=CARTESIAN_POINT('Ctrl Pts',(9.57070455220762,24.2,9.03768225340248));
#16527=CARTESIAN_POINT('Ctrl Pts',(9.57070455220762,24.9,9.03768225340248));
#16528=CARTESIAN_POINT('Ctrl Pts',(9.31543713595531,24.2,9.2382495090293));
#16529=CARTESIAN_POINT('Ctrl Pts',(9.31543713595531,24.9,9.2382495090293));
#16530=CARTESIAN_POINT('Ctrl Pts',(8.7830222392005,24.2,9.48622357053154));
#16531=CARTESIAN_POINT('Ctrl Pts',(8.7830222392005,24.9,9.48622357053154));
#16532=CARTESIAN_POINT('Ctrl Pts',(8.43658788857237,24.2,9.48622357053154));
#16533=CARTESIAN_POINT('Ctrl Pts',(8.43658788857237,24.9,9.48622357053154));
#16534=CARTESIAN_POINT('',(9.57070455220762,24.9,9.03768225340248));
#16535=CARTESIAN_POINT('Origin',(9.57070455220762,24.9,9.2163694447791));
#16536=CARTESIAN_POINT('',(9.57070455220762,24.9,9.39505663615572));
#16537=CARTESIAN_POINT('Origin',(10.1523495935254,24.9,9.39505663615572));
#16538=CARTESIAN_POINT('',(10.7339946348431,24.9,9.39505663615572));
#16539=CARTESIAN_POINT('Origin',(10.7339946348431,24.9,7.07576982563473));
#16540=CARTESIAN_POINT('',(10.7339946348431,24.9,4.75648301511375));
#16541=CARTESIAN_POINT('Origin',(10.1523495935254,24.9,4.75648301511375));
#16542=CARTESIAN_POINT('',(9.57070455220762,24.9,4.75648301511375));
#16543=CARTESIAN_POINT('Origin',(9.57070455220762,24.9,5.46393842587015));
#16544=CARTESIAN_POINT('',(9.57070455220762,24.9,6.17139383662655));
#16545=CARTESIAN_POINT('Ctrl Pts',(8.64809517632428,24.2,5.93435980724941));
#16546=CARTESIAN_POINT('Ctrl Pts',(8.64809517632428,24.9,5.93435980724941));
#16547=CARTESIAN_POINT('Ctrl Pts',(8.92888933420182,24.2,5.93435980724941));
#16548=CARTESIAN_POINT('Ctrl Pts',(8.92888933420182,24.9,5.93435980724941));
#16549=CARTESIAN_POINT('Ctrl Pts',(9.33731720020551,24.2,6.04740680587543));
#16550=CARTESIAN_POINT('Ctrl Pts',(9.33731720020551,24.9,6.04740680587543));
#16551=CARTESIAN_POINT('Ctrl Pts',(9.57070455220762,24.2,6.17139383662655));
#16552=CARTESIAN_POINT('Ctrl Pts',(9.57070455220762,24.9,6.17139383662655));
#16553=CARTESIAN_POINT('Ctrl Pts',(12.5463933380535,24.2,7.68841162464028));
#16554=CARTESIAN_POINT('Ctrl Pts',(12.5463933380535,24.9,7.68841162464028));
#16555=CARTESIAN_POINT('Ctrl Pts',(12.5463933380535,24.2,7.99108584676801));
#16556=CARTESIAN_POINT('Ctrl Pts',(12.5463933380535,24.9,7.99108584676801));
#16557=CARTESIAN_POINT('Ctrl Pts',(12.6557936593045,24.2,8.39586703539668));
#16558=CARTESIAN_POINT('Ctrl Pts',(12.6557936593045,24.9,8.39586703539668));
#16559=CARTESIAN_POINT('Ctrl Pts',(12.7506072710554,24.2,8.51620738877276));
#16560=CARTESIAN_POINT('Ctrl Pts',(12.7506072710554,24.9,8.51620738877276));
#16561=CARTESIAN_POINT('',(12.5463933380535,24.2,7.68841162464028));
#16562=CARTESIAN_POINT('',(12.7506072710554,24.2,8.51620738877276));
#16563=CARTESIAN_POINT('Ctrl Pts',(12.5463933380535,24.2,7.68841162464028));
#16564=CARTESIAN_POINT('Ctrl Pts',(12.5463933380535,24.2,7.99108584676801));
#16565=CARTESIAN_POINT('Ctrl Pts',(12.6557936593045,24.2,8.39586703539668));
#16566=CARTESIAN_POINT('Ctrl Pts',(12.7506072710554,24.2,8.51620738877276));
#16567=CARTESIAN_POINT('',(12.7506072710554,24.9,8.51620738877276));
#16568=CARTESIAN_POINT('',(12.7506072710554,24.9,8.51620738877276));
#16569=CARTESIAN_POINT('',(12.5463933380535,24.9,7.68841162464028));
#16570=CARTESIAN_POINT('Ctrl Pts',(12.5463933380535,24.9,7.68841162464028));
#16571=CARTESIAN_POINT('Ctrl Pts',(12.5463933380535,24.9,7.99108584676801));
#16572=CARTESIAN_POINT('Ctrl Pts',(12.6557936593045,24.9,8.39586703539668));
#16573=CARTESIAN_POINT('Ctrl Pts',(12.7506072710554,24.9,8.51620738877276));
#16574=CARTESIAN_POINT('',(12.5463933380535,24.9,7.68841162464028));
#16575=CARTESIAN_POINT('Ctrl Pts',(12.7506072710554,24.2,8.51620738877276));
#16576=CARTESIAN_POINT('Ctrl Pts',(12.7506072710554,24.9,8.51620738877276));
#16577=CARTESIAN_POINT('Ctrl Pts',(12.8563609149313,24.2,8.64384109689892));
#16578=CARTESIAN_POINT('Ctrl Pts',(12.8563609149313,24.9,8.64384109689892));
#16579=CARTESIAN_POINT('Ctrl Pts',(13.1152750085587,24.2,8.74230138602481));
#16580=CARTESIAN_POINT('Ctrl Pts',(13.1152750085587,24.9,8.74230138602481));
#16581=CARTESIAN_POINT('Ctrl Pts',(13.2793754904351,24.2,8.74230138602481));
#16582=CARTESIAN_POINT('Ctrl Pts',(13.2793754904351,24.9,8.74230138602481));
#16583=CARTESIAN_POINT('',(13.2793754904351,24.2,8.74230138602481));
#16584=CARTESIAN_POINT('Ctrl Pts',(12.7506072710554,24.2,8.51620738877276));
#16585=CARTESIAN_POINT('Ctrl Pts',(12.8563609149313,24.2,8.64384109689892));
#16586=CARTESIAN_POINT('Ctrl Pts',(13.1152750085587,24.2,8.74230138602481));
#16587=CARTESIAN_POINT('Ctrl Pts',(13.2793754904351,24.2,8.74230138602481));
#16588=CARTESIAN_POINT('',(13.2793754904351,24.9,8.74230138602481));
#16589=CARTESIAN_POINT('',(13.2793754904351,24.9,8.74230138602481));
#16590=CARTESIAN_POINT('Ctrl Pts',(12.7506072710554,24.9,8.51620738877276));
#16591=CARTESIAN_POINT('Ctrl Pts',(12.8563609149313,24.9,8.64384109689892));
#16592=CARTESIAN_POINT('Ctrl Pts',(13.1152750085587,24.9,8.74230138602481));
#16593=CARTESIAN_POINT('Ctrl Pts',(13.2793754904351,24.9,8.74230138602481));
#16594=CARTESIAN_POINT('Ctrl Pts',(13.2793754904351,24.2,8.74230138602481));
#16595=CARTESIAN_POINT('Ctrl Pts',(13.2793754904351,24.9,8.74230138602481));
#16596=CARTESIAN_POINT('Ctrl Pts',(13.4361826175616,24.2,8.74230138602481));
#16597=CARTESIAN_POINT('Ctrl Pts',(13.4361826175616,24.9,8.74230138602481));
#16598=CARTESIAN_POINT('Ctrl Pts',(13.6878033564388,24.2,8.65478112902402));
#16599=CARTESIAN_POINT('Ctrl Pts',(13.6878033564388,24.9,8.65478112902402));
#16600=CARTESIAN_POINT('Ctrl Pts',(13.7935570003148,24.2,8.5307940982729));
#16601=CARTESIAN_POINT('Ctrl Pts',(13.7935570003148,24.9,8.5307940982729));
#16602=CARTESIAN_POINT('',(13.7935570003148,24.2,8.5307940982729));
#16603=CARTESIAN_POINT('Ctrl Pts',(13.2793754904351,24.2,8.74230138602481));
#16604=CARTESIAN_POINT('Ctrl Pts',(13.4361826175616,24.2,8.74230138602481));
#16605=CARTESIAN_POINT('Ctrl Pts',(13.6878033564388,24.2,8.65478112902402));
#16606=CARTESIAN_POINT('Ctrl Pts',(13.7935570003148,24.2,8.5307940982729));
#16607=CARTESIAN_POINT('',(13.7935570003148,24.9,8.5307940982729));
#16608=CARTESIAN_POINT('',(13.7935570003148,24.9,8.5307940982729));
#16609=CARTESIAN_POINT('Ctrl Pts',(13.2793754904351,24.9,8.74230138602481));
#16610=CARTESIAN_POINT('Ctrl Pts',(13.4361826175616,24.9,8.74230138602481));
#16611=CARTESIAN_POINT('Ctrl Pts',(13.6878033564388,24.9,8.65478112902402));
#16612=CARTESIAN_POINT('Ctrl Pts',(13.7935570003148,24.9,8.5307940982729));
#16613=CARTESIAN_POINT('Ctrl Pts',(13.7935570003148,24.2,8.5307940982729));
#16614=CARTESIAN_POINT('Ctrl Pts',(13.7935570003148,24.9,8.5307940982729));
#16615=CARTESIAN_POINT('Ctrl Pts',(13.8920172894407,24.2,8.41410042227184));
#16616=CARTESIAN_POINT('Ctrl Pts',(13.8920172894407,24.9,8.41410042227184));
#16617=CARTESIAN_POINT('Ctrl Pts',(14.0123576428168,24.2,8.00202587889311));
#16618=CARTESIAN_POINT('Ctrl Pts',(14.0123576428168,24.9,8.00202587889311));
#16619=CARTESIAN_POINT('Ctrl Pts',(14.0123576428168,24.2,7.68841162464028));
#16620=CARTESIAN_POINT('Ctrl Pts',(14.0123576428168,24.9,7.68841162464028));
#16621=CARTESIAN_POINT('',(14.0123576428168,24.2,7.68841162464028));
#16622=CARTESIAN_POINT('Ctrl Pts',(13.7935570003148,24.2,8.5307940982729));
#16623=CARTESIAN_POINT('Ctrl Pts',(13.8920172894407,24.2,8.41410042227184));
#16624=CARTESIAN_POINT('Ctrl Pts',(14.0123576428168,24.2,8.00202587889311));
#16625=CARTESIAN_POINT('Ctrl Pts',(14.0123576428168,24.2,7.68841162464028));
#16626=CARTESIAN_POINT('',(14.0123576428168,24.9,7.68841162464028));
#16627=CARTESIAN_POINT('',(14.0123576428168,24.9,7.68841162464028));
#16628=CARTESIAN_POINT('Ctrl Pts',(13.7935570003148,24.9,8.5307940982729));
#16629=CARTESIAN_POINT('Ctrl Pts',(13.8920172894407,24.9,8.41410042227184));
#16630=CARTESIAN_POINT('Ctrl Pts',(14.0123576428168,24.9,8.00202587889311));
#16631=CARTESIAN_POINT('Ctrl Pts',(14.0123576428168,24.9,7.68841162464028));
#16632=CARTESIAN_POINT('Ctrl Pts',(14.0123576428168,24.2,7.68841162464028));
#16633=CARTESIAN_POINT('Ctrl Pts',(14.0123576428168,24.9,7.68841162464028));
#16634=CARTESIAN_POINT('Ctrl Pts',(14.0123576428168,24.2,7.37844404776247));
#16635=CARTESIAN_POINT('Ctrl Pts',(14.0123576428168,24.9,7.37844404776247));
#16636=CARTESIAN_POINT('Ctrl Pts',(13.8993106441907,24.2,6.99554292338401));
#16637=CARTESIAN_POINT('Ctrl Pts',(13.8993106441907,24.9,6.99554292338401));
#16638=CARTESIAN_POINT('Ctrl Pts',(13.81179038719,24.2,6.87884924738295));
#16639=CARTESIAN_POINT('Ctrl Pts',(13.81179038719,24.9,6.87884924738295));
#16640=CARTESIAN_POINT('',(13.81179038719,24.2,6.87884924738295));
#16641=CARTESIAN_POINT('Ctrl Pts',(14.0123576428168,24.2,7.68841162464028));
#16642=CARTESIAN_POINT('Ctrl Pts',(14.0123576428168,24.2,7.37844404776247));
#16643=CARTESIAN_POINT('Ctrl Pts',(13.8993106441907,24.2,6.99554292338401));
#16644=CARTESIAN_POINT('Ctrl Pts',(13.81179038719,24.2,6.87884924738295));
#16645=CARTESIAN_POINT('',(13.81179038719,24.9,6.87884924738295));
#16646=CARTESIAN_POINT('',(13.81179038719,24.9,6.87884924738295));
#16647=CARTESIAN_POINT('Ctrl Pts',(14.0123576428168,24.9,7.68841162464028));
#16648=CARTESIAN_POINT('Ctrl Pts',(14.0123576428168,24.9,7.37844404776247));
#16649=CARTESIAN_POINT('Ctrl Pts',(13.8993106441907,24.9,6.99554292338401));
#16650=CARTESIAN_POINT('Ctrl Pts',(13.81179038719,24.9,6.87884924738295));
#16651=CARTESIAN_POINT('Ctrl Pts',(13.81179038719,24.2,6.87884924738295));
#16652=CARTESIAN_POINT('Ctrl Pts',(13.81179038719,24.9,6.87884924738295));
#16653=CARTESIAN_POINT('Ctrl Pts',(13.7169767754391,24.2,6.7621555713819));
#16654=CARTESIAN_POINT('Ctrl Pts',(13.7169767754391,24.9,6.7621555713819));
#16655=CARTESIAN_POINT('Ctrl Pts',(13.4398292949366,24.2,6.65275525013091));
#16656=CARTESIAN_POINT('Ctrl Pts',(13.4398292949366,24.9,6.65275525013091));
#16657=CARTESIAN_POINT('Ctrl Pts',(13.26843545831,24.2,6.65275525013091));
#16658=CARTESIAN_POINT('Ctrl Pts',(13.26843545831,24.9,6.65275525013091));
#16659=CARTESIAN_POINT('',(13.26843545831,24.2,6.65275525013091));
#16660=CARTESIAN_POINT('Ctrl Pts',(13.81179038719,24.2,6.87884924738295));
#16661=CARTESIAN_POINT('Ctrl Pts',(13.7169767754391,24.2,6.7621555713819));
#16662=CARTESIAN_POINT('Ctrl Pts',(13.4398292949366,24.2,6.65275525013091));
#16663=CARTESIAN_POINT('Ctrl Pts',(13.26843545831,24.2,6.65275525013091));
#16664=CARTESIAN_POINT('',(13.26843545831,24.9,6.65275525013091));
#16665=CARTESIAN_POINT('',(13.26843545831,24.9,6.65275525013091));
#16666=CARTESIAN_POINT('Ctrl Pts',(13.81179038719,24.9,6.87884924738295));
#16667=CARTESIAN_POINT('Ctrl Pts',(13.7169767754391,24.9,6.7621555713819));
#16668=CARTESIAN_POINT('Ctrl Pts',(13.4398292949366,24.9,6.65275525013091));
#16669=CARTESIAN_POINT('Ctrl Pts',(13.26843545831,24.9,6.65275525013091));
#16670=CARTESIAN_POINT('Ctrl Pts',(13.26843545831,24.2,6.65275525013091));
#16671=CARTESIAN_POINT('Ctrl Pts',(13.26843545831,24.9,6.65275525013091));
#16672=CARTESIAN_POINT('Ctrl Pts',(13.1298617180588,24.2,6.65275525013091));
#16673=CARTESIAN_POINT('Ctrl Pts',(13.1298617180588,24.9,6.65275525013091));
#16674=CARTESIAN_POINT('Ctrl Pts',(12.8417742054312,24.2,6.7621555713819));
#16675=CARTESIAN_POINT('Ctrl Pts',(12.8417742054312,24.9,6.7621555713819));
#16676=CARTESIAN_POINT('Ctrl Pts',(12.7542539484304,24.2,6.87155589263289));
#16677=CARTESIAN_POINT('Ctrl Pts',(12.7542539484304,24.9,6.87155589263289));
#16678=CARTESIAN_POINT('',(12.7542539484304,24.2,6.87155589263289));
#16679=CARTESIAN_POINT('Ctrl Pts',(13.26843545831,24.2,6.65275525013091));
#16680=CARTESIAN_POINT('Ctrl Pts',(13.1298617180588,24.2,6.65275525013091));
#16681=CARTESIAN_POINT('Ctrl Pts',(12.8417742054312,24.2,6.7621555713819));
#16682=CARTESIAN_POINT('Ctrl Pts',(12.7542539484304,24.2,6.87155589263289));
#16683=CARTESIAN_POINT('',(12.7542539484304,24.9,6.87155589263289));
#16684=CARTESIAN_POINT('',(12.7542539484304,24.9,6.87155589263289));
#16685=CARTESIAN_POINT('Ctrl Pts',(13.26843545831,24.9,6.65275525013091));
#16686=CARTESIAN_POINT('Ctrl Pts',(13.1298617180588,24.9,6.65275525013091));
#16687=CARTESIAN_POINT('Ctrl Pts',(12.8417742054312,24.9,6.7621555713819));
#16688=CARTESIAN_POINT('Ctrl Pts',(12.7542539484304,24.9,6.87155589263289));
#16689=CARTESIAN_POINT('Ctrl Pts',(12.7542539484304,24.2,6.87155589263289));
#16690=CARTESIAN_POINT('Ctrl Pts',(12.7542539484304,24.9,6.87155589263289));
#16691=CARTESIAN_POINT('Ctrl Pts',(12.6521469819295,24.2,6.99918960075904));
#16692=CARTESIAN_POINT('Ctrl Pts',(12.6521469819295,24.9,6.99918960075904));
#16693=CARTESIAN_POINT('Ctrl Pts',(12.5463933380535,24.2,7.36750401563737));
#16694=CARTESIAN_POINT('Ctrl Pts',(12.5463933380535,24.9,7.36750401563737));
#16695=CARTESIAN_POINT('Ctrl Pts',(12.5463933380535,24.2,7.68841162464028));
#16696=CARTESIAN_POINT('Ctrl Pts',(12.5463933380535,24.9,7.68841162464028));
#16697=CARTESIAN_POINT('Ctrl Pts',(12.7542539484304,24.2,6.87155589263289));
#16698=CARTESIAN_POINT('Ctrl Pts',(12.6521469819295,24.2,6.99918960075904));
#16699=CARTESIAN_POINT('Ctrl Pts',(12.5463933380535,24.2,7.36750401563737));
#16700=CARTESIAN_POINT('Ctrl Pts',(12.5463933380535,24.2,7.68841162464028));
#16701=CARTESIAN_POINT('Ctrl Pts',(12.7542539484304,24.9,6.87155589263289));
#16702=CARTESIAN_POINT('Ctrl Pts',(12.6521469819295,24.9,6.99918960075904));
#16703=CARTESIAN_POINT('Ctrl Pts',(12.5463933380535,24.9,7.36750401563737));
#16704=CARTESIAN_POINT('Ctrl Pts',(12.5463933380535,24.9,7.68841162464028));
#16705=CARTESIAN_POINT('Origin',(24.9,24.2,0.));
#16706=CARTESIAN_POINT('',(11.3539298364177,24.2,7.69570497939034));
#16707=CARTESIAN_POINT('',(13.2793754904351,24.2,5.89424635612404));
#16708=CARTESIAN_POINT('Ctrl Pts',(11.3539298364177,24.2,7.69570497939034));
#16709=CARTESIAN_POINT('Ctrl Pts',(11.3539298364177,24.2,6.85696918313275));
#16710=CARTESIAN_POINT('Ctrl Pts',(12.3604127919268,24.2,5.89424635612404));
#16711=CARTESIAN_POINT('Ctrl Pts',(13.2793754904351,24.2,5.89424635612404));
#16712=CARTESIAN_POINT('',(13.2793754904351,24.2,9.50081028003167));
#16713=CARTESIAN_POINT('Ctrl Pts',(13.2793754904351,24.2,9.50081028003167));
#16714=CARTESIAN_POINT('Ctrl Pts',(12.3640594693019,24.2,9.50081028003167));
#16715=CARTESIAN_POINT('Ctrl Pts',(11.3539298364177,24.2,8.53808745302296));
#16716=CARTESIAN_POINT('Ctrl Pts',(11.3539298364177,24.2,7.69570497939034));
#16717=CARTESIAN_POINT('',(15.2048211444526,24.2,7.69570497939034));
#16718=CARTESIAN_POINT('Ctrl Pts',(15.2048211444526,24.2,7.69570497939034));
#16719=CARTESIAN_POINT('Ctrl Pts',(15.2048211444526,24.2,8.54173413039799));
#16720=CARTESIAN_POINT('Ctrl Pts',(14.1910448341934,24.2,9.50081028003167));
#16721=CARTESIAN_POINT('Ctrl Pts',(13.2793754904351,24.2,9.50081028003167));
#16722=CARTESIAN_POINT('Ctrl Pts',(13.2793754904351,24.2,5.89424635612404));
#16723=CARTESIAN_POINT('Ctrl Pts',(14.1910448341934,24.2,5.89424635612404));
#16724=CARTESIAN_POINT('Ctrl Pts',(15.2048211444526,24.2,6.85696918313275));
#16725=CARTESIAN_POINT('Ctrl Pts',(15.2048211444526,24.2,7.69570497939034));
#16726=CARTESIAN_POINT('Ctrl Pts',(11.3539298364177,24.2,7.69570497939034));
#16727=CARTESIAN_POINT('Ctrl Pts',(11.3539298364177,24.9,7.69570497939034));
#16728=CARTESIAN_POINT('Ctrl Pts',(11.3539298364177,24.2,6.85696918313275));
#16729=CARTESIAN_POINT('Ctrl Pts',(11.3539298364177,24.9,6.85696918313275));
#16730=CARTESIAN_POINT('Ctrl Pts',(12.3604127919268,24.2,5.89424635612404));
#16731=CARTESIAN_POINT('Ctrl Pts',(12.3604127919268,24.9,5.89424635612404));
#16732=CARTESIAN_POINT('Ctrl Pts',(13.2793754904351,24.2,5.89424635612404));
#16733=CARTESIAN_POINT('Ctrl Pts',(13.2793754904351,24.9,5.89424635612404));
#16734=CARTESIAN_POINT('',(13.2793754904351,24.9,5.89424635612404));
#16735=CARTESIAN_POINT('',(11.3539298364177,24.9,7.69570497939034));
#16736=CARTESIAN_POINT('Ctrl Pts',(13.2793754904351,24.2,9.50081028003167));
#16737=CARTESIAN_POINT('Ctrl Pts',(13.2793754904351,24.9,9.50081028003167));
#16738=CARTESIAN_POINT('Ctrl Pts',(12.3640594693019,24.2,9.50081028003167));
#16739=CARTESIAN_POINT('Ctrl Pts',(12.3640594693019,24.9,9.50081028003167));
#16740=CARTESIAN_POINT('Ctrl Pts',(11.3539298364177,24.2,8.53808745302296));
#16741=CARTESIAN_POINT('Ctrl Pts',(11.3539298364177,24.9,8.53808745302296));
#16742=CARTESIAN_POINT('Ctrl Pts',(11.3539298364177,24.2,7.69570497939034));
#16743=CARTESIAN_POINT('Ctrl Pts',(11.3539298364177,24.9,7.69570497939034));
#16744=CARTESIAN_POINT('',(13.2793754904351,24.9,9.50081028003167));
#16745=CARTESIAN_POINT('Ctrl Pts',(15.2048211444526,24.2,7.69570497939034));
#16746=CARTESIAN_POINT('Ctrl Pts',(15.2048211444526,24.9,7.69570497939034));
#16747=CARTESIAN_POINT('Ctrl Pts',(15.2048211444526,24.2,8.54173413039799));
#16748=CARTESIAN_POINT('Ctrl Pts',(15.2048211444526,24.9,8.54173413039799));
#16749=CARTESIAN_POINT('Ctrl Pts',(14.1910448341934,24.2,9.50081028003167));
#16750=CARTESIAN_POINT('Ctrl Pts',(14.1910448341934,24.9,9.50081028003167));
#16751=CARTESIAN_POINT('Ctrl Pts',(13.2793754904351,24.2,9.50081028003167));
#16752=CARTESIAN_POINT('Ctrl Pts',(13.2793754904351,24.9,9.50081028003167));
#16753=CARTESIAN_POINT('',(15.2048211444526,24.9,7.69570497939034));
#16754=CARTESIAN_POINT('Ctrl Pts',(13.2793754904351,24.2,5.89424635612404));
#16755=CARTESIAN_POINT('Ctrl Pts',(13.2793754904351,24.9,5.89424635612404));
#16756=CARTESIAN_POINT('Ctrl Pts',(14.1910448341934,24.2,5.89424635612404));
#16757=CARTESIAN_POINT('Ctrl Pts',(14.1910448341934,24.9,5.89424635612404));
#16758=CARTESIAN_POINT('Ctrl Pts',(15.2048211444526,24.2,6.85696918313275));
#16759=CARTESIAN_POINT('Ctrl Pts',(15.2048211444526,24.9,6.85696918313275));
#16760=CARTESIAN_POINT('Ctrl Pts',(15.2048211444526,24.2,7.69570497939034));
#16761=CARTESIAN_POINT('Ctrl Pts',(15.2048211444526,24.9,7.69570497939034));
#16762=CARTESIAN_POINT('Origin',(24.9,24.2,0.));
#16763=CARTESIAN_POINT('',(-3.99858192647875,24.2,5.90518638824914));
#16764=CARTESIAN_POINT('',(-1.93091585483504,24.2,7.62641810926472));
#16765=CARTESIAN_POINT('Ctrl Pts',(-3.99858192647875,24.2,5.90518638824914));
#16766=CARTESIAN_POINT('Ctrl Pts',(-3.00303900309474,24.2,5.90518638824914));
#16767=CARTESIAN_POINT('Ctrl Pts',(-1.93091585483504,24.2,6.78038895825706));
#16768=CARTESIAN_POINT('Ctrl Pts',(-1.93091585483504,24.2,7.62641810926472));
#16769=CARTESIAN_POINT('',(-6.06989467549749,24.2,7.63006478663975));
#16770=CARTESIAN_POINT('Ctrl Pts',(-6.06989467549749,24.2,7.63006478663975));
#16771=CARTESIAN_POINT('Ctrl Pts',(-6.06989467549749,24.2,6.79862234513223));
#16772=CARTESIAN_POINT('Ctrl Pts',(-5.02329826886302,24.2,5.90518638824914));
#16773=CARTESIAN_POINT('Ctrl Pts',(-3.99858192647875,24.2,5.90518638824914));
#16774=CARTESIAN_POINT('',(-6.06989467549749,24.2,10.4999998807907));
#16775=CARTESIAN_POINT('',(-6.06989467549749,24.2,10.4999998807907));
#16776=CARTESIAN_POINT('',(-4.83002436798627,24.2,10.4999998807907));
#16777=CARTESIAN_POINT('',(-4.83002436798627,24.2,10.4999998807907));
#16778=CARTESIAN_POINT('',(-4.83002436798627,24.2,7.69205830201531));
#16779=CARTESIAN_POINT('',(-4.83002436798627,24.2,7.69205830201531));
#16780=CARTESIAN_POINT('',(-3.99858192647875,24.2,6.7621555713819));
#16781=CARTESIAN_POINT('Ctrl Pts',(-3.99858192647875,24.2,6.7621555713819));
#16782=CARTESIAN_POINT('Ctrl Pts',(-4.42888985673264,24.2,6.7621555713819));
#16783=CARTESIAN_POINT('Ctrl Pts',(-4.83002436798627,24.2,7.20340353376089));
#16784=CARTESIAN_POINT('Ctrl Pts',(-4.83002436798627,24.2,7.69205830201531));
#16785=CARTESIAN_POINT('',(-3.17078616234626,24.2,7.69205830201531));
#16786=CARTESIAN_POINT('Ctrl Pts',(-3.17078616234626,24.2,7.69205830201531));
#16787=CARTESIAN_POINT('Ctrl Pts',(-3.17078616234626,24.2,7.22163692063605));
#16788=CARTESIAN_POINT('Ctrl Pts',(-3.56098064147479,24.2,6.7621555713819));
#16789=CARTESIAN_POINT('Ctrl Pts',(-3.99858192647875,24.2,6.7621555713819));
#16790=CARTESIAN_POINT('',(-3.17078616234626,24.2,10.4999998807907));
#16791=CARTESIAN_POINT('',(-3.17078616234626,24.2,10.4999998807907));
#16792=CARTESIAN_POINT('',(-1.93091585483504,24.2,10.4999998807907));
#16793=CARTESIAN_POINT('',(-1.93091585483504,24.2,10.4999998807907));
#16794=CARTESIAN_POINT('',(-1.93091585483504,24.2,7.62641810926472));
#16795=CARTESIAN_POINT('Ctrl Pts',(-3.99858192647875,24.2,5.90518638824914));
#16796=CARTESIAN_POINT('Ctrl Pts',(-3.99858192647875,24.9,5.90518638824914));
#16797=CARTESIAN_POINT('Ctrl Pts',(-3.00303900309474,24.2,5.90518638824914));
#16798=CARTESIAN_POINT('Ctrl Pts',(-3.00303900309474,24.9,5.90518638824914));
#16799=CARTESIAN_POINT('Ctrl Pts',(-1.93091585483504,24.2,6.78038895825706));
#16800=CARTESIAN_POINT('Ctrl Pts',(-1.93091585483504,24.9,6.78038895825706));
#16801=CARTESIAN_POINT('Ctrl Pts',(-1.93091585483504,24.2,7.62641810926472));
#16802=CARTESIAN_POINT('Ctrl Pts',(-1.93091585483504,24.9,7.62641810926472));
#16803=CARTESIAN_POINT('',(-1.93091585483504,24.9,7.62641810926472));
#16804=CARTESIAN_POINT('',(-3.99858192647875,24.9,5.90518638824914));
#16805=CARTESIAN_POINT('Ctrl Pts',(-6.06989467549749,24.2,7.63006478663975));
#16806=CARTESIAN_POINT('Ctrl Pts',(-6.06989467549749,24.9,7.63006478663975));
#16807=CARTESIAN_POINT('Ctrl Pts',(-6.06989467549749,24.2,6.79862234513223));
#16808=CARTESIAN_POINT('Ctrl Pts',(-6.06989467549749,24.9,6.79862234513223));
#16809=CARTESIAN_POINT('Ctrl Pts',(-5.02329826886302,24.2,5.90518638824914));
#16810=CARTESIAN_POINT('Ctrl Pts',(-5.02329826886302,24.9,5.90518638824914));
#16811=CARTESIAN_POINT('Ctrl Pts',(-3.99858192647875,24.2,5.90518638824914));
#16812=CARTESIAN_POINT('Ctrl Pts',(-3.99858192647875,24.9,5.90518638824914));
#16813=CARTESIAN_POINT('',(-6.06989467549749,24.9,7.63006478663975));
#16814=CARTESIAN_POINT('Origin',(-6.06989467549749,24.9,9.06503233371523));
#16815=CARTESIAN_POINT('',(-6.06989467549749,24.9,10.4999998807907));
#16816=CARTESIAN_POINT('Origin',(-5.44995952174188,24.9,10.4999998807907));
#16817=CARTESIAN_POINT('',(-4.83002436798627,24.9,10.4999998807907));
#16818=CARTESIAN_POINT('Origin',(-4.83002436798627,24.9,9.09602909140301));
#16819=CARTESIAN_POINT('',(-4.83002436798627,24.9,7.69205830201531));
#16820=CARTESIAN_POINT('Ctrl Pts',(-3.99858192647875,24.2,6.7621555713819));
#16821=CARTESIAN_POINT('Ctrl Pts',(-3.99858192647875,24.9,6.7621555713819));
#16822=CARTESIAN_POINT('Ctrl Pts',(-4.42888985673264,24.2,6.7621555713819));
#16823=CARTESIAN_POINT('Ctrl Pts',(-4.42888985673264,24.9,6.7621555713819));
#16824=CARTESIAN_POINT('Ctrl Pts',(-4.83002436798627,24.2,7.20340353376089));
#16825=CARTESIAN_POINT('Ctrl Pts',(-4.83002436798627,24.9,7.20340353376089));
#16826=CARTESIAN_POINT('Ctrl Pts',(-4.83002436798627,24.2,7.69205830201531));
#16827=CARTESIAN_POINT('Ctrl Pts',(-4.83002436798627,24.9,7.69205830201531));
#16828=CARTESIAN_POINT('',(-3.99858192647875,24.9,6.7621555713819));
#16829=CARTESIAN_POINT('Ctrl Pts',(-3.17078616234626,24.2,7.69205830201531));
#16830=CARTESIAN_POINT('Ctrl Pts',(-3.17078616234626,24.9,7.69205830201531));
#16831=CARTESIAN_POINT('Ctrl Pts',(-3.17078616234626,24.2,7.22163692063605));
#16832=CARTESIAN_POINT('Ctrl Pts',(-3.17078616234626,24.9,7.22163692063605));
#16833=CARTESIAN_POINT('Ctrl Pts',(-3.56098064147479,24.2,6.7621555713819));
#16834=CARTESIAN_POINT('Ctrl Pts',(-3.56098064147479,24.9,6.7621555713819));
#16835=CARTESIAN_POINT('Ctrl Pts',(-3.99858192647875,24.2,6.7621555713819));
#16836=CARTESIAN_POINT('Ctrl Pts',(-3.99858192647875,24.9,6.7621555713819));
#16837=CARTESIAN_POINT('',(-3.17078616234626,24.9,7.69205830201531));
#16838=CARTESIAN_POINT('Origin',(-3.17078616234626,24.9,9.09602909140301));
#16839=CARTESIAN_POINT('',(-3.17078616234626,24.9,10.4999998807907));
#16840=CARTESIAN_POINT('Origin',(-2.55085100859065,24.9,10.4999998807907));
#16841=CARTESIAN_POINT('',(-1.93091585483504,24.9,10.4999998807907));
#16842=CARTESIAN_POINT('Origin',(-1.93091585483504,24.9,9.06320899502771));
#16843=CARTESIAN_POINT('Origin',(24.9,24.2,0.));
#16844=CARTESIAN_POINT('',(-15.1792949143453,24.2,6.));
#16845=CARTESIAN_POINT('',(-11.5472042488124,24.2,6.));
#16846=CARTESIAN_POINT('',(-15.1792949143453,24.2,6.));
#16847=CARTESIAN_POINT('',(-15.1792949143453,24.2,6.84967582838269));
#16848=CARTESIAN_POINT('',(-15.1792949143453,24.2,6.84967582838269));
#16849=CARTESIAN_POINT('',(-13.0861021010764,24.2,6.84967582838269));
#16850=CARTESIAN_POINT('',(-13.0861021010764,24.2,6.84967582838269));
#16851=CARTESIAN_POINT('',(-14.0743516697103,24.2,7.62641810926471));
#16852=CARTESIAN_POINT('Ctrl Pts',(-14.0743516697103,24.2,7.62641810926471));
#16853=CARTESIAN_POINT('Ctrl Pts',(-13.7753241249576,24.2,7.35656398351227));
#16854=CARTESIAN_POINT('Ctrl Pts',(-13.2100891318275,24.2,6.93719608538348));
#16855=CARTESIAN_POINT('Ctrl Pts',(-13.0861021010764,24.2,6.84967582838269));
#16856=CARTESIAN_POINT('',(-14.9641409492184,24.2,9.2273094769042));
#16857=CARTESIAN_POINT('Ctrl Pts',(-14.9641409492184,24.2,9.2273094769042));
#16858=CARTESIAN_POINT('Ctrl Pts',(-14.9641409492184,24.2,8.8298216430256));
#16859=CARTESIAN_POINT('Ctrl Pts',(-14.5520664058396,24.2,8.06401939426867));
#16860=CARTESIAN_POINT('Ctrl Pts',(-14.0743516697103,24.2,7.62641810926471));
#16861=CARTESIAN_POINT('',(-13.1772690354522,24.2,10.5875201377915));
#16862=CARTESIAN_POINT('Ctrl Pts',(-13.1772690354522,24.2,10.5875201377915));
#16863=CARTESIAN_POINT('Ctrl Pts',(-14.0561182828351,24.2,10.5875201377915));
#16864=CARTESIAN_POINT('Ctrl Pts',(-14.9641409492184,24.2,9.87277137228504));
#16865=CARTESIAN_POINT('Ctrl Pts',(-14.9641409492184,24.2,9.2273094769042));
#16866=CARTESIAN_POINT('',(-11.6675446021885,24.2,10.306725979914));
#16867=CARTESIAN_POINT('Ctrl Pts',(-11.6675446021885,24.2,10.306725979914));
#16868=CARTESIAN_POINT('Ctrl Pts',(-11.8754052125654,24.2,10.3978929142898));
#16869=CARTESIAN_POINT('Ctrl Pts',(-12.7651944920735,24.2,10.5875201377915));
#16870=CARTESIAN_POINT('Ctrl Pts',(-13.1772690354522,24.2,10.5875201377915));
#16871=CARTESIAN_POINT('',(-11.6675446021885,24.2,9.32576976603009));
#16872=CARTESIAN_POINT('',(-11.6675446021885,24.2,9.32576976603009));
#16873=CARTESIAN_POINT('',(-11.7623582139394,24.2,9.32576976603009));
#16874=CARTESIAN_POINT('',(-11.7623582139394,24.2,9.32576976603009));
#16875=CARTESIAN_POINT('',(-12.2327795953186,24.2,9.57739050490736));
#16876=CARTESIAN_POINT('Ctrl Pts',(-12.2327795953186,24.2,9.57739050490736));
#16877=CARTESIAN_POINT('Ctrl Pts',(-12.0613857586921,24.2,9.50810363478174));
#16878=CARTESIAN_POINT('Ctrl Pts',(-11.8243517293149,24.2,9.36223653978042));
#16879=CARTESIAN_POINT('Ctrl Pts',(-11.7623582139394,24.2,9.32576976603009));
#16880=CARTESIAN_POINT('',(-12.9292949739499,24.2,9.72690427728372));
#16881=CARTESIAN_POINT('Ctrl Pts',(-12.9292949739499,24.2,9.72690427728372));
#16882=CARTESIAN_POINT('Ctrl Pts',(-12.7396677504482,24.2,9.72690427728372));
#16883=CARTESIAN_POINT('Ctrl Pts',(-12.4041734319452,24.2,9.64303069765796));
#16884=CARTESIAN_POINT('Ctrl Pts',(-12.2327795953186,24.2,9.57739050490736));
#16885=CARTESIAN_POINT('',(-13.709683932207,24.2,9.07779570452784));
#16886=CARTESIAN_POINT('Ctrl Pts',(-13.709683932207,24.2,9.07779570452784));
#16887=CARTESIAN_POINT('Ctrl Pts',(-13.709683932207,24.2,9.39140995878068));
#16888=CARTESIAN_POINT('Ctrl Pts',(-13.2976093888283,24.2,9.72690427728372));
#16889=CARTESIAN_POINT('Ctrl Pts',(-12.9292949739499,24.2,9.72690427728372));
#16890=CARTESIAN_POINT('',(-13.0204619083258,24.2,7.92544565401742));
#16891=CARTESIAN_POINT('Ctrl Pts',(-13.0204619083258,24.2,7.92544565401742));
#16892=CARTESIAN_POINT('Ctrl Pts',(-13.3851296458291,24.2,8.27188000464555));
#16893=CARTESIAN_POINT('Ctrl Pts',(-13.709683932207,24.2,8.80064822402534));
#16894=CARTESIAN_POINT('Ctrl Pts',(-13.709683932207,24.2,9.07779570452784));
#16895=CARTESIAN_POINT('',(-11.5472042488124,24.2,6.73298215238163));
#16896=CARTESIAN_POINT('Ctrl Pts',(-11.5472042488124,24.2,6.73298215238163));
#16897=CARTESIAN_POINT('Ctrl Pts',(-12.0103322754416,24.2,7.06847647088467));
#16898=CARTESIAN_POINT('Ctrl Pts',(-12.7433144278233,24.2,7.65923820564001));
#16899=CARTESIAN_POINT('Ctrl Pts',(-13.0204619083258,24.2,7.92544565401742));
#16900=CARTESIAN_POINT('',(-11.5472042488124,24.2,6.));
#16901=CARTESIAN_POINT('Origin',(-13.3632495815789,24.9,6.));
#16902=CARTESIAN_POINT('',(-11.5472042488124,24.9,6.));
#16903=CARTESIAN_POINT('',(-15.1792949143453,24.9,6.));
#16904=CARTESIAN_POINT('Origin',(-15.1792949143453,24.9,6.42483791419134));
#16905=CARTESIAN_POINT('',(-15.1792949143453,24.9,6.84967582838269));
#16906=CARTESIAN_POINT('Origin',(-14.1326985077108,24.9,6.84967582838269));
#16907=CARTESIAN_POINT('',(-13.0861021010764,24.9,6.84967582838269));
#16908=CARTESIAN_POINT('Ctrl Pts',(-14.0743516697103,24.2,7.62641810926471));
#16909=CARTESIAN_POINT('Ctrl Pts',(-14.0743516697103,24.9,7.62641810926471));
#16910=CARTESIAN_POINT('Ctrl Pts',(-13.7753241249576,24.2,7.35656398351227));
#16911=CARTESIAN_POINT('Ctrl Pts',(-13.7753241249576,24.9,7.35656398351227));
#16912=CARTESIAN_POINT('Ctrl Pts',(-13.2100891318275,24.2,6.93719608538348));
#16913=CARTESIAN_POINT('Ctrl Pts',(-13.2100891318275,24.9,6.93719608538348));
#16914=CARTESIAN_POINT('Ctrl Pts',(-13.0861021010764,24.2,6.84967582838269));
#16915=CARTESIAN_POINT('Ctrl Pts',(-13.0861021010764,24.9,6.84967582838269));
#16916=CARTESIAN_POINT('',(-14.0743516697103,24.9,7.62641810926471));
#16917=CARTESIAN_POINT('Ctrl Pts',(-14.9641409492184,24.2,9.2273094769042));
#16918=CARTESIAN_POINT('Ctrl Pts',(-14.9641409492184,24.9,9.2273094769042));
#16919=CARTESIAN_POINT('Ctrl Pts',(-14.9641409492184,24.2,8.8298216430256));
#16920=CARTESIAN_POINT('Ctrl Pts',(-14.9641409492184,24.9,8.8298216430256));
#16921=CARTESIAN_POINT('Ctrl Pts',(-14.5520664058396,24.2,8.06401939426867));
#16922=CARTESIAN_POINT('Ctrl Pts',(-14.5520664058396,24.9,8.06401939426867));
#16923=CARTESIAN_POINT('Ctrl Pts',(-14.0743516697103,24.2,7.62641810926471));
#16924=CARTESIAN_POINT('Ctrl Pts',(-14.0743516697103,24.9,7.62641810926471));
#16925=CARTESIAN_POINT('',(-14.9641409492184,24.9,9.2273094769042));
#16926=CARTESIAN_POINT('Ctrl Pts',(-13.1772690354522,24.2,10.5875201377915));
#16927=CARTESIAN_POINT('Ctrl Pts',(-13.1772690354522,24.9,10.5875201377915));
#16928=CARTESIAN_POINT('Ctrl Pts',(-14.0561182828351,24.2,10.5875201377915));
#16929=CARTESIAN_POINT('Ctrl Pts',(-14.0561182828351,24.9,10.5875201377915));
#16930=CARTESIAN_POINT('Ctrl Pts',(-14.9641409492184,24.2,9.87277137228504));
#16931=CARTESIAN_POINT('Ctrl Pts',(-14.9641409492184,24.9,9.87277137228504));
#16932=CARTESIAN_POINT('Ctrl Pts',(-14.9641409492184,24.2,9.2273094769042));
#16933=CARTESIAN_POINT('Ctrl Pts',(-14.9641409492184,24.9,9.2273094769042));
#16934=CARTESIAN_POINT('',(-13.1772690354522,24.9,10.5875201377915));
#16935=CARTESIAN_POINT('Ctrl Pts',(-11.6675446021885,24.2,10.306725979914));
#16936=CARTESIAN_POINT('Ctrl Pts',(-11.6675446021885,24.9,10.306725979914));
#16937=CARTESIAN_POINT('Ctrl Pts',(-11.8754052125654,24.2,10.3978929142898));
#16938=CARTESIAN_POINT('Ctrl Pts',(-11.8754052125654,24.9,10.3978929142898));
#16939=CARTESIAN_POINT('Ctrl Pts',(-12.7651944920735,24.2,10.5875201377915));
#16940=CARTESIAN_POINT('Ctrl Pts',(-12.7651944920735,24.9,10.5875201377915));
#16941=CARTESIAN_POINT('Ctrl Pts',(-13.1772690354522,24.2,10.5875201377915));
#16942=CARTESIAN_POINT('Ctrl Pts',(-13.1772690354522,24.9,10.5875201377915));
#16943=CARTESIAN_POINT('',(-11.6675446021885,24.9,10.306725979914));
#16944=CARTESIAN_POINT('Origin',(-11.6675446021885,24.9,9.81624787297203));
#16945=CARTESIAN_POINT('',(-11.6675446021885,24.9,9.32576976603009));
#16946=CARTESIAN_POINT('Origin',(-11.714951408064,24.9,9.32576976603009));
#16947=CARTESIAN_POINT('',(-11.7623582139394,24.9,9.32576976603009));
#16948=CARTESIAN_POINT('Ctrl Pts',(-12.2327795953186,24.2,9.57739050490736));
#16949=CARTESIAN_POINT('Ctrl Pts',(-12.2327795953186,24.9,9.57739050490736));
#16950=CARTESIAN_POINT('Ctrl Pts',(-12.0613857586921,24.2,9.50810363478174));
#16951=CARTESIAN_POINT('Ctrl Pts',(-12.0613857586921,24.9,9.50810363478174));
#16952=CARTESIAN_POINT('Ctrl Pts',(-11.8243517293149,24.2,9.36223653978042));
#16953=CARTESIAN_POINT('Ctrl Pts',(-11.8243517293149,24.9,9.36223653978042));
#16954=CARTESIAN_POINT('Ctrl Pts',(-11.7623582139394,24.2,9.32576976603009));
#16955=CARTESIAN_POINT('Ctrl Pts',(-11.7623582139394,24.9,9.32576976603009));
#16956=CARTESIAN_POINT('',(-12.2327795953186,24.9,9.57739050490736));
#16957=CARTESIAN_POINT('Ctrl Pts',(-12.9292949739499,24.2,9.72690427728372));
#16958=CARTESIAN_POINT('Ctrl Pts',(-12.9292949739499,24.9,9.72690427728372));
#16959=CARTESIAN_POINT('Ctrl Pts',(-12.7396677504482,24.2,9.72690427728372));
#16960=CARTESIAN_POINT('Ctrl Pts',(-12.7396677504482,24.9,9.72690427728372));
#16961=CARTESIAN_POINT('Ctrl Pts',(-12.4041734319452,24.2,9.64303069765796));
#16962=CARTESIAN_POINT('Ctrl Pts',(-12.4041734319452,24.9,9.64303069765796));
#16963=CARTESIAN_POINT('Ctrl Pts',(-12.2327795953186,24.2,9.57739050490736));
#16964=CARTESIAN_POINT('Ctrl Pts',(-12.2327795953186,24.9,9.57739050490736));
#16965=CARTESIAN_POINT('',(-12.9292949739499,24.9,9.72690427728372));
#16966=CARTESIAN_POINT('Ctrl Pts',(-13.709683932207,24.2,9.07779570452784));
#16967=CARTESIAN_POINT('Ctrl Pts',(-13.709683932207,24.9,9.07779570452784));
#16968=CARTESIAN_POINT('Ctrl Pts',(-13.709683932207,24.2,9.39140995878068));
#16969=CARTESIAN_POINT('Ctrl Pts',(-13.709683932207,24.9,9.39140995878068));
#16970=CARTESIAN_POINT('Ctrl Pts',(-13.2976093888283,24.2,9.72690427728372));
#16971=CARTESIAN_POINT('Ctrl Pts',(-13.2976093888283,24.9,9.72690427728372));
#16972=CARTESIAN_POINT('Ctrl Pts',(-12.9292949739499,24.2,9.72690427728372));
#16973=CARTESIAN_POINT('Ctrl Pts',(-12.9292949739499,24.9,9.72690427728372));
#16974=CARTESIAN_POINT('',(-13.709683932207,24.9,9.07779570452784));
#16975=CARTESIAN_POINT('Ctrl Pts',(-13.0204619083258,24.2,7.92544565401742));
#16976=CARTESIAN_POINT('Ctrl Pts',(-13.0204619083258,24.9,7.92544565401742));
#16977=CARTESIAN_POINT('Ctrl Pts',(-13.3851296458291,24.2,8.27188000464555));
#16978=CARTESIAN_POINT('Ctrl Pts',(-13.3851296458291,24.9,8.27188000464555));
#16979=CARTESIAN_POINT('Ctrl Pts',(-13.709683932207,24.2,8.80064822402534));
#16980=CARTESIAN_POINT('Ctrl Pts',(-13.709683932207,24.9,8.80064822402534));
#16981=CARTESIAN_POINT('Ctrl Pts',(-13.709683932207,24.2,9.07779570452784));
#16982=CARTESIAN_POINT('Ctrl Pts',(-13.709683932207,24.9,9.07779570452784));
#16983=CARTESIAN_POINT('',(-13.0204619083258,24.9,7.92544565401742));
#16984=CARTESIAN_POINT('Ctrl Pts',(-11.5472042488124,24.2,6.73298215238163));
#16985=CARTESIAN_POINT('Ctrl Pts',(-11.5472042488124,24.9,6.73298215238163));
#16986=CARTESIAN_POINT('Ctrl Pts',(-12.0103322754416,24.2,7.06847647088467));
#16987=CARTESIAN_POINT('Ctrl Pts',(-12.0103322754416,24.9,7.06847647088467));
#16988=CARTESIAN_POINT('Ctrl Pts',(-12.7433144278233,24.2,7.65923820564001));
#16989=CARTESIAN_POINT('Ctrl Pts',(-12.7433144278233,24.9,7.65923820564001));
#16990=CARTESIAN_POINT('Ctrl Pts',(-13.0204619083258,24.2,7.92544565401742));
#16991=CARTESIAN_POINT('Ctrl Pts',(-13.0204619083258,24.9,7.92544565401742));
#16992=CARTESIAN_POINT('',(-11.5472042488124,24.9,6.73298215238163));
#16993=CARTESIAN_POINT('Origin',(-11.5472042488124,24.9,6.36649107619082));
#16994=CARTESIAN_POINT('Origin',(24.9,24.9,0.));
#16995=CARTESIAN_POINT('Origin',(24.9,24.9,0.));
#16996=CARTESIAN_POINT('Origin',(-12.3,13.,22.5166604983954));
#16997=CARTESIAN_POINT('Origin',(-12.3,-13.,22.5166604983954));
#16998=CARTESIAN_POINT('Origin',(14.5,-20.65,10.8));
#16999=CARTESIAN_POINT('',(13.244427617314,-18.5905890170269,10.8));
#17000=CARTESIAN_POINT('',(13.994427617314,-18.5905890170269,10.8));
#17001=CARTESIAN_POINT('',(13.244427617314,0.174999999999998,10.8));
#17002=CARTESIAN_POINT('Origin',(17.125,-20.65,17.8));
#17003=CARTESIAN_POINT('',(11.875,-20.65,17.8));
#17004=CARTESIAN_POINT('Origin',(14.5,-20.65,17.8));
#17005=CARTESIAN_POINT('Origin',(14.5,-20.65,17.3));
#17006=CARTESIAN_POINT('',(11.875,-20.65,16.8));
#17007=CARTESIAN_POINT('',(11.875,-20.65,17.3));
#17008=CARTESIAN_POINT('Origin',(14.5,-20.65,16.8));
#17009=CARTESIAN_POINT('Origin',(17.15,-20.65,16.8));
#17010=CARTESIAN_POINT('Origin',(13.994427617314,0.,0.));
#17011=CARTESIAN_POINT('Origin',(13.244427617314,0.,0.));
#17012=CARTESIAN_POINT('Origin',(-14.5,-20.65,13.8));
#17013=CARTESIAN_POINT('',(-11.85,-20.65,16.8));
#17014=CARTESIAN_POINT('Origin',(-14.5,-20.65,16.8));
#17015=CARTESIAN_POINT('',(-11.85,-20.65,10.8));
#17016=CARTESIAN_POINT('',(-11.85,-20.65,13.8));
#17017=CARTESIAN_POINT('Origin',(-14.5,-20.65,10.8));
#17018=CARTESIAN_POINT('Origin',(-14.5,-20.65,10.8));
#17019=CARTESIAN_POINT('Origin',(-17.125,-20.65,17.8));
#17020=CARTESIAN_POINT('',(-11.875,-20.65,17.8));
#17021=CARTESIAN_POINT('Origin',(-14.5,-20.65,17.8));
#17022=CARTESIAN_POINT('Origin',(-14.5,-20.65,17.3));
#17023=CARTESIAN_POINT('',(-11.875,-20.65,16.8));
#17024=CARTESIAN_POINT('',(-11.875,-20.65,17.3));
#17025=CARTESIAN_POINT('Origin',(-14.5,-20.65,16.8));
#17026=CARTESIAN_POINT('Origin',(-17.15,-20.65,16.8));
#17027=CARTESIAN_POINT('Origin',(14.5,20.65,13.8));
#17028=CARTESIAN_POINT('',(11.85,20.65,16.8));
#17029=CARTESIAN_POINT('Origin',(14.5,20.65,16.8));
#17030=CARTESIAN_POINT('',(11.85,20.65,13.8));
#17031=CARTESIAN_POINT('',(13.244427617314,18.31632521721,11.2588734133303));
#17032=CARTESIAN_POINT('Ctrl Pts',(13.2444276173127,18.3163252172094,11.2588734133314));
#17033=CARTESIAN_POINT('Ctrl Pts',(13.3025477514146,18.285055206583,11.3097445496478));
#17034=CARTESIAN_POINT('Ctrl Pts',(13.362821494301,18.2554308353693,11.3574626452623));
#17035=CARTESIAN_POINT('Ctrl Pts',(13.5689590102002,18.1639493108988,11.5037144888019));
#17036=CARTESIAN_POINT('Ctrl Pts',(13.7414469052048,18.1037674815981,11.5978167062044));
#17037=CARTESIAN_POINT('Ctrl Pts',(14.1129938331669,18.0215157166726,11.7252172697766));
#17038=CARTESIAN_POINT('Ctrl Pts',(14.312360115612,18.,11.7579760163049));
#17039=CARTESIAN_POINT('Ctrl Pts',(14.5799715140728,18.,11.7579760163049));
#17040=CARTESIAN_POINT('Ctrl Pts',(14.6621422893104,18.0036744622722,11.7523572395724));
#17041=CARTESIAN_POINT('Ctrl Pts',(14.7444276173139,18.0112966934696,11.7406640110264));
#17042=CARTESIAN_POINT('',(13.244427617314,18.3163252172087,13.8));
#17043=CARTESIAN_POINT('Origin',(17.125,20.65,17.8));
#17044=CARTESIAN_POINT('',(11.875,20.65,17.8));
#17045=CARTESIAN_POINT('Origin',(14.5,20.65,17.8));
#17046=CARTESIAN_POINT('Origin',(14.5,20.65,17.3));
#17047=CARTESIAN_POINT('',(11.875,20.65,16.8));
#17048=CARTESIAN_POINT('',(11.875,20.65,17.3));
#17049=CARTESIAN_POINT('Origin',(14.5,20.65,16.8));
#17050=CARTESIAN_POINT('Origin',(17.15,20.65,16.8));
#17051=CARTESIAN_POINT('Origin',(13.994427617314,0.,0.));
#17052=CARTESIAN_POINT('',(13.244427617314,16.3,14.0199857346575));
#17053=CARTESIAN_POINT('',(13.994427617314,16.3,14.0199857346575));
#17054=CARTESIAN_POINT('Origin',(13.244427617314,0.,0.));
#17055=CARTESIAN_POINT('Origin',(13.994427617314,0.,0.));
#17056=CARTESIAN_POINT('Origin',(13.244427617314,0.,0.));
#17057=CARTESIAN_POINT('Origin',(13.244427617314,21.,0.));
#17058=CARTESIAN_POINT('',(13.244427617314,16.3,13.2404682696648));
#17059=CARTESIAN_POINT('',(13.244427617314,16.3,0.));
#17060=CARTESIAN_POINT('Origin',(13.244427617314,0.,0.));
#17061=CARTESIAN_POINT('Origin',(-14.5,20.65,13.8));
#17062=CARTESIAN_POINT('',(-11.85,20.65,16.8));
#17063=CARTESIAN_POINT('Origin',(-14.5,20.65,16.8));
#17064=CARTESIAN_POINT('',(-11.85,20.65,10.8));
#17065=CARTESIAN_POINT('',(-11.85,20.65,13.8));
#17066=CARTESIAN_POINT('Origin',(-14.5,20.65,10.8));
#17067=CARTESIAN_POINT('Origin',(-14.5,20.65,10.8));
#17068=CARTESIAN_POINT('Origin',(-17.125,20.65,17.8));
#17069=CARTESIAN_POINT('',(-11.875,20.65,17.8));
#17070=CARTESIAN_POINT('Origin',(-14.5,20.65,17.8));
#17071=CARTESIAN_POINT('Origin',(-14.5,20.65,17.3));
#17072=CARTESIAN_POINT('',(-11.875,20.65,16.8));
#17073=CARTESIAN_POINT('',(-11.875,20.65,17.3));
#17074=CARTESIAN_POINT('Origin',(-14.5,20.65,16.8));
#17075=CARTESIAN_POINT('Origin',(-17.15,20.65,16.8));
#17076=CARTESIAN_POINT('Origin',(5.3,-6.49062803548098E-16,0.));
#17077=CARTESIAN_POINT('',(5.3,-21.2,-49.7333928040204));
#17078=CARTESIAN_POINT('Origin',(8.7,-21.2,0.));
#17079=CARTESIAN_POINT('',(8.7,-21.2,-49.7333928040204));
#17080=CARTESIAN_POINT('Origin',(7.,-21.2,21.));
#17081=CARTESIAN_POINT('',(8.7,-21.2,21.));
#17082=CARTESIAN_POINT('Origin',(7.,-21.2,21.));
#17083=CARTESIAN_POINT('Origin',(7.,-21.2,-49.7333928040204));
#17084=CARTESIAN_POINT('',(8.7,-21.2,-49.7333928040204));
#17085=CARTESIAN_POINT('Origin',(-5.3,-21.2,0.));
#17086=CARTESIAN_POINT('',(-5.3,-21.2,0.));
#17087=CARTESIAN_POINT('Origin',(-7.,-21.2,0.));
#17088=CARTESIAN_POINT('',(-8.7,-21.2,0.));
#17089=CARTESIAN_POINT('Origin',(-8.7,1.0654427152582E-15,0.));
#17090=CARTESIAN_POINT('Origin',(-7.,-21.2,11.5));
#17091=CARTESIAN_POINT('',(-5.65,-21.2,23.));
#17092=CARTESIAN_POINT('',(-5.65,-21.2,11.5));
#17093=CARTESIAN_POINT('Origin',(-7.,-21.2,23.));
#17094=CARTESIAN_POINT('Origin',(-7.,-21.2,23.));
#17095=CARTESIAN_POINT('Origin',(7.,21.2,0.));
#17096=CARTESIAN_POINT('',(8.7,21.2,0.));
#17097=CARTESIAN_POINT('Origin',(8.7,0.,0.));
#17098=CARTESIAN_POINT('Origin',(-5.3,0.,0.));
#17099=CARTESIAN_POINT('',(-5.3,21.2,-49.7333928040204));
#17100=CARTESIAN_POINT('Origin',(7.,21.2,11.5));
#17101=CARTESIAN_POINT('',(5.65,21.2,23.));
#17102=CARTESIAN_POINT('',(5.65,21.2,11.5));
#17103=CARTESIAN_POINT('Origin',(7.,21.2,23.));
#17104=CARTESIAN_POINT('Origin',(7.,21.2,23.));
#17105=CARTESIAN_POINT('Origin',(-3.8,24.9,25.));
#17106=CARTESIAN_POINT('',(-3.8,21.2,21.));
#17107=CARTESIAN_POINT('',(-3.8,23.975,21.));
#17108=CARTESIAN_POINT('',(-3.8,21.2,23.));
#17109=CARTESIAN_POINT('Origin',(-7.,21.2,23.));
#17110=CARTESIAN_POINT('Origin',(-7.,21.2,21.));
#17111=CARTESIAN_POINT('Origin',(-7.,21.2,-49.7333928040204));
#17112=CARTESIAN_POINT('',(-8.7,21.2,21.));
#17113=CARTESIAN_POINT('Origin',(-7.,21.2,21.));
#17114=CARTESIAN_POINT('',(-8.7,21.2,-49.7333928040204));
#17115=CARTESIAN_POINT('Origin',(-7.,21.2,21.));
#17116=CARTESIAN_POINT('Origin',(-7.5,0.,0.));
#17117=CARTESIAN_POINT('Origin',(16.9,16.3,0.));
#17118=CARTESIAN_POINT('',(16.9,16.3,0.));
#17119=CARTESIAN_POINT('',(11.5759725876821,16.3,10.8843924956793));
#17120=CARTESIAN_POINT('',(1.38798629384104,16.3,10.8843924956793));
#17121=CARTESIAN_POINT('Ctrl Pts',(13.244427617314,16.3,13.2404682696648));
#17122=CARTESIAN_POINT('Ctrl Pts',(12.3287279954968,16.3,12.0218083865681));
#17123=CARTESIAN_POINT('Ctrl Pts',(11.5759725876812,16.3,10.884392495678));
#17124=CARTESIAN_POINT('Origin',(16.9,-16.3,0.));
#17125=CARTESIAN_POINT('',(16.9,7.04561495250878,20.8412885863851));
#17126=CARTESIAN_POINT('',(16.9,7.04561495250878,9.37883399409485));
#17127=CARTESIAN_POINT('',(16.9,-7.04561495250877,20.8412885863851));
#17128=CARTESIAN_POINT('Origin',(16.9,0.,0.));
#17129=CARTESIAN_POINT('',(16.9,-7.04561495250877,9.37883399409485));
#17130=CARTESIAN_POINT('Origin',(-7.5,0.,0.));
#17131=CARTESIAN_POINT('Origin',(1.38798629384104,0.,0.));
#17132=CARTESIAN_POINT('Origin',(13.244427617314,21.,0.));
#17133=CARTESIAN_POINT('Origin',(13.244427617314,0.,0.));
#17134=CARTESIAN_POINT('Origin',(13.994427617314,0.,0.));
#17135=CARTESIAN_POINT('Origin',(-0.500000000000005,7.04561495250878,18.7576679881897));
#17136=CARTESIAN_POINT('',(23.9,7.04561495250878,20.3127868580602));
#17137=CARTESIAN_POINT('',(23.15,7.04561495250878,20.3127868580602));
#17138=CARTESIAN_POINT('',(23.9,7.04561495250878,20.8412885863851));
#17139=CARTESIAN_POINT('',(23.9,7.04561495250878,9.37883399409485));
#17140=CARTESIAN_POINT('',(16.9,7.04561495250878,20.8412885863851));
#17141=CARTESIAN_POINT('Origin',(-0.500000000000005,-7.04561495250877,18.7576679881897));
#17142=CARTESIAN_POINT('',(23.9,-7.04561495250877,20.8412885863851));
#17143=CARTESIAN_POINT('',(16.9,-7.04561495250877,20.8412885863851));
#17144=CARTESIAN_POINT('',(23.9,-7.04561495250877,9.37883399409486));
#17145=CARTESIAN_POINT('Origin',(16.9,0.,0.));
#17146=CARTESIAN_POINT('Origin',(23.9,6.45023591768327E-14,-8.42287718270637E-15));
#17147=CARTESIAN_POINT('Origin',(9.90000000000001,19.3576679881897,7.04561495250877));
#17148=CARTESIAN_POINT('Origin',(9.90000000000001,-19.3576679881897,-7.04561495250877));
#17149=CARTESIAN_POINT('Origin',(16.9,0.,0.));
#17150=CARTESIAN_POINT('Origin',(23.9,-6.45023591768327E-14,8.42287718270636E-15));
#17151=CARTESIAN_POINT('Origin',(-15.8,19.6,0.));
#17152=CARTESIAN_POINT('Origin',(-15.8,0.,0.));
#17153=CARTESIAN_POINT('Origin',(1.38798629384104,0.,0.));
#17154=CARTESIAN_POINT('Origin',(11.5759725876821,0.,0.));
#17155=CARTESIAN_POINT('Origin',(12.410200102498,0.,0.));
#17156=CARTESIAN_POINT('Origin',(16.9,0.,0.));
#17157=CARTESIAN_POINT('Origin',(23.9,8.42287718270636E-15,6.45023591768327E-14));
#17158=CARTESIAN_POINT('Origin',(-20.35,0.,0.));
#17159=CARTESIAN_POINT('Origin',(-20.35,0.,0.));
#17160=CARTESIAN_POINT('Origin',(23.15,0.,0.));
#17161=CARTESIAN_POINT('Origin',(23.9,0.,0.));
#17162=CARTESIAN_POINT('Origin',(23.9,21.5,0.));
#17163=CARTESIAN_POINT('Origin',(-24.9,-24.9,0.));
#17164=CARTESIAN_POINT('Origin',(24.9,24.9,0.));
#17165=UNCERTAINTY_MEASURE_WITH_UNIT(LENGTH_MEASURE(0.01),#17169,
'DISTANCE_ACCURACY_VALUE',
'Maximum model space distance between geometric entities at asserted c
onnectivities');
#17166=UNCERTAINTY_MEASURE_WITH_UNIT(LENGTH_MEASURE(0.01),#17169,
'DISTANCE_ACCURACY_VALUE',
'Maximum model space distance between geometric entities at asserted c
onnectivities');
#17167=(
GEOMETRIC_REPRESENTATION_CONTEXT(3)
GLOBAL_UNCERTAINTY_ASSIGNED_CONTEXT((#17165))
GLOBAL_UNIT_ASSIGNED_CONTEXT((#17169,#17171,#17172))
REPRESENTATION_CONTEXT('','3D')
);
#17168=(
GEOMETRIC_REPRESENTATION_CONTEXT(3)
GLOBAL_UNCERTAINTY_ASSIGNED_CONTEXT((#17166))
GLOBAL_UNIT_ASSIGNED_CONTEXT((#17169,#17171,#17172))
REPRESENTATION_CONTEXT('','3D')
);
#17169=(
LENGTH_UNIT()
NAMED_UNIT(*)
SI_UNIT(.MILLI.,.METRE.)
);
#17170=(
LENGTH_UNIT()
NAMED_UNIT(*)
SI_UNIT(.CENTI.,.METRE.)
);
#17171=(
NAMED_UNIT(*)
PLANE_ANGLE_UNIT()
SI_UNIT($,.RADIAN.)
);
#17172=(
NAMED_UNIT(*)
SI_UNIT($,.STERADIAN.)
SOLID_ANGLE_UNIT()
);
#17173=SHAPE_DEFINITION_REPRESENTATION(#17174,#17175);
#17174=PRODUCT_DEFINITION_SHAPE('',$,#17177);
#17175=SHAPE_REPRESENTATION('',(#8917),#17167);
#17176=PRODUCT_DEFINITION_CONTEXT('part definition',#17181,'design');
#17177=PRODUCT_DEFINITION('PRT - OBJHOL_CLENS-100TEL',
'PRT - 1008 - OBJHOL_CLENS-100TEL',#17178,#17176);
#17178=PRODUCT_DEFINITION_FORMATION('',$,#17183);
#17179=PRODUCT_RELATED_PRODUCT_CATEGORY(
'PRT - 1008 - OBJHOL_CLENS-100TEL','PRT - 1008 - OBJHOL_CLENS-100TEL',(#17183));
#17180=APPLICATION_PROTOCOL_DEFINITION('international standard',
'automotive_design',2009,#17181);
#17181=APPLICATION_CONTEXT(
'Core Data for Automotive Mechanical Design Process');
#17182=PRODUCT_CONTEXT('part definition',#17181,'mechanical');
#17183=PRODUCT('PRT - OBJHOL_CLENS-100TEL',
'PRT - 1008 - OBJHOL_CLENS-100TEL',
'Objektivhalterung-Halbschale Teleobjektiv',(#17182));
#17184=PRESENTATION_STYLE_ASSIGNMENT((#17185));
#17185=SURFACE_STYLE_USAGE(.BOTH.,#17188);
#17186=SURFACE_STYLE_RENDERING_WITH_PROPERTIES($,#17192,(#17187));
#17187=SURFACE_STYLE_TRANSPARENT(0.);
#17188=SURFACE_SIDE_STYLE('',(#17189,#17186));
#17189=SURFACE_STYLE_FILL_AREA(#17190);
#17190=FILL_AREA_STYLE('',(#17191));
#17191=FILL_AREA_STYLE_COLOUR('',#17192);
#17192=COLOUR_RGB('',0.749019607843137,0.749019607843137,0.749019607843137);
ENDSEC;
END-ISO-10303-21;
