ISO-10303-21;
HEADER;
/* Generated by software containing ST-Developer
 * from STEP Tools, Inc. (www.steptools.com) 
 */

FILE_DESCRIPTION(
/* description */ ('Insert for mirror holder upper part'),
/* implementation_level */ '2;1');

FILE_NAME(
/* name */ 'PRT - 2110 - MASINSMIRHOLLOW - C.stp',
/* time_stamp */ '2026-08-25T14:33:13+02:00',
/* author */ ('benir'),
/* organization */ (''),
/* preprocessor_version */ 'ST-DEVELOPER v20',
/* originating_system */ 'Autodesk Inventor 2025',
/* authorisation */ '');

FILE_SCHEMA (('AUTOMOTIVE_DESIGN { 1 0 10303 214 3 1 1 }'));
ENDSEC;

DATA;
#10=MECHANICAL_DESIGN_GEOMETRIC_PRESENTATION_REPRESENTATION('',(#16),#6792);
#11=GEOMETRICALLY_BOUNDED_WIREFRAME_SHAPE_REPRESENTATION('',(#12),#6791);
#12=GEOMETRIC_CURVE_SET('####### bis hierher ###########',(#6788));
#13=SHAPE_REPRESENTATION_RELATIONSHIP('SRR','None',#6799,#15);
#14=SHAPE_REPRESENTATION_RELATIONSHIP('SRR','None',#6799,#11);
#15=ADVANCED_BREP_SHAPE_REPRESENTATION('',(#17),#6791);
#16=STYLED_ITEM('',(#6808),#17);
#17=MANIFOLD_SOLID_BREP('lower holder fixed mirror',#2660);
#18=(
BOUNDED_SURFACE()
B_SPLINE_SURFACE(2,2,((#6652,#6653,#6654,#6655,#6656),(#6657,#6658,#6659,
#6660,#6661),(#6662,#6663,#6664,#6665,#6666)),.UNSPECIFIED.,.F.,.F.,.F.)
B_SPLINE_SURFACE_WITH_KNOTS((3,3),(3,2,3),(-0.722734247813414,-0.139279027609756),
(-2.39255138882838,-1.18154289954821,0.0294655897319564),.UNSPECIFIED.)
GEOMETRIC_REPRESENTATION_ITEM()
RATIONAL_B_SPLINE_SURFACE(((1.,0.822215197850315,1.,0.822215197850315,1.),
(0.957748431801216,0.787475316344265,0.957748431801216,0.787475316344265,
0.957748431801216),(1.,0.822215197850315,1.,0.822215197850315,1.)))
REPRESENTATION_ITEM('')
SURFACE()
);
#19=(
BOUNDED_SURFACE()
B_SPLINE_SURFACE(2,2,((#6671,#6672,#6673,#6674,#6675),(#6676,#6677,#6678,
#6679,#6680),(#6681,#6682,#6683,#6684,#6685)),.UNSPECIFIED.,.F.,.F.,.F.)
B_SPLINE_SURFACE_WITH_KNOTS((3,3),(3,2,3),(-0.722734247813413,-0.139279027609744),
(-2.39255138882838,-1.18154289954821,0.0294655897319599),.UNSPECIFIED.)
GEOMETRIC_REPRESENTATION_ITEM()
RATIONAL_B_SPLINE_SURFACE(((1.,0.822215197850314,1.,0.822215197850314,1.),
(0.957748431801126,0.787475316344191,0.957748431801126,0.787475316344191,
0.957748431801126),(1.,0.822215197850314,1.,0.822215197850314,1.)))
REPRESENTATION_ITEM('')
SURFACE()
);
#20=(
BOUNDED_SURFACE()
B_SPLINE_SURFACE(2,2,((#6686,#6687,#6688,#6689,#6690),(#6691,#6692,#6693,
#6694,#6695),(#6696,#6697,#6698,#6699,#6700)),.UNSPECIFIED.,.F.,.F.,.F.)
B_SPLINE_SURFACE_WITH_KNOTS((3,3),(3,2,3),(-0.722734247813412,-0.139279027609756),
(-2.39255138882838,-1.18154289954821,0.0294655897319621),.UNSPECIFIED.)
GEOMETRIC_REPRESENTATION_ITEM()
RATIONAL_B_SPLINE_SURFACE(((1.,0.822215197850314,1.,0.822215197850314,1.),
(0.957748431801147,0.787475316344208,0.957748431801147,0.787475316344208,
0.957748431801147),(1.,0.822215197850314,1.,0.822215197850314,1.)))
REPRESENTATION_ITEM('')
SURFACE()
);
#21=(
BOUNDED_SURFACE()
B_SPLINE_SURFACE(2,2,((#6703,#6704,#6705,#6706,#6707),(#6708,#6709,#6710,
#6711,#6712),(#6713,#6714,#6715,#6716,#6717)),.UNSPECIFIED.,.F.,.F.,.F.)
B_SPLINE_SURFACE_WITH_KNOTS((3,3),(3,2,3),(-0.722734247813414,-0.139279027609756),
(-2.39255138882838,-1.18154289954821,0.029465589731954),.UNSPECIFIED.)
GEOMETRIC_REPRESENTATION_ITEM()
RATIONAL_B_SPLINE_SURFACE(((1.,0.822215197850315,1.,0.822215197850315,1.),
(0.957748431801165,0.787475316344224,0.957748431801165,0.787475316344224,
0.957748431801165),(1.,0.822215197850315,1.,0.822215197850315,1.)))
REPRESENTATION_ITEM('')
SURFACE()
);
#22=(
BOUNDED_SURFACE()
B_SPLINE_SURFACE(2,2,((#6720,#6721,#6722,#6723,#6724),(#6725,#6726,#6727,
#6728,#6729),(#6730,#6731,#6732,#6733,#6734)),.UNSPECIFIED.,.F.,.F.,.F.)
B_SPLINE_SURFACE_WITH_KNOTS((3,3),(3,2,3),(-0.722734247813414,-0.139279027609744),
(-2.39255138882838,-1.18154289954821,0.0294655897319559),.UNSPECIFIED.)
GEOMETRIC_REPRESENTATION_ITEM()
RATIONAL_B_SPLINE_SURFACE(((1.,0.822215197850315,1.,0.822215197850315,1.),
(0.957748431801172,0.787475316344229,0.957748431801172,0.787475316344229,
0.957748431801172),(1.,0.822215197850315,1.,0.822215197850315,1.)))
REPRESENTATION_ITEM('')
SURFACE()
);
#23=(
BOUNDED_SURFACE()
B_SPLINE_SURFACE(2,2,((#6737,#6738,#6739,#6740,#6741),(#6742,#6743,#6744,
#6745,#6746),(#6747,#6748,#6749,#6750,#6751)),.UNSPECIFIED.,.F.,.F.,.F.)
B_SPLINE_SURFACE_WITH_KNOTS((3,3),(3,2,3),(-0.722734247813414,-0.139279027609735),
(-2.39255138882838,-1.18154289954821,0.0294655897319596),.UNSPECIFIED.)
GEOMETRIC_REPRESENTATION_ITEM()
RATIONAL_B_SPLINE_SURFACE(((1.,0.822215197850314,1.,0.822215197850314,1.),
(0.957748431801149,0.78747531634421,0.957748431801149,0.78747531634421,
0.957748431801149),(1.,0.822215197850314,1.,0.822215197850314,1.)))
REPRESENTATION_ITEM('')
SURFACE()
);
#24=(
BOUNDED_SURFACE()
B_SPLINE_SURFACE(2,2,((#6754,#6755,#6756,#6757,#6758),(#6759,#6760,#6761,
#6762,#6763),(#6764,#6765,#6766,#6767,#6768)),.UNSPECIFIED.,.F.,.F.,.F.)
B_SPLINE_SURFACE_WITH_KNOTS((3,3),(3,2,3),(-0.722734247813415,-0.139279027609731),
(-2.39255138882838,-1.18154289954821,0.0294655897319562),.UNSPECIFIED.)
GEOMETRIC_REPRESENTATION_ITEM()
RATIONAL_B_SPLINE_SURFACE(((1.,0.822215197850315,1.,0.822215197850315,1.),
(0.957748431801167,0.787475316344226,0.957748431801167,0.787475316344226,
0.957748431801167),(1.,0.822215197850315,1.,0.822215197850315,1.)))
REPRESENTATION_ITEM('')
SURFACE()
);
#25=(
BOUNDED_SURFACE()
B_SPLINE_SURFACE(2,2,((#6771,#6772,#6773,#6774,#6775),(#6776,#6777,#6778,
#6779,#6780),(#6781,#6782,#6783,#6784,#6785)),.UNSPECIFIED.,.F.,.F.,.F.)
B_SPLINE_SURFACE_WITH_KNOTS((3,3),(3,2,3),(-0.722734247813414,-0.139279027609735),
(-2.39255138882838,-1.18154289954821,0.029465589731959),.UNSPECIFIED.)
GEOMETRIC_REPRESENTATION_ITEM()
RATIONAL_B_SPLINE_SURFACE(((1.,0.822215197850314,1.,0.822215197850314,1.),
(0.957748431801149,0.78747531634421,0.957748431801149,0.78747531634421,
0.957748431801149),(1.,0.822215197850314,1.,0.822215197850314,1.)))
REPRESENTATION_ITEM('')
SURFACE()
);
#26=B_SPLINE_SURFACE_WITH_KNOTS('',3,3,((#4615,#4616,#4617,#4618),(#4619,
#4620,#4621,#4622),(#4623,#4624,#4625,#4626),(#4627,#4628,#4629,#4630),
(#4631,#4632,#4633,#4634)),.UNSPECIFIED.,.F.,.F.,.F.,(4,1,4),(4,4),(0.,
0.571428571428571,1.),(0.684071543069403,0.760304776531084),
 .UNSPECIFIED.);
#27=B_SPLINE_SURFACE_WITH_KNOTS('',3,3,((#4647,#4648,#4649,#4650),(#4651,
#4652,#4653,#4654),(#4655,#4656,#4657,#4658),(#4659,#4660,#4661,#4662),
(#4663,#4664,#4665,#4666)),.UNSPECIFIED.,.F.,.F.,.F.,(4,1,4),(4,4),(0.,
0.571428571428571,1.),(0.,0.00742141515768173),.UNSPECIFIED.);
#28=B_SPLINE_SURFACE_WITH_KNOTS('',3,3,((#4673,#4674,#4675,#4676),(#4677,
#4678,#4679,#4680),(#4681,#4682,#4683,#4684),(#4685,#4686,#4687,#4688)),
 .UNSPECIFIED.,.F.,.F.,.F.,(4,4),(4,4),(0.,1.),(1.63822031984846E-17,0.299989426649751),
 .UNSPECIFIED.);
#29=B_SPLINE_SURFACE_WITH_KNOTS('',3,3,((#4693,#4694,#4695,#4696),(#4697,
#4698,#4699,#4700),(#4701,#4702,#4703,#4704),(#4705,#4706,#4707,#4708)),
 .UNSPECIFIED.,.F.,.F.,.F.,(4,4),(4,4),(0.,1.),(0.0206153130524749,0.320604739702265),
 .UNSPECIFIED.);
#30=B_SPLINE_SURFACE_WITH_KNOTS('',3,3,((#4715,#4716,#4717,#4718),(#4719,
#4720,#4721,#4722),(#4723,#4724,#4725,#4726),(#4727,#4728,#4729,#4730),
(#4731,#4732,#4733,#4734)),.UNSPECIFIED.,.F.,.F.,.F.,(4,1,4),(4,4),(0.,
0.571428571428571,1.),(0.,0.00742141515806166),.UNSPECIFIED.);
#31=B_SPLINE_SURFACE_WITH_KNOTS('',3,3,((#4741,#4742,#4743,#4744),(#4745,
#4746,#4747,#4748),(#4749,#4750,#4751,#4752),(#4753,#4754,#4755,#4756),
(#4757,#4758,#4759,#4760)),.UNSPECIFIED.,.F.,.F.,.F.,(4,1,4),(4,4),(0.,
0.571428571428571,1.),(0.607838309566673,0.684071543069407),
 .UNSPECIFIED.);
#32=B_SPLINE_SURFACE_WITH_KNOTS('',3,3,((#4778,#4779,#4780,#4781),(#4782,
#4783,#4784,#4785),(#4786,#4787,#4788,#4789),(#4790,#4791,#4792,#4793)),
 .UNSPECIFIED.,.F.,.F.,.F.,(4,4),(4,4),(0.,1.),(0.0206153130524741,0.320604739702265),
 .UNSPECIFIED.);
#33=B_SPLINE_SURFACE_WITH_KNOTS('',3,3,((#4798,#4799,#4800,#4801),(#4802,
#4803,#4804,#4805),(#4806,#4807,#4808,#4809),(#4810,#4811,#4812,#4813),
(#4814,#4815,#4816,#4817)),.UNSPECIFIED.,.F.,.F.,.F.,(4,1,4),(4,4),(0.,
0.571428571428571,1.),(0.684071543069403,0.760304776531084),
 .UNSPECIFIED.);
#34=B_SPLINE_SURFACE_WITH_KNOTS('',3,3,((#4830,#4831,#4832,#4833),(#4834,
#4835,#4836,#4837),(#4838,#4839,#4840,#4841),(#4842,#4843,#4844,#4845),
(#4846,#4847,#4848,#4849)),.UNSPECIFIED.,.F.,.F.,.F.,(4,1,4),(4,4),(0.,
0.571428571428571,1.),(0.,0.0074214138487521),.UNSPECIFIED.);
#35=B_SPLINE_SURFACE_WITH_KNOTS('',3,3,((#4856,#4857,#4858,#4859),(#4860,
#4861,#4862,#4863),(#4864,#4865,#4866,#4867),(#4868,#4869,#4870,#4871)),
 .UNSPECIFIED.,.F.,.F.,.F.,(4,4),(4,4),(0.,1.),(0.,0.299989426649751),
 .UNSPECIFIED.);
#36=B_SPLINE_SURFACE_WITH_KNOTS('',3,3,((#4876,#4877,#4878,#4879),(#4880,
#4881,#4882,#4883),(#4884,#4885,#4886,#4887),(#4888,#4889,#4890,#4891),
(#4892,#4893,#4894,#4895)),.UNSPECIFIED.,.F.,.F.,.F.,(4,1,4),(4,4),(0.,
0.571428571428571,1.),(0.,0.00742141384875211),.UNSPECIFIED.);
#37=B_SPLINE_SURFACE_WITH_KNOTS('',3,3,((#4902,#4903,#4904,#4905),(#4906,
#4907,#4908,#4909),(#4910,#4911,#4912,#4913),(#4914,#4915,#4916,#4917),
(#4918,#4919,#4920,#4921)),.UNSPECIFIED.,.F.,.F.,.F.,(4,1,4),(4,4),(0.,
0.571428571428571,1.),(0.607838309566673,0.684071543069406),
 .UNSPECIFIED.);
#38=B_SPLINE_SURFACE_WITH_KNOTS('',3,3,((#4939,#4940,#4941,#4942),(#4943,
#4944,#4945,#4946),(#4947,#4948,#4949,#4950),(#4951,#4952,#4953,#4954)),
 .UNSPECIFIED.,.F.,.F.,.F.,(4,4),(4,4),(0.,1.),(0.0206153130524744,0.320604739702265),
 .UNSPECIFIED.);
#39=B_SPLINE_SURFACE_WITH_KNOTS('',3,3,((#4959,#4960,#4961,#4962),(#4963,
#4964,#4965,#4966),(#4967,#4968,#4969,#4970),(#4971,#4972,#4973,#4974),
(#4975,#4976,#4977,#4978)),.UNSPECIFIED.,.F.,.F.,.F.,(4,1,4),(4,4),(0.,
0.571428571428571,1.),(0.684071543069403,0.760304776531084),
 .UNSPECIFIED.);
#40=B_SPLINE_SURFACE_WITH_KNOTS('',3,3,((#4991,#4992,#4993,#4994),(#4995,
#4996,#4997,#4998),(#4999,#5000,#5001,#5002),(#5003,#5004,#5005,#5006),
(#5007,#5008,#5009,#5010)),.UNSPECIFIED.,.F.,.F.,.F.,(4,1,4),(4,4),(0.,
0.571428571428571,1.),(0.,0.00742141515768181),.UNSPECIFIED.);
#41=B_SPLINE_SURFACE_WITH_KNOTS('',3,3,((#5017,#5018,#5019,#5020),(#5021,
#5022,#5023,#5024),(#5025,#5026,#5027,#5028),(#5029,#5030,#5031,#5032)),
 .UNSPECIFIED.,.F.,.F.,.F.,(4,4),(4,4),(0.,1.),(0.,0.299989426649751),
 .UNSPECIFIED.);
#42=B_SPLINE_SURFACE_WITH_KNOTS('',3,3,((#5037,#5038,#5039,#5040),(#5041,
#5042,#5043,#5044),(#5045,#5046,#5047,#5048),(#5049,#5050,#5051,#5052),
(#5053,#5054,#5055,#5056)),.UNSPECIFIED.,.F.,.F.,.F.,(4,1,4),(4,4),(0.,
0.571428571428571,1.),(0.,0.00742141515806142),.UNSPECIFIED.);
#43=B_SPLINE_SURFACE_WITH_KNOTS('',3,3,((#5063,#5064,#5065,#5066),(#5067,
#5068,#5069,#5070),(#5071,#5072,#5073,#5074),(#5075,#5076,#5077,#5078),
(#5079,#5080,#5081,#5082)),.UNSPECIFIED.,.F.,.F.,.F.,(4,1,4),(4,4),(0.,
0.571428571428571,1.),(0.607838309566673,0.684071543069406),
 .UNSPECIFIED.);
#44=B_SPLINE_SURFACE_WITH_KNOTS('',3,3,((#5100,#5101,#5102,#5103),(#5104,
#5105,#5106,#5107),(#5108,#5109,#5110,#5111),(#5112,#5113,#5114,#5115)),
 .UNSPECIFIED.,.F.,.F.,.F.,(4,4),(4,4),(0.,1.),(0.0206153130524748,0.320604739702265),
 .UNSPECIFIED.);
#45=B_SPLINE_SURFACE_WITH_KNOTS('',3,3,((#5120,#5121,#5122,#5123),(#5124,
#5125,#5126,#5127),(#5128,#5129,#5130,#5131),(#5132,#5133,#5134,#5135),
(#5136,#5137,#5138,#5139)),.UNSPECIFIED.,.F.,.F.,.F.,(4,1,4),(4,4),(0.,
0.571428571428571,1.),(0.684071543069404,0.760304776531085),
 .UNSPECIFIED.);
#46=B_SPLINE_SURFACE_WITH_KNOTS('',3,3,((#5152,#5153,#5154,#5155),(#5156,
#5157,#5158,#5159),(#5160,#5161,#5162,#5163),(#5164,#5165,#5166,#5167),
(#5168,#5169,#5170,#5171)),.UNSPECIFIED.,.F.,.F.,.F.,(4,1,4),(4,4),(0.,
0.571428571428571,1.),(0.,0.00742141384875211),.UNSPECIFIED.);
#47=B_SPLINE_SURFACE_WITH_KNOTS('',3,3,((#5178,#5179,#5180,#5181),(#5182,
#5183,#5184,#5185),(#5186,#5187,#5188,#5189),(#5190,#5191,#5192,#5193)),
 .UNSPECIFIED.,.F.,.F.,.F.,(4,4),(4,4),(0.,1.),(0.,0.299989426649751),
 .UNSPECIFIED.);
#48=B_SPLINE_SURFACE_WITH_KNOTS('',3,3,((#5198,#5199,#5200,#5201),(#5202,
#5203,#5204,#5205),(#5206,#5207,#5208,#5209),(#5210,#5211,#5212,#5213),
(#5214,#5215,#5216,#5217)),.UNSPECIFIED.,.F.,.F.,.F.,(4,1,4),(4,4),(0.,
0.571428571428571,1.),(0.,0.0074214138487521),.UNSPECIFIED.);
#49=B_SPLINE_SURFACE_WITH_KNOTS('',3,3,((#5224,#5225,#5226,#5227),(#5228,
#5229,#5230,#5231),(#5232,#5233,#5234,#5235),(#5236,#5237,#5238,#5239),
(#5240,#5241,#5242,#5243)),.UNSPECIFIED.,.F.,.F.,.F.,(4,1,4),(4,4),(0.,
0.571428571428571,1.),(0.607838309566673,0.684071543069406),
 .UNSPECIFIED.);
#50=B_SPLINE_SURFACE_WITH_KNOTS('',3,3,((#5261,#5262,#5263,#5264),(#5265,
#5266,#5267,#5268),(#5269,#5270,#5271,#5272),(#5273,#5274,#5275,#5276)),
 .UNSPECIFIED.,.F.,.F.,.F.,(4,4),(4,4),(0.,1.),(0.0206153130524756,0.320604739702265),
 .UNSPECIFIED.);
#51=B_SPLINE_SURFACE_WITH_KNOTS('',3,3,((#5281,#5282,#5283,#5284),(#5285,
#5286,#5287,#5288),(#5289,#5290,#5291,#5292),(#5293,#5294,#5295,#5296),
(#5297,#5298,#5299,#5300)),.UNSPECIFIED.,.F.,.F.,.F.,(4,1,4),(4,4),(0.,
0.571428571428571,1.),(0.684071543069404,0.760304776531087),
 .UNSPECIFIED.);
#52=B_SPLINE_SURFACE_WITH_KNOTS('',3,3,((#5313,#5314,#5315,#5316),(#5317,
#5318,#5319,#5320),(#5321,#5322,#5323,#5324),(#5325,#5326,#5327,#5328),
(#5329,#5330,#5331,#5332)),.UNSPECIFIED.,.F.,.F.,.F.,(4,1,4),(4,4),(0.,
0.571428571428571,1.),(0.,0.0074214151576819),.UNSPECIFIED.);
#53=B_SPLINE_SURFACE_WITH_KNOTS('',3,3,((#5339,#5340,#5341,#5342),(#5343,
#5344,#5345,#5346),(#5347,#5348,#5349,#5350),(#5351,#5352,#5353,#5354)),
 .UNSPECIFIED.,.F.,.F.,.F.,(4,4),(4,4),(0.,1.),(2.92734549664113E-18,0.29998942664975),
 .UNSPECIFIED.);
#54=B_SPLINE_SURFACE_WITH_KNOTS('',3,3,((#5359,#5360,#5361,#5362),(#5363,
#5364,#5365,#5366),(#5367,#5368,#5369,#5370),(#5371,#5372,#5373,#5374),
(#5375,#5376,#5377,#5378)),.UNSPECIFIED.,.F.,.F.,.F.,(4,1,4),(4,4),(0.,
0.571428571428571,1.),(0.,0.00742141515806141),.UNSPECIFIED.);
#55=B_SPLINE_SURFACE_WITH_KNOTS('',3,3,((#5385,#5386,#5387,#5388),(#5389,
#5390,#5391,#5392),(#5393,#5394,#5395,#5396),(#5397,#5398,#5399,#5400),
(#5401,#5402,#5403,#5404)),.UNSPECIFIED.,.F.,.F.,.F.,(4,1,4),(4,4),(0.,
0.571428571428571,1.),(0.607838309566672,0.684071543069406),
 .UNSPECIFIED.);
#56=B_SPLINE_SURFACE_WITH_KNOTS('',3,3,((#5422,#5423,#5424,#5425),(#5426,
#5427,#5428,#5429),(#5430,#5431,#5432,#5433),(#5434,#5435,#5436,#5437)),
 .UNSPECIFIED.,.F.,.F.,.F.,(4,4),(4,4),(0.,1.),(0.0206153130524757,0.320604739702265),
 .UNSPECIFIED.);
#57=B_SPLINE_SURFACE_WITH_KNOTS('',3,3,((#5442,#5443,#5444,#5445),(#5446,
#5447,#5448,#5449),(#5450,#5451,#5452,#5453),(#5454,#5455,#5456,#5457),
(#5458,#5459,#5460,#5461)),.UNSPECIFIED.,.F.,.F.,.F.,(4,1,4),(4,4),(0.,
0.571428571428571,1.),(0.684071543069403,0.760304776531086),
 .UNSPECIFIED.);
#58=B_SPLINE_SURFACE_WITH_KNOTS('',3,3,((#5474,#5475,#5476,#5477),(#5478,
#5479,#5480,#5481),(#5482,#5483,#5484,#5485),(#5486,#5487,#5488,#5489),
(#5490,#5491,#5492,#5493)),.UNSPECIFIED.,.F.,.F.,.F.,(4,1,4),(4,4),(0.,
0.571428571428571,1.),(0.,0.00742141384875208),.UNSPECIFIED.);
#59=B_SPLINE_SURFACE_WITH_KNOTS('',3,3,((#5500,#5501,#5502,#5503),(#5504,
#5505,#5506,#5507),(#5508,#5509,#5510,#5511),(#5512,#5513,#5514,#5515)),
 .UNSPECIFIED.,.F.,.F.,.F.,(4,4),(4,4),(0.,1.),(1.65984869157064E-18,0.29998942664975),
 .UNSPECIFIED.);
#60=B_SPLINE_SURFACE_WITH_KNOTS('',3,3,((#5520,#5521,#5522,#5523),(#5524,
#5525,#5526,#5527),(#5528,#5529,#5530,#5531),(#5532,#5533,#5534,#5535),
(#5536,#5537,#5538,#5539)),.UNSPECIFIED.,.F.,.F.,.F.,(4,1,4),(4,4),(0.,
0.571428571428571,1.),(0.,0.00742141384875205),.UNSPECIFIED.);
#61=B_SPLINE_SURFACE_WITH_KNOTS('',3,3,((#5546,#5547,#5548,#5549),(#5550,
#5551,#5552,#5553),(#5554,#5555,#5556,#5557),(#5558,#5559,#5560,#5561),
(#5562,#5563,#5564,#5565)),.UNSPECIFIED.,.F.,.F.,.F.,(4,1,4),(4,4),(0.,
0.571428571428571,1.),(0.607838309566672,0.684071543069407),
 .UNSPECIFIED.);
#62=B_SPLINE_SURFACE_WITH_KNOTS('',3,3,((#5583,#5584,#5585,#5586),(#5587,
#5588,#5589,#5590),(#5591,#5592,#5593,#5594),(#5595,#5596,#5597,#5598)),
 .UNSPECIFIED.,.F.,.F.,.F.,(4,4),(4,4),(0.,1.),(0.020615313052476,0.320604739702265),
 .UNSPECIFIED.);
#63=B_SPLINE_SURFACE_WITH_KNOTS('',3,3,((#5603,#5604,#5605,#5606),(#5607,
#5608,#5609,#5610),(#5611,#5612,#5613,#5614),(#5615,#5616,#5617,#5618),
(#5619,#5620,#5621,#5622)),.UNSPECIFIED.,.F.,.F.,.F.,(4,1,4),(4,4),(0.,
0.571428571428571,1.),(0.684071543069404,0.760304776531087),
 .UNSPECIFIED.);
#64=B_SPLINE_SURFACE_WITH_KNOTS('',3,3,((#5635,#5636,#5637,#5638),(#5639,
#5640,#5641,#5642),(#5643,#5644,#5645,#5646),(#5647,#5648,#5649,#5650),
(#5651,#5652,#5653,#5654)),.UNSPECIFIED.,.F.,.F.,.F.,(4,1,4),(4,4),(0.,
0.571428571428571,1.),(0.,0.00742141515768207),.UNSPECIFIED.);
#65=B_SPLINE_SURFACE_WITH_KNOTS('',3,3,((#5661,#5662,#5663,#5664),(#5665,
#5666,#5667,#5668),(#5669,#5670,#5671,#5672),(#5673,#5674,#5675,#5676)),
 .UNSPECIFIED.,.F.,.F.,.F.,(4,4),(4,4),(0.,1.),(1.951563828954E-18,0.29998942664975),
 .UNSPECIFIED.);
#66=B_SPLINE_SURFACE_WITH_KNOTS('',3,3,((#5681,#5682,#5683,#5684),(#5685,
#5686,#5687,#5688),(#5689,#5690,#5691,#5692),(#5693,#5694,#5695,#5696),
(#5697,#5698,#5699,#5700)),.UNSPECIFIED.,.F.,.F.,.F.,(4,1,4),(4,4),(0.,
0.571428571428571,1.),(0.,0.00742141384875192),.UNSPECIFIED.);
#67=B_SPLINE_SURFACE_WITH_KNOTS('',3,3,((#5707,#5708,#5709,#5710),(#5711,
#5712,#5713,#5714),(#5715,#5716,#5717,#5718),(#5719,#5720,#5721,#5722),
(#5723,#5724,#5725,#5726)),.UNSPECIFIED.,.F.,.F.,.F.,(4,1,4),(4,4),(0.,
0.571428571428571,1.),(0.607838309566671,0.684071543069406),
 .UNSPECIFIED.);
#68=B_SPLINE_SURFACE_WITH_KNOTS('',3,3,((#5744,#5745,#5746,#5747),(#5748,
#5749,#5750,#5751),(#5752,#5753,#5754,#5755),(#5756,#5757,#5758,#5759)),
 .UNSPECIFIED.,.F.,.F.,.F.,(4,4),(4,4),(0.,1.),(0.0206153130524757,0.320604739702265),
 .UNSPECIFIED.);
#69=B_SPLINE_SURFACE_WITH_KNOTS('',3,3,((#5764,#5765,#5766,#5767),(#5768,
#5769,#5770,#5771),(#5772,#5773,#5774,#5775),(#5776,#5777,#5778,#5779),
(#5780,#5781,#5782,#5783)),.UNSPECIFIED.,.F.,.F.,.F.,(4,1,4),(4,4),(0.,
0.571428571428571,1.),(0.684071543069404,0.760304776531085),
 .UNSPECIFIED.);
#70=B_SPLINE_SURFACE_WITH_KNOTS('',3,3,((#5796,#5797,#5798,#5799),(#5800,
#5801,#5802,#5803),(#5804,#5805,#5806,#5807),(#5808,#5809,#5810,#5811),
(#5812,#5813,#5814,#5815)),.UNSPECIFIED.,.F.,.F.,.F.,(4,1,4),(4,4),(0.,
0.571428571428571,1.),(0.,0.00742141384875207),.UNSPECIFIED.);
#71=B_SPLINE_SURFACE_WITH_KNOTS('',3,3,((#5822,#5823,#5824,#5825),(#5826,
#5827,#5828,#5829),(#5830,#5831,#5832,#5833),(#5834,#5835,#5836,#5837)),
 .UNSPECIFIED.,.F.,.F.,.F.,(4,4),(4,4),(0.,1.),(0.,0.299989426649751),
 .UNSPECIFIED.);
#72=B_SPLINE_SURFACE_WITH_KNOTS('',3,3,((#5842,#5843,#5844,#5845),(#5846,
#5847,#5848,#5849),(#5850,#5851,#5852,#5853),(#5854,#5855,#5856,#5857),
(#5858,#5859,#5860,#5861)),.UNSPECIFIED.,.F.,.F.,.F.,(4,1,4),(4,4),(0.,
0.571428571428571,1.),(0.,0.00742141384875206),.UNSPECIFIED.);
#73=B_SPLINE_SURFACE_WITH_KNOTS('',3,3,((#5868,#5869,#5870,#5871),(#5872,
#5873,#5874,#5875),(#5876,#5877,#5878,#5879),(#5880,#5881,#5882,#5883),
(#5884,#5885,#5886,#5887)),.UNSPECIFIED.,.F.,.F.,.F.,(4,1,4),(4,4),(0.,
0.571428571428571,1.),(0.607838309566672,0.684071543069407),
 .UNSPECIFIED.);
#74=B_SPLINE_SURFACE_WITH_KNOTS('',3,3,((#5900,#5901,#5902,#5903,#5904),
(#5905,#5906,#5907,#5908,#5909),(#5910,#5911,#5912,#5913,#5914),(#5915,
#5916,#5917,#5918,#5919),(#5920,#5921,#5922,#5923,#5924)),.UNSPECIFIED.,
 .F.,.F.,.F.,(4,1,4),(4,1,4),(0.,0.5,1.),(0.,0.0225931897734434,0.0527174428047013),
 .UNSPECIFIED.);
#75=B_SPLINE_SURFACE_WITH_KNOTS('',3,3,((#5926,#5927,#5928,#5929,#5930),
(#5931,#5932,#5933,#5934,#5935),(#5936,#5937,#5938,#5939,#5940),(#5941,
#5942,#5943,#5944,#5945),(#5946,#5947,#5948,#5949,#5950)),.UNSPECIFIED.,
 .F.,.F.,.F.,(4,1,4),(4,1,4),(0.,0.5,1.),(0.,0.0225931897736758,0.0527174428052435),
 .UNSPECIFIED.);
#76=B_SPLINE_SURFACE_WITH_KNOTS('',3,3,((#5952,#5953,#5954,#5955,#5956,
#5957,#5958),(#5959,#5960,#5961,#5962,#5963,#5964,#5965),(#5966,#5967,#5968,
#5969,#5970,#5971,#5972),(#5973,#5974,#5975,#5976,#5977,#5978,#5979),(#5980,
#5981,#5982,#5983,#5984,#5985,#5986)),.UNSPECIFIED.,.F.,.F.,.F.,(4,1,4),
(4,1,1,1,4),(0.,0.5,1.),(0.,0.0383278368223399,0.0766556736446797,0.127759456074466,
0.178863238504253),.UNSPECIFIED.);
#77=B_SPLINE_SURFACE_WITH_KNOTS('',3,3,((#5995,#5996,#5997,#5998,#5999),
(#6000,#6001,#6002,#6003,#6004),(#6005,#6006,#6007,#6008,#6009),(#6010,
#6011,#6012,#6013,#6014),(#6015,#6016,#6017,#6018,#6019)),.UNSPECIFIED.,
 .F.,.F.,.F.,(4,1,4),(4,1,4),(0.,0.5,1.),(2.78564155804625E-16,0.0225932066070193,
0.0527174820830446),.UNSPECIFIED.);
#78=B_SPLINE_SURFACE_WITH_KNOTS('',3,3,((#6020,#6021,#6022,#6023,#6024),
(#6025,#6026,#6027,#6028,#6029),(#6030,#6031,#6032,#6033,#6034),(#6035,
#6036,#6037,#6038,#6039),(#6040,#6041,#6042,#6043,#6044)),.UNSPECIFIED.,
 .F.,.F.,.F.,(4,1,4),(4,1,4),(0.,0.5,1.),(0.,0.0301242530315674,0.0527174428052429),
 .UNSPECIFIED.);
#79=B_SPLINE_SURFACE_WITH_KNOTS('',3,3,((#6046,#6047,#6048,#6049,#6050,
#6051,#6052),(#6053,#6054,#6055,#6056,#6057,#6058,#6059),(#6060,#6061,#6062,
#6063,#6064,#6065,#6066),(#6067,#6068,#6069,#6070,#6071,#6072,#6073),(#6074,
#6075,#6076,#6077,#6078,#6079,#6080)),.UNSPECIFIED.,.F.,.F.,.F.,(4,1,4),
(4,1,1,1,4),(0.,0.5,1.),(0.,0.03832783682234,0.0766556736446799,0.127759456074467,
0.178863238504253),.UNSPECIFIED.);
#80=B_SPLINE_SURFACE_WITH_KNOTS('',3,3,((#6089,#6090,#6091,#6092,#6093),
(#6094,#6095,#6096,#6097,#6098),(#6099,#6100,#6101,#6102,#6103),(#6104,
#6105,#6106,#6107,#6108),(#6109,#6110,#6111,#6112,#6113)),.UNSPECIFIED.,
 .F.,.F.,.F.,(4,1,4),(4,1,4),(0.,0.5,1.),(0.,0.0225932066070191,0.0527174820830446),
 .UNSPECIFIED.);
#81=B_SPLINE_SURFACE_WITH_KNOTS('',3,3,((#6114,#6115,#6116,#6117,#6118),
(#6119,#6120,#6121,#6122,#6123),(#6124,#6125,#6126,#6127,#6128),(#6129,
#6130,#6131,#6132,#6133),(#6134,#6135,#6136,#6137,#6138)),.UNSPECIFIED.,
 .F.,.F.,.F.,(4,1,4),(4,1,4),(0.,0.5,1.),(0.,0.0225931897736759,0.0527174428052437),
 .UNSPECIFIED.);
#82=B_SPLINE_SURFACE_WITH_KNOTS('',3,3,((#6140,#6141,#6142,#6143,#6144,
#6145,#6146),(#6147,#6148,#6149,#6150,#6151,#6152,#6153),(#6154,#6155,#6156,
#6157,#6158,#6159,#6160),(#6161,#6162,#6163,#6164,#6165,#6166,#6167),(#6168,
#6169,#6170,#6171,#6172,#6173,#6174)),.UNSPECIFIED.,.F.,.F.,.F.,(4,1,4),
(4,1,1,1,4),(0.,0.5,1.),(1.0273224567768E-16,0.0511037824297866,0.102207564859573,
0.140535401681913,0.178863238504253),.UNSPECIFIED.);
#83=B_SPLINE_SURFACE_WITH_KNOTS('',3,3,((#6183,#6184,#6185,#6186,#6187),
(#6188,#6189,#6190,#6191,#6192),(#6193,#6194,#6195,#6196,#6197),(#6198,
#6199,#6200,#6201,#6202),(#6203,#6204,#6205,#6206,#6207)),.UNSPECIFIED.,
 .F.,.F.,.F.,(4,1,4),(4,1,4),(0.,0.5,1.),(0.,0.0225932066070189,0.0527174820830442),
 .UNSPECIFIED.);
#84=B_SPLINE_SURFACE_WITH_KNOTS('',3,3,((#6208,#6209,#6210,#6211,#6212),
(#6213,#6214,#6215,#6216,#6217),(#6218,#6219,#6220,#6221,#6222),(#6223,
#6224,#6225,#6226,#6227),(#6228,#6229,#6230,#6231,#6232)),.UNSPECIFIED.,
 .F.,.F.,.F.,(4,1,4),(4,1,4),(0.,0.5,1.),(0.,0.0225931897736754,0.0527174428052425),
 .UNSPECIFIED.);
#85=B_SPLINE_SURFACE_WITH_KNOTS('',3,3,((#6234,#6235,#6236,#6237,#6238,
#6239,#6240),(#6241,#6242,#6243,#6244,#6245,#6246,#6247),(#6248,#6249,#6250,
#6251,#6252,#6253,#6254),(#6255,#6256,#6257,#6258,#6259,#6260,#6261),(#6262,
#6263,#6264,#6265,#6266,#6267,#6268)),.UNSPECIFIED.,.F.,.F.,.F.,(4,1,4),
(4,1,1,1,4),(0.,0.5,1.),(0.,0.03832783682234,0.0766556736446801,0.127759456074467,
0.178863238504254),.UNSPECIFIED.);
#86=B_SPLINE_SURFACE_WITH_KNOTS('',3,3,((#6277,#6278,#6279,#6280,#6281),
(#6282,#6283,#6284,#6285,#6286),(#6287,#6288,#6289,#6290,#6291),(#6292,
#6293,#6294,#6295,#6296),(#6297,#6298,#6299,#6300,#6301)),.UNSPECIFIED.,
 .F.,.F.,.F.,(4,1,4),(4,1,4),(0.,0.5,1.),(6.32342329229595E-17,0.0225932066070193,
0.0527174820830449),.UNSPECIFIED.);
#87=B_SPLINE_SURFACE_WITH_KNOTS('',3,3,((#6302,#6303,#6304,#6305,#6306),
(#6307,#6308,#6309,#6310,#6311),(#6312,#6313,#6314,#6315,#6316),(#6317,
#6318,#6319,#6320,#6321),(#6322,#6323,#6324,#6325,#6326)),.UNSPECIFIED.,
 .F.,.F.,.F.,(4,1,4),(4,1,4),(0.,0.5,1.),(0.,0.0301242530315678,0.0527174428052436),
 .UNSPECIFIED.);
#88=B_SPLINE_SURFACE_WITH_KNOTS('',3,3,((#6328,#6329,#6330,#6331,#6332,
#6333,#6334),(#6335,#6336,#6337,#6338,#6339,#6340,#6341),(#6342,#6343,#6344,
#6345,#6346,#6347,#6348),(#6349,#6350,#6351,#6352,#6353,#6354,#6355),(#6356,
#6357,#6358,#6359,#6360,#6361,#6362)),.UNSPECIFIED.,.F.,.F.,.F.,(4,1,4),
(4,1,1,1,4),(0.,0.5,1.),(7.0239140472081E-16,0.0383278368223405,0.0766556736446802,
0.127759456074467,0.178863238504253),.UNSPECIFIED.);
#89=B_SPLINE_SURFACE_WITH_KNOTS('',3,3,((#6371,#6372,#6373,#6374,#6375),
(#6376,#6377,#6378,#6379,#6380),(#6381,#6382,#6383,#6384,#6385),(#6386,
#6387,#6388,#6389,#6390),(#6391,#6392,#6393,#6394,#6395)),.UNSPECIFIED.,
 .F.,.F.,.F.,(4,1,4),(4,1,4),(0.,0.5,1.),(3.10830008455208E-16,0.0225932066070193,
0.0527174820830446),.UNSPECIFIED.);
#90=B_SPLINE_SURFACE_WITH_KNOTS('',3,3,((#6396,#6397,#6398,#6399,#6400),
(#6401,#6402,#6403,#6404,#6405),(#6406,#6407,#6408,#6409,#6410),(#6411,
#6412,#6413,#6414,#6415),(#6416,#6417,#6418,#6419,#6420)),.UNSPECIFIED.,
 .F.,.F.,.F.,(4,1,4),(4,1,4),(0.,0.5,1.),(0.,0.0225931897736761,0.0527174428052443),
 .UNSPECIFIED.);
#91=B_SPLINE_SURFACE_WITH_KNOTS('',3,3,((#6422,#6423,#6424,#6425,#6426,
#6427,#6428),(#6429,#6430,#6431,#6432,#6433,#6434,#6435),(#6436,#6437,#6438,
#6439,#6440,#6441,#6442),(#6443,#6444,#6445,#6446,#6447,#6448,#6449),(#6450,
#6451,#6452,#6453,#6454,#6455,#6456)),.UNSPECIFIED.,.F.,.F.,.F.,(4,1,4),
(4,1,1,1,4),(0.,0.5,1.),(0.,0.0383278368223398,0.0766556736446795,0.127759456074466,
0.178863238504252),.UNSPECIFIED.);
#92=B_SPLINE_SURFACE_WITH_KNOTS('',3,3,((#6465,#6466,#6467,#6468,#6469),
(#6470,#6471,#6472,#6473,#6474),(#6475,#6476,#6477,#6478,#6479),(#6480,
#6481,#6482,#6483,#6484),(#6485,#6486,#6487,#6488,#6489)),.UNSPECIFIED.,
 .F.,.F.,.F.,(4,1,4),(4,1,4),(0.,0.5,1.),(0.,0.0225932066070189,0.0527174820830441),
 .UNSPECIFIED.);
#93=B_SPLINE_SURFACE_WITH_KNOTS('',3,3,((#6490,#6491,#6492,#6493,#6494),
(#6495,#6496,#6497,#6498,#6499),(#6500,#6501,#6502,#6503,#6504),(#6505,
#6506,#6507,#6508,#6509),(#6510,#6511,#6512,#6513,#6514)),.UNSPECIFIED.,
 .F.,.F.,.F.,(4,1,4),(4,1,4),(0.,0.5,1.),(0.,0.0225931897736756,0.0527174428052432),
 .UNSPECIFIED.);
#94=B_SPLINE_SURFACE_WITH_KNOTS('',3,3,((#6516,#6517,#6518,#6519,#6520,
#6521,#6522),(#6523,#6524,#6525,#6526,#6527,#6528,#6529),(#6530,#6531,#6532,
#6533,#6534,#6535,#6536),(#6537,#6538,#6539,#6540,#6541,#6542,#6543),(#6544,
#6545,#6546,#6547,#6548,#6549,#6550)),.UNSPECIFIED.,.F.,.F.,.F.,(4,1,4),
(4,1,1,1,4),(0.,0.5,1.),(0.,0.0383278368223399,0.0766556736446797,0.127759456074466,
0.178863238504253),.UNSPECIFIED.);
#95=B_SPLINE_SURFACE_WITH_KNOTS('',3,3,((#6559,#6560,#6561,#6562,#6563),
(#6564,#6565,#6566,#6567,#6568),(#6569,#6570,#6571,#6572,#6573),(#6574,
#6575,#6576,#6577,#6578),(#6579,#6580,#6581,#6582,#6583)),.UNSPECIFIED.,
 .F.,.F.,.F.,(4,1,4),(4,1,4),(0.,0.5,1.),(0.,0.0225932066070193,0.052717482083045),
 .UNSPECIFIED.);
#96=B_SPLINE_SURFACE_WITH_KNOTS('',3,3,((#6584,#6585,#6586,#6587,#6588),
(#6589,#6590,#6591,#6592,#6593),(#6594,#6595,#6596,#6597,#6598),(#6599,
#6600,#6601,#6602,#6603),(#6604,#6605,#6606,#6607,#6608)),.UNSPECIFIED.,
 .F.,.F.,.F.,(4,1,4),(4,1,4),(0.,0.5,1.),(0.,0.0225931897736759,0.0527174428052439),
 .UNSPECIFIED.);
#97=B_SPLINE_SURFACE_WITH_KNOTS('',3,3,((#6610,#6611,#6612,#6613,#6614,
#6615,#6616),(#6617,#6618,#6619,#6620,#6621,#6622,#6623),(#6624,#6625,#6626,
#6627,#6628,#6629,#6630),(#6631,#6632,#6633,#6634,#6635,#6636,#6637),(#6638,
#6639,#6640,#6641,#6642,#6643,#6644)),.UNSPECIFIED.,.F.,.F.,.F.,(4,1,4),
(4,1,1,1,4),(0.,0.5,1.),(0.,0.0511037824297862,0.102207564859572,0.140535401681912,
0.178863238504252),.UNSPECIFIED.);
#98=TOROIDAL_SURFACE('',#2842,19.1840776815807,0.35);
#99=TOROIDAL_SURFACE('',#2852,19.1840776815807,0.35);
#100=TOROIDAL_SURFACE('',#2861,19.1840776815807,0.35);
#101=TOROIDAL_SURFACE('',#2870,19.1840776815807,0.35);
#102=TOROIDAL_SURFACE('',#2879,19.1840776815807,0.35);
#103=TOROIDAL_SURFACE('',#2888,19.1840776815807,0.35);
#104=TOROIDAL_SURFACE('',#2897,19.1840776815807,0.35);
#105=TOROIDAL_SURFACE('',#2906,19.1840776815807,0.35);
#106=TOROIDAL_SURFACE('',#2931,1.,0.2);
#107=TOROIDAL_SURFACE('',#2932,1.,0.2);
#108=TOROIDAL_SURFACE('',#2935,1.,0.2);
#109=TOROIDAL_SURFACE('',#2937,1.,0.2);
#110=TOROIDAL_SURFACE('',#2939,1.,0.2);
#111=TOROIDAL_SURFACE('',#2941,1.,0.2);
#112=TOROIDAL_SURFACE('',#2943,0.999999999999999,0.2);
#113=TOROIDAL_SURFACE('',#2945,1.,0.2);
#114=ELLIPSE('',#2813,0.807862058014894,0.8);
#115=ELLIPSE('',#2817,0.807862058014894,0.8);
#116=ELLIPSE('',#2821,0.807862058014894,0.8);
#117=ELLIPSE('',#2825,0.807862058014894,0.8);
#118=ELLIPSE('',#2829,0.807862058014894,0.8);
#119=ELLIPSE('',#2833,0.807862058014894,0.799999999999999);
#120=ELLIPSE('',#2837,0.807862058014894,0.8);
#121=ELLIPSE('',#2841,0.807862058014894,0.8);
#122=B_SPLINE_CURVE_WITH_KNOTS('',3,(#3645,#3646,#3647,#3648,#3649),
 .UNSPECIFIED.,.F.,.F.,(4,1,4),(0.,0.0225931897734434,0.0527174428047013),
 .UNSPECIFIED.);
#123=B_SPLINE_CURVE_WITH_KNOTS('',3,(#3653,#3654,#3655,#3656,#3657),
 .UNSPECIFIED.,.F.,.F.,(4,1,4),(0.,0.0225931897736758,0.0527174428052435),
 .UNSPECIFIED.);
#124=B_SPLINE_CURVE_WITH_KNOTS('',3,(#3659,#3660,#3661,#3662,#3663,#3664,
#3665),.UNSPECIFIED.,.F.,.F.,(4,1,1,1,4),(0.,0.0383278368223399,0.0766556736446797,
0.127759456074466,0.178863238504253),.UNSPECIFIED.);
#125=B_SPLINE_CURVE_WITH_KNOTS('',3,(#3667,#3668,#3669,#3670,#3671),
 .UNSPECIFIED.,.F.,.F.,(4,1,4),(2.78564155804625E-16,0.0225932066070193,
0.0527174820830446),.UNSPECIFIED.);
#126=B_SPLINE_CURVE_WITH_KNOTS('',3,(#3675,#3676,#3677,#3678,#3679),
 .UNSPECIFIED.,.F.,.F.,(4,1,4),(0.,0.0301242530315674,0.0527174428052429),
 .UNSPECIFIED.);
#127=B_SPLINE_CURVE_WITH_KNOTS('',3,(#3681,#3682,#3683,#3684,#3685,#3686,
#3687),.UNSPECIFIED.,.F.,.F.,(4,1,1,1,4),(0.,0.03832783682234,0.0766556736446799,
0.127759456074467,0.178863238504253),.UNSPECIFIED.);
#128=B_SPLINE_CURVE_WITH_KNOTS('',3,(#3689,#3690,#3691,#3692,#3693),
 .UNSPECIFIED.,.F.,.F.,(4,1,4),(0.,0.0225932066070191,0.0527174820830446),
 .UNSPECIFIED.);
#129=B_SPLINE_CURVE_WITH_KNOTS('',3,(#3697,#3698,#3699,#3700,#3701),
 .UNSPECIFIED.,.F.,.F.,(4,1,4),(0.,0.0225931897736759,0.0527174428052437),
 .UNSPECIFIED.);
#130=B_SPLINE_CURVE_WITH_KNOTS('',3,(#3703,#3704,#3705,#3706,#3707,#3708,
#3709),.UNSPECIFIED.,.F.,.F.,(4,1,1,1,4),(1.0273224567768E-16,0.0511037824297866,
0.102207564859573,0.140535401681913,0.178863238504253),.UNSPECIFIED.);
#131=B_SPLINE_CURVE_WITH_KNOTS('',3,(#3711,#3712,#3713,#3714,#3715),
 .UNSPECIFIED.,.F.,.F.,(4,1,4),(0.,0.0225932066070189,0.0527174820830442),
 .UNSPECIFIED.);
#132=B_SPLINE_CURVE_WITH_KNOTS('',3,(#3719,#3720,#3721,#3722,#3723),
 .UNSPECIFIED.,.F.,.F.,(4,1,4),(0.,0.0225931897736754,0.0527174428052425),
 .UNSPECIFIED.);
#133=B_SPLINE_CURVE_WITH_KNOTS('',3,(#3725,#3726,#3727,#3728,#3729,#3730,
#3731),.UNSPECIFIED.,.F.,.F.,(4,1,1,1,4),(0.,0.03832783682234,0.0766556736446801,
0.127759456074467,0.178863238504254),.UNSPECIFIED.);
#134=B_SPLINE_CURVE_WITH_KNOTS('',3,(#3733,#3734,#3735,#3736,#3737),
 .UNSPECIFIED.,.F.,.F.,(4,1,4),(6.32342329229595E-17,0.0225932066070193,
0.0527174820830449),.UNSPECIFIED.);
#135=B_SPLINE_CURVE_WITH_KNOTS('',3,(#3741,#3742,#3743,#3744,#3745),
 .UNSPECIFIED.,.F.,.F.,(4,1,4),(0.,0.0301242530315678,0.0527174428052436),
 .UNSPECIFIED.);
#136=B_SPLINE_CURVE_WITH_KNOTS('',3,(#3747,#3748,#3749,#3750,#3751,#3752,
#3753),.UNSPECIFIED.,.F.,.F.,(4,1,1,1,4),(7.0239140472081E-16,0.0383278368223405,
0.0766556736446802,0.127759456074467,0.178863238504253),.UNSPECIFIED.);
#137=B_SPLINE_CURVE_WITH_KNOTS('',3,(#3755,#3756,#3757,#3758,#3759),
 .UNSPECIFIED.,.F.,.F.,(4,1,4),(3.10830008455208E-16,0.0225932066070193,
0.0527174820830446),.UNSPECIFIED.);
#138=B_SPLINE_CURVE_WITH_KNOTS('',3,(#3763,#3764,#3765,#3766,#3767),
 .UNSPECIFIED.,.F.,.F.,(4,1,4),(0.,0.0225931897736761,0.0527174428052443),
 .UNSPECIFIED.);
#139=B_SPLINE_CURVE_WITH_KNOTS('',3,(#3769,#3770,#3771,#3772,#3773,#3774,
#3775),.UNSPECIFIED.,.F.,.F.,(4,1,1,1,4),(0.,0.0383278368223398,0.0766556736446795,
0.127759456074466,0.178863238504252),.UNSPECIFIED.);
#140=B_SPLINE_CURVE_WITH_KNOTS('',3,(#3777,#3778,#3779,#3780,#3781),
 .UNSPECIFIED.,.F.,.F.,(4,1,4),(0.,0.0225932066070189,0.0527174820830441),
 .UNSPECIFIED.);
#141=B_SPLINE_CURVE_WITH_KNOTS('',3,(#3785,#3786,#3787,#3788,#3789),
 .UNSPECIFIED.,.F.,.F.,(4,1,4),(0.,0.0225931897736756,0.0527174428052432),
 .UNSPECIFIED.);
#142=B_SPLINE_CURVE_WITH_KNOTS('',3,(#3791,#3792,#3793,#3794,#3795,#3796,
#3797),.UNSPECIFIED.,.F.,.F.,(4,1,1,1,4),(0.,0.0383278368223399,0.0766556736446797,
0.127759456074466,0.178863238504253),.UNSPECIFIED.);
#143=B_SPLINE_CURVE_WITH_KNOTS('',3,(#3799,#3800,#3801,#3802,#3803),
 .UNSPECIFIED.,.F.,.F.,(4,1,4),(0.,0.0225932066070193,0.052717482083045),
 .UNSPECIFIED.);
#144=B_SPLINE_CURVE_WITH_KNOTS('',3,(#3807,#3808,#3809,#3810,#3811),
 .UNSPECIFIED.,.F.,.F.,(4,1,4),(0.,0.0225931897736759,0.0527174428052439),
 .UNSPECIFIED.);
#145=B_SPLINE_CURVE_WITH_KNOTS('',3,(#3812,#3813,#3814,#3815,#3816,#3817,
#3818),.UNSPECIFIED.,.F.,.F.,(4,1,1,1,4),(0.,0.0511037824297862,0.102207564859572,
0.140535401681912,0.178863238504252),.UNSPECIFIED.);
#146=B_SPLINE_CURVE_WITH_KNOTS('',3,(#4025,#4026,#4027,#4028),
 .UNSPECIFIED.,.F.,.F.,(4,4),(-0.760304776531084,-0.684071543069403),
 .UNSPECIFIED.);
#147=B_SPLINE_CURVE_WITH_KNOTS('',3,(#4030,#4031,#4032,#4033),
 .UNSPECIFIED.,.F.,.F.,(4,4),(-0.00742141515768173,0.),.UNSPECIFIED.);
#148=B_SPLINE_CURVE_WITH_KNOTS('',3,(#4034,#4035,#4036,#4037),
 .UNSPECIFIED.,.F.,.F.,(4,4),(1.63822031984846E-17,0.299262874112732),
 .UNSPECIFIED.);
#149=B_SPLINE_CURVE_WITH_KNOTS('',3,(#4039,#4040,#4041,#4042),
 .UNSPECIFIED.,.F.,.F.,(4,4),(0.0213418655895096,0.320604739702265),
 .UNSPECIFIED.);
#150=B_SPLINE_CURVE_WITH_KNOTS('',3,(#4044,#4045,#4046,#4047),
 .UNSPECIFIED.,.F.,.F.,(4,4),(-0.00742141515806166,0.),.UNSPECIFIED.);
#151=B_SPLINE_CURVE_WITH_KNOTS('',3,(#4048,#4049,#4050,#4051),
 .UNSPECIFIED.,.F.,.F.,(4,4),(-0.684071543069407,-0.607838309566673),
 .UNSPECIFIED.);
#152=B_SPLINE_CURVE_WITH_KNOTS('',3,(#4054,#4055,#4056,#4057,#4058,#4059,
#4060,#4061,#4062,#4063,#4064,#4065,#4066,#4067,#4068,#4069,#4070,#4071,
#4072),.UNSPECIFIED.,.F.,.F.,(4,3,3,3,3,3,4),(0.,0.00236514242297043,0.00387143253941874,
0.00627221475608296,0.00709952884675504,0.00948055062085823,0.0103368091458894),
 .UNSPECIFIED.);
#153=B_SPLINE_CURVE_WITH_KNOTS('',3,(#4075,#4076,#4077,#4078,#4079,#4080,
#4081,#4082,#4083,#4084,#4085,#4086,#4087,#4088,#4089,#4090,#4091,#4092,
#4093),.UNSPECIFIED.,.F.,.F.,(4,3,3,3,3,3,4),(0.,0.00238863536134563,0.00395001590834462,
0.00634818395903474,0.00714774836470597,0.00950478707126275,0.0103395117697084),
 .UNSPECIFIED.);
#154=B_SPLINE_CURVE_WITH_KNOTS('',3,(#4099,#4100,#4101,#4102),
 .UNSPECIFIED.,.F.,.F.,(4,4),(-0.760304776531084,-0.684071543069403),
 .UNSPECIFIED.);
#155=B_SPLINE_CURVE_WITH_KNOTS('',3,(#4104,#4105,#4106,#4107),
 .UNSPECIFIED.,.F.,.F.,(4,4),(-0.0074214138487521,0.),.UNSPECIFIED.);
#156=B_SPLINE_CURVE_WITH_KNOTS('',3,(#4108,#4109,#4110,#4111),
 .UNSPECIFIED.,.F.,.F.,(4,4),(0.,0.299262874112732),.UNSPECIFIED.);
#157=B_SPLINE_CURVE_WITH_KNOTS('',3,(#4113,#4114,#4115,#4116),
 .UNSPECIFIED.,.F.,.F.,(4,4),(0.0213418655895095,0.320604739702265),
 .UNSPECIFIED.);
#158=B_SPLINE_CURVE_WITH_KNOTS('',3,(#4118,#4119,#4120,#4121),
 .UNSPECIFIED.,.F.,.F.,(4,4),(-0.00742141384875211,0.),.UNSPECIFIED.);
#159=B_SPLINE_CURVE_WITH_KNOTS('',3,(#4122,#4123,#4124,#4125),
 .UNSPECIFIED.,.F.,.F.,(4,4),(-0.684071543069406,-0.607838309566673),
 .UNSPECIFIED.);
#160=B_SPLINE_CURVE_WITH_KNOTS('',3,(#4128,#4129,#4130,#4131,#4132,#4133,
#4134,#4135,#4136,#4137,#4138,#4139,#4140,#4141,#4142,#4143,#4144,#4145,
#4146),.UNSPECIFIED.,.F.,.F.,(4,3,3,3,3,3,4),(0.,0.00236514242297239,0.00387143253941915,
0.0062722147560626,0.00709952884675523,0.00948055062092028,0.0103368091458897),
 .UNSPECIFIED.);
#161=B_SPLINE_CURVE_WITH_KNOTS('',3,(#4149,#4150,#4151,#4152,#4153,#4154,
#4155,#4156,#4157,#4158,#4159,#4160,#4161,#4162,#4163,#4164,#4165,#4166,
#4167),.UNSPECIFIED.,.F.,.F.,(4,3,3,3,3,3,4),(0.,0.0023886353613598,0.00395001590834335,
0.00634818395899825,0.00714774836470505,0.00950478707126955,0.0103395117697083),
 .UNSPECIFIED.);
#162=B_SPLINE_CURVE_WITH_KNOTS('',3,(#4173,#4174,#4175,#4176),
 .UNSPECIFIED.,.F.,.F.,(4,4),(-0.760304776531084,-0.684071543069403),
 .UNSPECIFIED.);
#163=B_SPLINE_CURVE_WITH_KNOTS('',3,(#4178,#4179,#4180,#4181),
 .UNSPECIFIED.,.F.,.F.,(4,4),(-0.00742141515768181,0.),.UNSPECIFIED.);
#164=B_SPLINE_CURVE_WITH_KNOTS('',3,(#4182,#4183,#4184,#4185),
 .UNSPECIFIED.,.F.,.F.,(4,4),(0.,0.299262874112732),.UNSPECIFIED.);
#165=B_SPLINE_CURVE_WITH_KNOTS('',3,(#4187,#4188,#4189,#4190),
 .UNSPECIFIED.,.F.,.F.,(4,4),(0.02134186558951,0.320604739702265),
 .UNSPECIFIED.);
#166=B_SPLINE_CURVE_WITH_KNOTS('',3,(#4192,#4193,#4194,#4195),
 .UNSPECIFIED.,.F.,.F.,(4,4),(-0.00742141515806142,0.),.UNSPECIFIED.);
#167=B_SPLINE_CURVE_WITH_KNOTS('',3,(#4196,#4197,#4198,#4199),
 .UNSPECIFIED.,.F.,.F.,(4,4),(-0.684071543069406,-0.607838309566673),
 .UNSPECIFIED.);
#168=B_SPLINE_CURVE_WITH_KNOTS('',3,(#4202,#4203,#4204,#4205,#4206,#4207,
#4208,#4209,#4210,#4211,#4212,#4213,#4214,#4215,#4216,#4217,#4218,#4219,
#4220),.UNSPECIFIED.,.F.,.F.,(4,3,3,3,3,3,4),(0.,0.00236514242297556,0.00387143253941915,
0.00627221475606485,0.0070995288467554,0.009480550620909,0.0103368091458897),
 .UNSPECIFIED.);
#169=B_SPLINE_CURVE_WITH_KNOTS('',3,(#4223,#4224,#4225,#4226,#4227,#4228,
#4229,#4230,#4231,#4232,#4233,#4234,#4235,#4236,#4237,#4238,#4239,#4240,
#4241),.UNSPECIFIED.,.F.,.F.,(4,3,3,3,3,3,4),(0.,0.00238863536136465,0.00395001590834259,
0.00634818395895495,0.00714774836470561,0.00950478707126405,0.0103395117697115),
 .UNSPECIFIED.);
#170=B_SPLINE_CURVE_WITH_KNOTS('',3,(#4247,#4248,#4249,#4250),
 .UNSPECIFIED.,.F.,.F.,(4,4),(-0.760304776531085,-0.684071543069404),
 .UNSPECIFIED.);
#171=B_SPLINE_CURVE_WITH_KNOTS('',3,(#4252,#4253,#4254,#4255),
 .UNSPECIFIED.,.F.,.F.,(4,4),(-0.00742141384875211,0.),.UNSPECIFIED.);
#172=B_SPLINE_CURVE_WITH_KNOTS('',3,(#4256,#4257,#4258,#4259),
 .UNSPECIFIED.,.F.,.F.,(4,4),(0.,0.299262874112732),.UNSPECIFIED.);
#173=B_SPLINE_CURVE_WITH_KNOTS('',3,(#4261,#4262,#4263,#4264),
 .UNSPECIFIED.,.F.,.F.,(4,4),(0.0213418655895102,0.320604739702265),
 .UNSPECIFIED.);
#174=B_SPLINE_CURVE_WITH_KNOTS('',3,(#4266,#4267,#4268,#4269),
 .UNSPECIFIED.,.F.,.F.,(4,4),(-0.0074214138487521,0.),.UNSPECIFIED.);
#175=B_SPLINE_CURVE_WITH_KNOTS('',3,(#4270,#4271,#4272,#4273),
 .UNSPECIFIED.,.F.,.F.,(4,4),(-0.684071543069406,-0.607838309566673),
 .UNSPECIFIED.);
#176=B_SPLINE_CURVE_WITH_KNOTS('',3,(#4276,#4277,#4278,#4279,#4280,#4281,
#4282,#4283,#4284,#4285,#4286,#4287,#4288,#4289,#4290,#4291,#4292,#4293,
#4294),.UNSPECIFIED.,.F.,.F.,(4,3,3,3,3,3,4),(0.,0.00236514242296546,0.00387143253941885,
0.00627221475604553,0.00709952884675383,0.00948055062093987,0.0103368091458869),
 .UNSPECIFIED.);
#177=B_SPLINE_CURVE_WITH_KNOTS('',3,(#4297,#4298,#4299,#4300,#4301,#4302,
#4303,#4304,#4305,#4306,#4307,#4308,#4309,#4310,#4311,#4312,#4313,#4314,
#4315),.UNSPECIFIED.,.F.,.F.,(4,3,3,3,3,3,4),(0.,0.00238863536132252,0.00395001590834599,
0.00634818395905244,0.00714774836470826,0.00950478707122703,0.0103395117697133),
 .UNSPECIFIED.);
#178=B_SPLINE_CURVE_WITH_KNOTS('',3,(#4321,#4322,#4323,#4324),
 .UNSPECIFIED.,.F.,.F.,(4,4),(-0.760304776531087,-0.684071543069404),
 .UNSPECIFIED.);
#179=B_SPLINE_CURVE_WITH_KNOTS('',3,(#4326,#4327,#4328,#4329),
 .UNSPECIFIED.,.F.,.F.,(4,4),(-0.0074214151576819,0.),.UNSPECIFIED.);
#180=B_SPLINE_CURVE_WITH_KNOTS('',3,(#4330,#4331,#4332,#4333),
 .UNSPECIFIED.,.F.,.F.,(4,4),(2.92734549664113E-18,0.299262874112732),
 .UNSPECIFIED.);
#181=B_SPLINE_CURVE_WITH_KNOTS('',3,(#4335,#4336,#4337,#4338),
 .UNSPECIFIED.,.F.,.F.,(4,4),(0.0213418655895101,0.320604739702265),
 .UNSPECIFIED.);
#182=B_SPLINE_CURVE_WITH_KNOTS('',3,(#4340,#4341,#4342,#4343),
 .UNSPECIFIED.,.F.,.F.,(4,4),(-0.00742141515806141,0.),.UNSPECIFIED.);
#183=B_SPLINE_CURVE_WITH_KNOTS('',3,(#4344,#4345,#4346,#4347),
 .UNSPECIFIED.,.F.,.F.,(4,4),(-0.684071543069406,-0.607838309566672),
 .UNSPECIFIED.);
#184=B_SPLINE_CURVE_WITH_KNOTS('',3,(#4350,#4351,#4352,#4353,#4354,#4355,
#4356,#4357,#4358,#4359,#4360,#4361,#4362,#4363,#4364,#4365,#4366,#4367,
#4368),.UNSPECIFIED.,.F.,.F.,(4,3,3,3,3,3,4),(0.,0.00236514242295032,0.00387143253941769,
0.00627221475606645,0.00709952884675139,0.00948055062091443,0.0103368091458839),
 .UNSPECIFIED.);
#185=B_SPLINE_CURVE_WITH_KNOTS('',3,(#4371,#4372,#4373,#4374,#4375,#4376,
#4377,#4378,#4379,#4380,#4381,#4382,#4383,#4384,#4385,#4386,#4387,#4388,
#4389),.UNSPECIFIED.,.F.,.F.,(4,3,3,3,3,3,4),(0.,0.00238863536132878,0.00395001590834586,
0.00634818395904371,0.00714774836470879,0.00950478707120714,0.0103395117697158),
 .UNSPECIFIED.);
#186=B_SPLINE_CURVE_WITH_KNOTS('',3,(#4395,#4396,#4397,#4398),
 .UNSPECIFIED.,.F.,.F.,(4,4),(-0.760304776531086,-0.684071543069403),
 .UNSPECIFIED.);
#187=B_SPLINE_CURVE_WITH_KNOTS('',3,(#4400,#4401,#4402,#4403),
 .UNSPECIFIED.,.F.,.F.,(4,4),(-0.00742141384875208,0.),.UNSPECIFIED.);
#188=B_SPLINE_CURVE_WITH_KNOTS('',3,(#4404,#4405,#4406,#4407),
 .UNSPECIFIED.,.F.,.F.,(4,4),(1.65984869157064E-18,0.299262874112732),
 .UNSPECIFIED.);
#189=B_SPLINE_CURVE_WITH_KNOTS('',3,(#4409,#4410,#4411,#4412),
 .UNSPECIFIED.,.F.,.F.,(4,4),(0.0213418655895096,0.320604739702265),
 .UNSPECIFIED.);
#190=B_SPLINE_CURVE_WITH_KNOTS('',3,(#4414,#4415,#4416,#4417),
 .UNSPECIFIED.,.F.,.F.,(4,4),(-0.00742141384875205,0.),.UNSPECIFIED.);
#191=B_SPLINE_CURVE_WITH_KNOTS('',3,(#4418,#4419,#4420,#4421),
 .UNSPECIFIED.,.F.,.F.,(4,4),(-0.684071543069407,-0.607838309566672),
 .UNSPECIFIED.);
#192=B_SPLINE_CURVE_WITH_KNOTS('',3,(#4424,#4425,#4426,#4427,#4428,#4429,
#4430,#4431,#4432,#4433,#4434,#4435,#4436,#4437,#4438,#4439,#4440,#4441,
#4442),.UNSPECIFIED.,.F.,.F.,(4,3,3,3,3,3,4),(0.,0.00236514242296807,0.00387143253941871,
0.00627221475614172,0.00709952884675554,0.0094805506208361,0.0103368091458926),
 .UNSPECIFIED.);
#193=B_SPLINE_CURVE_WITH_KNOTS('',3,(#4445,#4446,#4447,#4448,#4449,#4450,
#4451,#4452,#4453,#4454,#4455,#4456,#4457,#4458,#4459,#4460,#4461,#4462,
#4463),.UNSPECIFIED.,.F.,.F.,(4,3,3,3,3,3,4),(0.,0.00238863536134664,0.00395001590834423,
0.00634818395903556,0.00714774836470508,0.00950478707119494,0.0103395117697105),
 .UNSPECIFIED.);
#194=B_SPLINE_CURVE_WITH_KNOTS('',3,(#4469,#4470,#4471,#4472),
 .UNSPECIFIED.,.F.,.F.,(4,4),(-0.760304776531087,-0.684071543069404),
 .UNSPECIFIED.);
#195=B_SPLINE_CURVE_WITH_KNOTS('',3,(#4474,#4475,#4476,#4477),
 .UNSPECIFIED.,.F.,.F.,(4,4),(-0.00742141515768207,0.),.UNSPECIFIED.);
#196=B_SPLINE_CURVE_WITH_KNOTS('',3,(#4478,#4479,#4480,#4481),
 .UNSPECIFIED.,.F.,.F.,(4,4),(1.951563828954E-18,0.299262874112732),
 .UNSPECIFIED.);
#197=B_SPLINE_CURVE_WITH_KNOTS('',3,(#4483,#4484,#4485,#4486),
 .UNSPECIFIED.,.F.,.F.,(4,4),(0.0213418655895097,0.320604739702265),
 .UNSPECIFIED.);
#198=B_SPLINE_CURVE_WITH_KNOTS('',3,(#4488,#4489,#4490,#4491),
 .UNSPECIFIED.,.F.,.F.,(4,4),(-0.00742141384875192,0.),.UNSPECIFIED.);
#199=B_SPLINE_CURVE_WITH_KNOTS('',3,(#4492,#4493,#4494,#4495),
 .UNSPECIFIED.,.F.,.F.,(4,4),(-0.684071543069406,-0.607838309566671),
 .UNSPECIFIED.);
#200=B_SPLINE_CURVE_WITH_KNOTS('',3,(#4498,#4499,#4500,#4501,#4502,#4503,
#4504,#4505,#4506,#4507,#4508,#4509,#4510,#4511,#4512,#4513,#4514,#4515,
#4516),.UNSPECIFIED.,.F.,.F.,(4,3,3,3,3,3,4),(0.,0.00236514242295589,0.00387143253941816,
0.00627221475606953,0.00709952884675202,0.00948055062089129,0.0103368091458839),
 .UNSPECIFIED.);
#201=B_SPLINE_CURVE_WITH_KNOTS('',3,(#4519,#4520,#4521,#4522,#4523,#4524,
#4525,#4526,#4527,#4528,#4529,#4530,#4531,#4532,#4533,#4534,#4535,#4536,
#4537),.UNSPECIFIED.,.F.,.F.,(4,3,3,3,3,3,4),(0.,0.00238863536133967,0.00395001590834517,
0.00634818395904197,0.00714774836470689,0.00950478707118415,0.0103395117697134),
 .UNSPECIFIED.);
#202=B_SPLINE_CURVE_WITH_KNOTS('',3,(#4543,#4544,#4545,#4546),
 .UNSPECIFIED.,.F.,.F.,(4,4),(-0.760304776531085,-0.684071543069404),
 .UNSPECIFIED.);
#203=B_SPLINE_CURVE_WITH_KNOTS('',3,(#4548,#4549,#4550,#4551),
 .UNSPECIFIED.,.F.,.F.,(4,4),(-0.00742141384875207,0.),.UNSPECIFIED.);
#204=B_SPLINE_CURVE_WITH_KNOTS('',3,(#4552,#4553,#4554,#4555),
 .UNSPECIFIED.,.F.,.F.,(4,4),(0.,0.299262874112732),.UNSPECIFIED.);
#205=B_SPLINE_CURVE_WITH_KNOTS('',3,(#4557,#4558,#4559,#4560),
 .UNSPECIFIED.,.F.,.F.,(4,4),(0.0213418655895096,0.320604739702265),
 .UNSPECIFIED.);
#206=B_SPLINE_CURVE_WITH_KNOTS('',3,(#4562,#4563,#4564,#4565),
 .UNSPECIFIED.,.F.,.F.,(4,4),(-0.00742141384875206,0.),.UNSPECIFIED.);
#207=B_SPLINE_CURVE_WITH_KNOTS('',3,(#4566,#4567,#4568,#4569),
 .UNSPECIFIED.,.F.,.F.,(4,4),(-0.684071543069407,-0.607838309566672),
 .UNSPECIFIED.);
#208=B_SPLINE_CURVE_WITH_KNOTS('',3,(#4572,#4573,#4574,#4575,#4576,#4577,
#4578,#4579,#4580,#4581,#4582,#4583,#4584,#4585,#4586,#4587,#4588,#4589,
#4590),.UNSPECIFIED.,.F.,.F.,(4,3,3,3,3,3,4),(0.,0.00236514242296881,0.0038714325394188,
0.00627221475607173,0.00709952884675431,0.00948055062083475,0.0103368091458867),
 .UNSPECIFIED.);
#209=B_SPLINE_CURVE_WITH_KNOTS('',3,(#4593,#4594,#4595,#4596,#4597,#4598,
#4599,#4600,#4601,#4602,#4603,#4604,#4605,#4606,#4607,#4608,#4609,#4610,
#4611),.UNSPECIFIED.,.F.,.F.,(4,3,3,3,3,3,4),(0.,0.00238863536135655,0.00395001590834344,
0.00634818395905566,0.00714774836470221,0.00950478707121133,0.010339511769704),
 .UNSPECIFIED.);
#210=B_SPLINE_CURVE_WITH_KNOTS('',3,(#4636,#4637,#4638,#4639,#4640),
 .UNSPECIFIED.,.F.,.F.,(4,1,4),(-0.0527174428047013,-0.0225931897734434,
0.),.UNSPECIFIED.);
#211=B_SPLINE_CURVE_WITH_KNOTS('',3,(#4642,#4643,#4644,#4645),
 .UNSPECIFIED.,.F.,.F.,(4,4),(0.684071543069403,0.749872827633428),
 .UNSPECIFIED.);
#212=B_SPLINE_CURVE_WITH_KNOTS('',3,(#4668,#4669,#4670,#4671),
 .UNSPECIFIED.,.F.,.F.,(4,4),(0.,0.00742141515768173),.UNSPECIFIED.);
#213=B_SPLINE_CURVE_WITH_KNOTS('',3,(#4689,#4690,#4691,#4692),
 .UNSPECIFIED.,.F.,.F.,(4,4),(-0.299989426649751,-1.63822031984846E-17),
 .UNSPECIFIED.);
#214=B_SPLINE_CURVE_WITH_KNOTS('',3,(#4710,#4711,#4712,#4713),
 .UNSPECIFIED.,.F.,.F.,(4,4),(-0.320604739702265,-0.0206153130524749),
 .UNSPECIFIED.);
#215=B_SPLINE_CURVE_WITH_KNOTS('',3,(#4736,#4737,#4738,#4739),
 .UNSPECIFIED.,.F.,.F.,(4,4),(0.,0.00742141515806166),.UNSPECIFIED.);
#216=B_SPLINE_CURVE_WITH_KNOTS('',3,(#4762,#4763,#4764,#4765,#4766),
 .UNSPECIFIED.,.F.,.F.,(4,1,4),(-0.0527174428052435,-0.0225931897736758,
0.),.UNSPECIFIED.);
#217=B_SPLINE_CURVE_WITH_KNOTS('',3,(#4767,#4768,#4769,#4770),
 .UNSPECIFIED.,.F.,.F.,(4,4),(0.618270258505381,0.684071543069407),
 .UNSPECIFIED.);
#218=B_SPLINE_CURVE_WITH_KNOTS('',3,(#4774,#4775,#4776,#4777),
 .UNSPECIFIED.,.F.,.F.,(4,4),(-0.320604739702265,-0.0206153130524741),
 .UNSPECIFIED.);
#219=B_SPLINE_CURVE_WITH_KNOTS('',3,(#4819,#4820,#4821,#4822,#4823),
 .UNSPECIFIED.,.F.,.F.,(4,1,4),(-0.052717482083045,-0.0225932066070193,
0.),.UNSPECIFIED.);
#220=B_SPLINE_CURVE_WITH_KNOTS('',3,(#4825,#4826,#4827,#4828),
 .UNSPECIFIED.,.F.,.F.,(4,4),(0.684071543069403,0.749872827633427),
 .UNSPECIFIED.);
#221=B_SPLINE_CURVE_WITH_KNOTS('',3,(#4851,#4852,#4853,#4854),
 .UNSPECIFIED.,.F.,.F.,(4,4),(0.,0.0074214138487521),.UNSPECIFIED.);
#222=B_SPLINE_CURVE_WITH_KNOTS('',3,(#4872,#4873,#4874,#4875),
 .UNSPECIFIED.,.F.,.F.,(4,4),(-0.299989426649751,0.),.UNSPECIFIED.);
#223=B_SPLINE_CURVE_WITH_KNOTS('',3,(#4897,#4898,#4899,#4900),
 .UNSPECIFIED.,.F.,.F.,(4,4),(0.,0.00742141384875211),.UNSPECIFIED.);
#224=B_SPLINE_CURVE_WITH_KNOTS('',3,(#4923,#4924,#4925,#4926,#4927),
 .UNSPECIFIED.,.F.,.F.,(4,1,4),(-0.0527174428052439,-0.0225931897736759,
0.),.UNSPECIFIED.);
#225=B_SPLINE_CURVE_WITH_KNOTS('',3,(#4928,#4929,#4930,#4931),
 .UNSPECIFIED.,.F.,.F.,(4,4),(0.618270258505382,0.684071543069406),
 .UNSPECIFIED.);
#226=B_SPLINE_CURVE_WITH_KNOTS('',3,(#4935,#4936,#4937,#4938),
 .UNSPECIFIED.,.F.,.F.,(4,4),(-0.320604739702265,-0.0206153130524744),
 .UNSPECIFIED.);
#227=B_SPLINE_CURVE_WITH_KNOTS('',3,(#4980,#4981,#4982,#4983,#4984),
 .UNSPECIFIED.,.F.,.F.,(4,1,4),(-0.0527174820830441,-0.0225932066070189,
0.),.UNSPECIFIED.);
#228=B_SPLINE_CURVE_WITH_KNOTS('',3,(#4986,#4987,#4988,#4989),
 .UNSPECIFIED.,.F.,.F.,(4,4),(0.684071543069403,0.749872827633428),
 .UNSPECIFIED.);
#229=B_SPLINE_CURVE_WITH_KNOTS('',3,(#5012,#5013,#5014,#5015),
 .UNSPECIFIED.,.F.,.F.,(4,4),(0.,0.00742141515768181),.UNSPECIFIED.);
#230=B_SPLINE_CURVE_WITH_KNOTS('',3,(#5033,#5034,#5035,#5036),
 .UNSPECIFIED.,.F.,.F.,(4,4),(-0.299989426649751,0.),.UNSPECIFIED.);
#231=B_SPLINE_CURVE_WITH_KNOTS('',3,(#5058,#5059,#5060,#5061),
 .UNSPECIFIED.,.F.,.F.,(4,4),(0.,0.00742141515806142),.UNSPECIFIED.);
#232=B_SPLINE_CURVE_WITH_KNOTS('',3,(#5084,#5085,#5086,#5087,#5088),
 .UNSPECIFIED.,.F.,.F.,(4,1,4),(-0.0527174428052432,-0.0225931897736756,
0.),.UNSPECIFIED.);
#233=B_SPLINE_CURVE_WITH_KNOTS('',3,(#5089,#5090,#5091,#5092),
 .UNSPECIFIED.,.F.,.F.,(4,4),(0.618270258505382,0.684071543069406),
 .UNSPECIFIED.);
#234=B_SPLINE_CURVE_WITH_KNOTS('',3,(#5096,#5097,#5098,#5099),
 .UNSPECIFIED.,.F.,.F.,(4,4),(-0.320604739702265,-0.0206153130524748),
 .UNSPECIFIED.);
#235=B_SPLINE_CURVE_WITH_KNOTS('',3,(#5141,#5142,#5143,#5144,#5145),
 .UNSPECIFIED.,.F.,.F.,(4,1,4),(-0.0527174820830446,-0.0225932066070193,
-3.10830008455208E-16),.UNSPECIFIED.);
#236=B_SPLINE_CURVE_WITH_KNOTS('',3,(#5147,#5148,#5149,#5150),
 .UNSPECIFIED.,.F.,.F.,(4,4),(0.684071543069404,0.749872827633429),
 .UNSPECIFIED.);
#237=B_SPLINE_CURVE_WITH_KNOTS('',3,(#5173,#5174,#5175,#5176),
 .UNSPECIFIED.,.F.,.F.,(4,4),(0.,0.00742141384875211),.UNSPECIFIED.);
#238=B_SPLINE_CURVE_WITH_KNOTS('',3,(#5194,#5195,#5196,#5197),
 .UNSPECIFIED.,.F.,.F.,(4,4),(-0.299989426649751,0.),.UNSPECIFIED.);
#239=B_SPLINE_CURVE_WITH_KNOTS('',3,(#5219,#5220,#5221,#5222),
 .UNSPECIFIED.,.F.,.F.,(4,4),(0.,0.0074214138487521),.UNSPECIFIED.);
#240=B_SPLINE_CURVE_WITH_KNOTS('',3,(#5245,#5246,#5247,#5248,#5249),
 .UNSPECIFIED.,.F.,.F.,(4,1,4),(-0.0527174428052443,-0.0225931897736761,
0.),.UNSPECIFIED.);
#241=B_SPLINE_CURVE_WITH_KNOTS('',3,(#5250,#5251,#5252,#5253),
 .UNSPECIFIED.,.F.,.F.,(4,4),(0.618270258505382,0.684071543069406),
 .UNSPECIFIED.);
#242=B_SPLINE_CURVE_WITH_KNOTS('',3,(#5257,#5258,#5259,#5260),
 .UNSPECIFIED.,.F.,.F.,(4,4),(-0.320604739702265,-0.0206153130524756),
 .UNSPECIFIED.);
#243=B_SPLINE_CURVE_WITH_KNOTS('',3,(#5302,#5303,#5304,#5305,#5306),
 .UNSPECIFIED.,.F.,.F.,(4,1,4),(-0.0527174820830449,-0.0225932066070193,
-6.32342329229595E-17),.UNSPECIFIED.);
#244=B_SPLINE_CURVE_WITH_KNOTS('',3,(#5308,#5309,#5310,#5311),
 .UNSPECIFIED.,.F.,.F.,(4,4),(0.684071543069404,0.749872827633431),
 .UNSPECIFIED.);
#245=B_SPLINE_CURVE_WITH_KNOTS('',3,(#5334,#5335,#5336,#5337),
 .UNSPECIFIED.,.F.,.F.,(4,4),(0.,0.0074214151576819),.UNSPECIFIED.);
#246=B_SPLINE_CURVE_WITH_KNOTS('',3,(#5355,#5356,#5357,#5358),
 .UNSPECIFIED.,.F.,.F.,(4,4),(-0.29998942664975,-2.92734549664113E-18),
 .UNSPECIFIED.);
#247=B_SPLINE_CURVE_WITH_KNOTS('',3,(#5380,#5381,#5382,#5383),
 .UNSPECIFIED.,.F.,.F.,(4,4),(0.,0.00742141515806141),.UNSPECIFIED.);
#248=B_SPLINE_CURVE_WITH_KNOTS('',3,(#5406,#5407,#5408,#5409,#5410),
 .UNSPECIFIED.,.F.,.F.,(4,1,4),(-0.0527174428052436,-0.0301242530315678,
0.),.UNSPECIFIED.);
#249=B_SPLINE_CURVE_WITH_KNOTS('',3,(#5411,#5412,#5413,#5414),
 .UNSPECIFIED.,.F.,.F.,(4,4),(0.61827025850538,0.684071543069406),
 .UNSPECIFIED.);
#250=B_SPLINE_CURVE_WITH_KNOTS('',3,(#5418,#5419,#5420,#5421),
 .UNSPECIFIED.,.F.,.F.,(4,4),(-0.320604739702265,-0.0206153130524757),
 .UNSPECIFIED.);
#251=B_SPLINE_CURVE_WITH_KNOTS('',3,(#5463,#5464,#5465,#5466,#5467),
 .UNSPECIFIED.,.F.,.F.,(4,1,4),(-0.0527174820830442,-0.0225932066070189,
0.),.UNSPECIFIED.);
#252=B_SPLINE_CURVE_WITH_KNOTS('',3,(#5469,#5470,#5471,#5472),
 .UNSPECIFIED.,.F.,.F.,(4,4),(0.684071543069403,0.74987282763343),
 .UNSPECIFIED.);
#253=B_SPLINE_CURVE_WITH_KNOTS('',3,(#5495,#5496,#5497,#5498),
 .UNSPECIFIED.,.F.,.F.,(4,4),(0.,0.00742141384875208),.UNSPECIFIED.);
#254=B_SPLINE_CURVE_WITH_KNOTS('',3,(#5516,#5517,#5518,#5519),
 .UNSPECIFIED.,.F.,.F.,(4,4),(-0.29998942664975,-1.65984869157064E-18),
 .UNSPECIFIED.);
#255=B_SPLINE_CURVE_WITH_KNOTS('',3,(#5541,#5542,#5543,#5544),
 .UNSPECIFIED.,.F.,.F.,(4,4),(0.,0.00742141384875205),.UNSPECIFIED.);
#256=B_SPLINE_CURVE_WITH_KNOTS('',3,(#5567,#5568,#5569,#5570,#5571),
 .UNSPECIFIED.,.F.,.F.,(4,1,4),(-0.0527174428052425,-0.0225931897736754,
0.),.UNSPECIFIED.);
#257=B_SPLINE_CURVE_WITH_KNOTS('',3,(#5572,#5573,#5574,#5575),
 .UNSPECIFIED.,.F.,.F.,(4,4),(0.61827025850538,0.684071543069407),
 .UNSPECIFIED.);
#258=B_SPLINE_CURVE_WITH_KNOTS('',3,(#5579,#5580,#5581,#5582),
 .UNSPECIFIED.,.F.,.F.,(4,4),(-0.320604739702265,-0.020615313052476),
 .UNSPECIFIED.);
#259=B_SPLINE_CURVE_WITH_KNOTS('',3,(#5624,#5625,#5626,#5627,#5628),
 .UNSPECIFIED.,.F.,.F.,(4,1,4),(-0.0527174820830446,-0.0225932066070191,
0.),.UNSPECIFIED.);
#260=B_SPLINE_CURVE_WITH_KNOTS('',3,(#5630,#5631,#5632,#5633),
 .UNSPECIFIED.,.F.,.F.,(4,4),(0.684071543069404,0.74987282763343),
 .UNSPECIFIED.);
#261=B_SPLINE_CURVE_WITH_KNOTS('',3,(#5656,#5657,#5658,#5659),
 .UNSPECIFIED.,.F.,.F.,(4,4),(0.,0.00742141515768207),.UNSPECIFIED.);
#262=B_SPLINE_CURVE_WITH_KNOTS('',3,(#5677,#5678,#5679,#5680),
 .UNSPECIFIED.,.F.,.F.,(4,4),(-0.29998942664975,-1.951563828954E-18),
 .UNSPECIFIED.);
#263=B_SPLINE_CURVE_WITH_KNOTS('',3,(#5702,#5703,#5704,#5705),
 .UNSPECIFIED.,.F.,.F.,(4,4),(0.,0.00742141384875192),.UNSPECIFIED.);
#264=B_SPLINE_CURVE_WITH_KNOTS('',3,(#5728,#5729,#5730,#5731,#5732),
 .UNSPECIFIED.,.F.,.F.,(4,1,4),(-0.0527174428052437,-0.0225931897736759,
0.),.UNSPECIFIED.);
#265=B_SPLINE_CURVE_WITH_KNOTS('',3,(#5733,#5734,#5735,#5736),
 .UNSPECIFIED.,.F.,.F.,(4,4),(0.618270258505379,0.684071543069406),
 .UNSPECIFIED.);
#266=B_SPLINE_CURVE_WITH_KNOTS('',3,(#5740,#5741,#5742,#5743),
 .UNSPECIFIED.,.F.,.F.,(4,4),(-0.320604739702265,-0.0206153130524757),
 .UNSPECIFIED.);
#267=B_SPLINE_CURVE_WITH_KNOTS('',3,(#5785,#5786,#5787,#5788,#5789),
 .UNSPECIFIED.,.F.,.F.,(4,1,4),(-0.0527174820830446,-0.0225932066070193,
-2.78564155804625E-16),.UNSPECIFIED.);
#268=B_SPLINE_CURVE_WITH_KNOTS('',3,(#5791,#5792,#5793,#5794),
 .UNSPECIFIED.,.F.,.F.,(4,4),(0.684071543069404,0.749872827633429),
 .UNSPECIFIED.);
#269=B_SPLINE_CURVE_WITH_KNOTS('',3,(#5817,#5818,#5819,#5820),
 .UNSPECIFIED.,.F.,.F.,(4,4),(0.,0.00742141384875207),.UNSPECIFIED.);
#270=B_SPLINE_CURVE_WITH_KNOTS('',3,(#5838,#5839,#5840,#5841),
 .UNSPECIFIED.,.F.,.F.,(4,4),(-0.299989426649751,0.),.UNSPECIFIED.);
#271=B_SPLINE_CURVE_WITH_KNOTS('',3,(#5863,#5864,#5865,#5866),
 .UNSPECIFIED.,.F.,.F.,(4,4),(0.,0.00742141384875206),.UNSPECIFIED.);
#272=B_SPLINE_CURVE_WITH_KNOTS('',3,(#5889,#5890,#5891,#5892,#5893),
 .UNSPECIFIED.,.F.,.F.,(4,1,4),(-0.0527174428052429,-0.0301242530315674,
0.),.UNSPECIFIED.);
#273=B_SPLINE_CURVE_WITH_KNOTS('',3,(#5894,#5895,#5896,#5897),
 .UNSPECIFIED.,.F.,.F.,(4,4),(0.61827025850538,0.684071543069407),
 .UNSPECIFIED.);
#274=B_SPLINE_CURVE_WITH_KNOTS('',3,(#5988,#5989,#5990,#5991,#5992,#5993,
#5994),.UNSPECIFIED.,.F.,.F.,(4,1,1,1,4),(-0.178863238504253,-0.127759456074466,
-0.0766556736446797,-0.0383278368223399,0.),.UNSPECIFIED.);
#275=B_SPLINE_CURVE_WITH_KNOTS('',3,(#6082,#6083,#6084,#6085,#6086,#6087,
#6088),.UNSPECIFIED.,.F.,.F.,(4,1,1,1,4),(-0.178863238504253,-0.127759456074467,
-0.0766556736446799,-0.03832783682234,0.),.UNSPECIFIED.);
#276=B_SPLINE_CURVE_WITH_KNOTS('',3,(#6176,#6177,#6178,#6179,#6180,#6181,
#6182),.UNSPECIFIED.,.F.,.F.,(4,1,1,1,4),(-0.178863238504253,-0.140535401681913,
-0.102207564859573,-0.0511037824297866,-1.0273224567768E-16),
 .UNSPECIFIED.);
#277=B_SPLINE_CURVE_WITH_KNOTS('',3,(#6270,#6271,#6272,#6273,#6274,#6275,
#6276),.UNSPECIFIED.,.F.,.F.,(4,1,1,1,4),(-0.178863238504254,-0.127759456074467,
-0.0766556736446801,-0.03832783682234,0.),.UNSPECIFIED.);
#278=B_SPLINE_CURVE_WITH_KNOTS('',3,(#6364,#6365,#6366,#6367,#6368,#6369,
#6370),.UNSPECIFIED.,.F.,.F.,(4,1,1,1,4),(-0.178863238504253,-0.127759456074467,
-0.0766556736446802,-0.0383278368223405,-7.0239140472081E-16),
 .UNSPECIFIED.);
#279=B_SPLINE_CURVE_WITH_KNOTS('',3,(#6458,#6459,#6460,#6461,#6462,#6463,
#6464),.UNSPECIFIED.,.F.,.F.,(4,1,1,1,4),(-0.178863238504252,-0.127759456074466,
-0.0766556736446795,-0.0383278368223398,0.),.UNSPECIFIED.);
#280=B_SPLINE_CURVE_WITH_KNOTS('',3,(#6552,#6553,#6554,#6555,#6556,#6557,
#6558),.UNSPECIFIED.,.F.,.F.,(4,1,1,1,4),(-0.178863238504253,-0.127759456074466,
-0.0766556736446797,-0.0383278368223399,0.),.UNSPECIFIED.);
#281=B_SPLINE_CURVE_WITH_KNOTS('',3,(#6645,#6646,#6647,#6648,#6649,#6650,
#6651),.UNSPECIFIED.,.F.,.F.,(4,1,1,1,4),(-0.178863238504252,-0.140535401681912,
-0.102207564859572,-0.0511037824297862,0.),.UNSPECIFIED.);
#282=FACE_BOUND('',#530,.T.);
#283=FACE_BOUND('',#537,.T.);
#284=FACE_BOUND('',#567,.T.);
#285=FACE_BOUND('',#568,.T.);
#286=(
BOUNDED_CURVE()
B_SPLINE_CURVE(2,(#3618,#3619,#3620),.UNSPECIFIED.,.F.,.F.)
B_SPLINE_CURVE_WITH_KNOTS((3,3),(1.22719158617276,2.11918313891999),
 .UNSPECIFIED.)
CURVE()
GEOMETRIC_REPRESENTATION_ITEM()
RATIONAL_B_SPLINE_CURVE((1.26187584732865,1.3019353980375,1.26187584732865))
REPRESENTATION_ITEM('')
);
#287=(
BOUNDED_CURVE()
B_SPLINE_CURVE(2,(#3822,#3823,#3824),.UNSPECIFIED.,.F.,.F.)
B_SPLINE_CURVE_WITH_KNOTS((3,3),(0.452548339959397,0.905096679918796),
 .UNSPECIFIED.)
CURVE()
GEOMETRIC_REPRESENTATION_ITEM()
RATIONAL_B_SPLINE_CURVE((1.,1.,1.))
REPRESENTATION_ITEM('')
);
#288=(
BOUNDED_CURVE()
B_SPLINE_CURVE(2,(#3910,#3911,#3912),.UNSPECIFIED.,.F.,.F.)
B_SPLINE_CURVE_WITH_KNOTS((3,3),(0.,0.452548339959396),.UNSPECIFIED.)
CURVE()
GEOMETRIC_REPRESENTATION_ITEM()
RATIONAL_B_SPLINE_CURVE((1.,1.,1.))
REPRESENTATION_ITEM('')
);
#289=PLANE('',#2696);
#290=PLANE('',#2700);
#291=PLANE('',#2701);
#292=PLANE('',#2704);
#293=PLANE('',#2711);
#294=PLANE('',#2715);
#295=PLANE('',#2716);
#296=PLANE('',#2717);
#297=PLANE('',#2726);
#298=PLANE('',#2733);
#299=PLANE('',#2737);
#300=PLANE('',#2741);
#301=PLANE('',#2745);
#302=PLANE('',#2749);
#303=PLANE('',#2756);
#304=PLANE('',#2759);
#305=PLANE('',#2762);
#306=PLANE('',#2765);
#307=PLANE('',#2770);
#308=PLANE('',#2774);
#309=PLANE('',#2777);
#310=PLANE('',#2778);
#311=PLANE('',#2783);
#312=PLANE('',#2786);
#313=PLANE('',#2788);
#314=PLANE('',#2789);
#315=PLANE('',#2790);
#316=PLANE('',#2812);
#317=PLANE('',#2816);
#318=PLANE('',#2820);
#319=PLANE('',#2824);
#320=PLANE('',#2828);
#321=PLANE('',#2832);
#322=PLANE('',#2836);
#323=PLANE('',#2840);
#324=CYLINDRICAL_SURFACE('',#2686,1.1);
#325=CYLINDRICAL_SURFACE('',#2691,1.1);
#326=CYLINDRICAL_SURFACE('',#2702,5.);
#327=CYLINDRICAL_SURFACE('',#2757,0.5);
#328=CYLINDRICAL_SURFACE('',#2760,0.5);
#329=CYLINDRICAL_SURFACE('',#2763,0.5);
#330=CYLINDRICAL_SURFACE('',#2766,0.5);
#331=CYLINDRICAL_SURFACE('',#2768,4.2);
#332=CYLINDRICAL_SURFACE('',#2772,0.5);
#333=CYLINDRICAL_SURFACE('',#2775,0.5);
#334=CYLINDRICAL_SURFACE('',#2784,4.2);
#335=CYLINDRICAL_SURFACE('',#2809,5.);
#336=CYLINDRICAL_SURFACE('',#2849,0.8);
#337=CYLINDRICAL_SURFACE('',#2858,0.8);
#338=CYLINDRICAL_SURFACE('',#2867,0.8);
#339=CYLINDRICAL_SURFACE('',#2876,0.8);
#340=CYLINDRICAL_SURFACE('',#2885,0.8);
#341=CYLINDRICAL_SURFACE('',#2894,0.799999999999999);
#342=CYLINDRICAL_SURFACE('',#2903,0.799999999999999);
#343=CYLINDRICAL_SURFACE('',#2912,0.8);
#344=FACE_OUTER_BOUND('',#519,.T.);
#345=FACE_OUTER_BOUND('',#520,.T.);
#346=FACE_OUTER_BOUND('',#521,.T.);
#347=FACE_OUTER_BOUND('',#522,.T.);
#348=FACE_OUTER_BOUND('',#523,.T.);
#349=FACE_OUTER_BOUND('',#524,.T.);
#350=FACE_OUTER_BOUND('',#525,.T.);
#351=FACE_OUTER_BOUND('',#526,.T.);
#352=FACE_OUTER_BOUND('',#527,.T.);
#353=FACE_OUTER_BOUND('',#528,.T.);
#354=FACE_OUTER_BOUND('',#529,.T.);
#355=FACE_OUTER_BOUND('',#531,.T.);
#356=FACE_OUTER_BOUND('',#532,.T.);
#357=FACE_OUTER_BOUND('',#533,.T.);
#358=FACE_OUTER_BOUND('',#534,.T.);
#359=FACE_OUTER_BOUND('',#535,.T.);
#360=FACE_OUTER_BOUND('',#536,.T.);
#361=FACE_OUTER_BOUND('',#538,.T.);
#362=FACE_OUTER_BOUND('',#539,.T.);
#363=FACE_OUTER_BOUND('',#540,.T.);
#364=FACE_OUTER_BOUND('',#541,.T.);
#365=FACE_OUTER_BOUND('',#542,.T.);
#366=FACE_OUTER_BOUND('',#543,.T.);
#367=FACE_OUTER_BOUND('',#544,.T.);
#368=FACE_OUTER_BOUND('',#545,.T.);
#369=FACE_OUTER_BOUND('',#546,.T.);
#370=FACE_OUTER_BOUND('',#547,.T.);
#371=FACE_OUTER_BOUND('',#548,.T.);
#372=FACE_OUTER_BOUND('',#549,.T.);
#373=FACE_OUTER_BOUND('',#550,.T.);
#374=FACE_OUTER_BOUND('',#551,.T.);
#375=FACE_OUTER_BOUND('',#552,.T.);
#376=FACE_OUTER_BOUND('',#553,.T.);
#377=FACE_OUTER_BOUND('',#554,.T.);
#378=FACE_OUTER_BOUND('',#555,.T.);
#379=FACE_OUTER_BOUND('',#556,.T.);
#380=FACE_OUTER_BOUND('',#557,.T.);
#381=FACE_OUTER_BOUND('',#558,.T.);
#382=FACE_OUTER_BOUND('',#559,.T.);
#383=FACE_OUTER_BOUND('',#560,.T.);
#384=FACE_OUTER_BOUND('',#561,.T.);
#385=FACE_OUTER_BOUND('',#562,.T.);
#386=FACE_OUTER_BOUND('',#563,.T.);
#387=FACE_OUTER_BOUND('',#564,.T.);
#388=FACE_OUTER_BOUND('',#565,.T.);
#389=FACE_OUTER_BOUND('',#566,.T.);
#390=FACE_OUTER_BOUND('',#569,.T.);
#391=FACE_OUTER_BOUND('',#570,.T.);
#392=FACE_OUTER_BOUND('',#571,.T.);
#393=FACE_OUTER_BOUND('',#572,.T.);
#394=FACE_OUTER_BOUND('',#573,.T.);
#395=FACE_OUTER_BOUND('',#574,.T.);
#396=FACE_OUTER_BOUND('',#575,.T.);
#397=FACE_OUTER_BOUND('',#576,.T.);
#398=FACE_OUTER_BOUND('',#577,.T.);
#399=FACE_OUTER_BOUND('',#578,.T.);
#400=FACE_OUTER_BOUND('',#579,.T.);
#401=FACE_OUTER_BOUND('',#580,.T.);
#402=FACE_OUTER_BOUND('',#581,.T.);
#403=FACE_OUTER_BOUND('',#582,.T.);
#404=FACE_OUTER_BOUND('',#583,.T.);
#405=FACE_OUTER_BOUND('',#584,.T.);
#406=FACE_OUTER_BOUND('',#585,.T.);
#407=FACE_OUTER_BOUND('',#586,.T.);
#408=FACE_OUTER_BOUND('',#587,.T.);
#409=FACE_OUTER_BOUND('',#588,.T.);
#410=FACE_OUTER_BOUND('',#589,.T.);
#411=FACE_OUTER_BOUND('',#590,.T.);
#412=FACE_OUTER_BOUND('',#591,.T.);
#413=FACE_OUTER_BOUND('',#592,.T.);
#414=FACE_OUTER_BOUND('',#593,.T.);
#415=FACE_OUTER_BOUND('',#594,.T.);
#416=FACE_OUTER_BOUND('',#595,.T.);
#417=FACE_OUTER_BOUND('',#596,.T.);
#418=FACE_OUTER_BOUND('',#597,.T.);
#419=FACE_OUTER_BOUND('',#598,.T.);
#420=FACE_OUTER_BOUND('',#599,.T.);
#421=FACE_OUTER_BOUND('',#600,.T.);
#422=FACE_OUTER_BOUND('',#601,.T.);
#423=FACE_OUTER_BOUND('',#602,.T.);
#424=FACE_OUTER_BOUND('',#603,.T.);
#425=FACE_OUTER_BOUND('',#604,.T.);
#426=FACE_OUTER_BOUND('',#605,.T.);
#427=FACE_OUTER_BOUND('',#606,.T.);
#428=FACE_OUTER_BOUND('',#607,.T.);
#429=FACE_OUTER_BOUND('',#608,.T.);
#430=FACE_OUTER_BOUND('',#609,.T.);
#431=FACE_OUTER_BOUND('',#610,.T.);
#432=FACE_OUTER_BOUND('',#611,.T.);
#433=FACE_OUTER_BOUND('',#612,.T.);
#434=FACE_OUTER_BOUND('',#613,.T.);
#435=FACE_OUTER_BOUND('',#614,.T.);
#436=FACE_OUTER_BOUND('',#615,.T.);
#437=FACE_OUTER_BOUND('',#616,.T.);
#438=FACE_OUTER_BOUND('',#617,.T.);
#439=FACE_OUTER_BOUND('',#618,.T.);
#440=FACE_OUTER_BOUND('',#619,.T.);
#441=FACE_OUTER_BOUND('',#620,.T.);
#442=FACE_OUTER_BOUND('',#621,.T.);
#443=FACE_OUTER_BOUND('',#622,.T.);
#444=FACE_OUTER_BOUND('',#623,.T.);
#445=FACE_OUTER_BOUND('',#624,.T.);
#446=FACE_OUTER_BOUND('',#625,.T.);
#447=FACE_OUTER_BOUND('',#626,.T.);
#448=FACE_OUTER_BOUND('',#627,.T.);
#449=FACE_OUTER_BOUND('',#628,.T.);
#450=FACE_OUTER_BOUND('',#629,.T.);
#451=FACE_OUTER_BOUND('',#630,.T.);
#452=FACE_OUTER_BOUND('',#631,.T.);
#453=FACE_OUTER_BOUND('',#632,.T.);
#454=FACE_OUTER_BOUND('',#633,.T.);
#455=FACE_OUTER_BOUND('',#634,.T.);
#456=FACE_OUTER_BOUND('',#635,.T.);
#457=FACE_OUTER_BOUND('',#636,.T.);
#458=FACE_OUTER_BOUND('',#637,.T.);
#459=FACE_OUTER_BOUND('',#638,.T.);
#460=FACE_OUTER_BOUND('',#639,.T.);
#461=FACE_OUTER_BOUND('',#640,.T.);
#462=FACE_OUTER_BOUND('',#641,.T.);
#463=FACE_OUTER_BOUND('',#642,.T.);
#464=FACE_OUTER_BOUND('',#643,.T.);
#465=FACE_OUTER_BOUND('',#644,.T.);
#466=FACE_OUTER_BOUND('',#645,.T.);
#467=FACE_OUTER_BOUND('',#646,.T.);
#468=FACE_OUTER_BOUND('',#647,.T.);
#469=FACE_OUTER_BOUND('',#648,.T.);
#470=FACE_OUTER_BOUND('',#649,.T.);
#471=FACE_OUTER_BOUND('',#650,.T.);
#472=FACE_OUTER_BOUND('',#651,.T.);
#473=FACE_OUTER_BOUND('',#652,.T.);
#474=FACE_OUTER_BOUND('',#653,.T.);
#475=FACE_OUTER_BOUND('',#654,.T.);
#476=FACE_OUTER_BOUND('',#655,.T.);
#477=FACE_OUTER_BOUND('',#656,.T.);
#478=FACE_OUTER_BOUND('',#657,.T.);
#479=FACE_OUTER_BOUND('',#658,.T.);
#480=FACE_OUTER_BOUND('',#659,.T.);
#481=FACE_OUTER_BOUND('',#660,.T.);
#482=FACE_OUTER_BOUND('',#661,.T.);
#483=FACE_OUTER_BOUND('',#662,.T.);
#484=FACE_OUTER_BOUND('',#663,.T.);
#485=FACE_OUTER_BOUND('',#664,.T.);
#486=FACE_OUTER_BOUND('',#665,.T.);
#487=FACE_OUTER_BOUND('',#666,.T.);
#488=FACE_OUTER_BOUND('',#667,.T.);
#489=FACE_OUTER_BOUND('',#668,.T.);
#490=FACE_OUTER_BOUND('',#669,.T.);
#491=FACE_OUTER_BOUND('',#670,.T.);
#492=FACE_OUTER_BOUND('',#671,.T.);
#493=FACE_OUTER_BOUND('',#672,.T.);
#494=FACE_OUTER_BOUND('',#673,.T.);
#495=FACE_OUTER_BOUND('',#674,.T.);
#496=FACE_OUTER_BOUND('',#675,.T.);
#497=FACE_OUTER_BOUND('',#676,.T.);
#498=FACE_OUTER_BOUND('',#677,.T.);
#499=FACE_OUTER_BOUND('',#678,.T.);
#500=FACE_OUTER_BOUND('',#679,.T.);
#501=FACE_OUTER_BOUND('',#680,.T.);
#502=FACE_OUTER_BOUND('',#681,.T.);
#503=FACE_OUTER_BOUND('',#682,.T.);
#504=FACE_OUTER_BOUND('',#683,.T.);
#505=FACE_OUTER_BOUND('',#684,.T.);
#506=FACE_OUTER_BOUND('',#685,.T.);
#507=FACE_OUTER_BOUND('',#686,.T.);
#508=FACE_OUTER_BOUND('',#687,.T.);
#509=FACE_OUTER_BOUND('',#688,.T.);
#510=FACE_OUTER_BOUND('',#689,.T.);
#511=FACE_OUTER_BOUND('',#690,.T.);
#512=FACE_OUTER_BOUND('',#691,.T.);
#513=FACE_OUTER_BOUND('',#692,.T.);
#514=FACE_OUTER_BOUND('',#693,.T.);
#515=FACE_OUTER_BOUND('',#694,.T.);
#516=FACE_OUTER_BOUND('',#695,.T.);
#517=FACE_OUTER_BOUND('',#696,.T.);
#518=FACE_OUTER_BOUND('',#697,.T.);
#519=EDGE_LOOP('',(#1649,#1650,#1651,#1652));
#520=EDGE_LOOP('',(#1653,#1654,#1655,#1656));
#521=EDGE_LOOP('',(#1657,#1658,#1659,#1660));
#522=EDGE_LOOP('',(#1661,#1662,#1663,#1664));
#523=EDGE_LOOP('',(#1665,#1666,#1667,#1668));
#524=EDGE_LOOP('',(#1669,#1670,#1671,#1672));
#525=EDGE_LOOP('',(#1673,#1674,#1675,#1676));
#526=EDGE_LOOP('',(#1677,#1678,#1679,#1680));
#527=EDGE_LOOP('',(#1681,#1682,#1683,#1684));
#528=EDGE_LOOP('',(#1685,#1686,#1687,#1688));
#529=EDGE_LOOP('',(#1689,#1690,#1691,#1692,#1693,#1694,#1695));
#530=EDGE_LOOP('',(#1696,#1697,#1698,#1699));
#531=EDGE_LOOP('',(#1700,#1701,#1702,#1703));
#532=EDGE_LOOP('',(#1704,#1705,#1706,#1707));
#533=EDGE_LOOP('',(#1708,#1709,#1710,#1711));
#534=EDGE_LOOP('',(#1712,#1713,#1714,#1715));
#535=EDGE_LOOP('',(#1716,#1717,#1718,#1719));
#536=EDGE_LOOP('',(#1720,#1721,#1722,#1723,#1724,#1725,#1726,#1727,#1728,
#1729,#1730,#1731,#1732,#1733,#1734,#1735,#1736,#1737,#1738,#1739,#1740,
#1741,#1742,#1743,#1744,#1745,#1746,#1747,#1748,#1749,#1750,#1751));
#537=EDGE_LOOP('',(#1752,#1753,#1754,#1755));
#538=EDGE_LOOP('',(#1756,#1757,#1758,#1759));
#539=EDGE_LOOP('',(#1760,#1761,#1762,#1763));
#540=EDGE_LOOP('',(#1764,#1765,#1766,#1767));
#541=EDGE_LOOP('',(#1768,#1769,#1770,#1771));
#542=EDGE_LOOP('',(#1772,#1773,#1774,#1775));
#543=EDGE_LOOP('',(#1776,#1777,#1778,#1779));
#544=EDGE_LOOP('',(#1780,#1781,#1782,#1783));
#545=EDGE_LOOP('',(#1784,#1785,#1786,#1787));
#546=EDGE_LOOP('',(#1788,#1789,#1790,#1791));
#547=EDGE_LOOP('',(#1792,#1793,#1794,#1795));
#548=EDGE_LOOP('',(#1796,#1797,#1798,#1799));
#549=EDGE_LOOP('',(#1800,#1801,#1802,#1803));
#550=EDGE_LOOP('',(#1804,#1805,#1806,#1807));
#551=EDGE_LOOP('',(#1808,#1809,#1810,#1811));
#552=EDGE_LOOP('',(#1812,#1813,#1814,#1815));
#553=EDGE_LOOP('',(#1816,#1817,#1818,#1819));
#554=EDGE_LOOP('',(#1820,#1821,#1822,#1823));
#555=EDGE_LOOP('',(#1824,#1825,#1826,#1827));
#556=EDGE_LOOP('',(#1828,#1829,#1830,#1831));
#557=EDGE_LOOP('',(#1832,#1833,#1834,#1835));
#558=EDGE_LOOP('',(#1836,#1837,#1838,#1839));
#559=EDGE_LOOP('',(#1840,#1841,#1842,#1843));
#560=EDGE_LOOP('',(#1844,#1845,#1846,#1847,#1848));
#561=EDGE_LOOP('',(#1849,#1850,#1851,#1852));
#562=EDGE_LOOP('',(#1853,#1854,#1855,#1856));
#563=EDGE_LOOP('',(#1857,#1858,#1859,#1860));
#564=EDGE_LOOP('',(#1861,#1862,#1863,#1864));
#565=EDGE_LOOP('',(#1865,#1866,#1867,#1868));
#566=EDGE_LOOP('',(#1869,#1870,#1871,#1872,#1873,#1874,#1875,#1876,#1877,
#1878,#1879,#1880,#1881,#1882,#1883));
#567=EDGE_LOOP('',(#1884));
#568=EDGE_LOOP('',(#1885));
#569=EDGE_LOOP('',(#1886,#1887,#1888,#1889,#1890,#1891,#1892,#1893,#1894));
#570=EDGE_LOOP('',(#1895,#1896,#1897,#1898,#1899));
#571=EDGE_LOOP('',(#1900,#1901,#1902,#1903,#1904));
#572=EDGE_LOOP('',(#1905,#1906,#1907,#1908,#1909,#1910,#1911,#1912,#1913,
#1914,#1915,#1916,#1917,#1918));
#573=EDGE_LOOP('',(#1919));
#574=EDGE_LOOP('',(#1920));
#575=EDGE_LOOP('',(#1921));
#576=EDGE_LOOP('',(#1922,#1923,#1924,#1925,#1926,#1927,#1928,#1929,#1930,
#1931,#1932,#1933,#1934,#1935,#1936,#1937,#1938,#1939,#1940,#1941,#1942,
#1943));
#577=EDGE_LOOP('',(#1944,#1945,#1946,#1947));
#578=EDGE_LOOP('',(#1948,#1949,#1950,#1951,#1952,#1953,#1954,#1955,#1956));
#579=EDGE_LOOP('',(#1957,#1958,#1959,#1960));
#580=EDGE_LOOP('',(#1961,#1962,#1963,#1964,#1965,#1966,#1967,#1968));
#581=EDGE_LOOP('',(#1969,#1970,#1971,#1972));
#582=EDGE_LOOP('',(#1973,#1974,#1975,#1976,#1977,#1978,#1979,#1980));
#583=EDGE_LOOP('',(#1981,#1982,#1983,#1984));
#584=EDGE_LOOP('',(#1985,#1986,#1987,#1988,#1989,#1990,#1991,#1992));
#585=EDGE_LOOP('',(#1993,#1994,#1995,#1996));
#586=EDGE_LOOP('',(#1997,#1998,#1999,#2000,#2001,#2002,#2003,#2004));
#587=EDGE_LOOP('',(#2005,#2006,#2007,#2008));
#588=EDGE_LOOP('',(#2009,#2010,#2011,#2012,#2013,#2014,#2015,#2016));
#589=EDGE_LOOP('',(#2017,#2018,#2019,#2020));
#590=EDGE_LOOP('',(#2021,#2022,#2023,#2024,#2025,#2026,#2027,#2028));
#591=EDGE_LOOP('',(#2029,#2030,#2031,#2032));
#592=EDGE_LOOP('',(#2033,#2034,#2035,#2036,#2037,#2038,#2039,#2040));
#593=EDGE_LOOP('',(#2041,#2042,#2043,#2044));
#594=EDGE_LOOP('',(#2045,#2046,#2047,#2048));
#595=EDGE_LOOP('',(#2049,#2050,#2051,#2052));
#596=EDGE_LOOP('',(#2053,#2054,#2055,#2056));
#597=EDGE_LOOP('',(#2057,#2058,#2059,#2060));
#598=EDGE_LOOP('',(#2061,#2062,#2063,#2064));
#599=EDGE_LOOP('',(#2065,#2066,#2067,#2068));
#600=EDGE_LOOP('',(#2069,#2070,#2071,#2072));
#601=EDGE_LOOP('',(#2073,#2074,#2075,#2076));
#602=EDGE_LOOP('',(#2077,#2078,#2079,#2080));
#603=EDGE_LOOP('',(#2081,#2082,#2083,#2084));
#604=EDGE_LOOP('',(#2085,#2086,#2087,#2088));
#605=EDGE_LOOP('',(#2089,#2090,#2091,#2092));
#606=EDGE_LOOP('',(#2093,#2094,#2095,#2096));
#607=EDGE_LOOP('',(#2097,#2098,#2099,#2100));
#608=EDGE_LOOP('',(#2101,#2102,#2103,#2104));
#609=EDGE_LOOP('',(#2105,#2106,#2107,#2108));
#610=EDGE_LOOP('',(#2109,#2110,#2111,#2112));
#611=EDGE_LOOP('',(#2113,#2114,#2115,#2116));
#612=EDGE_LOOP('',(#2117,#2118,#2119,#2120));
#613=EDGE_LOOP('',(#2121,#2122,#2123,#2124));
#614=EDGE_LOOP('',(#2125,#2126,#2127,#2128));
#615=EDGE_LOOP('',(#2129,#2130,#2131,#2132));
#616=EDGE_LOOP('',(#2133,#2134,#2135,#2136));
#617=EDGE_LOOP('',(#2137,#2138,#2139,#2140));
#618=EDGE_LOOP('',(#2141,#2142,#2143,#2144));
#619=EDGE_LOOP('',(#2145,#2146,#2147,#2148));
#620=EDGE_LOOP('',(#2149,#2150,#2151,#2152));
#621=EDGE_LOOP('',(#2153,#2154,#2155,#2156));
#622=EDGE_LOOP('',(#2157,#2158,#2159,#2160));
#623=EDGE_LOOP('',(#2161,#2162,#2163,#2164));
#624=EDGE_LOOP('',(#2165,#2166,#2167,#2168));
#625=EDGE_LOOP('',(#2169,#2170,#2171,#2172));
#626=EDGE_LOOP('',(#2173,#2174,#2175,#2176));
#627=EDGE_LOOP('',(#2177,#2178,#2179,#2180));
#628=EDGE_LOOP('',(#2181,#2182,#2183,#2184));
#629=EDGE_LOOP('',(#2185,#2186,#2187,#2188));
#630=EDGE_LOOP('',(#2189,#2190,#2191,#2192));
#631=EDGE_LOOP('',(#2193,#2194,#2195,#2196));
#632=EDGE_LOOP('',(#2197,#2198,#2199,#2200));
#633=EDGE_LOOP('',(#2201,#2202,#2203,#2204));
#634=EDGE_LOOP('',(#2205,#2206,#2207,#2208));
#635=EDGE_LOOP('',(#2209,#2210,#2211,#2212));
#636=EDGE_LOOP('',(#2213,#2214,#2215,#2216));
#637=EDGE_LOOP('',(#2217,#2218,#2219,#2220));
#638=EDGE_LOOP('',(#2221,#2222,#2223,#2224));
#639=EDGE_LOOP('',(#2225,#2226,#2227,#2228));
#640=EDGE_LOOP('',(#2229,#2230,#2231,#2232));
#641=EDGE_LOOP('',(#2233,#2234,#2235,#2236));
#642=EDGE_LOOP('',(#2237,#2238,#2239,#2240));
#643=EDGE_LOOP('',(#2241,#2242,#2243,#2244));
#644=EDGE_LOOP('',(#2245,#2246,#2247,#2248));
#645=EDGE_LOOP('',(#2249,#2250,#2251,#2252));
#646=EDGE_LOOP('',(#2253,#2254,#2255,#2256));
#647=EDGE_LOOP('',(#2257,#2258,#2259,#2260));
#648=EDGE_LOOP('',(#2261,#2262,#2263,#2264));
#649=EDGE_LOOP('',(#2265,#2266,#2267,#2268));
#650=EDGE_LOOP('',(#2269,#2270,#2271,#2272));
#651=EDGE_LOOP('',(#2273,#2274,#2275,#2276));
#652=EDGE_LOOP('',(#2277,#2278,#2279,#2280));
#653=EDGE_LOOP('',(#2281,#2282,#2283,#2284));
#654=EDGE_LOOP('',(#2285,#2286,#2287,#2288));
#655=EDGE_LOOP('',(#2289,#2290,#2291,#2292));
#656=EDGE_LOOP('',(#2293,#2294,#2295,#2296));
#657=EDGE_LOOP('',(#2297,#2298,#2299,#2300));
#658=EDGE_LOOP('',(#2301,#2302,#2303,#2304));
#659=EDGE_LOOP('',(#2305,#2306,#2307,#2308));
#660=EDGE_LOOP('',(#2309,#2310,#2311,#2312));
#661=EDGE_LOOP('',(#2313,#2314,#2315,#2316));
#662=EDGE_LOOP('',(#2317,#2318,#2319,#2320));
#663=EDGE_LOOP('',(#2321,#2322,#2323,#2324));
#664=EDGE_LOOP('',(#2325,#2326,#2327,#2328));
#665=EDGE_LOOP('',(#2329,#2330,#2331,#2332));
#666=EDGE_LOOP('',(#2333,#2334,#2335,#2336));
#667=EDGE_LOOP('',(#2337,#2338,#2339,#2340));
#668=EDGE_LOOP('',(#2341,#2342,#2343,#2344));
#669=EDGE_LOOP('',(#2345,#2346,#2347,#2348));
#670=EDGE_LOOP('',(#2349,#2350,#2351,#2352));
#671=EDGE_LOOP('',(#2353,#2354,#2355,#2356));
#672=EDGE_LOOP('',(#2357,#2358,#2359,#2360));
#673=EDGE_LOOP('',(#2361,#2362,#2363,#2364));
#674=EDGE_LOOP('',(#2365,#2366,#2367,#2368));
#675=EDGE_LOOP('',(#2369,#2370,#2371,#2372));
#676=EDGE_LOOP('',(#2373,#2374,#2375,#2376));
#677=EDGE_LOOP('',(#2377,#2378,#2379,#2380));
#678=EDGE_LOOP('',(#2381,#2382,#2383,#2384));
#679=EDGE_LOOP('',(#2385,#2386,#2387,#2388));
#680=EDGE_LOOP('',(#2389,#2390,#2391,#2392));
#681=EDGE_LOOP('',(#2393,#2394,#2395,#2396));
#682=EDGE_LOOP('',(#2397,#2398,#2399,#2400));
#683=EDGE_LOOP('',(#2401,#2402,#2403,#2404));
#684=EDGE_LOOP('',(#2405,#2406,#2407,#2408));
#685=EDGE_LOOP('',(#2409,#2410,#2411,#2412));
#686=EDGE_LOOP('',(#2413,#2414,#2415,#2416));
#687=EDGE_LOOP('',(#2417,#2418,#2419,#2420));
#688=EDGE_LOOP('',(#2421,#2422,#2423,#2424));
#689=EDGE_LOOP('',(#2425,#2426,#2427,#2428));
#690=EDGE_LOOP('',(#2429,#2430,#2431,#2432));
#691=EDGE_LOOP('',(#2433,#2434,#2435,#2436));
#692=EDGE_LOOP('',(#2437,#2438,#2439,#2440));
#693=EDGE_LOOP('',(#2441,#2442,#2443,#2444));
#694=EDGE_LOOP('',(#2445,#2446,#2447,#2448));
#695=EDGE_LOOP('',(#2449,#2450,#2451,#2452));
#696=EDGE_LOOP('',(#2453,#2454,#2455,#2456));
#697=EDGE_LOOP('',(#2457,#2458,#2459,#2460));
#698=LINE('',#3554,#773);
#699=LINE('',#3558,#774);
#700=LINE('',#3564,#775);
#701=LINE('',#3568,#776);
#702=LINE('',#3573,#777);
#703=LINE('',#3577,#778);
#704=LINE('',#3582,#779);
#705=LINE('',#3583,#780);
#706=LINE('',#3584,#781);
#707=LINE('',#3588,#782);
#708=LINE('',#3592,#783);
#709=LINE('',#3593,#784);
#710=LINE('',#3596,#785);
#711=LINE('',#3598,#786);
#712=LINE('',#3599,#787);
#713=LINE('',#3602,#788);
#714=LINE('',#3607,#789);
#715=LINE('',#3617,#790);
#716=LINE('',#3623,#791);
#717=LINE('',#3626,#792);
#718=LINE('',#3630,#793);
#719=LINE('',#3631,#794);
#720=LINE('',#3632,#795);
#721=LINE('',#3635,#796);
#722=LINE('',#3639,#797);
#723=LINE('',#3641,#798);
#724=LINE('',#3826,#799);
#725=LINE('',#3828,#800);
#726=LINE('',#3829,#801);
#727=LINE('',#3833,#802);
#728=LINE('',#3840,#803);
#729=LINE('',#3845,#804);
#730=LINE('',#3846,#805);
#731=LINE('',#3847,#806);
#732=LINE('',#3852,#807);
#733=LINE('',#3857,#808);
#734=LINE('',#3858,#809);
#735=LINE('',#3859,#810);
#736=LINE('',#3864,#811);
#737=LINE('',#3869,#812);
#738=LINE('',#3870,#813);
#739=LINE('',#3871,#814);
#740=LINE('',#3876,#815);
#741=LINE('',#3881,#816);
#742=LINE('',#3882,#817);
#743=LINE('',#3883,#818);
#744=LINE('',#3888,#819);
#745=LINE('',#3893,#820);
#746=LINE('',#3894,#821);
#747=LINE('',#3895,#822);
#748=LINE('',#3900,#823);
#749=LINE('',#3905,#824);
#750=LINE('',#3913,#825);
#751=LINE('',#3914,#826);
#752=LINE('',#3917,#827);
#753=LINE('',#3920,#828);
#754=LINE('',#3923,#829);
#755=LINE('',#3924,#830);
#756=LINE('',#3927,#831);
#757=LINE('',#3931,#832);
#758=LINE('',#3932,#833);
#759=LINE('',#3935,#834);
#760=LINE('',#3939,#835);
#761=LINE('',#3940,#836);
#762=LINE('',#3943,#837);
#763=LINE('',#3946,#838);
#764=LINE('',#3952,#839);
#765=LINE('',#3955,#840);
#766=LINE('',#3957,#841);
#767=LINE('',#3960,#842);
#768=LINE('',#3963,#843);
#769=LINE('',#3965,#844);
#770=LINE('',#3971,#845);
#771=LINE('',#3975,#846);
#772=LINE('',#3987,#847);
#773=VECTOR('',#2952,1.3);
#774=VECTOR('',#2957,1.1);
#775=VECTOR('',#2964,1.3);
#776=VECTOR('',#2969,1.1);
#777=VECTOR('',#2974,10.);
#778=VECTOR('',#2977,10.);
#779=VECTOR('',#2982,10.);
#780=VECTOR('',#2983,10.);
#781=VECTOR('',#2984,10.);
#782=VECTOR('',#2987,10.);
#783=VECTOR('',#2994,10.);
#784=VECTOR('',#2995,10.);
#785=VECTOR('',#2998,10.);
#786=VECTOR('',#2999,10.);
#787=VECTOR('',#3000,10.);
#788=VECTOR('',#3003,10.);
#789=VECTOR('',#3008,10.);
#790=VECTOR('',#3017,10.);
#791=VECTOR('',#3020,10.);
#792=VECTOR('',#3023,10.);
#793=VECTOR('',#3026,10.);
#794=VECTOR('',#3027,10.);
#795=VECTOR('',#3028,10.);
#796=VECTOR('',#3031,10.);
#797=VECTOR('',#3038,10.);
#798=VECTOR('',#3041,10.);
#799=VECTOR('',#3062,10.);
#800=VECTOR('',#3063,10.);
#801=VECTOR('',#3064,10.);
#802=VECTOR('',#3067,10.);
#803=VECTOR('',#3076,10.);
#804=VECTOR('',#3081,10.);
#805=VECTOR('',#3082,10.);
#806=VECTOR('',#3083,10.);
#807=VECTOR('',#3088,10.);
#808=VECTOR('',#3093,10.);
#809=VECTOR('',#3094,10.);
#810=VECTOR('',#3095,10.);
#811=VECTOR('',#3100,10.);
#812=VECTOR('',#3105,10.);
#813=VECTOR('',#3106,10.);
#814=VECTOR('',#3107,10.);
#815=VECTOR('',#3112,10.);
#816=VECTOR('',#3117,10.);
#817=VECTOR('',#3118,10.);
#818=VECTOR('',#3119,10.);
#819=VECTOR('',#3124,10.);
#820=VECTOR('',#3129,10.);
#821=VECTOR('',#3130,10.);
#822=VECTOR('',#3131,10.);
#823=VECTOR('',#3136,10.);
#824=VECTOR('',#3141,10.);
#825=VECTOR('',#3148,10.);
#826=VECTOR('',#3149,10.);
#827=VECTOR('',#3152,10.);
#828=VECTOR('',#3155,10.);
#829=VECTOR('',#3158,10.);
#830=VECTOR('',#3159,10.);
#831=VECTOR('',#3162,10.);
#832=VECTOR('',#3167,10.);
#833=VECTOR('',#3168,10.);
#834=VECTOR('',#3171,10.);
#835=VECTOR('',#3176,10.);
#836=VECTOR('',#3177,10.);
#837=VECTOR('',#3180,10.);
#838=VECTOR('',#3185,10.);
#839=VECTOR('',#3194,10.);
#840=VECTOR('',#3197,10.);
#841=VECTOR('',#3200,10.);
#842=VECTOR('',#3203,10.);
#843=VECTOR('',#3206,10.);
#844=VECTOR('',#3209,10.);
#845=VECTOR('',#3216,12.);
#846=VECTOR('',#3223,10.);
#847=VECTOR('',#3242,19.8504913786258);
#848=CIRCLE('',#2684,1.5);
#849=CIRCLE('',#2685,1.1);
#850=CIRCLE('',#2687,1.1);
#851=CIRCLE('',#2689,1.5);
#852=CIRCLE('',#2690,1.1);
#853=CIRCLE('',#2692,1.1);
#854=CIRCLE('',#2694,5.4);
#855=CIRCLE('',#2695,5.);
#856=CIRCLE('',#2698,5.4);
#857=CIRCLE('',#2699,5.);
#858=CIRCLE('',#2703,5.);
#859=CIRCLE('',#2705,4.2);
#860=CIRCLE('',#2706,19.6504913786259);
#861=CIRCLE('',#2707,19.6504913786259);
#862=CIRCLE('',#2708,4.2);
#863=CIRCLE('',#2710,5.4);
#864=CIRCLE('',#2713,5.4);
#865=CIRCLE('',#2714,5.);
#866=CIRCLE('',#2718,19.1840776815807);
#867=CIRCLE('',#2719,19.1840776815807);
#868=CIRCLE('',#2720,19.1840776815807);
#869=CIRCLE('',#2721,19.1840776815807);
#870=CIRCLE('',#2722,19.1840776815807);
#871=CIRCLE('',#2723,19.1840776815807);
#872=CIRCLE('',#2724,19.1840776815807);
#873=CIRCLE('',#2725,19.1840776815807);
#874=CIRCLE('',#2728,3.8);
#875=CIRCLE('',#2729,4.2);
#876=CIRCLE('',#2731,0.5);
#877=CIRCLE('',#2732,0.9);
#878=CIRCLE('',#2735,0.5);
#879=CIRCLE('',#2736,0.9);
#880=CIRCLE('',#2739,0.5);
#881=CIRCLE('',#2740,0.100000000000001);
#882=CIRCLE('',#2743,0.5);
#883=CIRCLE('',#2744,0.0999999999999987);
#884=CIRCLE('',#2747,0.5);
#885=CIRCLE('',#2748,0.9);
#886=CIRCLE('',#2751,0.5);
#887=CIRCLE('',#2752,0.9);
#888=CIRCLE('',#2754,3.8);
#889=CIRCLE('',#2755,4.2);
#890=CIRCLE('',#2758,0.5);
#891=CIRCLE('',#2761,0.5);
#892=CIRCLE('',#2764,0.5);
#893=CIRCLE('',#2767,0.5);
#894=CIRCLE('',#2769,4.2);
#895=CIRCLE('',#2771,13.);
#896=CIRCLE('',#2773,0.5);
#897=CIRCLE('',#2776,0.5);
#898=CIRCLE('',#2780,13.);
#899=CIRCLE('',#2781,12.);
#900=CIRCLE('',#2782,13.);
#901=CIRCLE('',#2785,4.2);
#902=CIRCLE('',#2787,19.6504913786259);
#903=CIRCLE('',#2792,20.0504913786259);
#904=CIRCLE('',#2793,20.0504913786259);
#905=CIRCLE('',#2794,20.0504913786259);
#906=CIRCLE('',#2795,20.0504913786259);
#907=CIRCLE('',#2796,20.0504913786259);
#908=CIRCLE('',#2797,20.0504913786259);
#909=CIRCLE('',#2798,20.0504913786259);
#910=CIRCLE('',#2799,20.0504913786259);
#911=CIRCLE('',#2800,20.0504913786259);
#912=CIRCLE('',#2801,20.0504913786259);
#913=CIRCLE('',#2802,20.0504913786259);
#914=CIRCLE('',#2803,20.0504913786259);
#915=CIRCLE('',#2804,20.0504913786259);
#916=CIRCLE('',#2805,20.0504913786259);
#917=CIRCLE('',#2806,20.0504913786259);
#918=CIRCLE('',#2807,20.0504913786259);
#919=CIRCLE('',#2808,20.0504913786259);
#920=CIRCLE('',#2811,19.5306715056402);
#921=CIRCLE('',#2815,19.5306715056402);
#922=CIRCLE('',#2819,19.5306715056402);
#923=CIRCLE('',#2823,19.5306715056402);
#924=CIRCLE('',#2827,19.5306715056402);
#925=CIRCLE('',#2831,19.5306715056402);
#926=CIRCLE('',#2835,19.5306715056402);
#927=CIRCLE('',#2839,19.5306715056402);
#928=CIRCLE('',#2843,0.35);
#929=CIRCLE('',#2844,0.350000000000001);
#930=CIRCLE('',#2845,0.0999999999999985);
#931=CIRCLE('',#2846,0.1);
#932=CIRCLE('',#2847,0.0999999999999996);
#933=CIRCLE('',#2848,0.100000000000013);
#934=CIRCLE('',#2850,0.799999999999999);
#935=CIRCLE('',#2851,0.0999999999999989);
#936=CIRCLE('',#2853,0.35);
#937=CIRCLE('',#2854,0.35);
#938=CIRCLE('',#2855,0.0999999999999998);
#939=CIRCLE('',#2856,0.100000000000003);
#940=CIRCLE('',#2857,0.100000000000013);
#941=CIRCLE('',#2859,0.8);
#942=CIRCLE('',#2860,0.0999999999999996);
#943=CIRCLE('',#2862,0.35);
#944=CIRCLE('',#2863,0.35);
#945=CIRCLE('',#2864,0.0999999999999985);
#946=CIRCLE('',#2865,0.099999999999999);
#947=CIRCLE('',#2866,0.100000000000014);
#948=CIRCLE('',#2868,0.799999999999999);
#949=CIRCLE('',#2869,0.100000000000001);
#950=CIRCLE('',#2871,0.35);
#951=CIRCLE('',#2872,0.35);
#952=CIRCLE('',#2873,0.0999999999999998);
#953=CIRCLE('',#2874,0.1);
#954=CIRCLE('',#2875,0.100000000000013);
#955=CIRCLE('',#2877,0.8);
#956=CIRCLE('',#2878,0.0999999999999999);
#957=CIRCLE('',#2880,0.35);
#958=CIRCLE('',#2881,0.349999999999999);
#959=CIRCLE('',#2882,0.1);
#960=CIRCLE('',#2883,0.100000000000001);
#961=CIRCLE('',#2884,0.100000000000014);
#962=CIRCLE('',#2886,0.8);
#963=CIRCLE('',#2887,0.100000000000001);
#964=CIRCLE('',#2889,0.35);
#965=CIRCLE('',#2890,0.35);
#966=CIRCLE('',#2891,0.0999999999999997);
#967=CIRCLE('',#2892,0.0999999999999999);
#968=CIRCLE('',#2893,0.100000000000015);
#969=CIRCLE('',#2895,0.8);
#970=CIRCLE('',#2896,0.0999999999999999);
#971=CIRCLE('',#2898,0.35);
#972=CIRCLE('',#2899,0.349999999999999);
#973=CIRCLE('',#2900,0.0999999999999985);
#974=CIRCLE('',#2901,0.1);
#975=CIRCLE('',#2902,0.100000000000014);
#976=CIRCLE('',#2904,0.799999999999999);
#977=CIRCLE('',#2905,0.100000000000001);
#978=CIRCLE('',#2907,0.35);
#979=CIRCLE('',#2908,0.35);
#980=CIRCLE('',#2909,0.0999999999999977);
#981=CIRCLE('',#2910,0.100000000000001);
#982=CIRCLE('',#2911,0.100000000000013);
#983=CIRCLE('',#2913,0.8);
#984=CIRCLE('',#2914,0.349999999999999);
#985=CIRCLE('',#2915,0.35);
#986=CIRCLE('',#2916,0.35);
#987=CIRCLE('',#2917,0.349999999999999);
#988=CIRCLE('',#2918,0.35);
#989=CIRCLE('',#2919,0.35);
#990=CIRCLE('',#2920,0.35);
#991=CIRCLE('',#2921,0.349999999999999);
#992=CIRCLE('',#2922,0.35);
#993=CIRCLE('',#2923,0.349999999999997);
#994=CIRCLE('',#2924,0.35);
#995=CIRCLE('',#2925,0.349999999999999);
#996=CIRCLE('',#2926,0.35);
#997=CIRCLE('',#2927,0.35);
#998=CIRCLE('',#2928,0.35);
#999=CIRCLE('',#2929,0.35);
#1000=CIRCLE('',#2930,0.849999999999999);
#1001=CIRCLE('',#2933,0.85);
#1002=CIRCLE('',#2934,0.85);
#1003=CIRCLE('',#2936,0.849999999999999);
#1004=CIRCLE('',#2938,0.849999999999999);
#1005=CIRCLE('',#2940,0.85);
#1006=CIRCLE('',#2942,0.849999999999999);
#1007=CIRCLE('',#2944,0.85);
#1008=VERTEX_POINT('',#3551);
#1009=VERTEX_POINT('',#3553);
#1010=VERTEX_POINT('',#3557);
#1011=VERTEX_POINT('',#3561);
#1012=VERTEX_POINT('',#3563);
#1013=VERTEX_POINT('',#3567);
#1014=VERTEX_POINT('',#3571);
#1015=VERTEX_POINT('',#3572);
#1016=VERTEX_POINT('',#3574);
#1017=VERTEX_POINT('',#3576);
#1018=VERTEX_POINT('',#3580);
#1019=VERTEX_POINT('',#3581);
#1020=VERTEX_POINT('',#3586);
#1021=VERTEX_POINT('',#3587);
#1022=VERTEX_POINT('',#3595);
#1023=VERTEX_POINT('',#3597);
#1024=VERTEX_POINT('',#3601);
#1025=VERTEX_POINT('',#3605);
#1026=VERTEX_POINT('',#3606);
#1027=VERTEX_POINT('',#3608);
#1028=VERTEX_POINT('',#3610);
#1029=VERTEX_POINT('',#3612);
#1030=VERTEX_POINT('',#3614);
#1031=VERTEX_POINT('',#3616);
#1032=VERTEX_POINT('',#3622);
#1033=VERTEX_POINT('',#3624);
#1034=VERTEX_POINT('',#3628);
#1035=VERTEX_POINT('',#3629);
#1036=VERTEX_POINT('',#3634);
#1037=VERTEX_POINT('',#3643);
#1038=VERTEX_POINT('',#3644);
#1039=VERTEX_POINT('',#3650);
#1040=VERTEX_POINT('',#3652);
#1041=VERTEX_POINT('',#3658);
#1042=VERTEX_POINT('',#3666);
#1043=VERTEX_POINT('',#3672);
#1044=VERTEX_POINT('',#3674);
#1045=VERTEX_POINT('',#3680);
#1046=VERTEX_POINT('',#3688);
#1047=VERTEX_POINT('',#3694);
#1048=VERTEX_POINT('',#3696);
#1049=VERTEX_POINT('',#3702);
#1050=VERTEX_POINT('',#3710);
#1051=VERTEX_POINT('',#3716);
#1052=VERTEX_POINT('',#3718);
#1053=VERTEX_POINT('',#3724);
#1054=VERTEX_POINT('',#3732);
#1055=VERTEX_POINT('',#3738);
#1056=VERTEX_POINT('',#3740);
#1057=VERTEX_POINT('',#3746);
#1058=VERTEX_POINT('',#3754);
#1059=VERTEX_POINT('',#3760);
#1060=VERTEX_POINT('',#3762);
#1061=VERTEX_POINT('',#3768);
#1062=VERTEX_POINT('',#3776);
#1063=VERTEX_POINT('',#3782);
#1064=VERTEX_POINT('',#3784);
#1065=VERTEX_POINT('',#3790);
#1066=VERTEX_POINT('',#3798);
#1067=VERTEX_POINT('',#3804);
#1068=VERTEX_POINT('',#3806);
#1069=VERTEX_POINT('',#3820);
#1070=VERTEX_POINT('',#3821);
#1071=VERTEX_POINT('',#3825);
#1072=VERTEX_POINT('',#3827);
#1073=VERTEX_POINT('',#3831);
#1074=VERTEX_POINT('',#3832);
#1075=VERTEX_POINT('',#3837);
#1076=VERTEX_POINT('',#3839);
#1077=VERTEX_POINT('',#3843);
#1078=VERTEX_POINT('',#3844);
#1079=VERTEX_POINT('',#3849);
#1080=VERTEX_POINT('',#3851);
#1081=VERTEX_POINT('',#3855);
#1082=VERTEX_POINT('',#3856);
#1083=VERTEX_POINT('',#3861);
#1084=VERTEX_POINT('',#3863);
#1085=VERTEX_POINT('',#3867);
#1086=VERTEX_POINT('',#3868);
#1087=VERTEX_POINT('',#3873);
#1088=VERTEX_POINT('',#3875);
#1089=VERTEX_POINT('',#3879);
#1090=VERTEX_POINT('',#3880);
#1091=VERTEX_POINT('',#3885);
#1092=VERTEX_POINT('',#3887);
#1093=VERTEX_POINT('',#3891);
#1094=VERTEX_POINT('',#3892);
#1095=VERTEX_POINT('',#3897);
#1096=VERTEX_POINT('',#3899);
#1097=VERTEX_POINT('',#3903);
#1098=VERTEX_POINT('',#3904);
#1099=VERTEX_POINT('',#3909);
#1100=VERTEX_POINT('',#3916);
#1101=VERTEX_POINT('',#3918);
#1102=VERTEX_POINT('',#3922);
#1103=VERTEX_POINT('',#3926);
#1104=VERTEX_POINT('',#3930);
#1105=VERTEX_POINT('',#3934);
#1106=VERTEX_POINT('',#3938);
#1107=VERTEX_POINT('',#3942);
#1108=VERTEX_POINT('',#3951);
#1109=VERTEX_POINT('',#3953);
#1110=VERTEX_POINT('',#3959);
#1111=VERTEX_POINT('',#3961);
#1112=VERTEX_POINT('',#3968);
#1113=VERTEX_POINT('',#3970);
#1114=VERTEX_POINT('',#3984);
#1115=VERTEX_POINT('',#3985);
#1116=VERTEX_POINT('',#3988);
#1117=VERTEX_POINT('',#3990);
#1118=VERTEX_POINT('',#3992);
#1119=VERTEX_POINT('',#3994);
#1120=VERTEX_POINT('',#3996);
#1121=VERTEX_POINT('',#3998);
#1122=VERTEX_POINT('',#4000);
#1123=VERTEX_POINT('',#4002);
#1124=VERTEX_POINT('',#4004);
#1125=VERTEX_POINT('',#4006);
#1126=VERTEX_POINT('',#4008);
#1127=VERTEX_POINT('',#4010);
#1128=VERTEX_POINT('',#4012);
#1129=VERTEX_POINT('',#4014);
#1130=VERTEX_POINT('',#4016);
#1131=VERTEX_POINT('',#4021);
#1132=VERTEX_POINT('',#4022);
#1133=VERTEX_POINT('',#4024);
#1134=VERTEX_POINT('',#4029);
#1135=VERTEX_POINT('',#4038);
#1136=VERTEX_POINT('',#4043);
#1137=VERTEX_POINT('',#4053);
#1138=VERTEX_POINT('',#4073);
#1139=VERTEX_POINT('',#4095);
#1140=VERTEX_POINT('',#4096);
#1141=VERTEX_POINT('',#4098);
#1142=VERTEX_POINT('',#4103);
#1143=VERTEX_POINT('',#4112);
#1144=VERTEX_POINT('',#4117);
#1145=VERTEX_POINT('',#4127);
#1146=VERTEX_POINT('',#4147);
#1147=VERTEX_POINT('',#4169);
#1148=VERTEX_POINT('',#4170);
#1149=VERTEX_POINT('',#4172);
#1150=VERTEX_POINT('',#4177);
#1151=VERTEX_POINT('',#4186);
#1152=VERTEX_POINT('',#4191);
#1153=VERTEX_POINT('',#4201);
#1154=VERTEX_POINT('',#4221);
#1155=VERTEX_POINT('',#4243);
#1156=VERTEX_POINT('',#4244);
#1157=VERTEX_POINT('',#4246);
#1158=VERTEX_POINT('',#4251);
#1159=VERTEX_POINT('',#4260);
#1160=VERTEX_POINT('',#4265);
#1161=VERTEX_POINT('',#4275);
#1162=VERTEX_POINT('',#4295);
#1163=VERTEX_POINT('',#4317);
#1164=VERTEX_POINT('',#4318);
#1165=VERTEX_POINT('',#4320);
#1166=VERTEX_POINT('',#4325);
#1167=VERTEX_POINT('',#4334);
#1168=VERTEX_POINT('',#4339);
#1169=VERTEX_POINT('',#4349);
#1170=VERTEX_POINT('',#4369);
#1171=VERTEX_POINT('',#4391);
#1172=VERTEX_POINT('',#4392);
#1173=VERTEX_POINT('',#4394);
#1174=VERTEX_POINT('',#4399);
#1175=VERTEX_POINT('',#4408);
#1176=VERTEX_POINT('',#4413);
#1177=VERTEX_POINT('',#4423);
#1178=VERTEX_POINT('',#4443);
#1179=VERTEX_POINT('',#4465);
#1180=VERTEX_POINT('',#4466);
#1181=VERTEX_POINT('',#4468);
#1182=VERTEX_POINT('',#4473);
#1183=VERTEX_POINT('',#4482);
#1184=VERTEX_POINT('',#4487);
#1185=VERTEX_POINT('',#4497);
#1186=VERTEX_POINT('',#4517);
#1187=VERTEX_POINT('',#4539);
#1188=VERTEX_POINT('',#4540);
#1189=VERTEX_POINT('',#4542);
#1190=VERTEX_POINT('',#4547);
#1191=VERTEX_POINT('',#4556);
#1192=VERTEX_POINT('',#4561);
#1193=VERTEX_POINT('',#4571);
#1194=VERTEX_POINT('',#4591);
#1195=VERTEX_POINT('',#4635);
#1196=VERTEX_POINT('',#4641);
#1197=VERTEX_POINT('',#4667);
#1198=VERTEX_POINT('',#4709);
#1199=VERTEX_POINT('',#4735);
#1200=VERTEX_POINT('',#4761);
#1201=VERTEX_POINT('',#4772);
#1202=VERTEX_POINT('',#4818);
#1203=VERTEX_POINT('',#4824);
#1204=VERTEX_POINT('',#4850);
#1205=VERTEX_POINT('',#4896);
#1206=VERTEX_POINT('',#4922);
#1207=VERTEX_POINT('',#4933);
#1208=VERTEX_POINT('',#4979);
#1209=VERTEX_POINT('',#4985);
#1210=VERTEX_POINT('',#5011);
#1211=VERTEX_POINT('',#5057);
#1212=VERTEX_POINT('',#5083);
#1213=VERTEX_POINT('',#5094);
#1214=VERTEX_POINT('',#5140);
#1215=VERTEX_POINT('',#5146);
#1216=VERTEX_POINT('',#5172);
#1217=VERTEX_POINT('',#5218);
#1218=VERTEX_POINT('',#5244);
#1219=VERTEX_POINT('',#5255);
#1220=VERTEX_POINT('',#5301);
#1221=VERTEX_POINT('',#5307);
#1222=VERTEX_POINT('',#5333);
#1223=VERTEX_POINT('',#5379);
#1224=VERTEX_POINT('',#5405);
#1225=VERTEX_POINT('',#5416);
#1226=VERTEX_POINT('',#5462);
#1227=VERTEX_POINT('',#5468);
#1228=VERTEX_POINT('',#5494);
#1229=VERTEX_POINT('',#5540);
#1230=VERTEX_POINT('',#5566);
#1231=VERTEX_POINT('',#5577);
#1232=VERTEX_POINT('',#5623);
#1233=VERTEX_POINT('',#5629);
#1234=VERTEX_POINT('',#5655);
#1235=VERTEX_POINT('',#5701);
#1236=VERTEX_POINT('',#5727);
#1237=VERTEX_POINT('',#5738);
#1238=VERTEX_POINT('',#5784);
#1239=VERTEX_POINT('',#5790);
#1240=VERTEX_POINT('',#5816);
#1241=VERTEX_POINT('',#5862);
#1242=VERTEX_POINT('',#5888);
#1243=EDGE_CURVE('',#1008,#1008,#848,.T.);
#1244=EDGE_CURVE('',#1008,#1009,#698,.T.);
#1245=EDGE_CURVE('',#1009,#1009,#849,.T.);
#1246=EDGE_CURVE('',#1009,#1010,#699,.T.);
#1247=EDGE_CURVE('',#1010,#1010,#850,.T.);
#1248=EDGE_CURVE('',#1011,#1011,#851,.T.);
#1249=EDGE_CURVE('',#1011,#1012,#700,.T.);
#1250=EDGE_CURVE('',#1012,#1012,#852,.T.);
#1251=EDGE_CURVE('',#1012,#1013,#701,.T.);
#1252=EDGE_CURVE('',#1013,#1013,#853,.T.);
#1253=EDGE_CURVE('',#1014,#1015,#702,.T.);
#1254=EDGE_CURVE('',#1015,#1016,#854,.T.);
#1255=EDGE_CURVE('',#1016,#1017,#703,.T.);
#1256=EDGE_CURVE('',#1017,#1014,#855,.T.);
#1257=EDGE_CURVE('',#1018,#1019,#704,.T.);
#1258=EDGE_CURVE('',#1019,#1015,#705,.T.);
#1259=EDGE_CURVE('',#1014,#1018,#706,.T.);
#1260=EDGE_CURVE('',#1020,#1021,#707,.T.);
#1261=EDGE_CURVE('',#1021,#1019,#856,.T.);
#1262=EDGE_CURVE('',#1018,#1020,#857,.T.);
#1263=EDGE_CURVE('',#1016,#1021,#708,.T.);
#1264=EDGE_CURVE('',#1020,#1017,#709,.T.);
#1265=EDGE_CURVE('',#1022,#1014,#710,.T.);
#1266=EDGE_CURVE('',#1023,#1022,#711,.T.);
#1267=EDGE_CURVE('',#1018,#1023,#712,.T.);
#1268=EDGE_CURVE('',#1024,#1017,#713,.T.);
#1269=EDGE_CURVE('',#1022,#1024,#858,.T.);
#1270=EDGE_CURVE('',#1025,#1026,#714,.T.);
#1271=EDGE_CURVE('',#1026,#1027,#859,.T.);
#1272=EDGE_CURVE('',#1028,#1027,#860,.T.);
#1273=EDGE_CURVE('',#1029,#1028,#861,.T.);
#1274=EDGE_CURVE('',#1029,#1030,#862,.T.);
#1275=EDGE_CURVE('',#1030,#1031,#715,.T.);
#1276=EDGE_CURVE('',#1031,#1025,#286,.T.);
#1277=EDGE_CURVE('',#1024,#1032,#716,.T.);
#1278=EDGE_CURVE('',#1032,#1033,#863,.T.);
#1279=EDGE_CURVE('',#1033,#1022,#717,.T.);
#1280=EDGE_CURVE('',#1034,#1035,#718,.T.);
#1281=EDGE_CURVE('',#1035,#1032,#719,.T.);
#1282=EDGE_CURVE('',#1024,#1034,#720,.T.);
#1283=EDGE_CURVE('',#1023,#1036,#721,.T.);
#1284=EDGE_CURVE('',#1036,#1035,#864,.T.);
#1285=EDGE_CURVE('',#1034,#1023,#865,.T.);
#1286=EDGE_CURVE('',#1033,#1036,#722,.T.);
#1287=EDGE_CURVE('',#1034,#1020,#723,.T.);
#1288=EDGE_CURVE('',#1037,#1038,#122,.T.);
#1289=EDGE_CURVE('',#1038,#1039,#866,.T.);
#1290=EDGE_CURVE('',#1039,#1040,#123,.T.);
#1291=EDGE_CURVE('',#1040,#1041,#124,.T.);
#1292=EDGE_CURVE('',#1041,#1042,#125,.T.);
#1293=EDGE_CURVE('',#1042,#1043,#867,.T.);
#1294=EDGE_CURVE('',#1043,#1044,#126,.T.);
#1295=EDGE_CURVE('',#1044,#1045,#127,.T.);
#1296=EDGE_CURVE('',#1045,#1046,#128,.T.);
#1297=EDGE_CURVE('',#1046,#1047,#868,.T.);
#1298=EDGE_CURVE('',#1047,#1048,#129,.T.);
#1299=EDGE_CURVE('',#1048,#1049,#130,.T.);
#1300=EDGE_CURVE('',#1049,#1050,#131,.T.);
#1301=EDGE_CURVE('',#1050,#1051,#869,.T.);
#1302=EDGE_CURVE('',#1051,#1052,#132,.T.);
#1303=EDGE_CURVE('',#1052,#1053,#133,.T.);
#1304=EDGE_CURVE('',#1053,#1054,#134,.T.);
#1305=EDGE_CURVE('',#1054,#1055,#870,.T.);
#1306=EDGE_CURVE('',#1055,#1056,#135,.T.);
#1307=EDGE_CURVE('',#1056,#1057,#136,.T.);
#1308=EDGE_CURVE('',#1057,#1058,#137,.T.);
#1309=EDGE_CURVE('',#1058,#1059,#871,.T.);
#1310=EDGE_CURVE('',#1059,#1060,#138,.T.);
#1311=EDGE_CURVE('',#1060,#1061,#139,.T.);
#1312=EDGE_CURVE('',#1061,#1062,#140,.T.);
#1313=EDGE_CURVE('',#1062,#1063,#872,.T.);
#1314=EDGE_CURVE('',#1063,#1064,#141,.T.);
#1315=EDGE_CURVE('',#1064,#1065,#142,.T.);
#1316=EDGE_CURVE('',#1065,#1066,#143,.T.);
#1317=EDGE_CURVE('',#1066,#1067,#873,.T.);
#1318=EDGE_CURVE('',#1067,#1068,#144,.T.);
#1319=EDGE_CURVE('',#1068,#1037,#145,.T.);
#1320=EDGE_CURVE('',#1069,#1070,#287,.T.);
#1321=EDGE_CURVE('',#1070,#1071,#724,.T.);
#1322=EDGE_CURVE('',#1071,#1072,#725,.T.);
#1323=EDGE_CURVE('',#1072,#1069,#726,.T.);
#1324=EDGE_CURVE('',#1073,#1074,#727,.T.);
#1325=EDGE_CURVE('',#1074,#1072,#874,.T.);
#1326=EDGE_CURVE('',#1071,#1073,#875,.T.);
#1327=EDGE_CURVE('',#1073,#1075,#876,.T.);
#1328=EDGE_CURVE('',#1075,#1076,#728,.T.);
#1329=EDGE_CURVE('',#1076,#1074,#877,.T.);
#1330=EDGE_CURVE('',#1077,#1078,#729,.T.);
#1331=EDGE_CURVE('',#1078,#1076,#730,.T.);
#1332=EDGE_CURVE('',#1075,#1077,#731,.T.);
#1333=EDGE_CURVE('',#1077,#1079,#878,.T.);
#1334=EDGE_CURVE('',#1079,#1080,#732,.T.);
#1335=EDGE_CURVE('',#1080,#1078,#879,.T.);
#1336=EDGE_CURVE('',#1081,#1082,#733,.T.);
#1337=EDGE_CURVE('',#1082,#1080,#734,.T.);
#1338=EDGE_CURVE('',#1079,#1081,#735,.T.);
#1339=EDGE_CURVE('',#1081,#1083,#880,.T.);
#1340=EDGE_CURVE('',#1083,#1084,#736,.T.);
#1341=EDGE_CURVE('',#1084,#1082,#881,.T.);
#1342=EDGE_CURVE('',#1085,#1086,#737,.T.);
#1343=EDGE_CURVE('',#1086,#1084,#738,.T.);
#1344=EDGE_CURVE('',#1083,#1085,#739,.T.);
#1345=EDGE_CURVE('',#1085,#1087,#882,.T.);
#1346=EDGE_CURVE('',#1087,#1088,#740,.T.);
#1347=EDGE_CURVE('',#1088,#1086,#883,.T.);
#1348=EDGE_CURVE('',#1089,#1090,#741,.T.);
#1349=EDGE_CURVE('',#1090,#1088,#742,.T.);
#1350=EDGE_CURVE('',#1087,#1089,#743,.T.);
#1351=EDGE_CURVE('',#1089,#1091,#884,.T.);
#1352=EDGE_CURVE('',#1091,#1092,#744,.T.);
#1353=EDGE_CURVE('',#1092,#1090,#885,.T.);
#1354=EDGE_CURVE('',#1093,#1094,#745,.T.);
#1355=EDGE_CURVE('',#1094,#1092,#746,.T.);
#1356=EDGE_CURVE('',#1091,#1093,#747,.T.);
#1357=EDGE_CURVE('',#1093,#1095,#886,.T.);
#1358=EDGE_CURVE('',#1095,#1096,#748,.T.);
#1359=EDGE_CURVE('',#1096,#1094,#887,.T.);
#1360=EDGE_CURVE('',#1097,#1098,#749,.T.);
#1361=EDGE_CURVE('',#1098,#1096,#888,.T.);
#1362=EDGE_CURVE('',#1095,#1097,#889,.T.);
#1363=EDGE_CURVE('',#1099,#1069,#288,.T.);
#1364=EDGE_CURVE('',#1069,#1098,#750,.T.);
#1365=EDGE_CURVE('',#1097,#1099,#751,.T.);
#1366=EDGE_CURVE('',#1085,#1100,#752,.T.);
#1367=EDGE_CURVE('',#1100,#1101,#890,.F.);
#1368=EDGE_CURVE('',#1101,#1087,#753,.T.);
#1369=EDGE_CURVE('',#1102,#1083,#754,.T.);
#1370=EDGE_CURVE('',#1100,#1102,#755,.T.);
#1371=EDGE_CURVE('',#1081,#1103,#756,.T.);
#1372=EDGE_CURVE('',#1103,#1102,#891,.F.);
#1373=EDGE_CURVE('',#1104,#1079,#757,.T.);
#1374=EDGE_CURVE('',#1103,#1104,#758,.T.);
#1375=EDGE_CURVE('',#1077,#1105,#759,.T.);
#1376=EDGE_CURVE('',#1104,#1105,#892,.T.);
#1377=EDGE_CURVE('',#1106,#1075,#760,.T.);
#1378=EDGE_CURVE('',#1105,#1106,#761,.T.);
#1379=EDGE_CURVE('',#1073,#1107,#762,.T.);
#1380=EDGE_CURVE('',#1106,#1107,#893,.T.);
#1381=EDGE_CURVE('',#1071,#1030,#763,.T.);
#1382=EDGE_CURVE('',#1107,#1029,#894,.T.);
#1383=EDGE_CURVE('',#1070,#1031,#895,.T.);
#1384=EDGE_CURVE('',#1089,#1108,#764,.T.);
#1385=EDGE_CURVE('',#1109,#1108,#896,.T.);
#1386=EDGE_CURVE('',#1109,#1091,#765,.T.);
#1387=EDGE_CURVE('',#1108,#1101,#766,.T.);
#1388=EDGE_CURVE('',#1093,#1110,#767,.T.);
#1389=EDGE_CURVE('',#1111,#1110,#897,.T.);
#1390=EDGE_CURVE('',#1111,#1095,#768,.T.);
#1391=EDGE_CURVE('',#1110,#1109,#769,.T.);
#1392=EDGE_CURVE('',#1112,#1099,#898,.T.);
#1393=EDGE_CURVE('',#1112,#1113,#770,.T.);
#1394=EDGE_CURVE('',#1113,#1113,#899,.T.);
#1395=EDGE_CURVE('',#1025,#1112,#900,.T.);
#1396=EDGE_CURVE('',#1026,#1097,#771,.T.);
#1397=EDGE_CURVE('',#1027,#1111,#901,.T.);
#1398=EDGE_CURVE('',#1027,#1029,#902,.T.);
#1399=EDGE_CURVE('',#1114,#1115,#903,.T.);
#1400=EDGE_CURVE('',#1115,#1028,#772,.T.);
#1401=EDGE_CURVE('',#1115,#1116,#904,.T.);
#1402=EDGE_CURVE('',#1116,#1117,#905,.T.);
#1403=EDGE_CURVE('',#1117,#1118,#906,.T.);
#1404=EDGE_CURVE('',#1118,#1119,#907,.T.);
#1405=EDGE_CURVE('',#1119,#1120,#908,.T.);
#1406=EDGE_CURVE('',#1120,#1121,#909,.T.);
#1407=EDGE_CURVE('',#1121,#1122,#910,.T.);
#1408=EDGE_CURVE('',#1122,#1123,#911,.T.);
#1409=EDGE_CURVE('',#1123,#1124,#912,.T.);
#1410=EDGE_CURVE('',#1124,#1125,#913,.T.);
#1411=EDGE_CURVE('',#1125,#1126,#914,.T.);
#1412=EDGE_CURVE('',#1126,#1127,#915,.T.);
#1413=EDGE_CURVE('',#1127,#1128,#916,.T.);
#1414=EDGE_CURVE('',#1128,#1129,#917,.T.);
#1415=EDGE_CURVE('',#1129,#1130,#918,.T.);
#1416=EDGE_CURVE('',#1130,#1114,#919,.T.);
#1417=EDGE_CURVE('',#1131,#1132,#920,.T.);
#1418=EDGE_CURVE('',#1132,#1133,#146,.T.);
#1419=EDGE_CURVE('',#1133,#1134,#147,.T.);
#1420=EDGE_CURVE('',#1134,#1116,#148,.T.);
#1421=EDGE_CURVE('',#1114,#1135,#149,.T.);
#1422=EDGE_CURVE('',#1135,#1136,#150,.T.);
#1423=EDGE_CURVE('',#1136,#1131,#151,.T.);
#1424=EDGE_CURVE('',#1116,#1137,#152,.T.);
#1425=EDGE_CURVE('',#1137,#1138,#114,.T.);
#1426=EDGE_CURVE('',#1138,#1117,#153,.T.);
#1427=EDGE_CURVE('',#1139,#1140,#921,.T.);
#1428=EDGE_CURVE('',#1140,#1141,#154,.T.);
#1429=EDGE_CURVE('',#1141,#1142,#155,.T.);
#1430=EDGE_CURVE('',#1142,#1118,#156,.T.);
#1431=EDGE_CURVE('',#1117,#1143,#157,.T.);
#1432=EDGE_CURVE('',#1143,#1144,#158,.T.);
#1433=EDGE_CURVE('',#1144,#1139,#159,.T.);
#1434=EDGE_CURVE('',#1118,#1145,#160,.T.);
#1435=EDGE_CURVE('',#1145,#1146,#115,.T.);
#1436=EDGE_CURVE('',#1146,#1119,#161,.T.);
#1437=EDGE_CURVE('',#1147,#1148,#922,.T.);
#1438=EDGE_CURVE('',#1148,#1149,#162,.T.);
#1439=EDGE_CURVE('',#1149,#1150,#163,.T.);
#1440=EDGE_CURVE('',#1150,#1120,#164,.T.);
#1441=EDGE_CURVE('',#1119,#1151,#165,.T.);
#1442=EDGE_CURVE('',#1151,#1152,#166,.T.);
#1443=EDGE_CURVE('',#1152,#1147,#167,.T.);
#1444=EDGE_CURVE('',#1120,#1153,#168,.T.);
#1445=EDGE_CURVE('',#1153,#1154,#116,.T.);
#1446=EDGE_CURVE('',#1154,#1121,#169,.T.);
#1447=EDGE_CURVE('',#1155,#1156,#923,.T.);
#1448=EDGE_CURVE('',#1156,#1157,#170,.T.);
#1449=EDGE_CURVE('',#1157,#1158,#171,.T.);
#1450=EDGE_CURVE('',#1158,#1122,#172,.T.);
#1451=EDGE_CURVE('',#1121,#1159,#173,.T.);
#1452=EDGE_CURVE('',#1159,#1160,#174,.T.);
#1453=EDGE_CURVE('',#1160,#1155,#175,.T.);
#1454=EDGE_CURVE('',#1122,#1161,#176,.T.);
#1455=EDGE_CURVE('',#1161,#1162,#117,.T.);
#1456=EDGE_CURVE('',#1162,#1123,#177,.T.);
#1457=EDGE_CURVE('',#1163,#1164,#924,.T.);
#1458=EDGE_CURVE('',#1164,#1165,#178,.T.);
#1459=EDGE_CURVE('',#1165,#1166,#179,.T.);
#1460=EDGE_CURVE('',#1166,#1124,#180,.T.);
#1461=EDGE_CURVE('',#1123,#1167,#181,.T.);
#1462=EDGE_CURVE('',#1167,#1168,#182,.T.);
#1463=EDGE_CURVE('',#1168,#1163,#183,.T.);
#1464=EDGE_CURVE('',#1124,#1169,#184,.T.);
#1465=EDGE_CURVE('',#1169,#1170,#118,.T.);
#1466=EDGE_CURVE('',#1170,#1125,#185,.T.);
#1467=EDGE_CURVE('',#1171,#1172,#925,.T.);
#1468=EDGE_CURVE('',#1172,#1173,#186,.T.);
#1469=EDGE_CURVE('',#1173,#1174,#187,.T.);
#1470=EDGE_CURVE('',#1174,#1126,#188,.T.);
#1471=EDGE_CURVE('',#1125,#1175,#189,.T.);
#1472=EDGE_CURVE('',#1175,#1176,#190,.T.);
#1473=EDGE_CURVE('',#1176,#1171,#191,.T.);
#1474=EDGE_CURVE('',#1126,#1177,#192,.T.);
#1475=EDGE_CURVE('',#1177,#1178,#119,.T.);
#1476=EDGE_CURVE('',#1178,#1127,#193,.T.);
#1477=EDGE_CURVE('',#1179,#1180,#926,.T.);
#1478=EDGE_CURVE('',#1180,#1181,#194,.T.);
#1479=EDGE_CURVE('',#1181,#1182,#195,.T.);
#1480=EDGE_CURVE('',#1182,#1128,#196,.T.);
#1481=EDGE_CURVE('',#1127,#1183,#197,.T.);
#1482=EDGE_CURVE('',#1183,#1184,#198,.T.);
#1483=EDGE_CURVE('',#1184,#1179,#199,.T.);
#1484=EDGE_CURVE('',#1128,#1185,#200,.T.);
#1485=EDGE_CURVE('',#1185,#1186,#120,.T.);
#1486=EDGE_CURVE('',#1186,#1129,#201,.T.);
#1487=EDGE_CURVE('',#1187,#1188,#927,.T.);
#1488=EDGE_CURVE('',#1188,#1189,#202,.T.);
#1489=EDGE_CURVE('',#1189,#1190,#203,.T.);
#1490=EDGE_CURVE('',#1190,#1130,#204,.T.);
#1491=EDGE_CURVE('',#1129,#1191,#205,.T.);
#1492=EDGE_CURVE('',#1191,#1192,#206,.T.);
#1493=EDGE_CURVE('',#1192,#1187,#207,.T.);
#1494=EDGE_CURVE('',#1130,#1193,#208,.T.);
#1495=EDGE_CURVE('',#1193,#1194,#121,.T.);
#1496=EDGE_CURVE('',#1194,#1114,#209,.T.);
#1497=EDGE_CURVE('',#1039,#1131,#928,.T.);
#1498=EDGE_CURVE('',#1038,#1132,#929,.T.);
#1499=EDGE_CURVE('',#1132,#1195,#210,.T.);
#1500=EDGE_CURVE('',#1196,#1195,#211,.T.);
#1501=EDGE_CURVE('',#1133,#1196,#930,.T.);
#1502=EDGE_CURVE('',#1197,#1196,#212,.T.);
#1503=EDGE_CURVE('',#1134,#1197,#931,.T.);
#1504=EDGE_CURVE('',#1137,#1197,#213,.T.);
#1505=EDGE_CURVE('',#1198,#1194,#214,.T.);
#1506=EDGE_CURVE('',#1198,#1135,#932,.T.);
#1507=EDGE_CURVE('',#1199,#1198,#215,.T.);
#1508=EDGE_CURVE('',#1199,#1136,#933,.T.);
#1509=EDGE_CURVE('',#1200,#1131,#216,.T.);
#1510=EDGE_CURVE('',#1200,#1199,#217,.T.);
#1511=EDGE_CURVE('',#1197,#1201,#934,.T.);
#1512=EDGE_CURVE('',#1201,#1138,#218,.T.);
#1513=EDGE_CURVE('',#1201,#1143,#935,.T.);
#1514=EDGE_CURVE('',#1067,#1139,#936,.T.);
#1515=EDGE_CURVE('',#1066,#1140,#937,.T.);
#1516=EDGE_CURVE('',#1140,#1202,#219,.T.);
#1517=EDGE_CURVE('',#1203,#1202,#220,.T.);
#1518=EDGE_CURVE('',#1141,#1203,#938,.T.);
#1519=EDGE_CURVE('',#1204,#1203,#221,.T.);
#1520=EDGE_CURVE('',#1142,#1204,#939,.T.);
#1521=EDGE_CURVE('',#1145,#1204,#222,.T.);
#1522=EDGE_CURVE('',#1205,#1201,#223,.T.);
#1523=EDGE_CURVE('',#1205,#1144,#940,.T.);
#1524=EDGE_CURVE('',#1206,#1139,#224,.T.);
#1525=EDGE_CURVE('',#1206,#1205,#225,.T.);
#1526=EDGE_CURVE('',#1204,#1207,#941,.T.);
#1527=EDGE_CURVE('',#1207,#1146,#226,.T.);
#1528=EDGE_CURVE('',#1207,#1151,#942,.T.);
#1529=EDGE_CURVE('',#1063,#1147,#943,.T.);
#1530=EDGE_CURVE('',#1062,#1148,#944,.T.);
#1531=EDGE_CURVE('',#1148,#1208,#227,.T.);
#1532=EDGE_CURVE('',#1209,#1208,#228,.T.);
#1533=EDGE_CURVE('',#1149,#1209,#945,.T.);
#1534=EDGE_CURVE('',#1210,#1209,#229,.T.);
#1535=EDGE_CURVE('',#1150,#1210,#946,.T.);
#1536=EDGE_CURVE('',#1153,#1210,#230,.T.);
#1537=EDGE_CURVE('',#1211,#1207,#231,.T.);
#1538=EDGE_CURVE('',#1211,#1152,#947,.T.);
#1539=EDGE_CURVE('',#1212,#1147,#232,.T.);
#1540=EDGE_CURVE('',#1212,#1211,#233,.T.);
#1541=EDGE_CURVE('',#1210,#1213,#948,.T.);
#1542=EDGE_CURVE('',#1213,#1154,#234,.T.);
#1543=EDGE_CURVE('',#1213,#1159,#949,.T.);
#1544=EDGE_CURVE('',#1059,#1155,#950,.T.);
#1545=EDGE_CURVE('',#1058,#1156,#951,.T.);
#1546=EDGE_CURVE('',#1156,#1214,#235,.T.);
#1547=EDGE_CURVE('',#1215,#1214,#236,.T.);
#1548=EDGE_CURVE('',#1157,#1215,#952,.T.);
#1549=EDGE_CURVE('',#1216,#1215,#237,.T.);
#1550=EDGE_CURVE('',#1158,#1216,#953,.T.);
#1551=EDGE_CURVE('',#1161,#1216,#238,.T.);
#1552=EDGE_CURVE('',#1217,#1213,#239,.T.);
#1553=EDGE_CURVE('',#1217,#1160,#954,.T.);
#1554=EDGE_CURVE('',#1218,#1155,#240,.T.);
#1555=EDGE_CURVE('',#1218,#1217,#241,.T.);
#1556=EDGE_CURVE('',#1216,#1219,#955,.T.);
#1557=EDGE_CURVE('',#1219,#1162,#242,.T.);
#1558=EDGE_CURVE('',#1219,#1167,#956,.T.);
#1559=EDGE_CURVE('',#1055,#1163,#957,.T.);
#1560=EDGE_CURVE('',#1054,#1164,#958,.T.);
#1561=EDGE_CURVE('',#1164,#1220,#243,.T.);
#1562=EDGE_CURVE('',#1221,#1220,#244,.T.);
#1563=EDGE_CURVE('',#1165,#1221,#959,.T.);
#1564=EDGE_CURVE('',#1222,#1221,#245,.T.);
#1565=EDGE_CURVE('',#1166,#1222,#960,.T.);
#1566=EDGE_CURVE('',#1169,#1222,#246,.T.);
#1567=EDGE_CURVE('',#1223,#1219,#247,.T.);
#1568=EDGE_CURVE('',#1223,#1168,#961,.T.);
#1569=EDGE_CURVE('',#1224,#1163,#248,.T.);
#1570=EDGE_CURVE('',#1224,#1223,#249,.T.);
#1571=EDGE_CURVE('',#1222,#1225,#962,.T.);
#1572=EDGE_CURVE('',#1225,#1170,#250,.T.);
#1573=EDGE_CURVE('',#1225,#1175,#963,.T.);
#1574=EDGE_CURVE('',#1051,#1171,#964,.T.);
#1575=EDGE_CURVE('',#1050,#1172,#965,.T.);
#1576=EDGE_CURVE('',#1172,#1226,#251,.T.);
#1577=EDGE_CURVE('',#1227,#1226,#252,.T.);
#1578=EDGE_CURVE('',#1173,#1227,#966,.T.);
#1579=EDGE_CURVE('',#1228,#1227,#253,.T.);
#1580=EDGE_CURVE('',#1174,#1228,#967,.T.);
#1581=EDGE_CURVE('',#1177,#1228,#254,.T.);
#1582=EDGE_CURVE('',#1229,#1225,#255,.T.);
#1583=EDGE_CURVE('',#1229,#1176,#968,.T.);
#1584=EDGE_CURVE('',#1230,#1171,#256,.T.);
#1585=EDGE_CURVE('',#1230,#1229,#257,.T.);
#1586=EDGE_CURVE('',#1228,#1231,#969,.T.);
#1587=EDGE_CURVE('',#1231,#1178,#258,.T.);
#1588=EDGE_CURVE('',#1231,#1183,#970,.T.);
#1589=EDGE_CURVE('',#1047,#1179,#971,.T.);
#1590=EDGE_CURVE('',#1046,#1180,#972,.T.);
#1591=EDGE_CURVE('',#1180,#1232,#259,.T.);
#1592=EDGE_CURVE('',#1233,#1232,#260,.T.);
#1593=EDGE_CURVE('',#1181,#1233,#973,.T.);
#1594=EDGE_CURVE('',#1234,#1233,#261,.T.);
#1595=EDGE_CURVE('',#1182,#1234,#974,.T.);
#1596=EDGE_CURVE('',#1185,#1234,#262,.T.);
#1597=EDGE_CURVE('',#1235,#1231,#263,.T.);
#1598=EDGE_CURVE('',#1235,#1184,#975,.T.);
#1599=EDGE_CURVE('',#1236,#1179,#264,.T.);
#1600=EDGE_CURVE('',#1236,#1235,#265,.T.);
#1601=EDGE_CURVE('',#1234,#1237,#976,.T.);
#1602=EDGE_CURVE('',#1237,#1186,#266,.T.);
#1603=EDGE_CURVE('',#1237,#1191,#977,.T.);
#1604=EDGE_CURVE('',#1043,#1187,#978,.T.);
#1605=EDGE_CURVE('',#1042,#1188,#979,.T.);
#1606=EDGE_CURVE('',#1188,#1238,#267,.T.);
#1607=EDGE_CURVE('',#1239,#1238,#268,.T.);
#1608=EDGE_CURVE('',#1189,#1239,#980,.T.);
#1609=EDGE_CURVE('',#1240,#1239,#269,.T.);
#1610=EDGE_CURVE('',#1190,#1240,#981,.T.);
#1611=EDGE_CURVE('',#1193,#1240,#270,.T.);
#1612=EDGE_CURVE('',#1241,#1237,#271,.T.);
#1613=EDGE_CURVE('',#1241,#1192,#982,.T.);
#1614=EDGE_CURVE('',#1242,#1187,#272,.T.);
#1615=EDGE_CURVE('',#1242,#1241,#273,.T.);
#1616=EDGE_CURVE('',#1240,#1198,#983,.T.);
#1617=EDGE_CURVE('',#1195,#1037,#984,.T.);
#1618=EDGE_CURVE('',#1040,#1200,#985,.T.);
#1619=EDGE_CURVE('',#1041,#1238,#986,.T.);
#1620=EDGE_CURVE('',#1238,#1200,#274,.T.);
#1621=EDGE_CURVE('',#1044,#1242,#987,.T.);
#1622=EDGE_CURVE('',#1045,#1232,#988,.T.);
#1623=EDGE_CURVE('',#1232,#1242,#275,.T.);
#1624=EDGE_CURVE('',#1048,#1236,#989,.T.);
#1625=EDGE_CURVE('',#1049,#1226,#990,.T.);
#1626=EDGE_CURVE('',#1226,#1236,#276,.T.);
#1627=EDGE_CURVE('',#1052,#1230,#991,.T.);
#1628=EDGE_CURVE('',#1053,#1220,#992,.T.);
#1629=EDGE_CURVE('',#1220,#1230,#277,.T.);
#1630=EDGE_CURVE('',#1056,#1224,#993,.T.);
#1631=EDGE_CURVE('',#1057,#1214,#994,.T.);
#1632=EDGE_CURVE('',#1214,#1224,#278,.T.);
#1633=EDGE_CURVE('',#1060,#1218,#995,.T.);
#1634=EDGE_CURVE('',#1061,#1208,#996,.T.);
#1635=EDGE_CURVE('',#1208,#1218,#279,.T.);
#1636=EDGE_CURVE('',#1064,#1212,#997,.T.);
#1637=EDGE_CURVE('',#1065,#1202,#998,.T.);
#1638=EDGE_CURVE('',#1202,#1212,#280,.T.);
#1639=EDGE_CURVE('',#1068,#1206,#999,.T.);
#1640=EDGE_CURVE('',#1195,#1206,#281,.T.);
#1641=EDGE_CURVE('',#1205,#1196,#1000,.T.);
#1642=EDGE_CURVE('',#1199,#1239,#1001,.T.);
#1643=EDGE_CURVE('',#1211,#1203,#1002,.T.);
#1644=EDGE_CURVE('',#1217,#1209,#1003,.T.);
#1645=EDGE_CURVE('',#1223,#1215,#1004,.T.);
#1646=EDGE_CURVE('',#1229,#1221,#1005,.T.);
#1647=EDGE_CURVE('',#1235,#1227,#1006,.T.);
#1648=EDGE_CURVE('',#1241,#1233,#1007,.T.);
#1649=ORIENTED_EDGE('',*,*,#1243,.F.);
#1650=ORIENTED_EDGE('',*,*,#1244,.T.);
#1651=ORIENTED_EDGE('',*,*,#1245,.F.);
#1652=ORIENTED_EDGE('',*,*,#1244,.F.);
#1653=ORIENTED_EDGE('',*,*,#1245,.T.);
#1654=ORIENTED_EDGE('',*,*,#1246,.T.);
#1655=ORIENTED_EDGE('',*,*,#1247,.T.);
#1656=ORIENTED_EDGE('',*,*,#1246,.F.);
#1657=ORIENTED_EDGE('',*,*,#1248,.F.);
#1658=ORIENTED_EDGE('',*,*,#1249,.T.);
#1659=ORIENTED_EDGE('',*,*,#1250,.F.);
#1660=ORIENTED_EDGE('',*,*,#1249,.F.);
#1661=ORIENTED_EDGE('',*,*,#1250,.T.);
#1662=ORIENTED_EDGE('',*,*,#1251,.T.);
#1663=ORIENTED_EDGE('',*,*,#1252,.T.);
#1664=ORIENTED_EDGE('',*,*,#1251,.F.);
#1665=ORIENTED_EDGE('',*,*,#1253,.T.);
#1666=ORIENTED_EDGE('',*,*,#1254,.T.);
#1667=ORIENTED_EDGE('',*,*,#1255,.T.);
#1668=ORIENTED_EDGE('',*,*,#1256,.T.);
#1669=ORIENTED_EDGE('',*,*,#1257,.T.);
#1670=ORIENTED_EDGE('',*,*,#1258,.T.);
#1671=ORIENTED_EDGE('',*,*,#1253,.F.);
#1672=ORIENTED_EDGE('',*,*,#1259,.T.);
#1673=ORIENTED_EDGE('',*,*,#1260,.T.);
#1674=ORIENTED_EDGE('',*,*,#1261,.T.);
#1675=ORIENTED_EDGE('',*,*,#1257,.F.);
#1676=ORIENTED_EDGE('',*,*,#1262,.T.);
#1677=ORIENTED_EDGE('',*,*,#1255,.F.);
#1678=ORIENTED_EDGE('',*,*,#1263,.T.);
#1679=ORIENTED_EDGE('',*,*,#1260,.F.);
#1680=ORIENTED_EDGE('',*,*,#1264,.T.);
#1681=ORIENTED_EDGE('',*,*,#1259,.F.);
#1682=ORIENTED_EDGE('',*,*,#1265,.F.);
#1683=ORIENTED_EDGE('',*,*,#1266,.F.);
#1684=ORIENTED_EDGE('',*,*,#1267,.F.);
#1685=ORIENTED_EDGE('',*,*,#1256,.F.);
#1686=ORIENTED_EDGE('',*,*,#1268,.F.);
#1687=ORIENTED_EDGE('',*,*,#1269,.F.);
#1688=ORIENTED_EDGE('',*,*,#1265,.T.);
#1689=ORIENTED_EDGE('',*,*,#1270,.T.);
#1690=ORIENTED_EDGE('',*,*,#1271,.T.);
#1691=ORIENTED_EDGE('',*,*,#1272,.F.);
#1692=ORIENTED_EDGE('',*,*,#1273,.F.);
#1693=ORIENTED_EDGE('',*,*,#1274,.T.);
#1694=ORIENTED_EDGE('',*,*,#1275,.T.);
#1695=ORIENTED_EDGE('',*,*,#1276,.T.);
#1696=ORIENTED_EDGE('',*,*,#1254,.F.);
#1697=ORIENTED_EDGE('',*,*,#1258,.F.);
#1698=ORIENTED_EDGE('',*,*,#1261,.F.);
#1699=ORIENTED_EDGE('',*,*,#1263,.F.);
#1700=ORIENTED_EDGE('',*,*,#1277,.T.);
#1701=ORIENTED_EDGE('',*,*,#1278,.T.);
#1702=ORIENTED_EDGE('',*,*,#1279,.T.);
#1703=ORIENTED_EDGE('',*,*,#1269,.T.);
#1704=ORIENTED_EDGE('',*,*,#1280,.T.);
#1705=ORIENTED_EDGE('',*,*,#1281,.T.);
#1706=ORIENTED_EDGE('',*,*,#1277,.F.);
#1707=ORIENTED_EDGE('',*,*,#1282,.T.);
#1708=ORIENTED_EDGE('',*,*,#1283,.T.);
#1709=ORIENTED_EDGE('',*,*,#1284,.T.);
#1710=ORIENTED_EDGE('',*,*,#1280,.F.);
#1711=ORIENTED_EDGE('',*,*,#1285,.T.);
#1712=ORIENTED_EDGE('',*,*,#1279,.F.);
#1713=ORIENTED_EDGE('',*,*,#1286,.T.);
#1714=ORIENTED_EDGE('',*,*,#1283,.F.);
#1715=ORIENTED_EDGE('',*,*,#1266,.T.);
#1716=ORIENTED_EDGE('',*,*,#1264,.F.);
#1717=ORIENTED_EDGE('',*,*,#1287,.F.);
#1718=ORIENTED_EDGE('',*,*,#1282,.F.);
#1719=ORIENTED_EDGE('',*,*,#1268,.T.);
#1720=ORIENTED_EDGE('',*,*,#1288,.T.);
#1721=ORIENTED_EDGE('',*,*,#1289,.T.);
#1722=ORIENTED_EDGE('',*,*,#1290,.T.);
#1723=ORIENTED_EDGE('',*,*,#1291,.T.);
#1724=ORIENTED_EDGE('',*,*,#1292,.T.);
#1725=ORIENTED_EDGE('',*,*,#1293,.T.);
#1726=ORIENTED_EDGE('',*,*,#1294,.T.);
#1727=ORIENTED_EDGE('',*,*,#1295,.T.);
#1728=ORIENTED_EDGE('',*,*,#1296,.T.);
#1729=ORIENTED_EDGE('',*,*,#1297,.T.);
#1730=ORIENTED_EDGE('',*,*,#1298,.T.);
#1731=ORIENTED_EDGE('',*,*,#1299,.T.);
#1732=ORIENTED_EDGE('',*,*,#1300,.T.);
#1733=ORIENTED_EDGE('',*,*,#1301,.T.);
#1734=ORIENTED_EDGE('',*,*,#1302,.T.);
#1735=ORIENTED_EDGE('',*,*,#1303,.T.);
#1736=ORIENTED_EDGE('',*,*,#1304,.T.);
#1737=ORIENTED_EDGE('',*,*,#1305,.T.);
#1738=ORIENTED_EDGE('',*,*,#1306,.T.);
#1739=ORIENTED_EDGE('',*,*,#1307,.T.);
#1740=ORIENTED_EDGE('',*,*,#1308,.T.);
#1741=ORIENTED_EDGE('',*,*,#1309,.T.);
#1742=ORIENTED_EDGE('',*,*,#1310,.T.);
#1743=ORIENTED_EDGE('',*,*,#1311,.T.);
#1744=ORIENTED_EDGE('',*,*,#1312,.T.);
#1745=ORIENTED_EDGE('',*,*,#1313,.T.);
#1746=ORIENTED_EDGE('',*,*,#1314,.T.);
#1747=ORIENTED_EDGE('',*,*,#1315,.T.);
#1748=ORIENTED_EDGE('',*,*,#1316,.T.);
#1749=ORIENTED_EDGE('',*,*,#1317,.T.);
#1750=ORIENTED_EDGE('',*,*,#1318,.T.);
#1751=ORIENTED_EDGE('',*,*,#1319,.T.);
#1752=ORIENTED_EDGE('',*,*,#1278,.F.);
#1753=ORIENTED_EDGE('',*,*,#1281,.F.);
#1754=ORIENTED_EDGE('',*,*,#1284,.F.);
#1755=ORIENTED_EDGE('',*,*,#1286,.F.);
#1756=ORIENTED_EDGE('',*,*,#1320,.T.);
#1757=ORIENTED_EDGE('',*,*,#1321,.T.);
#1758=ORIENTED_EDGE('',*,*,#1322,.T.);
#1759=ORIENTED_EDGE('',*,*,#1323,.T.);
#1760=ORIENTED_EDGE('',*,*,#1324,.T.);
#1761=ORIENTED_EDGE('',*,*,#1325,.T.);
#1762=ORIENTED_EDGE('',*,*,#1322,.F.);
#1763=ORIENTED_EDGE('',*,*,#1326,.T.);
#1764=ORIENTED_EDGE('',*,*,#1324,.F.);
#1765=ORIENTED_EDGE('',*,*,#1327,.T.);
#1766=ORIENTED_EDGE('',*,*,#1328,.T.);
#1767=ORIENTED_EDGE('',*,*,#1329,.T.);
#1768=ORIENTED_EDGE('',*,*,#1330,.T.);
#1769=ORIENTED_EDGE('',*,*,#1331,.T.);
#1770=ORIENTED_EDGE('',*,*,#1328,.F.);
#1771=ORIENTED_EDGE('',*,*,#1332,.T.);
#1772=ORIENTED_EDGE('',*,*,#1330,.F.);
#1773=ORIENTED_EDGE('',*,*,#1333,.T.);
#1774=ORIENTED_EDGE('',*,*,#1334,.T.);
#1775=ORIENTED_EDGE('',*,*,#1335,.T.);
#1776=ORIENTED_EDGE('',*,*,#1336,.T.);
#1777=ORIENTED_EDGE('',*,*,#1337,.T.);
#1778=ORIENTED_EDGE('',*,*,#1334,.F.);
#1779=ORIENTED_EDGE('',*,*,#1338,.T.);
#1780=ORIENTED_EDGE('',*,*,#1336,.F.);
#1781=ORIENTED_EDGE('',*,*,#1339,.T.);
#1782=ORIENTED_EDGE('',*,*,#1340,.T.);
#1783=ORIENTED_EDGE('',*,*,#1341,.T.);
#1784=ORIENTED_EDGE('',*,*,#1342,.T.);
#1785=ORIENTED_EDGE('',*,*,#1343,.T.);
#1786=ORIENTED_EDGE('',*,*,#1340,.F.);
#1787=ORIENTED_EDGE('',*,*,#1344,.T.);
#1788=ORIENTED_EDGE('',*,*,#1342,.F.);
#1789=ORIENTED_EDGE('',*,*,#1345,.T.);
#1790=ORIENTED_EDGE('',*,*,#1346,.T.);
#1791=ORIENTED_EDGE('',*,*,#1347,.T.);
#1792=ORIENTED_EDGE('',*,*,#1348,.T.);
#1793=ORIENTED_EDGE('',*,*,#1349,.T.);
#1794=ORIENTED_EDGE('',*,*,#1346,.F.);
#1795=ORIENTED_EDGE('',*,*,#1350,.T.);
#1796=ORIENTED_EDGE('',*,*,#1348,.F.);
#1797=ORIENTED_EDGE('',*,*,#1351,.T.);
#1798=ORIENTED_EDGE('',*,*,#1352,.T.);
#1799=ORIENTED_EDGE('',*,*,#1353,.T.);
#1800=ORIENTED_EDGE('',*,*,#1354,.T.);
#1801=ORIENTED_EDGE('',*,*,#1355,.T.);
#1802=ORIENTED_EDGE('',*,*,#1352,.F.);
#1803=ORIENTED_EDGE('',*,*,#1356,.T.);
#1804=ORIENTED_EDGE('',*,*,#1354,.F.);
#1805=ORIENTED_EDGE('',*,*,#1357,.T.);
#1806=ORIENTED_EDGE('',*,*,#1358,.T.);
#1807=ORIENTED_EDGE('',*,*,#1359,.T.);
#1808=ORIENTED_EDGE('',*,*,#1360,.T.);
#1809=ORIENTED_EDGE('',*,*,#1361,.T.);
#1810=ORIENTED_EDGE('',*,*,#1358,.F.);
#1811=ORIENTED_EDGE('',*,*,#1362,.T.);
#1812=ORIENTED_EDGE('',*,*,#1363,.T.);
#1813=ORIENTED_EDGE('',*,*,#1364,.T.);
#1814=ORIENTED_EDGE('',*,*,#1360,.F.);
#1815=ORIENTED_EDGE('',*,*,#1365,.T.);
#1816=ORIENTED_EDGE('',*,*,#1345,.F.);
#1817=ORIENTED_EDGE('',*,*,#1366,.T.);
#1818=ORIENTED_EDGE('',*,*,#1367,.T.);
#1819=ORIENTED_EDGE('',*,*,#1368,.T.);
#1820=ORIENTED_EDGE('',*,*,#1344,.F.);
#1821=ORIENTED_EDGE('',*,*,#1369,.F.);
#1822=ORIENTED_EDGE('',*,*,#1370,.F.);
#1823=ORIENTED_EDGE('',*,*,#1366,.F.);
#1824=ORIENTED_EDGE('',*,*,#1339,.F.);
#1825=ORIENTED_EDGE('',*,*,#1371,.T.);
#1826=ORIENTED_EDGE('',*,*,#1372,.T.);
#1827=ORIENTED_EDGE('',*,*,#1369,.T.);
#1828=ORIENTED_EDGE('',*,*,#1338,.F.);
#1829=ORIENTED_EDGE('',*,*,#1373,.F.);
#1830=ORIENTED_EDGE('',*,*,#1374,.F.);
#1831=ORIENTED_EDGE('',*,*,#1371,.F.);
#1832=ORIENTED_EDGE('',*,*,#1333,.F.);
#1833=ORIENTED_EDGE('',*,*,#1375,.T.);
#1834=ORIENTED_EDGE('',*,*,#1376,.F.);
#1835=ORIENTED_EDGE('',*,*,#1373,.T.);
#1836=ORIENTED_EDGE('',*,*,#1332,.F.);
#1837=ORIENTED_EDGE('',*,*,#1377,.F.);
#1838=ORIENTED_EDGE('',*,*,#1378,.F.);
#1839=ORIENTED_EDGE('',*,*,#1375,.F.);
#1840=ORIENTED_EDGE('',*,*,#1327,.F.);
#1841=ORIENTED_EDGE('',*,*,#1379,.T.);
#1842=ORIENTED_EDGE('',*,*,#1380,.F.);
#1843=ORIENTED_EDGE('',*,*,#1377,.T.);
#1844=ORIENTED_EDGE('',*,*,#1326,.F.);
#1845=ORIENTED_EDGE('',*,*,#1381,.T.);
#1846=ORIENTED_EDGE('',*,*,#1274,.F.);
#1847=ORIENTED_EDGE('',*,*,#1382,.F.);
#1848=ORIENTED_EDGE('',*,*,#1379,.F.);
#1849=ORIENTED_EDGE('',*,*,#1321,.F.);
#1850=ORIENTED_EDGE('',*,*,#1383,.T.);
#1851=ORIENTED_EDGE('',*,*,#1275,.F.);
#1852=ORIENTED_EDGE('',*,*,#1381,.F.);
#1853=ORIENTED_EDGE('',*,*,#1351,.F.);
#1854=ORIENTED_EDGE('',*,*,#1384,.T.);
#1855=ORIENTED_EDGE('',*,*,#1385,.F.);
#1856=ORIENTED_EDGE('',*,*,#1386,.T.);
#1857=ORIENTED_EDGE('',*,*,#1350,.F.);
#1858=ORIENTED_EDGE('',*,*,#1368,.F.);
#1859=ORIENTED_EDGE('',*,*,#1387,.F.);
#1860=ORIENTED_EDGE('',*,*,#1384,.F.);
#1861=ORIENTED_EDGE('',*,*,#1357,.F.);
#1862=ORIENTED_EDGE('',*,*,#1388,.T.);
#1863=ORIENTED_EDGE('',*,*,#1389,.F.);
#1864=ORIENTED_EDGE('',*,*,#1390,.T.);
#1865=ORIENTED_EDGE('',*,*,#1356,.F.);
#1866=ORIENTED_EDGE('',*,*,#1386,.F.);
#1867=ORIENTED_EDGE('',*,*,#1391,.F.);
#1868=ORIENTED_EDGE('',*,*,#1388,.F.);
#1869=ORIENTED_EDGE('',*,*,#1323,.F.);
#1870=ORIENTED_EDGE('',*,*,#1325,.F.);
#1871=ORIENTED_EDGE('',*,*,#1329,.F.);
#1872=ORIENTED_EDGE('',*,*,#1331,.F.);
#1873=ORIENTED_EDGE('',*,*,#1335,.F.);
#1874=ORIENTED_EDGE('',*,*,#1337,.F.);
#1875=ORIENTED_EDGE('',*,*,#1341,.F.);
#1876=ORIENTED_EDGE('',*,*,#1343,.F.);
#1877=ORIENTED_EDGE('',*,*,#1347,.F.);
#1878=ORIENTED_EDGE('',*,*,#1349,.F.);
#1879=ORIENTED_EDGE('',*,*,#1353,.F.);
#1880=ORIENTED_EDGE('',*,*,#1355,.F.);
#1881=ORIENTED_EDGE('',*,*,#1359,.F.);
#1882=ORIENTED_EDGE('',*,*,#1361,.F.);
#1883=ORIENTED_EDGE('',*,*,#1364,.F.);
#1884=ORIENTED_EDGE('',*,*,#1243,.T.);
#1885=ORIENTED_EDGE('',*,*,#1248,.T.);
#1886=ORIENTED_EDGE('',*,*,#1363,.F.);
#1887=ORIENTED_EDGE('',*,*,#1392,.F.);
#1888=ORIENTED_EDGE('',*,*,#1393,.T.);
#1889=ORIENTED_EDGE('',*,*,#1394,.T.);
#1890=ORIENTED_EDGE('',*,*,#1393,.F.);
#1891=ORIENTED_EDGE('',*,*,#1395,.F.);
#1892=ORIENTED_EDGE('',*,*,#1276,.F.);
#1893=ORIENTED_EDGE('',*,*,#1383,.F.);
#1894=ORIENTED_EDGE('',*,*,#1320,.F.);
#1895=ORIENTED_EDGE('',*,*,#1365,.F.);
#1896=ORIENTED_EDGE('',*,*,#1396,.F.);
#1897=ORIENTED_EDGE('',*,*,#1270,.F.);
#1898=ORIENTED_EDGE('',*,*,#1395,.T.);
#1899=ORIENTED_EDGE('',*,*,#1392,.T.);
#1900=ORIENTED_EDGE('',*,*,#1362,.F.);
#1901=ORIENTED_EDGE('',*,*,#1390,.F.);
#1902=ORIENTED_EDGE('',*,*,#1397,.F.);
#1903=ORIENTED_EDGE('',*,*,#1271,.F.);
#1904=ORIENTED_EDGE('',*,*,#1396,.T.);
#1905=ORIENTED_EDGE('',*,*,#1376,.T.);
#1906=ORIENTED_EDGE('',*,*,#1378,.T.);
#1907=ORIENTED_EDGE('',*,*,#1380,.T.);
#1908=ORIENTED_EDGE('',*,*,#1382,.T.);
#1909=ORIENTED_EDGE('',*,*,#1398,.F.);
#1910=ORIENTED_EDGE('',*,*,#1397,.T.);
#1911=ORIENTED_EDGE('',*,*,#1389,.T.);
#1912=ORIENTED_EDGE('',*,*,#1391,.T.);
#1913=ORIENTED_EDGE('',*,*,#1385,.T.);
#1914=ORIENTED_EDGE('',*,*,#1387,.T.);
#1915=ORIENTED_EDGE('',*,*,#1367,.F.);
#1916=ORIENTED_EDGE('',*,*,#1370,.T.);
#1917=ORIENTED_EDGE('',*,*,#1372,.F.);
#1918=ORIENTED_EDGE('',*,*,#1374,.T.);
#1919=ORIENTED_EDGE('',*,*,#1394,.F.);
#1920=ORIENTED_EDGE('',*,*,#1252,.F.);
#1921=ORIENTED_EDGE('',*,*,#1247,.F.);
#1922=ORIENTED_EDGE('',*,*,#1399,.T.);
#1923=ORIENTED_EDGE('',*,*,#1400,.T.);
#1924=ORIENTED_EDGE('',*,*,#1272,.T.);
#1925=ORIENTED_EDGE('',*,*,#1398,.T.);
#1926=ORIENTED_EDGE('',*,*,#1273,.T.);
#1927=ORIENTED_EDGE('',*,*,#1400,.F.);
#1928=ORIENTED_EDGE('',*,*,#1401,.T.);
#1929=ORIENTED_EDGE('',*,*,#1402,.T.);
#1930=ORIENTED_EDGE('',*,*,#1403,.T.);
#1931=ORIENTED_EDGE('',*,*,#1404,.T.);
#1932=ORIENTED_EDGE('',*,*,#1405,.T.);
#1933=ORIENTED_EDGE('',*,*,#1406,.T.);
#1934=ORIENTED_EDGE('',*,*,#1407,.T.);
#1935=ORIENTED_EDGE('',*,*,#1408,.T.);
#1936=ORIENTED_EDGE('',*,*,#1409,.T.);
#1937=ORIENTED_EDGE('',*,*,#1410,.T.);
#1938=ORIENTED_EDGE('',*,*,#1411,.T.);
#1939=ORIENTED_EDGE('',*,*,#1412,.T.);
#1940=ORIENTED_EDGE('',*,*,#1413,.T.);
#1941=ORIENTED_EDGE('',*,*,#1414,.T.);
#1942=ORIENTED_EDGE('',*,*,#1415,.T.);
#1943=ORIENTED_EDGE('',*,*,#1416,.T.);
#1944=ORIENTED_EDGE('',*,*,#1262,.F.);
#1945=ORIENTED_EDGE('',*,*,#1267,.T.);
#1946=ORIENTED_EDGE('',*,*,#1285,.F.);
#1947=ORIENTED_EDGE('',*,*,#1287,.T.);
#1948=ORIENTED_EDGE('',*,*,#1417,.T.);
#1949=ORIENTED_EDGE('',*,*,#1418,.T.);
#1950=ORIENTED_EDGE('',*,*,#1419,.T.);
#1951=ORIENTED_EDGE('',*,*,#1420,.T.);
#1952=ORIENTED_EDGE('',*,*,#1401,.F.);
#1953=ORIENTED_EDGE('',*,*,#1399,.F.);
#1954=ORIENTED_EDGE('',*,*,#1421,.T.);
#1955=ORIENTED_EDGE('',*,*,#1422,.T.);
#1956=ORIENTED_EDGE('',*,*,#1423,.T.);
#1957=ORIENTED_EDGE('',*,*,#1402,.F.);
#1958=ORIENTED_EDGE('',*,*,#1424,.T.);
#1959=ORIENTED_EDGE('',*,*,#1425,.T.);
#1960=ORIENTED_EDGE('',*,*,#1426,.T.);
#1961=ORIENTED_EDGE('',*,*,#1427,.T.);
#1962=ORIENTED_EDGE('',*,*,#1428,.T.);
#1963=ORIENTED_EDGE('',*,*,#1429,.T.);
#1964=ORIENTED_EDGE('',*,*,#1430,.T.);
#1965=ORIENTED_EDGE('',*,*,#1403,.F.);
#1966=ORIENTED_EDGE('',*,*,#1431,.T.);
#1967=ORIENTED_EDGE('',*,*,#1432,.T.);
#1968=ORIENTED_EDGE('',*,*,#1433,.T.);
#1969=ORIENTED_EDGE('',*,*,#1404,.F.);
#1970=ORIENTED_EDGE('',*,*,#1434,.T.);
#1971=ORIENTED_EDGE('',*,*,#1435,.T.);
#1972=ORIENTED_EDGE('',*,*,#1436,.T.);
#1973=ORIENTED_EDGE('',*,*,#1437,.T.);
#1974=ORIENTED_EDGE('',*,*,#1438,.T.);
#1975=ORIENTED_EDGE('',*,*,#1439,.T.);
#1976=ORIENTED_EDGE('',*,*,#1440,.T.);
#1977=ORIENTED_EDGE('',*,*,#1405,.F.);
#1978=ORIENTED_EDGE('',*,*,#1441,.T.);
#1979=ORIENTED_EDGE('',*,*,#1442,.T.);
#1980=ORIENTED_EDGE('',*,*,#1443,.T.);
#1981=ORIENTED_EDGE('',*,*,#1406,.F.);
#1982=ORIENTED_EDGE('',*,*,#1444,.T.);
#1983=ORIENTED_EDGE('',*,*,#1445,.T.);
#1984=ORIENTED_EDGE('',*,*,#1446,.T.);
#1985=ORIENTED_EDGE('',*,*,#1447,.T.);
#1986=ORIENTED_EDGE('',*,*,#1448,.T.);
#1987=ORIENTED_EDGE('',*,*,#1449,.T.);
#1988=ORIENTED_EDGE('',*,*,#1450,.T.);
#1989=ORIENTED_EDGE('',*,*,#1407,.F.);
#1990=ORIENTED_EDGE('',*,*,#1451,.T.);
#1991=ORIENTED_EDGE('',*,*,#1452,.T.);
#1992=ORIENTED_EDGE('',*,*,#1453,.T.);
#1993=ORIENTED_EDGE('',*,*,#1408,.F.);
#1994=ORIENTED_EDGE('',*,*,#1454,.T.);
#1995=ORIENTED_EDGE('',*,*,#1455,.T.);
#1996=ORIENTED_EDGE('',*,*,#1456,.T.);
#1997=ORIENTED_EDGE('',*,*,#1457,.T.);
#1998=ORIENTED_EDGE('',*,*,#1458,.T.);
#1999=ORIENTED_EDGE('',*,*,#1459,.T.);
#2000=ORIENTED_EDGE('',*,*,#1460,.T.);
#2001=ORIENTED_EDGE('',*,*,#1409,.F.);
#2002=ORIENTED_EDGE('',*,*,#1461,.T.);
#2003=ORIENTED_EDGE('',*,*,#1462,.T.);
#2004=ORIENTED_EDGE('',*,*,#1463,.T.);
#2005=ORIENTED_EDGE('',*,*,#1410,.F.);
#2006=ORIENTED_EDGE('',*,*,#1464,.T.);
#2007=ORIENTED_EDGE('',*,*,#1465,.T.);
#2008=ORIENTED_EDGE('',*,*,#1466,.T.);
#2009=ORIENTED_EDGE('',*,*,#1467,.T.);
#2010=ORIENTED_EDGE('',*,*,#1468,.T.);
#2011=ORIENTED_EDGE('',*,*,#1469,.T.);
#2012=ORIENTED_EDGE('',*,*,#1470,.T.);
#2013=ORIENTED_EDGE('',*,*,#1411,.F.);
#2014=ORIENTED_EDGE('',*,*,#1471,.T.);
#2015=ORIENTED_EDGE('',*,*,#1472,.T.);
#2016=ORIENTED_EDGE('',*,*,#1473,.T.);
#2017=ORIENTED_EDGE('',*,*,#1412,.F.);
#2018=ORIENTED_EDGE('',*,*,#1474,.T.);
#2019=ORIENTED_EDGE('',*,*,#1475,.T.);
#2020=ORIENTED_EDGE('',*,*,#1476,.T.);
#2021=ORIENTED_EDGE('',*,*,#1477,.T.);
#2022=ORIENTED_EDGE('',*,*,#1478,.T.);
#2023=ORIENTED_EDGE('',*,*,#1479,.T.);
#2024=ORIENTED_EDGE('',*,*,#1480,.T.);
#2025=ORIENTED_EDGE('',*,*,#1413,.F.);
#2026=ORIENTED_EDGE('',*,*,#1481,.T.);
#2027=ORIENTED_EDGE('',*,*,#1482,.T.);
#2028=ORIENTED_EDGE('',*,*,#1483,.T.);
#2029=ORIENTED_EDGE('',*,*,#1414,.F.);
#2030=ORIENTED_EDGE('',*,*,#1484,.T.);
#2031=ORIENTED_EDGE('',*,*,#1485,.T.);
#2032=ORIENTED_EDGE('',*,*,#1486,.T.);
#2033=ORIENTED_EDGE('',*,*,#1487,.T.);
#2034=ORIENTED_EDGE('',*,*,#1488,.T.);
#2035=ORIENTED_EDGE('',*,*,#1489,.T.);
#2036=ORIENTED_EDGE('',*,*,#1490,.T.);
#2037=ORIENTED_EDGE('',*,*,#1415,.F.);
#2038=ORIENTED_EDGE('',*,*,#1491,.T.);
#2039=ORIENTED_EDGE('',*,*,#1492,.T.);
#2040=ORIENTED_EDGE('',*,*,#1493,.T.);
#2041=ORIENTED_EDGE('',*,*,#1416,.F.);
#2042=ORIENTED_EDGE('',*,*,#1494,.T.);
#2043=ORIENTED_EDGE('',*,*,#1495,.T.);
#2044=ORIENTED_EDGE('',*,*,#1496,.T.);
#2045=ORIENTED_EDGE('',*,*,#1497,.F.);
#2046=ORIENTED_EDGE('',*,*,#1289,.F.);
#2047=ORIENTED_EDGE('',*,*,#1498,.T.);
#2048=ORIENTED_EDGE('',*,*,#1417,.F.);
#2049=ORIENTED_EDGE('',*,*,#1499,.T.);
#2050=ORIENTED_EDGE('',*,*,#1500,.F.);
#2051=ORIENTED_EDGE('',*,*,#1501,.F.);
#2052=ORIENTED_EDGE('',*,*,#1418,.F.);
#2053=ORIENTED_EDGE('',*,*,#1501,.T.);
#2054=ORIENTED_EDGE('',*,*,#1502,.F.);
#2055=ORIENTED_EDGE('',*,*,#1503,.F.);
#2056=ORIENTED_EDGE('',*,*,#1419,.F.);
#2057=ORIENTED_EDGE('',*,*,#1424,.F.);
#2058=ORIENTED_EDGE('',*,*,#1420,.F.);
#2059=ORIENTED_EDGE('',*,*,#1503,.T.);
#2060=ORIENTED_EDGE('',*,*,#1504,.F.);
#2061=ORIENTED_EDGE('',*,*,#1496,.F.);
#2062=ORIENTED_EDGE('',*,*,#1505,.F.);
#2063=ORIENTED_EDGE('',*,*,#1506,.T.);
#2064=ORIENTED_EDGE('',*,*,#1421,.F.);
#2065=ORIENTED_EDGE('',*,*,#1506,.F.);
#2066=ORIENTED_EDGE('',*,*,#1507,.F.);
#2067=ORIENTED_EDGE('',*,*,#1508,.T.);
#2068=ORIENTED_EDGE('',*,*,#1422,.F.);
#2069=ORIENTED_EDGE('',*,*,#1509,.T.);
#2070=ORIENTED_EDGE('',*,*,#1423,.F.);
#2071=ORIENTED_EDGE('',*,*,#1508,.F.);
#2072=ORIENTED_EDGE('',*,*,#1510,.F.);
#2073=ORIENTED_EDGE('',*,*,#1425,.F.);
#2074=ORIENTED_EDGE('',*,*,#1504,.T.);
#2075=ORIENTED_EDGE('',*,*,#1511,.T.);
#2076=ORIENTED_EDGE('',*,*,#1512,.T.);
#2077=ORIENTED_EDGE('',*,*,#1426,.F.);
#2078=ORIENTED_EDGE('',*,*,#1512,.F.);
#2079=ORIENTED_EDGE('',*,*,#1513,.T.);
#2080=ORIENTED_EDGE('',*,*,#1431,.F.);
#2081=ORIENTED_EDGE('',*,*,#1514,.F.);
#2082=ORIENTED_EDGE('',*,*,#1317,.F.);
#2083=ORIENTED_EDGE('',*,*,#1515,.T.);
#2084=ORIENTED_EDGE('',*,*,#1427,.F.);
#2085=ORIENTED_EDGE('',*,*,#1516,.T.);
#2086=ORIENTED_EDGE('',*,*,#1517,.F.);
#2087=ORIENTED_EDGE('',*,*,#1518,.F.);
#2088=ORIENTED_EDGE('',*,*,#1428,.F.);
#2089=ORIENTED_EDGE('',*,*,#1518,.T.);
#2090=ORIENTED_EDGE('',*,*,#1519,.F.);
#2091=ORIENTED_EDGE('',*,*,#1520,.F.);
#2092=ORIENTED_EDGE('',*,*,#1429,.F.);
#2093=ORIENTED_EDGE('',*,*,#1434,.F.);
#2094=ORIENTED_EDGE('',*,*,#1430,.F.);
#2095=ORIENTED_EDGE('',*,*,#1520,.T.);
#2096=ORIENTED_EDGE('',*,*,#1521,.F.);
#2097=ORIENTED_EDGE('',*,*,#1513,.F.);
#2098=ORIENTED_EDGE('',*,*,#1522,.F.);
#2099=ORIENTED_EDGE('',*,*,#1523,.T.);
#2100=ORIENTED_EDGE('',*,*,#1432,.F.);
#2101=ORIENTED_EDGE('',*,*,#1524,.T.);
#2102=ORIENTED_EDGE('',*,*,#1433,.F.);
#2103=ORIENTED_EDGE('',*,*,#1523,.F.);
#2104=ORIENTED_EDGE('',*,*,#1525,.F.);
#2105=ORIENTED_EDGE('',*,*,#1435,.F.);
#2106=ORIENTED_EDGE('',*,*,#1521,.T.);
#2107=ORIENTED_EDGE('',*,*,#1526,.T.);
#2108=ORIENTED_EDGE('',*,*,#1527,.T.);
#2109=ORIENTED_EDGE('',*,*,#1436,.F.);
#2110=ORIENTED_EDGE('',*,*,#1527,.F.);
#2111=ORIENTED_EDGE('',*,*,#1528,.T.);
#2112=ORIENTED_EDGE('',*,*,#1441,.F.);
#2113=ORIENTED_EDGE('',*,*,#1529,.F.);
#2114=ORIENTED_EDGE('',*,*,#1313,.F.);
#2115=ORIENTED_EDGE('',*,*,#1530,.T.);
#2116=ORIENTED_EDGE('',*,*,#1437,.F.);
#2117=ORIENTED_EDGE('',*,*,#1531,.T.);
#2118=ORIENTED_EDGE('',*,*,#1532,.F.);
#2119=ORIENTED_EDGE('',*,*,#1533,.F.);
#2120=ORIENTED_EDGE('',*,*,#1438,.F.);
#2121=ORIENTED_EDGE('',*,*,#1533,.T.);
#2122=ORIENTED_EDGE('',*,*,#1534,.F.);
#2123=ORIENTED_EDGE('',*,*,#1535,.F.);
#2124=ORIENTED_EDGE('',*,*,#1439,.F.);
#2125=ORIENTED_EDGE('',*,*,#1444,.F.);
#2126=ORIENTED_EDGE('',*,*,#1440,.F.);
#2127=ORIENTED_EDGE('',*,*,#1535,.T.);
#2128=ORIENTED_EDGE('',*,*,#1536,.F.);
#2129=ORIENTED_EDGE('',*,*,#1528,.F.);
#2130=ORIENTED_EDGE('',*,*,#1537,.F.);
#2131=ORIENTED_EDGE('',*,*,#1538,.T.);
#2132=ORIENTED_EDGE('',*,*,#1442,.F.);
#2133=ORIENTED_EDGE('',*,*,#1539,.T.);
#2134=ORIENTED_EDGE('',*,*,#1443,.F.);
#2135=ORIENTED_EDGE('',*,*,#1538,.F.);
#2136=ORIENTED_EDGE('',*,*,#1540,.F.);
#2137=ORIENTED_EDGE('',*,*,#1445,.F.);
#2138=ORIENTED_EDGE('',*,*,#1536,.T.);
#2139=ORIENTED_EDGE('',*,*,#1541,.T.);
#2140=ORIENTED_EDGE('',*,*,#1542,.T.);
#2141=ORIENTED_EDGE('',*,*,#1446,.F.);
#2142=ORIENTED_EDGE('',*,*,#1542,.F.);
#2143=ORIENTED_EDGE('',*,*,#1543,.T.);
#2144=ORIENTED_EDGE('',*,*,#1451,.F.);
#2145=ORIENTED_EDGE('',*,*,#1544,.F.);
#2146=ORIENTED_EDGE('',*,*,#1309,.F.);
#2147=ORIENTED_EDGE('',*,*,#1545,.T.);
#2148=ORIENTED_EDGE('',*,*,#1447,.F.);
#2149=ORIENTED_EDGE('',*,*,#1546,.T.);
#2150=ORIENTED_EDGE('',*,*,#1547,.F.);
#2151=ORIENTED_EDGE('',*,*,#1548,.F.);
#2152=ORIENTED_EDGE('',*,*,#1448,.F.);
#2153=ORIENTED_EDGE('',*,*,#1548,.T.);
#2154=ORIENTED_EDGE('',*,*,#1549,.F.);
#2155=ORIENTED_EDGE('',*,*,#1550,.F.);
#2156=ORIENTED_EDGE('',*,*,#1449,.F.);
#2157=ORIENTED_EDGE('',*,*,#1454,.F.);
#2158=ORIENTED_EDGE('',*,*,#1450,.F.);
#2159=ORIENTED_EDGE('',*,*,#1550,.T.);
#2160=ORIENTED_EDGE('',*,*,#1551,.F.);
#2161=ORIENTED_EDGE('',*,*,#1543,.F.);
#2162=ORIENTED_EDGE('',*,*,#1552,.F.);
#2163=ORIENTED_EDGE('',*,*,#1553,.T.);
#2164=ORIENTED_EDGE('',*,*,#1452,.F.);
#2165=ORIENTED_EDGE('',*,*,#1554,.T.);
#2166=ORIENTED_EDGE('',*,*,#1453,.F.);
#2167=ORIENTED_EDGE('',*,*,#1553,.F.);
#2168=ORIENTED_EDGE('',*,*,#1555,.F.);
#2169=ORIENTED_EDGE('',*,*,#1455,.F.);
#2170=ORIENTED_EDGE('',*,*,#1551,.T.);
#2171=ORIENTED_EDGE('',*,*,#1556,.T.);
#2172=ORIENTED_EDGE('',*,*,#1557,.T.);
#2173=ORIENTED_EDGE('',*,*,#1456,.F.);
#2174=ORIENTED_EDGE('',*,*,#1557,.F.);
#2175=ORIENTED_EDGE('',*,*,#1558,.T.);
#2176=ORIENTED_EDGE('',*,*,#1461,.F.);
#2177=ORIENTED_EDGE('',*,*,#1559,.F.);
#2178=ORIENTED_EDGE('',*,*,#1305,.F.);
#2179=ORIENTED_EDGE('',*,*,#1560,.T.);
#2180=ORIENTED_EDGE('',*,*,#1457,.F.);
#2181=ORIENTED_EDGE('',*,*,#1561,.T.);
#2182=ORIENTED_EDGE('',*,*,#1562,.F.);
#2183=ORIENTED_EDGE('',*,*,#1563,.F.);
#2184=ORIENTED_EDGE('',*,*,#1458,.F.);
#2185=ORIENTED_EDGE('',*,*,#1563,.T.);
#2186=ORIENTED_EDGE('',*,*,#1564,.F.);
#2187=ORIENTED_EDGE('',*,*,#1565,.F.);
#2188=ORIENTED_EDGE('',*,*,#1459,.F.);
#2189=ORIENTED_EDGE('',*,*,#1464,.F.);
#2190=ORIENTED_EDGE('',*,*,#1460,.F.);
#2191=ORIENTED_EDGE('',*,*,#1565,.T.);
#2192=ORIENTED_EDGE('',*,*,#1566,.F.);
#2193=ORIENTED_EDGE('',*,*,#1558,.F.);
#2194=ORIENTED_EDGE('',*,*,#1567,.F.);
#2195=ORIENTED_EDGE('',*,*,#1568,.T.);
#2196=ORIENTED_EDGE('',*,*,#1462,.F.);
#2197=ORIENTED_EDGE('',*,*,#1569,.T.);
#2198=ORIENTED_EDGE('',*,*,#1463,.F.);
#2199=ORIENTED_EDGE('',*,*,#1568,.F.);
#2200=ORIENTED_EDGE('',*,*,#1570,.F.);
#2201=ORIENTED_EDGE('',*,*,#1465,.F.);
#2202=ORIENTED_EDGE('',*,*,#1566,.T.);
#2203=ORIENTED_EDGE('',*,*,#1571,.T.);
#2204=ORIENTED_EDGE('',*,*,#1572,.T.);
#2205=ORIENTED_EDGE('',*,*,#1466,.F.);
#2206=ORIENTED_EDGE('',*,*,#1572,.F.);
#2207=ORIENTED_EDGE('',*,*,#1573,.T.);
#2208=ORIENTED_EDGE('',*,*,#1471,.F.);
#2209=ORIENTED_EDGE('',*,*,#1574,.F.);
#2210=ORIENTED_EDGE('',*,*,#1301,.F.);
#2211=ORIENTED_EDGE('',*,*,#1575,.T.);
#2212=ORIENTED_EDGE('',*,*,#1467,.F.);
#2213=ORIENTED_EDGE('',*,*,#1576,.T.);
#2214=ORIENTED_EDGE('',*,*,#1577,.F.);
#2215=ORIENTED_EDGE('',*,*,#1578,.F.);
#2216=ORIENTED_EDGE('',*,*,#1468,.F.);
#2217=ORIENTED_EDGE('',*,*,#1578,.T.);
#2218=ORIENTED_EDGE('',*,*,#1579,.F.);
#2219=ORIENTED_EDGE('',*,*,#1580,.F.);
#2220=ORIENTED_EDGE('',*,*,#1469,.F.);
#2221=ORIENTED_EDGE('',*,*,#1474,.F.);
#2222=ORIENTED_EDGE('',*,*,#1470,.F.);
#2223=ORIENTED_EDGE('',*,*,#1580,.T.);
#2224=ORIENTED_EDGE('',*,*,#1581,.F.);
#2225=ORIENTED_EDGE('',*,*,#1573,.F.);
#2226=ORIENTED_EDGE('',*,*,#1582,.F.);
#2227=ORIENTED_EDGE('',*,*,#1583,.T.);
#2228=ORIENTED_EDGE('',*,*,#1472,.F.);
#2229=ORIENTED_EDGE('',*,*,#1584,.T.);
#2230=ORIENTED_EDGE('',*,*,#1473,.F.);
#2231=ORIENTED_EDGE('',*,*,#1583,.F.);
#2232=ORIENTED_EDGE('',*,*,#1585,.F.);
#2233=ORIENTED_EDGE('',*,*,#1475,.F.);
#2234=ORIENTED_EDGE('',*,*,#1581,.T.);
#2235=ORIENTED_EDGE('',*,*,#1586,.T.);
#2236=ORIENTED_EDGE('',*,*,#1587,.T.);
#2237=ORIENTED_EDGE('',*,*,#1476,.F.);
#2238=ORIENTED_EDGE('',*,*,#1587,.F.);
#2239=ORIENTED_EDGE('',*,*,#1588,.T.);
#2240=ORIENTED_EDGE('',*,*,#1481,.F.);
#2241=ORIENTED_EDGE('',*,*,#1589,.F.);
#2242=ORIENTED_EDGE('',*,*,#1297,.F.);
#2243=ORIENTED_EDGE('',*,*,#1590,.T.);
#2244=ORIENTED_EDGE('',*,*,#1477,.F.);
#2245=ORIENTED_EDGE('',*,*,#1591,.T.);
#2246=ORIENTED_EDGE('',*,*,#1592,.F.);
#2247=ORIENTED_EDGE('',*,*,#1593,.F.);
#2248=ORIENTED_EDGE('',*,*,#1478,.F.);
#2249=ORIENTED_EDGE('',*,*,#1593,.T.);
#2250=ORIENTED_EDGE('',*,*,#1594,.F.);
#2251=ORIENTED_EDGE('',*,*,#1595,.F.);
#2252=ORIENTED_EDGE('',*,*,#1479,.F.);
#2253=ORIENTED_EDGE('',*,*,#1484,.F.);
#2254=ORIENTED_EDGE('',*,*,#1480,.F.);
#2255=ORIENTED_EDGE('',*,*,#1595,.T.);
#2256=ORIENTED_EDGE('',*,*,#1596,.F.);
#2257=ORIENTED_EDGE('',*,*,#1588,.F.);
#2258=ORIENTED_EDGE('',*,*,#1597,.F.);
#2259=ORIENTED_EDGE('',*,*,#1598,.T.);
#2260=ORIENTED_EDGE('',*,*,#1482,.F.);
#2261=ORIENTED_EDGE('',*,*,#1599,.T.);
#2262=ORIENTED_EDGE('',*,*,#1483,.F.);
#2263=ORIENTED_EDGE('',*,*,#1598,.F.);
#2264=ORIENTED_EDGE('',*,*,#1600,.F.);
#2265=ORIENTED_EDGE('',*,*,#1485,.F.);
#2266=ORIENTED_EDGE('',*,*,#1596,.T.);
#2267=ORIENTED_EDGE('',*,*,#1601,.T.);
#2268=ORIENTED_EDGE('',*,*,#1602,.T.);
#2269=ORIENTED_EDGE('',*,*,#1486,.F.);
#2270=ORIENTED_EDGE('',*,*,#1602,.F.);
#2271=ORIENTED_EDGE('',*,*,#1603,.T.);
#2272=ORIENTED_EDGE('',*,*,#1491,.F.);
#2273=ORIENTED_EDGE('',*,*,#1604,.F.);
#2274=ORIENTED_EDGE('',*,*,#1293,.F.);
#2275=ORIENTED_EDGE('',*,*,#1605,.T.);
#2276=ORIENTED_EDGE('',*,*,#1487,.F.);
#2277=ORIENTED_EDGE('',*,*,#1606,.T.);
#2278=ORIENTED_EDGE('',*,*,#1607,.F.);
#2279=ORIENTED_EDGE('',*,*,#1608,.F.);
#2280=ORIENTED_EDGE('',*,*,#1488,.F.);
#2281=ORIENTED_EDGE('',*,*,#1608,.T.);
#2282=ORIENTED_EDGE('',*,*,#1609,.F.);
#2283=ORIENTED_EDGE('',*,*,#1610,.F.);
#2284=ORIENTED_EDGE('',*,*,#1489,.F.);
#2285=ORIENTED_EDGE('',*,*,#1494,.F.);
#2286=ORIENTED_EDGE('',*,*,#1490,.F.);
#2287=ORIENTED_EDGE('',*,*,#1610,.T.);
#2288=ORIENTED_EDGE('',*,*,#1611,.F.);
#2289=ORIENTED_EDGE('',*,*,#1603,.F.);
#2290=ORIENTED_EDGE('',*,*,#1612,.F.);
#2291=ORIENTED_EDGE('',*,*,#1613,.T.);
#2292=ORIENTED_EDGE('',*,*,#1492,.F.);
#2293=ORIENTED_EDGE('',*,*,#1614,.T.);
#2294=ORIENTED_EDGE('',*,*,#1493,.F.);
#2295=ORIENTED_EDGE('',*,*,#1613,.F.);
#2296=ORIENTED_EDGE('',*,*,#1615,.F.);
#2297=ORIENTED_EDGE('',*,*,#1495,.F.);
#2298=ORIENTED_EDGE('',*,*,#1611,.T.);
#2299=ORIENTED_EDGE('',*,*,#1616,.T.);
#2300=ORIENTED_EDGE('',*,*,#1505,.T.);
#2301=ORIENTED_EDGE('',*,*,#1498,.F.);
#2302=ORIENTED_EDGE('',*,*,#1288,.F.);
#2303=ORIENTED_EDGE('',*,*,#1617,.F.);
#2304=ORIENTED_EDGE('',*,*,#1499,.F.);
#2305=ORIENTED_EDGE('',*,*,#1618,.F.);
#2306=ORIENTED_EDGE('',*,*,#1290,.F.);
#2307=ORIENTED_EDGE('',*,*,#1497,.T.);
#2308=ORIENTED_EDGE('',*,*,#1509,.F.);
#2309=ORIENTED_EDGE('',*,*,#1619,.F.);
#2310=ORIENTED_EDGE('',*,*,#1291,.F.);
#2311=ORIENTED_EDGE('',*,*,#1618,.T.);
#2312=ORIENTED_EDGE('',*,*,#1620,.F.);
#2313=ORIENTED_EDGE('',*,*,#1605,.F.);
#2314=ORIENTED_EDGE('',*,*,#1292,.F.);
#2315=ORIENTED_EDGE('',*,*,#1619,.T.);
#2316=ORIENTED_EDGE('',*,*,#1606,.F.);
#2317=ORIENTED_EDGE('',*,*,#1621,.F.);
#2318=ORIENTED_EDGE('',*,*,#1294,.F.);
#2319=ORIENTED_EDGE('',*,*,#1604,.T.);
#2320=ORIENTED_EDGE('',*,*,#1614,.F.);
#2321=ORIENTED_EDGE('',*,*,#1622,.F.);
#2322=ORIENTED_EDGE('',*,*,#1295,.F.);
#2323=ORIENTED_EDGE('',*,*,#1621,.T.);
#2324=ORIENTED_EDGE('',*,*,#1623,.F.);
#2325=ORIENTED_EDGE('',*,*,#1590,.F.);
#2326=ORIENTED_EDGE('',*,*,#1296,.F.);
#2327=ORIENTED_EDGE('',*,*,#1622,.T.);
#2328=ORIENTED_EDGE('',*,*,#1591,.F.);
#2329=ORIENTED_EDGE('',*,*,#1624,.F.);
#2330=ORIENTED_EDGE('',*,*,#1298,.F.);
#2331=ORIENTED_EDGE('',*,*,#1589,.T.);
#2332=ORIENTED_EDGE('',*,*,#1599,.F.);
#2333=ORIENTED_EDGE('',*,*,#1625,.F.);
#2334=ORIENTED_EDGE('',*,*,#1299,.F.);
#2335=ORIENTED_EDGE('',*,*,#1624,.T.);
#2336=ORIENTED_EDGE('',*,*,#1626,.F.);
#2337=ORIENTED_EDGE('',*,*,#1575,.F.);
#2338=ORIENTED_EDGE('',*,*,#1300,.F.);
#2339=ORIENTED_EDGE('',*,*,#1625,.T.);
#2340=ORIENTED_EDGE('',*,*,#1576,.F.);
#2341=ORIENTED_EDGE('',*,*,#1627,.F.);
#2342=ORIENTED_EDGE('',*,*,#1302,.F.);
#2343=ORIENTED_EDGE('',*,*,#1574,.T.);
#2344=ORIENTED_EDGE('',*,*,#1584,.F.);
#2345=ORIENTED_EDGE('',*,*,#1628,.F.);
#2346=ORIENTED_EDGE('',*,*,#1303,.F.);
#2347=ORIENTED_EDGE('',*,*,#1627,.T.);
#2348=ORIENTED_EDGE('',*,*,#1629,.F.);
#2349=ORIENTED_EDGE('',*,*,#1560,.F.);
#2350=ORIENTED_EDGE('',*,*,#1304,.F.);
#2351=ORIENTED_EDGE('',*,*,#1628,.T.);
#2352=ORIENTED_EDGE('',*,*,#1561,.F.);
#2353=ORIENTED_EDGE('',*,*,#1630,.F.);
#2354=ORIENTED_EDGE('',*,*,#1306,.F.);
#2355=ORIENTED_EDGE('',*,*,#1559,.T.);
#2356=ORIENTED_EDGE('',*,*,#1569,.F.);
#2357=ORIENTED_EDGE('',*,*,#1631,.F.);
#2358=ORIENTED_EDGE('',*,*,#1307,.F.);
#2359=ORIENTED_EDGE('',*,*,#1630,.T.);
#2360=ORIENTED_EDGE('',*,*,#1632,.F.);
#2361=ORIENTED_EDGE('',*,*,#1545,.F.);
#2362=ORIENTED_EDGE('',*,*,#1308,.F.);
#2363=ORIENTED_EDGE('',*,*,#1631,.T.);
#2364=ORIENTED_EDGE('',*,*,#1546,.F.);
#2365=ORIENTED_EDGE('',*,*,#1633,.F.);
#2366=ORIENTED_EDGE('',*,*,#1310,.F.);
#2367=ORIENTED_EDGE('',*,*,#1544,.T.);
#2368=ORIENTED_EDGE('',*,*,#1554,.F.);
#2369=ORIENTED_EDGE('',*,*,#1634,.F.);
#2370=ORIENTED_EDGE('',*,*,#1311,.F.);
#2371=ORIENTED_EDGE('',*,*,#1633,.T.);
#2372=ORIENTED_EDGE('',*,*,#1635,.F.);
#2373=ORIENTED_EDGE('',*,*,#1530,.F.);
#2374=ORIENTED_EDGE('',*,*,#1312,.F.);
#2375=ORIENTED_EDGE('',*,*,#1634,.T.);
#2376=ORIENTED_EDGE('',*,*,#1531,.F.);
#2377=ORIENTED_EDGE('',*,*,#1636,.F.);
#2378=ORIENTED_EDGE('',*,*,#1314,.F.);
#2379=ORIENTED_EDGE('',*,*,#1529,.T.);
#2380=ORIENTED_EDGE('',*,*,#1539,.F.);
#2381=ORIENTED_EDGE('',*,*,#1637,.F.);
#2382=ORIENTED_EDGE('',*,*,#1315,.F.);
#2383=ORIENTED_EDGE('',*,*,#1636,.T.);
#2384=ORIENTED_EDGE('',*,*,#1638,.F.);
#2385=ORIENTED_EDGE('',*,*,#1515,.F.);
#2386=ORIENTED_EDGE('',*,*,#1316,.F.);
#2387=ORIENTED_EDGE('',*,*,#1637,.T.);
#2388=ORIENTED_EDGE('',*,*,#1516,.F.);
#2389=ORIENTED_EDGE('',*,*,#1639,.F.);
#2390=ORIENTED_EDGE('',*,*,#1318,.F.);
#2391=ORIENTED_EDGE('',*,*,#1514,.T.);
#2392=ORIENTED_EDGE('',*,*,#1524,.F.);
#2393=ORIENTED_EDGE('',*,*,#1617,.T.);
#2394=ORIENTED_EDGE('',*,*,#1319,.F.);
#2395=ORIENTED_EDGE('',*,*,#1639,.T.);
#2396=ORIENTED_EDGE('',*,*,#1640,.F.);
#2397=ORIENTED_EDGE('',*,*,#1640,.T.);
#2398=ORIENTED_EDGE('',*,*,#1525,.T.);
#2399=ORIENTED_EDGE('',*,*,#1641,.T.);
#2400=ORIENTED_EDGE('',*,*,#1500,.T.);
#2401=ORIENTED_EDGE('',*,*,#1522,.T.);
#2402=ORIENTED_EDGE('',*,*,#1511,.F.);
#2403=ORIENTED_EDGE('',*,*,#1502,.T.);
#2404=ORIENTED_EDGE('',*,*,#1641,.F.);
#2405=ORIENTED_EDGE('',*,*,#1507,.T.);
#2406=ORIENTED_EDGE('',*,*,#1616,.F.);
#2407=ORIENTED_EDGE('',*,*,#1609,.T.);
#2408=ORIENTED_EDGE('',*,*,#1642,.F.);
#2409=ORIENTED_EDGE('',*,*,#1620,.T.);
#2410=ORIENTED_EDGE('',*,*,#1510,.T.);
#2411=ORIENTED_EDGE('',*,*,#1642,.T.);
#2412=ORIENTED_EDGE('',*,*,#1607,.T.);
#2413=ORIENTED_EDGE('',*,*,#1638,.T.);
#2414=ORIENTED_EDGE('',*,*,#1540,.T.);
#2415=ORIENTED_EDGE('',*,*,#1643,.T.);
#2416=ORIENTED_EDGE('',*,*,#1517,.T.);
#2417=ORIENTED_EDGE('',*,*,#1537,.T.);
#2418=ORIENTED_EDGE('',*,*,#1526,.F.);
#2419=ORIENTED_EDGE('',*,*,#1519,.T.);
#2420=ORIENTED_EDGE('',*,*,#1643,.F.);
#2421=ORIENTED_EDGE('',*,*,#1635,.T.);
#2422=ORIENTED_EDGE('',*,*,#1555,.T.);
#2423=ORIENTED_EDGE('',*,*,#1644,.T.);
#2424=ORIENTED_EDGE('',*,*,#1532,.T.);
#2425=ORIENTED_EDGE('',*,*,#1552,.T.);
#2426=ORIENTED_EDGE('',*,*,#1541,.F.);
#2427=ORIENTED_EDGE('',*,*,#1534,.T.);
#2428=ORIENTED_EDGE('',*,*,#1644,.F.);
#2429=ORIENTED_EDGE('',*,*,#1632,.T.);
#2430=ORIENTED_EDGE('',*,*,#1570,.T.);
#2431=ORIENTED_EDGE('',*,*,#1645,.T.);
#2432=ORIENTED_EDGE('',*,*,#1547,.T.);
#2433=ORIENTED_EDGE('',*,*,#1567,.T.);
#2434=ORIENTED_EDGE('',*,*,#1556,.F.);
#2435=ORIENTED_EDGE('',*,*,#1549,.T.);
#2436=ORIENTED_EDGE('',*,*,#1645,.F.);
#2437=ORIENTED_EDGE('',*,*,#1629,.T.);
#2438=ORIENTED_EDGE('',*,*,#1585,.T.);
#2439=ORIENTED_EDGE('',*,*,#1646,.T.);
#2440=ORIENTED_EDGE('',*,*,#1562,.T.);
#2441=ORIENTED_EDGE('',*,*,#1582,.T.);
#2442=ORIENTED_EDGE('',*,*,#1571,.F.);
#2443=ORIENTED_EDGE('',*,*,#1564,.T.);
#2444=ORIENTED_EDGE('',*,*,#1646,.F.);
#2445=ORIENTED_EDGE('',*,*,#1626,.T.);
#2446=ORIENTED_EDGE('',*,*,#1600,.T.);
#2447=ORIENTED_EDGE('',*,*,#1647,.T.);
#2448=ORIENTED_EDGE('',*,*,#1577,.T.);
#2449=ORIENTED_EDGE('',*,*,#1597,.T.);
#2450=ORIENTED_EDGE('',*,*,#1586,.F.);
#2451=ORIENTED_EDGE('',*,*,#1579,.T.);
#2452=ORIENTED_EDGE('',*,*,#1647,.F.);
#2453=ORIENTED_EDGE('',*,*,#1623,.T.);
#2454=ORIENTED_EDGE('',*,*,#1615,.T.);
#2455=ORIENTED_EDGE('',*,*,#1648,.T.);
#2456=ORIENTED_EDGE('',*,*,#1592,.T.);
#2457=ORIENTED_EDGE('',*,*,#1612,.T.);
#2458=ORIENTED_EDGE('',*,*,#1601,.F.);
#2459=ORIENTED_EDGE('',*,*,#1594,.T.);
#2460=ORIENTED_EDGE('',*,*,#1648,.F.);
#2461=CONICAL_SURFACE('',#2683,1.3,0.785398163397448);
#2462=CONICAL_SURFACE('',#2688,1.3,0.785398163397448);
#2463=CONICAL_SURFACE('',#2693,5.2,0.785398163397444);
#2464=CONICAL_SURFACE('',#2697,5.2,0.78539816339744);
#2465=CONICAL_SURFACE('',#2709,5.2,0.785398163397478);
#2466=CONICAL_SURFACE('',#2712,5.2,0.785398163397479);
#2467=CONICAL_SURFACE('',#2727,4.,0.785398163397459);
#2468=CONICAL_SURFACE('',#2730,0.7,0.785398163397448);
#2469=CONICAL_SURFACE('',#2734,0.7,0.785398163397448);
#2470=CONICAL_SURFACE('',#2738,0.3,0.785398163397447);
#2471=CONICAL_SURFACE('',#2742,0.299999999999999,0.78539816339745);
#2472=CONICAL_SURFACE('',#2746,0.7,0.785398163397448);
#2473=CONICAL_SURFACE('',#2750,0.7,0.785398163397448);
#2474=CONICAL_SURFACE('',#2753,4.,0.785398163397459);
#2475=CONICAL_SURFACE('',#2779,12.,0.785398163397448);
#2476=CONICAL_SURFACE('',#2791,19.8504913786259,0.785398163397444);
#2477=CONICAL_SURFACE('',#2810,19.7684317340323,0.139626340159546);
#2478=CONICAL_SURFACE('',#2814,19.7684317340323,0.139626340159546);
#2479=CONICAL_SURFACE('',#2818,19.7684317340323,0.139626340159546);
#2480=CONICAL_SURFACE('',#2822,19.7684317340323,0.139626340159546);
#2481=CONICAL_SURFACE('',#2826,19.7684317340323,0.139626340159546);
#2482=CONICAL_SURFACE('',#2830,19.7684317340323,0.139626340159546);
#2483=CONICAL_SURFACE('',#2834,19.7684317340323,0.139626340159546);
#2484=CONICAL_SURFACE('',#2838,19.7684317340323,0.139626340159546);
#2485=ADVANCED_FACE('',(#344),#2461,.F.);
#2486=ADVANCED_FACE('',(#345),#324,.F.);
#2487=ADVANCED_FACE('',(#346),#2462,.F.);
#2488=ADVANCED_FACE('',(#347),#325,.F.);
#2489=ADVANCED_FACE('',(#348),#2463,.F.);
#2490=ADVANCED_FACE('',(#349),#289,.T.);
#2491=ADVANCED_FACE('',(#350),#2464,.F.);
#2492=ADVANCED_FACE('',(#351),#290,.T.);
#2493=ADVANCED_FACE('',(#352),#291,.F.);
#2494=ADVANCED_FACE('',(#353),#326,.F.);
#2495=ADVANCED_FACE('',(#354,#282),#292,.F.);
#2496=ADVANCED_FACE('',(#355),#2465,.F.);
#2497=ADVANCED_FACE('',(#356),#293,.T.);
#2498=ADVANCED_FACE('',(#357),#2466,.F.);
#2499=ADVANCED_FACE('',(#358),#294,.T.);
#2500=ADVANCED_FACE('',(#359),#295,.F.);
#2501=ADVANCED_FACE('',(#360,#283),#296,.F.);
#2502=ADVANCED_FACE('',(#361),#297,.T.);
#2503=ADVANCED_FACE('',(#362),#2467,.T.);
#2504=ADVANCED_FACE('',(#363),#2468,.F.);
#2505=ADVANCED_FACE('',(#364),#298,.T.);
#2506=ADVANCED_FACE('',(#365),#2469,.F.);
#2507=ADVANCED_FACE('',(#366),#299,.T.);
#2508=ADVANCED_FACE('',(#367),#2470,.T.);
#2509=ADVANCED_FACE('',(#368),#300,.T.);
#2510=ADVANCED_FACE('',(#369),#2471,.T.);
#2511=ADVANCED_FACE('',(#370),#301,.T.);
#2512=ADVANCED_FACE('',(#371),#2472,.F.);
#2513=ADVANCED_FACE('',(#372),#302,.T.);
#2514=ADVANCED_FACE('',(#373),#2473,.F.);
#2515=ADVANCED_FACE('',(#374),#2474,.T.);
#2516=ADVANCED_FACE('',(#375),#303,.T.);
#2517=ADVANCED_FACE('',(#376),#327,.T.);
#2518=ADVANCED_FACE('',(#377),#304,.T.);
#2519=ADVANCED_FACE('',(#378),#328,.T.);
#2520=ADVANCED_FACE('',(#379),#305,.T.);
#2521=ADVANCED_FACE('',(#380),#329,.F.);
#2522=ADVANCED_FACE('',(#381),#306,.T.);
#2523=ADVANCED_FACE('',(#382),#330,.F.);
#2524=ADVANCED_FACE('',(#383),#331,.T.);
#2525=ADVANCED_FACE('',(#384),#307,.T.);
#2526=ADVANCED_FACE('',(#385),#332,.F.);
#2527=ADVANCED_FACE('',(#386),#308,.T.);
#2528=ADVANCED_FACE('',(#387),#333,.F.);
#2529=ADVANCED_FACE('',(#388),#309,.T.);
#2530=ADVANCED_FACE('',(#389,#284,#285),#310,.F.);
#2531=ADVANCED_FACE('',(#390),#2475,.F.);
#2532=ADVANCED_FACE('',(#391),#311,.T.);
#2533=ADVANCED_FACE('',(#392),#334,.T.);
#2534=ADVANCED_FACE('',(#393),#312,.F.);
#2535=ADVANCED_FACE('',(#394),#313,.F.);
#2536=ADVANCED_FACE('',(#395),#314,.T.);
#2537=ADVANCED_FACE('',(#396),#315,.T.);
#2538=ADVANCED_FACE('',(#397),#2476,.T.);
#2539=ADVANCED_FACE('',(#398),#335,.F.);
#2540=ADVANCED_FACE('',(#399),#2477,.T.);
#2541=ADVANCED_FACE('',(#400),#316,.F.);
#2542=ADVANCED_FACE('',(#401),#2478,.T.);
#2543=ADVANCED_FACE('',(#402),#317,.F.);
#2544=ADVANCED_FACE('',(#403),#2479,.T.);
#2545=ADVANCED_FACE('',(#404),#318,.F.);
#2546=ADVANCED_FACE('',(#405),#2480,.T.);
#2547=ADVANCED_FACE('',(#406),#319,.F.);
#2548=ADVANCED_FACE('',(#407),#2481,.T.);
#2549=ADVANCED_FACE('',(#408),#320,.F.);
#2550=ADVANCED_FACE('',(#409),#2482,.T.);
#2551=ADVANCED_FACE('',(#410),#321,.F.);
#2552=ADVANCED_FACE('',(#411),#2483,.T.);
#2553=ADVANCED_FACE('',(#412),#322,.F.);
#2554=ADVANCED_FACE('',(#413),#2484,.T.);
#2555=ADVANCED_FACE('',(#414),#323,.F.);
#2556=ADVANCED_FACE('',(#415),#98,.T.);
#2557=ADVANCED_FACE('',(#416),#26,.F.);
#2558=ADVANCED_FACE('',(#417),#27,.F.);
#2559=ADVANCED_FACE('',(#418),#28,.F.);
#2560=ADVANCED_FACE('',(#419),#29,.F.);
#2561=ADVANCED_FACE('',(#420),#30,.F.);
#2562=ADVANCED_FACE('',(#421),#31,.F.);
#2563=ADVANCED_FACE('',(#422),#336,.T.);
#2564=ADVANCED_FACE('',(#423),#32,.F.);
#2565=ADVANCED_FACE('',(#424),#99,.T.);
#2566=ADVANCED_FACE('',(#425),#33,.F.);
#2567=ADVANCED_FACE('',(#426),#34,.F.);
#2568=ADVANCED_FACE('',(#427),#35,.F.);
#2569=ADVANCED_FACE('',(#428),#36,.F.);
#2570=ADVANCED_FACE('',(#429),#37,.F.);
#2571=ADVANCED_FACE('',(#430),#337,.T.);
#2572=ADVANCED_FACE('',(#431),#38,.F.);
#2573=ADVANCED_FACE('',(#432),#100,.T.);
#2574=ADVANCED_FACE('',(#433),#39,.F.);
#2575=ADVANCED_FACE('',(#434),#40,.F.);
#2576=ADVANCED_FACE('',(#435),#41,.F.);
#2577=ADVANCED_FACE('',(#436),#42,.F.);
#2578=ADVANCED_FACE('',(#437),#43,.F.);
#2579=ADVANCED_FACE('',(#438),#338,.T.);
#2580=ADVANCED_FACE('',(#439),#44,.F.);
#2581=ADVANCED_FACE('',(#440),#101,.T.);
#2582=ADVANCED_FACE('',(#441),#45,.F.);
#2583=ADVANCED_FACE('',(#442),#46,.F.);
#2584=ADVANCED_FACE('',(#443),#47,.F.);
#2585=ADVANCED_FACE('',(#444),#48,.F.);
#2586=ADVANCED_FACE('',(#445),#49,.F.);
#2587=ADVANCED_FACE('',(#446),#339,.T.);
#2588=ADVANCED_FACE('',(#447),#50,.F.);
#2589=ADVANCED_FACE('',(#448),#102,.T.);
#2590=ADVANCED_FACE('',(#449),#51,.F.);
#2591=ADVANCED_FACE('',(#450),#52,.F.);
#2592=ADVANCED_FACE('',(#451),#53,.F.);
#2593=ADVANCED_FACE('',(#452),#54,.F.);
#2594=ADVANCED_FACE('',(#453),#55,.F.);
#2595=ADVANCED_FACE('',(#454),#340,.T.);
#2596=ADVANCED_FACE('',(#455),#56,.F.);
#2597=ADVANCED_FACE('',(#456),#103,.T.);
#2598=ADVANCED_FACE('',(#457),#57,.F.);
#2599=ADVANCED_FACE('',(#458),#58,.F.);
#2600=ADVANCED_FACE('',(#459),#59,.F.);
#2601=ADVANCED_FACE('',(#460),#60,.F.);
#2602=ADVANCED_FACE('',(#461),#61,.F.);
#2603=ADVANCED_FACE('',(#462),#341,.T.);
#2604=ADVANCED_FACE('',(#463),#62,.F.);
#2605=ADVANCED_FACE('',(#464),#104,.T.);
#2606=ADVANCED_FACE('',(#465),#63,.F.);
#2607=ADVANCED_FACE('',(#466),#64,.F.);
#2608=ADVANCED_FACE('',(#467),#65,.F.);
#2609=ADVANCED_FACE('',(#468),#66,.F.);
#2610=ADVANCED_FACE('',(#469),#67,.F.);
#2611=ADVANCED_FACE('',(#470),#342,.T.);
#2612=ADVANCED_FACE('',(#471),#68,.F.);
#2613=ADVANCED_FACE('',(#472),#105,.T.);
#2614=ADVANCED_FACE('',(#473),#69,.F.);
#2615=ADVANCED_FACE('',(#474),#70,.F.);
#2616=ADVANCED_FACE('',(#475),#71,.F.);
#2617=ADVANCED_FACE('',(#476),#72,.F.);
#2618=ADVANCED_FACE('',(#477),#73,.F.);
#2619=ADVANCED_FACE('',(#478),#343,.T.);
#2620=ADVANCED_FACE('',(#479),#74,.T.);
#2621=ADVANCED_FACE('',(#480),#75,.T.);
#2622=ADVANCED_FACE('',(#481),#76,.T.);
#2623=ADVANCED_FACE('',(#482),#77,.T.);
#2624=ADVANCED_FACE('',(#483),#78,.T.);
#2625=ADVANCED_FACE('',(#484),#79,.T.);
#2626=ADVANCED_FACE('',(#485),#80,.T.);
#2627=ADVANCED_FACE('',(#486),#81,.T.);
#2628=ADVANCED_FACE('',(#487),#82,.T.);
#2629=ADVANCED_FACE('',(#488),#83,.T.);
#2630=ADVANCED_FACE('',(#489),#84,.T.);
#2631=ADVANCED_FACE('',(#490),#85,.T.);
#2632=ADVANCED_FACE('',(#491),#86,.T.);
#2633=ADVANCED_FACE('',(#492),#87,.T.);
#2634=ADVANCED_FACE('',(#493),#88,.T.);
#2635=ADVANCED_FACE('',(#494),#89,.T.);
#2636=ADVANCED_FACE('',(#495),#90,.T.);
#2637=ADVANCED_FACE('',(#496),#91,.T.);
#2638=ADVANCED_FACE('',(#497),#92,.T.);
#2639=ADVANCED_FACE('',(#498),#93,.T.);
#2640=ADVANCED_FACE('',(#499),#94,.T.);
#2641=ADVANCED_FACE('',(#500),#95,.T.);
#2642=ADVANCED_FACE('',(#501),#96,.T.);
#2643=ADVANCED_FACE('',(#502),#97,.T.);
#2644=ADVANCED_FACE('',(#503),#18,.T.);
#2645=ADVANCED_FACE('',(#504),#106,.F.);
#2646=ADVANCED_FACE('',(#505),#107,.F.);
#2647=ADVANCED_FACE('',(#506),#19,.T.);
#2648=ADVANCED_FACE('',(#507),#20,.T.);
#2649=ADVANCED_FACE('',(#508),#108,.F.);
#2650=ADVANCED_FACE('',(#509),#21,.T.);
#2651=ADVANCED_FACE('',(#510),#109,.F.);
#2652=ADVANCED_FACE('',(#511),#22,.T.);
#2653=ADVANCED_FACE('',(#512),#110,.F.);
#2654=ADVANCED_FACE('',(#513),#23,.T.);
#2655=ADVANCED_FACE('',(#514),#111,.F.);
#2656=ADVANCED_FACE('',(#515),#24,.T.);
#2657=ADVANCED_FACE('',(#516),#112,.F.);
#2658=ADVANCED_FACE('',(#517),#25,.T.);
#2659=ADVANCED_FACE('',(#518),#113,.F.);
#2660=CLOSED_SHELL('',(#2485,#2486,#2487,#2488,#2489,#2490,#2491,#2492,
#2493,#2494,#2495,#2496,#2497,#2498,#2499,#2500,#2501,#2502,#2503,#2504,
#2505,#2506,#2507,#2508,#2509,#2510,#2511,#2512,#2513,#2514,#2515,#2516,
#2517,#2518,#2519,#2520,#2521,#2522,#2523,#2524,#2525,#2526,#2527,#2528,
#2529,#2530,#2531,#2532,#2533,#2534,#2535,#2536,#2537,#2538,#2539,#2540,
#2541,#2542,#2543,#2544,#2545,#2546,#2547,#2548,#2549,#2550,#2551,#2552,
#2553,#2554,#2555,#2556,#2557,#2558,#2559,#2560,#2561,#2562,#2563,#2564,
#2565,#2566,#2567,#2568,#2569,#2570,#2571,#2572,#2573,#2574,#2575,#2576,
#2577,#2578,#2579,#2580,#2581,#2582,#2583,#2584,#2585,#2586,#2587,#2588,
#2589,#2590,#2591,#2592,#2593,#2594,#2595,#2596,#2597,#2598,#2599,#2600,
#2601,#2602,#2603,#2604,#2605,#2606,#2607,#2608,#2609,#2610,#2611,#2612,
#2613,#2614,#2615,#2616,#2617,#2618,#2619,#2620,#2621,#2622,#2623,#2624,
#2625,#2626,#2627,#2628,#2629,#2630,#2631,#2632,#2633,#2634,#2635,#2636,
#2637,#2638,#2639,#2640,#2641,#2642,#2643,#2644,#2645,#2646,#2647,#2648,
#2649,#2650,#2651,#2652,#2653,#2654,#2655,#2656,#2657,#2658,#2659));
#2661=DERIVED_UNIT_ELEMENT(#2664,1.);
#2662=DERIVED_UNIT_ELEMENT(#6794,-3.);
#2663=DIMENSIONAL_EXPONENTS(0.,1.,0.,0.,0.,0.,0.);
#2664=(
CONVERSION_BASED_UNIT('gram',#2666)
MASS_UNIT()
NAMED_UNIT(#2663)
);
#2665=(
MASS_UNIT()
NAMED_UNIT(*)
SI_UNIT(.KILO.,.GRAM.)
);
#2666=MASS_MEASURE_WITH_UNIT(MASS_MEASURE(0.001),#2665);
#2667=DERIVED_UNIT((#2661,#2662));
#2668=MEASURE_REPRESENTATION_ITEM('density measure',
POSITIVE_RATIO_MEASURE(1.06),#2667);
#2669=PROPERTY_DEFINITION_REPRESENTATION(#2674,#2671);
#2670=PROPERTY_DEFINITION_REPRESENTATION(#2675,#2672);
#2671=REPRESENTATION('material name',(#2673),#6791);
#2672=REPRESENTATION('density',(#2668),#6791);
#2673=DESCRIPTIVE_REPRESENTATION_ITEM('PLA black','PLA black');
#2674=PROPERTY_DEFINITION('material property','material name',#6801);
#2675=PROPERTY_DEFINITION('material property','density of part',#6801);
#2676=DATE_TIME_ROLE('creation_date');
#2677=APPLIED_DATE_AND_TIME_ASSIGNMENT(#2678,#2676,(#6801));
#2678=DATE_AND_TIME(#2679,#2680);
#2679=CALENDAR_DATE(2025,13,3);
#2680=LOCAL_TIME(0,0,0.,#2681);
#2681=COORDINATED_UNIVERSAL_TIME_OFFSET(0,0,.BEHIND.);
#2682=AXIS2_PLACEMENT_3D('',#3549,#2946,#2947);
#2683=AXIS2_PLACEMENT_3D('',#3550,#2948,#2949);
#2684=AXIS2_PLACEMENT_3D('',#3552,#2950,#2951);
#2685=AXIS2_PLACEMENT_3D('',#3555,#2953,#2954);
#2686=AXIS2_PLACEMENT_3D('',#3556,#2955,#2956);
#2687=AXIS2_PLACEMENT_3D('',#3559,#2958,#2959);
#2688=AXIS2_PLACEMENT_3D('',#3560,#2960,#2961);
#2689=AXIS2_PLACEMENT_3D('',#3562,#2962,#2963);
#2690=AXIS2_PLACEMENT_3D('',#3565,#2965,#2966);
#2691=AXIS2_PLACEMENT_3D('',#3566,#2967,#2968);
#2692=AXIS2_PLACEMENT_3D('',#3569,#2970,#2971);
#2693=AXIS2_PLACEMENT_3D('',#3570,#2972,#2973);
#2694=AXIS2_PLACEMENT_3D('',#3575,#2975,#2976);
#2695=AXIS2_PLACEMENT_3D('',#3578,#2978,#2979);
#2696=AXIS2_PLACEMENT_3D('',#3579,#2980,#2981);
#2697=AXIS2_PLACEMENT_3D('',#3585,#2985,#2986);
#2698=AXIS2_PLACEMENT_3D('',#3589,#2988,#2989);
#2699=AXIS2_PLACEMENT_3D('',#3590,#2990,#2991);
#2700=AXIS2_PLACEMENT_3D('',#3591,#2992,#2993);
#2701=AXIS2_PLACEMENT_3D('',#3594,#2996,#2997);
#2702=AXIS2_PLACEMENT_3D('',#3600,#3001,#3002);
#2703=AXIS2_PLACEMENT_3D('',#3603,#3004,#3005);
#2704=AXIS2_PLACEMENT_3D('',#3604,#3006,#3007);
#2705=AXIS2_PLACEMENT_3D('',#3609,#3009,#3010);
#2706=AXIS2_PLACEMENT_3D('',#3611,#3011,#3012);
#2707=AXIS2_PLACEMENT_3D('',#3613,#3013,#3014);
#2708=AXIS2_PLACEMENT_3D('',#3615,#3015,#3016);
#2709=AXIS2_PLACEMENT_3D('',#3621,#3018,#3019);
#2710=AXIS2_PLACEMENT_3D('',#3625,#3021,#3022);
#2711=AXIS2_PLACEMENT_3D('',#3627,#3024,#3025);
#2712=AXIS2_PLACEMENT_3D('',#3633,#3029,#3030);
#2713=AXIS2_PLACEMENT_3D('',#3636,#3032,#3033);
#2714=AXIS2_PLACEMENT_3D('',#3637,#3034,#3035);
#2715=AXIS2_PLACEMENT_3D('',#3638,#3036,#3037);
#2716=AXIS2_PLACEMENT_3D('',#3640,#3039,#3040);
#2717=AXIS2_PLACEMENT_3D('',#3642,#3042,#3043);
#2718=AXIS2_PLACEMENT_3D('',#3651,#3044,#3045);
#2719=AXIS2_PLACEMENT_3D('',#3673,#3046,#3047);
#2720=AXIS2_PLACEMENT_3D('',#3695,#3048,#3049);
#2721=AXIS2_PLACEMENT_3D('',#3717,#3050,#3051);
#2722=AXIS2_PLACEMENT_3D('',#3739,#3052,#3053);
#2723=AXIS2_PLACEMENT_3D('',#3761,#3054,#3055);
#2724=AXIS2_PLACEMENT_3D('',#3783,#3056,#3057);
#2725=AXIS2_PLACEMENT_3D('',#3805,#3058,#3059);
#2726=AXIS2_PLACEMENT_3D('',#3819,#3060,#3061);
#2727=AXIS2_PLACEMENT_3D('',#3830,#3065,#3066);
#2728=AXIS2_PLACEMENT_3D('',#3834,#3068,#3069);
#2729=AXIS2_PLACEMENT_3D('',#3835,#3070,#3071);
#2730=AXIS2_PLACEMENT_3D('',#3836,#3072,#3073);
#2731=AXIS2_PLACEMENT_3D('',#3838,#3074,#3075);
#2732=AXIS2_PLACEMENT_3D('',#3841,#3077,#3078);
#2733=AXIS2_PLACEMENT_3D('',#3842,#3079,#3080);
#2734=AXIS2_PLACEMENT_3D('',#3848,#3084,#3085);
#2735=AXIS2_PLACEMENT_3D('',#3850,#3086,#3087);
#2736=AXIS2_PLACEMENT_3D('',#3853,#3089,#3090);
#2737=AXIS2_PLACEMENT_3D('',#3854,#3091,#3092);
#2738=AXIS2_PLACEMENT_3D('',#3860,#3096,#3097);
#2739=AXIS2_PLACEMENT_3D('',#3862,#3098,#3099);
#2740=AXIS2_PLACEMENT_3D('',#3865,#3101,#3102);
#2741=AXIS2_PLACEMENT_3D('',#3866,#3103,#3104);
#2742=AXIS2_PLACEMENT_3D('',#3872,#3108,#3109);
#2743=AXIS2_PLACEMENT_3D('',#3874,#3110,#3111);
#2744=AXIS2_PLACEMENT_3D('',#3877,#3113,#3114);
#2745=AXIS2_PLACEMENT_3D('',#3878,#3115,#3116);
#2746=AXIS2_PLACEMENT_3D('',#3884,#3120,#3121);
#2747=AXIS2_PLACEMENT_3D('',#3886,#3122,#3123);
#2748=AXIS2_PLACEMENT_3D('',#3889,#3125,#3126);
#2749=AXIS2_PLACEMENT_3D('',#3890,#3127,#3128);
#2750=AXIS2_PLACEMENT_3D('',#3896,#3132,#3133);
#2751=AXIS2_PLACEMENT_3D('',#3898,#3134,#3135);
#2752=AXIS2_PLACEMENT_3D('',#3901,#3137,#3138);
#2753=AXIS2_PLACEMENT_3D('',#3902,#3139,#3140);
#2754=AXIS2_PLACEMENT_3D('',#3906,#3142,#3143);
#2755=AXIS2_PLACEMENT_3D('',#3907,#3144,#3145);
#2756=AXIS2_PLACEMENT_3D('',#3908,#3146,#3147);
#2757=AXIS2_PLACEMENT_3D('',#3915,#3150,#3151);
#2758=AXIS2_PLACEMENT_3D('',#3919,#3153,#3154);
#2759=AXIS2_PLACEMENT_3D('',#3921,#3156,#3157);
#2760=AXIS2_PLACEMENT_3D('',#3925,#3160,#3161);
#2761=AXIS2_PLACEMENT_3D('',#3928,#3163,#3164);
#2762=AXIS2_PLACEMENT_3D('',#3929,#3165,#3166);
#2763=AXIS2_PLACEMENT_3D('',#3933,#3169,#3170);
#2764=AXIS2_PLACEMENT_3D('',#3936,#3172,#3173);
#2765=AXIS2_PLACEMENT_3D('',#3937,#3174,#3175);
#2766=AXIS2_PLACEMENT_3D('',#3941,#3178,#3179);
#2767=AXIS2_PLACEMENT_3D('',#3944,#3181,#3182);
#2768=AXIS2_PLACEMENT_3D('',#3945,#3183,#3184);
#2769=AXIS2_PLACEMENT_3D('',#3947,#3186,#3187);
#2770=AXIS2_PLACEMENT_3D('',#3948,#3188,#3189);
#2771=AXIS2_PLACEMENT_3D('',#3949,#3190,#3191);
#2772=AXIS2_PLACEMENT_3D('',#3950,#3192,#3193);
#2773=AXIS2_PLACEMENT_3D('',#3954,#3195,#3196);
#2774=AXIS2_PLACEMENT_3D('',#3956,#3198,#3199);
#2775=AXIS2_PLACEMENT_3D('',#3958,#3201,#3202);
#2776=AXIS2_PLACEMENT_3D('',#3962,#3204,#3205);
#2777=AXIS2_PLACEMENT_3D('',#3964,#3207,#3208);
#2778=AXIS2_PLACEMENT_3D('',#3966,#3210,#3211);
#2779=AXIS2_PLACEMENT_3D('',#3967,#3212,#3213);
#2780=AXIS2_PLACEMENT_3D('',#3969,#3214,#3215);
#2781=AXIS2_PLACEMENT_3D('',#3972,#3217,#3218);
#2782=AXIS2_PLACEMENT_3D('',#3973,#3219,#3220);
#2783=AXIS2_PLACEMENT_3D('',#3974,#3221,#3222);
#2784=AXIS2_PLACEMENT_3D('',#3976,#3224,#3225);
#2785=AXIS2_PLACEMENT_3D('',#3977,#3226,#3227);
#2786=AXIS2_PLACEMENT_3D('',#3978,#3228,#3229);
#2787=AXIS2_PLACEMENT_3D('',#3979,#3230,#3231);
#2788=AXIS2_PLACEMENT_3D('',#3980,#3232,#3233);
#2789=AXIS2_PLACEMENT_3D('',#3981,#3234,#3235);
#2790=AXIS2_PLACEMENT_3D('',#3982,#3236,#3237);
#2791=AXIS2_PLACEMENT_3D('',#3983,#3238,#3239);
#2792=AXIS2_PLACEMENT_3D('',#3986,#3240,#3241);
#2793=AXIS2_PLACEMENT_3D('',#3989,#3243,#3244);
#2794=AXIS2_PLACEMENT_3D('',#3991,#3245,#3246);
#2795=AXIS2_PLACEMENT_3D('',#3993,#3247,#3248);
#2796=AXIS2_PLACEMENT_3D('',#3995,#3249,#3250);
#2797=AXIS2_PLACEMENT_3D('',#3997,#3251,#3252);
#2798=AXIS2_PLACEMENT_3D('',#3999,#3253,#3254);
#2799=AXIS2_PLACEMENT_3D('',#4001,#3255,#3256);
#2800=AXIS2_PLACEMENT_3D('',#4003,#3257,#3258);
#2801=AXIS2_PLACEMENT_3D('',#4005,#3259,#3260);
#2802=AXIS2_PLACEMENT_3D('',#4007,#3261,#3262);
#2803=AXIS2_PLACEMENT_3D('',#4009,#3263,#3264);
#2804=AXIS2_PLACEMENT_3D('',#4011,#3265,#3266);
#2805=AXIS2_PLACEMENT_3D('',#4013,#3267,#3268);
#2806=AXIS2_PLACEMENT_3D('',#4015,#3269,#3270);
#2807=AXIS2_PLACEMENT_3D('',#4017,#3271,#3272);
#2808=AXIS2_PLACEMENT_3D('',#4018,#3273,#3274);
#2809=AXIS2_PLACEMENT_3D('',#4019,#3275,#3276);
#2810=AXIS2_PLACEMENT_3D('',#4020,#3277,#3278);
#2811=AXIS2_PLACEMENT_3D('',#4023,#3279,#3280);
#2812=AXIS2_PLACEMENT_3D('',#4052,#3281,#3282);
#2813=AXIS2_PLACEMENT_3D('',#4074,#3283,#3284);
#2814=AXIS2_PLACEMENT_3D('',#4094,#3285,#3286);
#2815=AXIS2_PLACEMENT_3D('',#4097,#3287,#3288);
#2816=AXIS2_PLACEMENT_3D('',#4126,#3289,#3290);
#2817=AXIS2_PLACEMENT_3D('',#4148,#3291,#3292);
#2818=AXIS2_PLACEMENT_3D('',#4168,#3293,#3294);
#2819=AXIS2_PLACEMENT_3D('',#4171,#3295,#3296);
#2820=AXIS2_PLACEMENT_3D('',#4200,#3297,#3298);
#2821=AXIS2_PLACEMENT_3D('',#4222,#3299,#3300);
#2822=AXIS2_PLACEMENT_3D('',#4242,#3301,#3302);
#2823=AXIS2_PLACEMENT_3D('',#4245,#3303,#3304);
#2824=AXIS2_PLACEMENT_3D('',#4274,#3305,#3306);
#2825=AXIS2_PLACEMENT_3D('',#4296,#3307,#3308);
#2826=AXIS2_PLACEMENT_3D('',#4316,#3309,#3310);
#2827=AXIS2_PLACEMENT_3D('',#4319,#3311,#3312);
#2828=AXIS2_PLACEMENT_3D('',#4348,#3313,#3314);
#2829=AXIS2_PLACEMENT_3D('',#4370,#3315,#3316);
#2830=AXIS2_PLACEMENT_3D('',#4390,#3317,#3318);
#2831=AXIS2_PLACEMENT_3D('',#4393,#3319,#3320);
#2832=AXIS2_PLACEMENT_3D('',#4422,#3321,#3322);
#2833=AXIS2_PLACEMENT_3D('',#4444,#3323,#3324);
#2834=AXIS2_PLACEMENT_3D('',#4464,#3325,#3326);
#2835=AXIS2_PLACEMENT_3D('',#4467,#3327,#3328);
#2836=AXIS2_PLACEMENT_3D('',#4496,#3329,#3330);
#2837=AXIS2_PLACEMENT_3D('',#4518,#3331,#3332);
#2838=AXIS2_PLACEMENT_3D('',#4538,#3333,#3334);
#2839=AXIS2_PLACEMENT_3D('',#4541,#3335,#3336);
#2840=AXIS2_PLACEMENT_3D('',#4570,#3337,#3338);
#2841=AXIS2_PLACEMENT_3D('',#4592,#3339,#3340);
#2842=AXIS2_PLACEMENT_3D('',#4612,#3341,#3342);
#2843=AXIS2_PLACEMENT_3D('',#4613,#3343,#3344);
#2844=AXIS2_PLACEMENT_3D('',#4614,#3345,#3346);
#2845=AXIS2_PLACEMENT_3D('',#4646,#3347,#3348);
#2846=AXIS2_PLACEMENT_3D('',#4672,#3349,#3350);
#2847=AXIS2_PLACEMENT_3D('',#4714,#3351,#3352);
#2848=AXIS2_PLACEMENT_3D('',#4740,#3353,#3354);
#2849=AXIS2_PLACEMENT_3D('',#4771,#3355,#3356);
#2850=AXIS2_PLACEMENT_3D('',#4773,#3357,#3358);
#2851=AXIS2_PLACEMENT_3D('',#4794,#3359,#3360);
#2852=AXIS2_PLACEMENT_3D('',#4795,#3361,#3362);
#2853=AXIS2_PLACEMENT_3D('',#4796,#3363,#3364);
#2854=AXIS2_PLACEMENT_3D('',#4797,#3365,#3366);
#2855=AXIS2_PLACEMENT_3D('',#4829,#3367,#3368);
#2856=AXIS2_PLACEMENT_3D('',#4855,#3369,#3370);
#2857=AXIS2_PLACEMENT_3D('',#4901,#3371,#3372);
#2858=AXIS2_PLACEMENT_3D('',#4932,#3373,#3374);
#2859=AXIS2_PLACEMENT_3D('',#4934,#3375,#3376);
#2860=AXIS2_PLACEMENT_3D('',#4955,#3377,#3378);
#2861=AXIS2_PLACEMENT_3D('',#4956,#3379,#3380);
#2862=AXIS2_PLACEMENT_3D('',#4957,#3381,#3382);
#2863=AXIS2_PLACEMENT_3D('',#4958,#3383,#3384);
#2864=AXIS2_PLACEMENT_3D('',#4990,#3385,#3386);
#2865=AXIS2_PLACEMENT_3D('',#5016,#3387,#3388);
#2866=AXIS2_PLACEMENT_3D('',#5062,#3389,#3390);
#2867=AXIS2_PLACEMENT_3D('',#5093,#3391,#3392);
#2868=AXIS2_PLACEMENT_3D('',#5095,#3393,#3394);
#2869=AXIS2_PLACEMENT_3D('',#5116,#3395,#3396);
#2870=AXIS2_PLACEMENT_3D('',#5117,#3397,#3398);
#2871=AXIS2_PLACEMENT_3D('',#5118,#3399,#3400);
#2872=AXIS2_PLACEMENT_3D('',#5119,#3401,#3402);
#2873=AXIS2_PLACEMENT_3D('',#5151,#3403,#3404);
#2874=AXIS2_PLACEMENT_3D('',#5177,#3405,#3406);
#2875=AXIS2_PLACEMENT_3D('',#5223,#3407,#3408);
#2876=AXIS2_PLACEMENT_3D('',#5254,#3409,#3410);
#2877=AXIS2_PLACEMENT_3D('',#5256,#3411,#3412);
#2878=AXIS2_PLACEMENT_3D('',#5277,#3413,#3414);
#2879=AXIS2_PLACEMENT_3D('',#5278,#3415,#3416);
#2880=AXIS2_PLACEMENT_3D('',#5279,#3417,#3418);
#2881=AXIS2_PLACEMENT_3D('',#5280,#3419,#3420);
#2882=AXIS2_PLACEMENT_3D('',#5312,#3421,#3422);
#2883=AXIS2_PLACEMENT_3D('',#5338,#3423,#3424);
#2884=AXIS2_PLACEMENT_3D('',#5384,#3425,#3426);
#2885=AXIS2_PLACEMENT_3D('',#5415,#3427,#3428);
#2886=AXIS2_PLACEMENT_3D('',#5417,#3429,#3430);
#2887=AXIS2_PLACEMENT_3D('',#5438,#3431,#3432);
#2888=AXIS2_PLACEMENT_3D('',#5439,#3433,#3434);
#2889=AXIS2_PLACEMENT_3D('',#5440,#3435,#3436);
#2890=AXIS2_PLACEMENT_3D('',#5441,#3437,#3438);
#2891=AXIS2_PLACEMENT_3D('',#5473,#3439,#3440);
#2892=AXIS2_PLACEMENT_3D('',#5499,#3441,#3442);
#2893=AXIS2_PLACEMENT_3D('',#5545,#3443,#3444);
#2894=AXIS2_PLACEMENT_3D('',#5576,#3445,#3446);
#2895=AXIS2_PLACEMENT_3D('',#5578,#3447,#3448);
#2896=AXIS2_PLACEMENT_3D('',#5599,#3449,#3450);
#2897=AXIS2_PLACEMENT_3D('',#5600,#3451,#3452);
#2898=AXIS2_PLACEMENT_3D('',#5601,#3453,#3454);
#2899=AXIS2_PLACEMENT_3D('',#5602,#3455,#3456);
#2900=AXIS2_PLACEMENT_3D('',#5634,#3457,#3458);
#2901=AXIS2_PLACEMENT_3D('',#5660,#3459,#3460);
#2902=AXIS2_PLACEMENT_3D('',#5706,#3461,#3462);
#2903=AXIS2_PLACEMENT_3D('',#5737,#3463,#3464);
#2904=AXIS2_PLACEMENT_3D('',#5739,#3465,#3466);
#2905=AXIS2_PLACEMENT_3D('',#5760,#3467,#3468);
#2906=AXIS2_PLACEMENT_3D('',#5761,#3469,#3470);
#2907=AXIS2_PLACEMENT_3D('',#5762,#3471,#3472);
#2908=AXIS2_PLACEMENT_3D('',#5763,#3473,#3474);
#2909=AXIS2_PLACEMENT_3D('',#5795,#3475,#3476);
#2910=AXIS2_PLACEMENT_3D('',#5821,#3477,#3478);
#2911=AXIS2_PLACEMENT_3D('',#5867,#3479,#3480);
#2912=AXIS2_PLACEMENT_3D('',#5898,#3481,#3482);
#2913=AXIS2_PLACEMENT_3D('',#5899,#3483,#3484);
#2914=AXIS2_PLACEMENT_3D('',#5925,#3485,#3486);
#2915=AXIS2_PLACEMENT_3D('',#5951,#3487,#3488);
#2916=AXIS2_PLACEMENT_3D('',#5987,#3489,#3490);
#2917=AXIS2_PLACEMENT_3D('',#6045,#3491,#3492);
#2918=AXIS2_PLACEMENT_3D('',#6081,#3493,#3494);
#2919=AXIS2_PLACEMENT_3D('',#6139,#3495,#3496);
#2920=AXIS2_PLACEMENT_3D('',#6175,#3497,#3498);
#2921=AXIS2_PLACEMENT_3D('',#6233,#3499,#3500);
#2922=AXIS2_PLACEMENT_3D('',#6269,#3501,#3502);
#2923=AXIS2_PLACEMENT_3D('',#6327,#3503,#3504);
#2924=AXIS2_PLACEMENT_3D('',#6363,#3505,#3506);
#2925=AXIS2_PLACEMENT_3D('',#6421,#3507,#3508);
#2926=AXIS2_PLACEMENT_3D('',#6457,#3509,#3510);
#2927=AXIS2_PLACEMENT_3D('',#6515,#3511,#3512);
#2928=AXIS2_PLACEMENT_3D('',#6551,#3513,#3514);
#2929=AXIS2_PLACEMENT_3D('',#6609,#3515,#3516);
#2930=AXIS2_PLACEMENT_3D('',#6667,#3517,#3518);
#2931=AXIS2_PLACEMENT_3D('',#6668,#3519,#3520);
#2932=AXIS2_PLACEMENT_3D('',#6669,#3521,#3522);
#2933=AXIS2_PLACEMENT_3D('',#6670,#3523,#3524);
#2934=AXIS2_PLACEMENT_3D('',#6701,#3525,#3526);
#2935=AXIS2_PLACEMENT_3D('',#6702,#3527,#3528);
#2936=AXIS2_PLACEMENT_3D('',#6718,#3529,#3530);
#2937=AXIS2_PLACEMENT_3D('',#6719,#3531,#3532);
#2938=AXIS2_PLACEMENT_3D('',#6735,#3533,#3534);
#2939=AXIS2_PLACEMENT_3D('',#6736,#3535,#3536);
#2940=AXIS2_PLACEMENT_3D('',#6752,#3537,#3538);
#2941=AXIS2_PLACEMENT_3D('',#6753,#3539,#3540);
#2942=AXIS2_PLACEMENT_3D('',#6769,#3541,#3542);
#2943=AXIS2_PLACEMENT_3D('',#6770,#3543,#3544);
#2944=AXIS2_PLACEMENT_3D('',#6786,#3545,#3546);
#2945=AXIS2_PLACEMENT_3D('',#6787,#3547,#3548);
#2946=DIRECTION('axis',(0.,0.,1.));
#2947=DIRECTION('refdir',(1.,0.,0.));
#2948=DIRECTION('center_axis',(0.,0.,1.));
#2949=DIRECTION('ref_axis',(1.,2.08166817117217E-16,0.));
#2950=DIRECTION('center_axis',(0.,0.,-1.));
#2951=DIRECTION('ref_axis',(1.,2.08166817117217E-16,0.));
#2952=DIRECTION('',(0.707106781186547,2.33791773625153E-16,-0.707106781186548));
#2953=DIRECTION('center_axis',(0.,0.,1.));
#2954=DIRECTION('ref_axis',(1.,2.08166817117217E-16,0.));
#2955=DIRECTION('center_axis',(0.,0.,1.));
#2956=DIRECTION('ref_axis',(1.,2.08166817117217E-16,0.));
#2957=DIRECTION('',(0.,0.,-1.));
#2958=DIRECTION('center_axis',(0.,0.,-1.));
#2959=DIRECTION('ref_axis',(1.,2.08166817117217E-16,0.));
#2960=DIRECTION('center_axis',(0.,0.,1.));
#2961=DIRECTION('ref_axis',(1.,2.08166817117217E-16,0.));
#2962=DIRECTION('center_axis',(0.,0.,-1.));
#2963=DIRECTION('ref_axis',(1.,2.08166817117217E-16,0.));
#2964=DIRECTION('',(0.707106781186547,2.33791773625153E-16,-0.707106781186548));
#2965=DIRECTION('center_axis',(0.,0.,1.));
#2966=DIRECTION('ref_axis',(1.,2.08166817117217E-16,0.));
#2967=DIRECTION('center_axis',(0.,0.,1.));
#2968=DIRECTION('ref_axis',(1.,2.08166817117217E-16,0.));
#2969=DIRECTION('',(0.,0.,-1.));
#2970=DIRECTION('center_axis',(0.,0.,-1.));
#2971=DIRECTION('ref_axis',(1.,2.08166817117217E-16,0.));
#2972=DIRECTION('center_axis',(0.,0.,1.));
#2973=DIRECTION('ref_axis',(1.,-7.21644966006352E-16,2.34988500244368E-16));
#2974=DIRECTION('',(0.707106781186542,1.9626155733547E-15,0.707106781186553));
#2975=DIRECTION('center_axis',(-4.5257044491508E-16,-1.87460816213052E-16,
1.));
#2976=DIRECTION('ref_axis',(1.,-7.21644966006352E-16,4.5257044491508E-16));
#2977=DIRECTION('',(0.707106781186543,-4.90653893338674E-16,-0.707106781186552));
#2978=DIRECTION('center_axis',(4.5257044491508E-16,1.87460816213052E-16,
-1.));
#2979=DIRECTION('ref_axis',(1.,-7.21644966006352E-16,0.));
#2980=DIRECTION('center_axis',(-0.70710678118655,-5.25077929021958E-16,
0.707106781186546));
#2981=DIRECTION('ref_axis',(0.707106781186545,0.,0.707106781186549));
#2982=DIRECTION('',(0.707106781186545,4.90653893338681E-16,0.70710678118655));
#2983=DIRECTION('',(-5.55111512312578E-16,1.,1.87460816213052E-16));
#2984=DIRECTION('',(5.55111512312578E-16,-1.,-1.87460816213052E-16));
#2985=DIRECTION('center_axis',(0.,0.,1.));
#2986=DIRECTION('ref_axis',(-1.,1.11022302462516E-16,-2.34988500244368E-16));
#2987=DIRECTION('',(-0.707106781186543,-2.45326946669339E-15,0.707106781186552));
#2988=DIRECTION('center_axis',(-4.5257044491508E-16,-1.87460816213052E-16,
1.));
#2989=DIRECTION('ref_axis',(-1.,1.11022302462516E-16,-4.5257044491508E-16));
#2990=DIRECTION('center_axis',(4.5257044491508E-16,1.87460816213052E-16,
-1.));
#2991=DIRECTION('ref_axis',(-1.,1.11022302462516E-16,0.));
#2992=DIRECTION('center_axis',(0.707106781186546,-3.28816371686486E-16,
0.707106781186549));
#2993=DIRECTION('ref_axis',(0.707106781186549,0.,-0.707106781186546));
#2994=DIRECTION('',(-2.77555756156289E-16,-1.,-1.87460816213052E-16));
#2995=DIRECTION('',(2.77555756156289E-16,1.,1.87460816213052E-16));
#2996=DIRECTION('center_axis',(1.,5.55111512312578E-16,0.));
#2997=DIRECTION('ref_axis',(-5.55111512312578E-16,1.,0.));
#2998=DIRECTION('',(0.,0.,1.));
#2999=DIRECTION('',(-5.55111512312578E-16,1.,1.87460816213052E-16));
#3000=DIRECTION('',(0.,0.,-1.));
#3001=DIRECTION('center_axis',(0.,0.,1.));
#3002=DIRECTION('ref_axis',(1.,-7.21644966006352E-16,0.));
#3003=DIRECTION('',(0.,0.,1.));
#3004=DIRECTION('center_axis',(-4.5257044491508E-16,-1.87460816213052E-16,
1.));
#3005=DIRECTION('ref_axis',(1.,-7.21644966006352E-16,0.));
#3006=DIRECTION('center_axis',(4.5257044491508E-16,1.87460816213052E-16,
-1.));
#3007=DIRECTION('ref_axis',(-1.,0.,-4.5257044491508E-16));
#3008=DIRECTION('',(6.09105851678129E-16,-1.,-1.87460816213052E-16));
#3009=DIRECTION('center_axis',(4.5257044491508E-16,1.87460816213052E-16,
-1.));
#3010=DIRECTION('ref_axis',(1.,0.,0.));
#3011=DIRECTION('center_axis',(4.5257044491508E-16,1.87460816213052E-16,
-1.));
#3012=DIRECTION('ref_axis',(-0.70710678118655,0.707106781186545,-1.87460816213054E-16));
#3013=DIRECTION('center_axis',(4.5257044491508E-16,1.87460816213052E-16,
-1.));
#3014=DIRECTION('ref_axis',(-0.70710678118655,0.707106781186545,-1.87460816213054E-16));
#3015=DIRECTION('center_axis',(4.5257044491508E-16,1.87460816213052E-16,
-1.));
#3016=DIRECTION('ref_axis',(1.,0.,0.));
#3017=DIRECTION('',(6.09105851678129E-16,-1.,-1.87460816213052E-16));
#3018=DIRECTION('center_axis',(0.,0.,-1.));
#3019=DIRECTION('ref_axis',(1.,-7.21644966006352E-16,2.34988500244368E-16));
#3020=DIRECTION('',(-0.707106781186571,2.94392336003217E-15,-0.707106781186524));
#3021=DIRECTION('center_axis',(4.5257044491508E-16,1.87460816213052E-16,
-1.));
#3022=DIRECTION('ref_axis',(1.,-7.21644966006352E-16,4.5257044491508E-16));
#3023=DIRECTION('',(-0.707106781186569,4.90653893338697E-16,0.707106781186526));
#3024=DIRECTION('center_axis',(0.707106781186548,-6.37067429844577E-17,
-0.707106781186547));
#3025=DIRECTION('ref_axis',(-0.707106781186547,0.,-0.707106781186548));
#3026=DIRECTION('',(-0.707106781186547,0.,-0.707106781186548));
#3027=DIRECTION('',(2.77555756156289E-16,1.,1.87460816213052E-16));
#3028=DIRECTION('',(-2.77555756156289E-16,-1.,-1.87460816213052E-16));
#3029=DIRECTION('center_axis',(0.,0.,-1.));
#3030=DIRECTION('ref_axis',(-1.,1.11022302462516E-16,-2.34988500244368E-16));
#3031=DIRECTION('',(0.707106781186565,4.90653893338694E-16,-0.70710678118653));
#3032=DIRECTION('center_axis',(4.5257044491508E-16,1.87460816213052E-16,
-1.));
#3033=DIRECTION('ref_axis',(-1.,1.11022302462516E-16,-4.5257044491508E-16));
#3034=DIRECTION('center_axis',(-4.5257044491508E-16,-1.87460816213052E-16,
1.));
#3035=DIRECTION('ref_axis',(-1.,1.11022302462516E-16,0.));
#3036=DIRECTION('center_axis',(-0.707106781186544,-2.59968300319927E-16,
-0.707106781186551));
#3037=DIRECTION('ref_axis',(-0.707106781186551,0.,0.707106781186544));
#3038=DIRECTION('',(5.55111512312578E-16,-1.,-1.87460816213052E-16));
#3039=DIRECTION('center_axis',(-1.,2.77555756156289E-16,0.));
#3040=DIRECTION('ref_axis',(-2.77555756156289E-16,-1.,0.));
#3041=DIRECTION('',(0.,0.,1.));
#3042=DIRECTION('center_axis',(-4.5257044491508E-16,-1.87460816213052E-16,
1.));
#3043=DIRECTION('ref_axis',(1.,0.,4.5257044491508E-16));
#3044=DIRECTION('center_axis',(4.5257044491508E-16,1.87460816213052E-16,
-1.));
#3045=DIRECTION('ref_axis',(0.707106781186547,-0.707106781186548,1.87460816213052E-16));
#3046=DIRECTION('center_axis',(4.5257044491508E-16,1.87460816213052E-16,
-1.));
#3047=DIRECTION('ref_axis',(-3.48705329300598E-16,-1.,-1.87460816213052E-16));
#3048=DIRECTION('center_axis',(4.5257044491508E-16,1.87460816213052E-16,
-1.));
#3049=DIRECTION('ref_axis',(-0.707106781186548,-0.707106781186547,-4.5257044491508E-16));
#3050=DIRECTION('center_axis',(4.5257044491508E-16,1.87460816213052E-16,
-1.));
#3051=DIRECTION('ref_axis',(-1.,1.44453224696238E-16,-4.5257044491508E-16));
#3052=DIRECTION('center_axis',(4.5257044491508E-16,1.87460816213052E-16,
-1.));
#3053=DIRECTION('ref_axis',(-0.707106781186547,0.707106781186548,-1.87460816213052E-16));
#3054=DIRECTION('center_axis',(4.5257044491508E-16,1.87460816213052E-16,
-1.));
#3055=DIRECTION('ref_axis',(1.64012190704805E-16,1.,1.87460816213052E-16));
#3056=DIRECTION('center_axis',(4.5257044491508E-16,1.87460816213052E-16,
-1.));
#3057=DIRECTION('ref_axis',(0.707106781186548,0.707106781186547,4.5257044491508E-16));
#3058=DIRECTION('center_axis',(4.5257044491508E-16,1.87460816213052E-16,
-1.));
#3059=DIRECTION('ref_axis',(1.,-4.25232908643099E-16,4.5257044491508E-16));
#3060=DIRECTION('center_axis',(0.707106781186542,4.30702878182009E-16,0.707106781186553));
#3061=DIRECTION('ref_axis',(0.707106781186553,0.,-0.707106781186542));
#3062=DIRECTION('',(-6.09105851678129E-16,1.,0.));
#3063=DIRECTION('',(-0.707106781186551,0.,0.707106781186544));
#3064=DIRECTION('',(6.09105851678129E-16,-1.,0.));
#3065=DIRECTION('center_axis',(0.,0.,-1.));
#3066=DIRECTION('ref_axis',(-1.,0.,0.));
#3067=DIRECTION('',(0.346030978027464,0.61665432962509,0.707106781186539));
#3068=DIRECTION('center_axis',(0.,0.,-1.));
#3069=DIRECTION('ref_axis',(-1.,0.,0.));
#3070=DIRECTION('center_axis',(0.,0.,1.));
#3071=DIRECTION('ref_axis',(-1.,0.,0.));
#3072=DIRECTION('center_axis',(0.,0.,1.));
#3073=DIRECTION('ref_axis',(0.862948927262691,0.505291152639912,0.));
#3074=DIRECTION('center_axis',(0.,0.,-1.));
#3075=DIRECTION('ref_axis',(0.862948927262691,0.505291152639912,0.));
#3076=DIRECTION('',(0.707106781186547,0.,0.707106781186548));
#3077=DIRECTION('center_axis',(0.,0.,1.));
#3078=DIRECTION('ref_axis',(0.862948927262691,0.505291152639912,0.));
#3079=DIRECTION('center_axis',(-0.707106781186537,-4.30702878182006E-16,
0.707106781186558));
#3080=DIRECTION('ref_axis',(0.707106781186558,0.,0.707106781186537));
#3081=DIRECTION('',(0.707106781186558,0.,0.707106781186537));
#3082=DIRECTION('',(-6.09105851678129E-16,1.,0.));
#3083=DIRECTION('',(6.09105851678129E-16,-1.,0.));
#3084=DIRECTION('center_axis',(0.,0.,1.));
#3085=DIRECTION('ref_axis',(0.707106781186548,-0.707106781186547,0.));
#3086=DIRECTION('center_axis',(0.,0.,-1.));
#3087=DIRECTION('ref_axis',(0.707106781186548,-0.707106781186547,0.));
#3088=DIRECTION('',(0.,-0.707106781186548,0.707106781186548));
#3089=DIRECTION('center_axis',(0.,0.,1.));
#3090=DIRECTION('ref_axis',(0.707106781186548,-0.707106781186547,0.));
#3091=DIRECTION('center_axis',(-4.18193033759309E-16,0.707106781186535,
0.70710678118656));
#3092=DIRECTION('ref_axis',(1.,0.,5.91414260032354E-16));
#3093=DIRECTION('',(-3.92523114670952E-15,-0.70710678118656,0.707106781186535));
#3094=DIRECTION('',(1.,5.91414260032376E-16,0.));
#3095=DIRECTION('',(-1.,-5.91414260032376E-16,0.));
#3096=DIRECTION('center_axis',(0.,0.,-1.));
#3097=DIRECTION('ref_axis',(-0.707106781186547,0.707106781186548,0.));
#3098=DIRECTION('center_axis',(0.,0.,1.));
#3099=DIRECTION('ref_axis',(-0.707106781186547,0.707106781186548,0.));
#3100=DIRECTION('',(0.707106781186545,0.,0.70710678118655));
#3101=DIRECTION('center_axis',(0.,0.,-1.));
#3102=DIRECTION('ref_axis',(-0.707106781186547,0.707106781186548,0.));
#3103=DIRECTION('center_axis',(-0.707106781186534,-2.61682076447291E-16,
0.707106781186561));
#3104=DIRECTION('ref_axis',(0.707106781186561,0.,0.707106781186534));
#3105=DIRECTION('',(0.707106781186561,-9.81307786677383E-16,0.707106781186534));
#3106=DIRECTION('',(-3.70074341541719E-16,1.,0.));
#3107=DIRECTION('',(3.70074341541719E-16,-1.,0.));
#3108=DIRECTION('center_axis',(0.,0.,-1.));
#3109=DIRECTION('ref_axis',(-0.707106781186547,-0.707106781186548,0.));
#3110=DIRECTION('center_axis',(0.,0.,1.));
#3111=DIRECTION('ref_axis',(-0.707106781186547,-0.707106781186548,0.));
#3112=DIRECTION('',(0.,0.707106781186548,0.707106781186547));
#3113=DIRECTION('center_axis',(0.,0.,-1.));
#3114=DIRECTION('ref_axis',(-0.707106781186547,-0.707106781186548,0.));
#3115=DIRECTION('center_axis',(-3.42157936712162E-16,-0.707106781186534,
0.707106781186561));
#3116=DIRECTION('ref_axis',(1.,0.,4.83884394571926E-16));
#3117=DIRECTION('',(0.,0.707106781186561,0.707106781186534));
#3118=DIRECTION('',(-1.,4.83884394571944E-16,0.));
#3119=DIRECTION('',(1.,-4.83884394571944E-16,0.));
#3120=DIRECTION('center_axis',(0.,0.,1.));
#3121=DIRECTION('ref_axis',(0.707106781186548,0.707106781186547,0.));
#3122=DIRECTION('center_axis',(0.,0.,-1.));
#3123=DIRECTION('ref_axis',(0.707106781186548,0.707106781186547,0.));
#3124=DIRECTION('',(0.707106781186547,0.,0.707106781186548));
#3125=DIRECTION('center_axis',(0.,0.,1.));
#3126=DIRECTION('ref_axis',(0.707106781186548,0.707106781186547,0.));
#3127=DIRECTION('center_axis',(-0.707106781186537,-4.30702878182006E-16,
0.707106781186558));
#3128=DIRECTION('ref_axis',(0.707106781186558,0.,0.707106781186537));
#3129=DIRECTION('',(0.707106781186558,0.,0.707106781186537));
#3130=DIRECTION('',(-6.09105851678129E-16,1.,0.));
#3131=DIRECTION('',(6.09105851678129E-16,-1.,0.));
#3132=DIRECTION('center_axis',(0.,0.,1.));
#3133=DIRECTION('ref_axis',(0.86294892726269,-0.505291152639913,0.));
#3134=DIRECTION('center_axis',(0.,0.,-1.));
#3135=DIRECTION('ref_axis',(0.86294892726269,-0.505291152639913,0.));
#3136=DIRECTION('',(0.346030978027458,-0.616654329625083,0.707106781186547));
#3137=DIRECTION('center_axis',(0.,0.,1.));
#3138=DIRECTION('ref_axis',(0.86294892726269,-0.505291152639913,0.));
#3139=DIRECTION('center_axis',(0.,0.,-1.));
#3140=DIRECTION('ref_axis',(-1.,0.,0.));
#3141=DIRECTION('',(-0.707106781186555,-3.92523114670948E-15,0.70710678118654));
#3142=DIRECTION('center_axis',(0.,0.,-1.));
#3143=DIRECTION('ref_axis',(-1.,0.,0.));
#3144=DIRECTION('center_axis',(0.,0.,1.));
#3145=DIRECTION('ref_axis',(-1.,0.,0.));
#3146=DIRECTION('center_axis',(0.70710678118654,4.30702878182008E-16,0.707106781186555));
#3147=DIRECTION('ref_axis',(0.707106781186555,0.,-0.70710678118654));
#3148=DIRECTION('',(6.09105851678129E-16,-1.,0.));
#3149=DIRECTION('',(-6.09105851678129E-16,1.,0.));
#3150=DIRECTION('center_axis',(0.,0.,1.));
#3151=DIRECTION('ref_axis',(-0.707106781186547,-0.707106781186548,0.));
#3152=DIRECTION('',(0.,0.,-1.));
#3153=DIRECTION('center_axis',(4.5257044491508E-16,1.87460816213052E-16,
-1.));
#3154=DIRECTION('ref_axis',(-0.707106781186547,-0.707106781186548,0.));
#3155=DIRECTION('',(0.,0.,1.));
#3156=DIRECTION('center_axis',(-1.,-3.70074341541719E-16,0.));
#3157=DIRECTION('ref_axis',(3.70074341541719E-16,-1.,0.));
#3158=DIRECTION('',(0.,0.,1.));
#3159=DIRECTION('',(-3.70074341541719E-16,1.,1.87460816213052E-16));
#3160=DIRECTION('center_axis',(0.,0.,1.));
#3161=DIRECTION('ref_axis',(-0.707106781186547,0.707106781186548,0.));
#3162=DIRECTION('',(0.,0.,-1.));
#3163=DIRECTION('center_axis',(4.5257044491508E-16,1.87460816213052E-16,
-1.));
#3164=DIRECTION('ref_axis',(-0.707106781186547,0.707106781186548,0.));
#3165=DIRECTION('center_axis',(-5.91414260032376E-16,1.,0.));
#3166=DIRECTION('ref_axis',(-1.,-5.91414260032376E-16,0.));
#3167=DIRECTION('',(0.,0.,1.));
#3168=DIRECTION('',(1.,5.91414260032376E-16,4.5257044491508E-16));
#3169=DIRECTION('center_axis',(0.,0.,1.));
#3170=DIRECTION('ref_axis',(0.707106781186548,-0.707106781186547,0.));
#3171=DIRECTION('',(0.,0.,-1.));
#3172=DIRECTION('center_axis',(-4.5257044491508E-16,-1.87460816213052E-16,
1.));
#3173=DIRECTION('ref_axis',(0.707106781186548,-0.707106781186547,0.));
#3174=DIRECTION('center_axis',(-1.,-6.09105851678129E-16,0.));
#3175=DIRECTION('ref_axis',(6.09105851678129E-16,-1.,0.));
#3176=DIRECTION('',(0.,0.,1.));
#3177=DIRECTION('',(-6.09105851678129E-16,1.,1.87460816213052E-16));
#3178=DIRECTION('center_axis',(0.,0.,1.));
#3179=DIRECTION('ref_axis',(0.862948927262691,0.505291152639912,0.));
#3180=DIRECTION('',(0.,0.,-1.));
#3181=DIRECTION('center_axis',(-4.5257044491508E-16,-1.87460816213052E-16,
1.));
#3182=DIRECTION('ref_axis',(0.862948927262691,0.505291152639912,0.));
#3183=DIRECTION('center_axis',(0.,0.,1.));
#3184=DIRECTION('ref_axis',(-0.505291152639912,0.862948927262691,0.));
#3185=DIRECTION('',(0.,0.,-1.));
#3186=DIRECTION('center_axis',(4.5257044491508E-16,1.87460816213052E-16,
-1.));
#3187=DIRECTION('ref_axis',(1.,0.,0.));
#3188=DIRECTION('center_axis',(1.,6.09105851678129E-16,0.));
#3189=DIRECTION('ref_axis',(-6.09105851678129E-16,1.,0.));
#3190=DIRECTION('center_axis',(-1.,-6.09105851678129E-16,0.));
#3191=DIRECTION('ref_axis',(0.,1.,0.));
#3192=DIRECTION('center_axis',(0.,0.,1.));
#3193=DIRECTION('ref_axis',(0.707106781186548,0.707106781186547,0.));
#3194=DIRECTION('',(0.,0.,-1.));
#3195=DIRECTION('center_axis',(-4.5257044491508E-16,-1.87460816213052E-16,
1.));
#3196=DIRECTION('ref_axis',(0.707106781186548,0.707106781186547,0.));
#3197=DIRECTION('',(0.,0.,1.));
#3198=DIRECTION('center_axis',(-4.83884394571944E-16,-1.,0.));
#3199=DIRECTION('ref_axis',(1.,-4.83884394571944E-16,0.));
#3200=DIRECTION('',(-1.,4.83884394571944E-16,-4.5257044491508E-16));
#3201=DIRECTION('center_axis',(0.,0.,1.));
#3202=DIRECTION('ref_axis',(0.86294892726269,-0.505291152639913,0.));
#3203=DIRECTION('',(0.,0.,-1.));
#3204=DIRECTION('center_axis',(-4.5257044491508E-16,-1.87460816213052E-16,
1.));
#3205=DIRECTION('ref_axis',(0.86294892726269,-0.505291152639913,0.));
#3206=DIRECTION('',(0.,0.,1.));
#3207=DIRECTION('center_axis',(-1.,-6.09105851678129E-16,0.));
#3208=DIRECTION('ref_axis',(6.09105851678129E-16,-1.,0.));
#3209=DIRECTION('',(-6.09105851678129E-16,1.,1.87460816213052E-16));
#3210=DIRECTION('center_axis',(0.,0.,-1.));
#3211=DIRECTION('ref_axis',(-1.,0.,0.));
#3212=DIRECTION('center_axis',(1.,0.,0.));
#3213=DIRECTION('ref_axis',(0.,1.,0.));
#3214=DIRECTION('center_axis',(-1.,-6.09105851678129E-16,0.));
#3215=DIRECTION('ref_axis',(0.,1.,0.));
#3216=DIRECTION('',(-0.707106781186548,0.707106781186548,-8.65956056235493E-17));
#3217=DIRECTION('center_axis',(-1.,0.,0.));
#3218=DIRECTION('ref_axis',(0.,0.,1.));
#3219=DIRECTION('center_axis',(-1.,-6.09105851678129E-16,0.));
#3220=DIRECTION('ref_axis',(0.,1.,0.));
#3221=DIRECTION('center_axis',(1.,6.09105851678129E-16,0.));
#3222=DIRECTION('ref_axis',(-6.09105851678129E-16,1.,0.));
#3223=DIRECTION('',(0.,0.,1.));
#3224=DIRECTION('center_axis',(0.,0.,1.));
#3225=DIRECTION('ref_axis',(-0.505291152639913,-0.862948927262691,0.));
#3226=DIRECTION('center_axis',(4.5257044491508E-16,1.87460816213052E-16,
-1.));
#3227=DIRECTION('ref_axis',(1.,0.,0.));
#3228=DIRECTION('center_axis',(4.5257044491508E-16,1.87460816213052E-16,
-1.));
#3229=DIRECTION('ref_axis',(-1.,0.,-4.5257044491508E-16));
#3230=DIRECTION('center_axis',(4.5257044491508E-16,1.87460816213052E-16,
-1.));
#3231=DIRECTION('ref_axis',(-0.70710678118655,0.707106781186545,-1.87460816213054E-16));
#3232=DIRECTION('center_axis',(-1.,0.,0.));
#3233=DIRECTION('ref_axis',(0.,0.,1.));
#3234=DIRECTION('center_axis',(4.5257044491508E-16,1.87460816213052E-16,
1.));
#3235=DIRECTION('ref_axis',(1.,1.1543767710025E-12,-4.52570444915296E-16));
#3236=DIRECTION('center_axis',(4.5257044491508E-16,1.87460816213052E-16,
1.));
#3237=DIRECTION('ref_axis',(1.,1.1543767710025E-12,-4.52570444915296E-16));
#3238=DIRECTION('center_axis',(4.52570444915081E-16,1.87460816213052E-16,
-1.));
#3239=DIRECTION('ref_axis',(-0.70710678118655,0.707106781186545,-9.27860445004202E-17));
#3240=DIRECTION('center_axis',(0.,0.,1.));
#3241=DIRECTION('ref_axis',(1.,0.,0.));
#3242=DIRECTION('',(-0.500000000000002,0.499999999999998,0.707106781186547));
#3243=DIRECTION('center_axis',(0.,0.,1.));
#3244=DIRECTION('ref_axis',(1.,0.,0.));
#3245=DIRECTION('center_axis',(-4.5257044491508E-16,-1.87460816213052E-16,
1.));
#3246=DIRECTION('ref_axis',(0.70710678118655,-0.707106781186545,0.));
#3247=DIRECTION('center_axis',(0.,0.,1.));
#3248=DIRECTION('ref_axis',(1.,0.,0.));
#3249=DIRECTION('center_axis',(-4.5257044491508E-16,-1.87460816213052E-16,
1.));
#3250=DIRECTION('ref_axis',(0.70710678118655,-0.707106781186545,0.));
#3251=DIRECTION('center_axis',(0.,0.,1.));
#3252=DIRECTION('ref_axis',(1.,0.,0.));
#3253=DIRECTION('center_axis',(-4.5257044491508E-16,-1.87460816213052E-16,
1.));
#3254=DIRECTION('ref_axis',(0.70710678118655,-0.707106781186545,0.));
#3255=DIRECTION('center_axis',(0.,0.,1.));
#3256=DIRECTION('ref_axis',(1.,0.,0.));
#3257=DIRECTION('center_axis',(-4.5257044491508E-16,-1.87460816213052E-16,
1.));
#3258=DIRECTION('ref_axis',(0.70710678118655,-0.707106781186545,0.));
#3259=DIRECTION('center_axis',(0.,0.,1.));
#3260=DIRECTION('ref_axis',(1.,0.,0.));
#3261=DIRECTION('center_axis',(-4.5257044491508E-16,-1.87460816213052E-16,
1.));
#3262=DIRECTION('ref_axis',(0.70710678118655,-0.707106781186545,0.));
#3263=DIRECTION('center_axis',(0.,0.,1.));
#3264=DIRECTION('ref_axis',(1.,0.,0.));
#3265=DIRECTION('center_axis',(-4.5257044491508E-16,-1.87460816213052E-16,
1.));
#3266=DIRECTION('ref_axis',(0.70710678118655,-0.707106781186545,0.));
#3267=DIRECTION('center_axis',(0.,0.,1.));
#3268=DIRECTION('ref_axis',(1.,0.,0.));
#3269=DIRECTION('center_axis',(-4.5257044491508E-16,-1.87460816213052E-16,
1.));
#3270=DIRECTION('ref_axis',(0.70710678118655,-0.707106781186545,0.));
#3271=DIRECTION('center_axis',(0.,0.,1.));
#3272=DIRECTION('ref_axis',(1.,0.,0.));
#3273=DIRECTION('center_axis',(-4.5257044491508E-16,-1.87460816213052E-16,
1.));
#3274=DIRECTION('ref_axis',(0.70710678118655,-0.707106781186545,0.));
#3275=DIRECTION('center_axis',(0.,0.,1.));
#3276=DIRECTION('ref_axis',(-1.,1.11022302462516E-16,0.));
#3277=DIRECTION('center_axis',(-4.5257044491508E-16,-1.87460816213052E-16,
1.));
#3278=DIRECTION('ref_axis',(-0.923879532511287,-0.38268343236509,-5.11219485349209E-16));
#3279=DIRECTION('center_axis',(-4.42151132400488E-16,-1.8088000870929E-16,
1.));
#3280=DIRECTION('ref_axis',(0.707106781186547,-0.707106781186547,1.84746583290275E-16));
#3281=DIRECTION('center_axis',(4.5257044491508E-16,1.87460816213052E-16,
-1.));
#3282=DIRECTION('ref_axis',(-1.,0.,-4.5257044491508E-16));
#3283=DIRECTION('center_axis',(0.,0.,1.));
#3284=DIRECTION('ref_axis',(0.923879532511287,-0.38268343236509,0.));
#3285=DIRECTION('center_axis',(-4.5257044491508E-16,-1.87460816213052E-16,
1.));
#3286=DIRECTION('ref_axis',(-0.923879532511287,-0.38268343236509,-5.11219485349209E-16));
#3287=DIRECTION('center_axis',(-4.5476082040683E-16,-1.98957858927988E-16,
1.));
#3288=DIRECTION('ref_axis',(1.,-3.93129878835911E-16,4.5476082040683E-16));
#3289=DIRECTION('center_axis',(4.5257044491508E-16,1.87460816213052E-16,
-1.));
#3290=DIRECTION('ref_axis',(-1.,0.,-4.5257044491508E-16));
#3291=DIRECTION('center_axis',(0.,0.,1.));
#3292=DIRECTION('ref_axis',(0.923879532511287,0.382683432365089,0.));
#3293=DIRECTION('center_axis',(-4.5257044491508E-16,-1.87460816213052E-16,
1.));
#3294=DIRECTION('ref_axis',(-0.923879532511287,-0.38268343236509,-5.11219485349209E-16));
#3295=DIRECTION('center_axis',(-4.42151132400488E-16,-1.8088000870929E-16,
1.));
#3296=DIRECTION('ref_axis',(0.707106781186548,0.707106781186547,4.40549544769117E-16));
#3297=DIRECTION('center_axis',(4.5257044491508E-16,1.87460816213052E-16,
-1.));
#3298=DIRECTION('ref_axis',(-1.,0.,-4.5257044491508E-16));
#3299=DIRECTION('center_axis',(0.,0.,1.));
#3300=DIRECTION('ref_axis',(0.38268343236509,0.923879532511287,0.));
#3301=DIRECTION('center_axis',(-4.5257044491508E-16,-1.87460816213052E-16,
1.));
#3302=DIRECTION('ref_axis',(-0.923879532511287,-0.38268343236509,-5.11219485349209E-16));
#3303=DIRECTION('center_axis',(-4.5476082040683E-16,-1.84746583290275E-16,
1.));
#3304=DIRECTION('ref_axis',(2.52726350680229E-16,1.,1.84746583290275E-16));
#3305=DIRECTION('center_axis',(4.5257044491508E-16,1.87460816213052E-16,
-1.));
#3306=DIRECTION('ref_axis',(-1.,0.,-4.5257044491508E-16));
#3307=DIRECTION('center_axis',(0.,0.,1.));
#3308=DIRECTION('ref_axis',(-0.382683432365089,0.923879532511287,0.));
#3309=DIRECTION('center_axis',(-4.5257044491508E-16,-1.87460816213052E-16,
1.));
#3310=DIRECTION('ref_axis',(-0.923879532511287,-0.38268343236509,-5.11219485349209E-16));
#3311=DIRECTION('center_axis',(-4.42151132400488E-16,-2.00977787454767E-16,
1.));
#3312=DIRECTION('ref_axis',(-0.707106781186547,0.707106781186548,-1.70535307652561E-16));
#3313=DIRECTION('center_axis',(4.5257044491508E-16,1.87460816213052E-16,
-1.));
#3314=DIRECTION('ref_axis',(-1.,0.,-4.5257044491508E-16));
#3315=DIRECTION('center_axis',(0.,0.,1.));
#3316=DIRECTION('ref_axis',(-0.923879532511287,0.38268343236509,0.));
#3317=DIRECTION('center_axis',(-4.5257044491508E-16,-1.87460816213052E-16,
1.));
#3318=DIRECTION('ref_axis',(-0.923879532511287,-0.38268343236509,-5.11219485349209E-16));
#3319=DIRECTION('center_axis',(-4.40549544769117E-16,-1.84746583290275E-16,
1.));
#3320=DIRECTION('ref_axis',(-1.,2.80807056311365E-17,-4.40549544769117E-16));
#3321=DIRECTION('center_axis',(4.5257044491508E-16,1.87460816213052E-16,
-1.));
#3322=DIRECTION('ref_axis',(-1.,0.,-4.5257044491508E-16));
#3323=DIRECTION('center_axis',(0.,0.,1.));
#3324=DIRECTION('ref_axis',(-0.923879532511287,-0.38268343236509,0.));
#3325=DIRECTION('center_axis',(-4.5257044491508E-16,-1.87460816213052E-16,
1.));
#3326=DIRECTION('ref_axis',(-0.923879532511287,-0.38268343236509,-5.11219485349209E-16));
#3327=DIRECTION('center_axis',(-4.42151132400488E-16,-1.8088000870929E-16,
1.));
#3328=DIRECTION('ref_axis',(-0.707106781186547,-0.707106781186547,-4.40549544769117E-16));
#3329=DIRECTION('center_axis',(4.5257044491508E-16,1.87460816213052E-16,
-1.));
#3330=DIRECTION('ref_axis',(-1.,0.,-4.5257044491508E-16));
#3331=DIRECTION('center_axis',(0.,0.,1.));
#3332=DIRECTION('ref_axis',(-0.38268343236509,-0.923879532511287,0.));
#3333=DIRECTION('center_axis',(-4.5257044491508E-16,-1.87460816213052E-16,
1.));
#3334=DIRECTION('ref_axis',(-0.923879532511287,-0.38268343236509,-5.11219485349209E-16));
#3335=DIRECTION('center_axis',(-4.40549544769117E-16,-1.84746583290275E-16,
1.));
#3336=DIRECTION('ref_axis',(-3.65049173204775E-16,-1.,-1.84746583290275E-16));
#3337=DIRECTION('center_axis',(4.5257044491508E-16,1.87460816213052E-16,
-1.));
#3338=DIRECTION('ref_axis',(-1.,0.,-4.5257044491508E-16));
#3339=DIRECTION('center_axis',(0.,0.,1.));
#3340=DIRECTION('ref_axis',(0.38268343236509,-0.923879532511287,0.));
#3341=DIRECTION('center_axis',(-4.5257044491508E-16,-1.87460816213052E-16,
1.));
#3342=DIRECTION('ref_axis',(-1.,0.,-3.63745218659642E-16));
#3343=DIRECTION('center_axis',(-0.900459307812829,-0.43494026598286,-5.71263232155334E-15));
#3344=DIRECTION('ref_axis',(6.34413156928661E-15,0.,-1.));
#3345=DIRECTION('center_axis',(-0.434940265980305,-0.900459307814063,2.75931827215956E-15));
#3346=DIRECTION('ref_axis',(-6.3441315692866E-15,0.,-1.));
#3347=DIRECTION('center_axis',(-0.390058130584486,-0.611167744198056,-0.688715211983005));
#3348=DIRECTION('ref_axis',(-0.898400124203738,0.416542992738884,0.139173100960074));
#3349=DIRECTION('center_axis',(-0.128705867259861,0.053244586677805,-0.990252398998557));
#3350=DIRECTION('ref_axis',(-0.899020994671961,0.415201275417354,0.139173100960065));
#3351=DIRECTION('center_axis',(-0.0532445866778017,0.128705867259873,-0.990252398998555));
#3352=DIRECTION('ref_axis',(-0.992047829054924,0.106436062679883,0.0671749166625118));
#3353=DIRECTION('center_axis',(0.611167744198058,0.390058130584473,-0.688715211983011));
#3354=DIRECTION('ref_axis',(-0.780557177965264,0.152826534815899,-0.606114297953008));
#3355=DIRECTION('center_axis',(0.128579179453132,-0.0532592399682914,0.99026806874157));
#3356=DIRECTION('ref_axis',(-0.38268343236509,-0.923879532511287,-2.16840434497101E-16));
#3357=DIRECTION('center_axis',(0.128579179453132,-0.0532592399682914,0.99026806874157));
#3358=DIRECTION('ref_axis',(0.914888400409817,-0.378959183507573,-0.139173100960066));
#3359=DIRECTION('center_axis',(-0.128658399819298,0.0533591832166022,-0.990252398998556));
#3360=DIRECTION('ref_axis',(-0.776745408869881,-0.626222085502377,0.0671749166625123));
#3361=DIRECTION('center_axis',(-4.5257044491508E-16,-1.87460816213052E-16,
1.));
#3362=DIRECTION('ref_axis',(1.,-1.15806219460905E-12,3.63745218659642E-16));
#3363=DIRECTION('center_axis',(-0.329171671249433,-0.944270094224558,-5.08359524863999E-15));
#3364=DIRECTION('ref_axis',(6.34413156928661E-15,3.17206578464331E-15,-1.));
#3365=DIRECTION('center_axis',(0.329171671252094,-0.94427009422363,0.));
#3366=DIRECTION('ref_axis',(0.,0.,-1.));
#3367=DIRECTION('center_axis',(0.156348107171701,-0.707973605558162,-0.68871521198301));
#3368=DIRECTION('ref_axis',(-0.929805194864699,-0.340724445221908,0.139173100960072));
#3369=DIRECTION('center_axis',(-0.128658399819297,-0.0533591832166017,-0.990252398998556));
#3370=DIRECTION('ref_axis',(-0.929295479166532,-0.342112204356705,0.13917310096007));
#3371=DIRECTION('center_axis',(0.156348107171697,0.707973605558171,-0.688715211983002));
#3372=DIRECTION('ref_axis',(-0.660001952756641,-0.443872594529501,-0.606114297953009));
#3373=DIRECTION('center_axis',(0.128579179453132,0.0532592399682914,0.99026806874157));
#3374=DIRECTION('ref_axis',(0.382683432365089,-0.923879532511287,-2.16840434497101E-16));
#3375=DIRECTION('center_axis',(0.128579179453132,0.0532592399682914,0.99026806874157));
#3376=DIRECTION('ref_axis',(0.914888400409816,0.378959183507574,-0.139173100960066));
#3377=DIRECTION('center_axis',(-0.12870586725987,-0.053244586677802,-0.990252398998556));
#3378=DIRECTION('ref_axis',(-0.106436062679883,-0.992047829054924,0.0671749166625118));
#3379=DIRECTION('center_axis',(-4.5257044491508E-16,-1.87460816213052E-16,
1.));
#3380=DIRECTION('ref_axis',(-1.,0.,-3.63745218659642E-16));
#3381=DIRECTION('center_axis',(0.434940265982869,-0.900459307812825,2.75931827217583E-15));
#3382=DIRECTION('ref_axis',(6.34413156928661E-15,0.,-1.));
#3383=DIRECTION('center_axis',(0.900459307814069,-0.434940265980292,5.61563443294008E-15));
#3384=DIRECTION('ref_axis',(3.1720657846433E-15,-6.3441315692866E-15,-1.));
#3385=DIRECTION('center_axis',(0.611167744198057,-0.390058130584487,-0.688715211983004));
#3386=DIRECTION('ref_axis',(-0.416542992738884,-0.898400124203738,0.139173100960074));
#3387=DIRECTION('center_axis',(-0.0532445866778031,-0.128705867259865,-0.990252398998556));
#3388=DIRECTION('ref_axis',(-0.41520127541738,-0.899020994671949,0.139173100960067));
#3389=DIRECTION('center_axis',(-0.390058130584497,0.611167744198062,-0.688715211982993));
#3390=DIRECTION('ref_axis',(-0.152826534815921,-0.78055717796526,-0.606114297953008));
#3391=DIRECTION('center_axis',(0.0532592399682914,0.128579179453132,0.99026806874157));
#3392=DIRECTION('ref_axis',(0.923879532511287,-0.38268343236509,-2.16840434497101E-16));
#3393=DIRECTION('center_axis',(0.0532592399682914,0.128579179453132,0.99026806874157));
#3394=DIRECTION('ref_axis',(0.378959183507573,0.914888400409817,-0.139173100960066));
#3395=DIRECTION('center_axis',(-0.0533591832165959,-0.128658399819295,-0.990252398998556));
#3396=DIRECTION('ref_axis',(0.626222085502373,-0.776745408869884,0.0671749166625148));
#3397=DIRECTION('center_axis',(-4.5257044491508E-16,-1.87460816213052E-16,
1.));
#3398=DIRECTION('ref_axis',(-1.,0.,-3.63745218659642E-16));
#3399=DIRECTION('center_axis',(0.944270094224557,-0.329171671249435,0.));
#3400=DIRECTION('ref_axis',(0.,0.,-1.));
#3401=DIRECTION('center_axis',(0.944270094223634,0.329171671252082,-2.08830839130517E-15));
#3402=DIRECTION('ref_axis',(0.,-6.34413156928661E-15,-1.));
#3403=DIRECTION('center_axis',(0.707973605558162,0.156348107171701,-0.68871521198301));
#3404=DIRECTION('ref_axis',(0.340724445221908,-0.929805194864699,0.139173100960072));
#3405=DIRECTION('center_axis',(0.0533591832166008,-0.128658399819295,-0.990252398998556));
#3406=DIRECTION('ref_axis',(0.342112204356703,-0.929295479166533,0.139173100960068));
#3407=DIRECTION('center_axis',(-0.707973605558164,0.156348107171707,-0.688715211983006));
#3408=DIRECTION('ref_axis',(0.443872594529501,-0.660001952756641,-0.60611429795301));
#3409=DIRECTION('center_axis',(-0.0532592399682914,0.128579179453132,0.99026806874157));
#3410=DIRECTION('ref_axis',(0.923879532511287,0.382683432365089,-2.16840434497101E-16));
#3411=DIRECTION('center_axis',(-0.0532592399682914,0.128579179453132,0.99026806874157));
#3412=DIRECTION('ref_axis',(-0.378959183507573,0.914888400409817,-0.139173100960066));
#3413=DIRECTION('center_axis',(0.0532445866778001,-0.128705867259874,-0.990252398998555));
#3414=DIRECTION('ref_axis',(0.992047829054922,-0.106436062679905,0.0671749166625131));
#3415=DIRECTION('center_axis',(-4.5257044491508E-16,-1.87460816213052E-16,
1.));
#3416=DIRECTION('ref_axis',(-1.,0.,-3.63745218659642E-16));
#3417=DIRECTION('center_axis',(0.900459307812832,0.434940265982853,5.71263232155336E-15));
#3418=DIRECTION('ref_axis',(6.34413156928661E-15,0.,-1.));
#3419=DIRECTION('center_axis',(0.434940265980298,0.900459307814067,0.));
#3420=DIRECTION('ref_axis',(0.,0.,-1.));
#3421=DIRECTION('center_axis',(0.39005813058447,0.611167744198068,-0.688715211983003));
#3422=DIRECTION('ref_axis',(0.898400124203747,-0.416542992738867,0.139173100960066));
#3423=DIRECTION('center_axis',(0.128705867259864,-0.0532445866778027,-0.990252398998556));
#3424=DIRECTION('ref_axis',(0.899020994671952,-0.415201275417372,0.139173100960066));
#3425=DIRECTION('center_axis',(-0.611167744198064,-0.390058130584485,-0.688715211982999));
#3426=DIRECTION('ref_axis',(0.78055717796526,-0.152826534815921,-0.606114297953008));
#3427=DIRECTION('center_axis',(-0.128579179453132,0.0532592399682914,0.99026806874157));
#3428=DIRECTION('ref_axis',(0.38268343236509,0.923879532511287,-2.16840434497101E-16));
#3429=DIRECTION('center_axis',(-0.128579179453132,0.0532592399682914,0.99026806874157));
#3430=DIRECTION('ref_axis',(-0.914888400409815,0.378959183507576,-0.139173100960066));
#3431=DIRECTION('center_axis',(0.128658399819291,-0.0533591832165917,-0.990252398998557));
#3432=DIRECTION('ref_axis',(0.776745408869889,0.626222085502366,0.0671749166625153));
#3433=DIRECTION('center_axis',(-4.5257044491508E-16,-1.87460816213052E-16,
1.));
#3434=DIRECTION('ref_axis',(-1.,0.,-3.63745218659642E-16));
#3435=DIRECTION('center_axis',(0.329171671249436,0.944270094224557,2.08830839128838E-15));
#3436=DIRECTION('ref_axis',(6.34413156928661E-15,0.,-1.));
#3437=DIRECTION('center_axis',(-0.329171671252099,0.944270094223629,0.));
#3438=DIRECTION('ref_axis',(0.,0.,-1.));
#3439=DIRECTION('center_axis',(-0.156348107171707,0.707973605558164,-0.688715211983007));
#3440=DIRECTION('ref_axis',(0.9298051948647,0.340724445221908,0.139173100960065));
#3441=DIRECTION('center_axis',(0.12865839981929,0.0533591832165944,-0.990252398998557));
#3442=DIRECTION('ref_axis',(0.929295479166538,0.342112204356693,0.139173100960061));
#3443=DIRECTION('center_axis',(-0.156348107171705,-0.707973605558165,-0.688715211983006));
#3444=DIRECTION('ref_axis',(0.660001952756651,0.443872594529493,-0.606114297953005));
#3445=DIRECTION('center_axis',(-0.128579179453132,-0.0532592399682914,0.99026806874157));
#3446=DIRECTION('ref_axis',(-0.38268343236509,0.923879532511287,-2.16840434497101E-16));
#3447=DIRECTION('center_axis',(-0.128579179453132,-0.0532592399682914,0.99026806874157));
#3448=DIRECTION('ref_axis',(-0.914888400409817,-0.378959183507572,-0.139173100960066));
#3449=DIRECTION('center_axis',(0.128705867259862,0.0532445866778028,-0.990252398998557));
#3450=DIRECTION('ref_axis',(0.106436062679904,0.992047829054922,0.0671749166625144));
#3451=DIRECTION('center_axis',(-4.5257044491508E-16,-1.87460816213052E-16,
1.));
#3452=DIRECTION('ref_axis',(-1.,0.,-3.63745218659642E-16));
#3453=DIRECTION('center_axis',(-0.434940265982865,0.900459307812826,-2.75931827217581E-15));
#3454=DIRECTION('ref_axis',(6.34413156928661E-15,0.,-1.));
#3455=DIRECTION('center_axis',(-0.900459307814065,0.4349402659803,0.));
#3456=DIRECTION('ref_axis',(0.,0.,-1.));
#3457=DIRECTION('center_axis',(-0.611167744198057,0.390058130584484,-0.688715211983006));
#3458=DIRECTION('ref_axis',(0.416542992738884,0.898400124203738,0.13917310096007));
#3459=DIRECTION('center_axis',(0.0532445866778018,0.128705867259864,-0.990252398998557));
#3460=DIRECTION('ref_axis',(0.415201275417354,0.899020994671961,0.139173100960066));
#3461=DIRECTION('center_axis',(0.390058130584474,-0.611167744198061,-0.688715211983007));
#3462=DIRECTION('ref_axis',(0.152826534815899,0.780557177965261,-0.606114297953012));
#3463=DIRECTION('center_axis',(-0.0532592399682914,-0.128579179453132,0.99026806874157));
#3464=DIRECTION('ref_axis',(-0.923879532511287,0.38268343236509,-2.16840434497101E-16));
#3465=DIRECTION('center_axis',(-0.0532592399682914,-0.128579179453132,0.99026806874157));
#3466=DIRECTION('ref_axis',(-0.378959183507574,-0.914888400409816,-0.139173100960066));
#3467=DIRECTION('center_axis',(0.0533591832165905,0.128658399819292,-0.990252398998557));
#3468=DIRECTION('ref_axis',(-0.626222085502366,0.776745408869889,0.0671749166625167));
#3469=DIRECTION('center_axis',(-4.5257044491508E-16,-1.87460816213052E-16,
1.));
#3470=DIRECTION('ref_axis',(-1.,0.,-3.63745218659642E-16));
#3471=DIRECTION('center_axis',(-0.944270094224556,0.329171671249439,0.));
#3472=DIRECTION('ref_axis',(0.,0.,-1.));
#3473=DIRECTION('center_axis',(-0.944270094223631,-0.329171671252091,2.08830839130522E-15));
#3474=DIRECTION('ref_axis',(0.,-6.34413156928661E-15,-1.));
#3475=DIRECTION('center_axis',(-0.707973605558165,-0.156348107171706,-0.688715211983005));
#3476=DIRECTION('ref_axis',(-0.340724445221915,0.929805194864696,0.139173100960075));
#3477=DIRECTION('center_axis',(-0.0533591832166017,0.128658399819297,-0.990252398998556));
#3478=DIRECTION('ref_axis',(-0.342112204356712,0.929295479166529,0.139173100960071));
#3479=DIRECTION('center_axis',(0.707973605558163,-0.156348107171709,-0.688715211983007));
#3480=DIRECTION('ref_axis',(-0.4438725945295,0.66000195275664,-0.606114297953011));
#3481=DIRECTION('center_axis',(0.0532592399682915,-0.128579179453132,0.99026806874157));
#3482=DIRECTION('ref_axis',(-0.923879532511287,-0.382683432365089,-2.16840434497101E-16));
#3483=DIRECTION('center_axis',(0.0532592399682915,-0.128579179453132,0.99026806874157));
#3484=DIRECTION('ref_axis',(0.378959183507573,-0.914888400409816,-0.139173100960066));
#3485=DIRECTION('center_axis',(0.999839026656568,-0.0179421507753728,0.));
#3486=DIRECTION('ref_axis',(-0.0178710247555194,-0.995875478955371,0.0889531162444479));
#3487=DIRECTION('center_axis',(0.0179421507753537,-0.999839026656569,5.69136825774109E-17));
#3488=DIRECTION('ref_axis',(3.1720657846433E-15,0.,-1.));
#3489=DIRECTION('center_axis',(-0.694305939361488,0.719679972326146,2.2023841143232E-15));
#3490=DIRECTION('ref_axis',(-3.1720657846433E-15,0.,-1.));
#3491=DIRECTION('center_axis',(-0.694305939361494,-0.71967997232614,4.56574443221759E-15));
#3492=DIRECTION('ref_axis',(0.,-6.34413156928663E-15,-1.));
#3493=DIRECTION('center_axis',(0.0179421507753594,0.999839026656569,-6.34311033321673E-15));
#3494=DIRECTION('ref_axis',(0.,-6.34413156928661E-15,-1.));
#3495=DIRECTION('center_axis',(-0.999839026656568,-0.0179421507753728,0.));
#3496=DIRECTION('ref_axis',(0.,0.,-1.));
#3497=DIRECTION('center_axis',(0.719679972326138,0.694305939361496,0.));
#3498=DIRECTION('ref_axis',(0.,0.,-1.));
#3499=DIRECTION('center_axis',(-0.719679972326133,0.694305939361501,0.));
#3500=DIRECTION('ref_axis',(0.,0.,-1.));
#3501=DIRECTION('center_axis',(0.999839026656569,-0.01794215077536,0.));
#3502=DIRECTION('ref_axis',(0.,0.,-1.));
#3503=DIRECTION('center_axis',(-0.0179421507753728,0.999839026656568,0.));
#3504=DIRECTION('ref_axis',(0.,0.,-1.));
#3505=DIRECTION('center_axis',(0.694305939361492,-0.719679972326141,0.));
#3506=DIRECTION('ref_axis',(0.,0.,-1.));
#3507=DIRECTION('center_axis',(0.694305939361496,0.719679972326139,-4.56574443221757E-15));
#3508=DIRECTION('ref_axis',(0.,-6.34413156928662E-15,-1.));
#3509=DIRECTION('center_axis',(-0.0179421507753542,-0.999839026656569,6.22928296806191E-15));
#3510=DIRECTION('ref_axis',(6.34413156928661E-15,-6.34413156928661E-15,
-1.));
#3511=DIRECTION('center_axis',(0.999839026656569,0.0179421507753282,0.));
#3512=DIRECTION('ref_axis',(0.,0.,-1.));
#3513=DIRECTION('center_axis',(-0.71967997232614,-0.694305939361494,0.));
#3514=DIRECTION('ref_axis',(0.,0.,-1.));
#3515=DIRECTION('center_axis',(0.719679972326138,-0.694305939361496,0.));
#3516=DIRECTION('ref_axis',(0.,0.,-1.));
#3517=DIRECTION('center_axis',(-0.128579179453132,0.0532592399682914,-0.99026806874157));
#3518=DIRECTION('ref_axis',(0.914888400409817,-0.378959183507573,-0.139173100960067));
#3519=DIRECTION('center_axis',(-0.128579179453132,0.0532592399682914,-0.99026806874157));
#3520=DIRECTION('ref_axis',(0.99167553448957,0.,-0.128761928747689));
#3521=DIRECTION('center_axis',(-0.0532592399682915,0.128579179453132,-0.99026806874157));
#3522=DIRECTION('ref_axis',(0.998556843406281,0.,-0.053705032226817));
#3523=DIRECTION('center_axis',(-0.0532592399682915,0.128579179453132,-0.99026806874157));
#3524=DIRECTION('ref_axis',(0.378959183507574,-0.914888400409816,-0.139173100960067));
#3525=DIRECTION('center_axis',(-0.128579179453132,-0.0532592399682914,-0.99026806874157));
#3526=DIRECTION('ref_axis',(0.914888400409816,0.378959183507574,-0.139173100960067));
#3527=DIRECTION('center_axis',(-0.128579179453132,-0.0532592399682914,-0.99026806874157));
#3528=DIRECTION('ref_axis',(0.99167553448957,0.,-0.128761928747689));
#3529=DIRECTION('center_axis',(-0.0532592399682914,-0.128579179453132,-0.99026806874157));
#3530=DIRECTION('ref_axis',(0.378959183507573,0.914888400409817,-0.139173100960067));
#3531=DIRECTION('center_axis',(-0.0532592399682914,-0.128579179453132,-0.99026806874157));
#3532=DIRECTION('ref_axis',(0.998556843406281,0.,-0.053705032226817));
#3533=DIRECTION('center_axis',(0.0532592399682914,-0.128579179453132,-0.99026806874157));
#3534=DIRECTION('ref_axis',(-0.378959183507573,0.914888400409817,-0.139173100960067));
#3535=DIRECTION('center_axis',(0.0532592399682914,-0.128579179453132,-0.99026806874157));
#3536=DIRECTION('ref_axis',(0.998556843406281,0.,0.053705032226817));
#3537=DIRECTION('center_axis',(0.128579179453132,-0.0532592399682914,-0.99026806874157));
#3538=DIRECTION('ref_axis',(-0.914888400409815,0.378959183507576,-0.139173100960067));
#3539=DIRECTION('center_axis',(0.128579179453132,-0.0532592399682914,-0.99026806874157));
#3540=DIRECTION('ref_axis',(-0.920093411907677,-0.378959183507572,-0.0990860767179908));
#3541=DIRECTION('center_axis',(0.128579179453132,0.0532592399682914,-0.99026806874157));
#3542=DIRECTION('ref_axis',(-0.914888400409817,-0.378959183507573,-0.139173100960067));
#3543=DIRECTION('center_axis',(0.128579179453132,0.0532592399682914,-0.99026806874157));
#3544=DIRECTION('ref_axis',(-0.920093411907678,0.378959183507571,-0.0990860767179909));
#3545=DIRECTION('center_axis',(0.0532592399682914,0.128579179453132,-0.99026806874157));
#3546=DIRECTION('ref_axis',(-0.378959183507574,-0.914888400409816,-0.139173100960067));
#3547=DIRECTION('center_axis',(0.0532592399682914,0.128579179453132,-0.99026806874157));
#3548=DIRECTION('ref_axis',(0.998556843406281,0.,0.053705032226817));
#3549=CARTESIAN_POINT('',(0.,0.,0.));
#3550=CARTESIAN_POINT('Origin',(-7.19999999998427,13.6,12.4));
#3551=CARTESIAN_POINT('',(-8.69999999998427,13.6,12.6));
#3552=CARTESIAN_POINT('Origin',(-7.19999999998427,13.6,12.6));
#3553=CARTESIAN_POINT('',(-8.29999999998427,13.6,12.2));
#3554=CARTESIAN_POINT('',(-8.49999999998427,13.6,12.4));
#3555=CARTESIAN_POINT('Origin',(-7.19999999998427,13.6,12.2));
#3556=CARTESIAN_POINT('Origin',(-7.19999999998427,13.6,-51.3829682128003));
#3557=CARTESIAN_POINT('',(-8.29999999998427,13.6,5.));
#3558=CARTESIAN_POINT('',(-8.29999999998427,13.6,-51.3829682128003));
#3559=CARTESIAN_POINT('Origin',(-7.19999999998427,13.6,5.));
#3560=CARTESIAN_POINT('Origin',(-7.1999999999843,-13.6,12.4));
#3561=CARTESIAN_POINT('',(-8.6999999999843,-13.6,12.6));
#3562=CARTESIAN_POINT('Origin',(-7.1999999999843,-13.6,12.6));
#3563=CARTESIAN_POINT('',(-8.2999999999843,-13.6,12.2));
#3564=CARTESIAN_POINT('',(-8.4999999999843,-13.6,12.4));
#3565=CARTESIAN_POINT('Origin',(-7.1999999999843,-13.6,12.2));
#3566=CARTESIAN_POINT('Origin',(-7.1999999999843,-13.6,-51.3829682128003));
#3567=CARTESIAN_POINT('',(-8.2999999999843,-13.6,5.));
#3568=CARTESIAN_POINT('',(-8.2999999999843,-13.6,-51.3829682128003));
#3569=CARTESIAN_POINT('Origin',(-7.1999999999843,-13.6,5.));
#3570=CARTESIAN_POINT('Origin',(6.,2.,-12.8));
#3571=CARTESIAN_POINT('',(11.,2.,-13.));
#3572=CARTESIAN_POINT('',(11.4,2.,-12.6));
#3573=CARTESIAN_POINT('',(11.,2.,-13.));
#3574=CARTESIAN_POINT('',(0.599999999999999,2.,-12.6));
#3575=CARTESIAN_POINT('Origin',(6.,2.,-12.6));
#3576=CARTESIAN_POINT('',(1.,2.,-13.));
#3577=CARTESIAN_POINT('',(0.599999999999999,2.,-12.6));
#3578=CARTESIAN_POINT('Origin',(6.,2.,-13.));
#3579=CARTESIAN_POINT('Origin',(11.2,-0.999999999999997,-12.8));
#3580=CARTESIAN_POINT('',(11.,-2.,-13.));
#3581=CARTESIAN_POINT('',(11.4,-2.,-12.6));
#3582=CARTESIAN_POINT('',(11.,-2.,-13.));
#3583=CARTESIAN_POINT('',(11.4,-0.999999999999997,-12.6));
#3584=CARTESIAN_POINT('',(11.,-0.999999999999997,-13.));
#3585=CARTESIAN_POINT('Origin',(6.,-2.,-12.8));
#3586=CARTESIAN_POINT('',(1.,-2.,-13.));
#3587=CARTESIAN_POINT('',(0.600000000000001,-2.,-12.6));
#3588=CARTESIAN_POINT('',(1.,-2.,-13.));
#3589=CARTESIAN_POINT('Origin',(6.,-2.,-12.6));
#3590=CARTESIAN_POINT('Origin',(6.,-2.,-13.));
#3591=CARTESIAN_POINT('Origin',(0.800000000000001,1.,-12.8));
#3592=CARTESIAN_POINT('',(0.600000000000001,1.,-12.6));
#3593=CARTESIAN_POINT('',(1.,1.,-13.));
#3594=CARTESIAN_POINT('Origin',(11.,-2.,0.));
#3595=CARTESIAN_POINT('',(11.,2.,-16.6));
#3596=CARTESIAN_POINT('',(11.,2.,0.));
#3597=CARTESIAN_POINT('',(11.,-2.,-16.6));
#3598=CARTESIAN_POINT('',(11.,-4.71926902562816,-16.6));
#3599=CARTESIAN_POINT('',(11.,-2.,0.));
#3600=CARTESIAN_POINT('Origin',(6.,2.,0.));
#3601=CARTESIAN_POINT('',(1.,2.,-16.6));
#3602=CARTESIAN_POINT('',(1.,2.,0.));
#3603=CARTESIAN_POINT('Origin',(6.,2.,-16.6));
#3604=CARTESIAN_POINT('Origin',(8.88178419700125E-15,-1.35002063311409E-46,
-12.6));
#3605=CARTESIAN_POINT('',(-3.,-3.20000000000005,-12.6));
#3606=CARTESIAN_POINT('',(-3.00000000000001,-13.6703212778996,-12.6));
#3607=CARTESIAN_POINT('',(-2.99999999999999,-6.83516063894979,-12.6));
#3608=CARTESIAN_POINT('',(-9.15721930513057,-17.3864069324054,-12.6));
#3609=CARTESIAN_POINT('Origin',(-7.20000000000001,-13.6703212778996,-12.6));
#3610=CARTESIAN_POINT('',(13.8949957074742,-13.8949957074741,-12.6));
#3611=CARTESIAN_POINT('Origin',(6.43433855428727E-15,2.89512501111519E-15,
-12.6));
#3612=CARTESIAN_POINT('',(-9.15721930513058,17.3864069324054,-12.6));
#3613=CARTESIAN_POINT('Origin',(6.43433855428727E-15,2.89512501111519E-15,
-12.6));
#3614=CARTESIAN_POINT('',(-3.00000000000001,13.6703212778996,-12.6));
#3615=CARTESIAN_POINT('Origin',(-7.20000000000001,13.6703212778996,-12.6));
#3616=CARTESIAN_POINT('',(-3.,3.20000000000006,-12.6));
#3617=CARTESIAN_POINT('',(-2.99999999999999,-6.83516063894979,-12.6));
#3618=CARTESIAN_POINT('Ctrl Pts',(-2.99999999999999,3.20000000000006,-12.6));
#3619=CARTESIAN_POINT('Ctrl Pts',(-3.78769230769232,1.0547118733939E-14,
-12.6));
#3620=CARTESIAN_POINT('Ctrl Pts',(-2.99999999999999,-3.20000000000004,-12.6));
#3621=CARTESIAN_POINT('Origin',(6.,2.,-16.8));
#3622=CARTESIAN_POINT('',(0.600000000000001,2.,-17.));
#3623=CARTESIAN_POINT('',(1.,2.,-16.6));
#3624=CARTESIAN_POINT('',(11.4,2.,-17.));
#3625=CARTESIAN_POINT('Origin',(6.,2.,-17.));
#3626=CARTESIAN_POINT('',(11.4,2.,-17.));
#3627=CARTESIAN_POINT('Origin',(0.8,-2.71926902562817,-16.8));
#3628=CARTESIAN_POINT('',(1.,-2.,-16.6));
#3629=CARTESIAN_POINT('',(0.6,-2.,-17.));
#3630=CARTESIAN_POINT('',(1.,-2.,-16.6));
#3631=CARTESIAN_POINT('',(0.6,-2.71926902562817,-17.));
#3632=CARTESIAN_POINT('',(1.,-2.71926902562817,-16.6));
#3633=CARTESIAN_POINT('Origin',(6.,-2.,-16.8));
#3634=CARTESIAN_POINT('',(11.4,-2.,-17.));
#3635=CARTESIAN_POINT('',(11.,-2.,-16.6));
#3636=CARTESIAN_POINT('Origin',(6.,-2.,-17.));
#3637=CARTESIAN_POINT('Origin',(6.,-2.,-16.6));
#3638=CARTESIAN_POINT('Origin',(11.2,-4.71926902562816,-16.8));
#3639=CARTESIAN_POINT('',(11.4,-4.71926902562816,-17.));
#3640=CARTESIAN_POINT('Origin',(1.,2.,0.));
#3641=CARTESIAN_POINT('',(1.,-2.,0.));
#3642=CARTESIAN_POINT('Origin',(-17.9582194475714,-7.43853805125633,-17.));
#3643=CARTESIAN_POINT('',(17.7016822414315,-8.08571632575321,-17.));
#3644=CARTESIAN_POINT('',(17.2744813102029,-8.34392784942268,-17.));
#3645=CARTESIAN_POINT('Ctrl Pts',(17.7016822414315,-8.08571632575321,-17.));
#3646=CARTESIAN_POINT('Ctrl Pts',(17.6263837318577,-8.0843650910285,-17.));
#3647=CARTESIAN_POINT('Ctrl Pts',(17.4496422720097,-8.12305437106547,-17.));
#3648=CARTESIAN_POINT('Ctrl Pts',(17.3181554789559,-8.25350896931287,-17.));
#3649=CARTESIAN_POINT('Ctrl Pts',(17.2744813102029,-8.34392784942268,-17.));
#3650=CARTESIAN_POINT('',(8.34392784946253,-17.2744813101837,-17.));
#3651=CARTESIAN_POINT('Origin',(8.03312539724267E-15,3.32742948778167E-15,
-17.));
#3652=CARTESIAN_POINT('',(8.08571632575322,-17.7016822414315,-17.));
#3653=CARTESIAN_POINT('Ctrl Pts',(8.34392784942734,-17.2744813102007,-17.));
#3654=CARTESIAN_POINT('Ctrl Pts',(8.27611368934391,-17.3072369367649,-17.));
#3655=CARTESIAN_POINT('Ctrl Pts',(8.13778082075521,-17.4245855058522,-17.));
#3656=CARTESIAN_POINT('Ctrl Pts',(8.08391467945359,-17.6012842286654,-17.));
#3657=CARTESIAN_POINT('Ctrl Pts',(8.08571632575321,-17.7016822414315,-17.));
#3658=CARTESIAN_POINT('',(6.79951470663485,-18.2344443960166,-17.));
#3659=CARTESIAN_POINT('Ctrl Pts',(8.08571632575321,-17.7016822414315,-17.));
#3660=CARTESIAN_POINT('Ctrl Pts',(8.08800860517708,-17.8294211316392,-17.));
#3661=CARTESIAN_POINT('Ctrl Pts',(8.0253734502182,-18.0856578356295,-17.));
#3662=CARTESIAN_POINT('Ctrl Pts',(7.72525256845646,-18.4078860354472,-17.));
#3663=CARTESIAN_POINT('Ctrl Pts',(7.24150254916005,-18.5173985646546,-17.));
#3664=CARTESIAN_POINT('Ctrl Pts',(6.91778690551764,-18.3570389584327,-17.));
#3665=CARTESIAN_POINT('Ctrl Pts',(6.79951470663485,-18.2344443960166,-17.));
#3666=CARTESIAN_POINT('',(6.31485491186673,-18.1149508399828,-17.));
#3667=CARTESIAN_POINT('Ctrl Pts',(6.79951470663485,-18.2344443960166,-17.));
#3668=CARTESIAN_POINT('Ctrl Pts',(6.74722604817994,-18.1802448016643,-17.));
#3669=CARTESIAN_POINT('Ctrl Pts',(6.59489091949925,-18.0826264936936,-17.));
#3670=CARTESIAN_POINT('Ctrl Pts',(6.40967308667395,-18.0818973129705,-17.));
#3671=CARTESIAN_POINT('Ctrl Pts',(6.31485491186673,-18.1149508399828,-17.));
#3672=CARTESIAN_POINT('',(-6.31485491182492,-18.1149508399974,-17.));
#3673=CARTESIAN_POINT('Origin',(8.03312539724267E-15,3.32742948778167E-15,
-17.));
#3674=CARTESIAN_POINT('',(-6.79951470663483,-18.2344443960166,-17.));
#3675=CARTESIAN_POINT('Ctrl Pts',(-6.31485491186183,-18.1149508399845,-17.));
#3676=CARTESIAN_POINT('Ctrl Pts',(-6.40967301602323,-18.081897337598,-17.));
#3677=CARTESIAN_POINT('Ctrl Pts',(-6.59489355163104,-18.0826272059924,-17.));
#3678=CARTESIAN_POINT('Ctrl Pts',(-6.74722608713822,-18.1802448420463,-17.));
#3679=CARTESIAN_POINT('Ctrl Pts',(-6.79951470663483,-18.2344443960166,-17.));
#3680=CARTESIAN_POINT('',(-8.08571632575321,-17.7016822414315,-17.));
#3681=CARTESIAN_POINT('Ctrl Pts',(-6.79951470663484,-18.2344443960166,-17.));
#3682=CARTESIAN_POINT('Ctrl Pts',(-6.88821885579694,-18.3263903178287,-17.));
#3683=CARTESIAN_POINT('Ctrl Pts',(-7.11369530965252,-18.4632872860635,-17.));
#3684=CARTESIAN_POINT('Ctrl Pts',(-7.55376256552029,-18.4789195205722,-17.));
#3685=CARTESIAN_POINT('Ctrl Pts',(-7.97326253672253,-18.2142936535625,-17.));
#3686=CARTESIAN_POINT('Ctrl Pts',(-8.08877269831836,-17.8720007617084,-17.));
#3687=CARTESIAN_POINT('Ctrl Pts',(-8.08571632575321,-17.7016822414315,-17.));
#3688=CARTESIAN_POINT('',(-8.34392784942267,-17.2744813102029,-17.));
#3689=CARTESIAN_POINT('Ctrl Pts',(-8.08571632575321,-17.7016822414315,-17.));
#3690=CARTESIAN_POINT('Ctrl Pts',(-8.08436509002173,-17.6263836757548,-17.));
#3691=CARTESIAN_POINT('Ctrl Pts',(-8.12305572859412,-17.449639907143,-17.));
#3692=CARTESIAN_POINT('Ctrl Pts',(-8.2535089019442,-17.3181555114963,-17.));
#3693=CARTESIAN_POINT('Ctrl Pts',(-8.34392784942268,-17.2744813102029,-17.));
#3694=CARTESIAN_POINT('',(-17.2744813101837,-8.34392784946252,-17.));
#3695=CARTESIAN_POINT('Origin',(8.03312539724267E-15,3.32742948778167E-15,
-17.));
#3696=CARTESIAN_POINT('',(-17.7016822414315,-8.08571632575321,-17.));
#3697=CARTESIAN_POINT('Ctrl Pts',(-17.2744813102007,-8.34392784942733,-17.));
#3698=CARTESIAN_POINT('Ctrl Pts',(-17.3072369367649,-8.2761136893439,-17.));
#3699=CARTESIAN_POINT('Ctrl Pts',(-17.4245855058522,-8.13778082075521,-17.));
#3700=CARTESIAN_POINT('Ctrl Pts',(-17.6012842286654,-8.08391467945358,-17.));
#3701=CARTESIAN_POINT('Ctrl Pts',(-17.7016822414315,-8.08571632575321,-17.));
#3702=CARTESIAN_POINT('',(-18.2344443960166,-6.79951470663484,-17.));
#3703=CARTESIAN_POINT('Ctrl Pts',(-17.7016822414315,-8.0857163257532,-17.));
#3704=CARTESIAN_POINT('Ctrl Pts',(-17.8720007617084,-8.08877269831836,-17.));
#3705=CARTESIAN_POINT('Ctrl Pts',(-18.2143011851258,-7.9732528340673,-17.));
#3706=CARTESIAN_POINT('Ctrl Pts',(-18.4789244379662,-7.55375350916418,-17.));
#3707=CARTESIAN_POINT('Ctrl Pts',(-18.463281249653,-7.11367926366391,-17.));
#3708=CARTESIAN_POINT('Ctrl Pts',(-18.3263903178287,-6.88821885579693,-17.));
#3709=CARTESIAN_POINT('Ctrl Pts',(-18.2344443960166,-6.79951470663483,-17.));
#3710=CARTESIAN_POINT('',(-18.1149508399828,-6.31485491186672,-17.));
#3711=CARTESIAN_POINT('Ctrl Pts',(-18.2344443960166,-6.79951470663483,-17.));
#3712=CARTESIAN_POINT('Ctrl Pts',(-18.1802448016642,-6.74722604817992,-17.));
#3713=CARTESIAN_POINT('Ctrl Pts',(-18.0826264936936,-6.59489091949928,-17.));
#3714=CARTESIAN_POINT('Ctrl Pts',(-18.0818973129705,-6.40967308667393,-17.));
#3715=CARTESIAN_POINT('Ctrl Pts',(-18.1149508399828,-6.31485491186671,-17.));
#3716=CARTESIAN_POINT('',(-18.1149508399974,6.31485491182494,-17.));
#3717=CARTESIAN_POINT('Origin',(8.03312539724267E-15,3.32742948778167E-15,
-17.));
#3718=CARTESIAN_POINT('',(-18.2344443960166,6.79951470663485,-17.));
#3719=CARTESIAN_POINT('Ctrl Pts',(-18.1149508399845,6.31485491186184,-17.));
#3720=CARTESIAN_POINT('Ctrl Pts',(-18.0901607131947,6.38596848998289,-17.));
#3721=CARTESIAN_POINT('Ctrl Pts',(-18.075322568607,6.56676256971174,-17.));
#3722=CARTESIAN_POINT('Ctrl Pts',(-18.1621783240562,6.72979654730603,-17.));
#3723=CARTESIAN_POINT('Ctrl Pts',(-18.2344443960166,6.79951470663485,-17.));
#3724=CARTESIAN_POINT('',(-17.7016822414315,8.08571632575322,-17.));
#3725=CARTESIAN_POINT('Ctrl Pts',(-18.2344443960166,6.79951470663485,-17.));
#3726=CARTESIAN_POINT('Ctrl Pts',(-18.3263903178287,6.88821885579695,-17.));
#3727=CARTESIAN_POINT('Ctrl Pts',(-18.4632872860634,7.11369530965251,-17.));
#3728=CARTESIAN_POINT('Ctrl Pts',(-18.4789195205722,7.5537625655203,-17.));
#3729=CARTESIAN_POINT('Ctrl Pts',(-18.2142936535624,7.97326253672253,-17.));
#3730=CARTESIAN_POINT('Ctrl Pts',(-17.8720007617084,8.08877269831837,-17.));
#3731=CARTESIAN_POINT('Ctrl Pts',(-17.7016822414315,8.08571632575322,-17.));
#3732=CARTESIAN_POINT('',(-17.2744813102029,8.34392784942269,-17.));
#3733=CARTESIAN_POINT('Ctrl Pts',(-17.7016822414315,8.08571632575322,-17.));
#3734=CARTESIAN_POINT('Ctrl Pts',(-17.6263836757548,8.08436509002175,-17.));
#3735=CARTESIAN_POINT('Ctrl Pts',(-17.4496399071429,8.12305572859413,-17.));
#3736=CARTESIAN_POINT('Ctrl Pts',(-17.3181555114963,8.25350890194422,-17.));
#3737=CARTESIAN_POINT('Ctrl Pts',(-17.2744813102029,8.34392784942269,-17.));
#3738=CARTESIAN_POINT('',(-8.34392784946251,17.2744813101837,-17.));
#3739=CARTESIAN_POINT('Origin',(8.03312539724267E-15,3.32742948778167E-15,
-17.));
#3740=CARTESIAN_POINT('',(-8.0857163257532,17.7016822414315,-17.));
#3741=CARTESIAN_POINT('Ctrl Pts',(-8.34392784942731,17.2744813102007,-17.));
#3742=CARTESIAN_POINT('Ctrl Pts',(-8.25350896931607,17.318155478953,-17.));
#3743=CARTESIAN_POINT('Ctrl Pts',(-8.12305437106662,17.4496422720066,-17.));
#3744=CARTESIAN_POINT('Ctrl Pts',(-8.08436509102848,17.6263837318569,-17.));
#3745=CARTESIAN_POINT('Ctrl Pts',(-8.0857163257532,17.7016822414315,-17.));
#3746=CARTESIAN_POINT('',(-6.79951470663483,18.2344443960166,-17.));
#3747=CARTESIAN_POINT('Ctrl Pts',(-8.0857163257532,17.7016822414315,-17.));
#3748=CARTESIAN_POINT('Ctrl Pts',(-8.08800860517706,17.8294211316392,-17.));
#3749=CARTESIAN_POINT('Ctrl Pts',(-8.02537345021817,18.0856578356294,-17.));
#3750=CARTESIAN_POINT('Ctrl Pts',(-7.72525256845643,18.4078860354472,-17.));
#3751=CARTESIAN_POINT('Ctrl Pts',(-7.24150254916005,18.5173985646546,-17.));
#3752=CARTESIAN_POINT('Ctrl Pts',(-6.91778690551761,18.3570389584327,-17.));
#3753=CARTESIAN_POINT('Ctrl Pts',(-6.79951470663483,18.2344443960166,-17.));
#3754=CARTESIAN_POINT('',(-6.31485491186672,18.1149508399828,-17.));
#3755=CARTESIAN_POINT('Ctrl Pts',(-6.79951470663484,18.2344443960166,-17.));
#3756=CARTESIAN_POINT('Ctrl Pts',(-6.74722604817992,18.1802448016643,-17.));
#3757=CARTESIAN_POINT('Ctrl Pts',(-6.59489091949924,18.0826264936936,-17.));
#3758=CARTESIAN_POINT('Ctrl Pts',(-6.40967308667393,18.0818973129705,-17.));
#3759=CARTESIAN_POINT('Ctrl Pts',(-6.31485491186671,18.1149508399828,-17.));
#3760=CARTESIAN_POINT('',(6.31485491182494,18.1149508399974,-17.));
#3761=CARTESIAN_POINT('Origin',(8.03312539724267E-15,3.32742948778167E-15,
-17.));
#3762=CARTESIAN_POINT('',(6.79951470663485,18.2344443960166,-17.));
#3763=CARTESIAN_POINT('Ctrl Pts',(6.31485491186184,18.1149508399845,-17.));
#3764=CARTESIAN_POINT('Ctrl Pts',(6.38596848998289,18.0901607131947,-17.));
#3765=CARTESIAN_POINT('Ctrl Pts',(6.56676256971174,18.0753225686071,-17.));
#3766=CARTESIAN_POINT('Ctrl Pts',(6.72979654730603,18.1621783240562,-17.));
#3767=CARTESIAN_POINT('Ctrl Pts',(6.79951470663485,18.2344443960166,-17.));
#3768=CARTESIAN_POINT('',(8.08571632575322,17.7016822414315,-17.));
#3769=CARTESIAN_POINT('Ctrl Pts',(6.79951470663485,18.2344443960166,-17.));
#3770=CARTESIAN_POINT('Ctrl Pts',(6.88821885579695,18.3263903178287,-17.));
#3771=CARTESIAN_POINT('Ctrl Pts',(7.11369530965249,18.4632872860634,-17.));
#3772=CARTESIAN_POINT('Ctrl Pts',(7.55376256552029,18.4789195205722,-17.));
#3773=CARTESIAN_POINT('Ctrl Pts',(7.97326253672253,18.2142936535624,-17.));
#3774=CARTESIAN_POINT('Ctrl Pts',(8.08877269831837,17.8720007617084,-17.));
#3775=CARTESIAN_POINT('Ctrl Pts',(8.08571632575322,17.7016822414315,-17.));
#3776=CARTESIAN_POINT('',(8.34392784942269,17.2744813102029,-17.));
#3777=CARTESIAN_POINT('Ctrl Pts',(8.08571632575322,17.7016822414315,-17.));
#3778=CARTESIAN_POINT('Ctrl Pts',(8.08436509002175,17.6263836757548,-17.));
#3779=CARTESIAN_POINT('Ctrl Pts',(8.12305572859413,17.4496399071429,-17.));
#3780=CARTESIAN_POINT('Ctrl Pts',(8.25350890194422,17.3181555114963,-17.));
#3781=CARTESIAN_POINT('Ctrl Pts',(8.34392784942269,17.2744813102029,-17.));
#3782=CARTESIAN_POINT('',(17.2744813101837,8.34392784946252,-17.));
#3783=CARTESIAN_POINT('Origin',(8.03312539724267E-15,3.32742948778167E-15,
-17.));
#3784=CARTESIAN_POINT('',(17.7016822414315,8.08571632575321,-17.));
#3785=CARTESIAN_POINT('Ctrl Pts',(17.2744813102007,8.34392784942733,-17.));
#3786=CARTESIAN_POINT('Ctrl Pts',(17.3072369367649,8.2761136893439,-17.));
#3787=CARTESIAN_POINT('Ctrl Pts',(17.4245855058522,8.13778082075521,-17.));
#3788=CARTESIAN_POINT('Ctrl Pts',(17.6012842286654,8.08391467945358,-17.));
#3789=CARTESIAN_POINT('Ctrl Pts',(17.7016822414315,8.0857163257532,-17.));
#3790=CARTESIAN_POINT('',(18.2344443960166,6.79951470663484,-17.));
#3791=CARTESIAN_POINT('Ctrl Pts',(17.7016822414315,8.08571632575321,-17.));
#3792=CARTESIAN_POINT('Ctrl Pts',(17.8294211316392,8.08800860517707,-17.));
#3793=CARTESIAN_POINT('Ctrl Pts',(18.0856578356295,8.0253734502182,-17.));
#3794=CARTESIAN_POINT('Ctrl Pts',(18.4078860354472,7.72525256845645,-17.));
#3795=CARTESIAN_POINT('Ctrl Pts',(18.5173985646546,7.24150254916009,-17.));
#3796=CARTESIAN_POINT('Ctrl Pts',(18.3570389584327,6.91778690551764,-17.));
#3797=CARTESIAN_POINT('Ctrl Pts',(18.2344443960166,6.79951470663484,-17.));
#3798=CARTESIAN_POINT('',(18.1149508399828,6.31485491186672,-17.));
#3799=CARTESIAN_POINT('Ctrl Pts',(18.2344443960166,6.79951470663484,-17.));
#3800=CARTESIAN_POINT('Ctrl Pts',(18.1802448016643,6.74722604817992,-17.));
#3801=CARTESIAN_POINT('Ctrl Pts',(18.0826264936936,6.59489091949928,-17.));
#3802=CARTESIAN_POINT('Ctrl Pts',(18.0818973129705,6.40967308667394,-17.));
#3803=CARTESIAN_POINT('Ctrl Pts',(18.1149508399828,6.31485491186672,-17.));
#3804=CARTESIAN_POINT('',(18.1149508399974,-6.31485491182493,-17.));
#3805=CARTESIAN_POINT('Origin',(8.03312539724267E-15,3.32742948778167E-15,
-17.));
#3806=CARTESIAN_POINT('',(18.2344443960166,-6.79951470663485,-17.));
#3807=CARTESIAN_POINT('Ctrl Pts',(18.1149508399845,-6.31485491186183,-17.));
#3808=CARTESIAN_POINT('Ctrl Pts',(18.0901607131947,-6.38596848998289,-17.));
#3809=CARTESIAN_POINT('Ctrl Pts',(18.0753225686071,-6.56676256971173,-17.));
#3810=CARTESIAN_POINT('Ctrl Pts',(18.1621783240562,-6.72979654730602,-17.));
#3811=CARTESIAN_POINT('Ctrl Pts',(18.2344443960166,-6.79951470663484,-17.));
#3812=CARTESIAN_POINT('Ctrl Pts',(18.2344443960166,-6.79951470663485,-17.));
#3813=CARTESIAN_POINT('Ctrl Pts',(18.3570389584327,-6.91778690551764,-17.));
#3814=CARTESIAN_POINT('Ctrl Pts',(18.5173970294598,-7.24151473558923,-17.));
#3815=CARTESIAN_POINT('Ctrl Pts',(18.4078831087595,-7.72526244938843,-17.));
#3816=CARTESIAN_POINT('Ctrl Pts',(18.0856422210162,-8.02538052805733,-17.));
#3817=CARTESIAN_POINT('Ctrl Pts',(17.8294211316392,-8.08800860517707,-17.));
#3818=CARTESIAN_POINT('Ctrl Pts',(17.7016822414315,-8.08571632575321,-17.));
#3819=CARTESIAN_POINT('Origin',(-3.19999999999999,-16.8609063282628,12.4));
#3820=CARTESIAN_POINT('',(-3.4,-4.11384369773786E-15,12.6));
#3821=CARTESIAN_POINT('',(-2.99999999999999,4.48998886412877,12.2));
#3822=CARTESIAN_POINT('Ctrl Pts',(-3.4,-4.11384369773786E-15,12.6));
#3823=CARTESIAN_POINT('Ctrl Pts',(-3.4,2.2449944320644,12.6));
#3824=CARTESIAN_POINT('Ctrl Pts',(-2.99999999999999,4.48998886412881,12.2));
#3825=CARTESIAN_POINT('',(-3.00000000000001,13.6703212778996,12.2));
#3826=CARTESIAN_POINT('',(-2.99999999999999,-16.8609063282628,12.2));
#3827=CARTESIAN_POINT('',(-3.40000000000001,13.6703212778996,12.6));
#3828=CARTESIAN_POINT('',(-3.00000000000001,13.6703212778996,12.2));
#3829=CARTESIAN_POINT('',(-3.39999999999999,-16.8609063282628,12.6));
#3830=CARTESIAN_POINT('Origin',(-7.20000000000001,13.6703212778996,12.4));
#3831=CARTESIAN_POINT('',(-9.25531914893618,10.0075814296417,12.2));
#3832=CARTESIAN_POINT('',(-9.05957446808511,10.3564137961424,12.6));
#3833=CARTESIAN_POINT('',(-9.25531914893618,10.0075814296417,12.2));
#3834=CARTESIAN_POINT('Origin',(-7.20000000000001,13.6703212778996,12.6));
#3835=CARTESIAN_POINT('Origin',(-7.20000000000001,13.6703212778996,12.2));
#3836=CARTESIAN_POINT('Origin',(-9.50000000000001,9.57154097151574,12.4));
#3837=CARTESIAN_POINT('',(-9.00000000000001,9.57154097151574,12.2));
#3838=CARTESIAN_POINT('Origin',(-9.50000000000001,9.57154097151574,12.2));
#3839=CARTESIAN_POINT('',(-8.60000000000001,9.57154097151574,12.6));
#3840=CARTESIAN_POINT('',(-9.00000000000001,9.57154097151574,12.2));
#3841=CARTESIAN_POINT('Origin',(-9.50000000000001,9.57154097151574,12.6));
#3842=CARTESIAN_POINT('Origin',(-8.8,-5.08795164646421,12.4));
#3843=CARTESIAN_POINT('',(-9.,3.50000000000001,12.2));
#3844=CARTESIAN_POINT('',(-8.6,3.50000000000001,12.6));
#3845=CARTESIAN_POINT('',(-9.,3.50000000000001,12.2));
#3846=CARTESIAN_POINT('',(-8.6,-5.08795164646421,12.6));
#3847=CARTESIAN_POINT('',(-9.,-5.08795164646421,12.2));
#3848=CARTESIAN_POINT('Origin',(-9.5,3.50000000000001,12.4));
#3849=CARTESIAN_POINT('',(-9.5,3.00000000000001,12.2));
#3850=CARTESIAN_POINT('Origin',(-9.5,3.50000000000001,12.2));
#3851=CARTESIAN_POINT('',(-9.5,2.60000000000001,12.6));
#3852=CARTESIAN_POINT('',(-9.5,3.00000000000001,12.2));
#3853=CARTESIAN_POINT('Origin',(-9.5,3.50000000000001,12.6));
#3854=CARTESIAN_POINT('Origin',(5.52624568981296,2.80000000000002,12.4));
#3855=CARTESIAN_POINT('',(-18.8247876287327,3.,12.2));
#3856=CARTESIAN_POINT('',(-18.8247876287327,2.6,12.6));
#3857=CARTESIAN_POINT('',(-18.8247876287327,3.,12.2));
#3858=CARTESIAN_POINT('',(5.52624568981296,2.60000000000002,12.6));
#3859=CARTESIAN_POINT('',(5.52624568981296,3.00000000000002,12.2));
#3860=CARTESIAN_POINT('Origin',(-18.8247876287327,2.5,12.4));
#3861=CARTESIAN_POINT('',(-19.3247876287327,2.5,12.2));
#3862=CARTESIAN_POINT('Origin',(-18.8247876287327,2.5,12.2));
#3863=CARTESIAN_POINT('',(-18.9247876287327,2.5,12.6));
#3864=CARTESIAN_POINT('',(-19.3247876287327,2.5,12.2));
#3865=CARTESIAN_POINT('Origin',(-18.8247876287327,2.5,12.6));
#3866=CARTESIAN_POINT('Origin',(-19.1247876287327,-8.52574568931297,12.4));
#3867=CARTESIAN_POINT('',(-19.3247876287327,-2.5,12.2));
#3868=CARTESIAN_POINT('',(-18.9247876287327,-2.5,12.6));
#3869=CARTESIAN_POINT('',(-19.3247876287327,-2.5,12.2));
#3870=CARTESIAN_POINT('',(-18.9247876287327,-8.52574568931297,12.6));
#3871=CARTESIAN_POINT('',(-19.3247876287327,-8.52574568931297,12.2));
#3872=CARTESIAN_POINT('Origin',(-18.8247876287327,-2.5,12.4));
#3873=CARTESIAN_POINT('',(-18.8247876287327,-3.,12.2));
#3874=CARTESIAN_POINT('Origin',(-18.8247876287327,-2.5,12.2));
#3875=CARTESIAN_POINT('',(-18.8247876287327,-2.6,12.6));
#3876=CARTESIAN_POINT('',(-18.8247876287327,-3.,12.2));
#3877=CARTESIAN_POINT('Origin',(-18.8247876287327,-2.5,12.6));
#3878=CARTESIAN_POINT('Origin',(0.363851875446632,-2.80000000000001,12.4));
#3879=CARTESIAN_POINT('',(-9.5,-3.00000000000001,12.2));
#3880=CARTESIAN_POINT('',(-9.5,-2.6,12.6));
#3881=CARTESIAN_POINT('',(-9.5,-3.00000000000001,12.2));
#3882=CARTESIAN_POINT('',(0.363851875446632,-2.60000000000001,12.6));
#3883=CARTESIAN_POINT('',(0.363851875446632,-3.00000000000001,12.2));
#3884=CARTESIAN_POINT('Origin',(-9.5,-3.5,12.4));
#3885=CARTESIAN_POINT('',(-9.,-3.5,12.2));
#3886=CARTESIAN_POINT('Origin',(-9.5,-3.5,12.2));
#3887=CARTESIAN_POINT('',(-8.6,-3.5,12.6));
#3888=CARTESIAN_POINT('',(-9.,-3.5,12.2));
#3889=CARTESIAN_POINT('Origin',(-9.5,-3.5,12.6));
#3890=CARTESIAN_POINT('Origin',(-8.79999999999999,-11.525745689313,12.4));
#3891=CARTESIAN_POINT('',(-8.99999999999999,-9.57154097151573,12.2));
#3892=CARTESIAN_POINT('',(-8.6,-9.57154097151573,12.6));
#3893=CARTESIAN_POINT('',(-8.99999999999999,-9.57154097151573,12.2));
#3894=CARTESIAN_POINT('',(-8.59999999999999,-11.525745689313,12.6));
#3895=CARTESIAN_POINT('',(-8.99999999999999,-11.525745689313,12.2));
#3896=CARTESIAN_POINT('Origin',(-9.49999999999999,-9.57154097151573,12.4));
#3897=CARTESIAN_POINT('',(-9.25531914893616,-10.0075814296417,12.2));
#3898=CARTESIAN_POINT('Origin',(-9.49999999999999,-9.57154097151573,12.2));
#3899=CARTESIAN_POINT('',(-9.0595744680851,-10.3564137961424,12.6));
#3900=CARTESIAN_POINT('',(-9.25531914893616,-10.0075814296417,12.2));
#3901=CARTESIAN_POINT('Origin',(-9.49999999999999,-9.57154097151573,12.6));
#3902=CARTESIAN_POINT('Origin',(-7.20000000000001,-13.6703212778996,12.4));
#3903=CARTESIAN_POINT('',(-3.00000000000001,-13.6703212778996,12.2));
#3904=CARTESIAN_POINT('',(-3.40000000000001,-13.6703212778996,12.6));
#3905=CARTESIAN_POINT('',(-3.00000000000001,-13.6703212778996,12.2));
#3906=CARTESIAN_POINT('Origin',(-7.20000000000001,-13.6703212778996,12.6));
#3907=CARTESIAN_POINT('Origin',(-7.20000000000001,-13.6703212778996,12.2));
#3908=CARTESIAN_POINT('Origin',(-3.19999999999999,-16.8609063282628,12.4));
#3909=CARTESIAN_POINT('',(-2.99999999999999,-4.48998886412877,12.2));
#3910=CARTESIAN_POINT('Ctrl Pts',(-2.99999999999999,-4.48998886412878,12.2));
#3911=CARTESIAN_POINT('Ctrl Pts',(-3.4,-2.2449944320644,12.6));
#3912=CARTESIAN_POINT('Ctrl Pts',(-3.4,-4.11384369773786E-15,12.6));
#3913=CARTESIAN_POINT('',(-3.39999999999999,-16.8609063282628,12.6));
#3914=CARTESIAN_POINT('',(-2.99999999999999,-16.8609063282628,12.2));
#3915=CARTESIAN_POINT('Origin',(-18.8247876287327,-2.5,0.));
#3916=CARTESIAN_POINT('',(-19.3247876287327,-2.5,-12.6));
#3917=CARTESIAN_POINT('',(-19.3247876287327,-2.5,0.));
#3918=CARTESIAN_POINT('',(-18.8247876287327,-3.,-12.6));
#3919=CARTESIAN_POINT('Origin',(-18.8247876287327,-2.5,-12.6));
#3920=CARTESIAN_POINT('',(-18.8247876287327,-3.,0.));
#3921=CARTESIAN_POINT('Origin',(-19.3247876287327,3.,0.));
#3922=CARTESIAN_POINT('',(-19.3247876287327,2.5,-12.6));
#3923=CARTESIAN_POINT('',(-19.3247876287327,2.5,0.));
#3924=CARTESIAN_POINT('',(-19.3247876287327,1.5,-12.6));
#3925=CARTESIAN_POINT('Origin',(-18.8247876287327,2.5,0.));
#3926=CARTESIAN_POINT('',(-18.8247876287327,3.,-12.6));
#3927=CARTESIAN_POINT('',(-18.8247876287327,3.,0.));
#3928=CARTESIAN_POINT('Origin',(-18.8247876287327,2.5,-12.6));
#3929=CARTESIAN_POINT('Origin',(-9.00000000000001,3.00000000000001,0.));
#3930=CARTESIAN_POINT('',(-9.5,3.00000000000001,-12.6));
#3931=CARTESIAN_POINT('',(-9.5,3.00000000000001,0.));
#3932=CARTESIAN_POINT('',(-4.5,3.00000000000001,-12.6));
#3933=CARTESIAN_POINT('Origin',(-9.5,3.50000000000001,0.));
#3934=CARTESIAN_POINT('',(-9.,3.50000000000001,-12.6));
#3935=CARTESIAN_POINT('',(-9.,3.50000000000001,0.));
#3936=CARTESIAN_POINT('Origin',(-9.5,3.50000000000001,-12.6));
#3937=CARTESIAN_POINT('Origin',(-9.00000000000001,9.87558808569753,0.));
#3938=CARTESIAN_POINT('',(-9.00000000000001,9.57154097151574,-12.6));
#3939=CARTESIAN_POINT('',(-9.00000000000001,9.57154097151574,0.));
#3940=CARTESIAN_POINT('',(-9.,4.93779404284876,-12.6));
#3941=CARTESIAN_POINT('Origin',(-9.50000000000001,9.57154097151574,0.));
#3942=CARTESIAN_POINT('',(-9.25531914893618,10.0075814296417,-12.6));
#3943=CARTESIAN_POINT('',(-9.25531914893618,10.0075814296417,0.));
#3944=CARTESIAN_POINT('Origin',(-9.50000000000001,9.57154097151574,-12.6));
#3945=CARTESIAN_POINT('Origin',(-7.20000000000001,13.6703212778996,0.));
#3946=CARTESIAN_POINT('',(-3.00000000000001,13.6703212778996,0.));
#3947=CARTESIAN_POINT('Origin',(-7.20000000000001,13.6703212778996,-12.6));
#3948=CARTESIAN_POINT('Origin',(-2.99999999999999,-13.6703212778996,0.));
#3949=CARTESIAN_POINT('Origin',(-2.99999999999999,0.,0.));
#3950=CARTESIAN_POINT('Origin',(-9.5,-3.5,0.));
#3951=CARTESIAN_POINT('',(-9.5,-3.,-12.6));
#3952=CARTESIAN_POINT('',(-9.5,-3.00000000000001,0.));
#3953=CARTESIAN_POINT('',(-9.,-3.5,-12.6));
#3954=CARTESIAN_POINT('Origin',(-9.5,-3.5,-12.6));
#3955=CARTESIAN_POINT('',(-9.,-3.5,0.));
#3956=CARTESIAN_POINT('Origin',(-19.3247876287327,-3.,0.));
#3957=CARTESIAN_POINT('',(-9.66239381436634,-3.,-12.6));
#3958=CARTESIAN_POINT('Origin',(-9.49999999999999,-9.57154097151573,0.));
#3959=CARTESIAN_POINT('',(-9.,-9.57154097151573,-12.6));
#3960=CARTESIAN_POINT('',(-8.99999999999999,-9.57154097151573,0.));
#3961=CARTESIAN_POINT('',(-9.25531914893616,-10.0075814296417,-12.6));
#3962=CARTESIAN_POINT('Origin',(-9.49999999999999,-9.57154097151573,-12.6));
#3963=CARTESIAN_POINT('',(-9.25531914893616,-10.0075814296417,0.));
#3964=CARTESIAN_POINT('Origin',(-9.,-3.,0.));
#3965=CARTESIAN_POINT('',(-9.,-1.5,-12.6));
#3966=CARTESIAN_POINT('Origin',(20.0524913796259,-20.0514913786259,12.6));
#3967=CARTESIAN_POINT('Origin',(-4.00000000000001,0.,0.));
#3968=CARTESIAN_POINT('',(-2.99999999999999,-13.,1.59204083889156E-15));
#3969=CARTESIAN_POINT('Origin',(-2.99999999999999,0.,0.));
#3970=CARTESIAN_POINT('',(-4.00000000000001,-12.,1.46957615897682E-15));
#3971=CARTESIAN_POINT('',(-4.00000000000001,-12.,1.46957615897682E-15));
#3972=CARTESIAN_POINT('Origin',(-4.00000000000002,0.,0.));
#3973=CARTESIAN_POINT('Origin',(-2.99999999999999,0.,0.));
#3974=CARTESIAN_POINT('Origin',(-2.99999999999999,-13.6703212778996,0.));
#3975=CARTESIAN_POINT('',(-3.00000000000001,-13.6703212778996,0.));
#3976=CARTESIAN_POINT('Origin',(-7.20000000000001,-13.6703212778996,0.));
#3977=CARTESIAN_POINT('Origin',(-7.20000000000001,-13.6703212778996,-12.6));
#3978=CARTESIAN_POINT('Origin',(8.88178419700125E-15,-1.35002063311409E-46,
-12.6));
#3979=CARTESIAN_POINT('Origin',(6.43433855428727E-15,2.89512501111519E-15,
-12.6));
#3980=CARTESIAN_POINT('Origin',(-4.00000000000001,0.,0.));
#3981=CARTESIAN_POINT('Origin',(-7.1999999999843,-13.6,5.00000000000001));
#3982=CARTESIAN_POINT('Origin',(-7.19999999998428,13.6,5.));
#3983=CARTESIAN_POINT('Origin',(6.52485264327028E-15,2.9326171743578E-15,
-12.8));
#3984=CARTESIAN_POINT('',(8.39159590387313,-18.2099786576057,-12.9999999999998));
#3985=CARTESIAN_POINT('',(14.1778384199489,-14.1778384199488,-13.));
#3986=CARTESIAN_POINT('Origin',(6.78855667372621E-15,2.81191224319578E-15,
-13.));
#3987=CARTESIAN_POINT('',(14.0364170637115,-14.0364170637114,-12.8));
#3988=CARTESIAN_POINT('',(18.2099786576056,-8.3915959038731,-13.));
#3989=CARTESIAN_POINT('Origin',(6.78855667372621E-15,2.81191224319578E-15,
-13.));
#3990=CARTESIAN_POINT('',(18.8101537626612,-6.94264502544936,-12.9999999999998));
#3991=CARTESIAN_POINT('Origin',(6.6153667322533E-15,2.97010933760041E-15,
-13.));
#3992=CARTESIAN_POINT('',(18.8101537626612,6.94264502544933,-13.));
#3993=CARTESIAN_POINT('Origin',(6.78855667372621E-15,2.81191224319578E-15,
-13.));
#3994=CARTESIAN_POINT('',(18.2099786576057,8.39159590387312,-12.9999999999998));
#3995=CARTESIAN_POINT('Origin',(6.6153667322533E-15,2.97010933760041E-15,
-13.));
#3996=CARTESIAN_POINT('',(8.3915959038731,18.2099786576056,-13.));
#3997=CARTESIAN_POINT('Origin',(6.78855667372621E-15,2.81191224319578E-15,
-13.));
#3998=CARTESIAN_POINT('',(6.94264502544937,18.8101537626612,-12.9999999999998));
#3999=CARTESIAN_POINT('Origin',(6.6153667322533E-15,2.97010933760041E-15,
-13.));
#4000=CARTESIAN_POINT('',(-6.94264502544932,18.8101537626612,-13.));
#4001=CARTESIAN_POINT('Origin',(6.78855667372621E-15,2.81191224319578E-15,
-13.));
#4002=CARTESIAN_POINT('',(-8.39159590387311,18.2099786576057,-12.9999999999998));
#4003=CARTESIAN_POINT('Origin',(6.6153667322533E-15,2.97010933760041E-15,
-13.));
#4004=CARTESIAN_POINT('',(-18.2099786576056,8.3915959038731,-13.));
#4005=CARTESIAN_POINT('Origin',(6.78855667372621E-15,2.81191224319578E-15,
-13.));
#4006=CARTESIAN_POINT('',(-18.8101537626612,6.94264502544936,-12.9999999999998));
#4007=CARTESIAN_POINT('Origin',(6.6153667322533E-15,2.97010933760041E-15,
-13.));
#4008=CARTESIAN_POINT('',(-18.8101537626612,-6.94264502544933,-13.));
#4009=CARTESIAN_POINT('Origin',(6.78855667372621E-15,2.81191224319578E-15,
-13.));
#4010=CARTESIAN_POINT('',(-18.2099786576057,-8.39159590387311,-12.9999999999998));
#4011=CARTESIAN_POINT('Origin',(6.6153667322533E-15,2.97010933760041E-15,
-13.));
#4012=CARTESIAN_POINT('',(-8.39159590387309,-18.2099786576056,-13.));
#4013=CARTESIAN_POINT('Origin',(6.78855667372621E-15,2.81191224319578E-15,
-13.));
#4014=CARTESIAN_POINT('',(-6.94264502544935,-18.8101537626612,-12.9999999999998));
#4015=CARTESIAN_POINT('Origin',(6.6153667322533E-15,2.97010933760041E-15,
-13.));
#4016=CARTESIAN_POINT('',(6.94264502544934,-18.8101537626612,-13.));
#4017=CARTESIAN_POINT('Origin',(6.78855667372621E-15,2.81191224319578E-15,
-13.));
#4018=CARTESIAN_POINT('Origin',(6.6153667322533E-15,2.97010933760041E-15,
-13.));
#4019=CARTESIAN_POINT('Origin',(6.,-2.,0.));
#4020=CARTESIAN_POINT('Origin',(7.1311337890236E-15,2.95381233051061E-15,
-15.006958655048));
#4021=CARTESIAN_POINT('',(8.49467545943847,-17.5865749449881,-16.6987105857331));
#4022=CARTESIAN_POINT('',(17.5865749451082,-8.49467545944626,-16.6987105853361));
#4023=CARTESIAN_POINT('Origin',(6.78855667372621E-15,2.81191224319578E-15,
-16.698710585336));
#4024=CARTESIAN_POINT('',(17.8042119231547,-8.25491840219982,-16.0287947365121));
#4025=CARTESIAN_POINT('Ctrl Pts',(17.5865749451082,-8.49467545944624,-16.6987105853361));
#4026=CARTESIAN_POINT('Ctrl Pts',(17.6245975790036,-8.49713801507476,-16.447474713047));
#4027=CARTESIAN_POINT('Ctrl Pts',(17.7054795536954,-8.40939103884583,-16.2038046949911));
#4028=CARTESIAN_POINT('Ctrl Pts',(17.8042119231547,-8.25491840219982,-16.0287947365121));
#4029=CARTESIAN_POINT('',(17.8248524104515,-8.23217866858174,-15.9634587819243));
#4030=CARTESIAN_POINT('Ctrl Pts',(17.8042119231547,-8.25491840219981,-16.0287947365121));
#4031=CARTESIAN_POINT('Ctrl Pts',(17.8138236616313,-8.23988026837031,-16.0117572648003));
#4032=CARTESIAN_POINT('Ctrl Pts',(17.8216687710225,-8.23086086727698,-15.9879556958038));
#4033=CARTESIAN_POINT('Ctrl Pts',(17.8248524104515,-8.23217866858174,-15.9634587819243));
#4034=CARTESIAN_POINT('Ctrl Pts',(17.8248524104515,-8.23217866858174,-15.9634587819243));
#4035=CARTESIAN_POINT('Ctrl Pts',(17.953230228617,-8.28531799546102,-14.9756395185198));
#4036=CARTESIAN_POINT('Ctrl Pts',(18.0816055939585,-8.33845706828535,-13.9878199175538));
#4037=CARTESIAN_POINT('Ctrl Pts',(18.2099786576057,-8.3915959038731,-13.));
#4038=CARTESIAN_POINT('',(8.23217866858174,-17.8248524104515,-15.9634587819243));
#4039=CARTESIAN_POINT('Ctrl Pts',(8.39159590387312,-18.2099786576057,-12.9999999999998));
#4040=CARTESIAN_POINT('Ctrl Pts',(8.33845706828537,-18.0816055939585,-13.9878199175537));
#4041=CARTESIAN_POINT('Ctrl Pts',(8.28531799546103,-17.953230228617,-14.9756395185197));
#4042=CARTESIAN_POINT('Ctrl Pts',(8.23217866858174,-17.8248524104515,-15.9634587819243));
#4043=CARTESIAN_POINT('',(8.25491840219983,-17.8042119231547,-16.0287947365121));
#4044=CARTESIAN_POINT('Ctrl Pts',(8.23217866858174,-17.8248524104515,-15.9634587819243));
#4045=CARTESIAN_POINT('Ctrl Pts',(8.23086086727692,-17.8216687710224,-15.9879556958051));
#4046=CARTESIAN_POINT('Ctrl Pts',(8.23988026836954,-17.8138236616318,-16.0117572647994));
#4047=CARTESIAN_POINT('Ctrl Pts',(8.25491840219981,-17.8042119231547,-16.0287947365121));
#4048=CARTESIAN_POINT('Ctrl Pts',(8.25491840219983,-17.8042119231547,-16.0287947365121));
#4049=CARTESIAN_POINT('Ctrl Pts',(8.40939103892903,-17.7054795536422,-16.2038046950854));
#4050=CARTESIAN_POINT('Ctrl Pts',(8.49713801516507,-17.6245975789186,-16.4474747133118));
#4051=CARTESIAN_POINT('Ctrl Pts',(8.49467545944227,-17.5865749450468,-16.698710585742));
#4052=CARTESIAN_POINT('Origin',(6.22284361758236E-15,2.57758622292947E-15,
-13.));
#4053=CARTESIAN_POINT('',(18.2901655419003,-8.33422778137214,-13.));
#4054=CARTESIAN_POINT('Ctrl Pts',(18.2099786576057,-8.3915959038731,-13.));
#4055=CARTESIAN_POINT('Ctrl Pts',(18.213278214494,-8.38443578139231,-13.0000000000417));
#4056=CARTESIAN_POINT('Ctrl Pts',(18.2174613223631,-8.3777708479038,-13.0000094288425));
#4057=CARTESIAN_POINT('Ctrl Pts',(18.2223715498418,-8.37167129643432,-13.000017445635));
#4058=CARTESIAN_POINT('Ctrl Pts',(18.2254987302808,-8.36778667028918,-13.0000225512959));
#4059=CARTESIAN_POINT('Ctrl Pts',(18.2289220015891,-8.36413172730473,-13.000027255486));
#4060=CARTESIAN_POINT('Ctrl Pts',(18.2326095395482,-8.36073110340814,-13.0000302232879));
#4061=CARTESIAN_POINT('Ctrl Pts',(18.2384868771598,-8.35531106029203,-13.0000349534829));
#4062=CARTESIAN_POINT('Ctrl Pts',(18.244968232293,-8.35059546798992,-13.0000349330095));
#4063=CARTESIAN_POINT('Ctrl Pts',(18.2519115852138,-8.34666997513792,-13.00003036549));
#4064=CARTESIAN_POINT('Ctrl Pts',(18.2543042777571,-8.34531724287976,-13.0000287915142));
#4065=CARTESIAN_POINT('Ctrl Pts',(18.2567521347055,-8.34405867338498,-13.0000267349974));
#4066=CARTESIAN_POINT('Ctrl Pts',(18.2592501030677,-8.34289897880714,-13.000024367791));
#4067=CARTESIAN_POINT('Ctrl Pts',(18.2664392917066,-8.33956136124171,-13.0000175549372));
#4068=CARTESIAN_POINT('Ctrl Pts',(18.2739730684928,-8.33707141235713,-13.0000079156558));
#4069=CARTESIAN_POINT('Ctrl Pts',(18.2817240361971,-8.33552407590452,-13.0000029330955));
#4070=CARTESIAN_POINT('Ctrl Pts',(18.2845114244715,-8.3349676257103,-13.0000011412766));
#4071=CARTESIAN_POINT('Ctrl Pts',(18.2873270927915,-8.33453351393837,-13.));
#4072=CARTESIAN_POINT('Ctrl Pts',(18.2901655419003,-8.33422778137214,-13.));
#4073=CARTESIAN_POINT('',(18.8262890638638,-7.03991110354068,-12.9999999999996));
#4074=CARTESIAN_POINT('Origin',(18.1977029425411,-7.53773536283729,-13.));
#4075=CARTESIAN_POINT('Ctrl Pts',(18.8262890638638,-7.03991110354066,-13.));
#4076=CARTESIAN_POINT('Ctrl Pts',(18.8212943075215,-7.03371048017886,-13.));
#4077=CARTESIAN_POINT('Ctrl Pts',(18.8171328834802,-7.0269379729122,-13.0000085679801));
#4078=CARTESIAN_POINT('Ctrl Pts',(18.8138058489565,-7.01976308271101,-13.0000164090288));
#4079=CARTESIAN_POINT('Ctrl Pts',(18.81163106453,-7.01507306841738,-13.0000215344912));
#4080=CARTESIAN_POINT('Ctrl Pts',(18.8098136904657,-7.01021024670751,-13.0000264175763));
#4081=CARTESIAN_POINT('Ctrl Pts',(18.8083649975162,-7.00521746778041,-13.000029646097));
#4082=CARTESIAN_POINT('Ctrl Pts',(18.8061399094981,-6.99754891898868,-13.0000346048722));
#4083=CARTESIAN_POINT('Ctrl Pts',(18.8048059485775,-6.98965649532042,-13.0000352064951));
#4084=CARTESIAN_POINT('Ctrl Pts',(18.8043886754281,-6.98170251899051,-13.0000309255983));
#4085=CARTESIAN_POINT('Ctrl Pts',(18.8042495539193,-6.97905061294284,-13.0000294983202));
#4086=CARTESIAN_POINT('Ctrl Pts',(18.8042127496649,-6.97639179756047,-13.0000275790488));
#4087=CARTESIAN_POINT('Ctrl Pts',(18.8042805008813,-6.97373209201748,-13.0000253162063));
#4088=CARTESIAN_POINT('Ctrl Pts',(18.8044802249292,-6.96589153674964,-13.000018645565));
#4089=CARTESIAN_POINT('Ctrl Pts',(18.8055829688484,-6.9581203892573,-13.0000085215861));
#4090=CARTESIAN_POINT('Ctrl Pts',(18.8076255399931,-6.9505725632655,-13.0000031480899));
#4091=CARTESIAN_POINT('Ctrl Pts',(18.8083488987475,-6.9478995665271,-13.0000012451131));
#4092=CARTESIAN_POINT('Ctrl Pts',(18.8091905819887,-6.94525463297137,-13.0000000000147));
#4093=CARTESIAN_POINT('Ctrl Pts',(18.8101537626612,-6.94264502544934,-13.));
#4094=CARTESIAN_POINT('Origin',(7.1311337890236E-15,2.95381233051061E-15,
-15.006958655048));
#4095=CARTESIAN_POINT('',(18.4422290227944,-6.42894378009861,-16.6987105857331));
#4096=CARTESIAN_POINT('',(18.4422290228849,6.42894378017805,-16.6987105853361));
#4097=CARTESIAN_POINT('Origin',(7.89877969835136E-15,4.22762618592782E-15,
-16.698710585336));
#4098=CARTESIAN_POINT('',(18.4265877648822,6.75237020420797,-16.0287947365121));
#4099=CARTESIAN_POINT('Ctrl Pts',(18.4422290228849,6.42894378017808,-16.6987105853361));
#4100=CARTESIAN_POINT('Ctrl Pts',(18.4708563749348,6.45408855266006,-16.447474713047));
#4101=CARTESIAN_POINT('Ctrl Pts',(18.466002085795,6.57332722736048,-16.2038046949911));
#4102=CARTESIAN_POINT('Ctrl Pts',(18.4265877648822,6.75237020420797,-16.0287947365121));
#4103=CARTESIAN_POINT('',(18.425103373573,6.78304465258623,-15.9634587819243));
#4104=CARTESIAN_POINT('Ctrl Pts',(18.4265877648822,6.75237020420799,-16.028794736512));
#4105=CARTESIAN_POINT('Ctrl Pts',(18.4227507246075,6.76980029299684,-16.0117572678052));
#4106=CARTESIAN_POINT('Ctrl Pts',(18.4219203748665,6.78172530602872,-15.9879556914832));
#4107=CARTESIAN_POINT('Ctrl Pts',(18.425103373573,6.78304465258623,-15.9634587819243));
#4108=CARTESIAN_POINT('Ctrl Pts',(18.425103373573,6.78304465258623,-15.9634587819243));
#4109=CARTESIAN_POINT('Ctrl Pts',(18.5534553777358,6.83624629998097,-14.9756395185198));
#4110=CARTESIAN_POINT('Ctrl Pts',(18.6818054678461,6.88944639261119,-13.9878199175538));
#4111=CARTESIAN_POINT('Ctrl Pts',(18.8101537626612,6.94264502544934,-13.));
#4112=CARTESIAN_POINT('',(18.425103373573,-6.78304465258623,-15.9634587819243));
#4113=CARTESIAN_POINT('Ctrl Pts',(18.8101537626612,-6.94264502544935,-12.9999999999998));
#4114=CARTESIAN_POINT('Ctrl Pts',(18.6818054678462,-6.8894463926112,-13.9878199175537));
#4115=CARTESIAN_POINT('Ctrl Pts',(18.5534553777358,-6.83624629998098,-14.9756395185197));
#4116=CARTESIAN_POINT('Ctrl Pts',(18.425103373573,-6.78304465258623,-15.9634587819243));
#4117=CARTESIAN_POINT('',(18.4265877648822,-6.75237020420797,-16.0287947365121));
#4118=CARTESIAN_POINT('Ctrl Pts',(18.425103373573,-6.78304465258623,-15.9634587819243));
#4119=CARTESIAN_POINT('Ctrl Pts',(18.4219203748665,-6.78172530602872,-15.9879556914832));
#4120=CARTESIAN_POINT('Ctrl Pts',(18.4227507246075,-6.76980029299684,-16.0117572678052));
#4121=CARTESIAN_POINT('Ctrl Pts',(18.4265877648822,-6.75237020420799,-16.0287947365121));
#4122=CARTESIAN_POINT('Ctrl Pts',(18.4265877648822,-6.75237020420797,-16.0287947365121));
#4123=CARTESIAN_POINT('Ctrl Pts',(18.4660020858163,-6.57332722726407,-16.2038046950854));
#4124=CARTESIAN_POINT('Ctrl Pts',(18.4708563749386,-6.45408855253615,-16.4474747133118));
#4125=CARTESIAN_POINT('Ctrl Pts',(18.4422290228386,-6.42894378013746,-16.698710585742));
#4126=CARTESIAN_POINT('Origin',(6.22284361758236E-15,2.57758622292947E-15,
-13.));
#4127=CARTESIAN_POINT('',(18.8262890638638,7.03991110354066,-13.));
#4128=CARTESIAN_POINT('Ctrl Pts',(18.8101537626612,6.94264502544934,-13.));
#4129=CARTESIAN_POINT('Ctrl Pts',(18.8074239305516,6.95004113566029,-13.0000000000417));
#4130=CARTESIAN_POINT('Ctrl Pts',(18.8056690148264,6.95771185926687,-13.0000094288425));
#4131=CARTESIAN_POINT('Ctrl Pts',(18.8048280357674,6.96549694862048,-13.000017445635));
#4132=CARTESIAN_POINT('Ctrl Pts',(18.8042924407723,6.97045504460451,-13.0000225512959));
#4133=CARTESIAN_POINT('Ctrl Pts',(18.804128624159,6.97546009792958,-13.000027255486));
#4134=CARTESIAN_POINT('Ctrl Pts',(18.8043315030382,6.98047218524388,-13.0000302232879));
#4135=CARTESIAN_POINT('Ctrl Pts',(18.804654859077,6.98846063976605,-13.0000349534829));
#4136=CARTESIAN_POINT('Ctrl Pts',(18.8059034419488,6.99637807722603,-13.0000349330095));
#4137=CARTESIAN_POINT('Ctrl Pts',(18.8080373912681,7.00406351177562,-13.00003036549));
#4138=CARTESIAN_POINT('Ctrl Pts',(18.8087727542379,7.00671192705123,-13.0000287915142));
#4139=CARTESIAN_POINT('Ctrl Pts',(18.8096137074612,7.00933276632324,-13.0000267349974));
#4140=CARTESIAN_POINT('Ctrl Pts',(18.8105600099292,7.0119191245915,-13.000024367791));
#4141=CARTESIAN_POINT('Ctrl Pts',(18.8132834819535,7.01936270064298,-13.0000175549372));
#4142=CARTESIAN_POINT('Ctrl Pts',(18.816850006866,7.02645054503773,-13.0000079156558));
#4143=CARTESIAN_POINT('Ctrl Pts',(18.8212366365923,7.03302543896079,-13.0000029330955));
#4144=CARTESIAN_POINT('Ctrl Pts',(18.822814148037,7.03538988981692,-13.0000011412766));
#4145=CARTESIAN_POINT('Ctrl Pts',(18.8244981628218,7.03768783135712,-13.));
#4146=CARTESIAN_POINT('Ctrl Pts',(18.8262890638638,7.03991110354066,-13.));
#4147=CARTESIAN_POINT('',(18.2901655419003,8.33422778137216,-12.9999999999996));
#4148=CARTESIAN_POINT('Origin',(18.1977029425411,7.5377353628373,-13.));
#4149=CARTESIAN_POINT('Ctrl Pts',(18.2901655419003,8.33422778137214,-13.));
#4150=CARTESIAN_POINT('Ctrl Pts',(18.2822492129935,8.33508045811883,-13.));
#4151=CARTESIAN_POINT('Ctrl Pts',(18.2745177560206,8.33692677277374,-13.0000085679801));
#4152=CARTESIAN_POINT('Ctrl Pts',(18.2670917738321,8.33964761761637,-13.0000164090288));
#4153=CARTESIAN_POINT('Ctrl Pts',(18.2622376281056,8.34142615371165,-13.0000215344912));
#4154=CARTESIAN_POINT('Ctrl Pts',(18.2575140163741,8.34357961039357,-13.0000264175763));
#4155=CARTESIAN_POINT('Ctrl Pts',(18.2529592079294,8.34608565762139,-13.000029646097));
#4156=CARTESIAN_POINT('Ctrl Pts',(18.2459633502506,8.34993476564749,-13.0000346048722));
#4157=CARTESIAN_POINT('Ctrl Pts',(18.2394393111422,8.35457229913049,-13.0000352064951));
#4158=CARTESIAN_POINT('Ctrl Pts',(18.2335199438684,8.35990155305711,-13.0000309255983));
#4159=CARTESIAN_POINT('Ctrl Pts',(18.2315463893566,8.36167836004424,-13.0000294983202));
#4160=CARTESIAN_POINT('Ctrl Pts',(18.2296402984319,8.36353240189328,-13.0000275790488));
#4161=CARTESIAN_POINT('Ctrl Pts',(18.227807509951,8.36546100506336,-13.0000253162063));
#4162=CARTESIAN_POINT('Ctrl Pts',(18.2224046263814,8.37114634109011,-13.000018645565));
#4163=CARTESIAN_POINT('Ctrl Pts',(18.2176893529951,8.37742112988275,-13.0000085215861));
#4164=CARTESIAN_POINT('Ctrl Pts',(18.2137965499606,8.38420256473231,-13.0000031480899));
#4165=CARTESIAN_POINT('Ctrl Pts',(18.2124179477213,8.38660415073257,-13.0000012451131));
#4166=CARTESIAN_POINT('Ctrl Pts',(18.2111428571957,8.389069561113,-13.0000000000147));
#4167=CARTESIAN_POINT('Ctrl Pts',(18.2099786576057,8.3915959038731,-13.));
#4168=CARTESIAN_POINT('Origin',(7.1311337890236E-15,2.95381233051061E-15,
-15.006958655048));
#4169=CARTESIAN_POINT('',(17.5865749449881,8.49467545943846,-16.6987105857331));
#4170=CARTESIAN_POINT('',(8.49467545944627,17.5865749451082,-16.6987105853361));
#4171=CARTESIAN_POINT('Origin',(5.67833364910105E-15,5.0323582924461E-15,
-16.698710585336));
#4172=CARTESIAN_POINT('',(8.25491840219983,17.8042119231547,-16.0287947365121));
#4173=CARTESIAN_POINT('Ctrl Pts',(8.49467545944625,17.5865749451082,-16.6987105853361));
#4174=CARTESIAN_POINT('Ctrl Pts',(8.49713801507477,17.6245975790036,-16.447474713047));
#4175=CARTESIAN_POINT('Ctrl Pts',(8.40939103884584,17.7054795536954,-16.2038046949911));
#4176=CARTESIAN_POINT('Ctrl Pts',(8.25491840219983,17.8042119231547,-16.0287947365121));
#4177=CARTESIAN_POINT('',(8.23217866858174,17.8248524104515,-15.9634587819243));
#4178=CARTESIAN_POINT('Ctrl Pts',(8.25491840219982,17.8042119231547,-16.0287947365121));
#4179=CARTESIAN_POINT('Ctrl Pts',(8.23988026837032,17.8138236616313,-16.0117572648003));
#4180=CARTESIAN_POINT('Ctrl Pts',(8.23086086727699,17.8216687710225,-15.9879556958038));
#4181=CARTESIAN_POINT('Ctrl Pts',(8.23217866858174,17.8248524104515,-15.9634587819243));
#4182=CARTESIAN_POINT('Ctrl Pts',(8.23217866858175,17.8248524104515,-15.9634587819243));
#4183=CARTESIAN_POINT('Ctrl Pts',(8.28531799546103,17.953230228617,-14.9756395185198));
#4184=CARTESIAN_POINT('Ctrl Pts',(8.33845706828536,18.0816055939585,-13.9878199175538));
#4185=CARTESIAN_POINT('Ctrl Pts',(8.3915959038731,18.2099786576057,-13.));
#4186=CARTESIAN_POINT('',(17.8248524104515,8.23217866858174,-15.9634587819243));
#4187=CARTESIAN_POINT('Ctrl Pts',(18.2099786576057,8.39159590387311,-12.9999999999998));
#4188=CARTESIAN_POINT('Ctrl Pts',(18.0816055939585,8.33845706828536,-13.9878199175536));
#4189=CARTESIAN_POINT('Ctrl Pts',(17.953230228617,8.28531799546103,-14.9756395185197));
#4190=CARTESIAN_POINT('Ctrl Pts',(17.8248524104515,8.23217866858174,-15.9634587819243));
#4191=CARTESIAN_POINT('',(17.8042119231547,8.25491840219982,-16.0287947365121));
#4192=CARTESIAN_POINT('Ctrl Pts',(17.8248524104515,8.23217866858174,-15.9634587819243));
#4193=CARTESIAN_POINT('Ctrl Pts',(17.8216687710224,8.23086086727691,-15.9879556958051));
#4194=CARTESIAN_POINT('Ctrl Pts',(17.8138236616318,8.23988026836954,-16.0117572647994));
#4195=CARTESIAN_POINT('Ctrl Pts',(17.8042119231547,8.2549184021998,-16.028794736512));
#4196=CARTESIAN_POINT('Ctrl Pts',(17.8042119231547,8.25491840219982,-16.0287947365121));
#4197=CARTESIAN_POINT('Ctrl Pts',(17.7054795536422,8.40939103892902,-16.2038046950854));
#4198=CARTESIAN_POINT('Ctrl Pts',(17.6245975789186,8.49713801516506,-16.4474747133118));
#4199=CARTESIAN_POINT('Ctrl Pts',(17.5865749450468,8.49467545944226,-16.698710585742));
#4200=CARTESIAN_POINT('Origin',(6.22284361758236E-15,2.57758622292947E-15,
-13.));
#4201=CARTESIAN_POINT('',(8.33422778137215,18.2901655419003,-13.));
#4202=CARTESIAN_POINT('Ctrl Pts',(8.3915959038731,18.2099786576057,-13.));
#4203=CARTESIAN_POINT('Ctrl Pts',(8.3844357813923,18.213278214494,-13.0000000000417));
#4204=CARTESIAN_POINT('Ctrl Pts',(8.37777084790377,18.2174613223631,-13.0000094288425));
#4205=CARTESIAN_POINT('Ctrl Pts',(8.37167129643429,18.2223715498418,-13.000017445635));
#4206=CARTESIAN_POINT('Ctrl Pts',(8.36778667028917,18.2254987302808,-13.0000225512959));
#4207=CARTESIAN_POINT('Ctrl Pts',(8.36413172730473,18.2289220015891,-13.000027255486));
#4208=CARTESIAN_POINT('Ctrl Pts',(8.36073110340814,18.2326095395482,-13.0000302232879));
#4209=CARTESIAN_POINT('Ctrl Pts',(8.35531106029208,18.2384868771598,-13.0000349534828));
#4210=CARTESIAN_POINT('Ctrl Pts',(8.35059546799001,18.2449682322929,-13.0000349330095));
#4211=CARTESIAN_POINT('Ctrl Pts',(8.34666997513802,18.2519115852137,-13.00003036549));
#4212=CARTESIAN_POINT('Ctrl Pts',(8.34531724287983,18.254304277757,-13.0000287915142));
#4213=CARTESIAN_POINT('Ctrl Pts',(8.34405867338501,18.2567521347055,-13.0000267349974));
#4214=CARTESIAN_POINT('Ctrl Pts',(8.34289897880714,18.2592501030677,-13.000024367791));
#4215=CARTESIAN_POINT('Ctrl Pts',(8.33956136124165,18.2664392917067,-13.0000175549372));
#4216=CARTESIAN_POINT('Ctrl Pts',(8.33707141235703,18.2739730684931,-13.0000079156558));
#4217=CARTESIAN_POINT('Ctrl Pts',(8.33552407590443,18.2817240361976,-13.0000029330954));
#4218=CARTESIAN_POINT('Ctrl Pts',(8.33496762571026,18.2845114244718,-13.0000011412766));
#4219=CARTESIAN_POINT('Ctrl Pts',(8.33453351393836,18.2873270927916,-13.));
#4220=CARTESIAN_POINT('Ctrl Pts',(8.33422778137215,18.2901655419003,-13.));
#4221=CARTESIAN_POINT('',(7.03991110354069,18.8262890638638,-12.9999999999996));
#4222=CARTESIAN_POINT('Origin',(7.5377353628373,18.1977029425411,-13.));
#4223=CARTESIAN_POINT('Ctrl Pts',(7.03991110354067,18.8262890638638,-13.));
#4224=CARTESIAN_POINT('Ctrl Pts',(7.03371048017882,18.8212943075214,-13.));
#4225=CARTESIAN_POINT('Ctrl Pts',(7.0269379729121,18.8171328834801,-13.0000085679801));
#4226=CARTESIAN_POINT('Ctrl Pts',(7.01976308271084,18.8138058489564,-13.0000164090288));
#4227=CARTESIAN_POINT('Ctrl Pts',(7.01507306841726,18.8116310645299,-13.0000215344912));
#4228=CARTESIAN_POINT('Ctrl Pts',(7.01021024670746,18.8098136904657,-13.0000264175763));
#4229=CARTESIAN_POINT('Ctrl Pts',(7.00521746778042,18.8083649975162,-13.000029646097));
#4230=CARTESIAN_POINT('Ctrl Pts',(6.99754891898893,18.8061399094981,-13.0000346048722));
#4231=CARTESIAN_POINT('Ctrl Pts',(6.98965649532095,18.8048059485776,-13.0000352064951));
#4232=CARTESIAN_POINT('Ctrl Pts',(6.9817025189913,18.8043886754281,-13.0000309255983));
#4233=CARTESIAN_POINT('Ctrl Pts',(6.97905061294337,18.8042495539193,-13.0000294983202));
#4234=CARTESIAN_POINT('Ctrl Pts',(6.97639179756074,18.8042127496649,-13.0000275790488));
#4235=CARTESIAN_POINT('Ctrl Pts',(6.97373209201749,18.8042805008813,-13.0000253162063));
#4236=CARTESIAN_POINT('Ctrl Pts',(6.96589153674965,18.8044802249292,-13.000018645565));
#4237=CARTESIAN_POINT('Ctrl Pts',(6.95812038925731,18.8055829688484,-13.0000085215861));
#4238=CARTESIAN_POINT('Ctrl Pts',(6.95057256326552,18.8076255399931,-13.0000031480899));
#4239=CARTESIAN_POINT('Ctrl Pts',(6.94789956652711,18.8083488987475,-13.0000012451131));
#4240=CARTESIAN_POINT('Ctrl Pts',(6.94525463297138,18.8091905819886,-13.0000000000147));
#4241=CARTESIAN_POINT('Ctrl Pts',(6.94264502544935,18.8101537626612,-13.));
#4242=CARTESIAN_POINT('Origin',(7.1311337890236E-15,2.95381233051061E-15,
-15.006958655048));
#4243=CARTESIAN_POINT('',(6.42894378009862,18.4422290227944,-16.6987105857331));
#4244=CARTESIAN_POINT('',(-6.42894378017804,18.4422290228849,-16.6987105853361));
#4245=CARTESIAN_POINT('Origin',(5.91300875232846E-15,3.92213526782094E-15,
-16.698710585336));
#4246=CARTESIAN_POINT('',(-6.75237020420796,18.4265877648822,-16.0287947365121));
#4247=CARTESIAN_POINT('Ctrl Pts',(-6.42894378017806,18.4422290228849,-16.6987105853361));
#4248=CARTESIAN_POINT('Ctrl Pts',(-6.45408855266004,18.4708563749348,-16.447474713047));
#4249=CARTESIAN_POINT('Ctrl Pts',(-6.57332722736047,18.466002085795,-16.2038046949911));
#4250=CARTESIAN_POINT('Ctrl Pts',(-6.75237020420796,18.4265877648822,-16.0287947365121));
#4251=CARTESIAN_POINT('',(-6.78304465258622,18.425103373573,-15.9634587819243));
#4252=CARTESIAN_POINT('Ctrl Pts',(-6.75237020420798,18.4265877648822,-16.0287947365121));
#4253=CARTESIAN_POINT('Ctrl Pts',(-6.76980029299683,18.4227507246075,-16.0117572678052));
#4254=CARTESIAN_POINT('Ctrl Pts',(-6.78172530602871,18.4219203748665,-15.9879556914832));
#4255=CARTESIAN_POINT('Ctrl Pts',(-6.78304465258622,18.425103373573,-15.9634587819243));
#4256=CARTESIAN_POINT('Ctrl Pts',(-6.78304465258622,18.425103373573,-15.9634587819243));
#4257=CARTESIAN_POINT('Ctrl Pts',(-6.83624629998097,18.5534553777358,-14.9756395185198));
#4258=CARTESIAN_POINT('Ctrl Pts',(-6.88944639261118,18.6818054678461,-13.9878199175538));
#4259=CARTESIAN_POINT('Ctrl Pts',(-6.94264502544933,18.8101537626612,-13.));
#4260=CARTESIAN_POINT('',(6.78304465258624,18.425103373573,-15.9634587819243));
#4261=CARTESIAN_POINT('Ctrl Pts',(6.94264502544937,18.8101537626612,-12.9999999999998));
#4262=CARTESIAN_POINT('Ctrl Pts',(6.88944639261121,18.6818054678462,-13.9878199175537));
#4263=CARTESIAN_POINT('Ctrl Pts',(6.83624629998099,18.5534553777358,-14.9756395185197));
#4264=CARTESIAN_POINT('Ctrl Pts',(6.78304465258624,18.425103373573,-15.9634587819243));
#4265=CARTESIAN_POINT('',(6.75237020420798,18.4265877648822,-16.0287947365121));
#4266=CARTESIAN_POINT('Ctrl Pts',(6.78304465258624,18.425103373573,-15.9634587819243));
#4267=CARTESIAN_POINT('Ctrl Pts',(6.78172530602873,18.4219203748665,-15.9879556914832));
#4268=CARTESIAN_POINT('Ctrl Pts',(6.76980029299686,18.4227507246075,-16.0117572678052));
#4269=CARTESIAN_POINT('Ctrl Pts',(6.75237020420801,18.4265877648822,-16.0287947365121));
#4270=CARTESIAN_POINT('Ctrl Pts',(6.75237020420798,18.4265877648822,-16.0287947365121));
#4271=CARTESIAN_POINT('Ctrl Pts',(6.57332722726408,18.4660020858163,-16.2038046950854));
#4272=CARTESIAN_POINT('Ctrl Pts',(6.45408855253616,18.4708563749386,-16.4474747133118));
#4273=CARTESIAN_POINT('Ctrl Pts',(6.42894378013747,18.4422290228386,-16.698710585742));
#4274=CARTESIAN_POINT('Origin',(6.22284361758236E-15,2.57758622292947E-15,
-13.));
#4275=CARTESIAN_POINT('',(-7.03991110354065,18.8262890638638,-13.));
#4276=CARTESIAN_POINT('Ctrl Pts',(-6.94264502544933,18.8101537626612,-13.));
#4277=CARTESIAN_POINT('Ctrl Pts',(-6.95004113566027,18.8074239305516,-13.0000000000417));
#4278=CARTESIAN_POINT('Ctrl Pts',(-6.95771185926682,18.8056690148264,-13.0000094288425));
#4279=CARTESIAN_POINT('Ctrl Pts',(-6.96549694862041,18.8048280357674,-13.000017445635));
#4280=CARTESIAN_POINT('Ctrl Pts',(-6.97045504460445,18.8042924407723,-13.0000225512959));
#4281=CARTESIAN_POINT('Ctrl Pts',(-6.97546009792955,18.804128624159,-13.000027255486));
#4282=CARTESIAN_POINT('Ctrl Pts',(-6.98047218524387,18.8043315030382,-13.0000302232879));
#4283=CARTESIAN_POINT('Ctrl Pts',(-6.98846063976599,18.804654859077,-13.0000349534829));
#4284=CARTESIAN_POINT('Ctrl Pts',(-6.99637807722591,18.8059034419488,-13.0000349330095));
#4285=CARTESIAN_POINT('Ctrl Pts',(-7.00406351177546,18.8080373912681,-13.00003036549));
#4286=CARTESIAN_POINT('Ctrl Pts',(-7.00671192705112,18.8087727542379,-13.0000287915142));
#4287=CARTESIAN_POINT('Ctrl Pts',(-7.00933276632318,18.8096137074612,-13.0000267349974));
#4288=CARTESIAN_POINT('Ctrl Pts',(-7.0119191245915,18.8105600099292,-13.000024367791));
#4289=CARTESIAN_POINT('Ctrl Pts',(-7.01936270064304,18.8132834819535,-13.0000175549372));
#4290=CARTESIAN_POINT('Ctrl Pts',(-7.02645054503786,18.8168500068661,-13.0000079156558));
#4291=CARTESIAN_POINT('Ctrl Pts',(-7.03302543896097,18.8212366365924,-13.0000029330955));
#4292=CARTESIAN_POINT('Ctrl Pts',(-7.03538988981703,18.8228141480371,-13.0000011412766));
#4293=CARTESIAN_POINT('Ctrl Pts',(-7.03768783135717,18.8244981628219,-13.));
#4294=CARTESIAN_POINT('Ctrl Pts',(-7.03991110354065,18.8262890638638,-13.));
#4295=CARTESIAN_POINT('',(-8.33422778137215,18.2901655419003,-12.9999999999996));
#4296=CARTESIAN_POINT('Origin',(-7.53773536283729,18.1977029425411,-13.));
#4297=CARTESIAN_POINT('Ctrl Pts',(-8.33422778137213,18.2901655419003,-13.));
#4298=CARTESIAN_POINT('Ctrl Pts',(-8.33508045811881,18.2822492129936,-13.));
#4299=CARTESIAN_POINT('Ctrl Pts',(-8.33692677277367,18.2745177560208,-13.0000085679801));
#4300=CARTESIAN_POINT('Ctrl Pts',(-8.33964761761623,18.2670917738324,-13.0000164090288));
#4301=CARTESIAN_POINT('Ctrl Pts',(-8.34142615371153,18.2622376281059,-13.0000215344913));
#4302=CARTESIAN_POINT('Ctrl Pts',(-8.3435796103935,18.2575140163742,-13.0000264175763));
#4303=CARTESIAN_POINT('Ctrl Pts',(-8.34608565762138,18.2529592079294,-13.000029646097));
#4304=CARTESIAN_POINT('Ctrl Pts',(-8.34993476564756,18.2459633502505,-13.0000346048722));
#4305=CARTESIAN_POINT('Ctrl Pts',(-8.35457229913067,18.2394393111419,-13.0000352064951));
#4306=CARTESIAN_POINT('Ctrl Pts',(-8.35990155305744,18.233519943868,-13.0000309255983));
#4307=CARTESIAN_POINT('Ctrl Pts',(-8.36167836004446,18.2315463893563,-13.0000294983202));
#4308=CARTESIAN_POINT('Ctrl Pts',(-8.36353240189339,18.2296402984318,-13.0000275790488));
#4309=CARTESIAN_POINT('Ctrl Pts',(-8.36546100506335,18.227807509951,-13.0000253162063));
#4310=CARTESIAN_POINT('Ctrl Pts',(-8.37114634108999,18.2224046263815,-13.000018645565));
#4311=CARTESIAN_POINT('Ctrl Pts',(-8.3774211298825,18.2176893529953,-13.0000085215861));
#4312=CARTESIAN_POINT('Ctrl Pts',(-8.38420256473189,18.2137965499608,-13.0000031480899));
#4313=CARTESIAN_POINT('Ctrl Pts',(-8.38660415073229,18.2124179477214,-13.0000012451131));
#4314=CARTESIAN_POINT('Ctrl Pts',(-8.38906956111285,18.2111428571957,-13.0000000000147));
#4315=CARTESIAN_POINT('Ctrl Pts',(-8.39159590387309,18.2099786576057,-13.));
#4316=CARTESIAN_POINT('Origin',(7.1311337890236E-15,2.95381233051061E-15,
-15.006958655048));
#4317=CARTESIAN_POINT('',(-8.49467545943845,17.5865749449881,-16.6987105857331));
#4318=CARTESIAN_POINT('',(-17.5865749451082,8.49467545944627,-16.6987105853361));
#4319=CARTESIAN_POINT('Origin',(9.00900272297652E-15,2.81191224319578E-15,
-16.698710585336));
#4320=CARTESIAN_POINT('',(-17.8042119231547,8.25491840219983,-16.0287947365121));
#4321=CARTESIAN_POINT('Ctrl Pts',(-17.5865749451082,8.49467545944625,-16.6987105853361));
#4322=CARTESIAN_POINT('Ctrl Pts',(-17.6245975790035,8.49713801507478,-16.447474713047));
#4323=CARTESIAN_POINT('Ctrl Pts',(-17.7054795536954,8.40939103884585,-16.2038046949911));
#4324=CARTESIAN_POINT('Ctrl Pts',(-17.8042119231547,8.25491840219983,-16.0287947365121));
#4325=CARTESIAN_POINT('',(-17.8248524104515,8.23217866858174,-15.9634587819243));
#4326=CARTESIAN_POINT('Ctrl Pts',(-17.8042119231547,8.25491840219981,-16.0287947365121));
#4327=CARTESIAN_POINT('Ctrl Pts',(-17.8138236616313,8.23988026837032,-16.0117572648003));
#4328=CARTESIAN_POINT('Ctrl Pts',(-17.8216687710225,8.23086086727699,-15.9879556958038));
#4329=CARTESIAN_POINT('Ctrl Pts',(-17.8248524104515,8.23217866858174,-15.9634587819243));
#4330=CARTESIAN_POINT('Ctrl Pts',(-17.8248524104515,8.23217866858175,-15.9634587819243));
#4331=CARTESIAN_POINT('Ctrl Pts',(-17.953230228617,8.28531799546103,-14.9756395185198));
#4332=CARTESIAN_POINT('Ctrl Pts',(-18.0816055939585,8.33845706828536,-13.9878199175538));
#4333=CARTESIAN_POINT('Ctrl Pts',(-18.2099786576057,8.39159590387311,-13.));
#4334=CARTESIAN_POINT('',(-8.23217866858172,17.8248524104515,-15.9634587819243));
#4335=CARTESIAN_POINT('Ctrl Pts',(-8.3915959038731,18.2099786576057,-12.9999999999998));
#4336=CARTESIAN_POINT('Ctrl Pts',(-8.33845706828535,18.0816055939585,-13.9878199175537));
#4337=CARTESIAN_POINT('Ctrl Pts',(-8.28531799546102,17.953230228617,-14.9756395185197));
#4338=CARTESIAN_POINT('Ctrl Pts',(-8.23217866858173,17.8248524104515,-15.9634587819243));
#4339=CARTESIAN_POINT('',(-8.25491840219981,17.8042119231547,-16.0287947365121));
#4340=CARTESIAN_POINT('Ctrl Pts',(-8.23217866858172,17.8248524104515,-15.9634587819243));
#4341=CARTESIAN_POINT('Ctrl Pts',(-8.2308608672769,17.8216687710224,-15.9879556958051));
#4342=CARTESIAN_POINT('Ctrl Pts',(-8.23988026836953,17.8138236616318,-16.0117572647994));
#4343=CARTESIAN_POINT('Ctrl Pts',(-8.25491840219979,17.8042119231547,-16.0287947365121));
#4344=CARTESIAN_POINT('Ctrl Pts',(-8.25491840219981,17.8042119231547,-16.0287947365121));
#4345=CARTESIAN_POINT('Ctrl Pts',(-8.40939103892901,17.7054795536422,-16.2038046950854));
#4346=CARTESIAN_POINT('Ctrl Pts',(-8.49713801516505,17.6245975789186,-16.4474747133118));
#4347=CARTESIAN_POINT('Ctrl Pts',(-8.49467545944225,17.5865749450468,-16.698710585742));
#4348=CARTESIAN_POINT('Origin',(6.22284361758236E-15,2.57758622292947E-15,
-13.));
#4349=CARTESIAN_POINT('',(-18.2901655419003,8.33422778137215,-13.));
#4350=CARTESIAN_POINT('Ctrl Pts',(-18.2099786576057,8.39159590387311,-13.));
#4351=CARTESIAN_POINT('Ctrl Pts',(-18.213278214494,8.38443578139238,-13.0000000000417));
#4352=CARTESIAN_POINT('Ctrl Pts',(-18.217461322363,8.37777084790392,-13.0000094288425));
#4353=CARTESIAN_POINT('Ctrl Pts',(-18.2223715498417,8.37167129643448,-13.000017445635));
#4354=CARTESIAN_POINT('Ctrl Pts',(-18.2254987302807,8.36778667028929,-13.0000225512959));
#4355=CARTESIAN_POINT('Ctrl Pts',(-18.228922001589,8.36413172730479,-13.000027255486));
#4356=CARTESIAN_POINT('Ctrl Pts',(-18.2326095395482,8.36073110340814,-13.0000302232879));
#4357=CARTESIAN_POINT('Ctrl Pts',(-18.2384868771598,8.35531106029207,-13.0000349534829));
#4358=CARTESIAN_POINT('Ctrl Pts',(-18.2449682322929,8.35059546798998,-13.0000349330095));
#4359=CARTESIAN_POINT('Ctrl Pts',(-18.2519115852137,8.34666997513799,-13.0000303654901));
#4360=CARTESIAN_POINT('Ctrl Pts',(-18.254304277757,8.34531724287981,-13.0000287915142));
#4361=CARTESIAN_POINT('Ctrl Pts',(-18.2567521347055,8.34405867338501,-13.0000267349974));
#4362=CARTESIAN_POINT('Ctrl Pts',(-18.2592501030677,8.34289897880715,-13.000024367791));
#4363=CARTESIAN_POINT('Ctrl Pts',(-18.2664392917067,8.33956136124163,-13.0000175549372));
#4364=CARTESIAN_POINT('Ctrl Pts',(-18.2739730684932,8.337071412357,-13.0000079156558));
#4365=CARTESIAN_POINT('Ctrl Pts',(-18.2817240361977,8.33552407590441,-13.0000029330955));
#4366=CARTESIAN_POINT('Ctrl Pts',(-18.2845114244719,8.33496762571025,-13.0000011412766));
#4367=CARTESIAN_POINT('Ctrl Pts',(-18.2873270927917,8.33453351393835,-13.));
#4368=CARTESIAN_POINT('Ctrl Pts',(-18.2901655419003,8.33422778137215,-13.));
#4369=CARTESIAN_POINT('',(-18.8262890638638,7.03991110354069,-12.9999999999996));
#4370=CARTESIAN_POINT('Origin',(-18.1977029425411,7.5377353628373,-13.));
#4371=CARTESIAN_POINT('Ctrl Pts',(-18.8262890638638,7.03991110354067,-13.));
#4372=CARTESIAN_POINT('Ctrl Pts',(-18.8212943075215,7.03371048017891,-13.));
#4373=CARTESIAN_POINT('Ctrl Pts',(-18.8171328834802,7.02693797291231,-13.0000085679801));
#4374=CARTESIAN_POINT('Ctrl Pts',(-18.8138058489565,7.01976308271118,-13.0000164090288));
#4375=CARTESIAN_POINT('Ctrl Pts',(-18.81163106453,7.01507306841749,-13.0000215344913));
#4376=CARTESIAN_POINT('Ctrl Pts',(-18.8098136904657,7.01021024670758,-13.0000264175763));
#4377=CARTESIAN_POINT('Ctrl Pts',(-18.8083649975161,7.00521746778042,-13.000029646097));
#4378=CARTESIAN_POINT('Ctrl Pts',(-18.806139909498,6.99754891898867,-13.0000346048722));
#4379=CARTESIAN_POINT('Ctrl Pts',(-18.8048059485775,6.98965649532039,-13.0000352064951));
#4380=CARTESIAN_POINT('Ctrl Pts',(-18.8043886754281,6.98170251899045,-13.0000309255983));
#4381=CARTESIAN_POINT('Ctrl Pts',(-18.8042495539192,6.9790506129428,-13.0000294983202));
#4382=CARTESIAN_POINT('Ctrl Pts',(-18.8042127496649,6.97639179756045,-13.0000275790488));
#4383=CARTESIAN_POINT('Ctrl Pts',(-18.8042805008813,6.97373209201749,-13.0000253162063));
#4384=CARTESIAN_POINT('Ctrl Pts',(-18.8044802249291,6.96589153674985,-13.000018645565));
#4385=CARTESIAN_POINT('Ctrl Pts',(-18.8055829688483,6.95812038925771,-13.0000085215861));
#4386=CARTESIAN_POINT('Ctrl Pts',(-18.807625539993,6.9505725632661,-13.0000031480899));
#4387=CARTESIAN_POINT('Ctrl Pts',(-18.8083488987474,6.94789956652749,-13.0000012451131));
#4388=CARTESIAN_POINT('Ctrl Pts',(-18.8091905819886,6.94525463297157,-13.0000000000147));
#4389=CARTESIAN_POINT('Ctrl Pts',(-18.8101537626612,6.94264502544935,-13.));
#4390=CARTESIAN_POINT('Origin',(7.1311337890236E-15,2.95381233051061E-15,
-15.006958655048));
#4391=CARTESIAN_POINT('',(-18.4422290227944,6.42894378009862,-16.6987105857331));
#4392=CARTESIAN_POINT('',(-18.4422290228849,-6.42894378017805,-16.6987105853361));
#4393=CARTESIAN_POINT('Origin',(9.00900272297652E-15,4.77606122325613E-15,
-16.698710585336));
#4394=CARTESIAN_POINT('',(-18.4265877648822,-6.75237020420797,-16.0287947365121));
#4395=CARTESIAN_POINT('Ctrl Pts',(-18.4422290228848,-6.42894378017807,-16.6987105853361));
#4396=CARTESIAN_POINT('Ctrl Pts',(-18.4708563749348,-6.45408855266005,-16.447474713047));
#4397=CARTESIAN_POINT('Ctrl Pts',(-18.466002085795,-6.57332722736048,-16.2038046949911));
#4398=CARTESIAN_POINT('Ctrl Pts',(-18.4265877648822,-6.75237020420797,-16.0287947365121));
#4399=CARTESIAN_POINT('',(-18.425103373573,-6.78304465258623,-15.9634587819243));
#4400=CARTESIAN_POINT('Ctrl Pts',(-18.4265877648822,-6.75237020420799,-16.0287947365121));
#4401=CARTESIAN_POINT('Ctrl Pts',(-18.4227507246075,-6.76980029299684,-16.0117572678052));
#4402=CARTESIAN_POINT('Ctrl Pts',(-18.4219203748665,-6.78172530602872,-15.9879556914832));
#4403=CARTESIAN_POINT('Ctrl Pts',(-18.425103373573,-6.78304465258623,-15.9634587819243));
#4404=CARTESIAN_POINT('Ctrl Pts',(-18.425103373573,-6.78304465258623,-15.9634587819243));
#4405=CARTESIAN_POINT('Ctrl Pts',(-18.5534553777358,-6.83624629998098,-14.9756395185198));
#4406=CARTESIAN_POINT('Ctrl Pts',(-18.6818054678461,-6.88944639261119,-13.9878199175538));
#4407=CARTESIAN_POINT('Ctrl Pts',(-18.8101537626612,-6.94264502544934,-13.));
#4408=CARTESIAN_POINT('',(-18.425103373573,6.78304465258624,-15.9634587819243));
#4409=CARTESIAN_POINT('Ctrl Pts',(-18.8101537626612,6.94264502544936,-12.9999999999998));
#4410=CARTESIAN_POINT('Ctrl Pts',(-18.6818054678461,6.88944639261121,-13.9878199175536));
#4411=CARTESIAN_POINT('Ctrl Pts',(-18.5534553777358,6.83624629998099,-14.9756395185198));
#4412=CARTESIAN_POINT('Ctrl Pts',(-18.425103373573,6.78304465258624,-15.9634587819243));
#4413=CARTESIAN_POINT('',(-18.4265877648822,6.75237020420798,-16.0287947365121));
#4414=CARTESIAN_POINT('Ctrl Pts',(-18.425103373573,6.78304465258624,-15.9634587819243));
#4415=CARTESIAN_POINT('Ctrl Pts',(-18.4219203748665,6.78172530602873,-15.9879556914832));
#4416=CARTESIAN_POINT('Ctrl Pts',(-18.4227507246075,6.76980029299685,-16.0117572678052));
#4417=CARTESIAN_POINT('Ctrl Pts',(-18.4265877648822,6.752370204208,-16.0287947365121));
#4418=CARTESIAN_POINT('Ctrl Pts',(-18.4265877648822,6.75237020420798,-16.0287947365121));
#4419=CARTESIAN_POINT('Ctrl Pts',(-18.4660020858163,6.57332722726408,-16.2038046950854));
#4420=CARTESIAN_POINT('Ctrl Pts',(-18.4708563749386,6.45408855253616,-16.4474747133118));
#4421=CARTESIAN_POINT('Ctrl Pts',(-18.4422290228386,6.42894378013746,-16.698710585742));
#4422=CARTESIAN_POINT('Origin',(6.22284361758236E-15,2.57758622292947E-15,
-13.));
#4423=CARTESIAN_POINT('',(-18.8262890638638,-7.03991110354066,-13.));
#4424=CARTESIAN_POINT('Ctrl Pts',(-18.8101537626612,-6.94264502544934,-13.));
#4425=CARTESIAN_POINT('Ctrl Pts',(-18.8074239305516,-6.95004113566028,-13.0000000000417));
#4426=CARTESIAN_POINT('Ctrl Pts',(-18.8056690148264,-6.95771185926685,-13.0000094288425));
#4427=CARTESIAN_POINT('Ctrl Pts',(-18.8048280357674,-6.96549694862044,-13.000017445635));
#4428=CARTESIAN_POINT('Ctrl Pts',(-18.8042924407723,-6.97045504460448,-13.0000225512959));
#4429=CARTESIAN_POINT('Ctrl Pts',(-18.804128624159,-6.97546009792957,-13.000027255486));
#4430=CARTESIAN_POINT('Ctrl Pts',(-18.8043315030382,-6.98047218524388,-13.0000302232879));
#4431=CARTESIAN_POINT('Ctrl Pts',(-18.804654859077,-6.98846063976632,-13.0000349534829));
#4432=CARTESIAN_POINT('Ctrl Pts',(-18.8059034419489,-6.99637807722656,-13.0000349330095));
#4433=CARTESIAN_POINT('Ctrl Pts',(-18.8080373912683,-7.00406351177638,-13.0000303654901));
#4434=CARTESIAN_POINT('Ctrl Pts',(-18.8087727542381,-7.00671192705173,-13.0000287915142));
#4435=CARTESIAN_POINT('Ctrl Pts',(-18.8096137074613,-7.00933276632349,-13.0000267349974));
#4436=CARTESIAN_POINT('Ctrl Pts',(-18.8105600099292,-7.01191912459151,-13.000024367791));
#4437=CARTESIAN_POINT('Ctrl Pts',(-18.8132834819534,-7.0193627006427,-13.0000175549372));
#4438=CARTESIAN_POINT('Ctrl Pts',(-18.8168500068657,-7.02645054503721,-13.0000079156558));
#4439=CARTESIAN_POINT('Ctrl Pts',(-18.8212366365918,-7.03302543896007,-13.0000029330955));
#4440=CARTESIAN_POINT('Ctrl Pts',(-18.8228141480367,-7.03538988981645,-13.0000011412766));
#4441=CARTESIAN_POINT('Ctrl Pts',(-18.8244981628216,-7.03768783135689,-13.));
#4442=CARTESIAN_POINT('Ctrl Pts',(-18.8262890638638,-7.03991110354066,-13.));
#4443=CARTESIAN_POINT('',(-18.2901655419003,-8.33422778137216,-12.9999999999996));
#4444=CARTESIAN_POINT('Origin',(-18.1977029425411,-7.53773536283729,-13.));
#4445=CARTESIAN_POINT('Ctrl Pts',(-18.2901655419003,-8.33422778137214,-13.));
#4446=CARTESIAN_POINT('Ctrl Pts',(-18.2822492129935,-8.33508045811882,-13.));
#4447=CARTESIAN_POINT('Ctrl Pts',(-18.2745177560206,-8.33692677277372,-13.0000085679801));
#4448=CARTESIAN_POINT('Ctrl Pts',(-18.2670917738322,-8.33964761761632,-13.0000164090288));
#4449=CARTESIAN_POINT('Ctrl Pts',(-18.2622376281057,-8.34142615371161,-13.0000215344913));
#4450=CARTESIAN_POINT('Ctrl Pts',(-18.2575140163741,-8.34357961039354,-13.0000264175763));
#4451=CARTESIAN_POINT('Ctrl Pts',(-18.2529592079294,-8.34608565762139,-13.000029646097));
#4452=CARTESIAN_POINT('Ctrl Pts',(-18.2459633502505,-8.34993476564754,-13.0000346048722));
#4453=CARTESIAN_POINT('Ctrl Pts',(-18.239439311142,-8.35457229913062,-13.0000352064951));
#4454=CARTESIAN_POINT('Ctrl Pts',(-18.2335199438681,-8.35990155305735,-13.0000309255983));
#4455=CARTESIAN_POINT('Ctrl Pts',(-18.2315463893564,-8.3616783600444,-13.0000294983202));
#4456=CARTESIAN_POINT('Ctrl Pts',(-18.2296402984318,-8.36353240189336,-13.0000275790488));
#4457=CARTESIAN_POINT('Ctrl Pts',(-18.227807509951,-8.36546100506335,-13.0000253162063));
#4458=CARTESIAN_POINT('Ctrl Pts',(-18.2224046263815,-8.37114634108992,-13.000018645565));
#4459=CARTESIAN_POINT('Ctrl Pts',(-18.2176893529954,-8.37742112988234,-13.0000085215861));
#4460=CARTESIAN_POINT('Ctrl Pts',(-18.213796549961,-8.38420256473164,-13.0000031480899));
#4461=CARTESIAN_POINT('Ctrl Pts',(-18.2124179477215,-8.38660415073212,-13.0000012451131));
#4462=CARTESIAN_POINT('Ctrl Pts',(-18.2111428571958,-8.38906956111276,-13.0000000000147));
#4463=CARTESIAN_POINT('Ctrl Pts',(-18.2099786576057,-8.39159590387309,-13.));
#4464=CARTESIAN_POINT('Origin',(7.1311337890236E-15,2.95381233051061E-15,
-15.006958655048));
#4465=CARTESIAN_POINT('',(-17.5865749449881,-8.49467545943845,-16.6987105857331));
#4466=CARTESIAN_POINT('',(-8.49467545944626,-17.5865749451082,-16.6987105853361));
#4467=CARTESIAN_POINT('Origin',(7.89877969835136E-15,2.81191224319578E-15,
-16.698710585336));
#4468=CARTESIAN_POINT('',(-8.25491840219982,-17.8042119231547,-16.0287947365121));
#4469=CARTESIAN_POINT('Ctrl Pts',(-8.49467545944624,-17.5865749451082,-16.6987105853361));
#4470=CARTESIAN_POINT('Ctrl Pts',(-8.49713801507476,-17.6245975790035,-16.447474713047));
#4471=CARTESIAN_POINT('Ctrl Pts',(-8.40939103884583,-17.7054795536954,-16.2038046949911));
#4472=CARTESIAN_POINT('Ctrl Pts',(-8.25491840219982,-17.8042119231547,-16.0287947365121));
#4473=CARTESIAN_POINT('',(-8.23217866858173,-17.8248524104515,-15.9634587819243));
#4474=CARTESIAN_POINT('Ctrl Pts',(-8.2549184021998,-17.8042119231547,-16.0287947365121));
#4475=CARTESIAN_POINT('Ctrl Pts',(-8.2398802683703,-17.8138236616313,-16.0117572648003));
#4476=CARTESIAN_POINT('Ctrl Pts',(-8.23086086727697,-17.8216687710225,-15.9879556958038));
#4477=CARTESIAN_POINT('Ctrl Pts',(-8.23217866858173,-17.8248524104515,-15.9634587819243));
#4478=CARTESIAN_POINT('Ctrl Pts',(-8.23217866858173,-17.8248524104515,-15.9634587819243));
#4479=CARTESIAN_POINT('Ctrl Pts',(-8.28531799546102,-17.953230228617,-14.9756395185198));
#4480=CARTESIAN_POINT('Ctrl Pts',(-8.33845706828535,-18.0816055939585,-13.9878199175538));
#4481=CARTESIAN_POINT('Ctrl Pts',(-8.39159590387309,-18.2099786576057,-13.));
#4482=CARTESIAN_POINT('',(-17.8248524104515,-8.23217866858173,-15.9634587819243));
#4483=CARTESIAN_POINT('Ctrl Pts',(-18.2099786576057,-8.3915959038731,-12.9999999999998));
#4484=CARTESIAN_POINT('Ctrl Pts',(-18.0816055939585,-8.33845706828536,-13.9878199175536));
#4485=CARTESIAN_POINT('Ctrl Pts',(-17.953230228617,-8.28531799546102,-14.9756395185197));
#4486=CARTESIAN_POINT('Ctrl Pts',(-17.8248524104515,-8.23217866858173,-15.9634587819243));
#4487=CARTESIAN_POINT('',(-17.8042119231547,-8.25491840219982,-16.0287947365121));
#4488=CARTESIAN_POINT('Ctrl Pts',(-17.8248524104515,-8.23217866858173,-15.9634587819243));
#4489=CARTESIAN_POINT('Ctrl Pts',(-17.821668771584,-8.2308608675094,-15.9879556914832));
#4490=CARTESIAN_POINT('Ctrl Pts',(-17.8138236599361,-8.2398802710226,-16.0117572678052));
#4491=CARTESIAN_POINT('Ctrl Pts',(-17.8042119231547,-8.2549184021998,-16.0287947365121));
#4492=CARTESIAN_POINT('Ctrl Pts',(-17.8042119231547,-8.25491840219981,-16.0287947365121));
#4493=CARTESIAN_POINT('Ctrl Pts',(-17.7054795536422,-8.40939103892901,-16.2038046950854));
#4494=CARTESIAN_POINT('Ctrl Pts',(-17.6245975789186,-8.49713801516506,-16.4474747133118));
#4495=CARTESIAN_POINT('Ctrl Pts',(-17.5865749450468,-8.49467545944226,-16.698710585742));
#4496=CARTESIAN_POINT('Origin',(6.22284361758236E-15,2.57758622292947E-15,
-13.));
#4497=CARTESIAN_POINT('',(-8.33422778137214,-18.2901655419003,-13.));
#4498=CARTESIAN_POINT('Ctrl Pts',(-8.39159590387309,-18.2099786576057,-13.));
#4499=CARTESIAN_POINT('Ctrl Pts',(-8.38443578139235,-18.213278214494,-13.0000000000417));
#4500=CARTESIAN_POINT('Ctrl Pts',(-8.37777084790387,-18.2174613223631,-13.0000094288425));
#4501=CARTESIAN_POINT('Ctrl Pts',(-8.37167129643442,-18.2223715498417,-13.000017445635));
#4502=CARTESIAN_POINT('Ctrl Pts',(-8.36778667028925,-18.2254987302807,-13.0000225512959));
#4503=CARTESIAN_POINT('Ctrl Pts',(-8.36413172730476,-18.2289220015891,-13.000027255486));
#4504=CARTESIAN_POINT('Ctrl Pts',(-8.36073110340813,-18.2326095395482,-13.0000302232879));
#4505=CARTESIAN_POINT('Ctrl Pts',(-8.35531106029205,-18.2384868771598,-13.0000349534829));
#4506=CARTESIAN_POINT('Ctrl Pts',(-8.35059546798996,-18.2449682322929,-13.0000349330095));
#4507=CARTESIAN_POINT('Ctrl Pts',(-8.34666997513797,-18.2519115852137,-13.0000303654901));
#4508=CARTESIAN_POINT('Ctrl Pts',(-8.34531724287979,-18.2543042777571,-13.0000287915142));
#4509=CARTESIAN_POINT('Ctrl Pts',(-8.34405867338499,-18.2567521347055,-13.0000267349974));
#4510=CARTESIAN_POINT('Ctrl Pts',(-8.34289897880713,-18.2592501030677,-13.000024367791));
#4511=CARTESIAN_POINT('Ctrl Pts',(-8.33956136124165,-18.2664392917067,-13.0000175549372));
#4512=CARTESIAN_POINT('Ctrl Pts',(-8.33707141235704,-18.273973068493,-13.0000079156558));
#4513=CARTESIAN_POINT('Ctrl Pts',(-8.33552407590444,-18.2817240361975,-13.0000029330955));
#4514=CARTESIAN_POINT('Ctrl Pts',(-8.33496762571026,-18.2845114244717,-13.0000011412766));
#4515=CARTESIAN_POINT('Ctrl Pts',(-8.33453351393834,-18.2873270927916,-13.));
#4516=CARTESIAN_POINT('Ctrl Pts',(-8.33422778137214,-18.2901655419003,-13.));
#4517=CARTESIAN_POINT('',(-7.03991110354068,-18.8262890638638,-12.9999999999996));
#4518=CARTESIAN_POINT('Origin',(-7.53773536283729,-18.1977029425411,-13.));
#4519=CARTESIAN_POINT('Ctrl Pts',(-7.03991110354066,-18.8262890638638,-13.));
#4520=CARTESIAN_POINT('Ctrl Pts',(-7.03371048017887,-18.8212943075215,-13.));
#4521=CARTESIAN_POINT('Ctrl Pts',(-7.02693797291223,-18.8171328834802,-13.0000085679801));
#4522=CARTESIAN_POINT('Ctrl Pts',(-7.01976308271106,-18.8138058489565,-13.0000164090288));
#4523=CARTESIAN_POINT('Ctrl Pts',(-7.01507306841741,-18.81163106453,-13.0000215344913));
#4524=CARTESIAN_POINT('Ctrl Pts',(-7.01021024670753,-18.8098136904657,-13.0000264175763));
#4525=CARTESIAN_POINT('Ctrl Pts',(-7.00521746778041,-18.8083649975162,-13.000029646097));
#4526=CARTESIAN_POINT('Ctrl Pts',(-6.99754891898865,-18.806139909498,-13.0000346048722));
#4527=CARTESIAN_POINT('Ctrl Pts',(-6.98965649532038,-18.8048059485775,-13.0000352064951));
#4528=CARTESIAN_POINT('Ctrl Pts',(-6.98170251899044,-18.8043886754281,-13.0000309255983));
#4529=CARTESIAN_POINT('Ctrl Pts',(-6.97905061294279,-18.8042495539192,-13.0000294983202));
#4530=CARTESIAN_POINT('Ctrl Pts',(-6.97639179756044,-18.8042127496649,-13.0000275790488));
#4531=CARTESIAN_POINT('Ctrl Pts',(-6.97373209201747,-18.8042805008813,-13.0000253162063));
#4532=CARTESIAN_POINT('Ctrl Pts',(-6.9658915367499,-18.8044802249291,-13.000018645565));
#4533=CARTESIAN_POINT('Ctrl Pts',(-6.95812038925783,-18.8055829688483,-13.0000085215861));
#4534=CARTESIAN_POINT('Ctrl Pts',(-6.95057256326628,-18.8076255399929,-13.0000031480899));
#4535=CARTESIAN_POINT('Ctrl Pts',(-6.94789956652761,-18.8083488987474,-13.0000012451131));
#4536=CARTESIAN_POINT('Ctrl Pts',(-6.94525463297162,-18.8091905819885,-13.0000000000147));
#4537=CARTESIAN_POINT('Ctrl Pts',(-6.94264502544934,-18.8101537626612,-13.));
#4538=CARTESIAN_POINT('Origin',(7.1311337890236E-15,2.95381233051061E-15,
-15.006958655048));
#4539=CARTESIAN_POINT('',(-6.4289437800986,-18.4422290227944,-16.6987105857331));
#4540=CARTESIAN_POINT('',(6.42894378017806,-18.4422290228849,-16.6987105853361));
#4541=CARTESIAN_POINT('Origin',(8.10674890164169E-15,3.92213526782094E-15,
-16.698710585336));
#4542=CARTESIAN_POINT('',(6.75237020420798,-18.4265877648822,-16.0287947365121));
#4543=CARTESIAN_POINT('Ctrl Pts',(6.42894378017808,-18.4422290228849,-16.6987105853361));
#4544=CARTESIAN_POINT('Ctrl Pts',(6.45408855266006,-18.4708563749348,-16.447474713047));
#4545=CARTESIAN_POINT('Ctrl Pts',(6.57332722736049,-18.466002085795,-16.2038046949911));
#4546=CARTESIAN_POINT('Ctrl Pts',(6.75237020420797,-18.4265877648822,-16.0287947365121));
#4547=CARTESIAN_POINT('',(6.78304465258624,-18.425103373573,-15.9634587819243));
#4548=CARTESIAN_POINT('Ctrl Pts',(6.75237020420799,-18.4265877648822,-16.0287947365121));
#4549=CARTESIAN_POINT('Ctrl Pts',(6.76980029299684,-18.4227507246075,-16.0117572678052));
#4550=CARTESIAN_POINT('Ctrl Pts',(6.78172530602872,-18.4219203748665,-15.9879556914832));
#4551=CARTESIAN_POINT('Ctrl Pts',(6.78304465258624,-18.425103373573,-15.9634587819243));
#4552=CARTESIAN_POINT('Ctrl Pts',(6.78304465258624,-18.425103373573,-15.9634587819243));
#4553=CARTESIAN_POINT('Ctrl Pts',(6.83624629998098,-18.5534553777358,-14.9756395185198));
#4554=CARTESIAN_POINT('Ctrl Pts',(6.8894463926112,-18.6818054678461,-13.9878199175538));
#4555=CARTESIAN_POINT('Ctrl Pts',(6.94264502544935,-18.8101537626612,-13.));
#4556=CARTESIAN_POINT('',(-6.78304465258623,-18.425103373573,-15.9634587819243));
#4557=CARTESIAN_POINT('Ctrl Pts',(-6.94264502544935,-18.8101537626612,-12.9999999999998));
#4558=CARTESIAN_POINT('Ctrl Pts',(-6.88944639261119,-18.6818054678462,-13.9878199175536));
#4559=CARTESIAN_POINT('Ctrl Pts',(-6.83624629998098,-18.5534553777358,-14.9756395185197));
#4560=CARTESIAN_POINT('Ctrl Pts',(-6.78304465258623,-18.425103373573,-15.9634587819243));
#4561=CARTESIAN_POINT('',(-6.75237020420797,-18.4265877648822,-16.0287947365121));
#4562=CARTESIAN_POINT('Ctrl Pts',(-6.78304465258623,-18.425103373573,-15.9634587819243));
#4563=CARTESIAN_POINT('Ctrl Pts',(-6.78172530602872,-18.4219203748665,-15.9879556914832));
#4564=CARTESIAN_POINT('Ctrl Pts',(-6.76980029299683,-18.4227507246075,-16.0117572678052));
#4565=CARTESIAN_POINT('Ctrl Pts',(-6.75237020420799,-18.4265877648822,-16.0287947365121));
#4566=CARTESIAN_POINT('Ctrl Pts',(-6.75237020420797,-18.4265877648822,-16.0287947365121));
#4567=CARTESIAN_POINT('Ctrl Pts',(-6.57332722726406,-18.4660020858163,-16.2038046950854));
#4568=CARTESIAN_POINT('Ctrl Pts',(-6.45408855253614,-18.4708563749386,-16.4474747133118));
#4569=CARTESIAN_POINT('Ctrl Pts',(-6.42894378013745,-18.4422290228386,-16.698710585742));
#4570=CARTESIAN_POINT('Origin',(6.22284361758236E-15,2.57758622292947E-15,
-13.));
#4571=CARTESIAN_POINT('',(7.03991110354067,-18.8262890638638,-13.));
#4572=CARTESIAN_POINT('Ctrl Pts',(6.94264502544935,-18.8101537626612,-13.));
#4573=CARTESIAN_POINT('Ctrl Pts',(6.95004113566029,-18.8074239305516,-13.0000000000417));
#4574=CARTESIAN_POINT('Ctrl Pts',(6.95771185926686,-18.8056690148264,-13.0000094288425));
#4575=CARTESIAN_POINT('Ctrl Pts',(6.96549694862046,-18.8048280357674,-13.000017445635));
#4576=CARTESIAN_POINT('Ctrl Pts',(6.97045504460449,-18.8042924407723,-13.0000225512959));
#4577=CARTESIAN_POINT('Ctrl Pts',(6.97546009792958,-18.804128624159,-13.000027255486));
#4578=CARTESIAN_POINT('Ctrl Pts',(6.98047218524389,-18.8043315030382,-13.0000302232879));
#4579=CARTESIAN_POINT('Ctrl Pts',(6.98846063976609,-18.804654859077,-13.0000349534829));
#4580=CARTESIAN_POINT('Ctrl Pts',(6.9963780772261,-18.8059034419488,-13.0000349330095));
#4581=CARTESIAN_POINT('Ctrl Pts',(7.00406351177572,-18.8080373912681,-13.00003036549));
#4582=CARTESIAN_POINT('Ctrl Pts',(7.0067119270513,-18.8087727542379,-13.0000287915142));
#4583=CARTESIAN_POINT('Ctrl Pts',(7.00933276632328,-18.8096137074612,-13.0000267349974));
#4584=CARTESIAN_POINT('Ctrl Pts',(7.01191912459152,-18.8105600099292,-13.000024367791));
#4585=CARTESIAN_POINT('Ctrl Pts',(7.01936270064272,-18.8132834819534,-13.0000175549372));
#4586=CARTESIAN_POINT('Ctrl Pts',(7.02645054503724,-18.8168500068658,-13.0000079156558));
#4587=CARTESIAN_POINT('Ctrl Pts',(7.03302543896011,-18.8212366365918,-13.0000029330955));
#4588=CARTESIAN_POINT('Ctrl Pts',(7.03538988981648,-18.8228141480367,-13.0000011412766));
#4589=CARTESIAN_POINT('Ctrl Pts',(7.03768783135691,-18.8244981628216,-13.));
#4590=CARTESIAN_POINT('Ctrl Pts',(7.03991110354067,-18.8262890638638,-13.));
#4591=CARTESIAN_POINT('',(8.33422778137217,-18.2901655419003,-12.9999999999996));
#4592=CARTESIAN_POINT('Origin',(7.5377353628373,-18.1977029425411,-13.));
#4593=CARTESIAN_POINT('Ctrl Pts',(8.33422778137215,-18.2901655419003,-13.));
#4594=CARTESIAN_POINT('Ctrl Pts',(8.33508045811883,-18.2822492129935,-13.));
#4595=CARTESIAN_POINT('Ctrl Pts',(8.33692677277374,-18.2745177560206,-13.0000085679801));
#4596=CARTESIAN_POINT('Ctrl Pts',(8.33964761761637,-18.2670917738321,-13.0000164090288));
#4597=CARTESIAN_POINT('Ctrl Pts',(8.34142615371165,-18.2622376281056,-13.0000215344913));
#4598=CARTESIAN_POINT('Ctrl Pts',(8.34357961039357,-18.2575140163741,-13.0000264175763));
#4599=CARTESIAN_POINT('Ctrl Pts',(8.3460856576214,-18.2529592079294,-13.000029646097));
#4600=CARTESIAN_POINT('Ctrl Pts',(8.34993476564759,-18.2459633502505,-13.0000346048722));
#4601=CARTESIAN_POINT('Ctrl Pts',(8.35457229913072,-18.2394393111418,-13.0000352064951));
#4602=CARTESIAN_POINT('Ctrl Pts',(8.35990155305751,-18.2335199438679,-13.0000309255983));
#4603=CARTESIAN_POINT('Ctrl Pts',(8.36167836004452,-18.2315463893563,-13.0000294983202));
#4604=CARTESIAN_POINT('Ctrl Pts',(8.36353240189343,-18.2296402984317,-13.0000275790488));
#4605=CARTESIAN_POINT('Ctrl Pts',(8.36546100506336,-18.227807509951,-13.0000253162063));
#4606=CARTESIAN_POINT('Ctrl Pts',(8.37114634108999,-18.2224046263815,-13.000018645565));
#4607=CARTESIAN_POINT('Ctrl Pts',(8.37742112988247,-18.2176893529953,-13.0000085215861));
#4608=CARTESIAN_POINT('Ctrl Pts',(8.38420256473185,-18.2137965499609,-13.0000031480899));
#4609=CARTESIAN_POINT('Ctrl Pts',(8.38660415073226,-18.2124179477214,-13.0000012451131));
#4610=CARTESIAN_POINT('Ctrl Pts',(8.38906956111284,-18.2111428571957,-13.0000000000147));
#4611=CARTESIAN_POINT('Ctrl Pts',(8.3915959038731,-18.2099786576057,-13.));
#4612=CARTESIAN_POINT('Origin',(7.87472574152239E-15,3.2618182021071E-15,
-16.65));
#4613=CARTESIAN_POINT('Origin',(8.34392784946253,-17.2744813101837,-16.65));
#4614=CARTESIAN_POINT('Origin',(17.2744813102029,-8.34392784942268,-16.65));
#4615=CARTESIAN_POINT('Ctrl Pts',(17.8042119231547,-8.25491840219982,-16.0287947365121));
#4616=CARTESIAN_POINT('Ctrl Pts',(17.7054795536954,-8.40939103884583,-16.2038046949911));
#4617=CARTESIAN_POINT('Ctrl Pts',(17.6245975790036,-8.49713801507476,-16.447474713047));
#4618=CARTESIAN_POINT('Ctrl Pts',(17.5865749451082,-8.49467545944624,-16.6987105853361));
#4619=CARTESIAN_POINT('Ctrl Pts',(17.8087599186513,-8.23975189384317,-16.0448293225483));
#4620=CARTESIAN_POINT('Ctrl Pts',(17.7122465970266,-8.39112035184772,-16.2158765585418));
#4621=CARTESIAN_POINT('Ctrl Pts',(17.6331817572491,-8.47714920145875,-16.4542179237095));
#4622=CARTESIAN_POINT('Ctrl Pts',(17.5959988225019,-8.4747653014675,-16.6999480284787));
#4623=CARTESIAN_POINT('Ctrl Pts',(17.8291464873989,-8.21907741720413,-16.0747219687197));
#4624=CARTESIAN_POINT('Ctrl Pts',(17.7361042725994,-8.36499999002881,-16.2388320825339));
#4625=CARTESIAN_POINT('Ctrl Pts',(17.6600191136932,-8.44799894851848,-16.4678090626769));
#4626=CARTESIAN_POINT('Ctrl Pts',(17.6242692673647,-8.44574830513405,-16.7039532317182));
#4627=CARTESIAN_POINT('Ctrl Pts',(17.863422790872,-8.2163001409341,-16.0965991282));
#4628=CARTESIAN_POINT('Ctrl Pts',(17.772075349038,-8.35859694326025,-16.2565813201999));
#4629=CARTESIAN_POINT('Ctrl Pts',(17.6976425750907,-8.43945137426969,-16.4796633778478));
#4630=CARTESIAN_POINT('Ctrl Pts',(17.6627758860887,-8.4372620333064,-16.7097047830877));
#4631=CARTESIAN_POINT('Ctrl Pts',(17.8787692820935,-8.21851698367718,-16.1033234764034));
#4632=CARTESIAN_POINT('Ctrl Pts',(17.7877733004696,-8.35979079937217,-16.2623127803531));
#4633=CARTESIAN_POINT('Ctrl Pts',(17.7137590537415,-8.43998489167822,-16.4837952862267));
#4634=CARTESIAN_POINT('Ctrl Pts',(17.679126614953,-8.43780438757265,-16.7121865714034));
#4635=CARTESIAN_POINT('',(17.6954273827671,-8.43427274338759,-16.6188664093144));
#4636=CARTESIAN_POINT('Ctrl Pts',(17.5865749451082,-8.49467545944628,-16.698710585336));
#4637=CARTESIAN_POINT('Ctrl Pts',(17.5969428001923,-8.47462410730406,-16.6943368303355));
#4638=CARTESIAN_POINT('Ctrl Pts',(17.6286097340476,-8.44594318135881,-16.6776992763136));
#4639=CARTESIAN_POINT('Ctrl Pts',(17.6750327150782,-8.43556357804445,-16.6374153288235));
#4640=CARTESIAN_POINT('Ctrl Pts',(17.6954273827671,-8.43427274338759,-16.6188664093144));
#4641=CARTESIAN_POINT('',(17.8787692820935,-8.21851698367718,-16.1033234764034));
#4642=CARTESIAN_POINT('Ctrl Pts',(17.8787692820935,-8.21851698367718,-16.1033234764034));
#4643=CARTESIAN_POINT('Ctrl Pts',(17.8002254212454,-8.34045853234131,-16.2405562810054));
#4644=CARTESIAN_POINT('Ctrl Pts',(17.7343336459166,-8.41689319442639,-16.424349071379));
#4645=CARTESIAN_POINT('Ctrl Pts',(17.6954991639086,-8.43412650249055,-16.6189561980879));
#4646=CARTESIAN_POINT('Origin',(17.8940519355751,-8.29657270147371,-16.0427120466081));
#4647=CARTESIAN_POINT('Ctrl Pts',(17.8248524104515,-8.23217866858174,-15.9634587819243));
#4648=CARTESIAN_POINT('Ctrl Pts',(17.8216687710225,-8.23086086727698,-15.9879556958038));
#4649=CARTESIAN_POINT('Ctrl Pts',(17.8138236616313,-8.23988026837031,-16.0117572648003));
#4650=CARTESIAN_POINT('Ctrl Pts',(17.8042119231547,-8.25491840219981,-16.0287947365121));
#4651=CARTESIAN_POINT('Ctrl Pts',(17.8330445325317,-8.2144040023404,-15.9635678141466));
#4652=CARTESIAN_POINT('Ctrl Pts',(17.8291326924995,-8.21278436954433,-15.9936701116925));
#4653=CARTESIAN_POINT('Ctrl Pts',(17.8200658373936,-8.22270187678491,-16.0230018060671));
#4654=CARTESIAN_POINT('Ctrl Pts',(17.8087599186513,-8.23975189384316,-16.0448293225483));
#4655=CARTESIAN_POINT('Ctrl Pts',(17.8566674901223,-8.18766175323427,-15.9652002598191));
#4656=CARTESIAN_POINT('Ctrl Pts',(17.8514861492778,-8.18551604515174,-16.0050786566823));
#4657=CARTESIAN_POINT('Ctrl Pts',(17.8413840585751,-8.19752474861806,-16.0442972727211));
#4658=CARTESIAN_POINT('Ctrl Pts',(17.8291464165587,-8.21907732781839,-16.0747220079201));
#4659=CARTESIAN_POINT('Ctrl Pts',(17.8896381099592,-8.17616806690614,-15.9688675426713));
#4660=CARTESIAN_POINT('Ctrl Pts',(17.8835550491294,-8.17364942809102,-16.0156937663504));
#4661=CARTESIAN_POINT('Ctrl Pts',(17.8740146621827,-8.18926322672263,-16.0619346570051));
#4662=CARTESIAN_POINT('Ctrl Pts',(17.8634227908721,-8.2163001409341,-16.0965991282));
#4663=CARTESIAN_POINT('Ctrl Pts',(17.9041109036507,-8.17449401321798,-15.970658600354));
#4664=CARTESIAN_POINT('Ctrl Pts',(17.8977465214181,-8.17185927590823,-16.0196528585983));
#4665=CARTESIAN_POINT('Ctrl Pts',(17.888550715128,-8.18922198745697,-16.0680635309869));
#4666=CARTESIAN_POINT('Ctrl Pts',(17.8787692820935,-8.21851698367719,-16.1033234764034));
#4667=CARTESIAN_POINT('',(17.9041109036507,-8.17449401321798,-15.970658600354));
#4668=CARTESIAN_POINT('Ctrl Pts',(17.9041109036507,-8.17449401321798,-15.970658600354));
#4669=CARTESIAN_POINT('Ctrl Pts',(17.8977465214181,-8.17185927590823,-16.0196528585983));
#4670=CARTESIAN_POINT('Ctrl Pts',(17.888550715128,-8.18922198745697,-16.0680635309869));
#4671=CARTESIAN_POINT('Ctrl Pts',(17.8787692820935,-8.21851698367719,-16.1033234764034));
#4672=CARTESIAN_POINT('Origin',(17.9147545099187,-8.27369879612347,-15.9773760920203));
#4673=CARTESIAN_POINT('Ctrl Pts',(17.9041109036507,-8.17449401321798,-15.970658600354));
#4674=CARTESIAN_POINT('Ctrl Pts',(18.0327981586917,-8.22773835135406,-14.980439362194));
#4675=CARTESIAN_POINT('Ctrl Pts',(18.1614829879899,-8.2809829455441,-13.9902198224816));
#4676=CARTESIAN_POINT('Ctrl Pts',(18.2901655419003,-8.33422778137214,-13.));
#4677=CARTESIAN_POINT('Ctrl Pts',(17.870341051704,-8.17840013849037,-15.9664794657611));
#4678=CARTESIAN_POINT('Ctrl Pts',(17.9990240872893,-8.23164973839386,-14.976260026151));
#4679=CARTESIAN_POINT('Ctrl Pts',(18.1277052172412,-8.28489982446636,-13.9860403621613));
#4680=CARTESIAN_POINT('Ctrl Pts',(18.2563837277487,-8.33814970631582,-12.9958203455954));
#4681=CARTESIAN_POINT('Ctrl Pts',(17.8391886240919,-8.20107300265941,-15.9636495883133));
#4682=CARTESIAN_POINT('Ctrl Pts',(17.967871208793,-8.2543330187304,-14.9734307125566));
#4683=CARTESIAN_POINT('Ctrl Pts',(18.0965519665004,-8.30759321184233,-13.9832116037766));
#4684=CARTESIAN_POINT('Ctrl Pts',(18.2252300507609,-8.3608530823714,-12.9929921274545));
#4685=CARTESIAN_POINT('Ctrl Pts',(17.8248524104515,-8.23217866858174,-15.9634587819243));
#4686=CARTESIAN_POINT('Ctrl Pts',(17.9535419051982,-8.28544700749726,-14.9732412838772));
#4687=CARTESIAN_POINT('Ctrl Pts',(18.0822289351965,-8.33871509112274,-13.9830234466275));
#4688=CARTESIAN_POINT('Ctrl Pts',(18.2109136526794,-8.39198293639933,-12.9928052913022));
#4689=CARTESIAN_POINT('Ctrl Pts',(18.2901655419003,-8.33422778137214,-13.));
#4690=CARTESIAN_POINT('Ctrl Pts',(18.1614829879899,-8.2809829455441,-13.9902198224816));
#4691=CARTESIAN_POINT('Ctrl Pts',(18.0327981586917,-8.22773835135406,-14.980439362194));
#4692=CARTESIAN_POINT('Ctrl Pts',(17.9041109036507,-8.17449401321798,-15.970658600354));
#4693=CARTESIAN_POINT('Ctrl Pts',(8.33422778137217,-18.2901655419003,-12.9999999999996));
#4694=CARTESIAN_POINT('Ctrl Pts',(8.28098294554412,-18.16148298799,-13.9902198224813));
#4695=CARTESIAN_POINT('Ctrl Pts',(8.22773835135407,-18.0327981586917,-14.9804393621939));
#4696=CARTESIAN_POINT('Ctrl Pts',(8.17449401321798,-17.9041109036507,-15.970658600354));
#4697=CARTESIAN_POINT('Ctrl Pts',(8.33814970631585,-18.2563837277488,-12.995820345595));
#4698=CARTESIAN_POINT('Ctrl Pts',(8.28489982446639,-18.1277052172412,-13.986040362161));
#4699=CARTESIAN_POINT('Ctrl Pts',(8.23164973839387,-17.9990240872893,-14.9762600261509));
#4700=CARTESIAN_POINT('Ctrl Pts',(8.17840013849038,-17.870341051704,-15.9664794657611));
#4701=CARTESIAN_POINT('Ctrl Pts',(8.36085308237143,-18.225230050761,-12.9929921274541));
#4702=CARTESIAN_POINT('Ctrl Pts',(8.30759321184236,-18.0965519665004,-13.9832116037763));
#4703=CARTESIAN_POINT('Ctrl Pts',(8.25433301873041,-17.967871208793,-14.9734307125564));
#4704=CARTESIAN_POINT('Ctrl Pts',(8.20107300265941,-17.8391886240919,-15.9636495883133));
#4705=CARTESIAN_POINT('Ctrl Pts',(8.39198293639936,-18.2109136526795,-12.9928052913018));
#4706=CARTESIAN_POINT('Ctrl Pts',(8.33871509112276,-18.0822289351965,-13.9830234466273));
#4707=CARTESIAN_POINT('Ctrl Pts',(8.28544700749727,-17.9535419051982,-14.9732412838771));
#4708=CARTESIAN_POINT('Ctrl Pts',(8.23217866858174,-17.8248524104515,-15.9634587819243));
#4709=CARTESIAN_POINT('',(8.17449401321798,-17.9041109036507,-15.970658600354));
#4710=CARTESIAN_POINT('Ctrl Pts',(8.17449401321798,-17.9041109036507,-15.970658600354));
#4711=CARTESIAN_POINT('Ctrl Pts',(8.22773835135407,-18.0327981586917,-14.9804393621939));
#4712=CARTESIAN_POINT('Ctrl Pts',(8.28098294554412,-18.16148298799,-13.9902198224813));
#4713=CARTESIAN_POINT('Ctrl Pts',(8.33422778137217,-18.2901655419003,-12.9999999999996));
#4714=CARTESIAN_POINT('Origin',(8.27369879612348,-17.9147545099187,-15.9773760920203));
#4715=CARTESIAN_POINT('Ctrl Pts',(8.25491840219981,-17.8042119231547,-16.0287947365121));
#4716=CARTESIAN_POINT('Ctrl Pts',(8.23988026836954,-17.8138236616318,-16.0117572647994));
#4717=CARTESIAN_POINT('Ctrl Pts',(8.23086086727692,-17.8216687710224,-15.9879556958051));
#4718=CARTESIAN_POINT('Ctrl Pts',(8.23217866858174,-17.8248524104515,-15.9634587819243));
#4719=CARTESIAN_POINT('Ctrl Pts',(8.23975189384316,-17.8087599186513,-16.0448293225483));
#4720=CARTESIAN_POINT('Ctrl Pts',(8.22270187678404,-17.8200658373942,-16.023001806066));
#4721=CARTESIAN_POINT('Ctrl Pts',(8.21278436954425,-17.8291326924993,-15.9936701116941));
#4722=CARTESIAN_POINT('Ctrl Pts',(8.21440400234041,-17.8330445325317,-15.9635678141465));
#4723=CARTESIAN_POINT('Ctrl Pts',(8.2190773278184,-17.8291464165587,-16.0747220079201));
#4724=CARTESIAN_POINT('Ctrl Pts',(8.19752474861696,-17.8413840585757,-16.0442972727196));
#4725=CARTESIAN_POINT('Ctrl Pts',(8.18551604515165,-17.8514861492775,-16.0050786566844));
#4726=CARTESIAN_POINT('Ctrl Pts',(8.18766175323428,-17.8566674901223,-15.9652002598191));
#4727=CARTESIAN_POINT('Ctrl Pts',(8.21630014093411,-17.863422790872,-16.0965991282));
#4728=CARTESIAN_POINT('Ctrl Pts',(8.18926322672125,-17.8740146621833,-16.0619346570033));
#4729=CARTESIAN_POINT('Ctrl Pts',(8.1736494280909,-17.8835550491291,-16.0156937663528));
#4730=CARTESIAN_POINT('Ctrl Pts',(8.17616806690615,-17.8896381099592,-15.9688675426713));
#4731=CARTESIAN_POINT('Ctrl Pts',(8.21851698367719,-17.8787692820935,-16.1033234764034));
#4732=CARTESIAN_POINT('Ctrl Pts',(8.18922198745548,-17.8885507151285,-16.0680635309851));
#4733=CARTESIAN_POINT('Ctrl Pts',(8.1718592759081,-17.8977465214177,-16.0196528586008));
#4734=CARTESIAN_POINT('Ctrl Pts',(8.17449401321799,-17.9041109036507,-15.970658600354));
#4735=CARTESIAN_POINT('',(8.21851698367718,-17.8787692820935,-16.1033234764034));
#4736=CARTESIAN_POINT('Ctrl Pts',(8.21851698367719,-17.8787692820935,-16.1033234764034));
#4737=CARTESIAN_POINT('Ctrl Pts',(8.18922198745548,-17.8885507151285,-16.0680635309851));
#4738=CARTESIAN_POINT('Ctrl Pts',(8.1718592759081,-17.8977465214177,-16.0196528586008));
#4739=CARTESIAN_POINT('Ctrl Pts',(8.17449401321799,-17.9041109036507,-15.970658600354));
#4740=CARTESIAN_POINT('Origin',(8.29657270147372,-17.8940519355751,-16.0427120466081));
#4741=CARTESIAN_POINT('Ctrl Pts',(8.49467545944227,-17.5865749450468,-16.698710585742));
#4742=CARTESIAN_POINT('Ctrl Pts',(8.49713801516507,-17.6245975789186,-16.4474747133118));
#4743=CARTESIAN_POINT('Ctrl Pts',(8.40939103892903,-17.7054795536422,-16.2038046950854));
#4744=CARTESIAN_POINT('Ctrl Pts',(8.25491840219983,-17.8042119231547,-16.0287947365121));
#4745=CARTESIAN_POINT('Ctrl Pts',(8.47476530146366,-17.5959988224418,-16.6999480288757));
#4746=CARTESIAN_POINT('Ctrl Pts',(8.47714920154729,-17.6331817571661,-16.4542179239685));
#4747=CARTESIAN_POINT('Ctrl Pts',(8.39112035192924,-17.7122465969746,-16.2158765586339));
#4748=CARTESIAN_POINT('Ctrl Pts',(8.23975189384318,-17.8087599186513,-16.0448293225483));
#4749=CARTESIAN_POINT('Ctrl Pts',(8.44574830513042,-17.624269267307,-16.7039532320997));
#4750=CARTESIAN_POINT('Ctrl Pts',(8.4479989486039,-17.6600191136133,-16.4678090629258));
#4751=CARTESIAN_POINT('Ctrl Pts',(8.36499999010739,-17.7361042725493,-16.2388320826222));
#4752=CARTESIAN_POINT('Ctrl Pts',(8.21907741720414,-17.8291464873989,-16.0747219687197));
#4753=CARTESIAN_POINT('Ctrl Pts',(8.43726203330287,-17.6627758860323,-16.7097047834593));
#4754=CARTESIAN_POINT('Ctrl Pts',(8.43945137435293,-17.6976425750125,-16.4796633780903));
#4755=CARTESIAN_POINT('Ctrl Pts',(8.35859694333688,-17.7720753489888,-16.256581320286));
#4756=CARTESIAN_POINT('Ctrl Pts',(8.21630014093411,-17.863422790872,-16.0965991282));
#4757=CARTESIAN_POINT('Ctrl Pts',(8.43780438756913,-17.679126614897,-16.7121865717724));
#4758=CARTESIAN_POINT('Ctrl Pts',(8.4399848917608,-17.7137590536637,-16.4837952864674));
#4759=CARTESIAN_POINT('Ctrl Pts',(8.35979079944825,-17.7877733004206,-16.2623127804387));
#4760=CARTESIAN_POINT('Ctrl Pts',(8.21851698367719,-17.8787692820935,-16.1033234764034));
#4761=CARTESIAN_POINT('',(8.4342727433876,-17.6954273827671,-16.6188664093144));
#4762=CARTESIAN_POINT('Ctrl Pts',(8.4342727433876,-17.6954273827671,-16.6188664093144));
#4763=CARTESIAN_POINT('Ctrl Pts',(8.43599385626343,-17.6682344925149,-16.6435983019935));
#4764=CARTESIAN_POINT('Ctrl Pts',(8.44911508671865,-17.6224556422173,-16.6817633136388));
#4765=CARTESIAN_POINT('Ctrl Pts',(8.47963694534042,-17.5943508364207,-16.695430269086));
#4766=CARTESIAN_POINT('Ctrl Pts',(8.49467545944732,-17.5865749451077,-16.6987105853363));
#4767=CARTESIAN_POINT('Ctrl Pts',(8.4341265024894,-17.6954991639092,-16.6189561980886));
#4768=CARTESIAN_POINT('Ctrl Pts',(8.41689319442356,-17.7343336459181,-16.4243490713806));
#4769=CARTESIAN_POINT('Ctrl Pts',(8.34045853234132,-17.8002254212454,-16.2405562810054));
#4770=CARTESIAN_POINT('Ctrl Pts',(8.21851698367719,-17.8787692820935,-16.1033234764034));
#4771=CARTESIAN_POINT('Origin',(18.0104444185874,-7.46017034254572,-14.4421941224053));
#4772=CARTESIAN_POINT('',(18.4403583806027,-6.87987808157214,-15.970658600354));
#4773=CARTESIAN_POINT('Origin',(17.8189620535068,-7.38085574997404,-15.916918667024));
#4774=CARTESIAN_POINT('Ctrl Pts',(18.4403583806027,-6.87987808157214,-15.970658600354));
#4775=CARTESIAN_POINT('Ctrl Pts',(18.5690034438503,-6.93322427970813,-14.9804393621939));
#4776=CARTESIAN_POINT('Ctrl Pts',(18.6976469728962,-6.98656858152744,-13.9902198224813));
#4777=CARTESIAN_POINT('Ctrl Pts',(18.8262890638638,-7.03991110354068,-12.9999999999996));
#4778=CARTESIAN_POINT('Ctrl Pts',(18.8262890638638,-7.03991110354068,-12.9999999999996));
#4779=CARTESIAN_POINT('Ctrl Pts',(18.6976469728962,-6.98656858152744,-13.9902198224813));
#4780=CARTESIAN_POINT('Ctrl Pts',(18.5690034438503,-6.93322427970813,-14.9804393621939));
#4781=CARTESIAN_POINT('Ctrl Pts',(18.4403583806027,-6.87987808157214,-15.970658600354));
#4782=CARTESIAN_POINT('Ctrl Pts',(18.8051749337195,-7.01325053395035,-12.995820345595));
#4783=CARTESIAN_POINT('Ctrl Pts',(18.6765321337934,-6.95991443913061,-13.9860403621611));
#4784=CARTESIAN_POINT('Ctrl Pts',(18.547887337233,-6.90657663649149,-14.9762600261509));
#4785=CARTESIAN_POINT('Ctrl Pts',(18.4192415369598,-6.85323714259268,-15.9664794657611));
#4786=CARTESIAN_POINT('Ctrl Pts',(18.7991996686272,-6.97516784652866,-12.9929921274541));
#4787=CARTESIAN_POINT('Ctrl Pts',(18.6705501070402,-6.92183911617414,-13.9832116037764));
#4788=CARTESIAN_POINT('Ctrl Pts',(18.5418984269404,-6.86850872350778,-14.9734307125564));
#4789=CARTESIAN_POINT('Ctrl Pts',(18.4132455801477,-6.8151769137749,-15.9636495883133));
#4790=CARTESIAN_POINT('Ctrl Pts',(18.8110885773421,-6.94303249348255,-12.9928052913018));
#4791=CARTESIAN_POINT('Ctrl Pts',(18.6824286863606,-6.88970471172956,-13.9830234466273));
#4792=CARTESIAN_POINT('Ctrl Pts',(18.5537669916456,-6.83637546331941,-14.9732412838771));
#4793=CARTESIAN_POINT('Ctrl Pts',(18.425103373573,-6.78304465258623,-15.9634587819243));
#4794=CARTESIAN_POINT('Origin',(18.5180329214897,-6.8172558730219,-15.9773760920203));
#4795=CARTESIAN_POINT('Origin',(7.87472574152239E-15,3.2618182021071E-15,
-16.65));
#4796=CARTESIAN_POINT('Origin',(18.1149508399974,-6.31485491182493,-16.65));
#4797=CARTESIAN_POINT('Origin',(18.1149508399828,6.31485491186672,-16.65));
#4798=CARTESIAN_POINT('Ctrl Pts',(18.4265877648822,6.75237020420797,-16.0287947365121));
#4799=CARTESIAN_POINT('Ctrl Pts',(18.466002085795,6.57332722736048,-16.2038046949911));
#4800=CARTESIAN_POINT('Ctrl Pts',(18.4708563749348,6.45408855266006,-16.447474713047));
#4801=CARTESIAN_POINT('Ctrl Pts',(18.4422290228849,6.42894378017808,-16.6987105853361));
#4802=CARTESIAN_POINT('Ctrl Pts',(18.4190793424327,6.76631046357032,-16.0448293225483));
#4803=CARTESIAN_POINT('Ctrl Pts',(18.4578677813498,6.59103157626185,-16.2158765585418));
#4804=CARTESIAN_POINT('Ctrl Pts',(18.4627920799274,6.47429270896414,-16.4542179237094));
#4805=CARTESIAN_POINT('Ctrl Pts',(18.4348141027737,6.44968607550948,-16.6999480284787));
#4806=CARTESIAN_POINT('Ctrl Pts',(18.4188755579891,6.79534503068161,-16.0747220388952));
#4807=CARTESIAN_POINT('Ctrl Pts',(18.4562676177403,6.62637140888775,-16.2388321527094));
#4808=CARTESIAN_POINT('Ctrl Pts',(18.4611564263374,6.51388198765326,-16.4678090472472));
#4809=CARTESIAN_POINT('Ctrl Pts',(18.4342860223729,6.49019447408715,-16.7039532162886));
#4810=CARTESIAN_POINT('Ctrl Pts',(18.4411489365464,6.82154584470944,-16.0965991282));
#4811=CARTESIAN_POINT('Ctrl Pts',(18.4771755748475,6.6563344152786,-16.2565813201999));
#4812=CARTESIAN_POINT('Ctrl Pts',(18.4817163721026,6.54652977962216,-16.4796633778478));
#4813=CARTESIAN_POINT('Ctrl Pts',(18.4555138020303,6.52342340523278,-16.7097047830877));
#4814=CARTESIAN_POINT('Ctrl Pts',(18.453568089093,6.83082990818311,-16.1033234764034));
#4815=CARTESIAN_POINT('Ctrl Pts',(18.489119886508,6.66659035943408,-16.2623127803531));
#4816=CARTESIAN_POINT('Ctrl Pts',(18.4934896972229,6.55754859718753,-16.4837952862267));
#4817=CARTESIAN_POINT('Ctrl Pts',(18.4674590156671,6.53460161411059,-16.7121865714034));
#4818=CARTESIAN_POINT('',(18.476488149575,6.5486252471225,-16.6188664093144));
#4819=CARTESIAN_POINT('Ctrl Pts',(18.4422290228849,6.42894378017804,-16.698710585336));
#4820=CARTESIAN_POINT('Ctrl Pts',(18.4353817513478,6.45045342391234,-16.6943368270768));
#4821=CARTESIAN_POINT('Ctrl Pts',(18.4374929794632,6.49312514946105,-16.6776997025311));
#4822=CARTESIAN_POINT('Ctrl Pts',(18.4629796896266,6.53329126993544,-16.6374153426438));
#4823=CARTESIAN_POINT('Ctrl Pts',(18.476488149575,6.5486252471225,-16.6188664093144));
#4824=CARTESIAN_POINT('',(18.453568089093,6.83082990818312,-16.1033234764034));
#4825=CARTESIAN_POINT('Ctrl Pts',(18.453568089093,6.83082990818311,-16.1033234764034));
#4826=CARTESIAN_POINT('Ctrl Pts',(18.4842548884355,6.68906531558802,-16.2405562810054));
#4827=CARTESIAN_POINT('Ctrl Pts',(18.4917098351542,6.58842532655061,-16.424349071379));
#4828=CARTESIAN_POINT('Ctrl Pts',(18.4764354985769,6.5487794119844,-16.6189561980879));
#4829=CARTESIAN_POINT('Origin',(18.5195682843687,6.78644264873016,-16.0427120466081));
#4830=CARTESIAN_POINT('Ctrl Pts',(18.425103373573,6.78304465258623,-15.9634587819243));
#4831=CARTESIAN_POINT('Ctrl Pts',(18.4219203748665,6.78172530602872,-15.9879556914832));
#4832=CARTESIAN_POINT('Ctrl Pts',(18.4227507246075,6.76980029299684,-16.0117572678052));
#4833=CARTESIAN_POINT('Ctrl Pts',(18.4265877648822,6.75237020420799,-16.028794736512));
#4834=CARTESIAN_POINT('Ctrl Pts',(18.4183274916157,6.80140594469404,-15.9635678141465));
#4835=CARTESIAN_POINT('Ctrl Pts',(18.4144161503587,6.79978510969936,-15.9936701063833));
#4836=CARTESIAN_POINT('Ctrl Pts',(18.4150176522781,6.7863611345254,-16.0230018099169));
#4837=CARTESIAN_POINT('Ctrl Pts',(18.4190793424327,6.76631046357034,-16.0448293225483));
#4838=CARTESIAN_POINT('Ctrl Pts',(18.4161217298326,6.83701954415825,-15.9652002492702));
#4839=CARTESIAN_POINT('Ctrl Pts',(18.4109407247641,6.83487302802567,-16.0050786391));
#4840=CARTESIAN_POINT('Ctrl Pts',(18.4122888428673,6.81923832809214,-16.0442973301801));
#4841=CARTESIAN_POINT('Ctrl Pts',(18.4188754969547,6.79534503774614,-16.074722060013));
#4842=CARTESIAN_POINT('Ctrl Pts',(18.4313083047557,6.86846053629523,-15.9688675426713));
#4843=CARTESIAN_POINT('Ctrl Pts',(18.4252259856798,6.86594010976213,-16.0156937580916));
#4844=CARTESIAN_POINT('Ctrl Pts',(18.4295205372453,6.84815340942716,-16.0619346631189));
#4845=CARTESIAN_POINT('Ctrl Pts',(18.4411489365464,6.82154584470946,-16.0965991282));
#4846=CARTESIAN_POINT('Ctrl Pts',(18.4403583806027,6.87987808157214,-15.970658600354));
#4847=CARTESIAN_POINT('Ctrl Pts',(18.4339950432719,6.87724082482089,-16.0196528499571));
#4848=CARTESIAN_POINT('Ctrl Pts',(18.4397699186729,6.85846111142032,-16.0680635372058));
#4849=CARTESIAN_POINT('Ctrl Pts',(18.453568089093,6.83082990818312,-16.1033234764034));
#4850=CARTESIAN_POINT('',(18.4403583806027,6.87987808157214,-15.970658600354));
#4851=CARTESIAN_POINT('Ctrl Pts',(18.4403583806027,6.87987808157214,-15.970658600354));
#4852=CARTESIAN_POINT('Ctrl Pts',(18.4339950432719,6.87724082482089,-16.0196528499571));
#4853=CARTESIAN_POINT('Ctrl Pts',(18.4397699186729,6.85846111142032,-16.0680635372058));
#4854=CARTESIAN_POINT('Ctrl Pts',(18.453568089093,6.83082990818312,-16.1033234764034));
#4855=CARTESIAN_POINT('Origin',(18.5180329214897,6.8172558730219,-15.9773760920203));
#4856=CARTESIAN_POINT('Ctrl Pts',(18.4403583806027,6.87987808157214,-15.970658600354));
#4857=CARTESIAN_POINT('Ctrl Pts',(18.5690034438503,6.93322427970812,-14.980439362194));
#4858=CARTESIAN_POINT('Ctrl Pts',(18.6976469728962,6.98656858152742,-13.9902198224816));
#4859=CARTESIAN_POINT('Ctrl Pts',(18.8262890638638,7.03991110354066,-13.));
#4860=CARTESIAN_POINT('Ctrl Pts',(18.4192415369598,6.85323714259267,-15.9664794657611));
#4861=CARTESIAN_POINT('Ctrl Pts',(18.547887337233,6.90657663649148,-14.976260026151));
#4862=CARTESIAN_POINT('Ctrl Pts',(18.6765321337934,6.95991443913059,-13.9860403621613));
#4863=CARTESIAN_POINT('Ctrl Pts',(18.8051749337194,7.01325053395033,-12.9958203455954));
#4864=CARTESIAN_POINT('Ctrl Pts',(18.4132455801477,6.81517691377489,-15.9636495883133));
#4865=CARTESIAN_POINT('Ctrl Pts',(18.5418984269404,6.86850872350776,-14.9734307125566));
#4866=CARTESIAN_POINT('Ctrl Pts',(18.6705501070402,6.92183911617412,-13.9832116037766));
#4867=CARTESIAN_POINT('Ctrl Pts',(18.7991996686272,6.97516784652863,-12.9929921274545));
#4868=CARTESIAN_POINT('Ctrl Pts',(18.425103373573,6.78304465258623,-15.9634587819243));
#4869=CARTESIAN_POINT('Ctrl Pts',(18.5537669916456,6.8363754633194,-14.9732412838772));
#4870=CARTESIAN_POINT('Ctrl Pts',(18.6824286863605,6.88970471172954,-13.9830234466275));
#4871=CARTESIAN_POINT('Ctrl Pts',(18.8110885773421,6.94303249348253,-12.9928052913022));
#4872=CARTESIAN_POINT('Ctrl Pts',(18.8262890638638,7.03991110354066,-13.));
#4873=CARTESIAN_POINT('Ctrl Pts',(18.6976469728962,6.98656858152742,-13.9902198224816));
#4874=CARTESIAN_POINT('Ctrl Pts',(18.5690034438503,6.93322427970812,-14.980439362194));
#4875=CARTESIAN_POINT('Ctrl Pts',(18.4403583806027,6.87987808157214,-15.970658600354));
#4876=CARTESIAN_POINT('Ctrl Pts',(18.4265877648822,-6.75237020420799,-16.0287947365121));
#4877=CARTESIAN_POINT('Ctrl Pts',(18.4227507246075,-6.76980029299684,-16.0117572678052));
#4878=CARTESIAN_POINT('Ctrl Pts',(18.4219203748665,-6.78172530602872,-15.9879556914832));
#4879=CARTESIAN_POINT('Ctrl Pts',(18.425103373573,-6.78304465258623,-15.9634587819243));
#4880=CARTESIAN_POINT('Ctrl Pts',(18.4190793424327,-6.76631046357033,-16.0448293225483));
#4881=CARTESIAN_POINT('Ctrl Pts',(18.4150176522781,-6.7863611345254,-16.0230018099169));
#4882=CARTESIAN_POINT('Ctrl Pts',(18.4144161503587,-6.79978510969937,-15.9936701063833));
#4883=CARTESIAN_POINT('Ctrl Pts',(18.4183274916157,-6.80140594469404,-15.9635678141465));
#4884=CARTESIAN_POINT('Ctrl Pts',(18.4188754969547,-6.79534503774614,-16.074722060013));
#4885=CARTESIAN_POINT('Ctrl Pts',(18.4122888428673,-6.81923832809214,-16.0442973301801));
#4886=CARTESIAN_POINT('Ctrl Pts',(18.4109407247641,-6.83487302802567,-16.0050786391));
#4887=CARTESIAN_POINT('Ctrl Pts',(18.4161217298326,-6.83701954415825,-15.9652002492702));
#4888=CARTESIAN_POINT('Ctrl Pts',(18.4411489365464,-6.82154584470946,-16.0965991282));
#4889=CARTESIAN_POINT('Ctrl Pts',(18.4295205372453,-6.84815340942716,-16.0619346631189));
#4890=CARTESIAN_POINT('Ctrl Pts',(18.4252259856798,-6.86594010976213,-16.0156937580916));
#4891=CARTESIAN_POINT('Ctrl Pts',(18.4313083047557,-6.86846053629523,-15.9688675426713));
#4892=CARTESIAN_POINT('Ctrl Pts',(18.453568089093,-6.83082990818312,-16.1033234764034));
#4893=CARTESIAN_POINT('Ctrl Pts',(18.4397699186729,-6.85846111142032,-16.0680635372058));
#4894=CARTESIAN_POINT('Ctrl Pts',(18.4339950432719,-6.87724082482089,-16.0196528499571));
#4895=CARTESIAN_POINT('Ctrl Pts',(18.4403583806027,-6.87987808157214,-15.970658600354));
#4896=CARTESIAN_POINT('',(18.453568089093,-6.83082990818312,-16.1033234764034));
#4897=CARTESIAN_POINT('Ctrl Pts',(18.453568089093,-6.83082990818312,-16.1033234764034));
#4898=CARTESIAN_POINT('Ctrl Pts',(18.4397699186729,-6.85846111142032,-16.0680635372058));
#4899=CARTESIAN_POINT('Ctrl Pts',(18.4339950432719,-6.87724082482089,-16.0196528499571));
#4900=CARTESIAN_POINT('Ctrl Pts',(18.4403583806027,-6.87987808157214,-15.970658600354));
#4901=CARTESIAN_POINT('Origin',(18.5195682843687,-6.78644264873016,-16.0427120466081));
#4902=CARTESIAN_POINT('Ctrl Pts',(18.4422290228386,-6.42894378013746,-16.698710585742));
#4903=CARTESIAN_POINT('Ctrl Pts',(18.4708563749386,-6.45408855253615,-16.4474747133118));
#4904=CARTESIAN_POINT('Ctrl Pts',(18.4660020858163,-6.57332722726407,-16.2038046950854));
#4905=CARTESIAN_POINT('Ctrl Pts',(18.4265877648822,-6.75237020420797,-16.0287947365121));
#4906=CARTESIAN_POINT('Ctrl Pts',(18.4348141027285,-6.44968607546973,-16.6999480288757));
#4907=CARTESIAN_POINT('Ctrl Pts',(18.4627920799313,-6.47429270884284,-16.4542179239685));
#4908=CARTESIAN_POINT('Ctrl Pts',(18.4578677813707,-6.59103157616747,-16.2158765586339));
#4909=CARTESIAN_POINT('Ctrl Pts',(18.4190793424327,-6.76631046357032,-16.0448293225483));
#4910=CARTESIAN_POINT('Ctrl Pts',(18.4342860223295,-6.49019447404888,-16.7039532166701));
#4911=CARTESIAN_POINT('Ctrl Pts',(18.4611564263412,-6.51388198753634,-16.4678090474961));
#4912=CARTESIAN_POINT('Ctrl Pts',(18.4562676177604,-6.62637140879677,-16.2388321527978));
#4913=CARTESIAN_POINT('Ctrl Pts',(18.4188755579891,-6.79534503068162,-16.0747220388952));
#4914=CARTESIAN_POINT('Ctrl Pts',(18.455513801988,-6.52342340519545,-16.7097047834593));
#4915=CARTESIAN_POINT('Ctrl Pts',(18.4817163721062,-6.546529779508,-16.4796633780903));
#4916=CARTESIAN_POINT('Ctrl Pts',(18.4771755748669,-6.65633441518964,-16.256581320286));
#4917=CARTESIAN_POINT('Ctrl Pts',(18.4411489365464,-6.82154584470945,-16.0965991282));
#4918=CARTESIAN_POINT('Ctrl Pts',(18.467459015625,-6.53460161407352,-16.7121865717724));
#4919=CARTESIAN_POINT('Ctrl Pts',(18.4934896972263,-6.55754859707413,-16.4837952864674));
#4920=CARTESIAN_POINT('Ctrl Pts',(18.4891198865272,-6.66659035934565,-16.2623127804387));
#4921=CARTESIAN_POINT('Ctrl Pts',(18.453568089093,-6.83082990818312,-16.1033234764034));
#4922=CARTESIAN_POINT('',(18.476488149575,-6.54862524712251,-16.6188664093144));
#4923=CARTESIAN_POINT('Ctrl Pts',(18.476488149575,-6.54862524712251,-16.6188664093144));
#4924=CARTESIAN_POINT('Ctrl Pts',(18.4584768830633,-6.52817995943944,-16.6435983019935));
#4925=CARTESIAN_POINT('Ctrl Pts',(18.4353844574101,-6.48653131277426,-16.6817633166407));
#4926=CARTESIAN_POINT('Ctrl Pts',(18.4370935730584,-6.44507600095807,-16.695430269086));
#4927=CARTESIAN_POINT('Ctrl Pts',(18.4422290228852,-6.42894378017693,-16.6987105853363));
#4928=CARTESIAN_POINT('Ctrl Pts',(18.4764354985765,-6.54877941198564,-16.6189561980886));
#4929=CARTESIAN_POINT('Ctrl Pts',(18.4917098351532,-6.58842532655363,-16.4243490713806));
#4930=CARTESIAN_POINT('Ctrl Pts',(18.4842548884355,-6.68906531558803,-16.2405562810054));
#4931=CARTESIAN_POINT('Ctrl Pts',(18.453568089093,-6.83082990818312,-16.1033234764034));
#4932=CARTESIAN_POINT('Origin',(18.0104444185874,7.46017034254572,-14.4421941224053));
#4933=CARTESIAN_POINT('',(17.9041109036507,8.17449401321798,-15.970658600354));
#4934=CARTESIAN_POINT('Origin',(17.8189620535068,7.38085574997404,-15.916918667024));
#4935=CARTESIAN_POINT('Ctrl Pts',(17.9041109036507,8.17449401321798,-15.970658600354));
#4936=CARTESIAN_POINT('Ctrl Pts',(18.0327981586917,8.22773835135407,-14.9804393621939));
#4937=CARTESIAN_POINT('Ctrl Pts',(18.16148298799,8.28098294554412,-13.9902198224813));
#4938=CARTESIAN_POINT('Ctrl Pts',(18.2901655419003,8.33422778137216,-12.9999999999996));
#4939=CARTESIAN_POINT('Ctrl Pts',(18.2901655419003,8.33422778137216,-12.9999999999996));
#4940=CARTESIAN_POINT('Ctrl Pts',(18.16148298799,8.28098294554412,-13.9902198224813));
#4941=CARTESIAN_POINT('Ctrl Pts',(18.0327981586917,8.22773835135407,-14.9804393621939));
#4942=CARTESIAN_POINT('Ctrl Pts',(17.9041109036507,8.17449401321798,-15.970658600354));
#4943=CARTESIAN_POINT('Ctrl Pts',(18.2563837277488,8.33814970631584,-12.995820345595));
#4944=CARTESIAN_POINT('Ctrl Pts',(18.1277052172412,8.28489982446638,-13.986040362161));
#4945=CARTESIAN_POINT('Ctrl Pts',(17.9990240872893,8.23164973839387,-14.9762600261509));
#4946=CARTESIAN_POINT('Ctrl Pts',(17.870341051704,8.17840013849037,-15.9664794657611));
#4947=CARTESIAN_POINT('Ctrl Pts',(18.225230050761,8.36085308237142,-12.9929921274541));
#4948=CARTESIAN_POINT('Ctrl Pts',(18.0965519665004,8.30759321184235,-13.9832116037763));
#4949=CARTESIAN_POINT('Ctrl Pts',(17.967871208793,8.25433301873041,-14.9734307125564));
#4950=CARTESIAN_POINT('Ctrl Pts',(17.8391886240919,8.20107300265941,-15.9636495883133));
#4951=CARTESIAN_POINT('Ctrl Pts',(18.2109136526795,8.39198293639935,-12.9928052913018));
#4952=CARTESIAN_POINT('Ctrl Pts',(18.0822289351965,8.33871509112275,-13.9830234466273));
#4953=CARTESIAN_POINT('Ctrl Pts',(17.9535419051982,8.28544700749727,-14.9732412838771));
#4954=CARTESIAN_POINT('Ctrl Pts',(17.8248524104515,8.23217866858174,-15.9634587819243));
#4955=CARTESIAN_POINT('Origin',(17.9147545099187,8.27369879612347,-15.9773760920203));
#4956=CARTESIAN_POINT('Origin',(7.87472574152239E-15,3.2618182021071E-15,
-16.65));
#4957=CARTESIAN_POINT('Origin',(17.2744813101837,8.34392784946252,-16.65));
#4958=CARTESIAN_POINT('Origin',(8.34392784942269,17.2744813102029,-16.65));
#4959=CARTESIAN_POINT('Ctrl Pts',(8.25491840219983,17.8042119231547,-16.0287947365121));
#4960=CARTESIAN_POINT('Ctrl Pts',(8.40939103884584,17.7054795536954,-16.2038046949911));
#4961=CARTESIAN_POINT('Ctrl Pts',(8.49713801507477,17.6245975790036,-16.447474713047));
#4962=CARTESIAN_POINT('Ctrl Pts',(8.49467545944625,17.5865749451082,-16.6987105853361));
#4963=CARTESIAN_POINT('Ctrl Pts',(8.23975189384318,17.8087599186513,-16.0448293225483));
#4964=CARTESIAN_POINT('Ctrl Pts',(8.39112035184773,17.7122465970265,-16.2158765585418));
#4965=CARTESIAN_POINT('Ctrl Pts',(8.47714920145877,17.6331817572491,-16.4542179237095));
#4966=CARTESIAN_POINT('Ctrl Pts',(8.47476530146751,17.5959988225019,-16.6999480284787));
#4967=CARTESIAN_POINT('Ctrl Pts',(8.21907741720414,17.8291464873989,-16.0747219687197));
#4968=CARTESIAN_POINT('Ctrl Pts',(8.36499999002882,17.7361042725994,-16.2388320825339));
#4969=CARTESIAN_POINT('Ctrl Pts',(8.4479989485185,17.6600191136933,-16.4678090626769));
#4970=CARTESIAN_POINT('Ctrl Pts',(8.44574830513407,17.6242692673647,-16.7039532317183));
#4971=CARTESIAN_POINT('Ctrl Pts',(8.21630014093411,17.863422790872,-16.0965991282));
#4972=CARTESIAN_POINT('Ctrl Pts',(8.35859694326026,17.772075349038,-16.2565813201999));
#4973=CARTESIAN_POINT('Ctrl Pts',(8.43945137426971,17.6976425750907,-16.4796633778478));
#4974=CARTESIAN_POINT('Ctrl Pts',(8.43726203330641,17.6627758860887,-16.7097047830877));
#4975=CARTESIAN_POINT('Ctrl Pts',(8.21851698367719,17.8787692820935,-16.1033234764034));
#4976=CARTESIAN_POINT('Ctrl Pts',(8.35979079937218,17.7877733004696,-16.2623127803531));
#4977=CARTESIAN_POINT('Ctrl Pts',(8.43998489167823,17.7137590537415,-16.4837952862267));
#4978=CARTESIAN_POINT('Ctrl Pts',(8.43780438757266,17.679126614953,-16.7121865714034));
#4979=CARTESIAN_POINT('',(8.4342727433876,17.6954273827671,-16.6188664093144));
#4980=CARTESIAN_POINT('Ctrl Pts',(8.4946754594463,17.5865749451082,-16.698710585336));
#4981=CARTESIAN_POINT('Ctrl Pts',(8.47462409236435,17.5969428079171,-16.6943368270768));
#4982=CARTESIAN_POINT('Ctrl Pts',(8.44594349001923,17.6286091392662,-16.6776996984359));
#4983=CARTESIAN_POINT('Ctrl Pts',(8.43556357900623,17.6750326998827,-16.6374153426438));
#4984=CARTESIAN_POINT('Ctrl Pts',(8.4342727433876,17.6954273827671,-16.6188664093144));
#4985=CARTESIAN_POINT('',(8.21851698367718,17.8787692820935,-16.1033234764034));
#4986=CARTESIAN_POINT('Ctrl Pts',(8.21851698367719,17.8787692820935,-16.1033234764034));
#4987=CARTESIAN_POINT('Ctrl Pts',(8.34045853234132,17.8002254212454,-16.2405562810054));
#4988=CARTESIAN_POINT('Ctrl Pts',(8.4168931944264,17.7343336459166,-16.424349071379));
#4989=CARTESIAN_POINT('Ctrl Pts',(8.43412650249057,17.6954991639086,-16.6189561980879));
#4990=CARTESIAN_POINT('Origin',(8.29657270147372,17.8940519355751,-16.0427120466081));
#4991=CARTESIAN_POINT('Ctrl Pts',(8.23217866858174,17.8248524104515,-15.9634587819243));
#4992=CARTESIAN_POINT('Ctrl Pts',(8.23086086727699,17.8216687710225,-15.9879556958038));
#4993=CARTESIAN_POINT('Ctrl Pts',(8.23988026837032,17.8138236616313,-16.0117572648003));
#4994=CARTESIAN_POINT('Ctrl Pts',(8.25491840219982,17.8042119231547,-16.0287947365121));
#4995=CARTESIAN_POINT('Ctrl Pts',(8.21440400234041,17.8330445325317,-15.9635678141466));
#4996=CARTESIAN_POINT('Ctrl Pts',(8.21278436954434,17.8291326924995,-15.9936701116925));
#4997=CARTESIAN_POINT('Ctrl Pts',(8.22270187678492,17.8200658373936,-16.0230018060671));
#4998=CARTESIAN_POINT('Ctrl Pts',(8.23975189384317,17.8087599186513,-16.0448293225483));
#4999=CARTESIAN_POINT('Ctrl Pts',(8.18766175323428,17.8566674901223,-15.9652002598191));
#5000=CARTESIAN_POINT('Ctrl Pts',(8.18551604515175,17.8514861492778,-16.0050786566823));
#5001=CARTESIAN_POINT('Ctrl Pts',(8.19752474861807,17.8413840585751,-16.0442972727211));
#5002=CARTESIAN_POINT('Ctrl Pts',(8.2190773278184,17.8291464165587,-16.0747220079201));
#5003=CARTESIAN_POINT('Ctrl Pts',(8.17616806690616,17.8896381099592,-15.9688675426713));
#5004=CARTESIAN_POINT('Ctrl Pts',(8.17364942809104,17.8835550491294,-16.0156937663504));
#5005=CARTESIAN_POINT('Ctrl Pts',(8.18926322672263,17.8740146621827,-16.0619346570051));
#5006=CARTESIAN_POINT('Ctrl Pts',(8.21630014093411,17.863422790872,-16.0965991282));
#5007=CARTESIAN_POINT('Ctrl Pts',(8.17449401321799,17.9041109036507,-15.970658600354));
#5008=CARTESIAN_POINT('Ctrl Pts',(8.17185927590824,17.8977465214181,-16.0196528585983));
#5009=CARTESIAN_POINT('Ctrl Pts',(8.18922198745698,17.888550715128,-16.068063530987));
#5010=CARTESIAN_POINT('Ctrl Pts',(8.21851698367719,17.8787692820935,-16.1033234764034));
#5011=CARTESIAN_POINT('',(8.17449401321799,17.9041109036507,-15.970658600354));
#5012=CARTESIAN_POINT('Ctrl Pts',(8.17449401321799,17.9041109036507,-15.970658600354));
#5013=CARTESIAN_POINT('Ctrl Pts',(8.17185927590824,17.8977465214181,-16.0196528585983));
#5014=CARTESIAN_POINT('Ctrl Pts',(8.18922198745698,17.888550715128,-16.068063530987));
#5015=CARTESIAN_POINT('Ctrl Pts',(8.21851698367719,17.8787692820935,-16.1033234764034));
#5016=CARTESIAN_POINT('Origin',(8.27369879612348,17.9147545099187,-15.9773760920203));
#5017=CARTESIAN_POINT('Ctrl Pts',(8.17449401321799,17.9041109036507,-15.970658600354));
#5018=CARTESIAN_POINT('Ctrl Pts',(8.22773835135407,18.0327981586917,-14.980439362194));
#5019=CARTESIAN_POINT('Ctrl Pts',(8.28098294554411,18.1614829879899,-13.9902198224816));
#5020=CARTESIAN_POINT('Ctrl Pts',(8.33422778137215,18.2901655419003,-13.));
#5021=CARTESIAN_POINT('Ctrl Pts',(8.17840013849038,17.870341051704,-15.9664794657611));
#5022=CARTESIAN_POINT('Ctrl Pts',(8.23164973839387,17.9990240872893,-14.976260026151));
#5023=CARTESIAN_POINT('Ctrl Pts',(8.28489982446637,18.1277052172412,-13.9860403621613));
#5024=CARTESIAN_POINT('Ctrl Pts',(8.33814970631583,18.2563837277487,-12.9958203455954));
#5025=CARTESIAN_POINT('Ctrl Pts',(8.20107300265942,17.8391886240919,-15.9636495883133));
#5026=CARTESIAN_POINT('Ctrl Pts',(8.25433301873041,17.967871208793,-14.9734307125566));
#5027=CARTESIAN_POINT('Ctrl Pts',(8.30759321184234,18.0965519665004,-13.9832116037766));
#5028=CARTESIAN_POINT('Ctrl Pts',(8.36085308237141,18.2252300507609,-12.9929921274545));
#5029=CARTESIAN_POINT('Ctrl Pts',(8.23217866858175,17.8248524104515,-15.9634587819243));
#5030=CARTESIAN_POINT('Ctrl Pts',(8.28544700749727,17.9535419051982,-14.9732412838772));
#5031=CARTESIAN_POINT('Ctrl Pts',(8.33871509112275,18.0822289351965,-13.9830234466275));
#5032=CARTESIAN_POINT('Ctrl Pts',(8.39198293639934,18.2109136526794,-12.9928052913022));
#5033=CARTESIAN_POINT('Ctrl Pts',(8.33422778137215,18.2901655419003,-13.));
#5034=CARTESIAN_POINT('Ctrl Pts',(8.28098294554411,18.1614829879899,-13.9902198224816));
#5035=CARTESIAN_POINT('Ctrl Pts',(8.22773835135407,18.0327981586917,-14.980439362194));
#5036=CARTESIAN_POINT('Ctrl Pts',(8.17449401321799,17.9041109036507,-15.970658600354));
#5037=CARTESIAN_POINT('Ctrl Pts',(17.8042119231547,8.2549184021998,-16.028794736512));
#5038=CARTESIAN_POINT('Ctrl Pts',(17.8138236616318,8.23988026836954,-16.0117572647994));
#5039=CARTESIAN_POINT('Ctrl Pts',(17.8216687710224,8.23086086727691,-15.9879556958051));
#5040=CARTESIAN_POINT('Ctrl Pts',(17.8248524104515,8.23217866858174,-15.9634587819243));
#5041=CARTESIAN_POINT('Ctrl Pts',(17.8087599186513,8.23975189384315,-16.0448293225483));
#5042=CARTESIAN_POINT('Ctrl Pts',(17.8200658373942,8.22270187678403,-16.023001806066));
#5043=CARTESIAN_POINT('Ctrl Pts',(17.8291326924993,8.21278436954425,-15.9936701116941));
#5044=CARTESIAN_POINT('Ctrl Pts',(17.8330445325317,8.2144040023404,-15.9635678141465));
#5045=CARTESIAN_POINT('Ctrl Pts',(17.8291464165587,8.21907732781838,-16.0747220079201));
#5046=CARTESIAN_POINT('Ctrl Pts',(17.8413840585757,8.19752474861695,-16.0442972727196));
#5047=CARTESIAN_POINT('Ctrl Pts',(17.8514861492775,8.18551604515163,-16.0050786566844));
#5048=CARTESIAN_POINT('Ctrl Pts',(17.8566674901223,8.18766175323427,-15.9652002598191));
#5049=CARTESIAN_POINT('Ctrl Pts',(17.8634227908721,8.2163001409341,-16.0965991282));
#5050=CARTESIAN_POINT('Ctrl Pts',(17.8740146621833,8.18926322672124,-16.0619346570033));
#5051=CARTESIAN_POINT('Ctrl Pts',(17.8835550491291,8.17364942809089,-16.0156937663528));
#5052=CARTESIAN_POINT('Ctrl Pts',(17.8896381099592,8.17616806690615,-15.9688675426713));
#5053=CARTESIAN_POINT('Ctrl Pts',(17.8787692820935,8.21851698367718,-16.1033234764034));
#5054=CARTESIAN_POINT('Ctrl Pts',(17.8885507151285,8.18922198745546,-16.0680635309851));
#5055=CARTESIAN_POINT('Ctrl Pts',(17.8977465214177,8.17185927590809,-16.0196528586008));
#5056=CARTESIAN_POINT('Ctrl Pts',(17.9041109036507,8.17449401321798,-15.970658600354));
#5057=CARTESIAN_POINT('',(17.8787692820935,8.21851698367717,-16.1033234764034));
#5058=CARTESIAN_POINT('Ctrl Pts',(17.8787692820935,8.21851698367718,-16.1033234764034));
#5059=CARTESIAN_POINT('Ctrl Pts',(17.8885507151285,8.18922198745546,-16.0680635309851));
#5060=CARTESIAN_POINT('Ctrl Pts',(17.8977465214177,8.17185927590809,-16.0196528586008));
#5061=CARTESIAN_POINT('Ctrl Pts',(17.9041109036507,8.17449401321798,-15.970658600354));
#5062=CARTESIAN_POINT('Origin',(17.8940519355751,8.29657270147371,-16.0427120466081));
#5063=CARTESIAN_POINT('Ctrl Pts',(17.5865749450468,8.49467545944226,-16.698710585742));
#5064=CARTESIAN_POINT('Ctrl Pts',(17.6245975789186,8.49713801516506,-16.4474747133118));
#5065=CARTESIAN_POINT('Ctrl Pts',(17.7054795536422,8.40939103892902,-16.2038046950854));
#5066=CARTESIAN_POINT('Ctrl Pts',(17.8042119231547,8.25491840219982,-16.0287947365121));
#5067=CARTESIAN_POINT('Ctrl Pts',(17.5959988224419,8.47476530146365,-16.6999480288757));
#5068=CARTESIAN_POINT('Ctrl Pts',(17.6331817571661,8.47714920154728,-16.4542179239685));
#5069=CARTESIAN_POINT('Ctrl Pts',(17.7122465969746,8.39112035192922,-16.2158765586339));
#5070=CARTESIAN_POINT('Ctrl Pts',(17.8087599186513,8.23975189384317,-16.0448293225483));
#5071=CARTESIAN_POINT('Ctrl Pts',(17.624269267307,8.44574830513042,-16.7039532320997));
#5072=CARTESIAN_POINT('Ctrl Pts',(17.6600191136133,8.4479989486039,-16.4678090629258));
#5073=CARTESIAN_POINT('Ctrl Pts',(17.7361042725493,8.36499999010738,-16.2388320826222));
#5074=CARTESIAN_POINT('Ctrl Pts',(17.8291464873989,8.21907741720413,-16.0747219687197));
#5075=CARTESIAN_POINT('Ctrl Pts',(17.6627758860324,8.43726203330286,-16.7097047834593));
#5076=CARTESIAN_POINT('Ctrl Pts',(17.6976425750125,8.43945137435292,-16.4796633780903));
#5077=CARTESIAN_POINT('Ctrl Pts',(17.7720753489889,8.35859694333686,-16.256581320286));
#5078=CARTESIAN_POINT('Ctrl Pts',(17.863422790872,8.2163001409341,-16.0965991282));
#5079=CARTESIAN_POINT('Ctrl Pts',(17.679126614897,8.43780438756912,-16.7121865717724));
#5080=CARTESIAN_POINT('Ctrl Pts',(17.7137590536637,8.43998489176079,-16.4837952864674));
#5081=CARTESIAN_POINT('Ctrl Pts',(17.7877733004206,8.35979079944823,-16.2623127804387));
#5082=CARTESIAN_POINT('Ctrl Pts',(17.8787692820935,8.21851698367718,-16.1033234764034));
#5083=CARTESIAN_POINT('',(17.6954273827671,8.43427274338759,-16.6188664093144));
#5084=CARTESIAN_POINT('Ctrl Pts',(17.6954273827671,8.43427274338759,-16.6188664093144));
#5085=CARTESIAN_POINT('Ctrl Pts',(17.6682344925149,8.43599385626342,-16.6435983019935));
#5086=CARTESIAN_POINT('Ctrl Pts',(17.6224556422173,8.44911508671865,-16.6817633136388));
#5087=CARTESIAN_POINT('Ctrl Pts',(17.5943508364207,8.47963694534041,-16.695430269086));
#5088=CARTESIAN_POINT('Ctrl Pts',(17.5865749451077,8.49467545944732,-16.6987105853363));
#5089=CARTESIAN_POINT('Ctrl Pts',(17.6954991639092,8.43412650248939,-16.6189561980886));
#5090=CARTESIAN_POINT('Ctrl Pts',(17.7343336459181,8.41689319442354,-16.4243490713806));
#5091=CARTESIAN_POINT('Ctrl Pts',(17.8002254212454,8.34045853234129,-16.2405562810054));
#5092=CARTESIAN_POINT('Ctrl Pts',(17.8787692820935,8.21851698367718,-16.1033234764034));
#5093=CARTESIAN_POINT('Origin',(7.46017034254573,18.0104444185874,-14.4421941224053));
#5094=CARTESIAN_POINT('',(6.87987808157215,18.4403583806027,-15.970658600354));
#5095=CARTESIAN_POINT('Origin',(7.38085574997405,17.8189620535068,-15.916918667024));
#5096=CARTESIAN_POINT('Ctrl Pts',(6.87987808157215,18.4403583806027,-15.970658600354));
#5097=CARTESIAN_POINT('Ctrl Pts',(6.93322427970815,18.5690034438503,-14.9804393621939));
#5098=CARTESIAN_POINT('Ctrl Pts',(6.98656858152745,18.6976469728962,-13.9902198224813));
#5099=CARTESIAN_POINT('Ctrl Pts',(7.03991110354069,18.8262890638638,-12.9999999999996));
#5100=CARTESIAN_POINT('Ctrl Pts',(7.03991110354069,18.8262890638638,-12.9999999999996));
#5101=CARTESIAN_POINT('Ctrl Pts',(6.98656858152745,18.6976469728962,-13.9902198224813));
#5102=CARTESIAN_POINT('Ctrl Pts',(6.93322427970815,18.5690034438503,-14.9804393621939));
#5103=CARTESIAN_POINT('Ctrl Pts',(6.87987808157215,18.4403583806027,-15.970658600354));
#5104=CARTESIAN_POINT('Ctrl Pts',(7.01325053395036,18.8051749337195,-12.995820345595));
#5105=CARTESIAN_POINT('Ctrl Pts',(6.95991443913062,18.6765321337934,-13.986040362161));
#5106=CARTESIAN_POINT('Ctrl Pts',(6.9065766364915,18.547887337233,-14.9762600261509));
#5107=CARTESIAN_POINT('Ctrl Pts',(6.85323714259269,18.4192415369598,-15.9664794657611));
#5108=CARTESIAN_POINT('Ctrl Pts',(6.97516784652867,18.7991996686272,-12.9929921274541));
#5109=CARTESIAN_POINT('Ctrl Pts',(6.92183911617415,18.6705501070402,-13.9832116037763));
#5110=CARTESIAN_POINT('Ctrl Pts',(6.86850872350778,18.5418984269404,-14.9734307125564));
#5111=CARTESIAN_POINT('Ctrl Pts',(6.81517691377491,18.4132455801477,-15.9636495883133));
#5112=CARTESIAN_POINT('Ctrl Pts',(6.94303249348256,18.8110885773421,-12.9928052913018));
#5113=CARTESIAN_POINT('Ctrl Pts',(6.88970471172957,18.6824286863606,-13.9830234466273));
#5114=CARTESIAN_POINT('Ctrl Pts',(6.83637546331942,18.5537669916456,-14.9732412838771));
#5115=CARTESIAN_POINT('Ctrl Pts',(6.78304465258624,18.425103373573,-15.9634587819243));
#5116=CARTESIAN_POINT('Origin',(6.81725587302191,18.5180329214897,-15.9773760920203));
#5117=CARTESIAN_POINT('Origin',(7.87472574152239E-15,3.2618182021071E-15,
-16.65));
#5118=CARTESIAN_POINT('Origin',(6.31485491182494,18.1149508399974,-16.65));
#5119=CARTESIAN_POINT('Origin',(-6.31485491186672,18.1149508399828,-16.65));
#5120=CARTESIAN_POINT('Ctrl Pts',(-6.75237020420796,18.4265877648822,-16.0287947365121));
#5121=CARTESIAN_POINT('Ctrl Pts',(-6.57332722736047,18.466002085795,-16.2038046949911));
#5122=CARTESIAN_POINT('Ctrl Pts',(-6.45408855266004,18.4708563749348,-16.447474713047));
#5123=CARTESIAN_POINT('Ctrl Pts',(-6.42894378017806,18.4422290228849,-16.6987105853361));
#5124=CARTESIAN_POINT('Ctrl Pts',(-6.76631046357031,18.4190793424327,-16.0448293225483));
#5125=CARTESIAN_POINT('Ctrl Pts',(-6.59103157626184,18.4578677813498,-16.2158765585418));
#5126=CARTESIAN_POINT('Ctrl Pts',(-6.47429270896413,18.4627920799274,-16.4542179237095));
#5127=CARTESIAN_POINT('Ctrl Pts',(-6.44968607550947,18.4348141027737,-16.6999480284787));
#5128=CARTESIAN_POINT('Ctrl Pts',(-6.7953450306816,18.4188755579891,-16.0747220388952));
#5129=CARTESIAN_POINT('Ctrl Pts',(-6.62637140888773,18.4562676177403,-16.2388321527094));
#5130=CARTESIAN_POINT('Ctrl Pts',(-6.51388198765325,18.4611564263374,-16.4678090472472));
#5131=CARTESIAN_POINT('Ctrl Pts',(-6.49019447408713,18.4342860223729,-16.7039532162886));
#5132=CARTESIAN_POINT('Ctrl Pts',(-6.82154584470944,18.4411489365464,-16.0965991282));
#5133=CARTESIAN_POINT('Ctrl Pts',(-6.65633441527857,18.4771755748475,-16.2565813201999));
#5134=CARTESIAN_POINT('Ctrl Pts',(-6.54652977962215,18.4817163721026,-16.4796633778478));
#5135=CARTESIAN_POINT('Ctrl Pts',(-6.52342340523277,18.4555138020303,-16.7097047830877));
#5136=CARTESIAN_POINT('Ctrl Pts',(-6.83082990818311,18.453568089093,-16.1033234764034));
#5137=CARTESIAN_POINT('Ctrl Pts',(-6.66659035943405,18.489119886508,-16.2623127803531));
#5138=CARTESIAN_POINT('Ctrl Pts',(-6.55754859718751,18.4934896972229,-16.4837952862267));
#5139=CARTESIAN_POINT('Ctrl Pts',(-6.53460161411058,18.467459015667,-16.7121865714034));
#5140=CARTESIAN_POINT('',(-6.54862524712249,18.476488149575,-16.6188664093144));
#5141=CARTESIAN_POINT('Ctrl Pts',(-6.42894378017803,18.4422290228849,-16.698710585336));
#5142=CARTESIAN_POINT('Ctrl Pts',(-6.45045342391233,18.4353817513478,-16.6943368270768));
#5143=CARTESIAN_POINT('Ctrl Pts',(-6.49312514946103,18.4374929794632,-16.6776997025312));
#5144=CARTESIAN_POINT('Ctrl Pts',(-6.53329126993543,18.4629796896266,-16.6374153426439));
#5145=CARTESIAN_POINT('Ctrl Pts',(-6.54862524712249,18.476488149575,-16.6188664093144));
#5146=CARTESIAN_POINT('',(-6.83082990818311,18.453568089093,-16.1033234764034));
#5147=CARTESIAN_POINT('Ctrl Pts',(-6.83082990818311,18.453568089093,-16.1033234764034));
#5148=CARTESIAN_POINT('Ctrl Pts',(-6.68906531558799,18.4842548884355,-16.2405562810055));
#5149=CARTESIAN_POINT('Ctrl Pts',(-6.58842532655059,18.4917098351542,-16.424349071379));
#5150=CARTESIAN_POINT('Ctrl Pts',(-6.54877941198438,18.4764354985769,-16.6189561980879));
#5151=CARTESIAN_POINT('Origin',(-6.78644264873015,18.5195682843687,-16.0427120466081));
#5152=CARTESIAN_POINT('Ctrl Pts',(-6.78304465258622,18.425103373573,-15.9634587819243));
#5153=CARTESIAN_POINT('Ctrl Pts',(-6.78172530602871,18.4219203748665,-15.9879556914832));
#5154=CARTESIAN_POINT('Ctrl Pts',(-6.76980029299683,18.4227507246075,-16.0117572678052));
#5155=CARTESIAN_POINT('Ctrl Pts',(-6.75237020420798,18.4265877648822,-16.0287947365121));
#5156=CARTESIAN_POINT('Ctrl Pts',(-6.80140594469403,18.4183274916157,-15.9635678141465));
#5157=CARTESIAN_POINT('Ctrl Pts',(-6.79978510969936,18.4144161503587,-15.9936701063833));
#5158=CARTESIAN_POINT('Ctrl Pts',(-6.78636113452539,18.4150176522781,-16.0230018099169));
#5159=CARTESIAN_POINT('Ctrl Pts',(-6.76631046357033,18.4190793424327,-16.0448293225483));
#5160=CARTESIAN_POINT('Ctrl Pts',(-6.83701954415824,18.4161217298326,-15.9652002492702));
#5161=CARTESIAN_POINT('Ctrl Pts',(-6.83487302802566,18.4109407247641,-16.0050786391));
#5162=CARTESIAN_POINT('Ctrl Pts',(-6.81923832809213,18.4122888428673,-16.0442973301801));
#5163=CARTESIAN_POINT('Ctrl Pts',(-6.79534503774612,18.4188754969547,-16.074722060013));
#5164=CARTESIAN_POINT('Ctrl Pts',(-6.86846053629522,18.4313083047557,-15.9688675426713));
#5165=CARTESIAN_POINT('Ctrl Pts',(-6.86594010976212,18.4252259856798,-16.0156937580916));
#5166=CARTESIAN_POINT('Ctrl Pts',(-6.84815340942715,18.4295205372453,-16.0619346631189));
#5167=CARTESIAN_POINT('Ctrl Pts',(-6.82154584470944,18.4411489365464,-16.0965991282));
#5168=CARTESIAN_POINT('Ctrl Pts',(-6.87987808157213,18.4403583806027,-15.970658600354));
#5169=CARTESIAN_POINT('Ctrl Pts',(-6.87724082482088,18.4339950432719,-16.0196528499571));
#5170=CARTESIAN_POINT('Ctrl Pts',(-6.85846111142031,18.4397699186729,-16.0680635372058));
#5171=CARTESIAN_POINT('Ctrl Pts',(-6.83082990818311,18.453568089093,-16.1033234764034));
#5172=CARTESIAN_POINT('',(-6.87987808157213,18.4403583806027,-15.970658600354));
#5173=CARTESIAN_POINT('Ctrl Pts',(-6.87987808157213,18.4403583806027,-15.970658600354));
#5174=CARTESIAN_POINT('Ctrl Pts',(-6.87724082482088,18.4339950432719,-16.0196528499571));
#5175=CARTESIAN_POINT('Ctrl Pts',(-6.85846111142031,18.4397699186729,-16.0680635372058));
#5176=CARTESIAN_POINT('Ctrl Pts',(-6.83082990818311,18.453568089093,-16.1033234764034));
#5177=CARTESIAN_POINT('Origin',(-6.81725587302189,18.5180329214897,-15.9773760920203));
#5178=CARTESIAN_POINT('Ctrl Pts',(-6.87987808157213,18.4403583806027,-15.970658600354));
#5179=CARTESIAN_POINT('Ctrl Pts',(-6.93322427970811,18.5690034438503,-14.9804393621941));
#5180=CARTESIAN_POINT('Ctrl Pts',(-6.98656858152741,18.6976469728962,-13.9902198224816));
#5181=CARTESIAN_POINT('Ctrl Pts',(-7.03991110354065,18.8262890638638,-13.));
#5182=CARTESIAN_POINT('Ctrl Pts',(-6.85323714259267,18.4192415369598,-15.9664794657611));
#5183=CARTESIAN_POINT('Ctrl Pts',(-6.90657663649147,18.547887337233,-14.976260026151));
#5184=CARTESIAN_POINT('Ctrl Pts',(-6.95991443913059,18.6765321337934,-13.9860403621613));
#5185=CARTESIAN_POINT('Ctrl Pts',(-7.01325053395032,18.8051749337194,-12.9958203455954));
#5186=CARTESIAN_POINT('Ctrl Pts',(-6.81517691377489,18.4132455801477,-15.9636495883133));
#5187=CARTESIAN_POINT('Ctrl Pts',(-6.86850872350776,18.5418984269403,-14.9734307125566));
#5188=CARTESIAN_POINT('Ctrl Pts',(-6.92183911617411,18.6705501070402,-13.9832116037766));
#5189=CARTESIAN_POINT('Ctrl Pts',(-6.97516784652862,18.7991996686272,-12.9929921274545));
#5190=CARTESIAN_POINT('Ctrl Pts',(-6.78304465258622,18.425103373573,-15.9634587819243));
#5191=CARTESIAN_POINT('Ctrl Pts',(-6.83637546331939,18.5537669916456,-14.9732412838772));
#5192=CARTESIAN_POINT('Ctrl Pts',(-6.88970471172953,18.6824286863605,-13.9830234466275));
#5193=CARTESIAN_POINT('Ctrl Pts',(-6.94303249348252,18.8110885773421,-12.9928052913022));
#5194=CARTESIAN_POINT('Ctrl Pts',(-7.03991110354065,18.8262890638638,-13.));
#5195=CARTESIAN_POINT('Ctrl Pts',(-6.98656858152741,18.6976469728962,-13.9902198224816));
#5196=CARTESIAN_POINT('Ctrl Pts',(-6.93322427970811,18.5690034438503,-14.9804393621941));
#5197=CARTESIAN_POINT('Ctrl Pts',(-6.87987808157213,18.4403583806027,-15.970658600354));
#5198=CARTESIAN_POINT('Ctrl Pts',(6.75237020420801,18.4265877648822,-16.0287947365121));
#5199=CARTESIAN_POINT('Ctrl Pts',(6.76980029299686,18.4227507246075,-16.0117572678052));
#5200=CARTESIAN_POINT('Ctrl Pts',(6.78172530602873,18.4219203748665,-15.9879556914832));
#5201=CARTESIAN_POINT('Ctrl Pts',(6.78304465258624,18.425103373573,-15.9634587819243));
#5202=CARTESIAN_POINT('Ctrl Pts',(6.76631046357035,18.4190793424327,-16.0448293225483));
#5203=CARTESIAN_POINT('Ctrl Pts',(6.78636113452542,18.4150176522781,-16.0230018099169));
#5204=CARTESIAN_POINT('Ctrl Pts',(6.79978510969937,18.4144161503587,-15.9936701063833));
#5205=CARTESIAN_POINT('Ctrl Pts',(6.80140594469405,18.4183274916157,-15.9635678141466));
#5206=CARTESIAN_POINT('Ctrl Pts',(6.79534503774615,18.4188754969547,-16.074722060013));
#5207=CARTESIAN_POINT('Ctrl Pts',(6.81923832809216,18.4122888428673,-16.0442973301801));
#5208=CARTESIAN_POINT('Ctrl Pts',(6.83487302802568,18.410940724764,-16.0050786391));
#5209=CARTESIAN_POINT('Ctrl Pts',(6.83701954415826,18.4161217298326,-15.9652002492702));
#5210=CARTESIAN_POINT('Ctrl Pts',(6.82154584470947,18.4411489365464,-16.0965991282));
#5211=CARTESIAN_POINT('Ctrl Pts',(6.84815340942717,18.4295205372453,-16.0619346631189));
#5212=CARTESIAN_POINT('Ctrl Pts',(6.86594010976214,18.4252259856798,-16.0156937580916));
#5213=CARTESIAN_POINT('Ctrl Pts',(6.86846053629524,18.4313083047557,-15.9688675426713));
#5214=CARTESIAN_POINT('Ctrl Pts',(6.83082990818313,18.453568089093,-16.1033234764034));
#5215=CARTESIAN_POINT('Ctrl Pts',(6.85846111142033,18.4397699186729,-16.0680635372058));
#5216=CARTESIAN_POINT('Ctrl Pts',(6.87724082482091,18.4339950432719,-16.0196528499571));
#5217=CARTESIAN_POINT('Ctrl Pts',(6.87987808157215,18.4403583806027,-15.970658600354));
#5218=CARTESIAN_POINT('',(6.83082990818313,18.453568089093,-16.1033234764034));
#5219=CARTESIAN_POINT('Ctrl Pts',(6.83082990818313,18.453568089093,-16.1033234764034));
#5220=CARTESIAN_POINT('Ctrl Pts',(6.85846111142033,18.4397699186729,-16.0680635372058));
#5221=CARTESIAN_POINT('Ctrl Pts',(6.87724082482091,18.4339950432719,-16.0196528499571));
#5222=CARTESIAN_POINT('Ctrl Pts',(6.87987808157215,18.4403583806027,-15.970658600354));
#5223=CARTESIAN_POINT('Origin',(6.78644264873017,18.5195682843687,-16.0427120466081));
#5224=CARTESIAN_POINT('Ctrl Pts',(6.42894378013747,18.4422290228386,-16.698710585742));
#5225=CARTESIAN_POINT('Ctrl Pts',(6.45408855253616,18.4708563749386,-16.4474747133118));
#5226=CARTESIAN_POINT('Ctrl Pts',(6.57332722726408,18.4660020858163,-16.2038046950854));
#5227=CARTESIAN_POINT('Ctrl Pts',(6.75237020420798,18.4265877648822,-16.0287947365121));
#5228=CARTESIAN_POINT('Ctrl Pts',(6.44968607546974,18.4348141027285,-16.6999480288757));
#5229=CARTESIAN_POINT('Ctrl Pts',(6.47429270884285,18.4627920799313,-16.4542179239685));
#5230=CARTESIAN_POINT('Ctrl Pts',(6.59103157616747,18.4578677813707,-16.2158765586339));
#5231=CARTESIAN_POINT('Ctrl Pts',(6.76631046357033,18.4190793424327,-16.0448293225483));
#5232=CARTESIAN_POINT('Ctrl Pts',(6.49019447404889,18.4342860223295,-16.7039532166701));
#5233=CARTESIAN_POINT('Ctrl Pts',(6.51388198753635,18.4611564263412,-16.4678090474961));
#5234=CARTESIAN_POINT('Ctrl Pts',(6.62637140879677,18.4562676177604,-16.2388321527978));
#5235=CARTESIAN_POINT('Ctrl Pts',(6.79534503068163,18.4188755579891,-16.0747220388952));
#5236=CARTESIAN_POINT('Ctrl Pts',(6.52342340519547,18.455513801988,-16.7097047834593));
#5237=CARTESIAN_POINT('Ctrl Pts',(6.54652977950801,18.4817163721062,-16.4796633780903));
#5238=CARTESIAN_POINT('Ctrl Pts',(6.65633441518964,18.4771755748669,-16.2565813202861));
#5239=CARTESIAN_POINT('Ctrl Pts',(6.82154584470946,18.4411489365464,-16.0965991282));
#5240=CARTESIAN_POINT('Ctrl Pts',(6.53460161407354,18.467459015625,-16.7121865717724));
#5241=CARTESIAN_POINT('Ctrl Pts',(6.55754859707414,18.4934896972263,-16.4837952864674));
#5242=CARTESIAN_POINT('Ctrl Pts',(6.66659035934565,18.4891198865272,-16.2623127804387));
#5243=CARTESIAN_POINT('Ctrl Pts',(6.83082990818313,18.453568089093,-16.1033234764034));
#5244=CARTESIAN_POINT('',(6.54862524712252,18.476488149575,-16.6188664093144));
#5245=CARTESIAN_POINT('Ctrl Pts',(6.54862524712252,18.476488149575,-16.6188664093144));
#5246=CARTESIAN_POINT('Ctrl Pts',(6.52817995943946,18.4584768830633,-16.6435983019935));
#5247=CARTESIAN_POINT('Ctrl Pts',(6.48653131277427,18.4353844574101,-16.6817633166407));
#5248=CARTESIAN_POINT('Ctrl Pts',(6.44507600095808,18.4370935730584,-16.695430269086));
#5249=CARTESIAN_POINT('Ctrl Pts',(6.42894378017695,18.4422290228852,-16.6987105853363));
#5250=CARTESIAN_POINT('Ctrl Pts',(6.54877941198565,18.4764354985765,-16.6189561980886));
#5251=CARTESIAN_POINT('Ctrl Pts',(6.58842532655363,18.4917098351532,-16.4243490713806));
#5252=CARTESIAN_POINT('Ctrl Pts',(6.68906531558803,18.4842548884355,-16.2405562810054));
#5253=CARTESIAN_POINT('Ctrl Pts',(6.83082990818313,18.453568089093,-16.1033234764034));
#5254=CARTESIAN_POINT('Origin',(-7.46017034254571,18.0104444185874,-14.4421941224053));
#5255=CARTESIAN_POINT('',(-8.17449401321797,17.9041109036507,-15.970658600354));
#5256=CARTESIAN_POINT('Origin',(-7.38085574997403,17.8189620535068,-15.916918667024));
#5257=CARTESIAN_POINT('Ctrl Pts',(-8.17449401321797,17.9041109036507,-15.970658600354));
#5258=CARTESIAN_POINT('Ctrl Pts',(-8.22773835135406,18.0327981586917,-14.9804393621939));
#5259=CARTESIAN_POINT('Ctrl Pts',(-8.28098294554411,18.16148298799,-13.9902198224813));
#5260=CARTESIAN_POINT('Ctrl Pts',(-8.33422778137215,18.2901655419003,-12.9999999999996));
#5261=CARTESIAN_POINT('Ctrl Pts',(-8.33422778137215,18.2901655419003,-12.9999999999996));
#5262=CARTESIAN_POINT('Ctrl Pts',(-8.28098294554411,18.16148298799,-13.9902198224813));
#5263=CARTESIAN_POINT('Ctrl Pts',(-8.22773835135406,18.0327981586917,-14.9804393621939));
#5264=CARTESIAN_POINT('Ctrl Pts',(-8.17449401321797,17.9041109036507,-15.970658600354));
#5265=CARTESIAN_POINT('Ctrl Pts',(-8.33814970631583,18.2563837277488,-12.995820345595));
#5266=CARTESIAN_POINT('Ctrl Pts',(-8.28489982446637,18.1277052172412,-13.986040362161));
#5267=CARTESIAN_POINT('Ctrl Pts',(-8.23164973839386,17.9990240872893,-14.9762600261509));
#5268=CARTESIAN_POINT('Ctrl Pts',(-8.17840013849036,17.870341051704,-15.9664794657611));
#5269=CARTESIAN_POINT('Ctrl Pts',(-8.36085308237142,18.225230050761,-12.9929921274541));
#5270=CARTESIAN_POINT('Ctrl Pts',(-8.30759321184234,18.0965519665004,-13.9832116037763));
#5271=CARTESIAN_POINT('Ctrl Pts',(-8.2543330187304,17.967871208793,-14.9734307125564));
#5272=CARTESIAN_POINT('Ctrl Pts',(-8.2010730026594,17.8391886240919,-15.9636495883133));
#5273=CARTESIAN_POINT('Ctrl Pts',(-8.39198293639934,18.2109136526795,-12.9928052913018));
#5274=CARTESIAN_POINT('Ctrl Pts',(-8.33871509112274,18.0822289351965,-13.9830234466273));
#5275=CARTESIAN_POINT('Ctrl Pts',(-8.28544700749726,17.9535419051982,-14.9732412838771));
#5276=CARTESIAN_POINT('Ctrl Pts',(-8.23217866858173,17.8248524104515,-15.9634587819243));
#5277=CARTESIAN_POINT('Origin',(-8.27369879612346,17.9147545099187,-15.9773760920203));
#5278=CARTESIAN_POINT('Origin',(7.87472574152239E-15,3.2618182021071E-15,
-16.65));
#5279=CARTESIAN_POINT('Origin',(-8.34392784946251,17.2744813101837,-16.65));
#5280=CARTESIAN_POINT('Origin',(-17.2744813102029,8.34392784942269,-16.65));
#5281=CARTESIAN_POINT('Ctrl Pts',(-17.8042119231547,8.25491840219983,-16.0287947365121));
#5282=CARTESIAN_POINT('Ctrl Pts',(-17.7054795536954,8.40939103884585,-16.2038046949911));
#5283=CARTESIAN_POINT('Ctrl Pts',(-17.6245975790035,8.49713801507478,-16.447474713047));
#5284=CARTESIAN_POINT('Ctrl Pts',(-17.5865749451082,8.49467545944625,-16.6987105853361));
#5285=CARTESIAN_POINT('Ctrl Pts',(-17.8087599186513,8.23975189384318,-16.0448293225483));
#5286=CARTESIAN_POINT('Ctrl Pts',(-17.7122465970265,8.39112035184774,-16.2158765585418));
#5287=CARTESIAN_POINT('Ctrl Pts',(-17.6331817572491,8.47714920145877,-16.4542179237095));
#5288=CARTESIAN_POINT('Ctrl Pts',(-17.5959988225019,8.47476530146752,-16.6999480284787));
#5289=CARTESIAN_POINT('Ctrl Pts',(-17.8291464873989,8.21907741720414,-16.0747219687197));
#5290=CARTESIAN_POINT('Ctrl Pts',(-17.7361042725993,8.36499999002883,-16.2388320825339));
#5291=CARTESIAN_POINT('Ctrl Pts',(-17.6600191136932,8.4479989485185,-16.4678090626769));
#5292=CARTESIAN_POINT('Ctrl Pts',(-17.6242692673647,8.44574830513407,-16.7039532317183));
#5293=CARTESIAN_POINT('Ctrl Pts',(-17.863422790872,8.21630014093411,-16.0965991282));
#5294=CARTESIAN_POINT('Ctrl Pts',(-17.772075349038,8.35859694326028,-16.2565813201999));
#5295=CARTESIAN_POINT('Ctrl Pts',(-17.6976425750907,8.43945137426971,-16.4796633778478));
#5296=CARTESIAN_POINT('Ctrl Pts',(-17.6627758860887,8.43726203330641,-16.7097047830877));
#5297=CARTESIAN_POINT('Ctrl Pts',(-17.8787692820935,8.2185169836772,-16.1033234764034));
#5298=CARTESIAN_POINT('Ctrl Pts',(-17.7877733004696,8.3597907993722,-16.2623127803531));
#5299=CARTESIAN_POINT('Ctrl Pts',(-17.7137590537415,8.43998489167824,-16.4837952862267));
#5300=CARTESIAN_POINT('Ctrl Pts',(-17.679126614953,8.43780438757266,-16.7121865714034));
#5301=CARTESIAN_POINT('',(-17.6954273827671,8.4342727433876,-16.6188664093145));
#5302=CARTESIAN_POINT('Ctrl Pts',(-17.5865749451082,8.4946754594463,-16.698710585336));
#5303=CARTESIAN_POINT('Ctrl Pts',(-17.5969428079171,8.47462409236436,-16.6943368270768));
#5304=CARTESIAN_POINT('Ctrl Pts',(-17.6286091392662,8.44594349001924,-16.6776996984359));
#5305=CARTESIAN_POINT('Ctrl Pts',(-17.6750326998826,8.43556357900623,-16.6374153426439));
#5306=CARTESIAN_POINT('Ctrl Pts',(-17.6954273827671,8.43427274338761,-16.6188664093145));
#5307=CARTESIAN_POINT('',(-17.8787692820935,8.21851698367719,-16.1033234764034));
#5308=CARTESIAN_POINT('Ctrl Pts',(-17.8787692820935,8.2185169836772,-16.1033234764034));
#5309=CARTESIAN_POINT('Ctrl Pts',(-17.8002254212453,8.34045853234134,-16.2405562810055));
#5310=CARTESIAN_POINT('Ctrl Pts',(-17.7343336459166,8.41689319442641,-16.424349071379));
#5311=CARTESIAN_POINT('Ctrl Pts',(-17.6954991639086,8.43412650249057,-16.6189561980879));
#5312=CARTESIAN_POINT('Origin',(-17.8940519355751,8.29657270147372,-16.0427120466081));
#5313=CARTESIAN_POINT('Ctrl Pts',(-17.8248524104515,8.23217866858174,-15.9634587819243));
#5314=CARTESIAN_POINT('Ctrl Pts',(-17.8216687710225,8.23086086727699,-15.9879556958038));
#5315=CARTESIAN_POINT('Ctrl Pts',(-17.8138236616313,8.23988026837032,-16.0117572648003));
#5316=CARTESIAN_POINT('Ctrl Pts',(-17.8042119231547,8.25491840219981,-16.0287947365121));
#5317=CARTESIAN_POINT('Ctrl Pts',(-17.8330445325317,8.21440400234041,-15.9635678141466));
#5318=CARTESIAN_POINT('Ctrl Pts',(-17.8291326924995,8.21278436954434,-15.9936701116925));
#5319=CARTESIAN_POINT('Ctrl Pts',(-17.8200658373936,8.22270187678492,-16.0230018060671));
#5320=CARTESIAN_POINT('Ctrl Pts',(-17.8087599186513,8.23975189384316,-16.0448293225483));
#5321=CARTESIAN_POINT('Ctrl Pts',(-17.8566674901223,8.18766175323428,-15.9652002598191));
#5322=CARTESIAN_POINT('Ctrl Pts',(-17.8514861492778,8.18551604515175,-16.0050786566823));
#5323=CARTESIAN_POINT('Ctrl Pts',(-17.8413840585751,8.19752474861807,-16.0442972727211));
#5324=CARTESIAN_POINT('Ctrl Pts',(-17.8291464165587,8.2190773278184,-16.0747220079201));
#5325=CARTESIAN_POINT('Ctrl Pts',(-17.8896381099592,8.17616806690616,-15.9688675426713));
#5326=CARTESIAN_POINT('Ctrl Pts',(-17.8835550491294,8.17364942809104,-16.0156937663504));
#5327=CARTESIAN_POINT('Ctrl Pts',(-17.8740146621827,8.18926322672264,-16.0619346570051));
#5328=CARTESIAN_POINT('Ctrl Pts',(-17.863422790872,8.21630014093411,-16.0965991282));
#5329=CARTESIAN_POINT('Ctrl Pts',(-17.9041109036507,8.17449401321799,-15.970658600354));
#5330=CARTESIAN_POINT('Ctrl Pts',(-17.897746521418,8.17185927590824,-16.0196528585983));
#5331=CARTESIAN_POINT('Ctrl Pts',(-17.888550715128,8.18922198745698,-16.0680635309869));
#5332=CARTESIAN_POINT('Ctrl Pts',(-17.8787692820935,8.21851698367719,-16.1033234764034));
#5333=CARTESIAN_POINT('',(-17.9041109036507,8.17449401321799,-15.970658600354));
#5334=CARTESIAN_POINT('Ctrl Pts',(-17.9041109036507,8.17449401321799,-15.970658600354));
#5335=CARTESIAN_POINT('Ctrl Pts',(-17.897746521418,8.17185927590824,-16.0196528585983));
#5336=CARTESIAN_POINT('Ctrl Pts',(-17.888550715128,8.18922198745698,-16.0680635309869));
#5337=CARTESIAN_POINT('Ctrl Pts',(-17.8787692820935,8.21851698367719,-16.1033234764034));
#5338=CARTESIAN_POINT('Origin',(-17.9147545099187,8.27369879612348,-15.9773760920203));
#5339=CARTESIAN_POINT('Ctrl Pts',(-17.9041109036507,8.17449401321799,-15.970658600354));
#5340=CARTESIAN_POINT('Ctrl Pts',(-18.0327981586917,8.22773835135407,-14.9804393621941));
#5341=CARTESIAN_POINT('Ctrl Pts',(-18.1614829879899,8.28098294554411,-13.9902198224816));
#5342=CARTESIAN_POINT('Ctrl Pts',(-18.2901655419003,8.33422778137215,-13.));
#5343=CARTESIAN_POINT('Ctrl Pts',(-17.870341051704,8.17840013849038,-15.9664794657611));
#5344=CARTESIAN_POINT('Ctrl Pts',(-17.9990240872893,8.23164973839387,-14.976260026151));
#5345=CARTESIAN_POINT('Ctrl Pts',(-18.1277052172412,8.28489982446637,-13.9860403621613));
#5346=CARTESIAN_POINT('Ctrl Pts',(-18.2563837277487,8.33814970631583,-12.9958203455954));
#5347=CARTESIAN_POINT('Ctrl Pts',(-17.8391886240919,8.20107300265942,-15.9636495883133));
#5348=CARTESIAN_POINT('Ctrl Pts',(-17.967871208793,8.25433301873041,-14.9734307125566));
#5349=CARTESIAN_POINT('Ctrl Pts',(-18.0965519665004,8.30759321184234,-13.9832116037766));
#5350=CARTESIAN_POINT('Ctrl Pts',(-18.2252300507609,8.36085308237141,-12.9929921274545));
#5351=CARTESIAN_POINT('Ctrl Pts',(-17.8248524104515,8.23217866858175,-15.9634587819243));
#5352=CARTESIAN_POINT('Ctrl Pts',(-17.9535419051982,8.28544700749727,-14.9732412838772));
#5353=CARTESIAN_POINT('Ctrl Pts',(-18.0822289351965,8.33871509112275,-13.9830234466276));
#5354=CARTESIAN_POINT('Ctrl Pts',(-18.2109136526794,8.39198293639934,-12.9928052913022));
#5355=CARTESIAN_POINT('Ctrl Pts',(-18.2901655419003,8.33422778137215,-13.));
#5356=CARTESIAN_POINT('Ctrl Pts',(-18.1614829879899,8.28098294554411,-13.9902198224816));
#5357=CARTESIAN_POINT('Ctrl Pts',(-18.0327981586917,8.22773835135407,-14.9804393621941));
#5358=CARTESIAN_POINT('Ctrl Pts',(-17.9041109036507,8.17449401321799,-15.970658600354));
#5359=CARTESIAN_POINT('Ctrl Pts',(-8.25491840219979,17.8042119231547,-16.0287947365121));
#5360=CARTESIAN_POINT('Ctrl Pts',(-8.23988026836953,17.8138236616318,-16.0117572647994));
#5361=CARTESIAN_POINT('Ctrl Pts',(-8.2308608672769,17.8216687710224,-15.9879556958051));
#5362=CARTESIAN_POINT('Ctrl Pts',(-8.23217866858172,17.8248524104515,-15.9634587819243));
#5363=CARTESIAN_POINT('Ctrl Pts',(-8.23975189384314,17.8087599186513,-16.0448293225483));
#5364=CARTESIAN_POINT('Ctrl Pts',(-8.22270187678402,17.8200658373942,-16.023001806066));
#5365=CARTESIAN_POINT('Ctrl Pts',(-8.21278436954423,17.8291326924993,-15.9936701116941));
#5366=CARTESIAN_POINT('Ctrl Pts',(-8.21440400234039,17.8330445325317,-15.9635678141465));
#5367=CARTESIAN_POINT('Ctrl Pts',(-8.21907732781838,17.8291464165587,-16.0747220079201));
#5368=CARTESIAN_POINT('Ctrl Pts',(-8.19752474861694,17.8413840585757,-16.0442972727196));
#5369=CARTESIAN_POINT('Ctrl Pts',(-8.18551604515162,17.8514861492775,-16.0050786566844));
#5370=CARTESIAN_POINT('Ctrl Pts',(-8.18766175323425,17.8566674901223,-15.9652002598191));
#5371=CARTESIAN_POINT('Ctrl Pts',(-8.21630014093409,17.8634227908721,-16.0965991282));
#5372=CARTESIAN_POINT('Ctrl Pts',(-8.18926322672123,17.8740146621833,-16.0619346570033));
#5373=CARTESIAN_POINT('Ctrl Pts',(-8.17364942809088,17.8835550491291,-16.0156937663528));
#5374=CARTESIAN_POINT('Ctrl Pts',(-8.17616806690613,17.8896381099592,-15.9688675426713));
#5375=CARTESIAN_POINT('Ctrl Pts',(-8.21851698367717,17.8787692820935,-16.1033234764034));
#5376=CARTESIAN_POINT('Ctrl Pts',(-8.18922198745546,17.8885507151285,-16.0680635309851));
#5377=CARTESIAN_POINT('Ctrl Pts',(-8.17185927590808,17.8977465214177,-16.0196528586008));
#5378=CARTESIAN_POINT('Ctrl Pts',(-8.17449401321797,17.9041109036507,-15.970658600354));
#5379=CARTESIAN_POINT('',(-8.21851698367716,17.8787692820935,-16.1033234764034));
#5380=CARTESIAN_POINT('Ctrl Pts',(-8.21851698367717,17.8787692820935,-16.1033234764034));
#5381=CARTESIAN_POINT('Ctrl Pts',(-8.18922198745546,17.8885507151285,-16.0680635309851));
#5382=CARTESIAN_POINT('Ctrl Pts',(-8.17185927590808,17.8977465214177,-16.0196528586008));
#5383=CARTESIAN_POINT('Ctrl Pts',(-8.17449401321797,17.9041109036507,-15.970658600354));
#5384=CARTESIAN_POINT('Origin',(-8.2965727014737,17.8940519355751,-16.0427120466081));
#5385=CARTESIAN_POINT('Ctrl Pts',(-8.49467545944225,17.5865749450468,-16.698710585742));
#5386=CARTESIAN_POINT('Ctrl Pts',(-8.49713801516505,17.6245975789186,-16.4474747133118));
#5387=CARTESIAN_POINT('Ctrl Pts',(-8.40939103892901,17.7054795536422,-16.2038046950854));
#5388=CARTESIAN_POINT('Ctrl Pts',(-8.25491840219981,17.8042119231547,-16.0287947365121));
#5389=CARTESIAN_POINT('Ctrl Pts',(-8.47476530146364,17.5959988224418,-16.6999480288757));
#5390=CARTESIAN_POINT('Ctrl Pts',(-8.47714920154727,17.6331817571661,-16.4542179239685));
#5391=CARTESIAN_POINT('Ctrl Pts',(-8.39112035192921,17.7122465969746,-16.2158765586339));
#5392=CARTESIAN_POINT('Ctrl Pts',(-8.23975189384316,17.8087599186513,-16.0448293225483));
#5393=CARTESIAN_POINT('Ctrl Pts',(-8.44574830513041,17.624269267307,-16.7039532320997));
#5394=CARTESIAN_POINT('Ctrl Pts',(-8.44799894860389,17.6600191136133,-16.4678090629258));
#5395=CARTESIAN_POINT('Ctrl Pts',(-8.36499999010736,17.7361042725493,-16.2388320826222));
#5396=CARTESIAN_POINT('Ctrl Pts',(-8.21907741720412,17.8291464873989,-16.0747219687197));
#5397=CARTESIAN_POINT('Ctrl Pts',(-8.43726203330285,17.6627758860324,-16.7097047834593));
#5398=CARTESIAN_POINT('Ctrl Pts',(-8.43945137435291,17.6976425750125,-16.4796633780902));
#5399=CARTESIAN_POINT('Ctrl Pts',(-8.35859694333685,17.7720753489889,-16.256581320286));
#5400=CARTESIAN_POINT('Ctrl Pts',(-8.21630014093409,17.863422790872,-16.0965991282));
#5401=CARTESIAN_POINT('Ctrl Pts',(-8.43780438756912,17.679126614897,-16.7121865717724));
#5402=CARTESIAN_POINT('Ctrl Pts',(-8.43998489176078,17.7137590536637,-16.4837952864674));
#5403=CARTESIAN_POINT('Ctrl Pts',(-8.35979079944821,17.7877733004206,-16.2623127804387));
#5404=CARTESIAN_POINT('Ctrl Pts',(-8.21851698367717,17.8787692820935,-16.1033234764034));
#5405=CARTESIAN_POINT('',(-8.43427274338758,17.6954273827671,-16.6188664093145));
#5406=CARTESIAN_POINT('Ctrl Pts',(-8.43427274338757,17.6954273827671,-16.6188664093145));
#5407=CARTESIAN_POINT('Ctrl Pts',(-8.43556357804445,17.675032715078,-16.6374153288238));
#5408=CARTESIAN_POINT('Ctrl Pts',(-8.44594318135906,17.6286097340468,-16.6776992763142));
#5409=CARTESIAN_POINT('Ctrl Pts',(-8.47462410730476,17.5969428001917,-16.6943368303359));
#5410=CARTESIAN_POINT('Ctrl Pts',(-8.4946754594473,17.5865749451077,-16.6987105853363));
#5411=CARTESIAN_POINT('Ctrl Pts',(-8.43412650248938,17.6954991639092,-16.6189561980886));
#5412=CARTESIAN_POINT('Ctrl Pts',(-8.41689319442354,17.7343336459181,-16.4243490713806));
#5413=CARTESIAN_POINT('Ctrl Pts',(-8.34045853234128,17.8002254212454,-16.2405562810054));
#5414=CARTESIAN_POINT('Ctrl Pts',(-8.21851698367717,17.8787692820935,-16.1033234764034));
#5415=CARTESIAN_POINT('Origin',(-18.0104444185874,7.46017034254573,-14.4421941224053));
#5416=CARTESIAN_POINT('',(-18.4403583806027,6.87987808157215,-15.970658600354));
#5417=CARTESIAN_POINT('Origin',(-17.8189620535068,7.38085574997405,-15.916918667024));
#5418=CARTESIAN_POINT('Ctrl Pts',(-18.4403583806027,6.87987808157215,-15.970658600354));
#5419=CARTESIAN_POINT('Ctrl Pts',(-18.5690034438503,6.93322427970814,-14.9804393621939));
#5420=CARTESIAN_POINT('Ctrl Pts',(-18.6976469728962,6.98656858152745,-13.9902198224813));
#5421=CARTESIAN_POINT('Ctrl Pts',(-18.8262890638638,7.03991110354069,-12.9999999999996));
#5422=CARTESIAN_POINT('Ctrl Pts',(-18.8262890638638,7.03991110354069,-12.9999999999996));
#5423=CARTESIAN_POINT('Ctrl Pts',(-18.6976469728962,6.98656858152745,-13.9902198224813));
#5424=CARTESIAN_POINT('Ctrl Pts',(-18.5690034438503,6.93322427970814,-14.9804393621939));
#5425=CARTESIAN_POINT('Ctrl Pts',(-18.4403583806027,6.87987808157215,-15.970658600354));
#5426=CARTESIAN_POINT('Ctrl Pts',(-18.8051749337194,7.01325053395036,-12.995820345595));
#5427=CARTESIAN_POINT('Ctrl Pts',(-18.6765321337934,6.95991443913062,-13.986040362161));
#5428=CARTESIAN_POINT('Ctrl Pts',(-18.547887337233,6.9065766364915,-14.9762600261509));
#5429=CARTESIAN_POINT('Ctrl Pts',(-18.4192415369597,6.85323714259269,-15.9664794657611));
#5430=CARTESIAN_POINT('Ctrl Pts',(-18.7991996686272,6.97516784652866,-12.9929921274541));
#5431=CARTESIAN_POINT('Ctrl Pts',(-18.6705501070402,6.92183911617414,-13.9832116037763));
#5432=CARTESIAN_POINT('Ctrl Pts',(-18.5418984269404,6.86850872350778,-14.9734307125564));
#5433=CARTESIAN_POINT('Ctrl Pts',(-18.4132455801477,6.81517691377491,-15.9636495883133));
#5434=CARTESIAN_POINT('Ctrl Pts',(-18.8110885773421,6.94303249348256,-12.9928052913018));
#5435=CARTESIAN_POINT('Ctrl Pts',(-18.6824286863605,6.88970471172957,-13.9830234466273));
#5436=CARTESIAN_POINT('Ctrl Pts',(-18.5537669916456,6.83637546331942,-14.9732412838771));
#5437=CARTESIAN_POINT('Ctrl Pts',(-18.425103373573,6.78304465258624,-15.9634587819243));
#5438=CARTESIAN_POINT('Origin',(-18.5180329214897,6.81725587302191,-15.9773760920203));
#5439=CARTESIAN_POINT('Origin',(7.87472574152239E-15,3.2618182021071E-15,
-16.65));
#5440=CARTESIAN_POINT('Origin',(-18.1149508399974,6.31485491182494,-16.65));
#5441=CARTESIAN_POINT('Origin',(-18.1149508399828,-6.31485491186672,-16.65));
#5442=CARTESIAN_POINT('Ctrl Pts',(-18.4265877648822,-6.75237020420797,-16.0287947365121));
#5443=CARTESIAN_POINT('Ctrl Pts',(-18.466002085795,-6.57332722736048,-16.2038046949911));
#5444=CARTESIAN_POINT('Ctrl Pts',(-18.4708563749348,-6.45408855266005,-16.447474713047));
#5445=CARTESIAN_POINT('Ctrl Pts',(-18.4422290228848,-6.42894378017807,-16.6987105853361));
#5446=CARTESIAN_POINT('Ctrl Pts',(-18.4190793424327,-6.76631046357032,-16.0448293225483));
#5447=CARTESIAN_POINT('Ctrl Pts',(-18.4578677813498,-6.59103157626185,-16.2158765585418));
#5448=CARTESIAN_POINT('Ctrl Pts',(-18.4627920799274,-6.47429270896413,-16.4542179237095));
#5449=CARTESIAN_POINT('Ctrl Pts',(-18.4348141027737,-6.44968607550948,-16.6999480284787));
#5450=CARTESIAN_POINT('Ctrl Pts',(-18.4188755579891,-6.79534503068161,-16.0747220388952));
#5451=CARTESIAN_POINT('Ctrl Pts',(-18.4562676177403,-6.62637140888774,-16.2388321527094));
#5452=CARTESIAN_POINT('Ctrl Pts',(-18.4611564263374,-6.51388198765325,-16.4678090472473));
#5453=CARTESIAN_POINT('Ctrl Pts',(-18.4342860223729,-6.49019447408714,-16.7039532162886));
#5454=CARTESIAN_POINT('Ctrl Pts',(-18.4411489365464,-6.82154584470944,-16.0965991282));
#5455=CARTESIAN_POINT('Ctrl Pts',(-18.4771755748475,-6.65633441527859,-16.2565813201999));
#5456=CARTESIAN_POINT('Ctrl Pts',(-18.4817163721026,-6.54652977962215,-16.4796633778478));
#5457=CARTESIAN_POINT('Ctrl Pts',(-18.4555138020303,-6.52342340523278,-16.7097047830877));
#5458=CARTESIAN_POINT('Ctrl Pts',(-18.453568089093,-6.83082990818311,-16.1033234764034));
#5459=CARTESIAN_POINT('Ctrl Pts',(-18.489119886508,-6.66659035943408,-16.2623127803531));
#5460=CARTESIAN_POINT('Ctrl Pts',(-18.4934896972229,-6.55754859718752,-16.4837952862267));
#5461=CARTESIAN_POINT('Ctrl Pts',(-18.467459015667,-6.53460161411059,-16.7121865714034));
#5462=CARTESIAN_POINT('',(-18.476488149575,-6.5486252471225,-16.6188664093145));
#5463=CARTESIAN_POINT('Ctrl Pts',(-18.4422290228849,-6.42894378017804,-16.698710585336));
#5464=CARTESIAN_POINT('Ctrl Pts',(-18.4353817513478,-6.45045342391234,-16.6943368270768));
#5465=CARTESIAN_POINT('Ctrl Pts',(-18.4374929794632,-6.49312514946105,-16.6776997025311));
#5466=CARTESIAN_POINT('Ctrl Pts',(-18.4629796896266,-6.53329126993543,-16.6374153426439));
#5467=CARTESIAN_POINT('Ctrl Pts',(-18.476488149575,-6.5486252471225,-16.6188664093145));
#5468=CARTESIAN_POINT('',(-18.453568089093,-6.83082990818311,-16.1033234764034));
#5469=CARTESIAN_POINT('Ctrl Pts',(-18.453568089093,-6.83082990818311,-16.1033234764034));
#5470=CARTESIAN_POINT('Ctrl Pts',(-18.4842548884355,-6.68906531558801,-16.2405562810054));
#5471=CARTESIAN_POINT('Ctrl Pts',(-18.4917098351542,-6.5884253265506,-16.424349071379));
#5472=CARTESIAN_POINT('Ctrl Pts',(-18.4764354985769,-6.54877941198439,-16.6189561980879));
#5473=CARTESIAN_POINT('Origin',(-18.5195682843687,-6.78644264873016,-16.0427120466081));
#5474=CARTESIAN_POINT('Ctrl Pts',(-18.425103373573,-6.78304465258623,-15.9634587819243));
#5475=CARTESIAN_POINT('Ctrl Pts',(-18.4219203748665,-6.78172530602872,-15.9879556914832));
#5476=CARTESIAN_POINT('Ctrl Pts',(-18.4227507246075,-6.76980029299684,-16.0117572678052));
#5477=CARTESIAN_POINT('Ctrl Pts',(-18.4265877648822,-6.75237020420799,-16.0287947365121));
#5478=CARTESIAN_POINT('Ctrl Pts',(-18.4183274916157,-6.80140594469404,-15.9635678141466));
#5479=CARTESIAN_POINT('Ctrl Pts',(-18.4144161503587,-6.79978510969936,-15.9936701063833));
#5480=CARTESIAN_POINT('Ctrl Pts',(-18.4150176522781,-6.78636113452539,-16.0230018099169));
#5481=CARTESIAN_POINT('Ctrl Pts',(-18.4190793424327,-6.76631046357033,-16.0448293225483));
#5482=CARTESIAN_POINT('Ctrl Pts',(-18.4161217298326,-6.83701954415824,-15.9652002492702));
#5483=CARTESIAN_POINT('Ctrl Pts',(-18.410940724764,-6.83487302802567,-16.0050786391001));
#5484=CARTESIAN_POINT('Ctrl Pts',(-18.4122888428673,-6.81923832809214,-16.0442973301801));
#5485=CARTESIAN_POINT('Ctrl Pts',(-18.4188754969547,-6.79534503774613,-16.074722060013));
#5486=CARTESIAN_POINT('Ctrl Pts',(-18.4313083047557,-6.86846053629522,-15.9688675426713));
#5487=CARTESIAN_POINT('Ctrl Pts',(-18.4252259856798,-6.86594010976212,-16.0156937580916));
#5488=CARTESIAN_POINT('Ctrl Pts',(-18.4295205372453,-6.84815340942715,-16.0619346631189));
#5489=CARTESIAN_POINT('Ctrl Pts',(-18.4411489365464,-6.82154584470945,-16.0965991282));
#5490=CARTESIAN_POINT('Ctrl Pts',(-18.4403583806027,-6.87987808157214,-15.970658600354));
#5491=CARTESIAN_POINT('Ctrl Pts',(-18.4339950432719,-6.87724082482089,-16.0196528499571));
#5492=CARTESIAN_POINT('Ctrl Pts',(-18.4397699186729,-6.85846111142031,-16.0680635372058));
#5493=CARTESIAN_POINT('Ctrl Pts',(-18.453568089093,-6.83082990818312,-16.1033234764034));
#5494=CARTESIAN_POINT('',(-18.4403583806027,-6.87987808157214,-15.970658600354));
#5495=CARTESIAN_POINT('Ctrl Pts',(-18.4403583806027,-6.87987808157214,-15.970658600354));
#5496=CARTESIAN_POINT('Ctrl Pts',(-18.4339950432719,-6.87724082482089,-16.0196528499571));
#5497=CARTESIAN_POINT('Ctrl Pts',(-18.4397699186729,-6.85846111142031,-16.0680635372058));
#5498=CARTESIAN_POINT('Ctrl Pts',(-18.453568089093,-6.83082990818312,-16.1033234764034));
#5499=CARTESIAN_POINT('Origin',(-18.5180329214897,-6.8172558730219,-15.9773760920203));
#5500=CARTESIAN_POINT('Ctrl Pts',(-18.4403583806027,-6.87987808157214,-15.970658600354));
#5501=CARTESIAN_POINT('Ctrl Pts',(-18.5690034438503,-6.93322427970812,-14.9804393621941));
#5502=CARTESIAN_POINT('Ctrl Pts',(-18.6976469728962,-6.98656858152742,-13.9902198224816));
#5503=CARTESIAN_POINT('Ctrl Pts',(-18.8262890638638,-7.03991110354066,-13.));
#5504=CARTESIAN_POINT('Ctrl Pts',(-18.4192415369598,-6.85323714259267,-15.9664794657611));
#5505=CARTESIAN_POINT('Ctrl Pts',(-18.547887337233,-6.90657663649148,-14.976260026151));
#5506=CARTESIAN_POINT('Ctrl Pts',(-18.6765321337934,-6.9599144391306,-13.9860403621613));
#5507=CARTESIAN_POINT('Ctrl Pts',(-18.8051749337194,-7.01325053395033,-12.9958203455954));
#5508=CARTESIAN_POINT('Ctrl Pts',(-18.4132455801477,-6.81517691377489,-15.9636495883133));
#5509=CARTESIAN_POINT('Ctrl Pts',(-18.5418984269403,-6.86850872350777,-14.9734307125566));
#5510=CARTESIAN_POINT('Ctrl Pts',(-18.6705501070402,-6.92183911617412,-13.9832116037766));
#5511=CARTESIAN_POINT('Ctrl Pts',(-18.7991996686272,-6.97516784652863,-12.9929921274545));
#5512=CARTESIAN_POINT('Ctrl Pts',(-18.425103373573,-6.78304465258623,-15.9634587819243));
#5513=CARTESIAN_POINT('Ctrl Pts',(-18.5537669916456,-6.8363754633194,-14.9732412838772));
#5514=CARTESIAN_POINT('Ctrl Pts',(-18.6824286863605,-6.88970471172954,-13.9830234466276));
#5515=CARTESIAN_POINT('Ctrl Pts',(-18.8110885773421,-6.94303249348253,-12.9928052913022));
#5516=CARTESIAN_POINT('Ctrl Pts',(-18.8262890638638,-7.03991110354066,-13.));
#5517=CARTESIAN_POINT('Ctrl Pts',(-18.6976469728962,-6.98656858152742,-13.9902198224816));
#5518=CARTESIAN_POINT('Ctrl Pts',(-18.5690034438503,-6.93322427970812,-14.9804393621941));
#5519=CARTESIAN_POINT('Ctrl Pts',(-18.4403583806027,-6.87987808157214,-15.970658600354));
#5520=CARTESIAN_POINT('Ctrl Pts',(-18.4265877648822,6.752370204208,-16.0287947365121));
#5521=CARTESIAN_POINT('Ctrl Pts',(-18.4227507246075,6.76980029299685,-16.0117572678052));
#5522=CARTESIAN_POINT('Ctrl Pts',(-18.4219203748665,6.78172530602873,-15.9879556914832));
#5523=CARTESIAN_POINT('Ctrl Pts',(-18.425103373573,6.78304465258624,-15.9634587819243));
#5524=CARTESIAN_POINT('Ctrl Pts',(-18.4190793424327,6.76631046357035,-16.0448293225483));
#5525=CARTESIAN_POINT('Ctrl Pts',(-18.4150176522781,6.78636113452541,-16.0230018099169));
#5526=CARTESIAN_POINT('Ctrl Pts',(-18.4144161503587,6.79978510969937,-15.9936701063833));
#5527=CARTESIAN_POINT('Ctrl Pts',(-18.4183274916157,6.80140594469405,-15.9635678141465));
#5528=CARTESIAN_POINT('Ctrl Pts',(-18.4188754969547,6.79534503774614,-16.074722060013));
#5529=CARTESIAN_POINT('Ctrl Pts',(-18.4122888428673,6.81923832809215,-16.0442973301801));
#5530=CARTESIAN_POINT('Ctrl Pts',(-18.410940724764,6.83487302802568,-16.0050786391));
#5531=CARTESIAN_POINT('Ctrl Pts',(-18.4161217298326,6.83701954415826,-15.9652002492702));
#5532=CARTESIAN_POINT('Ctrl Pts',(-18.4411489365464,6.82154584470947,-16.0965991282));
#5533=CARTESIAN_POINT('Ctrl Pts',(-18.4295205372453,6.84815340942717,-16.0619346631189));
#5534=CARTESIAN_POINT('Ctrl Pts',(-18.4252259856798,6.86594010976214,-16.0156937580916));
#5535=CARTESIAN_POINT('Ctrl Pts',(-18.4313083047557,6.86846053629524,-15.9688675426713));
#5536=CARTESIAN_POINT('Ctrl Pts',(-18.453568089093,6.83082990818313,-16.1033234764034));
#5537=CARTESIAN_POINT('Ctrl Pts',(-18.4397699186729,6.85846111142033,-16.0680635372058));
#5538=CARTESIAN_POINT('Ctrl Pts',(-18.4339950432719,6.8772408248209,-16.0196528499571));
#5539=CARTESIAN_POINT('Ctrl Pts',(-18.4403583806027,6.87987808157215,-15.970658600354));
#5540=CARTESIAN_POINT('',(-18.453568089093,6.83082990818313,-16.1033234764034));
#5541=CARTESIAN_POINT('Ctrl Pts',(-18.453568089093,6.83082990818313,-16.1033234764034));
#5542=CARTESIAN_POINT('Ctrl Pts',(-18.4397699186729,6.85846111142033,-16.0680635372058));
#5543=CARTESIAN_POINT('Ctrl Pts',(-18.4339950432719,6.8772408248209,-16.0196528499571));
#5544=CARTESIAN_POINT('Ctrl Pts',(-18.4403583806027,6.87987808157215,-15.970658600354));
#5545=CARTESIAN_POINT('Origin',(-18.5195682843687,6.78644264873017,-16.0427120466081));
#5546=CARTESIAN_POINT('Ctrl Pts',(-18.4422290228386,6.42894378013746,-16.698710585742));
#5547=CARTESIAN_POINT('Ctrl Pts',(-18.4708563749386,6.45408855253616,-16.4474747133118));
#5548=CARTESIAN_POINT('Ctrl Pts',(-18.4660020858163,6.57332722726408,-16.2038046950854));
#5549=CARTESIAN_POINT('Ctrl Pts',(-18.4265877648822,6.75237020420798,-16.0287947365121));
#5550=CARTESIAN_POINT('Ctrl Pts',(-18.4348141027285,6.44968607546974,-16.6999480288757));
#5551=CARTESIAN_POINT('Ctrl Pts',(-18.4627920799313,6.47429270884285,-16.4542179239685));
#5552=CARTESIAN_POINT('Ctrl Pts',(-18.4578677813707,6.59103157616747,-16.2158765586339));
#5553=CARTESIAN_POINT('Ctrl Pts',(-18.4190793424327,6.76631046357033,-16.0448293225483));
#5554=CARTESIAN_POINT('Ctrl Pts',(-18.4342860223295,6.49019447404889,-16.7039532166701));
#5555=CARTESIAN_POINT('Ctrl Pts',(-18.4611564263412,6.51388198753635,-16.4678090474961));
#5556=CARTESIAN_POINT('Ctrl Pts',(-18.4562676177604,6.62637140879676,-16.2388321527978));
#5557=CARTESIAN_POINT('Ctrl Pts',(-18.4188755579891,6.79534503068163,-16.0747220388952));
#5558=CARTESIAN_POINT('Ctrl Pts',(-18.455513801988,6.52342340519546,-16.7097047834593));
#5559=CARTESIAN_POINT('Ctrl Pts',(-18.4817163721062,6.546529779508,-16.4796633780902));
#5560=CARTESIAN_POINT('Ctrl Pts',(-18.4771755748669,6.65633441518963,-16.2565813202861));
#5561=CARTESIAN_POINT('Ctrl Pts',(-18.4411489365464,6.82154584470946,-16.0965991282));
#5562=CARTESIAN_POINT('Ctrl Pts',(-18.467459015625,6.53460161407353,-16.7121865717724));
#5563=CARTESIAN_POINT('Ctrl Pts',(-18.4934896972263,6.55754859707414,-16.4837952864674));
#5564=CARTESIAN_POINT('Ctrl Pts',(-18.4891198865272,6.66659035934564,-16.2623127804387));
#5565=CARTESIAN_POINT('Ctrl Pts',(-18.453568089093,6.83082990818313,-16.1033234764034));
#5566=CARTESIAN_POINT('',(-18.476488149575,6.54862524712251,-16.6188664093145));
#5567=CARTESIAN_POINT('Ctrl Pts',(-18.476488149575,6.54862524712251,-16.6188664093145));
#5568=CARTESIAN_POINT('Ctrl Pts',(-18.4584768830633,6.52817995943944,-16.6435983019935));
#5569=CARTESIAN_POINT('Ctrl Pts',(-18.4353844574101,6.48653131277427,-16.6817633166407));
#5570=CARTESIAN_POINT('Ctrl Pts',(-18.4370935730584,6.44507600095808,-16.695430269086));
#5571=CARTESIAN_POINT('Ctrl Pts',(-18.4422290228852,6.42894378017694,-16.6987105853363));
#5572=CARTESIAN_POINT('Ctrl Pts',(-18.4764354985765,6.54877941198564,-16.6189561980886));
#5573=CARTESIAN_POINT('Ctrl Pts',(-18.4917098351532,6.58842532655362,-16.4243490713806));
#5574=CARTESIAN_POINT('Ctrl Pts',(-18.4842548884355,6.68906531558802,-16.2405562810054));
#5575=CARTESIAN_POINT('Ctrl Pts',(-18.453568089093,6.83082990818313,-16.1033234764034));
#5576=CARTESIAN_POINT('Origin',(-18.0104444185874,-7.46017034254571,-14.4421941224053));
#5577=CARTESIAN_POINT('',(-17.9041109036507,-8.17449401321797,-15.970658600354));
#5578=CARTESIAN_POINT('Origin',(-17.8189620535068,-7.38085574997403,-15.916918667024));
#5579=CARTESIAN_POINT('Ctrl Pts',(-17.9041109036507,-8.17449401321797,-15.970658600354));
#5580=CARTESIAN_POINT('Ctrl Pts',(-18.0327981586917,-8.22773835135406,-14.9804393621939));
#5581=CARTESIAN_POINT('Ctrl Pts',(-18.16148298799,-8.28098294554411,-13.9902198224813));
#5582=CARTESIAN_POINT('Ctrl Pts',(-18.2901655419003,-8.33422778137216,-12.9999999999996));
#5583=CARTESIAN_POINT('Ctrl Pts',(-18.2901655419003,-8.33422778137216,-12.9999999999996));
#5584=CARTESIAN_POINT('Ctrl Pts',(-18.16148298799,-8.28098294554411,-13.9902198224813));
#5585=CARTESIAN_POINT('Ctrl Pts',(-18.0327981586917,-8.22773835135406,-14.9804393621939));
#5586=CARTESIAN_POINT('Ctrl Pts',(-17.9041109036507,-8.17449401321797,-15.970658600354));
#5587=CARTESIAN_POINT('Ctrl Pts',(-18.2563837277488,-8.33814970631583,-12.995820345595));
#5588=CARTESIAN_POINT('Ctrl Pts',(-18.1277052172412,-8.28489982446637,-13.986040362161));
#5589=CARTESIAN_POINT('Ctrl Pts',(-17.9990240872893,-8.23164973839386,-14.9762600261509));
#5590=CARTESIAN_POINT('Ctrl Pts',(-17.870341051704,-8.17840013849037,-15.9664794657611));
#5591=CARTESIAN_POINT('Ctrl Pts',(-18.225230050761,-8.36085308237142,-12.9929921274541));
#5592=CARTESIAN_POINT('Ctrl Pts',(-18.0965519665004,-8.30759321184234,-13.9832116037763));
#5593=CARTESIAN_POINT('Ctrl Pts',(-17.967871208793,-8.2543330187304,-14.9734307125564));
#5594=CARTESIAN_POINT('Ctrl Pts',(-17.8391886240919,-8.2010730026594,-15.9636495883133));
#5595=CARTESIAN_POINT('Ctrl Pts',(-18.2109136526795,-8.39198293639935,-12.9928052913018));
#5596=CARTESIAN_POINT('Ctrl Pts',(-18.0822289351965,-8.33871509112275,-13.9830234466273));
#5597=CARTESIAN_POINT('Ctrl Pts',(-17.9535419051982,-8.28544700749726,-14.9732412838771));
#5598=CARTESIAN_POINT('Ctrl Pts',(-17.8248524104515,-8.23217866858173,-15.9634587819243));
#5599=CARTESIAN_POINT('Origin',(-17.9147545099187,-8.27369879612346,-15.9773760920203));
#5600=CARTESIAN_POINT('Origin',(7.87472574152239E-15,3.2618182021071E-15,
-16.65));
#5601=CARTESIAN_POINT('Origin',(-17.2744813101837,-8.34392784946252,-16.65));
#5602=CARTESIAN_POINT('Origin',(-8.34392784942267,-17.2744813102029,-16.65));
#5603=CARTESIAN_POINT('Ctrl Pts',(-8.25491840219982,-17.8042119231547,-16.0287947365121));
#5604=CARTESIAN_POINT('Ctrl Pts',(-8.40939103884583,-17.7054795536954,-16.2038046949911));
#5605=CARTESIAN_POINT('Ctrl Pts',(-8.49713801507476,-17.6245975790035,-16.447474713047));
#5606=CARTESIAN_POINT('Ctrl Pts',(-8.49467545944624,-17.5865749451082,-16.6987105853361));
#5607=CARTESIAN_POINT('Ctrl Pts',(-8.23975189384317,-17.8087599186513,-16.0448293225483));
#5608=CARTESIAN_POINT('Ctrl Pts',(-8.39112035184772,-17.7122465970265,-16.2158765585418));
#5609=CARTESIAN_POINT('Ctrl Pts',(-8.47714920145875,-17.6331817572491,-16.4542179237095));
#5610=CARTESIAN_POINT('Ctrl Pts',(-8.4747653014675,-17.5959988225019,-16.6999480284787));
#5611=CARTESIAN_POINT('Ctrl Pts',(-8.21907741720413,-17.8291464873989,-16.0747219687197));
#5612=CARTESIAN_POINT('Ctrl Pts',(-8.36499999002882,-17.7361042725993,-16.2388320825339));
#5613=CARTESIAN_POINT('Ctrl Pts',(-8.44799894851848,-17.6600191136932,-16.4678090626769));
#5614=CARTESIAN_POINT('Ctrl Pts',(-8.44574830513405,-17.6242692673647,-16.7039532317183));
#5615=CARTESIAN_POINT('Ctrl Pts',(-8.2163001409341,-17.863422790872,-16.0965991282));
#5616=CARTESIAN_POINT('Ctrl Pts',(-8.35859694326026,-17.772075349038,-16.2565813201999));
#5617=CARTESIAN_POINT('Ctrl Pts',(-8.43945137426969,-17.6976425750907,-16.4796633778478));
#5618=CARTESIAN_POINT('Ctrl Pts',(-8.4372620333064,-17.6627758860887,-16.7097047830877));
#5619=CARTESIAN_POINT('Ctrl Pts',(-8.21851698367718,-17.8787692820935,-16.1033234764034));
#5620=CARTESIAN_POINT('Ctrl Pts',(-8.35979079937218,-17.7877733004696,-16.2623127803531));
#5621=CARTESIAN_POINT('Ctrl Pts',(-8.43998489167822,-17.7137590537415,-16.4837952862267));
#5622=CARTESIAN_POINT('Ctrl Pts',(-8.43780438757264,-17.679126614953,-16.7121865714034));
#5623=CARTESIAN_POINT('',(-8.43427274338759,-17.6954273827671,-16.6188664093145));
#5624=CARTESIAN_POINT('Ctrl Pts',(-8.49467545944628,-17.5865749451082,-16.698710585336));
#5625=CARTESIAN_POINT('Ctrl Pts',(-8.47462409236434,-17.5969428079171,-16.6943368270768));
#5626=CARTESIAN_POINT('Ctrl Pts',(-8.44594349001921,-17.6286091392662,-16.6776996984359));
#5627=CARTESIAN_POINT('Ctrl Pts',(-8.43556357900621,-17.6750326998826,-16.6374153426439));
#5628=CARTESIAN_POINT('Ctrl Pts',(-8.43427274338758,-17.6954273827671,-16.6188664093145));
#5629=CARTESIAN_POINT('',(-8.21851698367717,-17.8787692820935,-16.1033234764034));
#5630=CARTESIAN_POINT('Ctrl Pts',(-8.21851698367718,-17.8787692820935,-16.1033234764034));
#5631=CARTESIAN_POINT('Ctrl Pts',(-8.34045853234132,-17.8002254212453,-16.2405562810054));
#5632=CARTESIAN_POINT('Ctrl Pts',(-8.41689319442639,-17.7343336459166,-16.424349071379));
#5633=CARTESIAN_POINT('Ctrl Pts',(-8.43412650249055,-17.6954991639086,-16.6189561980879));
#5634=CARTESIAN_POINT('Origin',(-8.29657270147371,-17.8940519355751,-16.0427120466081));
#5635=CARTESIAN_POINT('Ctrl Pts',(-8.23217866858173,-17.8248524104515,-15.9634587819243));
#5636=CARTESIAN_POINT('Ctrl Pts',(-8.23086086727697,-17.8216687710225,-15.9879556958038));
#5637=CARTESIAN_POINT('Ctrl Pts',(-8.2398802683703,-17.8138236616313,-16.0117572648003));
#5638=CARTESIAN_POINT('Ctrl Pts',(-8.2549184021998,-17.8042119231547,-16.0287947365121));
#5639=CARTESIAN_POINT('Ctrl Pts',(-8.2144040023404,-17.8330445325317,-15.9635678141465));
#5640=CARTESIAN_POINT('Ctrl Pts',(-8.21278436954433,-17.8291326924995,-15.9936701116925));
#5641=CARTESIAN_POINT('Ctrl Pts',(-8.2227018767849,-17.8200658373936,-16.0230018060671));
#5642=CARTESIAN_POINT('Ctrl Pts',(-8.23975189384315,-17.8087599186513,-16.0448293225483));
#5643=CARTESIAN_POINT('Ctrl Pts',(-8.18766175323426,-17.8566674901223,-15.9652002598191));
#5644=CARTESIAN_POINT('Ctrl Pts',(-8.18551604515174,-17.8514861492778,-16.0050786566823));
#5645=CARTESIAN_POINT('Ctrl Pts',(-8.19752474861805,-17.8413840585751,-16.0442972727211));
#5646=CARTESIAN_POINT('Ctrl Pts',(-8.21907732781838,-17.8291464165587,-16.0747220079201));
#5647=CARTESIAN_POINT('Ctrl Pts',(-8.17616806690614,-17.8896381099592,-15.9688675426713));
#5648=CARTESIAN_POINT('Ctrl Pts',(-8.17364942809102,-17.8835550491294,-16.0156937663504));
#5649=CARTESIAN_POINT('Ctrl Pts',(-8.18926322672262,-17.8740146621827,-16.0619346570051));
#5650=CARTESIAN_POINT('Ctrl Pts',(-8.2163001409341,-17.863422790872,-16.0965991282));
#5651=CARTESIAN_POINT('Ctrl Pts',(-8.17449401321798,-17.9041109036507,-15.970658600354));
#5652=CARTESIAN_POINT('Ctrl Pts',(-8.17185927590823,-17.8977465214181,-16.0196528585983));
#5653=CARTESIAN_POINT('Ctrl Pts',(-8.18922198745697,-17.888550715128,-16.0680635309869));
#5654=CARTESIAN_POINT('Ctrl Pts',(-8.21851698367718,-17.8787692820935,-16.1033234764034));
#5655=CARTESIAN_POINT('',(-8.17449401321798,-17.9041109036507,-15.970658600354));
#5656=CARTESIAN_POINT('Ctrl Pts',(-8.17449401321798,-17.9041109036507,-15.970658600354));
#5657=CARTESIAN_POINT('Ctrl Pts',(-8.17185927590823,-17.8977465214181,-16.0196528585983));
#5658=CARTESIAN_POINT('Ctrl Pts',(-8.18922198745697,-17.888550715128,-16.0680635309869));
#5659=CARTESIAN_POINT('Ctrl Pts',(-8.21851698367718,-17.8787692820935,-16.1033234764034));
#5660=CARTESIAN_POINT('Origin',(-8.27369879612347,-17.9147545099187,-15.9773760920203));
#5661=CARTESIAN_POINT('Ctrl Pts',(-8.17449401321797,-17.9041109036507,-15.970658600354));
#5662=CARTESIAN_POINT('Ctrl Pts',(-8.22773835135405,-18.0327981586917,-14.9804393621941));
#5663=CARTESIAN_POINT('Ctrl Pts',(-8.2809829455441,-18.1614829879899,-13.9902198224816));
#5664=CARTESIAN_POINT('Ctrl Pts',(-8.33422778137214,-18.2901655419003,-13.));
#5665=CARTESIAN_POINT('Ctrl Pts',(-8.17840013849037,-17.870341051704,-15.9664794657611));
#5666=CARTESIAN_POINT('Ctrl Pts',(-8.23164973839385,-17.9990240872893,-14.976260026151));
#5667=CARTESIAN_POINT('Ctrl Pts',(-8.28489982446636,-18.1277052172412,-13.9860403621613));
#5668=CARTESIAN_POINT('Ctrl Pts',(-8.33814970631581,-18.2563837277487,-12.9958203455954));
#5669=CARTESIAN_POINT('Ctrl Pts',(-8.2010730026594,-17.8391886240919,-15.9636495883133));
#5670=CARTESIAN_POINT('Ctrl Pts',(-8.25433301873039,-17.967871208793,-14.9734307125566));
#5671=CARTESIAN_POINT('Ctrl Pts',(-8.30759321184233,-18.0965519665004,-13.9832116037766));
#5672=CARTESIAN_POINT('Ctrl Pts',(-8.3608530823714,-18.2252300507609,-12.9929921274545));
#5673=CARTESIAN_POINT('Ctrl Pts',(-8.23217866858173,-17.8248524104515,-15.9634587819243));
#5674=CARTESIAN_POINT('Ctrl Pts',(-8.28544700749725,-17.9535419051982,-14.9732412838772));
#5675=CARTESIAN_POINT('Ctrl Pts',(-8.33871509112273,-18.0822289351965,-13.9830234466275));
#5676=CARTESIAN_POINT('Ctrl Pts',(-8.39198293639933,-18.2109136526794,-12.9928052913022));
#5677=CARTESIAN_POINT('Ctrl Pts',(-8.33422778137214,-18.2901655419003,-13.));
#5678=CARTESIAN_POINT('Ctrl Pts',(-8.2809829455441,-18.1614829879899,-13.9902198224816));
#5679=CARTESIAN_POINT('Ctrl Pts',(-8.22773835135405,-18.0327981586917,-14.9804393621941));
#5680=CARTESIAN_POINT('Ctrl Pts',(-8.17449401321797,-17.9041109036507,-15.970658600354));
#5681=CARTESIAN_POINT('Ctrl Pts',(-17.8042119231547,-8.2549184021998,-16.0287947365121));
#5682=CARTESIAN_POINT('Ctrl Pts',(-17.8138236599361,-8.2398802710226,-16.0117572678052));
#5683=CARTESIAN_POINT('Ctrl Pts',(-17.821668771584,-8.2308608675094,-15.9879556914832));
#5684=CARTESIAN_POINT('Ctrl Pts',(-17.8248524104515,-8.23217866858173,-15.9634587819243));
#5685=CARTESIAN_POINT('Ctrl Pts',(-17.8087599186513,-8.23975189384315,-16.0448293225483));
#5686=CARTESIAN_POINT('Ctrl Pts',(-17.8200658353995,-8.22270187979205,-16.0230018099169));
#5687=CARTESIAN_POINT('Ctrl Pts',(-17.8291326931895,-8.21278436982998,-15.9936701063833));
#5688=CARTESIAN_POINT('Ctrl Pts',(-17.8330445325317,-8.2144040023404,-15.9635678141466));
#5689=CARTESIAN_POINT('Ctrl Pts',(-17.8291464165587,-8.21907732781838,-16.0747220079201));
#5690=CARTESIAN_POINT('Ctrl Pts',(-17.8413840564167,-8.19752475241932,-16.0442972780872));
#5691=CARTESIAN_POINT('Ctrl Pts',(-17.8514861501916,-8.18551604553018,-16.0050786496489));
#5692=CARTESIAN_POINT('Ctrl Pts',(-17.8566674901223,-8.18766175323426,-15.9652002598191));
#5693=CARTESIAN_POINT('Ctrl Pts',(-17.863422790872,-8.21630014093409,-16.0965991282));
#5694=CARTESIAN_POINT('Ctrl Pts',(-17.8740146603146,-8.18926323149117,-16.0619346631189));
#5695=CARTESIAN_POINT('Ctrl Pts',(-17.8835550502023,-8.17364942853524,-16.0156937580916));
#5696=CARTESIAN_POINT('Ctrl Pts',(-17.8896381099592,-8.17616806690614,-15.9688675426713));
#5697=CARTESIAN_POINT('Ctrl Pts',(-17.8787692820935,-8.21851698367718,-16.1033234764034));
#5698=CARTESIAN_POINT('Ctrl Pts',(-17.8885507134029,-8.18922199262378,-16.0680635372058));
#5699=CARTESIAN_POINT('Ctrl Pts',(-17.8977465225406,-8.17185927637292,-16.0196528499571));
#5700=CARTESIAN_POINT('Ctrl Pts',(-17.9041109036507,-8.17449401321797,-15.970658600354));
#5701=CARTESIAN_POINT('',(-17.8787692820935,-8.21851698367717,-16.1033234764034));
#5702=CARTESIAN_POINT('Ctrl Pts',(-17.8787692820935,-8.21851698367718,-16.1033234764034));
#5703=CARTESIAN_POINT('Ctrl Pts',(-17.8885507134029,-8.18922199262378,-16.0680635372058));
#5704=CARTESIAN_POINT('Ctrl Pts',(-17.8977465225406,-8.17185927637292,-16.0196528499571));
#5705=CARTESIAN_POINT('Ctrl Pts',(-17.9041109036507,-8.17449401321797,-15.970658600354));
#5706=CARTESIAN_POINT('Origin',(-17.8940519355751,-8.29657270147371,-16.0427120466081));
#5707=CARTESIAN_POINT('Ctrl Pts',(-17.5865749450468,-8.49467545944226,-16.698710585742));
#5708=CARTESIAN_POINT('Ctrl Pts',(-17.6245975789186,-8.49713801516506,-16.4474747133118));
#5709=CARTESIAN_POINT('Ctrl Pts',(-17.7054795536422,-8.40939103892901,-16.2038046950854));
#5710=CARTESIAN_POINT('Ctrl Pts',(-17.8042119231547,-8.25491840219981,-16.0287947365121));
#5711=CARTESIAN_POINT('Ctrl Pts',(-17.5959988224418,-8.47476530146365,-16.6999480288757));
#5712=CARTESIAN_POINT('Ctrl Pts',(-17.6331817571661,-8.47714920154728,-16.4542179239685));
#5713=CARTESIAN_POINT('Ctrl Pts',(-17.7122465969746,-8.39112035192923,-16.2158765586339));
#5714=CARTESIAN_POINT('Ctrl Pts',(-17.8087599186513,-8.23975189384316,-16.0448293225483));
#5715=CARTESIAN_POINT('Ctrl Pts',(-17.624269267307,-8.44574830513041,-16.7039532320997));
#5716=CARTESIAN_POINT('Ctrl Pts',(-17.6600191136133,-8.4479989486039,-16.4678090629258));
#5717=CARTESIAN_POINT('Ctrl Pts',(-17.7361042725492,-8.3649999901074,-16.2388320826222));
#5718=CARTESIAN_POINT('Ctrl Pts',(-17.8291464873989,-8.21907741720412,-16.0747219687197));
#5719=CARTESIAN_POINT('Ctrl Pts',(-17.6627758860323,-8.43726203330286,-16.7097047834593));
#5720=CARTESIAN_POINT('Ctrl Pts',(-17.6976425750125,-8.43945137435292,-16.4796633780903));
#5721=CARTESIAN_POINT('Ctrl Pts',(-17.7720753489888,-8.3585969433369,-16.2565813202861));
#5722=CARTESIAN_POINT('Ctrl Pts',(-17.863422790872,-8.21630014093409,-16.0965991282));
#5723=CARTESIAN_POINT('Ctrl Pts',(-17.679126614897,-8.43780438756912,-16.7121865717724));
#5724=CARTESIAN_POINT('Ctrl Pts',(-17.7137590536637,-8.43998489176079,-16.4837952864674));
#5725=CARTESIAN_POINT('Ctrl Pts',(-17.7877733004206,-8.35979079944827,-16.2623127804387));
#5726=CARTESIAN_POINT('Ctrl Pts',(-17.8787692820935,-8.21851698367718,-16.1033234764034));
#5727=CARTESIAN_POINT('',(-17.6954273827671,-8.43427274338758,-16.6188664093145));
#5728=CARTESIAN_POINT('Ctrl Pts',(-17.6954273827671,-8.43427274338758,-16.6188664093145));
#5729=CARTESIAN_POINT('Ctrl Pts',(-17.6682344925149,-8.43599385626342,-16.6435983019935));
#5730=CARTESIAN_POINT('Ctrl Pts',(-17.6224556422173,-8.44911508671864,-16.6817633136388));
#5731=CARTESIAN_POINT('Ctrl Pts',(-17.5943508364207,-8.47963694534041,-16.695430269086));
#5732=CARTESIAN_POINT('Ctrl Pts',(-17.5865749451077,-8.49467545944731,-16.6987105853363));
#5733=CARTESIAN_POINT('Ctrl Pts',(-17.6954991639092,-8.43412650248939,-16.6189561980886));
#5734=CARTESIAN_POINT('Ctrl Pts',(-17.7343336459181,-8.41689319442356,-16.4243490713806));
#5735=CARTESIAN_POINT('Ctrl Pts',(-17.8002254212453,-8.34045853234133,-16.2405562810055));
#5736=CARTESIAN_POINT('Ctrl Pts',(-17.8787692820935,-8.21851698367718,-16.1033234764034));
#5737=CARTESIAN_POINT('Origin',(-7.46017034254571,-18.0104444185874,-14.4421941224053));
#5738=CARTESIAN_POINT('',(-6.87987808157213,-18.4403583806027,-15.970658600354));
#5739=CARTESIAN_POINT('Origin',(-7.38085574997404,-17.8189620535068,-15.916918667024));
#5740=CARTESIAN_POINT('Ctrl Pts',(-6.87987808157213,-18.4403583806027,-15.970658600354));
#5741=CARTESIAN_POINT('Ctrl Pts',(-6.93322427970813,-18.5690034438503,-14.9804393621939));
#5742=CARTESIAN_POINT('Ctrl Pts',(-6.98656858152743,-18.6976469728962,-13.9902198224813));
#5743=CARTESIAN_POINT('Ctrl Pts',(-7.03991110354068,-18.8262890638638,-12.9999999999996));
#5744=CARTESIAN_POINT('Ctrl Pts',(-7.03991110354068,-18.8262890638638,-12.9999999999996));
#5745=CARTESIAN_POINT('Ctrl Pts',(-6.98656858152743,-18.6976469728962,-13.9902198224813));
#5746=CARTESIAN_POINT('Ctrl Pts',(-6.93322427970813,-18.5690034438503,-14.9804393621939));
#5747=CARTESIAN_POINT('Ctrl Pts',(-6.87987808157213,-18.4403583806027,-15.970658600354));
#5748=CARTESIAN_POINT('Ctrl Pts',(-7.01325053395035,-18.8051749337194,-12.995820345595));
#5749=CARTESIAN_POINT('Ctrl Pts',(-6.95991443913061,-18.6765321337934,-13.986040362161));
#5750=CARTESIAN_POINT('Ctrl Pts',(-6.90657663649148,-18.547887337233,-14.9762600261509));
#5751=CARTESIAN_POINT('Ctrl Pts',(-6.85323714259267,-18.4192415369598,-15.9664794657611));
#5752=CARTESIAN_POINT('Ctrl Pts',(-6.97516784652865,-18.7991996686272,-12.9929921274541));
#5753=CARTESIAN_POINT('Ctrl Pts',(-6.92183911617413,-18.6705501070402,-13.9832116037763));
#5754=CARTESIAN_POINT('Ctrl Pts',(-6.86850872350777,-18.5418984269404,-14.9734307125564));
#5755=CARTESIAN_POINT('Ctrl Pts',(-6.81517691377489,-18.4132455801477,-15.9636495883133));
#5756=CARTESIAN_POINT('Ctrl Pts',(-6.94303249348255,-18.8110885773421,-12.9928052913018));
#5757=CARTESIAN_POINT('Ctrl Pts',(-6.88970471172956,-18.6824286863606,-13.9830234466273));
#5758=CARTESIAN_POINT('Ctrl Pts',(-6.83637546331941,-18.5537669916456,-14.9732412838771));
#5759=CARTESIAN_POINT('Ctrl Pts',(-6.78304465258623,-18.425103373573,-15.9634587819243));
#5760=CARTESIAN_POINT('Origin',(-6.8172558730219,-18.5180329214897,-15.9773760920203));
#5761=CARTESIAN_POINT('Origin',(7.87472574152239E-15,3.2618182021071E-15,
-16.65));
#5762=CARTESIAN_POINT('Origin',(-6.31485491182492,-18.1149508399974,-16.65));
#5763=CARTESIAN_POINT('Origin',(6.31485491186673,-18.1149508399828,-16.65));
#5764=CARTESIAN_POINT('Ctrl Pts',(6.75237020420797,-18.4265877648822,-16.0287947365121));
#5765=CARTESIAN_POINT('Ctrl Pts',(6.57332722736049,-18.466002085795,-16.2038046949911));
#5766=CARTESIAN_POINT('Ctrl Pts',(6.45408855266006,-18.4708563749348,-16.447474713047));
#5767=CARTESIAN_POINT('Ctrl Pts',(6.42894378017808,-18.4422290228849,-16.6987105853361));
#5768=CARTESIAN_POINT('Ctrl Pts',(6.76631046357032,-18.4190793424327,-16.0448293225483));
#5769=CARTESIAN_POINT('Ctrl Pts',(6.59103157626185,-18.4578677813498,-16.2158765585418));
#5770=CARTESIAN_POINT('Ctrl Pts',(6.47429270896414,-18.4627920799274,-16.4542179237095));
#5771=CARTESIAN_POINT('Ctrl Pts',(6.44968607550949,-18.4348141027737,-16.6999480284787));
#5772=CARTESIAN_POINT('Ctrl Pts',(6.79534503068162,-18.4188755579891,-16.0747220388952));
#5773=CARTESIAN_POINT('Ctrl Pts',(6.62637140888774,-18.4562676177403,-16.2388321527094));
#5774=CARTESIAN_POINT('Ctrl Pts',(6.51388198765326,-18.4611564263374,-16.4678090472473));
#5775=CARTESIAN_POINT('Ctrl Pts',(6.49019447408715,-18.4342860223729,-16.7039532162886));
#5776=CARTESIAN_POINT('Ctrl Pts',(6.82154584470945,-18.4411489365464,-16.0965991282));
#5777=CARTESIAN_POINT('Ctrl Pts',(6.65633441527857,-18.4771755748475,-16.2565813201999));
#5778=CARTESIAN_POINT('Ctrl Pts',(6.54652977962216,-18.4817163721026,-16.4796633778478));
#5779=CARTESIAN_POINT('Ctrl Pts',(6.52342340523279,-18.4555138020303,-16.7097047830877));
#5780=CARTESIAN_POINT('Ctrl Pts',(6.83082990818312,-18.453568089093,-16.1033234764034));
#5781=CARTESIAN_POINT('Ctrl Pts',(6.66659035943405,-18.489119886508,-16.2623127803531));
#5782=CARTESIAN_POINT('Ctrl Pts',(6.55754859718753,-18.4934896972229,-16.4837952862267));
#5783=CARTESIAN_POINT('Ctrl Pts',(6.5346016141106,-18.467459015667,-16.7121865714034));
#5784=CARTESIAN_POINT('',(6.54862524712251,-18.476488149575,-16.6188664093144));
#5785=CARTESIAN_POINT('Ctrl Pts',(6.42894378017805,-18.4422290228849,-16.698710585336));
#5786=CARTESIAN_POINT('Ctrl Pts',(6.45045342391235,-18.4353817513478,-16.6943368270768));
#5787=CARTESIAN_POINT('Ctrl Pts',(6.49312514946104,-18.4374929794632,-16.6776997025311));
#5788=CARTESIAN_POINT('Ctrl Pts',(6.53329126993544,-18.4629796896266,-16.6374153426439));
#5789=CARTESIAN_POINT('Ctrl Pts',(6.54862524712251,-18.476488149575,-16.6188664093144));
#5790=CARTESIAN_POINT('',(6.83082990818312,-18.453568089093,-16.1033234764034));
#5791=CARTESIAN_POINT('Ctrl Pts',(6.83082990818312,-18.453568089093,-16.1033234764034));
#5792=CARTESIAN_POINT('Ctrl Pts',(6.68906531558799,-18.4842548884355,-16.2405562810055));
#5793=CARTESIAN_POINT('Ctrl Pts',(6.5884253265506,-18.4917098351542,-16.424349071379));
#5794=CARTESIAN_POINT('Ctrl Pts',(6.5487794119844,-18.4764354985769,-16.6189561980879));
#5795=CARTESIAN_POINT('Origin',(6.78644264873017,-18.5195682843687,-16.0427120466081));
#5796=CARTESIAN_POINT('Ctrl Pts',(6.78304465258624,-18.425103373573,-15.9634587819243));
#5797=CARTESIAN_POINT('Ctrl Pts',(6.78172530602872,-18.4219203748665,-15.9879556914832));
#5798=CARTESIAN_POINT('Ctrl Pts',(6.76980029299684,-18.4227507246075,-16.0117572678052));
#5799=CARTESIAN_POINT('Ctrl Pts',(6.75237020420799,-18.4265877648822,-16.0287947365121));
#5800=CARTESIAN_POINT('Ctrl Pts',(6.80140594469404,-18.4183274916157,-15.9635678141465));
#5801=CARTESIAN_POINT('Ctrl Pts',(6.79978510969937,-18.4144161503587,-15.9936701063833));
#5802=CARTESIAN_POINT('Ctrl Pts',(6.7863611345254,-18.4150176522781,-16.0230018099169));
#5803=CARTESIAN_POINT('Ctrl Pts',(6.76631046357034,-18.4190793424327,-16.0448293225483));
#5804=CARTESIAN_POINT('Ctrl Pts',(6.83701954415825,-18.4161217298326,-15.9652002492702));
#5805=CARTESIAN_POINT('Ctrl Pts',(6.83487302802568,-18.4109407247641,-16.0050786391));
#5806=CARTESIAN_POINT('Ctrl Pts',(6.81923832809214,-18.4122888428673,-16.0442973301801));
#5807=CARTESIAN_POINT('Ctrl Pts',(6.79534503774614,-18.4188754969547,-16.074722060013));
#5808=CARTESIAN_POINT('Ctrl Pts',(6.86846053629523,-18.4313083047557,-15.9688675426713));
#5809=CARTESIAN_POINT('Ctrl Pts',(6.86594010976213,-18.4252259856798,-16.0156937580916));
#5810=CARTESIAN_POINT('Ctrl Pts',(6.84815340942716,-18.4295205372453,-16.0619346631189));
#5811=CARTESIAN_POINT('Ctrl Pts',(6.82154584470946,-18.4411489365464,-16.0965991282));
#5812=CARTESIAN_POINT('Ctrl Pts',(6.87987808157215,-18.4403583806027,-15.970658600354));
#5813=CARTESIAN_POINT('Ctrl Pts',(6.8772408248209,-18.4339950432719,-16.0196528499571));
#5814=CARTESIAN_POINT('Ctrl Pts',(6.85846111142032,-18.4397699186729,-16.0680635372058));
#5815=CARTESIAN_POINT('Ctrl Pts',(6.83082990818312,-18.453568089093,-16.1033234764034));
#5816=CARTESIAN_POINT('',(6.87987808157214,-18.4403583806027,-15.970658600354));
#5817=CARTESIAN_POINT('Ctrl Pts',(6.87987808157215,-18.4403583806027,-15.970658600354));
#5818=CARTESIAN_POINT('Ctrl Pts',(6.8772408248209,-18.4339950432719,-16.0196528499571));
#5819=CARTESIAN_POINT('Ctrl Pts',(6.85846111142032,-18.4397699186729,-16.0680635372058));
#5820=CARTESIAN_POINT('Ctrl Pts',(6.83082990818312,-18.453568089093,-16.1033234764034));
#5821=CARTESIAN_POINT('Origin',(6.81725587302191,-18.5180329214897,-15.9773760920203));
#5822=CARTESIAN_POINT('Ctrl Pts',(6.87987808157215,-18.4403583806027,-15.970658600354));
#5823=CARTESIAN_POINT('Ctrl Pts',(6.93322427970813,-18.5690034438503,-14.980439362194));
#5824=CARTESIAN_POINT('Ctrl Pts',(6.98656858152743,-18.6976469728962,-13.9902198224816));
#5825=CARTESIAN_POINT('Ctrl Pts',(7.03991110354067,-18.8262890638638,-13.));
#5826=CARTESIAN_POINT('Ctrl Pts',(6.85323714259268,-18.4192415369598,-15.9664794657611));
#5827=CARTESIAN_POINT('Ctrl Pts',(6.90657663649149,-18.547887337233,-14.976260026151));
#5828=CARTESIAN_POINT('Ctrl Pts',(6.9599144391306,-18.6765321337934,-13.9860403621613));
#5829=CARTESIAN_POINT('Ctrl Pts',(7.01325053395034,-18.8051749337194,-12.9958203455954));
#5830=CARTESIAN_POINT('Ctrl Pts',(6.8151769137749,-18.4132455801477,-15.9636495883133));
#5831=CARTESIAN_POINT('Ctrl Pts',(6.86850872350777,-18.5418984269403,-14.9734307125566));
#5832=CARTESIAN_POINT('Ctrl Pts',(6.92183911617413,-18.6705501070402,-13.9832116037766));
#5833=CARTESIAN_POINT('Ctrl Pts',(6.97516784652864,-18.7991996686272,-12.9929921274545));
#5834=CARTESIAN_POINT('Ctrl Pts',(6.78304465258624,-18.425103373573,-15.9634587819243));
#5835=CARTESIAN_POINT('Ctrl Pts',(6.83637546331941,-18.5537669916456,-14.9732412838772));
#5836=CARTESIAN_POINT('Ctrl Pts',(6.88970471172955,-18.6824286863605,-13.9830234466276));
#5837=CARTESIAN_POINT('Ctrl Pts',(6.94303249348254,-18.8110885773421,-12.9928052913022));
#5838=CARTESIAN_POINT('Ctrl Pts',(7.03991110354067,-18.8262890638638,-13.));
#5839=CARTESIAN_POINT('Ctrl Pts',(6.98656858152743,-18.6976469728962,-13.9902198224816));
#5840=CARTESIAN_POINT('Ctrl Pts',(6.93322427970813,-18.5690034438503,-14.980439362194));
#5841=CARTESIAN_POINT('Ctrl Pts',(6.87987808157215,-18.4403583806027,-15.970658600354));
#5842=CARTESIAN_POINT('Ctrl Pts',(-6.75237020420799,-18.4265877648822,-16.0287947365121));
#5843=CARTESIAN_POINT('Ctrl Pts',(-6.76980029299683,-18.4227507246075,-16.0117572678052));
#5844=CARTESIAN_POINT('Ctrl Pts',(-6.78172530602872,-18.4219203748665,-15.9879556914832));
#5845=CARTESIAN_POINT('Ctrl Pts',(-6.78304465258623,-18.425103373573,-15.9634587819243));
#5846=CARTESIAN_POINT('Ctrl Pts',(-6.76631046357033,-18.4190793424327,-16.0448293225483));
#5847=CARTESIAN_POINT('Ctrl Pts',(-6.78636113452539,-18.4150176522781,-16.0230018099169));
#5848=CARTESIAN_POINT('Ctrl Pts',(-6.79978510969936,-18.4144161503587,-15.9936701063833));
#5849=CARTESIAN_POINT('Ctrl Pts',(-6.80140594469404,-18.4183274916157,-15.9635678141466));
#5850=CARTESIAN_POINT('Ctrl Pts',(-6.79534503774613,-18.4188754969547,-16.074722060013));
#5851=CARTESIAN_POINT('Ctrl Pts',(-6.81923832809213,-18.4122888428673,-16.0442973301801));
#5852=CARTESIAN_POINT('Ctrl Pts',(-6.83487302802567,-18.410940724764,-16.0050786391));
#5853=CARTESIAN_POINT('Ctrl Pts',(-6.83701954415824,-18.4161217298326,-15.9652002492702));
#5854=CARTESIAN_POINT('Ctrl Pts',(-6.82154584470945,-18.4411489365464,-16.0965991282));
#5855=CARTESIAN_POINT('Ctrl Pts',(-6.84815340942715,-18.4295205372453,-16.0619346631189));
#5856=CARTESIAN_POINT('Ctrl Pts',(-6.86594010976212,-18.4252259856798,-16.0156937580916));
#5857=CARTESIAN_POINT('Ctrl Pts',(-6.86846053629522,-18.4313083047557,-15.9688675426713));
#5858=CARTESIAN_POINT('Ctrl Pts',(-6.83082990818312,-18.453568089093,-16.1033234764034));
#5859=CARTESIAN_POINT('Ctrl Pts',(-6.85846111142031,-18.4397699186729,-16.0680635372058));
#5860=CARTESIAN_POINT('Ctrl Pts',(-6.87724082482088,-18.4339950432719,-16.0196528499571));
#5861=CARTESIAN_POINT('Ctrl Pts',(-6.87987808157213,-18.4403583806027,-15.970658600354));
#5862=CARTESIAN_POINT('',(-6.83082990818312,-18.453568089093,-16.1033234764034));
#5863=CARTESIAN_POINT('Ctrl Pts',(-6.83082990818312,-18.453568089093,-16.1033234764034));
#5864=CARTESIAN_POINT('Ctrl Pts',(-6.85846111142031,-18.4397699186729,-16.0680635372058));
#5865=CARTESIAN_POINT('Ctrl Pts',(-6.87724082482088,-18.4339950432719,-16.0196528499571));
#5866=CARTESIAN_POINT('Ctrl Pts',(-6.87987808157213,-18.4403583806027,-15.970658600354));
#5867=CARTESIAN_POINT('Origin',(-6.78644264873016,-18.5195682843687,-16.0427120466081));
#5868=CARTESIAN_POINT('Ctrl Pts',(-6.42894378013745,-18.4422290228386,-16.698710585742));
#5869=CARTESIAN_POINT('Ctrl Pts',(-6.45408855253614,-18.4708563749386,-16.4474747133118));
#5870=CARTESIAN_POINT('Ctrl Pts',(-6.57332722726406,-18.4660020858163,-16.2038046950854));
#5871=CARTESIAN_POINT('Ctrl Pts',(-6.75237020420797,-18.4265877648822,-16.0287947365121));
#5872=CARTESIAN_POINT('Ctrl Pts',(-6.44968607546972,-18.4348141027285,-16.6999480288757));
#5873=CARTESIAN_POINT('Ctrl Pts',(-6.47429270884283,-18.4627920799313,-16.4542179239685));
#5874=CARTESIAN_POINT('Ctrl Pts',(-6.59103157616746,-18.4578677813707,-16.2158765586339));
#5875=CARTESIAN_POINT('Ctrl Pts',(-6.76631046357032,-18.4190793424327,-16.0448293225483));
#5876=CARTESIAN_POINT('Ctrl Pts',(-6.49019447404887,-18.4342860223295,-16.7039532166701));
#5877=CARTESIAN_POINT('Ctrl Pts',(-6.51388198753633,-18.4611564263412,-16.4678090474961));
#5878=CARTESIAN_POINT('Ctrl Pts',(-6.62637140879676,-18.4562676177604,-16.2388321527978));
#5879=CARTESIAN_POINT('Ctrl Pts',(-6.79534503068161,-18.4188755579891,-16.0747220388952));
#5880=CARTESIAN_POINT('Ctrl Pts',(-6.52342340519545,-18.455513801988,-16.7097047834593));
#5881=CARTESIAN_POINT('Ctrl Pts',(-6.54652977950799,-18.4817163721062,-16.4796633780903));
#5882=CARTESIAN_POINT('Ctrl Pts',(-6.65633441518963,-18.4771755748669,-16.256581320286));
#5883=CARTESIAN_POINT('Ctrl Pts',(-6.82154584470944,-18.4411489365464,-16.0965991282));
#5884=CARTESIAN_POINT('Ctrl Pts',(-6.53460161407352,-18.467459015625,-16.7121865717724));
#5885=CARTESIAN_POINT('Ctrl Pts',(-6.55754859707412,-18.4934896972263,-16.4837952864674));
#5886=CARTESIAN_POINT('Ctrl Pts',(-6.66659035934564,-18.4891198865272,-16.2623127804387));
#5887=CARTESIAN_POINT('Ctrl Pts',(-6.83082990818311,-18.453568089093,-16.1033234764034));
#5888=CARTESIAN_POINT('',(-6.5486252471225,-18.476488149575,-16.6188664093145));
#5889=CARTESIAN_POINT('Ctrl Pts',(-6.54862524712249,-18.476488149575,-16.6188664093145));
#5890=CARTESIAN_POINT('Ctrl Pts',(-6.5332912813602,-18.4629796996912,-16.6374153288238));
#5891=CARTESIAN_POINT('Ctrl Pts',(-6.49312578829146,-18.4374931817821,-16.6776992804072));
#5892=CARTESIAN_POINT('Ctrl Pts',(-6.45045340788511,-18.4353817564495,-16.6943368303359));
#5893=CARTESIAN_POINT('Ctrl Pts',(-6.42894378017693,-18.4422290228852,-16.6987105853363));
#5894=CARTESIAN_POINT('Ctrl Pts',(-6.54877941198563,-18.4764354985765,-16.6189561980886));
#5895=CARTESIAN_POINT('Ctrl Pts',(-6.58842532655361,-18.4917098351532,-16.4243490713806));
#5896=CARTESIAN_POINT('Ctrl Pts',(-6.68906531558802,-18.4842548884355,-16.2405562810054));
#5897=CARTESIAN_POINT('Ctrl Pts',(-6.83082990818311,-18.453568089093,-16.1033234764034));
#5898=CARTESIAN_POINT('Origin',(7.46017034254572,-18.0104444185874,-14.4421941224053));
#5899=CARTESIAN_POINT('Origin',(7.38085574997405,-17.8189620535068,-15.916918667024));
#5900=CARTESIAN_POINT('Ctrl Pts',(17.7016822414315,-8.08571632575321,-17.));
#5901=CARTESIAN_POINT('Ctrl Pts',(17.6263837318577,-8.0843650910285,-17.));
#5902=CARTESIAN_POINT('Ctrl Pts',(17.4496422720097,-8.12305437106547,-17.));
#5903=CARTESIAN_POINT('Ctrl Pts',(17.3181554789559,-8.25350896931287,-17.));
#5904=CARTESIAN_POINT('Ctrl Pts',(17.2744813102029,-8.34392784942268,-17.));
#5905=CARTESIAN_POINT('Ctrl Pts',(17.699944982186,-8.18252632444652,-17.));
#5906=CARTESIAN_POINT('Ctrl Pts',(17.6399961499434,-8.17830735470031,-16.9998802241982));
#5907=CARTESIAN_POINT('Ctrl Pts',(17.4953886971045,-8.20268853731833,-16.9998126336123));
#5908=CARTESIAN_POINT('Ctrl Pts',(17.385831454233,-8.30704823661352,-17.0000180466702));
#5909=CARTESIAN_POINT('Ctrl Pts',(17.3496560797755,-8.38023880094394,-17.));
#5910=CARTESIAN_POINT('Ctrl Pts',(17.6964889557949,-8.3751158364949,-16.9147484831117));
#5911=CARTESIAN_POINT('Ctrl Pts',(17.6668955648353,-8.36551124053967,-16.9205721998806));
#5912=CARTESIAN_POINT('Ctrl Pts',(17.586324834706,-8.36170330465476,-16.9321933533025));
#5913=CARTESIAN_POINT('Ctrl Pts',(17.5208175183149,-8.41370162496036,-16.9364190630251));
#5914=CARTESIAN_POINT('Ctrl Pts',(17.4995831518238,-8.45265664373644,-16.9375755125864));
#5915=CARTESIAN_POINT('Ctrl Pts',(17.6952728481435,-8.44288429445498,-16.7153081597338));
#5916=CARTESIAN_POINT('Ctrl Pts',(17.6764824622412,-8.43866505641498,-16.731245664501));
#5917=CARTESIAN_POINT('Ctrl Pts',(17.6270246096318,-8.4381225735385,-16.7646977824253));
#5918=CARTESIAN_POINT('Ctrl Pts',(17.5884327727857,-8.46773642942242,-16.7778860030103));
#5919=CARTESIAN_POINT('Ctrl Pts',(17.5761126393129,-8.48962195172426,-16.7813830317606));
#5920=CARTESIAN_POINT('Ctrl Pts',(17.6954273827671,-8.43427274338759,-16.6188664093144));
#5921=CARTESIAN_POINT('Ctrl Pts',(17.6750327150782,-8.43556357804445,-16.6374153288235));
#5922=CARTESIAN_POINT('Ctrl Pts',(17.6286097340476,-8.44594318135881,-16.6776992763136));
#5923=CARTESIAN_POINT('Ctrl Pts',(17.5969428001923,-8.47462410730406,-16.6943368303355));
#5924=CARTESIAN_POINT('Ctrl Pts',(17.5865749451082,-8.49467545944628,-16.698710585336));
#5925=CARTESIAN_POINT('Origin',(17.7016822414315,-8.08571632575321,-16.65));
#5926=CARTESIAN_POINT('Ctrl Pts',(8.34392784942734,-17.2744813102007,-17.));
#5927=CARTESIAN_POINT('Ctrl Pts',(8.27611368934391,-17.3072369367649,-17.));
#5928=CARTESIAN_POINT('Ctrl Pts',(8.13778082075521,-17.4245855058522,-17.));
#5929=CARTESIAN_POINT('Ctrl Pts',(8.08391467945359,-17.6012842286654,-17.));
#5930=CARTESIAN_POINT('Ctrl Pts',(8.08571632575321,-17.7016822414315,-17.));
#5931=CARTESIAN_POINT('Ctrl Pts',(8.38023880094772,-17.3496560797737,-17.));
#5932=CARTESIAN_POINT('Ctrl Pts',(8.32534587769901,-17.3767876106164,-17.0000135350027));
#5933=CARTESIAN_POINT('Ctrl Pts',(8.2140875335686,-17.4743166320258,-16.9999229074362));
#5934=CARTESIAN_POINT('Ctrl Pts',(8.17690103145152,-17.6200132058617,-16.9998402989309));
#5935=CARTESIAN_POINT('Ctrl Pts',(8.18252632444652,-17.699944982186,-17.));
#5936=CARTESIAN_POINT('Ctrl Pts',(8.45265664373844,-17.4995831518227,-16.9375755125865));
#5937=CARTESIAN_POINT('Ctrl Pts',(8.42344037965587,-17.5155089266908,-16.9367081754155));
#5938=CARTESIAN_POINT('Ctrl Pts',(8.36625257356384,-17.5733651284523,-16.9331790989383));
#5939=CARTESIAN_POINT('Ctrl Pts',(8.36230970855447,-17.6570311011816,-16.9225134388037));
#5940=CARTESIAN_POINT('Ctrl Pts',(8.3751158364949,-17.6964889557949,-16.9147484831117));
#5941=CARTESIAN_POINT('Ctrl Pts',(8.4896219517254,-17.5761126393122,-16.7813830317607));
#5942=CARTESIAN_POINT('Ctrl Pts',(8.47320780999873,-17.5853527394167,-16.7787602601981));
#5943=CARTESIAN_POINT('Ctrl Pts',(8.44087408407952,-17.6192604842692,-16.7678868410414));
#5944=CARTESIAN_POINT('Ctrl Pts',(8.43725864373493,-17.6702190002735,-16.7365581660904));
#5945=CARTESIAN_POINT('Ctrl Pts',(8.44288429445498,-17.6952728481435,-16.7153081597338));
#5946=CARTESIAN_POINT('Ctrl Pts',(8.49467545944732,-17.5865749451077,-16.6987105853363));
#5947=CARTESIAN_POINT('Ctrl Pts',(8.47963694534042,-17.5943508364207,-16.695430269086));
#5948=CARTESIAN_POINT('Ctrl Pts',(8.44911508671865,-17.6224556422173,-16.6817633136388));
#5949=CARTESIAN_POINT('Ctrl Pts',(8.43599385626343,-17.6682344925149,-16.6435983019935));
#5950=CARTESIAN_POINT('Ctrl Pts',(8.4342727433876,-17.6954273827671,-16.6188664093144));
#5951=CARTESIAN_POINT('Origin',(8.08571632575321,-17.7016822414315,-16.65));
#5952=CARTESIAN_POINT('Ctrl Pts',(8.08571632575321,-17.7016822414315,-17.));
#5953=CARTESIAN_POINT('Ctrl Pts',(8.08800860517708,-17.8294211316392,-17.));
#5954=CARTESIAN_POINT('Ctrl Pts',(8.0253734502182,-18.0856578356295,-17.));
#5955=CARTESIAN_POINT('Ctrl Pts',(7.72525256845646,-18.4078860354472,-17.));
#5956=CARTESIAN_POINT('Ctrl Pts',(7.24150254916005,-18.5173985646546,-17.));
#5957=CARTESIAN_POINT('Ctrl Pts',(6.91778690551764,-18.3570389584327,-17.));
#5958=CARTESIAN_POINT('Ctrl Pts',(6.79951470663485,-18.2344443960166,-17.));
#5959=CARTESIAN_POINT('Ctrl Pts',(8.18252632444652,-17.699944982186,-17.));
#5960=CARTESIAN_POINT('Ctrl Pts',(8.18531917767206,-17.8442982751289,-17.0000077138108));
#5961=CARTESIAN_POINT('Ctrl Pts',(8.11495995518171,-18.1340264395315,-17.0000212373673));
#5962=CARTESIAN_POINT('Ctrl Pts',(7.77590437032539,-18.4986077045358,-17.0000340286994));
#5963=CARTESIAN_POINT('Ctrl Pts',(7.22892171753283,-18.6222405386606,-17.0000277993159));
#5964=CARTESIAN_POINT('Ctrl Pts',(6.86329573477486,-18.4404016918277,-17.000010285081));
#5965=CARTESIAN_POINT('Ctrl Pts',(6.72983127227894,-18.3016709747861,-17.));
#5966=CARTESIAN_POINT('Ctrl Pts',(8.37511481022234,-17.6964889742114,-16.914747544257));
#5967=CARTESIAN_POINT('Ctrl Pts',(8.37887930870483,-17.8737047198002,-16.9143724847845));
#5968=CARTESIAN_POINT('Ctrl Pts',(8.2928923526058,-18.2298041695841,-16.9136881528078));
#5969=CARTESIAN_POINT('Ctrl Pts',(7.87657500824488,-18.6782052556425,-16.913076989944));
#5970=CARTESIAN_POINT('Ctrl Pts',(7.2039824967031,-18.8300272186172,-16.9133617679479));
#5971=CARTESIAN_POINT('Ctrl Pts',(6.75473828537932,-18.6060376428401,-16.9142474649604));
#5972=CARTESIAN_POINT('Ctrl Pts',(6.59120688133378,-18.435407832382,-16.914747544257));
#5973=CARTESIAN_POINT('Ctrl Pts',(8.44288429445498,-17.6952728481435,-16.7153081597338));
#5974=CARTESIAN_POINT('Ctrl Pts',(8.44652702636983,-17.8843345790051,-16.714281751279));
#5975=CARTESIAN_POINT('Ctrl Pts',(8.35451125003827,-18.2636195644646,-16.7124139043646));
#5976=CARTESIAN_POINT('Ctrl Pts',(7.91088450618994,-18.7406110535508,-16.7107527526037));
#5977=CARTESIAN_POINT('Ctrl Pts',(7.19558685293025,-18.902269831787,-16.711525554392));
#5978=CARTESIAN_POINT('Ctrl Pts',(6.71724139717408,-18.6641516731099,-16.7139396151274));
#5979=CARTESIAN_POINT('Ctrl Pts',(6.54242668848594,-18.482468163251,-16.7153081597338));
#5980=CARTESIAN_POINT('Ctrl Pts',(8.43427274338759,-17.6954273827671,-16.6188664093145));
#5981=CARTESIAN_POINT('Ctrl Pts',(8.43752953079156,-17.8828602342903,-16.6176718203189));
#5982=CARTESIAN_POINT('Ctrl Pts',(8.34540149173719,-18.2586089002172,-16.6155024098845));
#5983=CARTESIAN_POINT('Ctrl Pts',(7.90550006205427,-18.7304910849727,-16.6135789026483));
#5984=CARTESIAN_POINT('Ctrl Pts',(7.19710431781557,-18.8910127938052,-16.6144727742892));
#5985=CARTESIAN_POINT('Ctrl Pts',(6.72226810561715,-18.6562720652915,-16.617273623987));
#5986=CARTESIAN_POINT('Ctrl Pts',(6.54862524712251,-18.476488149575,-16.6188664093145));
#5987=CARTESIAN_POINT('Origin',(6.79951470663485,-18.2344443960166,-16.65));
#5988=CARTESIAN_POINT('Ctrl Pts',(6.54862524712251,-18.476488149575,-16.6188664093145));
#5989=CARTESIAN_POINT('Ctrl Pts',(6.72226810561715,-18.6562720652915,-16.617273623987));
#5990=CARTESIAN_POINT('Ctrl Pts',(7.19710431781557,-18.8910127938052,-16.6144727742892));
#5991=CARTESIAN_POINT('Ctrl Pts',(7.90550006205427,-18.7304910849727,-16.6135789026483));
#5992=CARTESIAN_POINT('Ctrl Pts',(8.34540149173719,-18.2586089002172,-16.6155024098845));
#5993=CARTESIAN_POINT('Ctrl Pts',(8.43752953079156,-17.8828602342903,-16.6176718203189));
#5994=CARTESIAN_POINT('Ctrl Pts',(8.43427274338759,-17.6954273827671,-16.6188664093145));
#5995=CARTESIAN_POINT('Ctrl Pts',(6.79951470663485,-18.2344443960166,-17.));
#5996=CARTESIAN_POINT('Ctrl Pts',(6.74722604817994,-18.1802448016643,-17.));
#5997=CARTESIAN_POINT('Ctrl Pts',(6.59489091949925,-18.0826264936936,-17.));
#5998=CARTESIAN_POINT('Ctrl Pts',(6.40967308667395,-18.0818973129705,-17.));
#5999=CARTESIAN_POINT('Ctrl Pts',(6.31485491186673,-18.1149508399828,-17.));
#6000=CARTESIAN_POINT('Ctrl Pts',(6.72983127227894,-18.3016709747861,-17.));
#6001=CARTESIAN_POINT('Ctrl Pts',(6.69042427923211,-18.2562974530594,-16.9998802241089));
#6002=CARTESIAN_POINT('Ctrl Pts',(6.57092918162649,-18.1712840235614,-16.999812637306));
#6003=CARTESIAN_POINT('Ctrl Pts',(6.4196692357204,-18.1676094381064,-17.0000180466837));
#6004=CARTESIAN_POINT('Ctrl Pts',(6.34233578115361,-18.1937831493738,-17.));
#6005=CARTESIAN_POINT('Ctrl Pts',(6.59120459982264,-18.435410033453,-16.9147504439295));
#6006=CARTESIAN_POINT('Ctrl Pts',(6.57707037679624,-18.4076928504453,-16.9205741650375));
#6007=CARTESIAN_POINT('Ctrl Pts',(6.52279047256285,-18.3480274607894,-16.9321951807918));
#6008=CARTESIAN_POINT('Ctrl Pts',(6.43970379448194,-18.3384753693017,-16.9364203116319));
#6009=CARTESIAN_POINT('Ctrl Pts',(6.39714344029348,-18.3510057720355,-16.9375767620548));
#6010=CARTESIAN_POINT('Ctrl Pts',(6.54242668848593,-18.482468163251,-16.7153081597338));
#6011=CARTESIAN_POINT('Ctrl Pts',(6.53212332334606,-18.4661978900063,-16.7312456763757));
#6012=CARTESIAN_POINT('Ctrl Pts',(6.497534289045,-18.4308420073442,-16.7646981286264));
#6013=CARTESIAN_POINT('Ctrl Pts',(6.44930625155662,-18.4244939295859,-16.7778860004048));
#6014=CARTESIAN_POINT('Ctrl Pts',(6.42511918238231,-18.4312576859311,-16.7813830317606));
#6015=CARTESIAN_POINT('Ctrl Pts',(6.54862524712251,-18.476488149575,-16.6188664093144));
#6016=CARTESIAN_POINT('Ctrl Pts',(6.53329126993544,-18.4629796896266,-16.6374153426439));
#6017=CARTESIAN_POINT('Ctrl Pts',(6.49312514946104,-18.4374929794632,-16.6776997025311));
#6018=CARTESIAN_POINT('Ctrl Pts',(6.45045342391235,-18.4353817513478,-16.6943368270768));
#6019=CARTESIAN_POINT('Ctrl Pts',(6.42894378017805,-18.4422290228849,-16.698710585336));
#6020=CARTESIAN_POINT('Ctrl Pts',(-6.31485491186183,-18.1149508399845,-17.));
#6021=CARTESIAN_POINT('Ctrl Pts',(-6.40967301602323,-18.081897337598,-17.));
#6022=CARTESIAN_POINT('Ctrl Pts',(-6.59489355163104,-18.0826272059924,-17.));
#6023=CARTESIAN_POINT('Ctrl Pts',(-6.74722608713822,-18.1802448420463,-17.));
#6024=CARTESIAN_POINT('Ctrl Pts',(-6.79951470663483,-18.2344443960166,-17.));
#6025=CARTESIAN_POINT('Ctrl Pts',(-6.34233578114961,-18.1937831493751,-17.));
#6026=CARTESIAN_POINT('Ctrl Pts',(-6.41966917809786,-18.1676094576079,-17.0000180466702));
#6027=CARTESIAN_POINT('Ctrl Pts',(-6.5709312985271,-18.1712846718191,-16.9998126392739));
#6028=CARTESIAN_POINT('Ctrl Pts',(-6.69042430859275,-18.2562974868655,-16.9998802241982));
#6029=CARTESIAN_POINT('Ctrl Pts',(-6.72983127227893,-18.3016709747861,-17.));
#6030=CARTESIAN_POINT('Ctrl Pts',(-6.39714344029128,-18.3510057720361,-16.9375767620549));
#6031=CARTESIAN_POINT('Ctrl Pts',(-6.43970376276946,-18.3384753786377,-16.9364203124936));
#6032=CARTESIAN_POINT('Ctrl Pts',(-6.52279156736185,-18.3480279776541,-16.9321950642066));
#6033=CARTESIAN_POINT('Ctrl Pts',(-6.5770703873271,-18.4076928710963,-16.9205741606984));
#6034=CARTESIAN_POINT('Ctrl Pts',(-6.59120459982263,-18.435410033453,-16.9147504439295));
#6035=CARTESIAN_POINT('Ctrl Pts',(-6.42511918238105,-18.4312576859314,-16.7813830317608));
#6036=CARTESIAN_POINT('Ctrl Pts',(-6.44930623353439,-18.4244939346254,-16.7778860030106));
#6037=CARTESIAN_POINT('Ctrl Pts',(-6.49753493529143,-18.4308423217515,-16.7646977849592));
#6038=CARTESIAN_POINT('Ctrl Pts',(-6.5321233310227,-18.4661979021286,-16.7312456645012));
#6039=CARTESIAN_POINT('Ctrl Pts',(-6.54242668848592,-18.482468163251,-16.7153081597338));
#6040=CARTESIAN_POINT('Ctrl Pts',(-6.42894378017693,-18.4422290228852,-16.6987105853363));
#6041=CARTESIAN_POINT('Ctrl Pts',(-6.45045340788511,-18.4353817564495,-16.6943368303359));
#6042=CARTESIAN_POINT('Ctrl Pts',(-6.49312578829146,-18.4374931817821,-16.6776992804072));
#6043=CARTESIAN_POINT('Ctrl Pts',(-6.5332912813602,-18.4629796996912,-16.6374153288238));
#6044=CARTESIAN_POINT('Ctrl Pts',(-6.54862524712249,-18.476488149575,-16.6188664093145));
#6045=CARTESIAN_POINT('Origin',(-6.79951470663483,-18.2344443960166,-16.65));
#6046=CARTESIAN_POINT('Ctrl Pts',(-6.79951470663484,-18.2344443960166,-17.));
#6047=CARTESIAN_POINT('Ctrl Pts',(-6.88821885579694,-18.3263903178287,-17.));
#6048=CARTESIAN_POINT('Ctrl Pts',(-7.11369530965252,-18.4632872860635,-17.));
#6049=CARTESIAN_POINT('Ctrl Pts',(-7.55376256552029,-18.4789195205722,-17.));
#6050=CARTESIAN_POINT('Ctrl Pts',(-7.97326253672253,-18.2142936535625,-17.));
#6051=CARTESIAN_POINT('Ctrl Pts',(-8.08877269831836,-17.8720007617084,-17.));
#6052=CARTESIAN_POINT('Ctrl Pts',(-8.08571632575321,-17.7016822414315,-17.));
#6053=CARTESIAN_POINT('Ctrl Pts',(-6.72983127227893,-18.3016709747861,-17.));
#6054=CARTESIAN_POINT('Ctrl Pts',(-6.82992961915088,-18.4057190125673,-17.0000077138108));
#6055=CARTESIAN_POINT('Ctrl Pts',(-7.08454985227204,-18.5608362789825,-17.0000212373512));
#6056=CARTESIAN_POINT('Ctrl Pts',(-7.58209624031772,-18.5788856605113,-17.0000340286838));
#6057=CARTESIAN_POINT('Ctrl Pts',(-8.05629299881039,-18.2795321328995,-17.0000277992939));
#6058=CARTESIAN_POINT('Ctrl Pts',(-8.18625012874723,-17.8924160394432,-17.000010285081));
#6059=CARTESIAN_POINT('Ctrl Pts',(-8.18252632444651,-17.699944982186,-17.));
#6060=CARTESIAN_POINT('Ctrl Pts',(-6.59120687949129,-18.4354078341595,-16.9147475465987));
#6061=CARTESIAN_POINT('Ctrl Pts',(-6.71385543252545,-18.5633801920031,-16.9143724871262));
#6062=CARTESIAN_POINT('Ctrl Pts',(-7.0264577289227,-18.7543785679097,-16.9136881551555));
#6063=CARTESIAN_POINT('Ctrl Pts',(-7.63790599551651,-18.7770651989706,-16.9130769922914));
#6064=CARTESIAN_POINT('Ctrl Pts',(-8.22085506260209,-18.4088248121162,-16.9133617702978));
#6065=CARTESIAN_POINT('Ctrl Pts',(-8.38013414409205,-17.9327766349506,-16.9142474673021));
#6066=CARTESIAN_POINT('Ctrl Pts',(-8.37511481278206,-17.6964889741655,-16.9147475465987));
#6067=CARTESIAN_POINT('Ctrl Pts',(-6.54242668848593,-18.482468163251,-16.7153081597338));
#6068=CARTESIAN_POINT('Ctrl Pts',(-6.67353772000204,-18.6187307956451,-16.714281751279));
#6069=CARTESIAN_POINT('Ctrl Pts',(-7.0067976845631,-18.8218608012731,-16.7124139043674));
#6070=CARTESIAN_POINT('Ctrl Pts',(-7.6577730799661,-18.8454532388976,-16.7107527526063));
#6071=CARTESIAN_POINT('Ctrl Pts',(-8.27787491957728,-18.4539714359531,-16.711525554396));
#6072=CARTESIAN_POINT('Ctrl Pts',(-8.44774127034144,-17.947355155959,-16.7139396151274));
#6073=CARTESIAN_POINT('Ctrl Pts',(-8.44288429445497,-17.6952728481435,-16.7153081597338));
#6074=CARTESIAN_POINT('Ctrl Pts',(-6.5486252471225,-18.476488149575,-16.6188664093145));
#6075=CARTESIAN_POINT('Ctrl Pts',(-6.67885739099348,-18.6113260863624,-16.6176718203189));
#6076=CARTESIAN_POINT('Ctrl Pts',(-7.00969618193756,-18.8118761550109,-16.6155024098843));
#6077=CARTESIAN_POINT('Ctrl Pts',(-7.654424558707,-18.8344899637858,-16.6135789026479));
#6078=CARTESIAN_POINT('Ctrl Pts',(-8.26884198225758,-18.4470845181284,-16.6144727742889));
#6079=CARTESIAN_POINT('Ctrl Pts',(-8.43861512659287,-17.9453378514647,-16.617273623987));
#6080=CARTESIAN_POINT('Ctrl Pts',(-8.43427274338758,-17.6954273827671,-16.6188664093145));
#6081=CARTESIAN_POINT('Origin',(-8.08571632575321,-17.7016822414315,-16.65));
#6082=CARTESIAN_POINT('Ctrl Pts',(-8.43427274338758,-17.6954273827671,-16.6188664093145));
#6083=CARTESIAN_POINT('Ctrl Pts',(-8.43861512659287,-17.9453378514647,-16.617273623987));
#6084=CARTESIAN_POINT('Ctrl Pts',(-8.26884198225758,-18.4470845181284,-16.6144727742889));
#6085=CARTESIAN_POINT('Ctrl Pts',(-7.654424558707,-18.8344899637858,-16.6135789026479));
#6086=CARTESIAN_POINT('Ctrl Pts',(-7.00969618193756,-18.8118761550109,-16.6155024098843));
#6087=CARTESIAN_POINT('Ctrl Pts',(-6.67885739099348,-18.6113260863624,-16.6176718203189));
#6088=CARTESIAN_POINT('Ctrl Pts',(-6.5486252471225,-18.476488149575,-16.6188664093145));
#6089=CARTESIAN_POINT('Ctrl Pts',(-8.08571632575321,-17.7016822414315,-17.));
#6090=CARTESIAN_POINT('Ctrl Pts',(-8.08436509002173,-17.6263836757548,-17.));
#6091=CARTESIAN_POINT('Ctrl Pts',(-8.12305572859412,-17.449639907143,-17.));
#6092=CARTESIAN_POINT('Ctrl Pts',(-8.2535089019442,-17.3181555114963,-17.));
#6093=CARTESIAN_POINT('Ctrl Pts',(-8.34392784942268,-17.2744813102029,-17.));
#6094=CARTESIAN_POINT('Ctrl Pts',(-8.18252632444651,-17.699944982186,-17.));
#6095=CARTESIAN_POINT('Ctrl Pts',(-8.17830735155687,-17.6399961052771,-16.9998802241089));
#6096=CARTESIAN_POINT('Ctrl Pts',(-8.20268957580731,-17.4953867418447,-16.9998126316436));
#6097=CARTESIAN_POINT('Ctrl Pts',(-8.3070481820812,-17.3858314811863,-17.0000180466837));
#6098=CARTESIAN_POINT('Ctrl Pts',(-8.38023880094394,-17.3496560797755,-17.));
#6099=CARTESIAN_POINT('Ctrl Pts',(-8.37511583649489,-17.6964889557949,-16.9147484831117));
#6100=CARTESIAN_POINT('Ctrl Pts',(-8.36551123338354,-17.666895542786,-16.9205722042197));
#6101=CARTESIAN_POINT('Ctrl Pts',(-8.36170371331833,-17.5863236950881,-16.9321934698875));
#6102=CARTESIAN_POINT('Ctrl Pts',(-8.41370159593601,-17.5208175341361,-16.9364190621635));
#6103=CARTESIAN_POINT('Ctrl Pts',(-8.45265664373643,-17.4995831518237,-16.9375755125865));
#6104=CARTESIAN_POINT('Ctrl Pts',(-8.44288429445497,-17.6952728481435,-16.7153081597338));
#6105=CARTESIAN_POINT('Ctrl Pts',(-8.43866505327134,-17.6764824482409,-16.7312456763757));
#6106=CARTESIAN_POINT('Ctrl Pts',(-8.43812280818447,-17.6270239303486,-16.7646981260912));
#6107=CARTESIAN_POINT('Ctrl Pts',(-8.46773641311611,-17.5884327819651,-16.7778860004048));
#6108=CARTESIAN_POINT('Ctrl Pts',(-8.48962195172425,-17.5761126393128,-16.7813830317606));
#6109=CARTESIAN_POINT('Ctrl Pts',(-8.43427274338758,-17.6954273827671,-16.6188664093145));
#6110=CARTESIAN_POINT('Ctrl Pts',(-8.43556357900621,-17.6750326998826,-16.6374153426439));
#6111=CARTESIAN_POINT('Ctrl Pts',(-8.44594349001921,-17.6286091392662,-16.6776996984359));
#6112=CARTESIAN_POINT('Ctrl Pts',(-8.47462409236434,-17.5969428079171,-16.6943368270768));
#6113=CARTESIAN_POINT('Ctrl Pts',(-8.49467545944628,-17.5865749451082,-16.698710585336));
#6114=CARTESIAN_POINT('Ctrl Pts',(-17.2744813102007,-8.34392784942733,-17.));
#6115=CARTESIAN_POINT('Ctrl Pts',(-17.3072369367649,-8.2761136893439,-17.));
#6116=CARTESIAN_POINT('Ctrl Pts',(-17.4245855058522,-8.13778082075521,-17.));
#6117=CARTESIAN_POINT('Ctrl Pts',(-17.6012842286654,-8.08391467945358,-17.));
#6118=CARTESIAN_POINT('Ctrl Pts',(-17.7016822414315,-8.08571632575321,-17.));
#6119=CARTESIAN_POINT('Ctrl Pts',(-17.3496560797736,-8.38023880094771,-17.));
#6120=CARTESIAN_POINT('Ctrl Pts',(-17.3767876106164,-8.325345877699,-17.0000135350027));
#6121=CARTESIAN_POINT('Ctrl Pts',(-17.4743166320258,-8.21408753356859,-16.9999229074362));
#6122=CARTESIAN_POINT('Ctrl Pts',(-17.6200132058617,-8.17690103145151,-16.9998402989309));
#6123=CARTESIAN_POINT('Ctrl Pts',(-17.699944982186,-8.18252632444651,-17.));
#6124=CARTESIAN_POINT('Ctrl Pts',(-17.4995831518227,-8.45265664373843,-16.9375755125865));
#6125=CARTESIAN_POINT('Ctrl Pts',(-17.5155089266908,-8.42344037965585,-16.9367081754155));
#6126=CARTESIAN_POINT('Ctrl Pts',(-17.5733651284523,-8.36625257356383,-16.9331790989383));
#6127=CARTESIAN_POINT('Ctrl Pts',(-17.6570311011816,-8.36230970855446,-16.9225134388037));
#6128=CARTESIAN_POINT('Ctrl Pts',(-17.6964889557949,-8.37511583649489,-16.9147484831117));
#6129=CARTESIAN_POINT('Ctrl Pts',(-17.5761126393122,-8.48962195172538,-16.7813830317608));
#6130=CARTESIAN_POINT('Ctrl Pts',(-17.5853527394167,-8.47320780999871,-16.7787602601982));
#6131=CARTESIAN_POINT('Ctrl Pts',(-17.6192604842692,-8.44087408407951,-16.7678868410414));
#6132=CARTESIAN_POINT('Ctrl Pts',(-17.6702190002735,-8.43725864373492,-16.7365581660904));
#6133=CARTESIAN_POINT('Ctrl Pts',(-17.6952728481435,-8.44288429445497,-16.7153081597338));
#6134=CARTESIAN_POINT('Ctrl Pts',(-17.5865749451077,-8.49467545944731,-16.6987105853363));
#6135=CARTESIAN_POINT('Ctrl Pts',(-17.5943508364207,-8.47963694534041,-16.695430269086));
#6136=CARTESIAN_POINT('Ctrl Pts',(-17.6224556422173,-8.44911508671864,-16.6817633136388));
#6137=CARTESIAN_POINT('Ctrl Pts',(-17.6682344925149,-8.43599385626342,-16.6435983019935));
#6138=CARTESIAN_POINT('Ctrl Pts',(-17.6954273827671,-8.43427274338758,-16.6188664093145));
#6139=CARTESIAN_POINT('Origin',(-17.7016822414315,-8.08571632575321,-16.65));
#6140=CARTESIAN_POINT('Ctrl Pts',(-17.7016822414315,-8.0857163257532,-17.));
#6141=CARTESIAN_POINT('Ctrl Pts',(-17.8720007617084,-8.08877269831836,-17.));
#6142=CARTESIAN_POINT('Ctrl Pts',(-18.2143011851258,-7.9732528340673,-17.));
#6143=CARTESIAN_POINT('Ctrl Pts',(-18.4789244379662,-7.55375350916418,-17.));
#6144=CARTESIAN_POINT('Ctrl Pts',(-18.463281249653,-7.11367926366391,-17.));
#6145=CARTESIAN_POINT('Ctrl Pts',(-18.3263903178287,-6.88821885579693,-17.));
#6146=CARTESIAN_POINT('Ctrl Pts',(-18.2344443960166,-6.79951470663483,-17.));
#6147=CARTESIAN_POINT('Ctrl Pts',(-17.699944982186,-8.18252632444651,-17.));
#6148=CARTESIAN_POINT('Ctrl Pts',(-17.8924160394432,-8.18625012874722,-17.000010285081));
#6149=CARTESIAN_POINT('Ctrl Pts',(-18.2795406639138,-8.05628202991868,-17.0000277995412));
#6150=CARTESIAN_POINT('Ctrl Pts',(-18.5788912249052,-7.58208598195203,-17.0000340287466));
#6151=CARTESIAN_POINT('Ctrl Pts',(-18.5608294351257,-7.08453171266388,-17.0000212365606));
#6152=CARTESIAN_POINT('Ctrl Pts',(-18.4057190125673,-6.82992961915087,-17.0000077138108));
#6153=CARTESIAN_POINT('Ctrl Pts',(-18.3016709747861,-6.72983127227893,-17.));
#6154=CARTESIAN_POINT('Ctrl Pts',(-17.6964889741654,-8.37511481278515,-16.9147475466015));
#6155=CARTESIAN_POINT('Ctrl Pts',(-17.9327766349505,-8.38013414409514,-16.9142474673049));
#6156=CARTESIAN_POINT('Ctrl Pts',(-18.4088353178768,-8.22084158926348,-16.9133617584694));
#6157=CARTESIAN_POINT('Ctrl Pts',(-18.7770720423085,-7.63789336228298,-16.9130769893081));
#6158=CARTESIAN_POINT('Ctrl Pts',(-18.7543701292901,-7.02643544872963,-16.913688193551));
#6159=CARTESIAN_POINT('Ctrl Pts',(-18.5633801920053,-6.71385543252322,-16.9143724871291));
#6160=CARTESIAN_POINT('Ctrl Pts',(-18.4354078341616,-6.59120687948906,-16.9147475466015));
#6161=CARTESIAN_POINT('Ctrl Pts',(-17.6952728481435,-8.44288429445497,-16.7153081597338));
#6162=CARTESIAN_POINT('Ctrl Pts',(-17.947355155959,-8.44774127034144,-16.7139396151274));
#6163=CARTESIAN_POINT('Ctrl Pts',(-18.4539825906527,-8.27786056155576,-16.7115255225321));
#6164=CARTESIAN_POINT('Ctrl Pts',(-18.8454605204854,-7.65775966942303,-16.7107527443153));
#6165=CARTESIAN_POINT('Ctrl Pts',(-18.8218518460383,-7.006773938301,-16.7124140089314));
#6166=CARTESIAN_POINT('Ctrl Pts',(-18.6187307956451,-6.67353772000203,-16.714281751279));
#6167=CARTESIAN_POINT('Ctrl Pts',(-18.4824681632509,-6.54242668848592,-16.7153081597338));
#6168=CARTESIAN_POINT('Ctrl Pts',(-17.6954273827671,-8.43427274338758,-16.6188664093145));
#6169=CARTESIAN_POINT('Ctrl Pts',(-17.9453378514647,-8.43861512659287,-16.617273623987));
#6170=CARTESIAN_POINT('Ctrl Pts',(-18.4470955308351,-8.26882776036031,-16.6144727376494));
#6171=CARTESIAN_POINT('Ctrl Pts',(-18.8344971658739,-7.65441132118798,-16.6135788928947));
#6172=CARTESIAN_POINT('Ctrl Pts',(-18.8118673203458,-7.0096726589026,-16.6155025311436));
#6173=CARTESIAN_POINT('Ctrl Pts',(-18.6113260863624,-6.67885739099347,-16.6176718203189));
#6174=CARTESIAN_POINT('Ctrl Pts',(-18.476488149575,-6.54862524712249,-16.6188664093145));
#6175=CARTESIAN_POINT('Origin',(-18.2344443960166,-6.79951470663484,-16.65));
#6176=CARTESIAN_POINT('Ctrl Pts',(-18.476488149575,-6.54862524712249,-16.6188664093145));
#6177=CARTESIAN_POINT('Ctrl Pts',(-18.6113260863624,-6.67885739099347,-16.6176718203189));
#6178=CARTESIAN_POINT('Ctrl Pts',(-18.8118673203458,-7.0096726589026,-16.6155025311436));
#6179=CARTESIAN_POINT('Ctrl Pts',(-18.8344971658739,-7.65441132118798,-16.6135788928947));
#6180=CARTESIAN_POINT('Ctrl Pts',(-18.4470955308351,-8.26882776036031,-16.6144727376494));
#6181=CARTESIAN_POINT('Ctrl Pts',(-17.9453378514647,-8.43861512659287,-16.617273623987));
#6182=CARTESIAN_POINT('Ctrl Pts',(-17.6954273827671,-8.43427274338758,-16.6188664093145));
#6183=CARTESIAN_POINT('Ctrl Pts',(-18.2344443960166,-6.79951470663483,-17.));
#6184=CARTESIAN_POINT('Ctrl Pts',(-18.1802448016642,-6.74722604817992,-17.));
#6185=CARTESIAN_POINT('Ctrl Pts',(-18.0826264936936,-6.59489091949928,-17.));
#6186=CARTESIAN_POINT('Ctrl Pts',(-18.0818973129705,-6.40967308667393,-17.));
#6187=CARTESIAN_POINT('Ctrl Pts',(-18.1149508399828,-6.31485491186671,-17.));
#6188=CARTESIAN_POINT('Ctrl Pts',(-18.3016709747861,-6.72983127227893,-17.));
#6189=CARTESIAN_POINT('Ctrl Pts',(-18.2562974530594,-6.69042427923209,-16.9998802241089));
#6190=CARTESIAN_POINT('Ctrl Pts',(-18.1712840235614,-6.57092918162652,-16.999812637306));
#6191=CARTESIAN_POINT('Ctrl Pts',(-18.1676094381064,-6.41966923572038,-17.0000180466837));
#6192=CARTESIAN_POINT('Ctrl Pts',(-18.1937831493738,-6.3423357811536,-17.));
#6193=CARTESIAN_POINT('Ctrl Pts',(-18.435410033453,-6.59120459982263,-16.9147504439295));
#6194=CARTESIAN_POINT('Ctrl Pts',(-18.4076928504453,-6.57707037679622,-16.9205741650375));
#6195=CARTESIAN_POINT('Ctrl Pts',(-18.3480274607894,-6.52279047256285,-16.9321951807918));
#6196=CARTESIAN_POINT('Ctrl Pts',(-18.3384753693017,-6.43970379448193,-16.9364203116319));
#6197=CARTESIAN_POINT('Ctrl Pts',(-18.3510057720354,-6.39714344029347,-16.9375767620548));
#6198=CARTESIAN_POINT('Ctrl Pts',(-18.482468163251,-6.54242668848593,-16.7153081597338));
#6199=CARTESIAN_POINT('Ctrl Pts',(-18.4661978900063,-6.53212332334605,-16.7312456763757));
#6200=CARTESIAN_POINT('Ctrl Pts',(-18.4308420073443,-6.49753428904501,-16.7646981286264));
#6201=CARTESIAN_POINT('Ctrl Pts',(-18.4244939295859,-6.44930625155661,-16.7778860004048));
#6202=CARTESIAN_POINT('Ctrl Pts',(-18.4312576859311,-6.4251191823823,-16.7813830317606));
#6203=CARTESIAN_POINT('Ctrl Pts',(-18.476488149575,-6.5486252471225,-16.6188664093145));
#6204=CARTESIAN_POINT('Ctrl Pts',(-18.4629796896266,-6.53329126993543,-16.6374153426439));
#6205=CARTESIAN_POINT('Ctrl Pts',(-18.4374929794632,-6.49312514946105,-16.6776997025311));
#6206=CARTESIAN_POINT('Ctrl Pts',(-18.4353817513478,-6.45045342391234,-16.6943368270768));
#6207=CARTESIAN_POINT('Ctrl Pts',(-18.4422290228849,-6.42894378017804,-16.698710585336));
#6208=CARTESIAN_POINT('Ctrl Pts',(-18.1149508399845,6.31485491186184,-17.));
#6209=CARTESIAN_POINT('Ctrl Pts',(-18.0901607131947,6.38596848998289,-17.));
#6210=CARTESIAN_POINT('Ctrl Pts',(-18.075322568607,6.56676256971174,-17.));
#6211=CARTESIAN_POINT('Ctrl Pts',(-18.1621783240562,6.72979654730603,-17.));
#6212=CARTESIAN_POINT('Ctrl Pts',(-18.2344443960166,6.79951470663485,-17.));
#6213=CARTESIAN_POINT('Ctrl Pts',(-18.1937831493751,6.34233578114962,-17.));
#6214=CARTESIAN_POINT('Ctrl Pts',(-18.1741528805497,6.40033582886081,-17.0000135350027));
#6215=CARTESIAN_POINT('Ctrl Pts',(-18.1644447787142,6.54797079134445,-16.9999229109987));
#6216=CARTESIAN_POINT('Ctrl Pts',(-18.241172990892,6.6772886540307,-16.9998402989309));
#6217=CARTESIAN_POINT('Ctrl Pts',(-18.3016709747861,6.72983127227894,-17.));
#6218=CARTESIAN_POINT('Ctrl Pts',(-18.3510057720361,6.39714344029129,-16.9375767620549));
#6219=CARTESIAN_POINT('Ctrl Pts',(-18.3416079769873,6.42906368214993,-16.9367094248839));
#6220=CARTESIAN_POINT('Ctrl Pts',(-18.3420807622351,6.51041141899958,-16.9331805968424));
#6221=CARTESIAN_POINT('Ctrl Pts',(-18.3984538169774,6.57235898316193,-16.9225153996214));
#6222=CARTESIAN_POINT('Ctrl Pts',(-18.435410033453,6.59120459982264,-16.9147504439295));
#6223=CARTESIAN_POINT('Ctrl Pts',(-18.4312576859314,6.42511918238107,-16.7813830317608));
#6224=CARTESIAN_POINT('Ctrl Pts',(-18.4261848724519,6.44325947074607,-16.7787602601982));
#6225=CARTESIAN_POINT('Ctrl Pts',(-18.4272978671114,6.49009926163094,-16.7678868427676));
#6226=CARTESIAN_POINT('Ctrl Pts',(-18.4607744817545,6.52868887853497,-16.7365581660904));
#6227=CARTESIAN_POINT('Ctrl Pts',(-18.4824681632509,6.54242668848594,-16.7153081597338));
#6228=CARTESIAN_POINT('Ctrl Pts',(-18.4422290228852,6.42894378017694,-16.6987105853363));
#6229=CARTESIAN_POINT('Ctrl Pts',(-18.4370935730584,6.44507600095808,-16.695430269086));
#6230=CARTESIAN_POINT('Ctrl Pts',(-18.4353844574101,6.48653131277427,-16.6817633166407));
#6231=CARTESIAN_POINT('Ctrl Pts',(-18.4584768830633,6.52817995943944,-16.6435983019935));
#6232=CARTESIAN_POINT('Ctrl Pts',(-18.476488149575,6.54862524712251,-16.6188664093145));
#6233=CARTESIAN_POINT('Origin',(-18.2344443960166,6.79951470663485,-16.65));
#6234=CARTESIAN_POINT('Ctrl Pts',(-18.2344443960166,6.79951470663485,-17.));
#6235=CARTESIAN_POINT('Ctrl Pts',(-18.3263903178287,6.88821885579695,-17.));
#6236=CARTESIAN_POINT('Ctrl Pts',(-18.4632872860634,7.11369530965251,-17.));
#6237=CARTESIAN_POINT('Ctrl Pts',(-18.4789195205722,7.5537625655203,-17.));
#6238=CARTESIAN_POINT('Ctrl Pts',(-18.2142936535624,7.97326253672253,-17.));
#6239=CARTESIAN_POINT('Ctrl Pts',(-17.8720007617084,8.08877269831837,-17.));
#6240=CARTESIAN_POINT('Ctrl Pts',(-17.7016822414315,8.08571632575322,-17.));
#6241=CARTESIAN_POINT('Ctrl Pts',(-18.3016709747861,6.72983127227895,-17.));
#6242=CARTESIAN_POINT('Ctrl Pts',(-18.4057190125673,6.82992961915088,-17.0000077138108));
#6243=CARTESIAN_POINT('Ctrl Pts',(-18.5608362789825,7.08454985227202,-17.0000212373512));
#6244=CARTESIAN_POINT('Ctrl Pts',(-18.5788856605113,7.58209624031772,-17.0000340286838));
#6245=CARTESIAN_POINT('Ctrl Pts',(-18.2795321328995,8.05629299881039,-17.0000277992939));
#6246=CARTESIAN_POINT('Ctrl Pts',(-17.8924160394432,8.18625012874724,-17.000010285081));
#6247=CARTESIAN_POINT('Ctrl Pts',(-17.699944982186,8.18252632444653,-17.));
#6248=CARTESIAN_POINT('Ctrl Pts',(-18.4354078341595,6.5912068794913,-16.9147475465987));
#6249=CARTESIAN_POINT('Ctrl Pts',(-18.5633801920031,6.71385543252546,-16.9143724871262));
#6250=CARTESIAN_POINT('Ctrl Pts',(-18.7543785679096,7.02645772892267,-16.9136881551555));
#6251=CARTESIAN_POINT('Ctrl Pts',(-18.7770651989706,7.63790599551651,-16.9130769922914));
#6252=CARTESIAN_POINT('Ctrl Pts',(-18.4088248121161,8.22085506260207,-16.9133617702978));
#6253=CARTESIAN_POINT('Ctrl Pts',(-17.9327766349506,8.38013414409206,-16.9142474673021));
#6254=CARTESIAN_POINT('Ctrl Pts',(-17.6964889741655,8.37511481278207,-16.9147475465987));
#6255=CARTESIAN_POINT('Ctrl Pts',(-18.4824681632509,6.54242668848594,-16.7153081597338));
#6256=CARTESIAN_POINT('Ctrl Pts',(-18.6187307956451,6.67353772000204,-16.714281751279));
#6257=CARTESIAN_POINT('Ctrl Pts',(-18.821860801273,7.00679768456308,-16.7124139043674));
#6258=CARTESIAN_POINT('Ctrl Pts',(-18.8454532388976,7.65777307996611,-16.7107527526063));
#6259=CARTESIAN_POINT('Ctrl Pts',(-18.453971435953,8.27787491957727,-16.711525554396));
#6260=CARTESIAN_POINT('Ctrl Pts',(-17.947355155959,8.44774127034145,-16.7139396151274));
#6261=CARTESIAN_POINT('Ctrl Pts',(-17.6952728481435,8.44288429445499,-16.7153081597338));
#6262=CARTESIAN_POINT('Ctrl Pts',(-18.476488149575,6.54862524712251,-16.6188664093145));
#6263=CARTESIAN_POINT('Ctrl Pts',(-18.6113260863624,6.67885739099349,-16.6176718203189));
#6264=CARTESIAN_POINT('Ctrl Pts',(-18.8118761550109,7.00969618193753,-16.6155024098843));
#6265=CARTESIAN_POINT('Ctrl Pts',(-18.8344899637858,7.654424558707,-16.6135789026479));
#6266=CARTESIAN_POINT('Ctrl Pts',(-18.4470845181284,8.26884198225757,-16.6144727742889));
#6267=CARTESIAN_POINT('Ctrl Pts',(-17.9453378514647,8.43861512659289,-16.617273623987));
#6268=CARTESIAN_POINT('Ctrl Pts',(-17.6954273827671,8.4342727433876,-16.6188664093145));
#6269=CARTESIAN_POINT('Origin',(-17.7016822414315,8.08571632575322,-16.65));
#6270=CARTESIAN_POINT('Ctrl Pts',(-17.6954273827671,8.4342727433876,-16.6188664093145));
#6271=CARTESIAN_POINT('Ctrl Pts',(-17.9453378514647,8.43861512659289,-16.617273623987));
#6272=CARTESIAN_POINT('Ctrl Pts',(-18.4470845181284,8.26884198225757,-16.6144727742889));
#6273=CARTESIAN_POINT('Ctrl Pts',(-18.8344899637858,7.654424558707,-16.6135789026479));
#6274=CARTESIAN_POINT('Ctrl Pts',(-18.8118761550109,7.00969618193753,-16.6155024098843));
#6275=CARTESIAN_POINT('Ctrl Pts',(-18.6113260863624,6.67885739099349,-16.6176718203189));
#6276=CARTESIAN_POINT('Ctrl Pts',(-18.476488149575,6.54862524712251,-16.6188664093145));
#6277=CARTESIAN_POINT('Ctrl Pts',(-17.7016822414315,8.08571632575322,-17.));
#6278=CARTESIAN_POINT('Ctrl Pts',(-17.6263836757548,8.08436509002175,-17.));
#6279=CARTESIAN_POINT('Ctrl Pts',(-17.4496399071429,8.12305572859413,-17.));
#6280=CARTESIAN_POINT('Ctrl Pts',(-17.3181555114963,8.25350890194422,-17.));
#6281=CARTESIAN_POINT('Ctrl Pts',(-17.2744813102029,8.34392784942269,-17.));
#6282=CARTESIAN_POINT('Ctrl Pts',(-17.699944982186,8.18252632444653,-17.));
#6283=CARTESIAN_POINT('Ctrl Pts',(-17.6399961052771,8.17830735155689,-16.9998802241089));
#6284=CARTESIAN_POINT('Ctrl Pts',(-17.4953867418446,8.20268957580733,-16.9998126316436));
#6285=CARTESIAN_POINT('Ctrl Pts',(-17.3858314811863,8.30704818208122,-17.0000180466837));
#6286=CARTESIAN_POINT('Ctrl Pts',(-17.3496560797755,8.38023880094396,-17.));
#6287=CARTESIAN_POINT('Ctrl Pts',(-17.6964889557949,8.37511583649491,-16.9147484831117));
#6288=CARTESIAN_POINT('Ctrl Pts',(-17.666895542786,8.36551123338356,-16.9205722042197));
#6289=CARTESIAN_POINT('Ctrl Pts',(-17.586323695088,8.36170371331835,-16.9321934698875));
#6290=CARTESIAN_POINT('Ctrl Pts',(-17.5208175341361,8.41370159593604,-16.9364190621635));
#6291=CARTESIAN_POINT('Ctrl Pts',(-17.4995831518237,8.45265664373645,-16.9375755125865));
#6292=CARTESIAN_POINT('Ctrl Pts',(-17.6952728481435,8.44288429445499,-16.7153081597338));
#6293=CARTESIAN_POINT('Ctrl Pts',(-17.6764824482409,8.43866505327136,-16.7312456763757));
#6294=CARTESIAN_POINT('Ctrl Pts',(-17.6270239303486,8.43812280818449,-16.7646981260912));
#6295=CARTESIAN_POINT('Ctrl Pts',(-17.5884327819651,8.46773641311612,-16.7778860004048));
#6296=CARTESIAN_POINT('Ctrl Pts',(-17.5761126393128,8.48962195172427,-16.7813830317606));
#6297=CARTESIAN_POINT('Ctrl Pts',(-17.6954273827671,8.43427274338761,-16.6188664093145));
#6298=CARTESIAN_POINT('Ctrl Pts',(-17.6750326998826,8.43556357900623,-16.6374153426439));
#6299=CARTESIAN_POINT('Ctrl Pts',(-17.6286091392662,8.44594349001924,-16.6776996984359));
#6300=CARTESIAN_POINT('Ctrl Pts',(-17.5969428079171,8.47462409236436,-16.6943368270768));
#6301=CARTESIAN_POINT('Ctrl Pts',(-17.5865749451082,8.4946754594463,-16.698710585336));
#6302=CARTESIAN_POINT('Ctrl Pts',(-8.34392784942731,17.2744813102007,-17.));
#6303=CARTESIAN_POINT('Ctrl Pts',(-8.25350896931607,17.318155478953,-17.));
#6304=CARTESIAN_POINT('Ctrl Pts',(-8.12305437106662,17.4496422720066,-17.));
#6305=CARTESIAN_POINT('Ctrl Pts',(-8.08436509102848,17.6263837318569,-17.));
#6306=CARTESIAN_POINT('Ctrl Pts',(-8.0857163257532,17.7016822414315,-17.));
#6307=CARTESIAN_POINT('Ctrl Pts',(-8.38023880094769,17.3496560797737,-17.));
#6308=CARTESIAN_POINT('Ctrl Pts',(-8.30704823661608,17.3858314542306,-17.0000180466702));
#6309=CARTESIAN_POINT('Ctrl Pts',(-8.20268853731915,17.4953886971019,-16.9998126336123));
#6310=CARTESIAN_POINT('Ctrl Pts',(-8.17830735470025,17.6399961499428,-16.9998802241982));
#6311=CARTESIAN_POINT('Ctrl Pts',(-8.1825263244465,17.699944982186,-17.));
#6312=CARTESIAN_POINT('Ctrl Pts',(-8.45265664373843,17.4995831518227,-16.9375755125865));
#6313=CARTESIAN_POINT('Ctrl Pts',(-8.41370162496166,17.5208175183135,-16.9364190630252));
#6314=CARTESIAN_POINT('Ctrl Pts',(-8.36170330465496,17.5863248347045,-16.9321933533027));
#6315=CARTESIAN_POINT('Ctrl Pts',(-8.36551124053956,17.666895564835,-16.9205721998807));
#6316=CARTESIAN_POINT('Ctrl Pts',(-8.37511583649489,17.6964889557949,-16.9147484831117));
#6317=CARTESIAN_POINT('Ctrl Pts',(-8.48962195172538,17.5761126393122,-16.7813830317607));
#6318=CARTESIAN_POINT('Ctrl Pts',(-8.46773642942315,17.5884327727849,-16.7778860030106));
#6319=CARTESIAN_POINT('Ctrl Pts',(-8.43812257353862,17.6270246096309,-16.7646977824258));
#6320=CARTESIAN_POINT('Ctrl Pts',(-8.43866505641492,17.676482462241,-16.7312456645012));
#6321=CARTESIAN_POINT('Ctrl Pts',(-8.44288429445496,17.6952728481435,-16.7153081597338));
#6322=CARTESIAN_POINT('Ctrl Pts',(-8.4946754594473,17.5865749451077,-16.6987105853363));
#6323=CARTESIAN_POINT('Ctrl Pts',(-8.47462410730476,17.5969428001917,-16.6943368303359));
#6324=CARTESIAN_POINT('Ctrl Pts',(-8.44594318135906,17.6286097340468,-16.6776992763142));
#6325=CARTESIAN_POINT('Ctrl Pts',(-8.43556357804445,17.675032715078,-16.6374153288238));
#6326=CARTESIAN_POINT('Ctrl Pts',(-8.43427274338757,17.6954273827671,-16.6188664093145));
#6327=CARTESIAN_POINT('Origin',(-8.0857163257532,17.7016822414315,-16.65));
#6328=CARTESIAN_POINT('Ctrl Pts',(-8.0857163257532,17.7016822414315,-17.));
#6329=CARTESIAN_POINT('Ctrl Pts',(-8.08800860517706,17.8294211316392,-17.));
#6330=CARTESIAN_POINT('Ctrl Pts',(-8.02537345021817,18.0856578356294,-17.));
#6331=CARTESIAN_POINT('Ctrl Pts',(-7.72525256845643,18.4078860354472,-17.));
#6332=CARTESIAN_POINT('Ctrl Pts',(-7.24150254916005,18.5173985646546,-17.));
#6333=CARTESIAN_POINT('Ctrl Pts',(-6.91778690551761,18.3570389584327,-17.));
#6334=CARTESIAN_POINT('Ctrl Pts',(-6.79951470663483,18.2344443960166,-17.));
#6335=CARTESIAN_POINT('Ctrl Pts',(-8.1825263244465,17.699944982186,-17.));
#6336=CARTESIAN_POINT('Ctrl Pts',(-8.18531917767204,17.8442982751289,-17.0000077138108));
#6337=CARTESIAN_POINT('Ctrl Pts',(-8.11495995518167,18.1340264395315,-17.0000212373673));
#6338=CARTESIAN_POINT('Ctrl Pts',(-7.77590437032536,18.4986077045358,-17.0000340286993));
#6339=CARTESIAN_POINT('Ctrl Pts',(-7.22892171753283,18.6222405386606,-17.0000277993159));
#6340=CARTESIAN_POINT('Ctrl Pts',(-6.86329573477483,18.4404016918277,-17.000010285081));
#6341=CARTESIAN_POINT('Ctrl Pts',(-6.72983127227893,18.3016709747861,-17.));
#6342=CARTESIAN_POINT('Ctrl Pts',(-8.37511481022232,17.6964889742114,-16.914747544257));
#6343=CARTESIAN_POINT('Ctrl Pts',(-8.37887930870482,17.8737047198003,-16.9143724847845));
#6344=CARTESIAN_POINT('Ctrl Pts',(-8.29289235260577,18.2298041695841,-16.9136881528078));
#6345=CARTESIAN_POINT('Ctrl Pts',(-7.87657500824484,18.6782052556425,-16.913076989944));
#6346=CARTESIAN_POINT('Ctrl Pts',(-7.20398249670311,18.8300272186172,-16.9133617679479));
#6347=CARTESIAN_POINT('Ctrl Pts',(-6.75473828537928,18.6060376428401,-16.9142474649604));
#6348=CARTESIAN_POINT('Ctrl Pts',(-6.59120688133376,18.435407832382,-16.914747544257));
#6349=CARTESIAN_POINT('Ctrl Pts',(-8.44288429445497,17.6952728481435,-16.7153081597338));
#6350=CARTESIAN_POINT('Ctrl Pts',(-8.44652702636981,17.8843345790051,-16.714281751279));
#6351=CARTESIAN_POINT('Ctrl Pts',(-8.35451125003823,18.2636195644646,-16.7124139043645));
#6352=CARTESIAN_POINT('Ctrl Pts',(-7.91088450618989,18.7406110535508,-16.7107527526037));
#6353=CARTESIAN_POINT('Ctrl Pts',(-7.19558685293025,18.902269831787,-16.711525554392));
#6354=CARTESIAN_POINT('Ctrl Pts',(-6.71724139717404,18.6641516731098,-16.7139396151274));
#6355=CARTESIAN_POINT('Ctrl Pts',(-6.54242668848592,18.482468163251,-16.7153081597338));
#6356=CARTESIAN_POINT('Ctrl Pts',(-8.43427274338758,17.6954273827671,-16.6188664093145));
#6357=CARTESIAN_POINT('Ctrl Pts',(-8.43752953079154,17.8828602342903,-16.6176718203189));
#6358=CARTESIAN_POINT('Ctrl Pts',(-8.34540149173715,18.2586089002172,-16.6155024098845));
#6359=CARTESIAN_POINT('Ctrl Pts',(-7.90550006205422,18.7304910849727,-16.6135789026483));
#6360=CARTESIAN_POINT('Ctrl Pts',(-7.19710431781558,18.8910127938052,-16.6144727742892));
#6361=CARTESIAN_POINT('Ctrl Pts',(-6.72226810561711,18.6562720652915,-16.617273623987));
#6362=CARTESIAN_POINT('Ctrl Pts',(-6.54862524712249,18.476488149575,-16.6188664093145));
#6363=CARTESIAN_POINT('Origin',(-6.79951470663483,18.2344443960166,-16.65));
#6364=CARTESIAN_POINT('Ctrl Pts',(-6.54862524712249,18.476488149575,-16.6188664093145));
#6365=CARTESIAN_POINT('Ctrl Pts',(-6.72226810561711,18.6562720652915,-16.617273623987));
#6366=CARTESIAN_POINT('Ctrl Pts',(-7.19710431781558,18.8910127938052,-16.6144727742892));
#6367=CARTESIAN_POINT('Ctrl Pts',(-7.90550006205422,18.7304910849727,-16.6135789026483));
#6368=CARTESIAN_POINT('Ctrl Pts',(-8.34540149173715,18.2586089002172,-16.6155024098845));
#6369=CARTESIAN_POINT('Ctrl Pts',(-8.43752953079154,17.8828602342903,-16.6176718203189));
#6370=CARTESIAN_POINT('Ctrl Pts',(-8.43427274338758,17.6954273827671,-16.6188664093145));
#6371=CARTESIAN_POINT('Ctrl Pts',(-6.79951470663484,18.2344443960166,-17.));
#6372=CARTESIAN_POINT('Ctrl Pts',(-6.74722604817992,18.1802448016643,-17.));
#6373=CARTESIAN_POINT('Ctrl Pts',(-6.59489091949924,18.0826264936936,-17.));
#6374=CARTESIAN_POINT('Ctrl Pts',(-6.40967308667393,18.0818973129705,-17.));
#6375=CARTESIAN_POINT('Ctrl Pts',(-6.31485491186671,18.1149508399828,-17.));
#6376=CARTESIAN_POINT('Ctrl Pts',(-6.72983127227893,18.3016709747861,-17.));
#6377=CARTESIAN_POINT('Ctrl Pts',(-6.69042427923209,18.2562974530594,-16.9998802241089));
#6378=CARTESIAN_POINT('Ctrl Pts',(-6.57092918162649,18.1712840235614,-16.999812637306));
#6379=CARTESIAN_POINT('Ctrl Pts',(-6.41966923572038,18.1676094381064,-17.0000180466837));
#6380=CARTESIAN_POINT('Ctrl Pts',(-6.34233578115359,18.1937831493738,-17.));
#6381=CARTESIAN_POINT('Ctrl Pts',(-6.59120459982262,18.435410033453,-16.9147504439295));
#6382=CARTESIAN_POINT('Ctrl Pts',(-6.57707037679622,18.4076928504453,-16.9205741650374));
#6383=CARTESIAN_POINT('Ctrl Pts',(-6.52279047256283,18.3480274607894,-16.9321951807918));
#6384=CARTESIAN_POINT('Ctrl Pts',(-6.43970379448192,18.3384753693017,-16.9364203116318));
#6385=CARTESIAN_POINT('Ctrl Pts',(-6.39714344029346,18.3510057720355,-16.9375767620548));
#6386=CARTESIAN_POINT('Ctrl Pts',(-6.54242668848592,18.482468163251,-16.7153081597338));
#6387=CARTESIAN_POINT('Ctrl Pts',(-6.53212332334605,18.4661978900063,-16.7312456763757));
#6388=CARTESIAN_POINT('Ctrl Pts',(-6.49753428904499,18.4308420073443,-16.7646981286264));
#6389=CARTESIAN_POINT('Ctrl Pts',(-6.44930625155661,18.4244939295859,-16.7778860004048));
#6390=CARTESIAN_POINT('Ctrl Pts',(-6.4251191823823,18.4312576859311,-16.7813830317606));
#6391=CARTESIAN_POINT('Ctrl Pts',(-6.54862524712249,18.476488149575,-16.6188664093144));
#6392=CARTESIAN_POINT('Ctrl Pts',(-6.53329126993543,18.4629796896266,-16.6374153426439));
#6393=CARTESIAN_POINT('Ctrl Pts',(-6.49312514946103,18.4374929794632,-16.6776997025312));
#6394=CARTESIAN_POINT('Ctrl Pts',(-6.45045342391233,18.4353817513478,-16.6943368270768));
#6395=CARTESIAN_POINT('Ctrl Pts',(-6.42894378017803,18.4422290228849,-16.698710585336));
#6396=CARTESIAN_POINT('Ctrl Pts',(6.31485491186184,18.1149508399845,-17.));
#6397=CARTESIAN_POINT('Ctrl Pts',(6.38596848998289,18.0901607131947,-17.));
#6398=CARTESIAN_POINT('Ctrl Pts',(6.56676256971174,18.0753225686071,-17.));
#6399=CARTESIAN_POINT('Ctrl Pts',(6.72979654730603,18.1621783240562,-17.));
#6400=CARTESIAN_POINT('Ctrl Pts',(6.79951470663485,18.2344443960166,-17.));
#6401=CARTESIAN_POINT('Ctrl Pts',(6.34233578114962,18.1937831493751,-17.));
#6402=CARTESIAN_POINT('Ctrl Pts',(6.40033582886081,18.1741528805497,-17.0000135350027));
#6403=CARTESIAN_POINT('Ctrl Pts',(6.54797079134445,18.1644447787142,-16.9999229109987));
#6404=CARTESIAN_POINT('Ctrl Pts',(6.67728865403071,18.241172990892,-16.9998402989309));
#6405=CARTESIAN_POINT('Ctrl Pts',(6.72983127227895,18.3016709747861,-17.));
#6406=CARTESIAN_POINT('Ctrl Pts',(6.39714344029129,18.3510057720361,-16.9375767620549));
#6407=CARTESIAN_POINT('Ctrl Pts',(6.42906368214993,18.3416079769873,-16.9367094248839));
#6408=CARTESIAN_POINT('Ctrl Pts',(6.51041141899958,18.3420807622351,-16.9331805968424));
#6409=CARTESIAN_POINT('Ctrl Pts',(6.57235898316194,18.3984538169774,-16.9225153996214));
#6410=CARTESIAN_POINT('Ctrl Pts',(6.59120459982265,18.435410033453,-16.9147504439295));
#6411=CARTESIAN_POINT('Ctrl Pts',(6.42511918238107,18.4312576859314,-16.7813830317607));
#6412=CARTESIAN_POINT('Ctrl Pts',(6.44325947074607,18.4261848724519,-16.7787602601981));
#6413=CARTESIAN_POINT('Ctrl Pts',(6.49009926163094,18.4272978671114,-16.7678868427676));
#6414=CARTESIAN_POINT('Ctrl Pts',(6.52868887853498,18.4607744817545,-16.7365581660904));
#6415=CARTESIAN_POINT('Ctrl Pts',(6.54242668848595,18.482468163251,-16.7153081597338));
#6416=CARTESIAN_POINT('Ctrl Pts',(6.42894378017695,18.4422290228852,-16.6987105853363));
#6417=CARTESIAN_POINT('Ctrl Pts',(6.44507600095808,18.4370935730584,-16.695430269086));
#6418=CARTESIAN_POINT('Ctrl Pts',(6.48653131277427,18.4353844574101,-16.6817633166407));
#6419=CARTESIAN_POINT('Ctrl Pts',(6.52817995943946,18.4584768830633,-16.6435983019935));
#6420=CARTESIAN_POINT('Ctrl Pts',(6.54862524712252,18.476488149575,-16.6188664093144));
#6421=CARTESIAN_POINT('Origin',(6.79951470663485,18.2344443960166,-16.65));
#6422=CARTESIAN_POINT('Ctrl Pts',(6.79951470663485,18.2344443960166,-17.));
#6423=CARTESIAN_POINT('Ctrl Pts',(6.88821885579695,18.3263903178287,-17.));
#6424=CARTESIAN_POINT('Ctrl Pts',(7.11369530965249,18.4632872860634,-17.));
#6425=CARTESIAN_POINT('Ctrl Pts',(7.55376256552029,18.4789195205722,-17.));
#6426=CARTESIAN_POINT('Ctrl Pts',(7.97326253672253,18.2142936535624,-17.));
#6427=CARTESIAN_POINT('Ctrl Pts',(8.08877269831837,17.8720007617084,-17.));
#6428=CARTESIAN_POINT('Ctrl Pts',(8.08571632575322,17.7016822414315,-17.));
#6429=CARTESIAN_POINT('Ctrl Pts',(6.72983127227895,18.3016709747861,-17.));
#6430=CARTESIAN_POINT('Ctrl Pts',(6.82992961915089,18.4057190125673,-17.0000077138107));
#6431=CARTESIAN_POINT('Ctrl Pts',(7.084549852272,18.5608362789824,-17.0000212373512));
#6432=CARTESIAN_POINT('Ctrl Pts',(7.58209624031772,18.5788856605113,-17.0000340286838));
#6433=CARTESIAN_POINT('Ctrl Pts',(8.05629299881039,18.2795321328994,-17.0000277992939));
#6434=CARTESIAN_POINT('Ctrl Pts',(8.18625012874724,17.8924160394432,-17.000010285081));
#6435=CARTESIAN_POINT('Ctrl Pts',(8.18252632444653,17.699944982186,-17.));
#6436=CARTESIAN_POINT('Ctrl Pts',(6.5912068794913,18.4354078341595,-16.9147475465987));
#6437=CARTESIAN_POINT('Ctrl Pts',(6.71385543252546,18.5633801920031,-16.9143724871262));
#6438=CARTESIAN_POINT('Ctrl Pts',(7.02645772892264,18.7543785679096,-16.9136881551555));
#6439=CARTESIAN_POINT('Ctrl Pts',(7.63790599551649,18.7770651989706,-16.9130769922914));
#6440=CARTESIAN_POINT('Ctrl Pts',(8.22085506260208,18.4088248121161,-16.9133617702978));
#6441=CARTESIAN_POINT('Ctrl Pts',(8.38013414409206,17.9327766349506,-16.9142474673021));
#6442=CARTESIAN_POINT('Ctrl Pts',(8.37511481278207,17.6964889741655,-16.9147475465987));
#6443=CARTESIAN_POINT('Ctrl Pts',(6.54242668848594,18.482468163251,-16.7153081597338));
#6444=CARTESIAN_POINT('Ctrl Pts',(6.67353772000205,18.6187307956451,-16.714281751279));
#6445=CARTESIAN_POINT('Ctrl Pts',(7.00679768456305,18.821860801273,-16.7124139043674));
#6446=CARTESIAN_POINT('Ctrl Pts',(7.65777307996609,18.8454532388976,-16.7107527526063));
#6447=CARTESIAN_POINT('Ctrl Pts',(8.27787491957727,18.453971435953,-16.711525554396));
#6448=CARTESIAN_POINT('Ctrl Pts',(8.44774127034145,17.947355155959,-16.7139396151274));
#6449=CARTESIAN_POINT('Ctrl Pts',(8.44288429445499,17.6952728481435,-16.7153081597338));
#6450=CARTESIAN_POINT('Ctrl Pts',(6.54862524712252,18.476488149575,-16.6188664093144));
#6451=CARTESIAN_POINT('Ctrl Pts',(6.6788573909935,18.6113260863624,-16.6176718203189));
#6452=CARTESIAN_POINT('Ctrl Pts',(7.00969618193751,18.8118761550108,-16.6155024098843));
#6453=CARTESIAN_POINT('Ctrl Pts',(7.65442455870699,18.8344899637858,-16.6135789026479));
#6454=CARTESIAN_POINT('Ctrl Pts',(8.26884198225757,18.4470845181283,-16.6144727742889));
#6455=CARTESIAN_POINT('Ctrl Pts',(8.43861512659288,17.9453378514647,-16.617273623987));
#6456=CARTESIAN_POINT('Ctrl Pts',(8.4342727433876,17.6954273827671,-16.6188664093144));
#6457=CARTESIAN_POINT('Origin',(8.08571632575322,17.7016822414315,-16.65));
#6458=CARTESIAN_POINT('Ctrl Pts',(8.4342727433876,17.6954273827671,-16.6188664093144));
#6459=CARTESIAN_POINT('Ctrl Pts',(8.43861512659288,17.9453378514647,-16.617273623987));
#6460=CARTESIAN_POINT('Ctrl Pts',(8.26884198225757,18.4470845181283,-16.6144727742889));
#6461=CARTESIAN_POINT('Ctrl Pts',(7.65442455870699,18.8344899637858,-16.6135789026479));
#6462=CARTESIAN_POINT('Ctrl Pts',(7.00969618193751,18.8118761550108,-16.6155024098843));
#6463=CARTESIAN_POINT('Ctrl Pts',(6.6788573909935,18.6113260863624,-16.6176718203189));
#6464=CARTESIAN_POINT('Ctrl Pts',(6.54862524712252,18.476488149575,-16.6188664093144));
#6465=CARTESIAN_POINT('Ctrl Pts',(8.08571632575322,17.7016822414315,-17.));
#6466=CARTESIAN_POINT('Ctrl Pts',(8.08436509002175,17.6263836757548,-17.));
#6467=CARTESIAN_POINT('Ctrl Pts',(8.12305572859413,17.4496399071429,-17.));
#6468=CARTESIAN_POINT('Ctrl Pts',(8.25350890194422,17.3181555114963,-17.));
#6469=CARTESIAN_POINT('Ctrl Pts',(8.34392784942269,17.2744813102029,-17.));
#6470=CARTESIAN_POINT('Ctrl Pts',(8.18252632444653,17.699944982186,-17.));
#6471=CARTESIAN_POINT('Ctrl Pts',(8.17830735155688,17.6399961052771,-16.9998802241089));
#6472=CARTESIAN_POINT('Ctrl Pts',(8.20268957580732,17.4953867418446,-16.9998126316436));
#6473=CARTESIAN_POINT('Ctrl Pts',(8.30704818208122,17.3858314811863,-17.0000180466837));
#6474=CARTESIAN_POINT('Ctrl Pts',(8.38023880094396,17.3496560797755,-17.));
#6475=CARTESIAN_POINT('Ctrl Pts',(8.37511583649491,17.6964889557949,-16.9147484831117));
#6476=CARTESIAN_POINT('Ctrl Pts',(8.36551123338356,17.666895542786,-16.9205722042197));
#6477=CARTESIAN_POINT('Ctrl Pts',(8.36170371331834,17.586323695088,-16.9321934698874));
#6478=CARTESIAN_POINT('Ctrl Pts',(8.41370159593603,17.5208175341361,-16.9364190621635));
#6479=CARTESIAN_POINT('Ctrl Pts',(8.45265664373645,17.4995831518238,-16.9375755125864));
#6480=CARTESIAN_POINT('Ctrl Pts',(8.44288429445499,17.6952728481435,-16.7153081597338));
#6481=CARTESIAN_POINT('Ctrl Pts',(8.43866505327135,17.676482448241,-16.7312456763757));
#6482=CARTESIAN_POINT('Ctrl Pts',(8.43812280818448,17.6270239303486,-16.7646981260912));
#6483=CARTESIAN_POINT('Ctrl Pts',(8.46773641311612,17.5884327819651,-16.7778860004048));
#6484=CARTESIAN_POINT('Ctrl Pts',(8.48962195172427,17.5761126393128,-16.7813830317606));
#6485=CARTESIAN_POINT('Ctrl Pts',(8.4342727433876,17.6954273827671,-16.6188664093144));
#6486=CARTESIAN_POINT('Ctrl Pts',(8.43556357900623,17.6750326998827,-16.6374153426438));
#6487=CARTESIAN_POINT('Ctrl Pts',(8.44594349001923,17.6286091392662,-16.6776996984359));
#6488=CARTESIAN_POINT('Ctrl Pts',(8.47462409236435,17.5969428079171,-16.6943368270768));
#6489=CARTESIAN_POINT('Ctrl Pts',(8.4946754594463,17.5865749451082,-16.698710585336));
#6490=CARTESIAN_POINT('Ctrl Pts',(17.2744813102007,8.34392784942733,-17.));
#6491=CARTESIAN_POINT('Ctrl Pts',(17.3072369367649,8.2761136893439,-17.));
#6492=CARTESIAN_POINT('Ctrl Pts',(17.4245855058522,8.13778082075521,-17.));
#6493=CARTESIAN_POINT('Ctrl Pts',(17.6012842286654,8.08391467945358,-17.));
#6494=CARTESIAN_POINT('Ctrl Pts',(17.7016822414315,8.0857163257532,-17.));
#6495=CARTESIAN_POINT('Ctrl Pts',(17.3496560797737,8.38023880094771,-17.));
#6496=CARTESIAN_POINT('Ctrl Pts',(17.3767876106164,8.325345877699,-17.0000135350027));
#6497=CARTESIAN_POINT('Ctrl Pts',(17.4743166320258,8.21408753356859,-16.9999229074362));
#6498=CARTESIAN_POINT('Ctrl Pts',(17.6200132058617,8.17690103145152,-16.9998402989309));
#6499=CARTESIAN_POINT('Ctrl Pts',(17.699944982186,8.18252632444651,-17.));
#6500=CARTESIAN_POINT('Ctrl Pts',(17.4995831518227,8.45265664373844,-16.9375755125865));
#6501=CARTESIAN_POINT('Ctrl Pts',(17.5155089266908,8.42344037965586,-16.9367081754155));
#6502=CARTESIAN_POINT('Ctrl Pts',(17.5733651284523,8.36625257356384,-16.9331790989383));
#6503=CARTESIAN_POINT('Ctrl Pts',(17.6570311011816,8.36230970855447,-16.9225134388036));
#6504=CARTESIAN_POINT('Ctrl Pts',(17.6964889557949,8.3751158364949,-16.9147484831117));
#6505=CARTESIAN_POINT('Ctrl Pts',(17.5761126393122,8.48962195172539,-16.7813830317607));
#6506=CARTESIAN_POINT('Ctrl Pts',(17.5853527394167,8.47320780999872,-16.7787602601981));
#6507=CARTESIAN_POINT('Ctrl Pts',(17.6192604842692,8.44087408407951,-16.7678868410414));
#6508=CARTESIAN_POINT('Ctrl Pts',(17.6702190002735,8.43725864373492,-16.7365581660903));
#6509=CARTESIAN_POINT('Ctrl Pts',(17.6952728481435,8.44288429445498,-16.7153081597338));
#6510=CARTESIAN_POINT('Ctrl Pts',(17.5865749451077,8.49467545944732,-16.6987105853363));
#6511=CARTESIAN_POINT('Ctrl Pts',(17.5943508364207,8.47963694534041,-16.695430269086));
#6512=CARTESIAN_POINT('Ctrl Pts',(17.6224556422173,8.44911508671865,-16.6817633136388));
#6513=CARTESIAN_POINT('Ctrl Pts',(17.6682344925149,8.43599385626342,-16.6435983019935));
#6514=CARTESIAN_POINT('Ctrl Pts',(17.6954273827671,8.43427274338759,-16.6188664093144));
#6515=CARTESIAN_POINT('Origin',(17.7016822414315,8.08571632575321,-16.65));
#6516=CARTESIAN_POINT('Ctrl Pts',(17.7016822414315,8.08571632575321,-17.));
#6517=CARTESIAN_POINT('Ctrl Pts',(17.8294211316392,8.08800860517707,-17.));
#6518=CARTESIAN_POINT('Ctrl Pts',(18.0856578356295,8.0253734502182,-17.));
#6519=CARTESIAN_POINT('Ctrl Pts',(18.4078860354472,7.72525256845645,-17.));
#6520=CARTESIAN_POINT('Ctrl Pts',(18.5173985646546,7.24150254916009,-17.));
#6521=CARTESIAN_POINT('Ctrl Pts',(18.3570389584327,6.91778690551764,-17.));
#6522=CARTESIAN_POINT('Ctrl Pts',(18.2344443960166,6.79951470663484,-17.));
#6523=CARTESIAN_POINT('Ctrl Pts',(17.699944982186,8.18252632444651,-17.));
#6524=CARTESIAN_POINT('Ctrl Pts',(17.8442982751289,8.18531917767205,-17.0000077138107));
#6525=CARTESIAN_POINT('Ctrl Pts',(18.1340264395315,8.11495995518171,-17.0000212373673));
#6526=CARTESIAN_POINT('Ctrl Pts',(18.4986077045358,7.77590437032538,-17.0000340286993));
#6527=CARTESIAN_POINT('Ctrl Pts',(18.6222405386606,7.22892171753288,-17.0000277993159));
#6528=CARTESIAN_POINT('Ctrl Pts',(18.4404016918277,6.86329573477486,-17.000010285081));
#6529=CARTESIAN_POINT('Ctrl Pts',(18.3016709747861,6.72983127227894,-17.));
#6530=CARTESIAN_POINT('Ctrl Pts',(17.6964889742114,8.37511481022234,-16.914747544257));
#6531=CARTESIAN_POINT('Ctrl Pts',(17.8737047198003,8.37887930870483,-16.9143724847845));
#6532=CARTESIAN_POINT('Ctrl Pts',(18.2298041695841,8.29289235260581,-16.9136881528078));
#6533=CARTESIAN_POINT('Ctrl Pts',(18.6782052556426,7.87657500824487,-16.913076989944));
#6534=CARTESIAN_POINT('Ctrl Pts',(18.8300272186172,7.20398249670315,-16.9133617679479));
#6535=CARTESIAN_POINT('Ctrl Pts',(18.6060376428402,6.75473828537931,-16.9142474649604));
#6536=CARTESIAN_POINT('Ctrl Pts',(18.435407832382,6.59120688133377,-16.914747544257));
#6537=CARTESIAN_POINT('Ctrl Pts',(17.6952728481435,8.44288429445498,-16.7153081597338));
#6538=CARTESIAN_POINT('Ctrl Pts',(17.8843345790051,8.44652702636983,-16.714281751279));
#6539=CARTESIAN_POINT('Ctrl Pts',(18.2636195644646,8.35451125003827,-16.7124139043645));
#6540=CARTESIAN_POINT('Ctrl Pts',(18.7406110535508,7.91088450618992,-16.7107527526037));
#6541=CARTESIAN_POINT('Ctrl Pts',(18.902269831787,7.1955868529303,-16.711525554392));
#6542=CARTESIAN_POINT('Ctrl Pts',(18.6641516731099,6.71724139717407,-16.7139396151274));
#6543=CARTESIAN_POINT('Ctrl Pts',(18.482468163251,6.54242668848593,-16.7153081597338));
#6544=CARTESIAN_POINT('Ctrl Pts',(17.6954273827671,8.43427274338759,-16.6188664093144));
#6545=CARTESIAN_POINT('Ctrl Pts',(17.8828602342903,8.43752953079155,-16.6176718203189));
#6546=CARTESIAN_POINT('Ctrl Pts',(18.2586089002172,8.34540149173719,-16.6155024098845));
#6547=CARTESIAN_POINT('Ctrl Pts',(18.7304910849727,7.90550006205425,-16.6135789026483));
#6548=CARTESIAN_POINT('Ctrl Pts',(18.8910127938052,7.19710431781563,-16.6144727742892));
#6549=CARTESIAN_POINT('Ctrl Pts',(18.6562720652915,6.72226810561714,-16.617273623987));
#6550=CARTESIAN_POINT('Ctrl Pts',(18.476488149575,6.5486252471225,-16.6188664093144));
#6551=CARTESIAN_POINT('Origin',(18.2344443960166,6.79951470663484,-16.65));
#6552=CARTESIAN_POINT('Ctrl Pts',(18.476488149575,6.5486252471225,-16.6188664093144));
#6553=CARTESIAN_POINT('Ctrl Pts',(18.6562720652915,6.72226810561714,-16.617273623987));
#6554=CARTESIAN_POINT('Ctrl Pts',(18.8910127938052,7.19710431781563,-16.6144727742892));
#6555=CARTESIAN_POINT('Ctrl Pts',(18.7304910849727,7.90550006205425,-16.6135789026483));
#6556=CARTESIAN_POINT('Ctrl Pts',(18.2586089002172,8.34540149173719,-16.6155024098845));
#6557=CARTESIAN_POINT('Ctrl Pts',(17.8828602342903,8.43752953079155,-16.6176718203189));
#6558=CARTESIAN_POINT('Ctrl Pts',(17.6954273827671,8.43427274338759,-16.6188664093144));
#6559=CARTESIAN_POINT('Ctrl Pts',(18.2344443960166,6.79951470663484,-17.));
#6560=CARTESIAN_POINT('Ctrl Pts',(18.1802448016643,6.74722604817992,-17.));
#6561=CARTESIAN_POINT('Ctrl Pts',(18.0826264936936,6.59489091949928,-17.));
#6562=CARTESIAN_POINT('Ctrl Pts',(18.0818973129705,6.40967308667394,-17.));
#6563=CARTESIAN_POINT('Ctrl Pts',(18.1149508399828,6.31485491186672,-17.));
#6564=CARTESIAN_POINT('Ctrl Pts',(18.3016709747861,6.72983127227894,-17.));
#6565=CARTESIAN_POINT('Ctrl Pts',(18.2562974530594,6.6904242792321,-16.9998802241089));
#6566=CARTESIAN_POINT('Ctrl Pts',(18.1712840235615,6.57092918162651,-16.999812637306));
#6567=CARTESIAN_POINT('Ctrl Pts',(18.1676094381064,6.41966923572039,-17.0000180466837));
#6568=CARTESIAN_POINT('Ctrl Pts',(18.1937831493738,6.3423357811536,-17.));
#6569=CARTESIAN_POINT('Ctrl Pts',(18.435410033453,6.59120459982263,-16.9147504439295));
#6570=CARTESIAN_POINT('Ctrl Pts',(18.4076928504453,6.57707037679623,-16.9205741650374));
#6571=CARTESIAN_POINT('Ctrl Pts',(18.3480274607894,6.52279047256285,-16.9321951807918));
#6572=CARTESIAN_POINT('Ctrl Pts',(18.3384753693017,6.43970379448193,-16.9364203116318));
#6573=CARTESIAN_POINT('Ctrl Pts',(18.3510057720355,6.39714344029347,-16.9375767620548));
#6574=CARTESIAN_POINT('Ctrl Pts',(18.482468163251,6.54242668848593,-16.7153081597338));
#6575=CARTESIAN_POINT('Ctrl Pts',(18.4661978900063,6.53212332334606,-16.7312456763756));
#6576=CARTESIAN_POINT('Ctrl Pts',(18.4308420073443,6.49753428904501,-16.7646981286264));
#6577=CARTESIAN_POINT('Ctrl Pts',(18.4244939295859,6.44930625155662,-16.7778860004048));
#6578=CARTESIAN_POINT('Ctrl Pts',(18.4312576859311,6.42511918238231,-16.7813830317606));
#6579=CARTESIAN_POINT('Ctrl Pts',(18.476488149575,6.5486252471225,-16.6188664093144));
#6580=CARTESIAN_POINT('Ctrl Pts',(18.4629796896266,6.53329126993544,-16.6374153426438));
#6581=CARTESIAN_POINT('Ctrl Pts',(18.4374929794632,6.49312514946105,-16.6776997025311));
#6582=CARTESIAN_POINT('Ctrl Pts',(18.4353817513478,6.45045342391234,-16.6943368270768));
#6583=CARTESIAN_POINT('Ctrl Pts',(18.4422290228849,6.42894378017804,-16.698710585336));
#6584=CARTESIAN_POINT('Ctrl Pts',(18.1149508399845,-6.31485491186183,-17.));
#6585=CARTESIAN_POINT('Ctrl Pts',(18.0901607131947,-6.38596848998289,-17.));
#6586=CARTESIAN_POINT('Ctrl Pts',(18.0753225686071,-6.56676256971173,-17.));
#6587=CARTESIAN_POINT('Ctrl Pts',(18.1621783240562,-6.72979654730602,-17.));
#6588=CARTESIAN_POINT('Ctrl Pts',(18.2344443960166,-6.79951470663484,-17.));
#6589=CARTESIAN_POINT('Ctrl Pts',(18.1937831493751,-6.34233578114961,-17.));
#6590=CARTESIAN_POINT('Ctrl Pts',(18.1741528805497,-6.4003358288608,-17.0000135350027));
#6591=CARTESIAN_POINT('Ctrl Pts',(18.1644447787142,-6.54797079134444,-16.9999229109987));
#6592=CARTESIAN_POINT('Ctrl Pts',(18.241172990892,-6.6772886540307,-16.9998402989309));
#6593=CARTESIAN_POINT('Ctrl Pts',(18.3016709747861,-6.72983127227894,-17.));
#6594=CARTESIAN_POINT('Ctrl Pts',(18.3510057720361,-6.39714344029128,-16.9375767620549));
#6595=CARTESIAN_POINT('Ctrl Pts',(18.3416079769873,-6.42906368214992,-16.9367094248839));
#6596=CARTESIAN_POINT('Ctrl Pts',(18.3420807622351,-6.51041141899957,-16.9331805968424));
#6597=CARTESIAN_POINT('Ctrl Pts',(18.3984538169774,-6.57235898316193,-16.9225153996214));
#6598=CARTESIAN_POINT('Ctrl Pts',(18.435410033453,-6.59120459982264,-16.9147504439295));
#6599=CARTESIAN_POINT('Ctrl Pts',(18.4312576859315,-6.42511918238106,-16.7813830317607));
#6600=CARTESIAN_POINT('Ctrl Pts',(18.4261848724519,-6.44325947074606,-16.7787602601981));
#6601=CARTESIAN_POINT('Ctrl Pts',(18.4272978671114,-6.49009926163093,-16.7678868427676));
#6602=CARTESIAN_POINT('Ctrl Pts',(18.4607744817545,-6.52868887853496,-16.7365581660903));
#6603=CARTESIAN_POINT('Ctrl Pts',(18.482468163251,-6.54242668848593,-16.7153081597338));
#6604=CARTESIAN_POINT('Ctrl Pts',(18.4422290228852,-6.42894378017693,-16.6987105853363));
#6605=CARTESIAN_POINT('Ctrl Pts',(18.4370935730584,-6.44507600095807,-16.695430269086));
#6606=CARTESIAN_POINT('Ctrl Pts',(18.4353844574101,-6.48653131277426,-16.6817633166407));
#6607=CARTESIAN_POINT('Ctrl Pts',(18.4584768830633,-6.52817995943944,-16.6435983019935));
#6608=CARTESIAN_POINT('Ctrl Pts',(18.476488149575,-6.54862524712251,-16.6188664093144));
#6609=CARTESIAN_POINT('Origin',(18.2344443960166,-6.79951470663485,-16.65));
#6610=CARTESIAN_POINT('Ctrl Pts',(18.2344443960166,-6.79951470663485,-17.));
#6611=CARTESIAN_POINT('Ctrl Pts',(18.3570389584327,-6.91778690551764,-17.));
#6612=CARTESIAN_POINT('Ctrl Pts',(18.5173970294598,-7.24151473558923,-17.));
#6613=CARTESIAN_POINT('Ctrl Pts',(18.4078831087595,-7.72526244938843,-17.));
#6614=CARTESIAN_POINT('Ctrl Pts',(18.0856422210162,-8.02538052805733,-17.));
#6615=CARTESIAN_POINT('Ctrl Pts',(17.8294211316392,-8.08800860517707,-17.));
#6616=CARTESIAN_POINT('Ctrl Pts',(17.7016822414315,-8.08571632575321,-17.));
#6617=CARTESIAN_POINT('Ctrl Pts',(18.3016709747861,-6.72983127227894,-17.));
#6618=CARTESIAN_POINT('Ctrl Pts',(18.4404016918277,-6.86329573477486,-17.000010285081));
#6619=CARTESIAN_POINT('Ctrl Pts',(18.62223881482,-7.22893550604451,-17.0000277995632));
#6620=CARTESIAN_POINT('Ctrl Pts',(18.4986043853971,-7.77591555870436,-17.0000340287621));
#6621=CARTESIAN_POINT('Ctrl Pts',(18.134008773555,-8.11496794248244,-17.0000212365766));
#6622=CARTESIAN_POINT('Ctrl Pts',(17.8442982751289,-8.18531917767205,-17.0000077138107));
#6623=CARTESIAN_POINT('Ctrl Pts',(17.699944982186,-8.18252632444652,-17.));
#6624=CARTESIAN_POINT('Ctrl Pts',(18.4354078323834,-6.59120688133234,-16.9147475442588));
#6625=CARTESIAN_POINT('Ctrl Pts',(18.6060376428415,-6.75473828537788,-16.9142474649622));
#6626=CARTESIAN_POINT('Ctrl Pts',(18.8300251202208,-7.20399945248184,-16.9133617561186));
#6627=CARTESIAN_POINT('Ctrl Pts',(18.6782011615685,-7.87658878025803,-16.9130769869597));
#6628=CARTESIAN_POINT('Ctrl Pts',(18.2297824481044,-8.29290214007346,-16.9136881912023));
#6629=CARTESIAN_POINT('Ctrl Pts',(17.8737047198002,-8.37887930870683,-16.9143724847864));
#6630=CARTESIAN_POINT('Ctrl Pts',(17.6964889742114,-8.37511481022433,-16.9147475442588));
#6631=CARTESIAN_POINT('Ctrl Pts',(18.482468163251,-6.54242668848593,-16.7153081597338));
#6632=CARTESIAN_POINT('Ctrl Pts',(18.6641516731099,-6.71724139717408,-16.7139396151274));
#6633=CARTESIAN_POINT('Ctrl Pts',(18.9022675666952,-7.19560489314309,-16.7115255225281));
#6634=CARTESIAN_POINT('Ctrl Pts',(18.7406067197259,-7.91089913773387,-16.7107527443127));
#6635=CARTESIAN_POINT('Ctrl Pts',(18.2635964410159,-8.35452170887189,-16.7124140089285));
#6636=CARTESIAN_POINT('Ctrl Pts',(17.8843345790051,-8.44652702636983,-16.714281751279));
#6637=CARTESIAN_POINT('Ctrl Pts',(17.6952728481435,-8.44288429445498,-16.7153081597338));
#6638=CARTESIAN_POINT('Ctrl Pts',(18.476488149575,-6.54862524712251,-16.6188664093144));
#6639=CARTESIAN_POINT('Ctrl Pts',(18.6562720652915,-6.72226810561715,-16.617273623987));
#6640=CARTESIAN_POINT('Ctrl Pts',(18.8910105245635,-7.19712216136988,-16.6144727376497));
#6641=CARTESIAN_POINT('Ctrl Pts',(18.7304868172794,-7.90551451503691,-16.613578892895));
#6642=CARTESIAN_POINT('Ctrl Pts',(18.2585860198694,-8.34541187798103,-16.6155025311437));
#6643=CARTESIAN_POINT('Ctrl Pts',(17.8828602342903,-8.43752953079155,-16.6176718203189));
#6644=CARTESIAN_POINT('Ctrl Pts',(17.6954273827671,-8.43427274338759,-16.6188664093144));
#6645=CARTESIAN_POINT('Ctrl Pts',(17.6954273827671,-8.43427274338759,-16.6188664093144));
#6646=CARTESIAN_POINT('Ctrl Pts',(17.8828602342903,-8.43752953079155,-16.6176718203189));
#6647=CARTESIAN_POINT('Ctrl Pts',(18.2585860198694,-8.34541187798103,-16.6155025311437));
#6648=CARTESIAN_POINT('Ctrl Pts',(18.7304868172794,-7.90551451503691,-16.613578892895));
#6649=CARTESIAN_POINT('Ctrl Pts',(18.8910105245635,-7.19712216136988,-16.6144727376497));
#6650=CARTESIAN_POINT('Ctrl Pts',(18.6562720652915,-6.72226810561715,-16.617273623987));
#6651=CARTESIAN_POINT('Ctrl Pts',(18.476488149575,-6.54862524712251,-16.6188664093144));
#6652=CARTESIAN_POINT('Ctrl Pts',(17.7712923941756,-8.22223538279959,-16.0895683616244));
#6653=CARTESIAN_POINT('Ctrl Pts',(18.354432734318,-8.23954613910731,-16.166215954899));
#6654=CARTESIAN_POINT('Ctrl Pts',(18.5796077672244,-7.69592552075686,-16.166215954899));
#6655=CARTESIAN_POINT('Ctrl Pts',(18.8047828001308,-7.1523049024064,-16.166215954899));
#6656=CARTESIAN_POINT('Ctrl Pts',(18.3801997580601,-6.75220296668094,-16.0895683616244));
#6657=CARTESIAN_POINT('Ctrl Pts',(17.7351689769514,-8.4084988709135,-16.3223305292709));
#6658=CARTESIAN_POINT('Ctrl Pts',(18.4545766004978,-8.42985477651606,-16.4168890071062));
#6659=CARTESIAN_POINT('Ctrl Pts',(18.7323701677643,-7.75920177888116,-16.4168890071062));
#6660=CARTESIAN_POINT('Ctrl Pts',(19.0101637350309,-7.08854878124626,-16.4168890071062));
#6661=CARTESIAN_POINT('Ctrl Pts',(18.486364820314,-6.59495167786924,-16.3223305292709));
#6662=CARTESIAN_POINT('Ctrl Pts',(17.6954273827671,-8.43427274338759,-16.6188664093144));
#6663=CARTESIAN_POINT('Ctrl Pts',(18.4434361411481,-8.45647768521894,-16.7171842020164));
#6664=CARTESIAN_POINT('Ctrl Pts',(18.732273810553,-7.75916186641738,-16.7171842020164));
#6665=CARTESIAN_POINT('Ctrl Pts',(19.0211114799579,-7.06184604761582,-16.7171842020164));
#6666=CARTESIAN_POINT('Ctrl Pts',(18.476488149575,-6.54862524712251,-16.6188664093144));
#6667=CARTESIAN_POINT('Origin',(17.8019526268761,-7.37381021477542,-16.0479188190829));
#6668=CARTESIAN_POINT('Origin',(17.8189620535068,-7.38085574997404,-15.916918667024));
#6669=CARTESIAN_POINT('Origin',(7.38085574997405,-17.8189620535068,-15.916918667024));
#6670=CARTESIAN_POINT('Origin',(7.37381021477542,-17.8019526268761,-16.0479188190829));
#6671=CARTESIAN_POINT('Ctrl Pts',(6.75220296668094,-18.3801997580601,-16.0895683616244));
#6672=CARTESIAN_POINT('Ctrl Pts',(7.1523049024064,-18.8047828001308,-16.166215954899));
#6673=CARTESIAN_POINT('Ctrl Pts',(7.69592552075686,-18.5796077672244,-16.166215954899));
#6674=CARTESIAN_POINT('Ctrl Pts',(8.23954613910732,-18.354432734318,-16.166215954899));
#6675=CARTESIAN_POINT('Ctrl Pts',(8.2222353827996,-17.7712923941756,-16.0895683616244));
#6676=CARTESIAN_POINT('Ctrl Pts',(6.59495167786923,-18.486364820314,-16.3223305292709));
#6677=CARTESIAN_POINT('Ctrl Pts',(7.08854878124626,-19.0101637350309,-16.4168890071062));
#6678=CARTESIAN_POINT('Ctrl Pts',(7.75920177888116,-18.7323701677643,-16.4168890071062));
#6679=CARTESIAN_POINT('Ctrl Pts',(8.42985477651607,-18.4545766004978,-16.4168890071062));
#6680=CARTESIAN_POINT('Ctrl Pts',(8.4084988709135,-17.7351689769514,-16.3223305292709));
#6681=CARTESIAN_POINT('Ctrl Pts',(6.5486252471225,-18.476488149575,-16.6188664093145));
#6682=CARTESIAN_POINT('Ctrl Pts',(7.06184604761582,-19.0211114799579,-16.7171842020164));
#6683=CARTESIAN_POINT('Ctrl Pts',(7.75916186641738,-18.732273810553,-16.7171842020164));
#6684=CARTESIAN_POINT('Ctrl Pts',(8.45647768521894,-18.4434361411481,-16.7171842020164));
#6685=CARTESIAN_POINT('Ctrl Pts',(8.4342727433876,-17.6954273827671,-16.6188664093145));
#6686=CARTESIAN_POINT('Ctrl Pts',(18.3801997580601,6.75220296668093,-16.0895683616244));
#6687=CARTESIAN_POINT('Ctrl Pts',(18.8047828001308,7.1523049024064,-16.166215954899));
#6688=CARTESIAN_POINT('Ctrl Pts',(18.5796077672244,7.69592552075685,-16.166215954899));
#6689=CARTESIAN_POINT('Ctrl Pts',(18.354432734318,8.23954613910731,-16.166215954899));
#6690=CARTESIAN_POINT('Ctrl Pts',(17.7712923941756,8.22223538279959,-16.0895683616244));
#6691=CARTESIAN_POINT('Ctrl Pts',(18.486364820314,6.59495167786923,-16.3223305292709));
#6692=CARTESIAN_POINT('Ctrl Pts',(19.0101637350309,7.08854878124625,-16.4168890071062));
#6693=CARTESIAN_POINT('Ctrl Pts',(18.7323701677643,7.75920177888116,-16.4168890071062));
#6694=CARTESIAN_POINT('Ctrl Pts',(18.4545766004978,8.42985477651606,-16.4168890071062));
#6695=CARTESIAN_POINT('Ctrl Pts',(17.7351689769514,8.40849887091349,-16.3223305292709));
#6696=CARTESIAN_POINT('Ctrl Pts',(18.476488149575,6.5486252471225,-16.6188664093144));
#6697=CARTESIAN_POINT('Ctrl Pts',(19.0211114799579,7.06184604761581,-16.7171842020164));
#6698=CARTESIAN_POINT('Ctrl Pts',(18.732273810553,7.75916186641737,-16.7171842020164));
#6699=CARTESIAN_POINT('Ctrl Pts',(18.4434361411481,8.45647768521894,-16.7171842020164));
#6700=CARTESIAN_POINT('Ctrl Pts',(17.6954273827671,8.43427274338759,-16.6188664093144));
#6701=CARTESIAN_POINT('Origin',(17.8019526268761,7.37381021477542,-16.0479188190829));
#6702=CARTESIAN_POINT('Origin',(17.8189620535068,7.38085574997404,-15.916918667024));
#6703=CARTESIAN_POINT('Ctrl Pts',(8.2222353827996,17.7712923941756,-16.0895683616244));
#6704=CARTESIAN_POINT('Ctrl Pts',(8.23954613910732,18.354432734318,-16.166215954899));
#6705=CARTESIAN_POINT('Ctrl Pts',(7.69592552075687,18.5796077672244,-16.166215954899));
#6706=CARTESIAN_POINT('Ctrl Pts',(7.15230490240641,18.8047828001308,-16.166215954899));
#6707=CARTESIAN_POINT('Ctrl Pts',(6.75220296668095,18.3801997580601,-16.0895683616244));
#6708=CARTESIAN_POINT('Ctrl Pts',(8.4084988709135,17.7351689769514,-16.3223305292709));
#6709=CARTESIAN_POINT('Ctrl Pts',(8.42985477651607,18.4545766004978,-16.4168890071062));
#6710=CARTESIAN_POINT('Ctrl Pts',(7.75920177888117,18.7323701677643,-16.4168890071062));
#6711=CARTESIAN_POINT('Ctrl Pts',(7.08854878124627,19.0101637350309,-16.4168890071062));
#6712=CARTESIAN_POINT('Ctrl Pts',(6.59495167786925,18.486364820314,-16.3223305292709));
#6713=CARTESIAN_POINT('Ctrl Pts',(8.4342727433876,17.6954273827671,-16.6188664093144));
#6714=CARTESIAN_POINT('Ctrl Pts',(8.45647768521894,18.4434361411481,-16.7171842020164));
#6715=CARTESIAN_POINT('Ctrl Pts',(7.75916186641739,18.732273810553,-16.7171842020164));
#6716=CARTESIAN_POINT('Ctrl Pts',(7.06184604761583,19.0211114799579,-16.7171842020164));
#6717=CARTESIAN_POINT('Ctrl Pts',(6.54862524712252,18.476488149575,-16.6188664093144));
#6718=CARTESIAN_POINT('Origin',(7.37381021477543,17.8019526268761,-16.0479188190829));
#6719=CARTESIAN_POINT('Origin',(7.38085574997405,17.8189620535068,-15.916918667024));
#6720=CARTESIAN_POINT('Ctrl Pts',(-6.75220296668093,18.3801997580601,-16.0895683616244));
#6721=CARTESIAN_POINT('Ctrl Pts',(-7.15230490240639,18.8047828001308,-16.166215954899));
#6722=CARTESIAN_POINT('Ctrl Pts',(-7.69592552075684,18.5796077672244,-16.166215954899));
#6723=CARTESIAN_POINT('Ctrl Pts',(-8.2395461391073,18.354432734318,-16.166215954899));
#6724=CARTESIAN_POINT('Ctrl Pts',(-8.22223538279958,17.7712923941756,-16.0895683616244));
#6725=CARTESIAN_POINT('Ctrl Pts',(-6.59495167786922,18.486364820314,-16.3223305292709));
#6726=CARTESIAN_POINT('Ctrl Pts',(-7.08854878124624,19.0101637350309,-16.4168890071062));
#6727=CARTESIAN_POINT('Ctrl Pts',(-7.75920177888114,18.7323701677643,-16.4168890071062));
#6728=CARTESIAN_POINT('Ctrl Pts',(-8.42985477651605,18.4545766004978,-16.4168890071062));
#6729=CARTESIAN_POINT('Ctrl Pts',(-8.40849887091349,17.7351689769514,-16.3223305292709));
#6730=CARTESIAN_POINT('Ctrl Pts',(-6.54862524712249,18.476488149575,-16.6188664093145));
#6731=CARTESIAN_POINT('Ctrl Pts',(-7.0618460476158,19.0211114799579,-16.7171842020164));
#6732=CARTESIAN_POINT('Ctrl Pts',(-7.75916186641736,18.732273810553,-16.7171842020164));
#6733=CARTESIAN_POINT('Ctrl Pts',(-8.45647768521892,18.4434361411481,-16.7171842020164));
#6734=CARTESIAN_POINT('Ctrl Pts',(-8.43427274338758,17.6954273827671,-16.6188664093145));
#6735=CARTESIAN_POINT('Origin',(-7.37381021477541,17.8019526268761,-16.0479188190829));
#6736=CARTESIAN_POINT('Origin',(-7.38085574997403,17.8189620535068,-15.916918667024));
#6737=CARTESIAN_POINT('Ctrl Pts',(-17.7712923941756,8.2222353827996,-16.0895683616244));
#6738=CARTESIAN_POINT('Ctrl Pts',(-18.354432734318,8.23954613910732,-16.166215954899));
#6739=CARTESIAN_POINT('Ctrl Pts',(-18.5796077672244,7.69592552075687,-16.166215954899));
#6740=CARTESIAN_POINT('Ctrl Pts',(-18.8047828001308,7.15230490240641,-16.166215954899));
#6741=CARTESIAN_POINT('Ctrl Pts',(-18.38019975806,6.75220296668095,-16.0895683616244));
#6742=CARTESIAN_POINT('Ctrl Pts',(-17.7351689769514,8.40849887091351,-16.3223305292709));
#6743=CARTESIAN_POINT('Ctrl Pts',(-18.4545766004978,8.42985477651608,-16.4168890071062));
#6744=CARTESIAN_POINT('Ctrl Pts',(-18.7323701677643,7.75920177888117,-16.4168890071062));
#6745=CARTESIAN_POINT('Ctrl Pts',(-19.0101637350309,7.08854878124626,-16.4168890071062));
#6746=CARTESIAN_POINT('Ctrl Pts',(-18.4863648203139,6.59495167786924,-16.3223305292709));
#6747=CARTESIAN_POINT('Ctrl Pts',(-17.6954273827671,8.4342727433876,-16.6188664093145));
#6748=CARTESIAN_POINT('Ctrl Pts',(-18.4434361411481,8.45647768521895,-16.7171842020164));
#6749=CARTESIAN_POINT('Ctrl Pts',(-18.732273810553,7.75916186641739,-16.7171842020164));
#6750=CARTESIAN_POINT('Ctrl Pts',(-19.0211114799579,7.06184604761583,-16.7171842020164));
#6751=CARTESIAN_POINT('Ctrl Pts',(-18.476488149575,6.54862524712251,-16.6188664093145));
#6752=CARTESIAN_POINT('Origin',(-17.8019526268761,7.37381021477543,-16.0479188190829));
#6753=CARTESIAN_POINT('Origin',(-17.8189620535068,7.38085574997405,-15.916918667024));
#6754=CARTESIAN_POINT('Ctrl Pts',(-18.38019975806,-6.75220296668093,-16.0895683616244));
#6755=CARTESIAN_POINT('Ctrl Pts',(-18.8047828001308,-7.15230490240639,-16.166215954899));
#6756=CARTESIAN_POINT('Ctrl Pts',(-18.5796077672244,-7.69592552075685,-16.166215954899));
#6757=CARTESIAN_POINT('Ctrl Pts',(-18.354432734318,-8.2395461391073,-16.166215954899));
#6758=CARTESIAN_POINT('Ctrl Pts',(-17.7712923941756,-8.22223538279958,-16.0895683616244));
#6759=CARTESIAN_POINT('Ctrl Pts',(-18.486364820314,-6.59495167786922,-16.3223305292709));
#6760=CARTESIAN_POINT('Ctrl Pts',(-19.0101637350309,-7.08854878124625,-16.4168890071062));
#6761=CARTESIAN_POINT('Ctrl Pts',(-18.7323701677643,-7.75920177888116,-16.4168890071062));
#6762=CARTESIAN_POINT('Ctrl Pts',(-18.4545766004978,-8.42985477651606,-16.4168890071062));
#6763=CARTESIAN_POINT('Ctrl Pts',(-17.7351689769514,-8.4084988709135,-16.3223305292709));
#6764=CARTESIAN_POINT('Ctrl Pts',(-18.476488149575,-6.54862524712249,-16.6188664093145));
#6765=CARTESIAN_POINT('Ctrl Pts',(-19.0211114799579,-7.06184604761581,-16.7171842020164));
#6766=CARTESIAN_POINT('Ctrl Pts',(-18.732273810553,-7.75916186641737,-16.7171842020164));
#6767=CARTESIAN_POINT('Ctrl Pts',(-18.4434361411481,-8.45647768521893,-16.7171842020164));
#6768=CARTESIAN_POINT('Ctrl Pts',(-17.6954273827671,-8.43427274338758,-16.6188664093145));
#6769=CARTESIAN_POINT('Origin',(-17.8019526268761,-7.37381021477541,-16.0479188190829));
#6770=CARTESIAN_POINT('Origin',(-17.8189620535068,-7.38085574997403,-15.916918667024));
#6771=CARTESIAN_POINT('Ctrl Pts',(-8.22223538279958,-17.7712923941756,-16.0895683616244));
#6772=CARTESIAN_POINT('Ctrl Pts',(-8.23954613910731,-18.354432734318,-16.166215954899));
#6773=CARTESIAN_POINT('Ctrl Pts',(-7.69592552075685,-18.5796077672244,-16.166215954899));
#6774=CARTESIAN_POINT('Ctrl Pts',(-7.1523049024064,-18.8047828001308,-16.166215954899));
#6775=CARTESIAN_POINT('Ctrl Pts',(-6.75220296668093,-18.3801997580601,-16.0895683616244));
#6776=CARTESIAN_POINT('Ctrl Pts',(-8.4084988709135,-17.7351689769514,-16.3223305292709));
#6777=CARTESIAN_POINT('Ctrl Pts',(-8.42985477651606,-18.4545766004978,-16.4168890071062));
#6778=CARTESIAN_POINT('Ctrl Pts',(-7.75920177888116,-18.7323701677643,-16.4168890071062));
#6779=CARTESIAN_POINT('Ctrl Pts',(-7.08854878124625,-19.0101637350309,-16.4168890071062));
#6780=CARTESIAN_POINT('Ctrl Pts',(-6.59495167786922,-18.486364820314,-16.3223305292709));
#6781=CARTESIAN_POINT('Ctrl Pts',(-8.43427274338758,-17.6954273827671,-16.6188664093145));
#6782=CARTESIAN_POINT('Ctrl Pts',(-8.45647768521893,-18.4434361411481,-16.7171842020164));
#6783=CARTESIAN_POINT('Ctrl Pts',(-7.75916186641737,-18.732273810553,-16.7171842020164));
#6784=CARTESIAN_POINT('Ctrl Pts',(-7.06184604761581,-19.0211114799579,-16.7171842020164));
#6785=CARTESIAN_POINT('Ctrl Pts',(-6.5486252471225,-18.476488149575,-16.6188664093145));
#6786=CARTESIAN_POINT('Origin',(-7.37381021477542,-17.8019526268761,-16.0479188190829));
#6787=CARTESIAN_POINT('Origin',(-7.38085574997404,-17.8189620535068,-15.916918667024));
#6788=CARTESIAN_POINT('',(0.,0.,0.));
#6789=UNCERTAINTY_MEASURE_WITH_UNIT(LENGTH_MEASURE(0.01),#6793,
'DISTANCE_ACCURACY_VALUE',
'Maximum model space distance between geometric entities at asserted c
onnectivities');
#6790=UNCERTAINTY_MEASURE_WITH_UNIT(LENGTH_MEASURE(0.01),#6793,
'DISTANCE_ACCURACY_VALUE',
'Maximum model space distance between geometric entities at asserted c
onnectivities');
#6791=(
GEOMETRIC_REPRESENTATION_CONTEXT(3)
GLOBAL_UNCERTAINTY_ASSIGNED_CONTEXT((#6789))
GLOBAL_UNIT_ASSIGNED_CONTEXT((#6793,#6795,#6796))
REPRESENTATION_CONTEXT('','3D')
);
#6792=(
GEOMETRIC_REPRESENTATION_CONTEXT(3)
GLOBAL_UNCERTAINTY_ASSIGNED_CONTEXT((#6790))
GLOBAL_UNIT_ASSIGNED_CONTEXT((#6793,#6795,#6796))
REPRESENTATION_CONTEXT('','3D')
);
#6793=(
LENGTH_UNIT()
NAMED_UNIT(*)
SI_UNIT(.MILLI.,.METRE.)
);
#6794=(
LENGTH_UNIT()
NAMED_UNIT(*)
SI_UNIT(.CENTI.,.METRE.)
);
#6795=(
NAMED_UNIT(*)
PLANE_ANGLE_UNIT()
SI_UNIT($,.RADIAN.)
);
#6796=(
NAMED_UNIT(*)
SI_UNIT($,.STERADIAN.)
SOLID_ANGLE_UNIT()
);
#6797=SHAPE_DEFINITION_REPRESENTATION(#6798,#6799);
#6798=PRODUCT_DEFINITION_SHAPE('',$,#6801);
#6799=SHAPE_REPRESENTATION('',(#2682),#6791);
#6800=PRODUCT_DEFINITION_CONTEXT('part definition',#6805,'design');
#6801=PRODUCT_DEFINITION('PRT - 2110 - MASINSMIRHOLLOW - C',
'PRT - 2110 - MASINSMIRHOLLOW - C',#6802,#6800);
#6802=PRODUCT_DEFINITION_FORMATION('A',$,#6807);
#6803=PRODUCT_RELATED_PRODUCT_CATEGORY(
'PRT - 2110 - MASINSMIRHOLLOW - C','PRT - 2110 - MASINSMIRHOLLOW - C',(#6807));
#6804=APPLICATION_PROTOCOL_DEFINITION('international standard',
'automotive_design',2009,#6805);
#6805=APPLICATION_CONTEXT(
'Core Data for Automotive Mechanical Design Process');
#6806=PRODUCT_CONTEXT('part definition',#6805,'mechanical');
#6807=PRODUCT('PRT - 2110 - MASINSMIRHOLLOW - C',
'PRT - 2110 - MASINSMIRHOLLOW - C',
'Insert for mirror holder upper part',(#6806));
#6808=PRESENTATION_STYLE_ASSIGNMENT((#6810));
#6809=PRESENTATION_STYLE_ASSIGNMENT((#6811));
#6810=SURFACE_STYLE_USAGE(.BOTH.,#6814);
#6811=SURFACE_STYLE_USAGE(.BOTH.,#6815);
#6812=SURFACE_STYLE_RENDERING_WITH_PROPERTIES($,#6822,(#6813));
#6813=SURFACE_STYLE_TRANSPARENT(0.);
#6814=SURFACE_SIDE_STYLE('',(#6816,#6812));
#6815=SURFACE_SIDE_STYLE('',(#6817));
#6816=SURFACE_STYLE_FILL_AREA(#6818);
#6817=SURFACE_STYLE_FILL_AREA(#6819);
#6818=FILL_AREA_STYLE('',(#6820));
#6819=FILL_AREA_STYLE('',(#6821));
#6820=FILL_AREA_STYLE_COLOUR('',#6822);
#6821=FILL_AREA_STYLE_COLOUR('',#6823);
#6822=COLOUR_RGB('',0.501960784313725,0.501960784313725,0.501960784313725);
#6823=COLOUR_RGB('',1.,1.,0.);
ENDSEC;
END-ISO-10303-21;
