ISO-10303-21;
HEADER;
/* Generated by software containing ST-Developer
 * from STEP Tools, Inc. (www.steptools.com) 
 */

FILE_DESCRIPTION(
/* description */ ('Insert beam splitter and filter upper part'),
/* implementation_level */ '2;1');

FILE_NAME(
/* name */ 'PRT - 2021 - INSDICSPL+EMIFIL_WLS488UPP.stp',
/* time_stamp */ '2026-09-22T11:58:49+02:00',
/* author */ ('benir'),
/* organization */ (''),
/* preprocessor_version */ 'ST-DEVELOPER v20',
/* originating_system */ 'Autodesk Inventor 2025',
/* authorisation */ '');

FILE_SCHEMA (('AUTOMOTIVE_DESIGN { 1 0 10303 214 3 1 1 }'));
ENDSEC;

DATA;
#10=MECHANICAL_DESIGN_GEOMETRIC_PRESENTATION_REPRESENTATION('',(#14,#15,
#16,#17,#18,#19,#20,#21),#11917);
#11=SHAPE_REPRESENTATION_RELATIONSHIP('SRR','None',#11924,#12);
#12=ADVANCED_BREP_SHAPE_REPRESENTATION('',(#13),#11916);
#13=MANIFOLD_SOLID_BREP('upper half',#6414);
#14=STYLED_ITEM('',(#11934),#6388);
#15=STYLED_ITEM('',(#11934),#6389);
#16=STYLED_ITEM('',(#11934),#6390);
#17=STYLED_ITEM('',(#11934),#6391);
#18=STYLED_ITEM('',(#11934),#6392);
#19=STYLED_ITEM('',(#11934),#6393);
#20=STYLED_ITEM('',(#11934),#6394);
#21=STYLED_ITEM('',(#11933),#13);
#22=ELLIPSE('',#6452,11.971682146474,11.8571347269618);
#23=ELLIPSE('',#6469,15.6977705423414,11.1);
#24=ELLIPSE('',#6475,15.6977705423414,11.1);
#25=ELLIPSE('',#6517,15.6977705423414,11.1);
#26=ELLIPSE('',#6546,18.1019335983756,12.8);
#27=ELLIPSE('',#6549,18.1019335983756,12.8);
#28=ELLIPSE('',#6570,11.9716821464741,11.8571347269618);
#29=ELLIPSE('',#6573,18.1019335983756,12.8);
#30=ELLIPSE('',#6575,18.1019335983756,12.8);
#31=ELLIPSE('',#6578,11.9716821464741,11.8571347269618);
#32=ELLIPSE('',#6621,10.9571328120271,10.8522928009481);
#33=ELLIPSE('',#6648,10.9571328120271,10.852292800948);
#34=ELLIPSE('',#6662,11.9716821464741,11.8571347269618);
#35=ELLIPSE('',#6664,12.4594640382955,12.4);
#36=ELLIPSE('',#6666,12.4594640382955,12.4);
#37=ELLIPSE('',#6668,12.4594640382955,12.4);
#38=ELLIPSE('',#6669,12.4594640382955,12.4);
#39=ELLIPSE('',#6675,11.9716821464741,11.8571347269618);
#40=ELLIPSE('',#6677,11.9716821464741,11.8571347269618);
#41=ELLIPSE('',#6679,12.4594640382955,12.4);
#42=ELLIPSE('',#6681,12.4594640382955,12.4);
#43=ELLIPSE('',#6683,12.4594640382955,12.4);
#44=ELLIPSE('',#6684,12.4594640382955,12.4);
#45=ELLIPSE('',#6691,10.9571328120271,10.8522928009481);
#46=ELLIPSE('',#6695,10.9571328120271,10.8522928009481);
#47=ELLIPSE('',#6696,10.9571328120271,10.8522928009481);
#48=ELLIPSE('',#6716,10.9571328120271,10.852292800948);
#49=ELLIPSE('',#6718,12.4594640382956,12.4);
#50=ELLIPSE('',#6721,12.4594640382956,12.4);
#51=ELLIPSE('',#6723,12.4594640382956,12.4);
#52=ELLIPSE('',#6725,12.4594640382956,12.4);
#53=ELLIPSE('',#6731,10.9571328120271,10.8522928009481);
#54=ELLIPSE('',#6733,10.9571328120271,10.8522928009481);
#55=ELLIPSE('',#6735,12.4594640382955,12.4);
#56=ELLIPSE('',#6737,12.4594640382955,12.4);
#57=ELLIPSE('',#6738,12.4594640382955,12.4);
#58=ELLIPSE('',#6740,12.4594640382955,12.4);
#59=ELLIPSE('',#6755,11.971682146474,11.8571347269618);
#60=ELLIPSE('',#6756,11.9716821464741,11.8571347269617);
#61=(
BOUNDED_CURVE()
B_SPLINE_CURVE(2,(#8407,#8408,#8409),.UNSPECIFIED.,.F.,.F.)
B_SPLINE_CURVE_WITH_KNOTS((3,3),(4.18783920792756,4.18784587640426),
 .UNSPECIFIED.)
CURVE()
GEOMETRIC_REPRESENTATION_ITEM()
RATIONAL_B_SPLINE_CURVE((1.,1.,1.))
REPRESENTATION_ITEM('')
);
#62=(
BOUNDED_CURVE()
B_SPLINE_CURVE(2,(#8469,#8470,#8471),.UNSPECIFIED.,.F.,.F.)
B_SPLINE_CURVE_WITH_KNOTS((3,3),(9.16730470983376,9.16731137831048),
 .UNSPECIFIED.)
CURVE()
GEOMETRIC_REPRESENTATION_ITEM()
RATIONAL_B_SPLINE_CURVE((1.,1.,1.))
REPRESENTATION_ITEM('')
);
#63=(
BOUNDED_CURVE()
B_SPLINE_CURVE(2,(#8578,#8579,#8580),.UNSPECIFIED.,.F.,.F.)
B_SPLINE_CURVE_WITH_KNOTS((3,3),(0.0181898184705874,0.052538970964026),
 .UNSPECIFIED.)
CURVE()
GEOMETRIC_REPRESENTATION_ITEM()
RATIONAL_B_SPLINE_CURVE((1.,1.,1.))
REPRESENTATION_ITEM('')
);
#64=(
BOUNDED_CURVE()
B_SPLINE_CURVE(2,(#8722,#8723,#8724),.UNSPECIFIED.,.F.,.F.)
B_SPLINE_CURVE_WITH_KNOTS((3,3),(3.93270852595961,3.93271505772989),
 .UNSPECIFIED.)
CURVE()
GEOMETRIC_REPRESENTATION_ITEM()
RATIONAL_B_SPLINE_CURVE((1.,1.,1.))
REPRESENTATION_ITEM('')
);
#65=(
BOUNDED_CURVE()
B_SPLINE_CURVE(2,(#8774,#8775,#8776),.UNSPECIFIED.,.F.,.F.)
B_SPLINE_CURVE_WITH_KNOTS((3,3),(4.89772253634091,4.91338556717137),
 .UNSPECIFIED.)
CURVE()
GEOMETRIC_REPRESENTATION_ITEM()
RATIONAL_B_SPLINE_CURVE((1.,1.,1.))
REPRESENTATION_ITEM('')
);
#66=(
BOUNDED_CURVE()
B_SPLINE_CURVE(2,(#8777,#8778,#8779),.UNSPECIFIED.,.F.,.F.)
B_SPLINE_CURVE_WITH_KNOTS((3,3),(4.04637798494876,4.06649641477321),
 .UNSPECIFIED.)
CURVE()
GEOMETRIC_REPRESENTATION_ITEM()
RATIONAL_B_SPLINE_CURVE((1.60008233392323,1.5959856227936,1.59183334002799))
REPRESENTATION_ITEM('')
);
#67=(
BOUNDED_CURVE()
B_SPLINE_CURVE(2,(#8795,#8796,#8797),.UNSPECIFIED.,.F.,.F.)
B_SPLINE_CURVE_WITH_KNOTS((3,3),(8.98512503069295,8.98513162974255),
 .UNSPECIFIED.)
CURVE()
GEOMETRIC_REPRESENTATION_ITEM()
RATIONAL_B_SPLINE_CURVE((1.,1.,1.))
REPRESENTATION_ITEM('')
);
#68=(
BOUNDED_CURVE()
B_SPLINE_CURVE(2,(#8804,#8805,#8806),.UNSPECIFIED.,.F.,.F.)
B_SPLINE_CURVE_WITH_KNOTS((3,3),(1.28981660167087,1.28982145350367),
 .UNSPECIFIED.)
CURVE()
GEOMETRIC_REPRESENTATION_ITEM()
RATIONAL_B_SPLINE_CURVE((1.,1.,1.))
REPRESENTATION_ITEM('')
);
#69=(
BOUNDED_CURVE()
B_SPLINE_CURVE(2,(#8864,#8865,#8866),.UNSPECIFIED.,.F.,.F.)
B_SPLINE_CURVE_WITH_KNOTS((3,3),(0.,0.0343389570632118),.UNSPECIFIED.)
CURVE()
GEOMETRIC_REPRESENTATION_ITEM()
RATIONAL_B_SPLINE_CURVE((1.,1.,1.))
REPRESENTATION_ITEM('')
);
#70=(
BOUNDED_CURVE()
B_SPLINE_CURVE(2,(#9020,#9021,#9022),.UNSPECIFIED.,.F.,.F.)
B_SPLINE_CURVE_WITH_KNOTS((3,3),(0.0343591273953315,0.0343644614299307),
 .UNSPECIFIED.)
CURVE()
GEOMETRIC_REPRESENTATION_ITEM()
RATIONAL_B_SPLINE_CURVE((1.,1.,1.))
REPRESENTATION_ITEM('')
);
#71=(
BOUNDED_CURVE()
B_SPLINE_CURVE(2,(#9074,#9075,#9076),.UNSPECIFIED.,.F.,.F.)
B_SPLINE_CURVE_WITH_KNOTS((3,3),(1.70213811310916E-5,2.23554158499999E-5),
 .UNSPECIFIED.)
CURVE()
GEOMETRIC_REPRESENTATION_ITEM()
RATIONAL_B_SPLINE_CURVE((1.,1.,1.))
REPRESENTATION_ITEM('')
);
#72=(
BOUNDED_CURVE()
B_SPLINE_CURVE(2,(#9101,#9102,#9103),.UNSPECIFIED.,.F.,.F.)
B_SPLINE_CURVE_WITH_KNOTS((3,3),(0.0343620147818627,0.0343673488164205),
 .UNSPECIFIED.)
CURVE()
GEOMETRIC_REPRESENTATION_ITEM()
RATIONAL_B_SPLINE_CURVE((1.,1.,1.))
REPRESENTATION_ITEM('')
);
#73=(
BOUNDED_CURVE()
B_SPLINE_CURVE(2,(#9136,#9137,#9138),.UNSPECIFIED.,.F.,.F.)
B_SPLINE_CURVE_WITH_KNOTS((3,3),(0.0174956842314345,0.035063092242096),
 .UNSPECIFIED.)
CURVE()
GEOMETRIC_REPRESENTATION_ITEM()
RATIONAL_B_SPLINE_CURVE((1.00004133020494,1.00004141492179,1.))
REPRESENTATION_ITEM('')
);
#74=(
BOUNDED_CURVE()
B_SPLINE_CURVE(2,(#9179,#9180,#9181),.UNSPECIFIED.,.F.,.F.)
B_SPLINE_CURVE_WITH_KNOTS((3,3),(0.0343509415561476,0.0343562755908668),
 .UNSPECIFIED.)
CURVE()
GEOMETRIC_REPRESENTATION_ITEM()
RATIONAL_B_SPLINE_CURVE((1.,1.,1.))
REPRESENTATION_ITEM('')
);
#75=(
BOUNDED_CURVE()
B_SPLINE_CURVE(2,(#9192,#9193,#9194),.UNSPECIFIED.,.F.,.F.)
B_SPLINE_CURVE_WITH_KNOTS((3,3),(0.0164978296424141,0.0508469821358529),
 .UNSPECIFIED.)
CURVE()
GEOMETRIC_REPRESENTATION_ITEM()
RATIONAL_B_SPLINE_CURVE((1.,1.,1.))
REPRESENTATION_ITEM('')
);
#76=(
BOUNDED_CURVE()
B_SPLINE_CURVE(2,(#9213,#9214,#9215),.UNSPECIFIED.,.F.,.F.)
B_SPLINE_CURVE_WITH_KNOTS((3,3),(0.,0.0172186450550815),.UNSPECIFIED.)
CURVE()
GEOMETRIC_REPRESENTATION_ITEM()
RATIONAL_B_SPLINE_CURVE((1.,1.,1.))
REPRESENTATION_ITEM('')
);
#77=(
BOUNDED_CURVE()
B_SPLINE_CURVE(2,(#9246,#9247,#9248),.UNSPECIFIED.,.F.,.F.)
B_SPLINE_CURVE_WITH_KNOTS((3,3),(0.251921161775166,0.251925144654573),
 .UNSPECIFIED.)
CURVE()
GEOMETRIC_REPRESENTATION_ITEM()
RATIONAL_B_SPLINE_CURVE((1.,1.,1.))
REPRESENTATION_ITEM('')
);
#78=(
BOUNDED_CURVE()
B_SPLINE_CURVE(2,(#9311,#9312,#9313),.UNSPECIFIED.,.F.,.F.)
B_SPLINE_CURVE_WITH_KNOTS((3,3),(0.0174956842313948,0.0350630922421113),
 .UNSPECIFIED.)
CURVE()
GEOMETRIC_REPRESENTATION_ITEM()
RATIONAL_B_SPLINE_CURVE((1.00004133021607,1.00004141493294,1.))
REPRESENTATION_ITEM('')
);
#79=(
BOUNDED_CURVE()
B_SPLINE_CURVE(2,(#9316,#9317,#9318),.UNSPECIFIED.,.F.,.F.)
B_SPLINE_CURVE_WITH_KNOTS((3,3),(0.,0.0172186450550968),.UNSPECIFIED.)
CURVE()
GEOMETRIC_REPRESENTATION_ITEM()
RATIONAL_B_SPLINE_CURVE((1.,1.,1.))
REPRESENTATION_ITEM('')
);
#80=B_SPLINE_SURFACE_WITH_KNOTS('',3,3,((#8364,#8365,#8366,#8367),(#8368,
#8369,#8370,#8371),(#8372,#8373,#8374,#8375),(#8376,#8377,#8378,#8379)),
 .UNSPECIFIED.,.F.,.F.,.F.,(4,4),(4,4),(0.,1.),(-0.0136370174966473,0.0410719486118581),
 .UNSPECIFIED.);
#81=B_SPLINE_SURFACE_WITH_KNOTS('',3,3,((#8472,#8473,#8474,#8475),(#8476,
#8477,#8478,#8479),(#8480,#8481,#8482,#8483),(#8484,#8485,#8486,#8487)),
 .UNSPECIFIED.,.F.,.F.,.F.,(4,4),(4,4),(0.,1.),(-0.0410719486118576,0.013637017496647),
 .UNSPECIFIED.);
#82=B_SPLINE_SURFACE_WITH_KNOTS('',3,3,((#8674,#8675,#8676,#8677),(#8678,
#8679,#8680,#8681),(#8682,#8683,#8684,#8685),(#8686,#8687,#8688,#8689)),
 .UNSPECIFIED.,.F.,.F.,.F.,(4,4),(4,4),(0.,1.),(-0.0136370174966466,0.0302349535779064),
 .UNSPECIFIED.);
#83=B_SPLINE_SURFACE_WITH_KNOTS('',3,3,((#8727,#8728,#8729,#8730),(#8731,
#8732,#8733,#8734),(#8735,#8736,#8737,#8738),(#8739,#8740,#8741,#8742)),
 .UNSPECIFIED.,.F.,.F.,.F.,(4,4),(4,4),(0.,1.),(-0.030234953577909,0.0136370174966473),
 .UNSPECIFIED.);
#84=B_SPLINE_SURFACE_WITH_KNOTS('',3,3,((#8821,#8822,#8823,#8824),(#8825,
#8826,#8827,#8828),(#8829,#8830,#8831,#8832),(#8833,#8834,#8835,#8836)),
 .UNSPECIFIED.,.F.,.F.,.F.,(4,4),(4,4),(0.14640479543274,1.),(-0.0136370174966473,
0.014654965812822),.UNSPECIFIED.);
#85=B_SPLINE_SURFACE_WITH_KNOTS('',3,3,((#8982,#8983,#8984,#8985),(#8986,
#8987,#8988,#8989),(#8990,#8991,#8992,#8993),(#8994,#8995,#8996,#8997)),
 .UNSPECIFIED.,.F.,.F.,.F.,(4,4),(4,4),(0.,1.),(-0.0136370174966484,0.0410719486116066),
 .UNSPECIFIED.);
#86=B_SPLINE_SURFACE_WITH_KNOTS('',3,3,((#9026,#9027,#9028,#9029),(#9030,
#9031,#9032,#9033),(#9034,#9035,#9036,#9037),(#9038,#9039,#9040,#9041)),
 .UNSPECIFIED.,.F.,.F.,.F.,(4,4),(4,4),(0.146404795432953,1.),(-0.014654965812819,
0.0136370174966444),.UNSPECIFIED.);
#87=B_SPLINE_SURFACE_WITH_KNOTS('',3,3,((#9107,#9108,#9109,#9110),(#9111,
#9112,#9113,#9114),(#9115,#9116,#9117,#9118),(#9119,#9120,#9121,#9122)),
 .UNSPECIFIED.,.F.,.F.,.F.,(4,4),(4,4),(0.146404795432737,1.),(-0.0146549658128227,
0.0136370174966472),.UNSPECIFIED.);
#88=B_SPLINE_SURFACE_WITH_KNOTS('',3,3,((#9139,#9140,#9141,#9142),(#9143,
#9144,#9145,#9146),(#9147,#9148,#9149,#9150),(#9151,#9152,#9153,#9154)),
 .UNSPECIFIED.,.F.,.F.,.F.,(4,4),(4,4),(0.146404795432765,1.),(-0.0136370174966473,
0.0146549658128217),.UNSPECIFIED.);
#89=B_SPLINE_SURFACE_WITH_KNOTS('',3,3,((#9286,#9287,#9288,#9289),(#9290,
#9291,#9292,#9293),(#9294,#9295,#9296,#9297),(#9298,#9299,#9300,#9301)),
 .UNSPECIFIED.,.F.,.F.,.F.,(4,4),(4,4),(0.146404795432772,1.),(-0.0146549658128219,
0.0136370174966471),.UNSPECIFIED.);
#90=B_SPLINE_SURFACE_WITH_KNOTS('',3,3,((#9689,#9690,#9691,#9692),(#9693,
#9694,#9695,#9696),(#9697,#9698,#9699,#9700),(#9701,#9702,#9703,#9704)),
 .UNSPECIFIED.,.F.,.F.,.F.,(4,4),(4,4),(0.,1.),(-1.57079632679489,-1.09269151842651),
 .UNSPECIFIED.);
#91=B_SPLINE_SURFACE_WITH_KNOTS('',3,3,((#9722,#9723,#9724,#9725),(#9726,
#9727,#9728,#9729),(#9730,#9731,#9732,#9733),(#9734,#9735,#9736,#9737)),
 .UNSPECIFIED.,.F.,.F.,.F.,(4,4),(4,4),(0.,1.),(-2.04734079041696,-1.56991930433083),
 .UNSPECIFIED.);
#92=B_SPLINE_SURFACE_WITH_KNOTS('',3,3,((#9760,#9761,#9762,#9763),(#9764,
#9765,#9766,#9767),(#9768,#9769,#9770,#9771),(#9772,#9773,#9774,#9775)),
 .UNSPECIFIED.,.F.,.F.,.F.,(4,4),(4,4),(0.,1.),(-1.57167334925899,-1.09425186317287),
 .UNSPECIFIED.);
#93=B_SPLINE_SURFACE_WITH_KNOTS('',3,3,((#9799,#9800,#9801,#9802),(#9803,
#9804,#9805,#9806),(#9807,#9808,#9809,#9810),(#9811,#9812,#9813,#9814)),
 .UNSPECIFIED.,.F.,.F.,.F.,(4,4),(4,4),(0.,1.),(-2.04734079041694,-1.56991930433081),
 .UNSPECIFIED.);
#94=B_SPLINE_SURFACE_WITH_KNOTS('',3,3,((#9837,#9838,#9839,#9840),(#9841,
#9842,#9843,#9844),(#9845,#9846,#9847,#9848),(#9849,#9850,#9851,#9852)),
 .UNSPECIFIED.,.F.,.F.,.F.,(4,4),(4,4),(0.,1.),(-1.57167334925896,-1.09425186317284),
 .UNSPECIFIED.);
#95=B_SPLINE_SURFACE_WITH_KNOTS('',3,3,((#9866,#9867,#9868,#9869),(#9870,
#9871,#9872,#9873),(#9874,#9875,#9876,#9877),(#9878,#9879,#9880,#9881)),
 .UNSPECIFIED.,.F.,.F.,.F.,(4,4),(4,4),(0.,1.),(-2.04890113516327,-1.57079632679489),
 .UNSPECIFIED.);
#96=B_SPLINE_SURFACE_WITH_KNOTS('',3,3,((#9882,#9883,#9884,#9885),(#9886,
#9887,#9888,#9889),(#9890,#9891,#9892,#9893),(#9894,#9895,#9896,#9897)),
 .UNSPECIFIED.,.F.,.F.,.F.,(4,4),(4,4),(0.,1.),(1.09269151842651,1.57079632679491),
 .UNSPECIFIED.);
#97=B_SPLINE_SURFACE_WITH_KNOTS('',3,3,((#9914,#9915,#9916,#9917),(#9918,
#9919,#9920,#9921),(#9922,#9923,#9924,#9925),(#9926,#9927,#9928,#9929)),
 .UNSPECIFIED.,.F.,.F.,.F.,(4,4),(4,4),(0.,1.),(1.5707963267949,2.04890113516329),
 .UNSPECIFIED.);
#98=B_SPLINE_SURFACE_WITH_KNOTS('',3,3,((#10079,#10080,#10081,#10082),(#10083,
#10084,#10085,#10086),(#10087,#10088,#10089,#10090),(#10091,#10092,#10093,
#10094)),.UNSPECIFIED.,.F.,.F.,.F.,(4,4),(4,4),(0.,1.),(-2.04734079041696,
-1.56991930433082),.UNSPECIFIED.);
#99=B_SPLINE_SURFACE_WITH_KNOTS('',3,3,((#10102,#10103,#10104,#10105),(#10106,
#10107,#10108,#10109),(#10110,#10111,#10112,#10113),(#10114,#10115,#10116,
#10117)),.UNSPECIFIED.,.F.,.F.,.F.,(4,4),(4,4),(0.,1.),(-1.57079632679488,
-1.0926915184265),.UNSPECIFIED.);
#100=B_SPLINE_SURFACE_WITH_KNOTS('',3,3,((#10145,#10146,#10147,#10148),
(#10149,#10150,#10151,#10152),(#10153,#10154,#10155,#10156),(#10157,#10158,
#10159,#10160)),.UNSPECIFIED.,.F.,.F.,.F.,(4,4),(4,4),(0.,1.),(1.57079632679487,
2.04890113516326),.UNSPECIFIED.);
#101=B_SPLINE_SURFACE_WITH_KNOTS('',3,3,((#10192,#10193,#10194,#10195),
(#10196,#10197,#10198,#10199),(#10200,#10201,#10202,#10203),(#10204,#10205,
#10206,#10207)),.UNSPECIFIED.,.F.,.F.,.F.,(4,4),(4,4),(0.,1.),(-1.57079632679492,
-1.09269151842653),.UNSPECIFIED.);
#102=B_SPLINE_SURFACE_WITH_KNOTS('',3,3,((#10235,#10236,#10237,#10238),
(#10239,#10240,#10241,#10242),(#10243,#10244,#10245,#10246),(#10247,#10248,
#10249,#10250)),.UNSPECIFIED.,.F.,.F.,.F.,(4,4),(4,4),(0.,1.),(1.57079632679491,
2.04890113516329),.UNSPECIFIED.);
#103=B_SPLINE_SURFACE_WITH_KNOTS('',3,3,((#10269,#10270,#10271,#10272),
(#10273,#10274,#10275,#10276),(#10277,#10278,#10279,#10280),(#10281,#10282,
#10283,#10284)),.UNSPECIFIED.,.F.,.F.,.F.,(4,4),(4,4),(0.,1.),(-1.571673349259,
-1.09425186317286),.UNSPECIFIED.);
#104=B_SPLINE_SURFACE_WITH_KNOTS('',3,3,((#10285,#10286,#10287,#10288),
(#10289,#10290,#10291,#10292),(#10293,#10294,#10295,#10296),(#10297,#10298,
#10299,#10300)),.UNSPECIFIED.,.F.,.F.,.F.,(4,4),(4,4),(0.,1.),(-2.04734079041694,
-1.56991930433078),.UNSPECIFIED.);
#105=B_SPLINE_SURFACE_WITH_KNOTS('',3,3,((#10317,#10318,#10319,#10320),
(#10321,#10322,#10323,#10324),(#10325,#10326,#10327,#10328),(#10329,#10330,
#10331,#10332)),.UNSPECIFIED.,.F.,.F.,.F.,(4,4),(4,4),(0.,1.),(-1.57167334925898,
-1.09425186317283),.UNSPECIFIED.);
#106=B_SPLINE_SURFACE_WITH_KNOTS('',2,1,((#10803,#10804),(#10805,#10806),
(#10807,#10808),(#10809,#10810)),.UNSPECIFIED.,.F.,.F.,.F.,(3,1,3),(2,2),
(0.,1.,2.),(-0.07,0.),.UNSPECIFIED.);
#107=B_SPLINE_SURFACE_WITH_KNOTS('',2,1,((#10819,#10820),(#10821,#10822),
(#10823,#10824),(#10825,#10826)),.UNSPECIFIED.,.F.,.F.,.F.,(3,1,3),(2,2),
(0.,1.,2.),(-0.07,0.),.UNSPECIFIED.);
#108=B_SPLINE_SURFACE_WITH_KNOTS('',2,1,((#10833,#10834),(#10835,#10836),
(#10837,#10838),(#10839,#10840)),.UNSPECIFIED.,.F.,.F.,.F.,(3,1,3),(2,2),
(0.,1.,2.),(-0.07,0.),.UNSPECIFIED.);
#109=B_SPLINE_SURFACE_WITH_KNOTS('',2,1,((#10847,#10848),(#10849,#10850),
(#10851,#10852),(#10853,#10854)),.UNSPECIFIED.,.F.,.F.,.F.,(3,1,3),(2,2),
(0.,1.,2.),(-0.07,0.),.UNSPECIFIED.);
#110=B_SPLINE_SURFACE_WITH_KNOTS('',2,1,((#10869,#10870),(#10871,#10872),
(#10873,#10874),(#10875,#10876)),.UNSPECIFIED.,.F.,.F.,.F.,(3,1,3),(2,2),
(0.,1.,2.),(-0.07,0.),.UNSPECIFIED.);
#111=B_SPLINE_SURFACE_WITH_KNOTS('',2,1,((#10883,#10884),(#10885,#10886),
(#10887,#10888),(#10889,#10890)),.UNSPECIFIED.,.F.,.F.,.F.,(3,1,3),(2,2),
(0.,1.,2.),(-0.07,0.),.UNSPECIFIED.);
#112=B_SPLINE_SURFACE_WITH_KNOTS('',2,1,((#10897,#10898),(#10899,#10900),
(#10901,#10902),(#10903,#10904)),.UNSPECIFIED.,.F.,.F.,.F.,(3,1,3),(2,2),
(0.,1.,2.),(-0.07,0.),.UNSPECIFIED.);
#113=B_SPLINE_SURFACE_WITH_KNOTS('',2,1,((#10911,#10912),(#10913,#10914),
(#10915,#10916),(#10917,#10918)),.UNSPECIFIED.,.F.,.F.,.F.,(3,1,3),(2,2),
(0.,1.,2.),(-0.07,0.),.UNSPECIFIED.);
#114=B_SPLINE_SURFACE_WITH_KNOTS('',2,1,((#10925,#10926),(#10927,#10928),
(#10929,#10930),(#10931,#10932)),.UNSPECIFIED.,.F.,.F.,.F.,(3,1,3),(2,2),
(0.,1.,2.),(-0.07,0.),.UNSPECIFIED.);
#115=B_SPLINE_SURFACE_WITH_KNOTS('',2,1,((#10939,#10940),(#10941,#10942),
(#10943,#10944),(#10945,#10946)),.UNSPECIFIED.,.F.,.F.,.F.,(3,1,3),(2,2),
(0.,1.,2.),(-0.07,0.),.UNSPECIFIED.);
#116=B_SPLINE_SURFACE_WITH_KNOTS('',2,1,((#10953,#10954),(#10955,#10956),
(#10957,#10958),(#10959,#10960)),.UNSPECIFIED.,.F.,.F.,.F.,(3,1,3),(2,2),
(0.,1.,2.),(-0.07,0.),.UNSPECIFIED.);
#117=B_SPLINE_SURFACE_WITH_KNOTS('',2,1,((#10967,#10968),(#10969,#10970),
(#10971,#10972),(#10973,#10974)),.UNSPECIFIED.,.F.,.F.,.F.,(3,1,3),(2,2),
(0.,1.,2.),(-0.07,0.),.UNSPECIFIED.);
#118=B_SPLINE_SURFACE_WITH_KNOTS('',2,1,((#10989,#10990),(#10991,#10992),
(#10993,#10994),(#10995,#10996)),.UNSPECIFIED.,.F.,.F.,.F.,(3,1,3),(2,2),
(0.,1.,2.),(-0.07,0.),.UNSPECIFIED.);
#119=B_SPLINE_SURFACE_WITH_KNOTS('',2,1,((#11003,#11004),(#11005,#11006),
(#11007,#11008),(#11009,#11010)),.UNSPECIFIED.,.F.,.F.,.F.,(3,1,3),(2,2),
(0.,1.,2.),(-0.07,0.),.UNSPECIFIED.);
#120=B_SPLINE_SURFACE_WITH_KNOTS('',2,1,((#11025,#11026),(#11027,#11028),
(#11029,#11030),(#11031,#11032)),.UNSPECIFIED.,.F.,.F.,.F.,(3,1,3),(2,2),
(0.,1.,2.),(-0.07,0.),.UNSPECIFIED.);
#121=B_SPLINE_SURFACE_WITH_KNOTS('',2,1,((#11039,#11040),(#11041,#11042),
(#11043,#11044),(#11045,#11046)),.UNSPECIFIED.,.F.,.F.,.F.,(3,1,3),(2,2),
(0.,1.,2.),(-0.07,0.),.UNSPECIFIED.);
#122=B_SPLINE_SURFACE_WITH_KNOTS('',2,1,((#11053,#11054),(#11055,#11056),
(#11057,#11058),(#11059,#11060)),.UNSPECIFIED.,.F.,.F.,.F.,(3,1,3),(2,2),
(0.,1.,2.),(-0.07,0.),.UNSPECIFIED.);
#123=B_SPLINE_SURFACE_WITH_KNOTS('',2,1,((#11087,#11088),(#11089,#11090),
(#11091,#11092),(#11093,#11094)),.UNSPECIFIED.,.F.,.F.,.F.,(3,1,3),(2,2),
(0.,1.,2.),(-0.07,0.),.UNSPECIFIED.);
#124=B_SPLINE_SURFACE_WITH_KNOTS('',2,1,((#11101,#11102),(#11103,#11104),
(#11105,#11106),(#11107,#11108)),.UNSPECIFIED.,.F.,.F.,.F.,(3,1,3),(2,2),
(0.,1.,2.),(-0.07,0.),.UNSPECIFIED.);
#125=B_SPLINE_SURFACE_WITH_KNOTS('',2,1,((#11117,#11118),(#11119,#11120),
(#11121,#11122),(#11123,#11124)),.UNSPECIFIED.,.F.,.F.,.F.,(3,1,3),(2,2),
(0.,1.,2.),(-0.07,0.),.UNSPECIFIED.);
#126=B_SPLINE_SURFACE_WITH_KNOTS('',2,1,((#11133,#11134),(#11135,#11136),
(#11137,#11138),(#11139,#11140)),.UNSPECIFIED.,.F.,.F.,.F.,(3,1,3),(2,2),
(0.,1.,2.),(-0.07,0.),.UNSPECIFIED.);
#127=B_SPLINE_SURFACE_WITH_KNOTS('',2,1,((#11147,#11148),(#11149,#11150),
(#11151,#11152),(#11153,#11154)),.UNSPECIFIED.,.F.,.F.,.F.,(3,1,3),(2,2),
(0.,1.,2.),(-0.07,0.),.UNSPECIFIED.);
#128=B_SPLINE_SURFACE_WITH_KNOTS('',2,1,((#11169,#11170),(#11171,#11172),
(#11173,#11174),(#11175,#11176)),.UNSPECIFIED.,.F.,.F.,.F.,(3,1,3),(2,2),
(0.,1.,2.),(-0.07,0.),.UNSPECIFIED.);
#129=B_SPLINE_SURFACE_WITH_KNOTS('',2,1,((#11183,#11184),(#11185,#11186),
(#11187,#11188),(#11189,#11190)),.UNSPECIFIED.,.F.,.F.,.F.,(3,1,3),(2,2),
(0.,1.,2.),(-0.07,0.),.UNSPECIFIED.);
#130=B_SPLINE_SURFACE_WITH_KNOTS('',2,1,((#11197,#11198),(#11199,#11200),
(#11201,#11202),(#11203,#11204)),.UNSPECIFIED.,.F.,.F.,.F.,(3,1,3),(2,2),
(0.,1.,2.),(-0.07,0.),.UNSPECIFIED.);
#131=B_SPLINE_SURFACE_WITH_KNOTS('',2,1,((#11211,#11212),(#11213,#11214),
(#11215,#11216),(#11217,#11218)),.UNSPECIFIED.,.F.,.F.,.F.,(3,1,3),(2,2),
(0.,1.,2.),(-0.07,0.),.UNSPECIFIED.);
#132=B_SPLINE_SURFACE_WITH_KNOTS('',2,1,((#11233,#11234),(#11235,#11236),
(#11237,#11238),(#11239,#11240)),.UNSPECIFIED.,.F.,.F.,.F.,(3,1,3),(2,2),
(0.,1.,2.),(-0.07,0.),.UNSPECIFIED.);
#133=B_SPLINE_SURFACE_WITH_KNOTS('',2,1,((#11247,#11248),(#11249,#11250),
(#11251,#11252),(#11253,#11254)),.UNSPECIFIED.,.F.,.F.,.F.,(3,1,3),(2,2),
(0.,1.,2.),(-0.07,0.),.UNSPECIFIED.);
#134=B_SPLINE_SURFACE_WITH_KNOTS('',2,1,((#11259,#11260),(#11261,#11262),
(#11263,#11264),(#11265,#11266)),.UNSPECIFIED.,.F.,.F.,.F.,(3,1,3),(2,2),
(0.,1.,2.),(-0.07,0.),.UNSPECIFIED.);
#135=B_SPLINE_SURFACE_WITH_KNOTS('',2,1,((#11275,#11276),(#11277,#11278),
(#11279,#11280),(#11281,#11282)),.UNSPECIFIED.,.F.,.F.,.F.,(3,1,3),(2,2),
(0.,1.,2.),(-0.07,0.),.UNSPECIFIED.);
#136=B_SPLINE_SURFACE_WITH_KNOTS('',2,1,((#11309,#11310),(#11311,#11312),
(#11313,#11314),(#11315,#11316)),.UNSPECIFIED.,.F.,.F.,.F.,(3,1,3),(2,2),
(0.,1.,2.),(-0.07,0.),.UNSPECIFIED.);
#137=B_SPLINE_SURFACE_WITH_KNOTS('',2,1,((#11323,#11324),(#11325,#11326),
(#11327,#11328),(#11329,#11330)),.UNSPECIFIED.,.F.,.F.,.F.,(3,1,3),(2,2),
(0.,1.,2.),(-0.07,0.),.UNSPECIFIED.);
#138=B_SPLINE_SURFACE_WITH_KNOTS('',2,1,((#11335,#11336),(#11337,#11338),
(#11339,#11340),(#11341,#11342)),.UNSPECIFIED.,.F.,.F.,.F.,(3,1,3),(2,2),
(0.,1.,2.),(-0.07,0.),.UNSPECIFIED.);
#139=B_SPLINE_SURFACE_WITH_KNOTS('',2,1,((#11351,#11352),(#11353,#11354),
(#11355,#11356),(#11357,#11358)),.UNSPECIFIED.,.F.,.F.,.F.,(3,1,3),(2,2),
(0.,1.,2.),(-0.07,0.),.UNSPECIFIED.);
#140=B_SPLINE_SURFACE_WITH_KNOTS('',2,1,((#11365,#11366),(#11367,#11368),
(#11369,#11370),(#11371,#11372)),.UNSPECIFIED.,.F.,.F.,.F.,(3,1,3),(2,2),
(0.,1.,2.),(-0.07,0.),.UNSPECIFIED.);
#141=B_SPLINE_SURFACE_WITH_KNOTS('',2,1,((#11379,#11380),(#11381,#11382),
(#11383,#11384),(#11385,#11386)),.UNSPECIFIED.,.F.,.F.,.F.,(3,1,3),(2,2),
(0.,1.,2.),(-0.07,0.),.UNSPECIFIED.);
#142=B_SPLINE_SURFACE_WITH_KNOTS('',2,1,((#11391,#11392),(#11393,#11394),
(#11395,#11396),(#11397,#11398)),.UNSPECIFIED.,.F.,.F.,.F.,(3,1,3),(2,2),
(0.,1.,2.),(-0.07,0.),.UNSPECIFIED.);
#143=B_SPLINE_SURFACE_WITH_KNOTS('',2,1,((#11419,#11420),(#11421,#11422),
(#11423,#11424),(#11425,#11426)),.UNSPECIFIED.,.F.,.F.,.F.,(3,1,3),(2,2),
(0.,1.,2.),(-0.07,0.),.UNSPECIFIED.);
#144=B_SPLINE_SURFACE_WITH_KNOTS('',2,1,((#11433,#11434),(#11435,#11436),
(#11437,#11438),(#11439,#11440)),.UNSPECIFIED.,.F.,.F.,.F.,(3,1,3),(2,2),
(0.,1.,2.),(-0.07,0.),.UNSPECIFIED.);
#145=B_SPLINE_SURFACE_WITH_KNOTS('',2,1,((#11459,#11460),(#11461,#11462),
(#11463,#11464),(#11465,#11466)),.UNSPECIFIED.,.F.,.F.,.F.,(3,1,3),(2,2),
(0.,1.,2.),(-0.07,0.),.UNSPECIFIED.);
#146=B_SPLINE_SURFACE_WITH_KNOTS('',2,1,((#11481,#11482),(#11483,#11484),
(#11485,#11486),(#11487,#11488)),.UNSPECIFIED.,.F.,.F.,.F.,(3,1,3),(2,2),
(0.,1.,2.),(-0.07,0.),.UNSPECIFIED.);
#147=B_SPLINE_SURFACE_WITH_KNOTS('',2,1,((#11495,#11496),(#11497,#11498),
(#11499,#11500),(#11501,#11502)),.UNSPECIFIED.,.F.,.F.,.F.,(3,1,3),(2,2),
(0.,1.,2.),(-0.07,0.),.UNSPECIFIED.);
#148=B_SPLINE_SURFACE_WITH_KNOTS('',2,1,((#11509,#11510),(#11511,#11512),
(#11513,#11514),(#11515,#11516)),.UNSPECIFIED.,.F.,.F.,.F.,(3,1,3),(2,2),
(0.,1.,2.),(-0.07,0.),.UNSPECIFIED.);
#149=B_SPLINE_SURFACE_WITH_KNOTS('',2,1,((#11523,#11524),(#11525,#11526),
(#11527,#11528),(#11529,#11530)),.UNSPECIFIED.,.F.,.F.,.F.,(3,1,3),(2,2),
(0.,1.,2.),(-0.07,0.),.UNSPECIFIED.);
#150=B_SPLINE_SURFACE_WITH_KNOTS('',2,1,((#11537,#11538),(#11539,#11540),
(#11541,#11542),(#11543,#11544)),.UNSPECIFIED.,.F.,.F.,.F.,(3,1,3),(2,2),
(0.,1.,2.),(-0.07,0.),.UNSPECIFIED.);
#151=B_SPLINE_SURFACE_WITH_KNOTS('',2,1,((#11559,#11560),(#11561,#11562),
(#11563,#11564),(#11565,#11566)),.UNSPECIFIED.,.F.,.F.,.F.,(3,1,3),(2,2),
(0.,1.,2.),(-0.07,0.),.UNSPECIFIED.);
#152=B_SPLINE_SURFACE_WITH_KNOTS('',2,1,((#11573,#11574),(#11575,#11576),
(#11577,#11578),(#11579,#11580)),.UNSPECIFIED.,.F.,.F.,.F.,(3,1,3),(2,2),
(0.,1.,2.),(-0.07,0.),.UNSPECIFIED.);
#153=B_SPLINE_SURFACE_WITH_KNOTS('',2,1,((#11587,#11588),(#11589,#11590),
(#11591,#11592),(#11593,#11594)),.UNSPECIFIED.,.F.,.F.,.F.,(3,1,3),(2,2),
(0.,1.,2.),(-0.07,0.),.UNSPECIFIED.);
#154=B_SPLINE_SURFACE_WITH_KNOTS('',2,1,((#11601,#11602),(#11603,#11604),
(#11605,#11606),(#11607,#11608)),.UNSPECIFIED.,.F.,.F.,.F.,(3,1,3),(2,2),
(0.,1.,2.),(-0.07,0.),.UNSPECIFIED.);
#155=B_SPLINE_SURFACE_WITH_KNOTS('',2,1,((#11707,#11708),(#11709,#11710),
(#11711,#11712),(#11713,#11714)),.UNSPECIFIED.,.F.,.F.,.F.,(3,1,3),(2,2),
(0.,1.,2.),(-0.07,0.),.UNSPECIFIED.);
#156=B_SPLINE_SURFACE_WITH_KNOTS('',2,1,((#11727,#11728),(#11729,#11730),
(#11731,#11732),(#11733,#11734)),.UNSPECIFIED.,.F.,.F.,.F.,(3,1,3),(2,2),
(0.,1.,2.),(-0.07,0.),.UNSPECIFIED.);
#157=B_SPLINE_SURFACE_WITH_KNOTS('',2,1,((#11739,#11740),(#11741,#11742),
(#11743,#11744),(#11745,#11746)),.UNSPECIFIED.,.F.,.F.,.F.,(3,1,3),(2,2),
(0.,1.,2.),(-0.07,0.),.UNSPECIFIED.);
#158=B_SPLINE_SURFACE_WITH_KNOTS('',2,1,((#11755,#11756),(#11757,#11758),
(#11759,#11760),(#11761,#11762)),.UNSPECIFIED.,.F.,.F.,.F.,(3,1,3),(2,2),
(0.,1.,2.),(-0.07,0.),.UNSPECIFIED.);
#159=B_SPLINE_SURFACE_WITH_KNOTS('',2,1,((#11769,#11770),(#11771,#11772),
(#11773,#11774),(#11775,#11776)),.UNSPECIFIED.,.F.,.F.,.F.,(3,1,3),(2,2),
(0.,1.,2.),(-0.07,0.),.UNSPECIFIED.);
#160=B_SPLINE_SURFACE_WITH_KNOTS('',2,1,((#11787,#11788),(#11789,#11790),
(#11791,#11792),(#11793,#11794)),.UNSPECIFIED.,.F.,.F.,.F.,(3,1,3),(2,2),
(0.,1.,2.),(-0.07,0.),.UNSPECIFIED.);
#161=B_SPLINE_SURFACE_WITH_KNOTS('',2,1,((#11799,#11800),(#11801,#11802),
(#11803,#11804),(#11805,#11806)),.UNSPECIFIED.,.F.,.F.,.F.,(3,1,3),(2,2),
(0.,1.,2.),(-0.07,0.),.UNSPECIFIED.);
#162=B_SPLINE_SURFACE_WITH_KNOTS('',2,1,((#11815,#11816),(#11817,#11818),
(#11819,#11820),(#11821,#11822)),.UNSPECIFIED.,.F.,.F.,.F.,(3,1,3),(2,2),
(0.,1.,2.),(-0.07,0.),.UNSPECIFIED.);
#163=B_SPLINE_SURFACE_WITH_KNOTS('',2,1,((#11829,#11830),(#11831,#11832),
(#11833,#11834),(#11835,#11836)),.UNSPECIFIED.,.F.,.F.,.F.,(3,1,3),(2,2),
(0.,1.,2.),(-0.07,0.),.UNSPECIFIED.);
#164=B_SPLINE_SURFACE_WITH_KNOTS('',2,1,((#11843,#11844),(#11845,#11846),
(#11847,#11848),(#11849,#11850)),.UNSPECIFIED.,.F.,.F.,.F.,(3,1,3),(2,2),
(0.,1.,2.),(-0.07,0.),.UNSPECIFIED.);
#165=B_SPLINE_SURFACE_WITH_KNOTS('',2,1,((#11857,#11858),(#11859,#11860),
(#11861,#11862),(#11863,#11864)),.UNSPECIFIED.,.F.,.F.,.F.,(3,1,3),(2,2),
(0.,1.,2.),(-0.07,0.),.UNSPECIFIED.);
#166=B_SPLINE_SURFACE_WITH_KNOTS('',2,1,((#11871,#11872),(#11873,#11874),
(#11875,#11876),(#11877,#11878)),.UNSPECIFIED.,.F.,.F.,.F.,(3,1,3),(2,2),
(0.,1.,2.),(-0.07,0.),.UNSPECIFIED.);
#167=B_SPLINE_SURFACE_WITH_KNOTS('',2,1,((#11885,#11886),(#11887,#11888),
(#11889,#11890),(#11891,#11892)),.UNSPECIFIED.,.F.,.F.,.F.,(3,1,3),(2,2),
(0.,1.,2.),(-0.07,0.),.UNSPECIFIED.);
#168=B_SPLINE_SURFACE_WITH_KNOTS('',2,1,((#11899,#11900),(#11901,#11902),
(#11903,#11904),(#11905,#11906)),.UNSPECIFIED.,.F.,.F.,.F.,(3,1,3),(2,2),
(0.,1.,2.),(-0.07,0.),.UNSPECIFIED.);
#169=CYLINDRICAL_SURFACE('',#6447,1.625);
#170=CYLINDRICAL_SURFACE('',#6464,11.1);
#171=CYLINDRICAL_SURFACE('',#6495,11.1);
#172=CYLINDRICAL_SURFACE('',#6510,1.625);
#173=CYLINDRICAL_SURFACE('',#6514,1.625);
#174=CYLINDRICAL_SURFACE('',#6532,11.1);
#175=CYLINDRICAL_SURFACE('',#6551,11.1);
#176=CYLINDRICAL_SURFACE('',#6582,12.8);
#177=CYLINDRICAL_SURFACE('',#6615,0.4);
#178=CYLINDRICAL_SURFACE('',#6618,0.4);
#179=CYLINDRICAL_SURFACE('',#6632,0.4);
#180=CYLINDRICAL_SURFACE('',#6635,0.4);
#181=CYLINDRICAL_SURFACE('',#6665,12.4);
#182=CYLINDRICAL_SURFACE('',#6672,13.2);
#183=CYLINDRICAL_SURFACE('',#6680,12.4);
#184=CYLINDRICAL_SURFACE('',#6687,13.2);
#185=CYLINDRICAL_SURFACE('',#6704,0.4);
#186=CYLINDRICAL_SURFACE('',#6719,12.4);
#187=CYLINDRICAL_SURFACE('',#6727,13.2);
#188=CYLINDRICAL_SURFACE('',#6736,12.4);
#189=CYLINDRICAL_SURFACE('',#6744,13.2);
#190=CYLINDRICAL_SURFACE('',#6749,0.4);
#191=CYLINDRICAL_SURFACE('',#6768,3.5);
#192=CYLINDRICAL_SURFACE('',#6771,0.4);
#193=CYLINDRICAL_SURFACE('',#6774,0.4);
#194=CYLINDRICAL_SURFACE('',#6777,0.4);
#195=CYLINDRICAL_SURFACE('',#6780,0.4);
#196=FACE_BOUND('',#993,.T.);
#197=FACE_BOUND('',#1004,.T.);
#198=FACE_BOUND('',#1005,.T.);
#199=FACE_BOUND('',#1201,.T.);
#200=FACE_BOUND('',#1202,.T.);
#201=FACE_BOUND('',#1203,.T.);
#202=FACE_BOUND('',#1204,.T.);
#203=FACE_BOUND('',#1205,.T.);
#204=FACE_BOUND('',#1206,.T.);
#205=FACE_BOUND('',#1207,.T.);
#206=FACE_BOUND('',#1212,.T.);
#207=FACE_BOUND('',#1330,.T.);
#208=FACE_BOUND('',#1332,.T.);
#209=FACE_BOUND('',#1334,.T.);
#210=B_SPLINE_CURVE_WITH_KNOTS('',3,(#8311,#8312,#8313,#8314),
 .UNSPECIFIED.,.F.,.F.,(4,4),(-0.00949747468305856,-0.00242640687119316),
 .UNSPECIFIED.);
#211=B_SPLINE_CURVE_WITH_KNOTS('',3,(#8350,#8351,#8352,#8353),
 .UNSPECIFIED.,.F.,.F.,(4,4),(-0.00596194077712447,-0.00242640687119213),
 .UNSPECIFIED.);
#212=B_SPLINE_CURVE_WITH_KNOTS('',3,(#8355,#8356,#8357,#8358),
 .UNSPECIFIED.,.F.,.F.,(4,4),(0.00242640687119316,0.00596194077712709),
 .UNSPECIFIED.);
#213=B_SPLINE_CURVE_WITH_KNOTS('',3,(#8382,#8383,#8384,#8385),
 .UNSPECIFIED.,.F.,.F.,(4,4),(-0.0136370174966473,0.0146518448844233),
 .UNSPECIFIED.);
#214=B_SPLINE_CURVE_WITH_KNOTS('',3,(#8387,#8388,#8389,#8390,#8391,#8392,
#8393),.UNSPECIFIED.,.F.,.F.,(4,3,4),(-3.46944695195361E-18,0.0343991991572734,
0.0466190887069847),.UNSPECIFIED.);
#215=B_SPLINE_CURVE_WITH_KNOTS('',3,(#8394,#8395,#8396,#8397),
 .UNSPECIFIED.,.F.,.F.,(4,4),(0.0730204641008513,0.109615363644515),
 .UNSPECIFIED.);
#216=B_SPLINE_CURVE_WITH_KNOTS('',3,(#8398,#8399,#8400,#8401,#8402,#8403),
 .UNSPECIFIED.,.F.,.F.,(4,2,4),(0.,0.0295588862452458,0.0591443032154032),
 .UNSPECIFIED.);
#217=B_SPLINE_CURVE_WITH_KNOTS('',3,(#8416,#8417,#8418,#8419,#8420,#8421,
#8422),.UNSPECIFIED.,.F.,.F.,(4,3,4),(-0.0296920886535586,-0.0148392783361261,
0.),.UNSPECIFIED.);
#218=B_SPLINE_CURVE_WITH_KNOTS('',3,(#8463,#8464,#8465,#8466,#8467,#8468),
 .UNSPECIFIED.,.F.,.F.,(4,2,4),(-0.0591442970381231,-0.0295669894794082,
0.),.UNSPECIFIED.);
#219=B_SPLINE_CURVE_WITH_KNOTS('',3,(#8489,#8490,#8491,#8492),
 .UNSPECIFIED.,.F.,.F.,(4,4),(0.00242640687119416,0.00949747468305947),
 .UNSPECIFIED.);
#220=B_SPLINE_CURVE_WITH_KNOTS('',3,(#8494,#8495,#8496,#8497),
 .UNSPECIFIED.,.F.,.F.,(4,4),(0.,0.0365768147956309),.UNSPECIFIED.);
#221=B_SPLINE_CURVE_WITH_KNOTS('',3,(#8499,#8500,#8501,#8502,#8503,#8504,
#8505),.UNSPECIFIED.,.F.,.F.,(4,3,4),(0.0226643379957133,0.0347564974812923,
0.0692834905112674),.UNSPECIFIED.);
#222=B_SPLINE_CURVE_WITH_KNOTS('',3,(#8506,#8507,#8508,#8509),
 .UNSPECIFIED.,.F.,.F.,(4,4),(-0.0146518448844235,0.013637017496647),
 .UNSPECIFIED.);
#223=B_SPLINE_CURVE_WITH_KNOTS('',3,(#8512,#8513,#8514,#8515),
 .UNSPECIFIED.,.F.,.F.,(4,4),(-1.56991930304072,-1.09269151842651),
 .UNSPECIFIED.);
#224=B_SPLINE_CURVE_WITH_KNOTS('',3,(#8519,#8520,#8521,#8522),
 .UNSPECIFIED.,.F.,.F.,(4,4),(-2.04890113516327,-1.57167335054907),
 .UNSPECIFIED.);
#225=B_SPLINE_CURVE_WITH_KNOTS('',3,(#8526,#8527,#8528,#8529),
 .UNSPECIFIED.,.F.,.F.,(4,4),(-1.56991930304075,-1.09269151842651),
 .UNSPECIFIED.);
#226=B_SPLINE_CURVE_WITH_KNOTS('',3,(#8533,#8534,#8535,#8536),
 .UNSPECIFIED.,.F.,.F.,(4,4),(-2.04890113516329,-1.57167335054906),
 .UNSPECIFIED.);
#227=B_SPLINE_CURVE_WITH_KNOTS('',3,(#8543,#8544,#8545,#8546),
 .UNSPECIFIED.,.F.,.F.,(4,4),(1.56991930433083,2.04734079041696),
 .UNSPECIFIED.);
#228=B_SPLINE_CURVE_WITH_KNOTS('',3,(#8550,#8551,#8552,#8553),
 .UNSPECIFIED.,.F.,.F.,(4,4),(1.09425186317287,1.57167334925899),
 .UNSPECIFIED.);
#229=B_SPLINE_CURVE_WITH_KNOTS('',3,(#8557,#8558,#8559,#8560),
 .UNSPECIFIED.,.F.,.F.,(4,4),(1.56991930433081,2.04734079041694),
 .UNSPECIFIED.);
#230=B_SPLINE_CURVE_WITH_KNOTS('',3,(#8564,#8565,#8566,#8567),
 .UNSPECIFIED.,.F.,.F.,(4,4),(1.09425186317284,1.57167334925896),
 .UNSPECIFIED.);
#231=B_SPLINE_CURVE_WITH_KNOTS('',3,(#8623,#8624,#8625,#8626),
 .UNSPECIFIED.,.F.,.F.,(4,4),(-0.00949747468305836,-0.00242640687119281),
 .UNSPECIFIED.);
#232=B_SPLINE_CURVE_WITH_KNOTS('',3,(#8692,#8693,#8694,#8695),
 .UNSPECIFIED.,.F.,.F.,(4,4),(-0.0136370174966466,0.0146518448844226),
 .UNSPECIFIED.);
#233=B_SPLINE_CURVE_WITH_KNOTS('',3,(#8697,#8698,#8699,#8700),
 .UNSPECIFIED.,.F.,.F.,(4,4),(0.,0.0276304120797192),.UNSPECIFIED.);
#234=B_SPLINE_CURVE_WITH_KNOTS('',3,(#8701,#8702,#8703,#8704,#8705,#8706),
 .UNSPECIFIED.,.F.,.F.,(4,2,4),(0.0271560268856023,0.0349083168722385,0.0690181493183328),
 .UNSPECIFIED.);
#235=B_SPLINE_CURVE_WITH_KNOTS('',3,(#8707,#8708,#8709,#8710,#8711,#8712),
 .UNSPECIFIED.,.F.,.F.,(4,2,4),(0.,0.0295680071523347,0.0591443032188805),
 .UNSPECIFIED.);
#236=B_SPLINE_CURVE_WITH_KNOTS('',3,(#8744,#8745,#8746,#8747),
 .UNSPECIFIED.,.F.,.F.,(4,4),(0.0416517840417482,0.0692834905112857),
 .UNSPECIFIED.);
#237=B_SPLINE_CURVE_WITH_KNOTS('',3,(#8749,#8750,#8751,#8752),
 .UNSPECIFIED.,.F.,.F.,(4,4),(-0.0146518448844229,0.0136370174966473),
 .UNSPECIFIED.);
#238=B_SPLINE_CURVE_WITH_KNOTS('',3,(#8753,#8754,#8755,#8756,#8757,#8758),
 .UNSPECIFIED.,.F.,.F.,(4,2,4),(0.,0.0295669909777161,0.0591442970695666),
 .UNSPECIFIED.);
#239=B_SPLINE_CURVE_WITH_KNOTS('',3,(#8765,#8766,#8767,#8768),
 .UNSPECIFIED.,.F.,.F.,(4,4),(0.,5.5746070270441E-6),.UNSPECIFIED.);
#240=B_SPLINE_CURVE_WITH_KNOTS('',3,(#8807,#8808,#8809,#8810,#8811,#8812),
 .UNSPECIFIED.,.F.,.F.,(4,2,4),(-0.059144300439158,-0.0280445315108808,
-0.00865927967207911),.UNSPECIFIED.);
#241=B_SPLINE_CURVE_WITH_KNOTS('',3,(#8814,#8815,#8816,#8817,#8818,#8819),
 .UNSPECIFIED.,.F.,.F.,(4,2,4),(-0.0507290797526667,-0.0297128732581052,
0.),.UNSPECIFIED.);
#242=B_SPLINE_CURVE_WITH_KNOTS('',3,(#8837,#8838,#8839,#8840),
 .UNSPECIFIED.,.F.,.F.,(4,4),(-0.0136370174966473,0.0146518448844231),
 .UNSPECIFIED.);
#243=B_SPLINE_CURVE_WITH_KNOTS('',3,(#8871,#8872,#8873,#8874),
 .UNSPECIFIED.,.F.,.F.,(4,4),(-0.042290930222986,-0.0056928084081852),
 .UNSPECIFIED.);
#244=B_SPLINE_CURVE_WITH_KNOTS('',3,(#8912,#8913,#8914,#8915),
 .UNSPECIFIED.,.F.,.F.,(4,4),(0.,0.0466163046535492),.UNSPECIFIED.);
#245=B_SPLINE_CURVE_WITH_KNOTS('',3,(#8919,#8920,#8921,#8922),
 .UNSPECIFIED.,.F.,.F.,(4,4),(-1.56991930304072,-1.0926915184265),
 .UNSPECIFIED.);
#246=B_SPLINE_CURVE_WITH_KNOTS('',3,(#8926,#8927,#8928,#8929),
 .UNSPECIFIED.,.F.,.F.,(4,4),(-2.04890113516326,-1.57167335054904),
 .UNSPECIFIED.);
#247=B_SPLINE_CURVE_WITH_KNOTS('',3,(#8933,#8934,#8935,#8936),
 .UNSPECIFIED.,.F.,.F.,(4,4),(-1.56991930304075,-1.09269151842653),
 .UNSPECIFIED.);
#248=B_SPLINE_CURVE_WITH_KNOTS('',3,(#8940,#8941,#8942,#8943),
 .UNSPECIFIED.,.F.,.F.,(4,4),(-2.04890113516329,-1.57167335054908),
 .UNSPECIFIED.);
#249=B_SPLINE_CURVE_WITH_KNOTS('',3,(#8947,#8948,#8949,#8950),
 .UNSPECIFIED.,.F.,.F.,(4,4),(0.0692779159240415,0.0692834905393443),
 .UNSPECIFIED.);
#250=B_SPLINE_CURVE_WITH_KNOTS('',3,(#8956,#8957,#8958,#8959),
 .UNSPECIFIED.,.F.,.F.,(4,4),(1.56991930433082,2.04734079041696),
 .UNSPECIFIED.);
#251=B_SPLINE_CURVE_WITH_KNOTS('',3,(#8963,#8964,#8965,#8966),
 .UNSPECIFIED.,.F.,.F.,(4,4),(1.09425186317286,1.571673349259),
 .UNSPECIFIED.);
#252=B_SPLINE_CURVE_WITH_KNOTS('',3,(#8970,#8971,#8972,#8973),
 .UNSPECIFIED.,.F.,.F.,(4,4),(1.56991930433078,2.04734079041694),
 .UNSPECIFIED.);
#253=B_SPLINE_CURVE_WITH_KNOTS('',3,(#8977,#8978,#8979,#8980),
 .UNSPECIFIED.,.F.,.F.,(4,4),(1.09425186317283,1.57167334925898),
 .UNSPECIFIED.);
#254=B_SPLINE_CURVE_WITH_KNOTS('',3,(#8999,#9000,#9001,#9002,#9003,#9004),
 .UNSPECIFIED.,.F.,.F.,(4,2,4),(0.,0.0295686001930102,0.0591443032211819),
 .UNSPECIFIED.);
#255=B_SPLINE_CURVE_WITH_KNOTS('',3,(#9005,#9006,#9007,#9008),
 .UNSPECIFIED.,.F.,.F.,(4,4),(-0.0136370174966484,0.0146518448844234),
 .UNSPECIFIED.);
#256=B_SPLINE_CURVE_WITH_KNOTS('',3,(#9013,#9014,#9015,#9016,#9017,#9018),
 .UNSPECIFIED.,.F.,.F.,(4,2,4),(-0.0504850203197411,-0.0280421045956844,
0.),.UNSPECIFIED.);
#257=B_SPLINE_CURVE_WITH_KNOTS('',3,(#9043,#9044,#9045,#9046,#9047,#9048),
 .UNSPECIFIED.,.F.,.F.,(4,2,4),(0.00870136351957571,0.0297123598394748,
0.0594304372306768),.UNSPECIFIED.);
#258=B_SPLINE_CURVE_WITH_KNOTS('',3,(#9050,#9051,#9052,#9053),
 .UNSPECIFIED.,.F.,.F.,(4,4),(0.0692779159070893,0.0692834905223912),
 .UNSPECIFIED.);
#259=B_SPLINE_CURVE_WITH_KNOTS('',3,(#9054,#9055,#9056,#9057),
 .UNSPECIFIED.,.F.,.F.,(4,4),(-0.0146518448844204,0.0136370174966444),
 .UNSPECIFIED.);
#260=B_SPLINE_CURVE_WITH_KNOTS('',3,(#9062,#9063,#9064,#9065,#9066,#9067),
 .UNSPECIFIED.,.F.,.F.,(4,2,4),(0.,0.0297138827179871,0.0507290797162312),
 .UNSPECIFIED.);
#261=B_SPLINE_CURVE_WITH_KNOTS('',3,(#9077,#9078,#9079,#9080,#9081,#9082),
 .UNSPECIFIED.,.F.,.F.,(4,2,4),(-0.0591443004759013,-0.028044531520528,
-0.00865927967220725),.UNSPECIFIED.);
#262=B_SPLINE_CURVE_WITH_KNOTS('',3,(#9094,#9095,#9096,#9097,#9098,#9099),
 .UNSPECIFIED.,.F.,.F.,(4,2,4),(-0.0504850204271727,-0.0280421046530538,
0.),.UNSPECIFIED.);
#263=B_SPLINE_CURVE_WITH_KNOTS('',3,(#9123,#9124,#9125,#9126,#9127,#9128),
 .UNSPECIFIED.,.F.,.F.,(4,2,4),(0.00870136351417411,0.0297131727062858,
0.0594304371018432),.UNSPECIFIED.);
#264=B_SPLINE_CURVE_WITH_KNOTS('',3,(#9129,#9130,#9131,#9132),
 .UNSPECIFIED.,.F.,.F.,(4,4),(-0.0146518448844234,0.0136370174966472),
 .UNSPECIFIED.);
#265=B_SPLINE_CURVE_WITH_KNOTS('',3,(#9156,#9157,#9158,#9159),
 .UNSPECIFIED.,.F.,.F.,(4,4),(-0.0136370174966473,0.0146518448844233),
 .UNSPECIFIED.);
#266=B_SPLINE_CURVE_WITH_KNOTS('',3,(#9160,#9161,#9162,#9163),
 .UNSPECIFIED.,.F.,.F.,(4,4),(-4.2351647362715E-22,5.57460702664655E-6),
 .UNSPECIFIED.);
#267=B_SPLINE_CURVE_WITH_KNOTS('',3,(#9168,#9169,#9170,#9171),
 .UNSPECIFIED.,.F.,.F.,(4,4),(0.0692779159167197,0.0692834905320217),
 .UNSPECIFIED.);
#268=B_SPLINE_CURVE_WITH_KNOTS('',3,(#9182,#9183,#9184,#9185),
 .UNSPECIFIED.,.F.,.F.,(4,4),(-0.0146518448844234,0.0136370174966471),
 .UNSPECIFIED.);
#269=B_SPLINE_CURVE_WITH_KNOTS('',3,(#9228,#9229,#9230,#9231,#9232,#9233,
#9234),.UNSPECIFIED.,.F.,.F.,(4,3,4),(0.,0.014850824612586,0.0296920672572092),
 .UNSPECIFIED.);
#270=B_SPLINE_CURVE_WITH_KNOTS('',3,(#9253,#9254,#9255,#9256,#9257,#9258),
 .UNSPECIFIED.,.F.,.F.,(4,2,4),(-0.0504850203389085,-0.0280421045995947,
0.),.UNSPECIFIED.);
#271=B_SPLINE_CURVE_WITH_KNOTS('',3,(#9265,#9266,#9267,#9268,#9269,#9270,
#9271),.UNSPECIFIED.,.F.,.F.,(4,3,4),(0.,0.0148391522390205,0.0296920886626182),
 .UNSPECIFIED.);
#272=B_SPLINE_CURVE_WITH_KNOTS('',3,(#9302,#9303,#9304,#9305,#9306,#9307),
 .UNSPECIFIED.,.F.,.F.,(4,2,4),(0.008701363513905,0.0297128295999153,0.0594304371065004),
 .UNSPECIFIED.);
#273=B_SPLINE_CURVE_WITH_KNOTS('',3,(#9430,#9431,#9432,#9433,#9434,#9435,
#9436),.UNSPECIFIED.,.F.,.F.,(4,3,4),(-0.0304377749994419,-0.0152052475812497,
0.),.UNSPECIFIED.);
#274=B_SPLINE_CURVE_WITH_KNOTS('',3,(#9529,#9530,#9531,#9532,#9533,#9534,
#9535),.UNSPECIFIED.,.F.,.F.,(4,3,4),(-0.0304372669805182,-0.015230746073297,
0.),.UNSPECIFIED.);
#275=B_SPLINE_CURVE_WITH_KNOTS('',3,(#9578,#9579,#9580,#9581,#9582,#9583,
#9584),.UNSPECIFIED.,.F.,.F.,(4,3,4),(0.,0.0148509574233787,0.0296920672387199),
 .UNSPECIFIED.);
#276=B_SPLINE_CURVE_WITH_KNOTS('',3,(#9589,#9590,#9591,#9592),
 .UNSPECIFIED.,.F.,.F.,(4,4),(1.5707963267949,2.03906508820118),
 .UNSPECIFIED.);
#277=B_SPLINE_CURVE_WITH_KNOTS('',3,(#9596,#9597,#9598,#9599),
 .UNSPECIFIED.,.F.,.F.,(4,4),(-2.03926169765196,-2.03906524573497),
 .UNSPECIFIED.);
#278=B_SPLINE_CURVE_WITH_KNOTS('',3,(#9619,#9620,#9621,#9622),
 .UNSPECIFIED.,.F.,.F.,(4,4),(1.10252756538863,1.57079632679491),
 .UNSPECIFIED.);
#279=B_SPLINE_CURVE_WITH_KNOTS('',3,(#9624,#9625,#9626,#9627),
 .UNSPECIFIED.,.F.,.F.,(4,4),(1.10233095593785,1.10252740785483),
 .UNSPECIFIED.);
#280=B_SPLINE_CURVE_WITH_KNOTS('',3,(#9632,#9633,#9634,#9635,#9636,#9637,
#9638),.UNSPECIFIED.,.F.,.F.,(4,3,4),(0.,0.0148510278162126,0.0296920672302472),
 .UNSPECIFIED.);
#281=B_SPLINE_CURVE_WITH_KNOTS('',3,(#9640,#9641,#9642,#9643,#9644,#9645,
#9646),.UNSPECIFIED.,.F.,.F.,(4,3,4),(-0.0296920886586193,-0.0148393451818125,
0.),.UNSPECIFIED.);
#282=B_SPLINE_CURVE_WITH_KNOTS('',3,(#9650,#9651,#9652,#9653),
 .UNSPECIFIED.,.F.,.F.,(4,4),(1.57079632679489,2.03906508820117),
 .UNSPECIFIED.);
#283=B_SPLINE_CURVE_WITH_KNOTS('',3,(#9657,#9658,#9659,#9660),
 .UNSPECIFIED.,.F.,.F.,(4,4),(-2.03926169765195,-2.03906524573497),
 .UNSPECIFIED.);
#284=B_SPLINE_CURVE_WITH_KNOTS('',3,(#9680,#9681,#9682,#9683),
 .UNSPECIFIED.,.F.,.F.,(4,4),(1.10252756538862,1.57079632679489),
 .UNSPECIFIED.);
#285=B_SPLINE_CURVE_WITH_KNOTS('',3,(#9684,#9685,#9686,#9687),
 .UNSPECIFIED.,.F.,.F.,(4,4),(1.10233095593784,1.10252740785482),
 .UNSPECIFIED.);
#286=B_SPLINE_CURVE_WITH_KNOTS('',3,(#9705,#9706,#9707,#9708,#9709,#9710,
#9711),.UNSPECIFIED.,.F.,.F.,(4,3,4),(-0.028300637702838,-0.0141508364037593,
0.),.UNSPECIFIED.);
#287=B_SPLINE_CURVE_WITH_KNOTS('',3,(#9715,#9716,#9717,#9718,#9719,#9720,
#9721),.UNSPECIFIED.,.F.,.F.,(4,3,4),(-0.0304372669414254,-0.0152308400633758,
0.),.UNSPECIFIED.);
#288=B_SPLINE_CURVE_WITH_KNOTS('',3,(#9739,#9740,#9741,#9742),
 .UNSPECIFIED.,.F.,.F.,(4,4),(-2.03886900042015,-1.57079632815848),
 .UNSPECIFIED.);
#289=B_SPLINE_CURVE_WITH_KNOTS('',3,(#9743,#9744,#9745,#9746,#9747,#9748,
#9749),.UNSPECIFIED.,.F.,.F.,(4,3,4),(-0.0283010457146649,-0.0141500732440243,
0.),.UNSPECIFIED.);
#290=B_SPLINE_CURVE_WITH_KNOTS('',3,(#9753,#9754,#9755,#9756,#9757,#9758,
#9759),.UNSPECIFIED.,.F.,.F.,(4,3,4),(-0.0283003339839269,-0.0141506028808185,
0.),.UNSPECIFIED.);
#291=B_SPLINE_CURVE_WITH_KNOTS('',3,(#9777,#9778,#9779,#9780),
 .UNSPECIFIED.,.F.,.F.,(4,4),(-1.57079632543135,-1.10272365316968),
 .UNSPECIFIED.);
#292=B_SPLINE_CURVE_WITH_KNOTS('',3,(#9781,#9782,#9783,#9784,#9785,#9786,
#9787),.UNSPECIFIED.,.F.,.F.,(4,3,4),(0.,0.0152053040915939,0.0304377750056157),
 .UNSPECIFIED.);
#293=B_SPLINE_CURVE_WITH_KNOTS('',3,(#9792,#9793,#9794,#9795,#9796,#9797,
#9798),.UNSPECIFIED.,.F.,.F.,(4,3,4),(-0.0304372669526802,-0.0152309006690226,
0.),.UNSPECIFIED.);
#294=B_SPLINE_CURVE_WITH_KNOTS('',3,(#9816,#9817,#9818,#9819),
 .UNSPECIFIED.,.F.,.F.,(4,4),(-2.03886900042012,-1.57079632815846),
 .UNSPECIFIED.);
#295=B_SPLINE_CURVE_WITH_KNOTS('',3,(#9820,#9821,#9822,#9823,#9824,#9825,
#9826),.UNSPECIFIED.,.F.,.F.,(4,3,4),(-0.0283010454451113,-0.014150073761622,
0.),.UNSPECIFIED.);
#296=B_SPLINE_CURVE_WITH_KNOTS('',3,(#9830,#9831,#9832,#9833,#9834,#9835,
#9836),.UNSPECIFIED.,.F.,.F.,(4,3,4),(-0.0283003338976511,-0.0141506022997868,
0.),.UNSPECIFIED.);
#297=B_SPLINE_CURVE_WITH_KNOTS('',3,(#9853,#9854,#9855,#9856),
 .UNSPECIFIED.,.F.,.F.,(4,4),(-1.57079632543131,-1.10272365316965),
 .UNSPECIFIED.);
#298=B_SPLINE_CURVE_WITH_KNOTS('',3,(#9859,#9860,#9861,#9862,#9863,#9864,
#9865),.UNSPECIFIED.,.F.,.F.,(4,3,4),(0.,0.0141502099716065,0.0283014823996846),
 .UNSPECIFIED.);
#299=B_SPLINE_CURVE_WITH_KNOTS('',3,(#9898,#9899,#9900,#9901,#9902,#9903,
#9904),.UNSPECIFIED.,.F.,.F.,(4,3,4),(-0.0283006378691403,-0.01415083695427,
0.),.UNSPECIFIED.);
#300=B_SPLINE_CURVE_WITH_KNOTS('',3,(#9907,#9908,#9909,#9910,#9911,#9912,
#9913),.UNSPECIFIED.,.F.,.F.,(4,3,4),(0.,0.014150209354592,0.0283014820948088),
 .UNSPECIFIED.);
#301=B_SPLINE_CURVE_WITH_KNOTS('',3,(#9962,#9963,#9964,#9965,#9966,#9967,
#9968),.UNSPECIFIED.,.F.,.F.,(4,3,4),(-0.0304377749810075,-0.0152051599168624,
0.),.UNSPECIFIED.);
#302=B_SPLINE_CURVE_WITH_KNOTS('',3,(#9972,#9973,#9974,#9975),
 .UNSPECIFIED.,.F.,.F.,(4,4),(-1.57079632543132,-1.10272365316965),
 .UNSPECIFIED.);
#303=B_SPLINE_CURVE_WITH_KNOTS('',3,(#10009,#10010,#10011,#10012),
 .UNSPECIFIED.,.F.,.F.,(4,4),(-2.0388690004201,-1.57079632815844),
 .UNSPECIFIED.);
#304=B_SPLINE_CURVE_WITH_KNOTS('',3,(#10014,#10015,#10016,#10017,#10018,
#10019,#10020),.UNSPECIFIED.,.F.,.F.,(4,3,4),(-0.03043726691832,-0.0152307438333639,
0.),.UNSPECIFIED.);
#305=B_SPLINE_CURVE_WITH_KNOTS('',3,(#10022,#10023,#10024,#10025,#10026,
#10027,#10028),.UNSPECIFIED.,.F.,.F.,(4,3,4),(-0.0304377750310209,-0.0152051578578495,
0.),.UNSPECIFIED.);
#306=B_SPLINE_CURVE_WITH_KNOTS('',3,(#10032,#10033,#10034,#10035),
 .UNSPECIFIED.,.F.,.F.,(4,4),(-1.57079632543136,-1.1027236531697),
 .UNSPECIFIED.);
#307=B_SPLINE_CURVE_WITH_KNOTS('',3,(#10067,#10068,#10069,#10070),
 .UNSPECIFIED.,.F.,.F.,(4,4),(-2.03886900042015,-1.57079632815847),
 .UNSPECIFIED.);
#308=B_SPLINE_CURVE_WITH_KNOTS('',3,(#10095,#10096,#10097,#10098,#10099,
#10100,#10101),.UNSPECIFIED.,.F.,.F.,(4,3,4),(-0.0283010457434227,-0.0141500723589145,
0.),.UNSPECIFIED.);
#309=B_SPLINE_CURVE_WITH_KNOTS('',3,(#10120,#10121,#10122,#10123),
 .UNSPECIFIED.,.F.,.F.,(4,4),(1.1025275653886,1.57079632679488),
 .UNSPECIFIED.);
#310=B_SPLINE_CURVE_WITH_KNOTS('',3,(#10124,#10125,#10126,#10127,#10128,
#10129,#10130),.UNSPECIFIED.,.F.,.F.,(4,3,4),(-0.0283006379650251,-0.0141508354664627,
0.),.UNSPECIFIED.);
#311=B_SPLINE_CURVE_WITH_KNOTS('',3,(#10131,#10132,#10133,#10134),
 .UNSPECIFIED.,.F.,.F.,(4,4),(-1.10252740785481,-1.10233095593782),
 .UNSPECIFIED.);
#312=B_SPLINE_CURVE_WITH_KNOTS('',3,(#10138,#10139,#10140,#10141,#10142,
#10143,#10144),.UNSPECIFIED.,.F.,.F.,(4,3,4),(-0.0283014821381361,-0.0141502083513802,
0.),.UNSPECIFIED.);
#313=B_SPLINE_CURVE_WITH_KNOTS('',3,(#10162,#10163,#10164,#10165),
 .UNSPECIFIED.,.F.,.F.,(4,4),(1.57079632679487,2.03906508820115),
 .UNSPECIFIED.);
#314=B_SPLINE_CURVE_WITH_KNOTS('',3,(#10167,#10168,#10169,#10170),
 .UNSPECIFIED.,.F.,.F.,(4,4),(-2.03926169765193,-2.03906524573495),
 .UNSPECIFIED.);
#315=B_SPLINE_CURVE_WITH_KNOTS('',3,(#10171,#10172,#10173,#10174,#10175,
#10176,#10177),.UNSPECIFIED.,.F.,.F.,(4,3,4),(0.,0.0148508247037642,0.0296920672798418),
 .UNSPECIFIED.);
#316=B_SPLINE_CURVE_WITH_KNOTS('',3,(#10184,#10185,#10186,#10187,#10188,
#10189,#10190),.UNSPECIFIED.,.F.,.F.,(4,3,4),(0.,0.0148391523254859,0.0296920886454099),
 .UNSPECIFIED.);
#317=B_SPLINE_CURVE_WITH_KNOTS('',3,(#10209,#10210,#10211,#10212),
 .UNSPECIFIED.,.F.,.F.,(4,4),(-1.10252740785485,-1.10233095593787),
 .UNSPECIFIED.);
#318=B_SPLINE_CURVE_WITH_KNOTS('',3,(#10214,#10215,#10216,#10217),
 .UNSPECIFIED.,.F.,.F.,(4,4),(1.10252756538865,1.57079632679492),
 .UNSPECIFIED.);
#319=B_SPLINE_CURVE_WITH_KNOTS('',3,(#10218,#10219,#10220,#10221,#10222,
#10223,#10224),.UNSPECIFIED.,.F.,.F.,(4,3,4),(-0.0283006380572166,-0.0141508355051508,
0.),.UNSPECIFIED.);
#320=B_SPLINE_CURVE_WITH_KNOTS('',3,(#10228,#10229,#10230,#10231,#10232,
#10233,#10234),.UNSPECIFIED.,.F.,.F.,(4,3,4),(0.,0.0141502083576254,0.0283014821754143),
 .UNSPECIFIED.);
#321=B_SPLINE_CURVE_WITH_KNOTS('',3,(#10252,#10253,#10254,#10255),
 .UNSPECIFIED.,.F.,.F.,(4,4),(1.57079632679491,2.03906508820119),
 .UNSPECIFIED.);
#322=B_SPLINE_CURVE_WITH_KNOTS('',3,(#10256,#10257,#10258,#10259),
 .UNSPECIFIED.,.F.,.F.,(4,4),(-2.03926169765197,-2.03906524573498),
 .UNSPECIFIED.);
#323=B_SPLINE_CURVE_WITH_KNOTS('',3,(#10262,#10263,#10264,#10265,#10266,
#10267,#10268),.UNSPECIFIED.,.F.,.F.,(4,3,4),(-0.0283003340698544,-0.0141506014204569,
0.),.UNSPECIFIED.);
#324=B_SPLINE_CURVE_WITH_KNOTS('',3,(#10301,#10302,#10303,#10304,#10305,
#10306,#10307),.UNSPECIFIED.,.F.,.F.,(4,3,4),(-0.0283010458771969,-0.0141500723714537,
0.),.UNSPECIFIED.);
#325=B_SPLINE_CURVE_WITH_KNOTS('',3,(#10310,#10311,#10312,#10313,#10314,
#10315,#10316),.UNSPECIFIED.,.F.,.F.,(4,3,4),(-0.0283003340312469,-0.0141506015209279,
0.),.UNSPECIFIED.);
#326=B_SPLINE_CURVE_WITH_KNOTS('',2,(#10402,#10403,#10404,#10405),
 .UNSPECIFIED.,.F.,.F.,(3,1,3),(0.,1.,2.),.UNSPECIFIED.);
#327=B_SPLINE_CURVE_WITH_KNOTS('',2,(#10407,#10408,#10409,#10410),
 .UNSPECIFIED.,.F.,.F.,(3,1,3),(0.,1.,2.),.UNSPECIFIED.);
#328=B_SPLINE_CURVE_WITH_KNOTS('',2,(#10412,#10413,#10414,#10415),
 .UNSPECIFIED.,.F.,.F.,(3,1,3),(0.,1.,2.),.UNSPECIFIED.);
#329=B_SPLINE_CURVE_WITH_KNOTS('',2,(#10417,#10418,#10419,#10420),
 .UNSPECIFIED.,.F.,.F.,(3,1,3),(0.,1.,2.),.UNSPECIFIED.);
#330=B_SPLINE_CURVE_WITH_KNOTS('',2,(#10426,#10427,#10428,#10429),
 .UNSPECIFIED.,.F.,.F.,(3,1,3),(0.,1.,2.),.UNSPECIFIED.);
#331=B_SPLINE_CURVE_WITH_KNOTS('',2,(#10431,#10432,#10433,#10434),
 .UNSPECIFIED.,.F.,.F.,(3,1,3),(0.,1.,2.),.UNSPECIFIED.);
#332=B_SPLINE_CURVE_WITH_KNOTS('',2,(#10436,#10437,#10438,#10439),
 .UNSPECIFIED.,.F.,.F.,(3,1,3),(0.,1.,2.),.UNSPECIFIED.);
#333=B_SPLINE_CURVE_WITH_KNOTS('',2,(#10441,#10442,#10443,#10444),
 .UNSPECIFIED.,.F.,.F.,(3,1,3),(0.,1.,2.),.UNSPECIFIED.);
#334=B_SPLINE_CURVE_WITH_KNOTS('',2,(#10446,#10447,#10448,#10449),
 .UNSPECIFIED.,.F.,.F.,(3,1,3),(0.,1.,2.),.UNSPECIFIED.);
#335=B_SPLINE_CURVE_WITH_KNOTS('',2,(#10451,#10452,#10453,#10454),
 .UNSPECIFIED.,.F.,.F.,(3,1,3),(0.,1.,2.),.UNSPECIFIED.);
#336=B_SPLINE_CURVE_WITH_KNOTS('',2,(#10456,#10457,#10458,#10459),
 .UNSPECIFIED.,.F.,.F.,(3,1,3),(0.,1.,2.),.UNSPECIFIED.);
#337=B_SPLINE_CURVE_WITH_KNOTS('',2,(#10461,#10462,#10463,#10464),
 .UNSPECIFIED.,.F.,.F.,(3,1,3),(0.,1.,2.),.UNSPECIFIED.);
#338=B_SPLINE_CURVE_WITH_KNOTS('',2,(#10470,#10471,#10472,#10473),
 .UNSPECIFIED.,.F.,.F.,(3,1,3),(0.,1.,2.),.UNSPECIFIED.);
#339=B_SPLINE_CURVE_WITH_KNOTS('',2,(#10474,#10475,#10476,#10477),
 .UNSPECIFIED.,.F.,.F.,(3,1,3),(0.,1.,2.),.UNSPECIFIED.);
#340=B_SPLINE_CURVE_WITH_KNOTS('',2,(#10484,#10485,#10486,#10487),
 .UNSPECIFIED.,.F.,.F.,(3,1,3),(0.,1.,2.),.UNSPECIFIED.);
#341=B_SPLINE_CURVE_WITH_KNOTS('',2,(#10489,#10490,#10491,#10492),
 .UNSPECIFIED.,.F.,.F.,(3,1,3),(0.,1.,2.),.UNSPECIFIED.);
#342=B_SPLINE_CURVE_WITH_KNOTS('',2,(#10494,#10495,#10496,#10497),
 .UNSPECIFIED.,.F.,.F.,(3,1,3),(0.,1.,2.),.UNSPECIFIED.);
#343=B_SPLINE_CURVE_WITH_KNOTS('',2,(#10509,#10510,#10511,#10512),
 .UNSPECIFIED.,.F.,.F.,(3,1,3),(0.,1.,2.),.UNSPECIFIED.);
#344=B_SPLINE_CURVE_WITH_KNOTS('',2,(#10514,#10515,#10516,#10517),
 .UNSPECIFIED.,.F.,.F.,(3,1,3),(0.,1.,2.),.UNSPECIFIED.);
#345=B_SPLINE_CURVE_WITH_KNOTS('',2,(#10521,#10522,#10523,#10524),
 .UNSPECIFIED.,.F.,.F.,(3,1,3),(0.,1.,2.),.UNSPECIFIED.);
#346=B_SPLINE_CURVE_WITH_KNOTS('',2,(#10526,#10527,#10528,#10529),
 .UNSPECIFIED.,.F.,.F.,(3,1,3),(0.,1.,2.),.UNSPECIFIED.);
#347=B_SPLINE_CURVE_WITH_KNOTS('',2,(#10531,#10532,#10533,#10534),
 .UNSPECIFIED.,.F.,.F.,(3,1,3),(0.,1.,2.),.UNSPECIFIED.);
#348=B_SPLINE_CURVE_WITH_KNOTS('',2,(#10540,#10541,#10542,#10543),
 .UNSPECIFIED.,.F.,.F.,(3,1,3),(0.,1.,2.),.UNSPECIFIED.);
#349=B_SPLINE_CURVE_WITH_KNOTS('',2,(#10545,#10546,#10547,#10548),
 .UNSPECIFIED.,.F.,.F.,(3,1,3),(0.,1.,2.),.UNSPECIFIED.);
#350=B_SPLINE_CURVE_WITH_KNOTS('',2,(#10550,#10551,#10552,#10553),
 .UNSPECIFIED.,.F.,.F.,(3,1,3),(0.,1.,2.),.UNSPECIFIED.);
#351=B_SPLINE_CURVE_WITH_KNOTS('',2,(#10555,#10556,#10557,#10558),
 .UNSPECIFIED.,.F.,.F.,(3,1,3),(0.,1.,2.),.UNSPECIFIED.);
#352=B_SPLINE_CURVE_WITH_KNOTS('',2,(#10564,#10565,#10566,#10567),
 .UNSPECIFIED.,.F.,.F.,(3,1,3),(0.,1.,2.),.UNSPECIFIED.);
#353=B_SPLINE_CURVE_WITH_KNOTS('',2,(#10568,#10569,#10570,#10571),
 .UNSPECIFIED.,.F.,.F.,(3,1,3),(0.,1.,2.),.UNSPECIFIED.);
#354=B_SPLINE_CURVE_WITH_KNOTS('',2,(#10574,#10575,#10576,#10577),
 .UNSPECIFIED.,.F.,.F.,(3,1,3),(0.,1.,2.),.UNSPECIFIED.);
#355=B_SPLINE_CURVE_WITH_KNOTS('',2,(#10579,#10580,#10581,#10582),
 .UNSPECIFIED.,.F.,.F.,(3,1,3),(0.,1.,2.),.UNSPECIFIED.);
#356=B_SPLINE_CURVE_WITH_KNOTS('',2,(#10594,#10595,#10596,#10597),
 .UNSPECIFIED.,.F.,.F.,(3,1,3),(0.,1.,2.),.UNSPECIFIED.);
#357=B_SPLINE_CURVE_WITH_KNOTS('',2,(#10598,#10599,#10600,#10601),
 .UNSPECIFIED.,.F.,.F.,(3,1,3),(0.,1.,2.),.UNSPECIFIED.);
#358=B_SPLINE_CURVE_WITH_KNOTS('',2,(#10604,#10605,#10606,#10607),
 .UNSPECIFIED.,.F.,.F.,(3,1,3),(0.,1.,2.),.UNSPECIFIED.);
#359=B_SPLINE_CURVE_WITH_KNOTS('',2,(#10609,#10610,#10611,#10612),
 .UNSPECIFIED.,.F.,.F.,(3,1,3),(0.,1.,2.),.UNSPECIFIED.);
#360=B_SPLINE_CURVE_WITH_KNOTS('',2,(#10614,#10615,#10616,#10617),
 .UNSPECIFIED.,.F.,.F.,(3,1,3),(0.,1.,2.),.UNSPECIFIED.);
#361=B_SPLINE_CURVE_WITH_KNOTS('',2,(#10618,#10619,#10620,#10621),
 .UNSPECIFIED.,.F.,.F.,(3,1,3),(0.,1.,2.),.UNSPECIFIED.);
#362=B_SPLINE_CURVE_WITH_KNOTS('',2,(#10624,#10625,#10626,#10627),
 .UNSPECIFIED.,.F.,.F.,(3,1,3),(0.,1.,2.),.UNSPECIFIED.);
#363=B_SPLINE_CURVE_WITH_KNOTS('',2,(#10635,#10636,#10637,#10638),
 .UNSPECIFIED.,.F.,.F.,(3,1,3),(0.,1.,2.),.UNSPECIFIED.);
#364=B_SPLINE_CURVE_WITH_KNOTS('',2,(#10640,#10641,#10642,#10643),
 .UNSPECIFIED.,.F.,.F.,(3,1,3),(0.,1.,2.),.UNSPECIFIED.);
#365=B_SPLINE_CURVE_WITH_KNOTS('',2,(#10650,#10651,#10652,#10653),
 .UNSPECIFIED.,.F.,.F.,(3,1,3),(0.,1.,2.),.UNSPECIFIED.);
#366=B_SPLINE_CURVE_WITH_KNOTS('',2,(#10660,#10661,#10662,#10663),
 .UNSPECIFIED.,.F.,.F.,(3,1,3),(0.,1.,2.),.UNSPECIFIED.);
#367=B_SPLINE_CURVE_WITH_KNOTS('',2,(#10665,#10666,#10667,#10668),
 .UNSPECIFIED.,.F.,.F.,(3,1,3),(0.,1.,2.),.UNSPECIFIED.);
#368=B_SPLINE_CURVE_WITH_KNOTS('',2,(#10670,#10671,#10672,#10673),
 .UNSPECIFIED.,.F.,.F.,(3,1,3),(0.,1.,2.),.UNSPECIFIED.);
#369=B_SPLINE_CURVE_WITH_KNOTS('',2,(#10675,#10676,#10677,#10678),
 .UNSPECIFIED.,.F.,.F.,(3,1,3),(0.,1.,2.),.UNSPECIFIED.);
#370=B_SPLINE_CURVE_WITH_KNOTS('',2,(#10680,#10681,#10682,#10683),
 .UNSPECIFIED.,.F.,.F.,(3,1,3),(0.,1.,2.),.UNSPECIFIED.);
#371=B_SPLINE_CURVE_WITH_KNOTS('',2,(#10689,#10690,#10691,#10692),
 .UNSPECIFIED.,.F.,.F.,(3,1,3),(0.,1.,2.),.UNSPECIFIED.);
#372=B_SPLINE_CURVE_WITH_KNOTS('',2,(#10694,#10695,#10696,#10697),
 .UNSPECIFIED.,.F.,.F.,(3,1,3),(0.,1.,2.),.UNSPECIFIED.);
#373=B_SPLINE_CURVE_WITH_KNOTS('',2,(#10699,#10700,#10701,#10702),
 .UNSPECIFIED.,.F.,.F.,(3,1,3),(0.,1.,2.),.UNSPECIFIED.);
#374=B_SPLINE_CURVE_WITH_KNOTS('',2,(#10704,#10705,#10706,#10707),
 .UNSPECIFIED.,.F.,.F.,(3,1,3),(0.,1.,2.),.UNSPECIFIED.);
#375=B_SPLINE_CURVE_WITH_KNOTS('',2,(#10813,#10814,#10815,#10816),
 .UNSPECIFIED.,.F.,.F.,(3,1,3),(0.,1.,2.),.UNSPECIFIED.);
#376=B_SPLINE_CURVE_WITH_KNOTS('',2,(#10828,#10829,#10830,#10831),
 .UNSPECIFIED.,.F.,.F.,(3,1,3),(0.,1.,2.),.UNSPECIFIED.);
#377=B_SPLINE_CURVE_WITH_KNOTS('',2,(#10842,#10843,#10844,#10845),
 .UNSPECIFIED.,.F.,.F.,(3,1,3),(0.,1.,2.),.UNSPECIFIED.);
#378=B_SPLINE_CURVE_WITH_KNOTS('',2,(#10856,#10857,#10858,#10859),
 .UNSPECIFIED.,.F.,.F.,(3,1,3),(0.,1.,2.),.UNSPECIFIED.);
#379=B_SPLINE_CURVE_WITH_KNOTS('',2,(#10878,#10879,#10880,#10881),
 .UNSPECIFIED.,.F.,.F.,(3,1,3),(0.,1.,2.),.UNSPECIFIED.);
#380=B_SPLINE_CURVE_WITH_KNOTS('',2,(#10892,#10893,#10894,#10895),
 .UNSPECIFIED.,.F.,.F.,(3,1,3),(0.,1.,2.),.UNSPECIFIED.);
#381=B_SPLINE_CURVE_WITH_KNOTS('',2,(#10906,#10907,#10908,#10909),
 .UNSPECIFIED.,.F.,.F.,(3,1,3),(0.,1.,2.),.UNSPECIFIED.);
#382=B_SPLINE_CURVE_WITH_KNOTS('',2,(#10920,#10921,#10922,#10923),
 .UNSPECIFIED.,.F.,.F.,(3,1,3),(0.,1.,2.),.UNSPECIFIED.);
#383=B_SPLINE_CURVE_WITH_KNOTS('',2,(#10934,#10935,#10936,#10937),
 .UNSPECIFIED.,.F.,.F.,(3,1,3),(0.,1.,2.),.UNSPECIFIED.);
#384=B_SPLINE_CURVE_WITH_KNOTS('',2,(#10948,#10949,#10950,#10951),
 .UNSPECIFIED.,.F.,.F.,(3,1,3),(0.,1.,2.),.UNSPECIFIED.);
#385=B_SPLINE_CURVE_WITH_KNOTS('',2,(#10962,#10963,#10964,#10965),
 .UNSPECIFIED.,.F.,.F.,(3,1,3),(0.,1.,2.),.UNSPECIFIED.);
#386=B_SPLINE_CURVE_WITH_KNOTS('',2,(#10976,#10977,#10978,#10979),
 .UNSPECIFIED.,.F.,.F.,(3,1,3),(0.,1.,2.),.UNSPECIFIED.);
#387=B_SPLINE_CURVE_WITH_KNOTS('',2,(#10998,#10999,#11000,#11001),
 .UNSPECIFIED.,.F.,.F.,(3,1,3),(0.,1.,2.),.UNSPECIFIED.);
#388=B_SPLINE_CURVE_WITH_KNOTS('',2,(#11011,#11012,#11013,#11014),
 .UNSPECIFIED.,.F.,.F.,(3,1,3),(0.,1.,2.),.UNSPECIFIED.);
#389=B_SPLINE_CURVE_WITH_KNOTS('',2,(#11034,#11035,#11036,#11037),
 .UNSPECIFIED.,.F.,.F.,(3,1,3),(0.,1.,2.),.UNSPECIFIED.);
#390=B_SPLINE_CURVE_WITH_KNOTS('',2,(#11048,#11049,#11050,#11051),
 .UNSPECIFIED.,.F.,.F.,(3,1,3),(0.,1.,2.),.UNSPECIFIED.);
#391=B_SPLINE_CURVE_WITH_KNOTS('',2,(#11062,#11063,#11064,#11065),
 .UNSPECIFIED.,.F.,.F.,(3,1,3),(0.,1.,2.),.UNSPECIFIED.);
#392=B_SPLINE_CURVE_WITH_KNOTS('',2,(#11096,#11097,#11098,#11099),
 .UNSPECIFIED.,.F.,.F.,(3,1,3),(0.,1.,2.),.UNSPECIFIED.);
#393=B_SPLINE_CURVE_WITH_KNOTS('',2,(#11110,#11111,#11112,#11113),
 .UNSPECIFIED.,.F.,.F.,(3,1,3),(0.,1.,2.),.UNSPECIFIED.);
#394=B_SPLINE_CURVE_WITH_KNOTS('',2,(#11127,#11128,#11129,#11130),
 .UNSPECIFIED.,.F.,.F.,(3,1,3),(0.,1.,2.),.UNSPECIFIED.);
#395=B_SPLINE_CURVE_WITH_KNOTS('',2,(#11142,#11143,#11144,#11145),
 .UNSPECIFIED.,.F.,.F.,(3,1,3),(0.,1.,2.),.UNSPECIFIED.);
#396=B_SPLINE_CURVE_WITH_KNOTS('',2,(#11156,#11157,#11158,#11159),
 .UNSPECIFIED.,.F.,.F.,(3,1,3),(0.,1.,2.),.UNSPECIFIED.);
#397=B_SPLINE_CURVE_WITH_KNOTS('',2,(#11178,#11179,#11180,#11181),
 .UNSPECIFIED.,.F.,.F.,(3,1,3),(0.,1.,2.),.UNSPECIFIED.);
#398=B_SPLINE_CURVE_WITH_KNOTS('',2,(#11192,#11193,#11194,#11195),
 .UNSPECIFIED.,.F.,.F.,(3,1,3),(0.,1.,2.),.UNSPECIFIED.);
#399=B_SPLINE_CURVE_WITH_KNOTS('',2,(#11206,#11207,#11208,#11209),
 .UNSPECIFIED.,.F.,.F.,(3,1,3),(0.,1.,2.),.UNSPECIFIED.);
#400=B_SPLINE_CURVE_WITH_KNOTS('',2,(#11220,#11221,#11222,#11223),
 .UNSPECIFIED.,.F.,.F.,(3,1,3),(0.,1.,2.),.UNSPECIFIED.);
#401=B_SPLINE_CURVE_WITH_KNOTS('',2,(#11242,#11243,#11244,#11245),
 .UNSPECIFIED.,.F.,.F.,(3,1,3),(0.,1.,2.),.UNSPECIFIED.);
#402=B_SPLINE_CURVE_WITH_KNOTS('',2,(#11255,#11256,#11257,#11258),
 .UNSPECIFIED.,.F.,.F.,(3,1,3),(0.,1.,2.),.UNSPECIFIED.);
#403=B_SPLINE_CURVE_WITH_KNOTS('',2,(#11269,#11270,#11271,#11272),
 .UNSPECIFIED.,.F.,.F.,(3,1,3),(0.,1.,2.),.UNSPECIFIED.);
#404=B_SPLINE_CURVE_WITH_KNOTS('',2,(#11284,#11285,#11286,#11287),
 .UNSPECIFIED.,.F.,.F.,(3,1,3),(0.,1.,2.),.UNSPECIFIED.);
#405=B_SPLINE_CURVE_WITH_KNOTS('',2,(#11318,#11319,#11320,#11321),
 .UNSPECIFIED.,.F.,.F.,(3,1,3),(0.,1.,2.),.UNSPECIFIED.);
#406=B_SPLINE_CURVE_WITH_KNOTS('',2,(#11331,#11332,#11333,#11334),
 .UNSPECIFIED.,.F.,.F.,(3,1,3),(0.,1.,2.),.UNSPECIFIED.);
#407=B_SPLINE_CURVE_WITH_KNOTS('',2,(#11345,#11346,#11347,#11348),
 .UNSPECIFIED.,.F.,.F.,(3,1,3),(0.,1.,2.),.UNSPECIFIED.);
#408=B_SPLINE_CURVE_WITH_KNOTS('',2,(#11360,#11361,#11362,#11363),
 .UNSPECIFIED.,.F.,.F.,(3,1,3),(0.,1.,2.),.UNSPECIFIED.);
#409=B_SPLINE_CURVE_WITH_KNOTS('',2,(#11374,#11375,#11376,#11377),
 .UNSPECIFIED.,.F.,.F.,(3,1,3),(0.,1.,2.),.UNSPECIFIED.);
#410=B_SPLINE_CURVE_WITH_KNOTS('',2,(#11387,#11388,#11389,#11390),
 .UNSPECIFIED.,.F.,.F.,(3,1,3),(0.,1.,2.),.UNSPECIFIED.);
#411=B_SPLINE_CURVE_WITH_KNOTS('',2,(#11401,#11402,#11403,#11404),
 .UNSPECIFIED.,.F.,.F.,(3,1,3),(0.,1.,2.),.UNSPECIFIED.);
#412=B_SPLINE_CURVE_WITH_KNOTS('',2,(#11428,#11429,#11430,#11431),
 .UNSPECIFIED.,.F.,.F.,(3,1,3),(0.,1.,2.),.UNSPECIFIED.);
#413=B_SPLINE_CURVE_WITH_KNOTS('',2,(#11442,#11443,#11444,#11445),
 .UNSPECIFIED.,.F.,.F.,(3,1,3),(0.,1.,2.),.UNSPECIFIED.);
#414=B_SPLINE_CURVE_WITH_KNOTS('',2,(#11467,#11468,#11469,#11470),
 .UNSPECIFIED.,.F.,.F.,(3,1,3),(0.,1.,2.),.UNSPECIFIED.);
#415=B_SPLINE_CURVE_WITH_KNOTS('',2,(#11490,#11491,#11492,#11493),
 .UNSPECIFIED.,.F.,.F.,(3,1,3),(0.,1.,2.),.UNSPECIFIED.);
#416=B_SPLINE_CURVE_WITH_KNOTS('',2,(#11504,#11505,#11506,#11507),
 .UNSPECIFIED.,.F.,.F.,(3,1,3),(0.,1.,2.),.UNSPECIFIED.);
#417=B_SPLINE_CURVE_WITH_KNOTS('',2,(#11518,#11519,#11520,#11521),
 .UNSPECIFIED.,.F.,.F.,(3,1,3),(0.,1.,2.),.UNSPECIFIED.);
#418=B_SPLINE_CURVE_WITH_KNOTS('',2,(#11532,#11533,#11534,#11535),
 .UNSPECIFIED.,.F.,.F.,(3,1,3),(0.,1.,2.),.UNSPECIFIED.);
#419=B_SPLINE_CURVE_WITH_KNOTS('',2,(#11546,#11547,#11548,#11549),
 .UNSPECIFIED.,.F.,.F.,(3,1,3),(0.,1.,2.),.UNSPECIFIED.);
#420=B_SPLINE_CURVE_WITH_KNOTS('',2,(#11568,#11569,#11570,#11571),
 .UNSPECIFIED.,.F.,.F.,(3,1,3),(0.,1.,2.),.UNSPECIFIED.);
#421=B_SPLINE_CURVE_WITH_KNOTS('',2,(#11582,#11583,#11584,#11585),
 .UNSPECIFIED.,.F.,.F.,(3,1,3),(0.,1.,2.),.UNSPECIFIED.);
#422=B_SPLINE_CURVE_WITH_KNOTS('',2,(#11596,#11597,#11598,#11599),
 .UNSPECIFIED.,.F.,.F.,(3,1,3),(0.,1.,2.),.UNSPECIFIED.);
#423=B_SPLINE_CURVE_WITH_KNOTS('',2,(#11610,#11611,#11612,#11613),
 .UNSPECIFIED.,.F.,.F.,(3,1,3),(0.,1.,2.),.UNSPECIFIED.);
#424=B_SPLINE_CURVE_WITH_KNOTS('',2,(#11631,#11632,#11633,#11634),
 .UNSPECIFIED.,.F.,.F.,(3,1,3),(0.,1.,2.),.UNSPECIFIED.);
#425=B_SPLINE_CURVE_WITH_KNOTS('',2,(#11637,#11638,#11639,#11640),
 .UNSPECIFIED.,.F.,.F.,(3,1,3),(0.,1.,2.),.UNSPECIFIED.);
#426=B_SPLINE_CURVE_WITH_KNOTS('',2,(#11644,#11645,#11646,#11647),
 .UNSPECIFIED.,.F.,.F.,(3,1,3),(0.,1.,2.),.UNSPECIFIED.);
#427=B_SPLINE_CURVE_WITH_KNOTS('',2,(#11649,#11650,#11651,#11652),
 .UNSPECIFIED.,.F.,.F.,(3,1,3),(0.,1.,2.),.UNSPECIFIED.);
#428=B_SPLINE_CURVE_WITH_KNOTS('',2,(#11654,#11655,#11656,#11657),
 .UNSPECIFIED.,.F.,.F.,(3,1,3),(0.,1.,2.),.UNSPECIFIED.);
#429=B_SPLINE_CURVE_WITH_KNOTS('',2,(#11660,#11661,#11662,#11663),
 .UNSPECIFIED.,.F.,.F.,(3,1,3),(0.,1.,2.),.UNSPECIFIED.);
#430=B_SPLINE_CURVE_WITH_KNOTS('',2,(#11667,#11668,#11669,#11670),
 .UNSPECIFIED.,.F.,.F.,(3,1,3),(0.,1.,2.),.UNSPECIFIED.);
#431=B_SPLINE_CURVE_WITH_KNOTS('',2,(#11672,#11673,#11674,#11675),
 .UNSPECIFIED.,.F.,.F.,(3,1,3),(0.,1.,2.),.UNSPECIFIED.);
#432=B_SPLINE_CURVE_WITH_KNOTS('',2,(#11677,#11678,#11679,#11680),
 .UNSPECIFIED.,.F.,.F.,(3,1,3),(0.,1.,2.),.UNSPECIFIED.);
#433=B_SPLINE_CURVE_WITH_KNOTS('',2,(#11682,#11683,#11684,#11685),
 .UNSPECIFIED.,.F.,.F.,(3,1,3),(0.,1.,2.),.UNSPECIFIED.);
#434=B_SPLINE_CURVE_WITH_KNOTS('',2,(#11687,#11688,#11689,#11690),
 .UNSPECIFIED.,.F.,.F.,(3,1,3),(0.,1.,2.),.UNSPECIFIED.);
#435=B_SPLINE_CURVE_WITH_KNOTS('',2,(#11692,#11693,#11694,#11695),
 .UNSPECIFIED.,.F.,.F.,(3,1,3),(0.,1.,2.),.UNSPECIFIED.);
#436=B_SPLINE_CURVE_WITH_KNOTS('',2,(#11697,#11698,#11699,#11700),
 .UNSPECIFIED.,.F.,.F.,(3,1,3),(0.,1.,2.),.UNSPECIFIED.);
#437=B_SPLINE_CURVE_WITH_KNOTS('',2,(#11701,#11702,#11703,#11704),
 .UNSPECIFIED.,.F.,.F.,(3,1,3),(0.,1.,2.),.UNSPECIFIED.);
#438=B_SPLINE_CURVE_WITH_KNOTS('',2,(#11718,#11719,#11720,#11721),
 .UNSPECIFIED.,.F.,.F.,(3,1,3),(0.,1.,2.),.UNSPECIFIED.);
#439=B_SPLINE_CURVE_WITH_KNOTS('',2,(#11735,#11736,#11737,#11738),
 .UNSPECIFIED.,.F.,.F.,(3,1,3),(0.,1.,2.),.UNSPECIFIED.);
#440=B_SPLINE_CURVE_WITH_KNOTS('',2,(#11750,#11751,#11752,#11753),
 .UNSPECIFIED.,.F.,.F.,(3,1,3),(0.,1.,2.),.UNSPECIFIED.);
#441=B_SPLINE_CURVE_WITH_KNOTS('',2,(#11764,#11765,#11766,#11767),
 .UNSPECIFIED.,.F.,.F.,(3,1,3),(0.,1.,2.),.UNSPECIFIED.);
#442=B_SPLINE_CURVE_WITH_KNOTS('',2,(#11778,#11779,#11780,#11781),
 .UNSPECIFIED.,.F.,.F.,(3,1,3),(0.,1.,2.),.UNSPECIFIED.);
#443=B_SPLINE_CURVE_WITH_KNOTS('',2,(#11795,#11796,#11797,#11798),
 .UNSPECIFIED.,.F.,.F.,(3,1,3),(0.,1.,2.),.UNSPECIFIED.);
#444=B_SPLINE_CURVE_WITH_KNOTS('',2,(#11810,#11811,#11812,#11813),
 .UNSPECIFIED.,.F.,.F.,(3,1,3),(0.,1.,2.),.UNSPECIFIED.);
#445=B_SPLINE_CURVE_WITH_KNOTS('',2,(#11824,#11825,#11826,#11827),
 .UNSPECIFIED.,.F.,.F.,(3,1,3),(0.,1.,2.),.UNSPECIFIED.);
#446=B_SPLINE_CURVE_WITH_KNOTS('',2,(#11838,#11839,#11840,#11841),
 .UNSPECIFIED.,.F.,.F.,(3,1,3),(0.,1.,2.),.UNSPECIFIED.);
#447=B_SPLINE_CURVE_WITH_KNOTS('',2,(#11852,#11853,#11854,#11855),
 .UNSPECIFIED.,.F.,.F.,(3,1,3),(0.,1.,2.),.UNSPECIFIED.);
#448=B_SPLINE_CURVE_WITH_KNOTS('',2,(#11866,#11867,#11868,#11869),
 .UNSPECIFIED.,.F.,.F.,(3,1,3),(0.,1.,2.),.UNSPECIFIED.);
#449=B_SPLINE_CURVE_WITH_KNOTS('',2,(#11880,#11881,#11882,#11883),
 .UNSPECIFIED.,.F.,.F.,(3,1,3),(0.,1.,2.),.UNSPECIFIED.);
#450=B_SPLINE_CURVE_WITH_KNOTS('',2,(#11894,#11895,#11896,#11897),
 .UNSPECIFIED.,.F.,.F.,(3,1,3),(0.,1.,2.),.UNSPECIFIED.);
#451=B_SPLINE_CURVE_WITH_KNOTS('',2,(#11907,#11908,#11909,#11910),
 .UNSPECIFIED.,.F.,.F.,(3,1,3),(0.,1.,2.),.UNSPECIFIED.);
#452=CIRCLE('',#6442,2.025);
#453=CIRCLE('',#6443,1.625);
#454=CIRCLE('',#6445,0.799999999999999);
#455=CIRCLE('',#6446,0.8);
#456=CIRCLE('',#6448,1.625);
#457=CIRCLE('',#6451,11.3);
#458=CIRCLE('',#6453,11.1);
#459=CIRCLE('',#6455,11.3);
#460=CIRCLE('',#6456,12.4);
#461=CIRCLE('',#6457,13.2);
#462=CIRCLE('',#6458,12.4);
#463=CIRCLE('',#6459,11.3);
#464=CIRCLE('',#6460,12.4);
#465=CIRCLE('',#6461,13.2);
#466=CIRCLE('',#6462,12.4);
#467=CIRCLE('',#6465,11.1);
#468=CIRCLE('',#6466,11.1);
#469=CIRCLE('',#6467,11.1);
#470=CIRCLE('',#6468,11.1);
#471=CIRCLE('',#6470,11.1);
#472=CIRCLE('',#6471,11.1);
#473=CIRCLE('',#6472,11.1);
#474=CIRCLE('',#6473,11.1);
#475=CIRCLE('',#6474,11.1);
#476=CIRCLE('',#6478,0.8);
#477=CIRCLE('',#6479,3.1);
#478=CIRCLE('',#6480,0.8);
#479=CIRCLE('',#6481,0.8);
#480=CIRCLE('',#6482,0.8);
#481=CIRCLE('',#6483,2.025);
#482=CIRCLE('',#6484,2.025);
#483=CIRCLE('',#6490,0.4);
#484=CIRCLE('',#6494,0.4);
#485=CIRCLE('',#6496,11.1);
#486=CIRCLE('',#6497,11.1);
#487=CIRCLE('',#6499,11.3);
#488=CIRCLE('',#6506,11.3);
#489=CIRCLE('',#6509,1.625);
#490=CIRCLE('',#6511,1.625);
#491=CIRCLE('',#6513,1.625);
#492=CIRCLE('',#6515,1.625);
#493=CIRCLE('',#6519,0.4);
#494=CIRCLE('',#6522,3.5);
#495=CIRCLE('',#6525,0.4);
#496=CIRCLE('',#6528,0.4);
#497=CIRCLE('',#6531,0.4);
#498=CIRCLE('',#6533,11.1);
#499=CIRCLE('',#6534,11.1);
#500=CIRCLE('',#6535,11.1);
#501=CIRCLE('',#6536,11.1);
#502=CIRCLE('',#6537,11.1);
#503=CIRCLE('',#6538,11.1);
#504=CIRCLE('',#6539,11.1);
#505=CIRCLE('',#6540,11.1);
#506=CIRCLE('',#6541,11.1);
#507=CIRCLE('',#6542,11.1);
#508=CIRCLE('',#6552,11.1);
#509=CIRCLE('',#6553,11.1);
#510=CIRCLE('',#6555,11.3);
#511=CIRCLE('',#6557,12.8);
#512=CIRCLE('',#6560,0.4);
#513=CIRCLE('',#6563,0.4);
#514=CIRCLE('',#6566,11.3);
#515=CIRCLE('',#6567,12.4);
#516=CIRCLE('',#6568,12.8);
#517=CIRCLE('',#6577,11.3);
#518=CIRCLE('',#6580,12.8);
#519=CIRCLE('',#6581,12.4);
#520=CIRCLE('',#6583,12.8);
#521=CIRCLE('',#6584,12.8);
#522=CIRCLE('',#6585,12.8);
#523=CIRCLE('',#6588,11.3);
#524=CIRCLE('',#6594,0.4);
#525=CIRCLE('',#6606,0.4);
#526=CIRCLE('',#6616,0.4);
#527=CIRCLE('',#6619,0.4);
#528=CIRCLE('',#6622,11.3);
#529=CIRCLE('',#6624,12.4);
#530=CIRCLE('',#6625,13.2);
#531=CIRCLE('',#6626,12.4);
#532=CIRCLE('',#6627,11.3);
#533=CIRCLE('',#6628,12.4);
#534=CIRCLE('',#6629,13.2);
#535=CIRCLE('',#6630,12.4);
#536=CIRCLE('',#6631,11.3);
#537=CIRCLE('',#6633,0.4);
#538=CIRCLE('',#6636,0.4);
#539=CIRCLE('',#6638,11.3);
#540=CIRCLE('',#6639,12.4);
#541=CIRCLE('',#6640,13.2);
#542=CIRCLE('',#6641,12.4);
#543=CIRCLE('',#6642,11.3);
#544=CIRCLE('',#6643,12.4);
#545=CIRCLE('',#6644,13.2);
#546=CIRCLE('',#6645,12.4);
#547=CIRCLE('',#6646,11.3);
#548=CIRCLE('',#6667,12.4);
#549=CIRCLE('',#6670,12.4);
#550=CIRCLE('',#6682,12.4);
#551=CIRCLE('',#6685,12.4);
#552=CIRCLE('',#6693,11.3);
#553=CIRCLE('',#6698,11.3);
#554=CIRCLE('',#6700,11.3);
#555=CIRCLE('',#6702,11.3);
#556=CIRCLE('',#6705,0.4);
#557=CIRCLE('',#6711,0.799999999999999);
#558=CIRCLE('',#6714,0.8);
#559=CIRCLE('',#6720,12.4);
#560=CIRCLE('',#6722,12.4);
#561=CIRCLE('',#6724,12.4);
#562=CIRCLE('',#6728,13.2);
#563=CIRCLE('',#6739,12.4);
#564=CIRCLE('',#6741,12.4);
#565=CIRCLE('',#6742,12.4);
#566=CIRCLE('',#6745,13.2);
#567=CIRCLE('',#6750,0.4);
#568=CIRCLE('',#6752,11.3);
#569=CIRCLE('',#6754,11.3);
#570=CIRCLE('',#6758,11.3);
#571=CIRCLE('',#6760,11.3);
#572=CIRCLE('',#6762,11.3);
#573=CIRCLE('',#6769,3.5);
#574=CIRCLE('',#6772,0.4);
#575=CIRCLE('',#6775,0.4);
#576=CIRCLE('',#6778,0.4);
#577=CIRCLE('',#6781,0.4);
#578=CIRCLE('',#6791,0.799999999999999);
#579=CIRCLE('',#6792,0.8);
#580=CIRCLE('',#6793,0.8);
#581=CIRCLE('',#6794,3.1);
#582=CIRCLE('',#6795,0.8);
#583=CONICAL_SURFACE('',#6441,1.825,0.785398163397449);
#584=CONICAL_SURFACE('',#6450,11.2,0.78539816339744);
#585=CONICAL_SURFACE('',#6489,0.4,0.785398163397449);
#586=CONICAL_SURFACE('',#6493,0.4,0.785398163397449);
#587=CONICAL_SURFACE('',#6498,11.2,0.785398163397498);
#588=CONICAL_SURFACE('',#6505,11.2,0.785398163397451);
#589=CONICAL_SURFACE('',#6508,1.825,0.785398163397449);
#590=CONICAL_SURFACE('',#6512,1.825,0.785398163397449);
#591=CONICAL_SURFACE('',#6518,0.6,0.785398163397448);
#592=CONICAL_SURFACE('',#6521,3.3,0.785398163397447);
#593=CONICAL_SURFACE('',#6524,0.6,0.785398163397448);
#594=CONICAL_SURFACE('',#6527,0.6,0.785398163397448);
#595=CONICAL_SURFACE('',#6530,0.6,0.785398163397448);
#596=CONICAL_SURFACE('',#6554,11.2,0.785398163397443);
#597=CONICAL_SURFACE('',#6559,0.6,0.785398163397447);
#598=CONICAL_SURFACE('',#6562,0.6,0.785398163397448);
#599=CONICAL_SURFACE('',#6569,11.2,0.785398163397454);
#600=CONICAL_SURFACE('',#6576,11.2,0.785398163397454);
#601=CONICAL_SURFACE('',#6587,11.2,0.785398163397684);
#602=CONICAL_SURFACE('',#6593,0.4,0.785398163397449);
#603=CONICAL_SURFACE('',#6605,0.4,0.785398163397449);
#604=CONICAL_SURFACE('',#6620,11.2,0.78539816339742);
#605=CONICAL_SURFACE('',#6647,11.2,0.785398163397448);
#606=CONICAL_SURFACE('',#6654,0.4,0.785398163397448);
#607=CONICAL_SURFACE('',#6656,0.4,0.785398163397448);
#608=CONICAL_SURFACE('',#6661,11.2,0.78539816339744);
#609=CONICAL_SURFACE('',#6676,11.2,0.785398163397451);
#610=CONICAL_SURFACE('',#6690,11.2,0.785398163397412);
#611=CONICAL_SURFACE('',#6692,11.2,0.785398163397447);
#612=CONICAL_SURFACE('',#6694,11.2,0.78539816339742);
#613=CONICAL_SURFACE('',#6697,11.2,0.785398163397462);
#614=CONICAL_SURFACE('',#6699,11.2,0.785398163397467);
#615=CONICAL_SURFACE('',#6701,11.2,0.78539816339746);
#616=CONICAL_SURFACE('',#6710,0.6,0.785398163397447);
#617=CONICAL_SURFACE('',#6713,0.6,0.785398163397448);
#618=CONICAL_SURFACE('',#6715,11.2,0.785398163397448);
#619=CONICAL_SURFACE('',#6732,11.2,0.785398163397448);
#620=CONICAL_SURFACE('',#6751,11.2,0.785398163397448);
#621=CONICAL_SURFACE('',#6753,11.2,0.785398163397454);
#622=CONICAL_SURFACE('',#6757,11.2,0.785398163397448);
#623=CONICAL_SURFACE('',#6759,11.2,0.785398163397448);
#624=CONICAL_SURFACE('',#6761,11.2,0.785398163397448);
#625=CONICAL_SURFACE('',#6801,0.6,0.785398163397447);
#626=CONICAL_SURFACE('',#6809,0.6,0.785398163397448);
#627=CONICAL_SURFACE('',#6811,3.3,0.785398163397446);
#628=CONICAL_SURFACE('',#6813,0.6,0.785398163397448);
#629=CONICAL_SURFACE('',#6815,0.6,0.785398163397448);
#630=CONICAL_SURFACE('',#6817,0.4,0.785398163397448);
#631=CONICAL_SURFACE('',#6819,0.4,0.785398163397448);
#632=FACE_OUTER_BOUND('',#987,.T.);
#633=FACE_OUTER_BOUND('',#988,.T.);
#634=FACE_OUTER_BOUND('',#989,.T.);
#635=FACE_OUTER_BOUND('',#990,.T.);
#636=FACE_OUTER_BOUND('',#991,.T.);
#637=FACE_OUTER_BOUND('',#992,.T.);
#638=FACE_OUTER_BOUND('',#994,.T.);
#639=FACE_OUTER_BOUND('',#995,.T.);
#640=FACE_OUTER_BOUND('',#996,.T.);
#641=FACE_OUTER_BOUND('',#997,.T.);
#642=FACE_OUTER_BOUND('',#998,.T.);
#643=FACE_OUTER_BOUND('',#999,.T.);
#644=FACE_OUTER_BOUND('',#1000,.T.);
#645=FACE_OUTER_BOUND('',#1001,.T.);
#646=FACE_OUTER_BOUND('',#1002,.T.);
#647=FACE_OUTER_BOUND('',#1003,.T.);
#648=FACE_OUTER_BOUND('',#1006,.T.);
#649=FACE_OUTER_BOUND('',#1007,.T.);
#650=FACE_OUTER_BOUND('',#1008,.T.);
#651=FACE_OUTER_BOUND('',#1009,.T.);
#652=FACE_OUTER_BOUND('',#1010,.T.);
#653=FACE_OUTER_BOUND('',#1011,.T.);
#654=FACE_OUTER_BOUND('',#1012,.T.);
#655=FACE_OUTER_BOUND('',#1013,.T.);
#656=FACE_OUTER_BOUND('',#1014,.T.);
#657=FACE_OUTER_BOUND('',#1015,.T.);
#658=FACE_OUTER_BOUND('',#1016,.T.);
#659=FACE_OUTER_BOUND('',#1017,.T.);
#660=FACE_OUTER_BOUND('',#1018,.T.);
#661=FACE_OUTER_BOUND('',#1019,.T.);
#662=FACE_OUTER_BOUND('',#1020,.T.);
#663=FACE_OUTER_BOUND('',#1021,.T.);
#664=FACE_OUTER_BOUND('',#1022,.T.);
#665=FACE_OUTER_BOUND('',#1023,.T.);
#666=FACE_OUTER_BOUND('',#1024,.T.);
#667=FACE_OUTER_BOUND('',#1025,.T.);
#668=FACE_OUTER_BOUND('',#1026,.T.);
#669=FACE_OUTER_BOUND('',#1027,.T.);
#670=FACE_OUTER_BOUND('',#1028,.T.);
#671=FACE_OUTER_BOUND('',#1029,.T.);
#672=FACE_OUTER_BOUND('',#1030,.T.);
#673=FACE_OUTER_BOUND('',#1031,.T.);
#674=FACE_OUTER_BOUND('',#1032,.T.);
#675=FACE_OUTER_BOUND('',#1033,.T.);
#676=FACE_OUTER_BOUND('',#1034,.T.);
#677=FACE_OUTER_BOUND('',#1035,.T.);
#678=FACE_OUTER_BOUND('',#1036,.T.);
#679=FACE_OUTER_BOUND('',#1037,.T.);
#680=FACE_OUTER_BOUND('',#1038,.T.);
#681=FACE_OUTER_BOUND('',#1039,.T.);
#682=FACE_OUTER_BOUND('',#1040,.T.);
#683=FACE_OUTER_BOUND('',#1041,.T.);
#684=FACE_OUTER_BOUND('',#1042,.T.);
#685=FACE_OUTER_BOUND('',#1043,.T.);
#686=FACE_OUTER_BOUND('',#1044,.T.);
#687=FACE_OUTER_BOUND('',#1045,.T.);
#688=FACE_OUTER_BOUND('',#1046,.T.);
#689=FACE_OUTER_BOUND('',#1047,.T.);
#690=FACE_OUTER_BOUND('',#1048,.T.);
#691=FACE_OUTER_BOUND('',#1049,.T.);
#692=FACE_OUTER_BOUND('',#1050,.T.);
#693=FACE_OUTER_BOUND('',#1051,.T.);
#694=FACE_OUTER_BOUND('',#1052,.T.);
#695=FACE_OUTER_BOUND('',#1053,.T.);
#696=FACE_OUTER_BOUND('',#1054,.T.);
#697=FACE_OUTER_BOUND('',#1055,.T.);
#698=FACE_OUTER_BOUND('',#1056,.T.);
#699=FACE_OUTER_BOUND('',#1057,.T.);
#700=FACE_OUTER_BOUND('',#1058,.T.);
#701=FACE_OUTER_BOUND('',#1059,.T.);
#702=FACE_OUTER_BOUND('',#1060,.T.);
#703=FACE_OUTER_BOUND('',#1061,.T.);
#704=FACE_OUTER_BOUND('',#1062,.T.);
#705=FACE_OUTER_BOUND('',#1063,.T.);
#706=FACE_OUTER_BOUND('',#1064,.T.);
#707=FACE_OUTER_BOUND('',#1065,.T.);
#708=FACE_OUTER_BOUND('',#1066,.T.);
#709=FACE_OUTER_BOUND('',#1067,.T.);
#710=FACE_OUTER_BOUND('',#1068,.T.);
#711=FACE_OUTER_BOUND('',#1069,.T.);
#712=FACE_OUTER_BOUND('',#1070,.T.);
#713=FACE_OUTER_BOUND('',#1071,.T.);
#714=FACE_OUTER_BOUND('',#1072,.T.);
#715=FACE_OUTER_BOUND('',#1073,.T.);
#716=FACE_OUTER_BOUND('',#1074,.T.);
#717=FACE_OUTER_BOUND('',#1075,.T.);
#718=FACE_OUTER_BOUND('',#1076,.T.);
#719=FACE_OUTER_BOUND('',#1077,.T.);
#720=FACE_OUTER_BOUND('',#1078,.T.);
#721=FACE_OUTER_BOUND('',#1079,.T.);
#722=FACE_OUTER_BOUND('',#1080,.T.);
#723=FACE_OUTER_BOUND('',#1081,.T.);
#724=FACE_OUTER_BOUND('',#1082,.T.);
#725=FACE_OUTER_BOUND('',#1083,.T.);
#726=FACE_OUTER_BOUND('',#1084,.T.);
#727=FACE_OUTER_BOUND('',#1085,.T.);
#728=FACE_OUTER_BOUND('',#1086,.T.);
#729=FACE_OUTER_BOUND('',#1087,.T.);
#730=FACE_OUTER_BOUND('',#1088,.T.);
#731=FACE_OUTER_BOUND('',#1089,.T.);
#732=FACE_OUTER_BOUND('',#1090,.T.);
#733=FACE_OUTER_BOUND('',#1091,.T.);
#734=FACE_OUTER_BOUND('',#1092,.T.);
#735=FACE_OUTER_BOUND('',#1093,.T.);
#736=FACE_OUTER_BOUND('',#1094,.T.);
#737=FACE_OUTER_BOUND('',#1095,.T.);
#738=FACE_OUTER_BOUND('',#1096,.T.);
#739=FACE_OUTER_BOUND('',#1097,.T.);
#740=FACE_OUTER_BOUND('',#1098,.T.);
#741=FACE_OUTER_BOUND('',#1099,.T.);
#742=FACE_OUTER_BOUND('',#1100,.T.);
#743=FACE_OUTER_BOUND('',#1101,.T.);
#744=FACE_OUTER_BOUND('',#1102,.T.);
#745=FACE_OUTER_BOUND('',#1103,.T.);
#746=FACE_OUTER_BOUND('',#1104,.T.);
#747=FACE_OUTER_BOUND('',#1105,.T.);
#748=FACE_OUTER_BOUND('',#1106,.T.);
#749=FACE_OUTER_BOUND('',#1107,.T.);
#750=FACE_OUTER_BOUND('',#1108,.T.);
#751=FACE_OUTER_BOUND('',#1109,.T.);
#752=FACE_OUTER_BOUND('',#1110,.T.);
#753=FACE_OUTER_BOUND('',#1111,.T.);
#754=FACE_OUTER_BOUND('',#1112,.T.);
#755=FACE_OUTER_BOUND('',#1113,.T.);
#756=FACE_OUTER_BOUND('',#1114,.T.);
#757=FACE_OUTER_BOUND('',#1115,.T.);
#758=FACE_OUTER_BOUND('',#1116,.T.);
#759=FACE_OUTER_BOUND('',#1117,.T.);
#760=FACE_OUTER_BOUND('',#1118,.T.);
#761=FACE_OUTER_BOUND('',#1119,.T.);
#762=FACE_OUTER_BOUND('',#1120,.T.);
#763=FACE_OUTER_BOUND('',#1121,.T.);
#764=FACE_OUTER_BOUND('',#1122,.T.);
#765=FACE_OUTER_BOUND('',#1123,.T.);
#766=FACE_OUTER_BOUND('',#1124,.T.);
#767=FACE_OUTER_BOUND('',#1125,.T.);
#768=FACE_OUTER_BOUND('',#1126,.T.);
#769=FACE_OUTER_BOUND('',#1127,.T.);
#770=FACE_OUTER_BOUND('',#1128,.T.);
#771=FACE_OUTER_BOUND('',#1129,.T.);
#772=FACE_OUTER_BOUND('',#1130,.T.);
#773=FACE_OUTER_BOUND('',#1131,.T.);
#774=FACE_OUTER_BOUND('',#1132,.T.);
#775=FACE_OUTER_BOUND('',#1133,.T.);
#776=FACE_OUTER_BOUND('',#1134,.T.);
#777=FACE_OUTER_BOUND('',#1135,.T.);
#778=FACE_OUTER_BOUND('',#1136,.T.);
#779=FACE_OUTER_BOUND('',#1137,.T.);
#780=FACE_OUTER_BOUND('',#1138,.T.);
#781=FACE_OUTER_BOUND('',#1139,.T.);
#782=FACE_OUTER_BOUND('',#1140,.T.);
#783=FACE_OUTER_BOUND('',#1141,.T.);
#784=FACE_OUTER_BOUND('',#1142,.T.);
#785=FACE_OUTER_BOUND('',#1143,.T.);
#786=FACE_OUTER_BOUND('',#1144,.T.);
#787=FACE_OUTER_BOUND('',#1145,.T.);
#788=FACE_OUTER_BOUND('',#1146,.T.);
#789=FACE_OUTER_BOUND('',#1147,.T.);
#790=FACE_OUTER_BOUND('',#1148,.T.);
#791=FACE_OUTER_BOUND('',#1149,.T.);
#792=FACE_OUTER_BOUND('',#1150,.T.);
#793=FACE_OUTER_BOUND('',#1151,.T.);
#794=FACE_OUTER_BOUND('',#1152,.T.);
#795=FACE_OUTER_BOUND('',#1153,.T.);
#796=FACE_OUTER_BOUND('',#1154,.T.);
#797=FACE_OUTER_BOUND('',#1155,.T.);
#798=FACE_OUTER_BOUND('',#1156,.T.);
#799=FACE_OUTER_BOUND('',#1157,.T.);
#800=FACE_OUTER_BOUND('',#1158,.T.);
#801=FACE_OUTER_BOUND('',#1159,.T.);
#802=FACE_OUTER_BOUND('',#1160,.T.);
#803=FACE_OUTER_BOUND('',#1161,.T.);
#804=FACE_OUTER_BOUND('',#1162,.T.);
#805=FACE_OUTER_BOUND('',#1163,.T.);
#806=FACE_OUTER_BOUND('',#1164,.T.);
#807=FACE_OUTER_BOUND('',#1165,.T.);
#808=FACE_OUTER_BOUND('',#1166,.T.);
#809=FACE_OUTER_BOUND('',#1167,.T.);
#810=FACE_OUTER_BOUND('',#1168,.T.);
#811=FACE_OUTER_BOUND('',#1169,.T.);
#812=FACE_OUTER_BOUND('',#1170,.T.);
#813=FACE_OUTER_BOUND('',#1171,.T.);
#814=FACE_OUTER_BOUND('',#1172,.T.);
#815=FACE_OUTER_BOUND('',#1173,.T.);
#816=FACE_OUTER_BOUND('',#1174,.T.);
#817=FACE_OUTER_BOUND('',#1175,.T.);
#818=FACE_OUTER_BOUND('',#1176,.T.);
#819=FACE_OUTER_BOUND('',#1177,.T.);
#820=FACE_OUTER_BOUND('',#1178,.T.);
#821=FACE_OUTER_BOUND('',#1179,.T.);
#822=FACE_OUTER_BOUND('',#1180,.T.);
#823=FACE_OUTER_BOUND('',#1181,.T.);
#824=FACE_OUTER_BOUND('',#1182,.T.);
#825=FACE_OUTER_BOUND('',#1183,.T.);
#826=FACE_OUTER_BOUND('',#1184,.T.);
#827=FACE_OUTER_BOUND('',#1185,.T.);
#828=FACE_OUTER_BOUND('',#1186,.T.);
#829=FACE_OUTER_BOUND('',#1187,.T.);
#830=FACE_OUTER_BOUND('',#1188,.T.);
#831=FACE_OUTER_BOUND('',#1189,.T.);
#832=FACE_OUTER_BOUND('',#1190,.T.);
#833=FACE_OUTER_BOUND('',#1191,.T.);
#834=FACE_OUTER_BOUND('',#1192,.T.);
#835=FACE_OUTER_BOUND('',#1193,.T.);
#836=FACE_OUTER_BOUND('',#1194,.T.);
#837=FACE_OUTER_BOUND('',#1195,.T.);
#838=FACE_OUTER_BOUND('',#1196,.T.);
#839=FACE_OUTER_BOUND('',#1197,.T.);
#840=FACE_OUTER_BOUND('',#1198,.T.);
#841=FACE_OUTER_BOUND('',#1199,.T.);
#842=FACE_OUTER_BOUND('',#1200,.T.);
#843=FACE_OUTER_BOUND('',#1208,.T.);
#844=FACE_OUTER_BOUND('',#1209,.T.);
#845=FACE_OUTER_BOUND('',#1210,.T.);
#846=FACE_OUTER_BOUND('',#1211,.T.);
#847=FACE_OUTER_BOUND('',#1213,.T.);
#848=FACE_OUTER_BOUND('',#1214,.T.);
#849=FACE_OUTER_BOUND('',#1215,.T.);
#850=FACE_OUTER_BOUND('',#1216,.T.);
#851=FACE_OUTER_BOUND('',#1217,.T.);
#852=FACE_OUTER_BOUND('',#1218,.T.);
#853=FACE_OUTER_BOUND('',#1219,.T.);
#854=FACE_OUTER_BOUND('',#1220,.T.);
#855=FACE_OUTER_BOUND('',#1221,.T.);
#856=FACE_OUTER_BOUND('',#1222,.T.);
#857=FACE_OUTER_BOUND('',#1223,.T.);
#858=FACE_OUTER_BOUND('',#1224,.T.);
#859=FACE_OUTER_BOUND('',#1225,.T.);
#860=FACE_OUTER_BOUND('',#1226,.T.);
#861=FACE_OUTER_BOUND('',#1227,.T.);
#862=FACE_OUTER_BOUND('',#1228,.T.);
#863=FACE_OUTER_BOUND('',#1229,.T.);
#864=FACE_OUTER_BOUND('',#1230,.T.);
#865=FACE_OUTER_BOUND('',#1231,.T.);
#866=FACE_OUTER_BOUND('',#1232,.T.);
#867=FACE_OUTER_BOUND('',#1233,.T.);
#868=FACE_OUTER_BOUND('',#1234,.T.);
#869=FACE_OUTER_BOUND('',#1235,.T.);
#870=FACE_OUTER_BOUND('',#1236,.T.);
#871=FACE_OUTER_BOUND('',#1237,.T.);
#872=FACE_OUTER_BOUND('',#1238,.T.);
#873=FACE_OUTER_BOUND('',#1239,.T.);
#874=FACE_OUTER_BOUND('',#1240,.T.);
#875=FACE_OUTER_BOUND('',#1241,.T.);
#876=FACE_OUTER_BOUND('',#1242,.T.);
#877=FACE_OUTER_BOUND('',#1243,.T.);
#878=FACE_OUTER_BOUND('',#1244,.T.);
#879=FACE_OUTER_BOUND('',#1245,.T.);
#880=FACE_OUTER_BOUND('',#1246,.T.);
#881=FACE_OUTER_BOUND('',#1247,.T.);
#882=FACE_OUTER_BOUND('',#1248,.T.);
#883=FACE_OUTER_BOUND('',#1249,.T.);
#884=FACE_OUTER_BOUND('',#1250,.T.);
#885=FACE_OUTER_BOUND('',#1251,.T.);
#886=FACE_OUTER_BOUND('',#1252,.T.);
#887=FACE_OUTER_BOUND('',#1253,.T.);
#888=FACE_OUTER_BOUND('',#1254,.T.);
#889=FACE_OUTER_BOUND('',#1255,.T.);
#890=FACE_OUTER_BOUND('',#1256,.T.);
#891=FACE_OUTER_BOUND('',#1257,.T.);
#892=FACE_OUTER_BOUND('',#1258,.T.);
#893=FACE_OUTER_BOUND('',#1259,.T.);
#894=FACE_OUTER_BOUND('',#1260,.T.);
#895=FACE_OUTER_BOUND('',#1261,.T.);
#896=FACE_OUTER_BOUND('',#1262,.T.);
#897=FACE_OUTER_BOUND('',#1263,.T.);
#898=FACE_OUTER_BOUND('',#1264,.T.);
#899=FACE_OUTER_BOUND('',#1265,.T.);
#900=FACE_OUTER_BOUND('',#1266,.T.);
#901=FACE_OUTER_BOUND('',#1267,.T.);
#902=FACE_OUTER_BOUND('',#1268,.T.);
#903=FACE_OUTER_BOUND('',#1269,.T.);
#904=FACE_OUTER_BOUND('',#1270,.T.);
#905=FACE_OUTER_BOUND('',#1271,.T.);
#906=FACE_OUTER_BOUND('',#1272,.T.);
#907=FACE_OUTER_BOUND('',#1273,.T.);
#908=FACE_OUTER_BOUND('',#1274,.T.);
#909=FACE_OUTER_BOUND('',#1275,.T.);
#910=FACE_OUTER_BOUND('',#1276,.T.);
#911=FACE_OUTER_BOUND('',#1277,.T.);
#912=FACE_OUTER_BOUND('',#1278,.T.);
#913=FACE_OUTER_BOUND('',#1279,.T.);
#914=FACE_OUTER_BOUND('',#1280,.T.);
#915=FACE_OUTER_BOUND('',#1281,.T.);
#916=FACE_OUTER_BOUND('',#1282,.T.);
#917=FACE_OUTER_BOUND('',#1283,.T.);
#918=FACE_OUTER_BOUND('',#1284,.T.);
#919=FACE_OUTER_BOUND('',#1285,.T.);
#920=FACE_OUTER_BOUND('',#1286,.T.);
#921=FACE_OUTER_BOUND('',#1287,.T.);
#922=FACE_OUTER_BOUND('',#1288,.T.);
#923=FACE_OUTER_BOUND('',#1289,.T.);
#924=FACE_OUTER_BOUND('',#1290,.T.);
#925=FACE_OUTER_BOUND('',#1291,.T.);
#926=FACE_OUTER_BOUND('',#1292,.T.);
#927=FACE_OUTER_BOUND('',#1293,.T.);
#928=FACE_OUTER_BOUND('',#1294,.T.);
#929=FACE_OUTER_BOUND('',#1295,.T.);
#930=FACE_OUTER_BOUND('',#1296,.T.);
#931=FACE_OUTER_BOUND('',#1297,.T.);
#932=FACE_OUTER_BOUND('',#1298,.T.);
#933=FACE_OUTER_BOUND('',#1299,.T.);
#934=FACE_OUTER_BOUND('',#1300,.T.);
#935=FACE_OUTER_BOUND('',#1301,.T.);
#936=FACE_OUTER_BOUND('',#1302,.T.);
#937=FACE_OUTER_BOUND('',#1303,.T.);
#938=FACE_OUTER_BOUND('',#1304,.T.);
#939=FACE_OUTER_BOUND('',#1305,.T.);
#940=FACE_OUTER_BOUND('',#1306,.T.);
#941=FACE_OUTER_BOUND('',#1307,.T.);
#942=FACE_OUTER_BOUND('',#1308,.T.);
#943=FACE_OUTER_BOUND('',#1309,.T.);
#944=FACE_OUTER_BOUND('',#1310,.T.);
#945=FACE_OUTER_BOUND('',#1311,.T.);
#946=FACE_OUTER_BOUND('',#1312,.T.);
#947=FACE_OUTER_BOUND('',#1313,.T.);
#948=FACE_OUTER_BOUND('',#1314,.T.);
#949=FACE_OUTER_BOUND('',#1315,.T.);
#950=FACE_OUTER_BOUND('',#1316,.T.);
#951=FACE_OUTER_BOUND('',#1317,.T.);
#952=FACE_OUTER_BOUND('',#1318,.T.);
#953=FACE_OUTER_BOUND('',#1319,.T.);
#954=FACE_OUTER_BOUND('',#1320,.T.);
#955=FACE_OUTER_BOUND('',#1321,.T.);
#956=FACE_OUTER_BOUND('',#1322,.T.);
#957=FACE_OUTER_BOUND('',#1323,.T.);
#958=FACE_OUTER_BOUND('',#1324,.T.);
#959=FACE_OUTER_BOUND('',#1325,.T.);
#960=FACE_OUTER_BOUND('',#1326,.T.);
#961=FACE_OUTER_BOUND('',#1327,.T.);
#962=FACE_OUTER_BOUND('',#1328,.T.);
#963=FACE_OUTER_BOUND('',#1329,.T.);
#964=FACE_OUTER_BOUND('',#1331,.T.);
#965=FACE_OUTER_BOUND('',#1333,.T.);
#966=FACE_OUTER_BOUND('',#1335,.T.);
#967=FACE_OUTER_BOUND('',#1336,.T.);
#968=FACE_OUTER_BOUND('',#1337,.T.);
#969=FACE_OUTER_BOUND('',#1338,.T.);
#970=FACE_OUTER_BOUND('',#1339,.T.);
#971=FACE_OUTER_BOUND('',#1340,.T.);
#972=FACE_OUTER_BOUND('',#1341,.T.);
#973=FACE_OUTER_BOUND('',#1342,.T.);
#974=FACE_OUTER_BOUND('',#1343,.T.);
#975=FACE_OUTER_BOUND('',#1344,.T.);
#976=FACE_OUTER_BOUND('',#1345,.T.);
#977=FACE_OUTER_BOUND('',#1346,.T.);
#978=FACE_OUTER_BOUND('',#1347,.T.);
#979=FACE_OUTER_BOUND('',#1348,.T.);
#980=FACE_OUTER_BOUND('',#1349,.T.);
#981=FACE_OUTER_BOUND('',#1350,.T.);
#982=FACE_OUTER_BOUND('',#1351,.T.);
#983=FACE_OUTER_BOUND('',#1352,.T.);
#984=FACE_OUTER_BOUND('',#1353,.T.);
#985=FACE_OUTER_BOUND('',#1354,.T.);
#986=FACE_OUTER_BOUND('',#1355,.T.);
#987=EDGE_LOOP('',(#3961,#3962,#3963,#3964));
#988=EDGE_LOOP('',(#3965,#3966,#3967,#3968));
#989=EDGE_LOOP('',(#3969,#3970,#3971,#3972));
#990=EDGE_LOOP('',(#3973,#3974,#3975,#3976));
#991=EDGE_LOOP('',(#3977,#3978,#3979,#3980));
#992=EDGE_LOOP('',(#3981,#3982,#3983,#3984,#3985,#3986,#3987,#3988,#3989,
#3990,#3991,#3992,#3993,#3994,#3995,#3996,#3997,#3998,#3999,#4000,#4001,
#4002,#4003));
#993=EDGE_LOOP('',(#4004));
#994=EDGE_LOOP('',(#4005,#4006,#4007,#4008));
#995=EDGE_LOOP('',(#4009,#4010,#4011,#4012,#4013));
#996=EDGE_LOOP('',(#4014,#4015,#4016,#4017,#4018));
#997=EDGE_LOOP('',(#4019,#4020,#4021,#4022,#4023,#4024));
#998=EDGE_LOOP('',(#4025,#4026,#4027,#4028,#4029,#4030,#4031,#4032,#4033,
#4034,#4035,#4036,#4037,#4038,#4039,#4040,#4041,#4042,#4043,#4044,#4045,
#4046));
#999=EDGE_LOOP('',(#4047,#4048,#4049,#4050,#4051));
#1000=EDGE_LOOP('',(#4052,#4053,#4054,#4055,#4056));
#1001=EDGE_LOOP('',(#4057,#4058,#4059,#4060,#4061,#4062,#4063,#4064,#4065,
#4066,#4067,#4068,#4069,#4070,#4071,#4072,#4073,#4074,#4075,#4076,#4077,
#4078));
#1002=EDGE_LOOP('',(#4079,#4080,#4081,#4082,#4083,#4084));
#1003=EDGE_LOOP('',(#4085,#4086,#4087,#4088,#4089,#4090,#4091,#4092,#4093,
#4094,#4095,#4096,#4097,#4098,#4099,#4100,#4101,#4102,#4103,#4104,#4105,
#4106,#4107,#4108,#4109,#4110,#4111,#4112,#4113,#4114,#4115,#4116,#4117,
#4118,#4119));
#1004=EDGE_LOOP('',(#4120));
#1005=EDGE_LOOP('',(#4121));
#1006=EDGE_LOOP('',(#4122,#4123,#4124,#4125));
#1007=EDGE_LOOP('',(#4126,#4127,#4128,#4129,#4130));
#1008=EDGE_LOOP('',(#4131,#4132,#4133,#4134));
#1009=EDGE_LOOP('',(#4135,#4136,#4137,#4138));
#1010=EDGE_LOOP('',(#4139,#4140,#4141));
#1011=EDGE_LOOP('',(#4142,#4143,#4144,#4145,#4146));
#1012=EDGE_LOOP('',(#4147,#4148,#4149,#4150));
#1013=EDGE_LOOP('',(#4151,#4152,#4153,#4154,#4155));
#1014=EDGE_LOOP('',(#4156,#4157,#4158));
#1015=EDGE_LOOP('',(#4159,#4160,#4161,#4162,#4163));
#1016=EDGE_LOOP('',(#4164,#4165,#4166,#4167,#4168,#4169));
#1017=EDGE_LOOP('',(#4170,#4171,#4172,#4173,#4174,#4175));
#1018=EDGE_LOOP('',(#4176,#4177,#4178,#4179,#4180,#4181));
#1019=EDGE_LOOP('',(#4182,#4183,#4184,#4185));
#1020=EDGE_LOOP('',(#4186,#4187,#4188,#4189,#4190));
#1021=EDGE_LOOP('',(#4191,#4192,#4193,#4194,#4195,#4196));
#1022=EDGE_LOOP('',(#4197,#4198,#4199,#4200,#4201,#4202));
#1023=EDGE_LOOP('',(#4203,#4204,#4205,#4206));
#1024=EDGE_LOOP('',(#4207,#4208,#4209,#4210,#4211,#4212));
#1025=EDGE_LOOP('',(#4213,#4214,#4215,#4216,#4217,#4218));
#1026=EDGE_LOOP('',(#4219,#4220,#4221,#4222));
#1027=EDGE_LOOP('',(#4223,#4224,#4225,#4226));
#1028=EDGE_LOOP('',(#4227,#4228,#4229,#4230));
#1029=EDGE_LOOP('',(#4231,#4232,#4233,#4234));
#1030=EDGE_LOOP('',(#4235,#4236,#4237,#4238,#4239,#4240));
#1031=EDGE_LOOP('',(#4241,#4242,#4243,#4244));
#1032=EDGE_LOOP('',(#4245,#4246,#4247,#4248));
#1033=EDGE_LOOP('',(#4249,#4250,#4251,#4252));
#1034=EDGE_LOOP('',(#4253,#4254,#4255,#4256));
#1035=EDGE_LOOP('',(#4257,#4258,#4259,#4260));
#1036=EDGE_LOOP('',(#4261,#4262,#4263,#4264));
#1037=EDGE_LOOP('',(#4265,#4266,#4267,#4268));
#1038=EDGE_LOOP('',(#4269,#4270,#4271,#4272));
#1039=EDGE_LOOP('',(#4273,#4274,#4275,#4276));
#1040=EDGE_LOOP('',(#4277,#4278,#4279,#4280,#4281,#4282,#4283,#4284,#4285,
#4286,#4287,#4288,#4289,#4290,#4291,#4292,#4293,#4294,#4295,#4296,#4297,
#4298));
#1041=EDGE_LOOP('',(#4299,#4300,#4301,#4302,#4303));
#1042=EDGE_LOOP('',(#4304,#4305,#4306,#4307,#4308,#4309,#4310));
#1043=EDGE_LOOP('',(#4311,#4312,#4313,#4314));
#1044=EDGE_LOOP('',(#4315,#4316,#4317,#4318,#4319,#4320));
#1045=EDGE_LOOP('',(#4321,#4322,#4323,#4324,#4325,#4326,#4327));
#1046=EDGE_LOOP('',(#4328,#4329,#4330,#4331));
#1047=EDGE_LOOP('',(#4332,#4333,#4334,#4335,#4336,#4337,#4338));
#1048=EDGE_LOOP('',(#4339,#4340,#4341,#4342));
#1049=EDGE_LOOP('',(#4343,#4344,#4345,#4346,#4347,#4348));
#1050=EDGE_LOOP('',(#4349,#4350,#4351,#4352));
#1051=EDGE_LOOP('',(#4353,#4354,#4355,#4356,#4357,#4358,#4359));
#1052=EDGE_LOOP('',(#4360,#4361,#4362,#4363,#4364,#4365));
#1053=EDGE_LOOP('',(#4366,#4367,#4368,#4369));
#1054=EDGE_LOOP('',(#4370,#4371,#4372,#4373,#4374,#4375));
#1055=EDGE_LOOP('',(#4376,#4377,#4378,#4379));
#1056=EDGE_LOOP('',(#4380,#4381,#4382,#4383));
#1057=EDGE_LOOP('',(#4384,#4385,#4386,#4387));
#1058=EDGE_LOOP('',(#4388,#4389,#4390,#4391,#4392));
#1059=EDGE_LOOP('',(#4393,#4394,#4395,#4396,#4397,#4398));
#1060=EDGE_LOOP('',(#4399,#4400,#4401,#4402,#4403,#4404));
#1061=EDGE_LOOP('',(#4405,#4406,#4407,#4408));
#1062=EDGE_LOOP('',(#4409,#4410,#4411,#4412,#4413,#4414));
#1063=EDGE_LOOP('',(#4415,#4416,#4417,#4418,#4419,#4420,#4421));
#1064=EDGE_LOOP('',(#4422,#4423,#4424,#4425,#4426,#4427));
#1065=EDGE_LOOP('',(#4428,#4429,#4430,#4431,#4432,#4433));
#1066=EDGE_LOOP('',(#4434,#4435,#4436,#4437,#4438,#4439,#4440,#4441,#4442,
#4443,#4444,#4445));
#1067=EDGE_LOOP('',(#4446,#4447,#4448,#4449));
#1068=EDGE_LOOP('',(#4450,#4451,#4452,#4453,#4454,#4455));
#1069=EDGE_LOOP('',(#4456,#4457,#4458,#4459,#4460,#4461));
#1070=EDGE_LOOP('',(#4462,#4463,#4464,#4465,#4466));
#1071=EDGE_LOOP('',(#4467,#4468,#4469,#4470));
#1072=EDGE_LOOP('',(#4471,#4472,#4473,#4474,#4475));
#1073=EDGE_LOOP('',(#4476,#4477,#4478,#4479));
#1074=EDGE_LOOP('',(#4480,#4481,#4482));
#1075=EDGE_LOOP('',(#4483,#4484,#4485,#4486));
#1076=EDGE_LOOP('',(#4487,#4488,#4489,#4490));
#1077=EDGE_LOOP('',(#4491,#4492,#4493,#4494));
#1078=EDGE_LOOP('',(#4495,#4496,#4497,#4498));
#1079=EDGE_LOOP('',(#4499,#4500,#4501,#4502));
#1080=EDGE_LOOP('',(#4503,#4504,#4505,#4506));
#1081=EDGE_LOOP('',(#4507,#4508,#4509,#4510));
#1082=EDGE_LOOP('',(#4511,#4512,#4513,#4514));
#1083=EDGE_LOOP('',(#4515,#4516,#4517,#4518));
#1084=EDGE_LOOP('',(#4519,#4520,#4521,#4522));
#1085=EDGE_LOOP('',(#4523,#4524,#4525));
#1086=EDGE_LOOP('',(#4526,#4527,#4528,#4529,#4530,#4531));
#1087=EDGE_LOOP('',(#4532,#4533,#4534,#4535,#4536));
#1088=EDGE_LOOP('',(#4537,#4538,#4539,#4540));
#1089=EDGE_LOOP('',(#4541,#4542,#4543,#4544));
#1090=EDGE_LOOP('',(#4545,#4546,#4547,#4548,#4549,#4550));
#1091=EDGE_LOOP('',(#4551,#4552,#4553,#4554));
#1092=EDGE_LOOP('',(#4555,#4556,#4557,#4558));
#1093=EDGE_LOOP('',(#4559,#4560,#4561,#4562));
#1094=EDGE_LOOP('',(#4563,#4564,#4565,#4566));
#1095=EDGE_LOOP('',(#4567,#4568,#4569,#4570));
#1096=EDGE_LOOP('',(#4571,#4572,#4573,#4574));
#1097=EDGE_LOOP('',(#4575,#4576,#4577,#4578,#4579));
#1098=EDGE_LOOP('',(#4580,#4581,#4582,#4583,#4584,#4585,#4586,#4587,#4588,
#4589,#4590,#4591,#4592,#4593,#4594,#4595,#4596,#4597,#4598,#4599,#4600,
#4601));
#1099=EDGE_LOOP('',(#4602,#4603,#4604,#4605));
#1100=EDGE_LOOP('',(#4606,#4607,#4608,#4609));
#1101=EDGE_LOOP('',(#4610,#4611,#4612,#4613));
#1102=EDGE_LOOP('',(#4614,#4615,#4616,#4617,#4618,#4619,#4620,#4621,#4622,
#4623,#4624,#4625,#4626,#4627,#4628,#4629,#4630,#4631,#4632,#4633,#4634,
#4635));
#1103=EDGE_LOOP('',(#4636,#4637,#4638,#4639,#4640,#4641));
#1104=EDGE_LOOP('',(#4642));
#1105=EDGE_LOOP('',(#4643,#4644,#4645,#4646,#4647,#4648));
#1106=EDGE_LOOP('',(#4649,#4650,#4651,#4652,#4653));
#1107=EDGE_LOOP('',(#4654,#4655,#4656,#4657));
#1108=EDGE_LOOP('',(#4658,#4659,#4660,#4661));
#1109=EDGE_LOOP('',(#4662,#4663,#4664));
#1110=EDGE_LOOP('',(#4665,#4666,#4667,#4668));
#1111=EDGE_LOOP('',(#4669,#4670,#4671));
#1112=EDGE_LOOP('',(#4672,#4673,#4674,#4675));
#1113=EDGE_LOOP('',(#4676,#4677,#4678,#4679));
#1114=EDGE_LOOP('',(#4680,#4681,#4682,#4683));
#1115=EDGE_LOOP('',(#4684,#4685,#4686,#4687));
#1116=EDGE_LOOP('',(#4688,#4689,#4690,#4691,#4692,#4693));
#1117=EDGE_LOOP('',(#4694,#4695,#4696,#4697,#4698,#4699));
#1118=EDGE_LOOP('',(#4700,#4701,#4702,#4703,#4704,#4705,#4706,#4707,#4708,
#4709,#4710,#4711));
#1119=EDGE_LOOP('',(#4712,#4713,#4714,#4715));
#1120=EDGE_LOOP('',(#4716,#4717,#4718,#4719));
#1121=EDGE_LOOP('',(#4720,#4721,#4722,#4723));
#1122=EDGE_LOOP('',(#4724,#4725,#4726,#4727,#4728,#4729));
#1123=EDGE_LOOP('',(#4730,#4731,#4732,#4733,#4734,#4735));
#1124=EDGE_LOOP('',(#4736,#4737,#4738,#4739,#4740,#4741));
#1125=EDGE_LOOP('',(#4742,#4743,#4744,#4745,#4746,#4747,#4748,#4749,#4750,
#4751,#4752,#4753));
#1126=EDGE_LOOP('',(#4754,#4755,#4756,#4757));
#1127=EDGE_LOOP('',(#4758,#4759,#4760,#4761));
#1128=EDGE_LOOP('',(#4762,#4763,#4764,#4765));
#1129=EDGE_LOOP('',(#4766,#4767,#4768,#4769,#4770,#4771));
#1130=EDGE_LOOP('',(#4772,#4773,#4774,#4775,#4776));
#1131=EDGE_LOOP('',(#4777,#4778,#4779,#4780,#4781));
#1132=EDGE_LOOP('',(#4782,#4783,#4784,#4785));
#1133=EDGE_LOOP('',(#4786,#4787,#4788,#4789));
#1134=EDGE_LOOP('',(#4790,#4791,#4792,#4793));
#1135=EDGE_LOOP('',(#4794,#4795,#4796,#4797,#4798,#4799));
#1136=EDGE_LOOP('',(#4800,#4801,#4802,#4803));
#1137=EDGE_LOOP('',(#4804,#4805,#4806,#4807));
#1138=EDGE_LOOP('',(#4808,#4809,#4810,#4811));
#1139=EDGE_LOOP('',(#4812,#4813,#4814,#4815));
#1140=EDGE_LOOP('',(#4816,#4817,#4818,#4819,#4820));
#1141=EDGE_LOOP('',(#4821,#4822,#4823,#4824,#4825));
#1142=EDGE_LOOP('',(#4826,#4827,#4828,#4829));
#1143=EDGE_LOOP('',(#4830,#4831,#4832,#4833,#4834));
#1144=EDGE_LOOP('',(#4835,#4836,#4837,#4838,#4839));
#1145=EDGE_LOOP('',(#4840,#4841,#4842,#4843));
#1146=EDGE_LOOP('',(#4844,#4845,#4846,#4847));
#1147=EDGE_LOOP('',(#4848,#4849,#4850,#4851,#4852));
#1148=EDGE_LOOP('',(#4853,#4854,#4855,#4856,#4857));
#1149=EDGE_LOOP('',(#4858,#4859,#4860,#4861,#4862));
#1150=EDGE_LOOP('',(#4863,#4864,#4865,#4866));
#1151=EDGE_LOOP('',(#4867,#4868,#4869,#4870));
#1152=EDGE_LOOP('',(#4871,#4872,#4873,#4874));
#1153=EDGE_LOOP('',(#4875,#4876,#4877,#4878,#4879));
#1154=EDGE_LOOP('',(#4880,#4881,#4882,#4883,#4884));
#1155=EDGE_LOOP('',(#4885,#4886,#4887,#4888,#4889,#4890,#4891,#4892,#4893,
#4894,#4895,#4896));
#1156=EDGE_LOOP('',(#4897,#4898,#4899,#4900,#4901));
#1157=EDGE_LOOP('',(#4902,#4903,#4904,#4905));
#1158=EDGE_LOOP('',(#4906,#4907,#4908,#4909,#4910));
#1159=EDGE_LOOP('',(#4911,#4912,#4913,#4914,#4915));
#1160=EDGE_LOOP('',(#4916,#4917,#4918,#4919,#4920,#4921));
#1161=EDGE_LOOP('',(#4922,#4923,#4924,#4925,#4926));
#1162=EDGE_LOOP('',(#4927,#4928,#4929,#4930,#4931,#4932,#4933,#4934,#4935,
#4936,#4937,#4938));
#1163=EDGE_LOOP('',(#4939,#4940,#4941,#4942,#4943));
#1164=EDGE_LOOP('',(#4944,#4945,#4946,#4947));
#1165=EDGE_LOOP('',(#4948,#4949,#4950,#4951,#4952));
#1166=EDGE_LOOP('',(#4953,#4954,#4955,#4956,#4957));
#1167=EDGE_LOOP('',(#4958,#4959,#4960,#4961));
#1168=EDGE_LOOP('',(#4962,#4963,#4964,#4965));
#1169=EDGE_LOOP('',(#4966,#4967,#4968,#4969));
#1170=EDGE_LOOP('',(#4970,#4971,#4972,#4973,#4974));
#1171=EDGE_LOOP('',(#4975,#4976,#4977,#4978));
#1172=EDGE_LOOP('',(#4979,#4980,#4981,#4982,#4983));
#1173=EDGE_LOOP('',(#4984,#4985,#4986,#4987,#4988,#4989));
#1174=EDGE_LOOP('',(#4990,#4991,#4992,#4993,#4994));
#1175=EDGE_LOOP('',(#4995,#4996,#4997,#4998));
#1176=EDGE_LOOP('',(#4999,#5000,#5001,#5002,#5003));
#1177=EDGE_LOOP('',(#5004,#5005,#5006,#5007));
#1178=EDGE_LOOP('',(#5008,#5009,#5010,#5011));
#1179=EDGE_LOOP('',(#5012,#5013,#5014,#5015));
#1180=EDGE_LOOP('',(#5016,#5017,#5018,#5019));
#1181=EDGE_LOOP('',(#5020,#5021,#5022,#5023));
#1182=EDGE_LOOP('',(#5024,#5025,#5026,#5027,#5028,#5029));
#1183=EDGE_LOOP('',(#5030,#5031,#5032,#5033));
#1184=EDGE_LOOP('',(#5034,#5035,#5036,#5037,#5038,#5039,#5040,#5041));
#1185=EDGE_LOOP('',(#5042,#5043,#5044,#5045));
#1186=EDGE_LOOP('',(#5046,#5047,#5048,#5049));
#1187=EDGE_LOOP('',(#5050,#5051,#5052,#5053));
#1188=EDGE_LOOP('',(#5054,#5055,#5056,#5057));
#1189=EDGE_LOOP('',(#5058,#5059,#5060,#5061));
#1190=EDGE_LOOP('',(#5062,#5063,#5064,#5065));
#1191=EDGE_LOOP('',(#5066,#5067,#5068,#5069));
#1192=EDGE_LOOP('',(#5070,#5071,#5072,#5073));
#1193=EDGE_LOOP('',(#5074,#5075,#5076,#5077));
#1194=EDGE_LOOP('',(#5078,#5079,#5080,#5081));
#1195=EDGE_LOOP('',(#5082,#5083,#5084,#5085));
#1196=EDGE_LOOP('',(#5086,#5087,#5088,#5089));
#1197=EDGE_LOOP('',(#5090,#5091,#5092,#5093));
#1198=EDGE_LOOP('',(#5094,#5095,#5096,#5097));
#1199=EDGE_LOOP('',(#5098,#5099,#5100,#5101,#5102));
#1200=EDGE_LOOP('',(#5103,#5104,#5105,#5106));
#1201=EDGE_LOOP('',(#5107,#5108,#5109,#5110,#5111,#5112,#5113,#5114,#5115,
#5116,#5117,#5118,#5119,#5120,#5121,#5122,#5123,#5124));
#1202=EDGE_LOOP('',(#5125,#5126,#5127,#5128,#5129,#5130,#5131,#5132,#5133,
#5134,#5135,#5136,#5137));
#1203=EDGE_LOOP('',(#5138,#5139,#5140,#5141,#5142,#5143,#5144,#5145,#5146,
#5147,#5148,#5149,#5150));
#1204=EDGE_LOOP('',(#5151,#5152,#5153,#5154,#5155,#5156,#5157,#5158,#5159));
#1205=EDGE_LOOP('',(#5160,#5161,#5162,#5163));
#1206=EDGE_LOOP('',(#5164,#5165,#5166,#5167,#5168,#5169,#5170,#5171,#5172,
#5173));
#1207=EDGE_LOOP('',(#5174,#5175,#5176,#5177,#5178,#5179,#5180,#5181,#5182,
#5183,#5184,#5185,#5186,#5187,#5188));
#1208=EDGE_LOOP('',(#5189,#5190,#5191,#5192,#5193));
#1209=EDGE_LOOP('',(#5194,#5195,#5196,#5197));
#1210=EDGE_LOOP('',(#5198,#5199,#5200,#5201,#5202));
#1211=EDGE_LOOP('',(#5203,#5204,#5205,#5206,#5207,#5208,#5209,#5210,#5211,
#5212,#5213,#5214,#5215,#5216,#5217,#5218));
#1212=EDGE_LOOP('',(#5219,#5220,#5221,#5222,#5223,#5224,#5225,#5226,#5227,
#5228,#5229,#5230,#5231,#5232));
#1213=EDGE_LOOP('',(#5233,#5234,#5235,#5236));
#1214=EDGE_LOOP('',(#5237,#5238,#5239,#5240));
#1215=EDGE_LOOP('',(#5241,#5242,#5243,#5244));
#1216=EDGE_LOOP('',(#5245,#5246,#5247,#5248));
#1217=EDGE_LOOP('',(#5249,#5250,#5251,#5252));
#1218=EDGE_LOOP('',(#5253,#5254,#5255,#5256));
#1219=EDGE_LOOP('',(#5257,#5258,#5259,#5260));
#1220=EDGE_LOOP('',(#5261,#5262,#5263,#5264,#5265,#5266));
#1221=EDGE_LOOP('',(#5267,#5268,#5269,#5270));
#1222=EDGE_LOOP('',(#5271,#5272,#5273,#5274,#5275,#5276));
#1223=EDGE_LOOP('',(#5277,#5278,#5279,#5280));
#1224=EDGE_LOOP('',(#5281,#5282,#5283,#5284));
#1225=EDGE_LOOP('',(#5285,#5286,#5287,#5288,#5289,#5290));
#1226=EDGE_LOOP('',(#5291,#5292,#5293,#5294));
#1227=EDGE_LOOP('',(#5295,#5296,#5297,#5298));
#1228=EDGE_LOOP('',(#5299,#5300,#5301,#5302));
#1229=EDGE_LOOP('',(#5303,#5304,#5305,#5306));
#1230=EDGE_LOOP('',(#5307,#5308,#5309,#5310));
#1231=EDGE_LOOP('',(#5311,#5312,#5313,#5314));
#1232=EDGE_LOOP('',(#5315,#5316,#5317,#5318));
#1233=EDGE_LOOP('',(#5319,#5320,#5321,#5322));
#1234=EDGE_LOOP('',(#5323,#5324,#5325));
#1235=EDGE_LOOP('',(#5326,#5327,#5328,#5329));
#1236=EDGE_LOOP('',(#5330,#5331,#5332));
#1237=EDGE_LOOP('',(#5333,#5334,#5335,#5336));
#1238=EDGE_LOOP('',(#5337,#5338,#5339,#5340));
#1239=EDGE_LOOP('',(#5341,#5342,#5343,#5344,#5345));
#1240=EDGE_LOOP('',(#5346,#5347,#5348,#5349,#5350,#5351));
#1241=EDGE_LOOP('',(#5352,#5353,#5354,#5355));
#1242=EDGE_LOOP('',(#5356,#5357,#5358,#5359));
#1243=EDGE_LOOP('',(#5360,#5361,#5362,#5363));
#1244=EDGE_LOOP('',(#5364,#5365,#5366,#5367));
#1245=EDGE_LOOP('',(#5368,#5369,#5370,#5371));
#1246=EDGE_LOOP('',(#5372,#5373,#5374,#5375));
#1247=EDGE_LOOP('',(#5376,#5377,#5378,#5379));
#1248=EDGE_LOOP('',(#5380,#5381,#5382,#5383));
#1249=EDGE_LOOP('',(#5384,#5385,#5386,#5387));
#1250=EDGE_LOOP('',(#5388,#5389,#5390,#5391));
#1251=EDGE_LOOP('',(#5392,#5393,#5394,#5395));
#1252=EDGE_LOOP('',(#5396,#5397,#5398,#5399));
#1253=EDGE_LOOP('',(#5400,#5401,#5402,#5403));
#1254=EDGE_LOOP('',(#5404,#5405,#5406,#5407));
#1255=EDGE_LOOP('',(#5408,#5409,#5410,#5411));
#1256=EDGE_LOOP('',(#5412,#5413,#5414,#5415));
#1257=EDGE_LOOP('',(#5416,#5417,#5418,#5419));
#1258=EDGE_LOOP('',(#5420,#5421,#5422,#5423));
#1259=EDGE_LOOP('',(#5424,#5425,#5426,#5427));
#1260=EDGE_LOOP('',(#5428,#5429,#5430,#5431));
#1261=EDGE_LOOP('',(#5432,#5433,#5434,#5435));
#1262=EDGE_LOOP('',(#5436,#5437,#5438,#5439));
#1263=EDGE_LOOP('',(#5440,#5441,#5442,#5443));
#1264=EDGE_LOOP('',(#5444,#5445,#5446,#5447));
#1265=EDGE_LOOP('',(#5448,#5449,#5450,#5451));
#1266=EDGE_LOOP('',(#5452,#5453,#5454,#5455));
#1267=EDGE_LOOP('',(#5456,#5457,#5458,#5459));
#1268=EDGE_LOOP('',(#5460,#5461,#5462,#5463));
#1269=EDGE_LOOP('',(#5464,#5465,#5466,#5467));
#1270=EDGE_LOOP('',(#5468,#5469,#5470,#5471));
#1271=EDGE_LOOP('',(#5472,#5473,#5474,#5475));
#1272=EDGE_LOOP('',(#5476,#5477,#5478,#5479));
#1273=EDGE_LOOP('',(#5480,#5481,#5482,#5483));
#1274=EDGE_LOOP('',(#5484,#5485,#5486,#5487));
#1275=EDGE_LOOP('',(#5488,#5489,#5490,#5491));
#1276=EDGE_LOOP('',(#5492,#5493,#5494,#5495));
#1277=EDGE_LOOP('',(#5496,#5497,#5498,#5499));
#1278=EDGE_LOOP('',(#5500,#5501,#5502,#5503));
#1279=EDGE_LOOP('',(#5504,#5505,#5506,#5507));
#1280=EDGE_LOOP('',(#5508,#5509,#5510,#5511));
#1281=EDGE_LOOP('',(#5512,#5513,#5514,#5515));
#1282=EDGE_LOOP('',(#5516,#5517,#5518,#5519));
#1283=EDGE_LOOP('',(#5520,#5521,#5522,#5523));
#1284=EDGE_LOOP('',(#5524,#5525,#5526,#5527));
#1285=EDGE_LOOP('',(#5528,#5529,#5530,#5531));
#1286=EDGE_LOOP('',(#5532,#5533,#5534,#5535));
#1287=EDGE_LOOP('',(#5536,#5537,#5538,#5539));
#1288=EDGE_LOOP('',(#5540,#5541,#5542,#5543));
#1289=EDGE_LOOP('',(#5544,#5545,#5546,#5547));
#1290=EDGE_LOOP('',(#5548,#5549,#5550,#5551));
#1291=EDGE_LOOP('',(#5552,#5553,#5554,#5555));
#1292=EDGE_LOOP('',(#5556,#5557,#5558,#5559));
#1293=EDGE_LOOP('',(#5560,#5561,#5562,#5563));
#1294=EDGE_LOOP('',(#5564,#5565,#5566,#5567));
#1295=EDGE_LOOP('',(#5568,#5569,#5570,#5571));
#1296=EDGE_LOOP('',(#5572,#5573,#5574,#5575));
#1297=EDGE_LOOP('',(#5576,#5577,#5578,#5579));
#1298=EDGE_LOOP('',(#5580,#5581,#5582,#5583));
#1299=EDGE_LOOP('',(#5584,#5585,#5586,#5587));
#1300=EDGE_LOOP('',(#5588,#5589,#5590,#5591));
#1301=EDGE_LOOP('',(#5592,#5593,#5594,#5595));
#1302=EDGE_LOOP('',(#5596,#5597,#5598,#5599));
#1303=EDGE_LOOP('',(#5600,#5601,#5602,#5603));
#1304=EDGE_LOOP('',(#5604,#5605,#5606,#5607));
#1305=EDGE_LOOP('',(#5608,#5609,#5610,#5611));
#1306=EDGE_LOOP('',(#5612,#5613,#5614,#5615));
#1307=EDGE_LOOP('',(#5616,#5617,#5618,#5619));
#1308=EDGE_LOOP('',(#5620,#5621,#5622,#5623));
#1309=EDGE_LOOP('',(#5624,#5625,#5626,#5627));
#1310=EDGE_LOOP('',(#5628,#5629,#5630,#5631));
#1311=EDGE_LOOP('',(#5632,#5633,#5634,#5635));
#1312=EDGE_LOOP('',(#5636,#5637,#5638,#5639));
#1313=EDGE_LOOP('',(#5640,#5641,#5642,#5643));
#1314=EDGE_LOOP('',(#5644,#5645,#5646,#5647));
#1315=EDGE_LOOP('',(#5648,#5649,#5650,#5651));
#1316=EDGE_LOOP('',(#5652,#5653,#5654,#5655));
#1317=EDGE_LOOP('',(#5656,#5657,#5658,#5659));
#1318=EDGE_LOOP('',(#5660,#5661,#5662,#5663));
#1319=EDGE_LOOP('',(#5664,#5665,#5666,#5667));
#1320=EDGE_LOOP('',(#5668,#5669,#5670,#5671));
#1321=EDGE_LOOP('',(#5672,#5673,#5674,#5675));
#1322=EDGE_LOOP('',(#5676,#5677,#5678,#5679));
#1323=EDGE_LOOP('',(#5680,#5681,#5682,#5683,#5684));
#1324=EDGE_LOOP('',(#5685,#5686,#5687,#5688));
#1325=EDGE_LOOP('',(#5689));
#1326=EDGE_LOOP('',(#5690));
#1327=EDGE_LOOP('',(#5691,#5692,#5693,#5694,#5695,#5696,#5697,#5698,#5699,
#5700,#5701,#5702,#5703,#5704,#5705,#5706,#5707,#5708));
#1328=EDGE_LOOP('',(#5709,#5710,#5711,#5712,#5713,#5714,#5715,#5716,#5717,
#5718,#5719,#5720,#5721));
#1329=EDGE_LOOP('',(#5722,#5723,#5724,#5725,#5726,#5727,#5728,#5729,#5730,
#5731,#5732,#5733,#5734));
#1330=EDGE_LOOP('',(#5735,#5736,#5737));
#1331=EDGE_LOOP('',(#5738,#5739,#5740,#5741,#5742,#5743,#5744,#5745,#5746));
#1332=EDGE_LOOP('',(#5747,#5748,#5749,#5750,#5751));
#1333=EDGE_LOOP('',(#5752,#5753,#5754,#5755));
#1334=EDGE_LOOP('',(#5756,#5757,#5758,#5759,#5760,#5761,#5762,#5763));
#1335=EDGE_LOOP('',(#5764,#5765,#5766,#5767,#5768,#5769,#5770,#5771,#5772,
#5773));
#1336=EDGE_LOOP('',(#5774,#5775,#5776,#5777,#5778,#5779,#5780,#5781,#5782,
#5783,#5784,#5785,#5786,#5787,#5788));
#1337=EDGE_LOOP('',(#5789,#5790,#5791,#5792));
#1338=EDGE_LOOP('',(#5793,#5794,#5795,#5796));
#1339=EDGE_LOOP('',(#5797,#5798,#5799,#5800));
#1340=EDGE_LOOP('',(#5801,#5802,#5803,#5804));
#1341=EDGE_LOOP('',(#5805,#5806,#5807,#5808));
#1342=EDGE_LOOP('',(#5809,#5810,#5811,#5812));
#1343=EDGE_LOOP('',(#5813,#5814,#5815,#5816));
#1344=EDGE_LOOP('',(#5817,#5818,#5819,#5820));
#1345=EDGE_LOOP('',(#5821,#5822,#5823,#5824));
#1346=EDGE_LOOP('',(#5825,#5826,#5827,#5828));
#1347=EDGE_LOOP('',(#5829,#5830,#5831,#5832));
#1348=EDGE_LOOP('',(#5833,#5834,#5835,#5836));
#1349=EDGE_LOOP('',(#5837,#5838,#5839,#5840));
#1350=EDGE_LOOP('',(#5841,#5842,#5843,#5844));
#1351=EDGE_LOOP('',(#5845,#5846,#5847,#5848));
#1352=EDGE_LOOP('',(#5849,#5850,#5851,#5852));
#1353=EDGE_LOOP('',(#5853,#5854,#5855));
#1354=EDGE_LOOP('',(#5856,#5857,#5858,#5859,#5860));
#1355=EDGE_LOOP('',(#5861,#5862,#5863,#5864,#5865,#5866,#5867,#5868));
#1356=LINE('',#8274,#1879);
#1357=LINE('',#8276,#1880);
#1358=LINE('',#8278,#1881);
#1359=LINE('',#8279,#1882);
#1360=LINE('',#8282,#1883);
#1361=LINE('',#8284,#1884);
#1362=LINE('',#8285,#1885);
#1363=LINE('',#8289,#1886);
#1364=LINE('',#8291,#1887);
#1365=LINE('',#8293,#1888);
#1366=LINE('',#8294,#1889);
#1367=LINE('',#8297,#1890);
#1368=LINE('',#8299,#1891);
#1369=LINE('',#8300,#1892);
#1370=LINE('',#8305,#1893);
#1371=LINE('',#8309,#1894);
#1372=LINE('',#8316,#1895);
#1373=LINE('',#8320,#1896);
#1374=LINE('',#8324,#1897);
#1375=LINE('',#8326,#1898);
#1376=LINE('',#8328,#1899);
#1377=LINE('',#8330,#1900);
#1378=LINE('',#8332,#1901);
#1379=LINE('',#8334,#1902);
#1380=LINE('',#8336,#1903);
#1381=LINE('',#8338,#1904);
#1382=LINE('',#8340,#1905);
#1383=LINE('',#8342,#1906);
#1384=LINE('',#8344,#1907);
#1385=LINE('',#8346,#1908);
#1386=LINE('',#8348,#1909);
#1387=LINE('',#8359,#1910);
#1388=LINE('',#8362,#1911);
#1389=LINE('',#8406,#1912);
#1390=LINE('',#8425,#1913);
#1391=LINE('',#8427,#1914);
#1392=LINE('',#8431,#1915);
#1393=LINE('',#8435,#1916);
#1394=LINE('',#8439,#1917);
#1395=LINE('',#8443,#1918);
#1396=LINE('',#8447,#1919);
#1397=LINE('',#8451,#1920);
#1398=LINE('',#8455,#1921);
#1399=LINE('',#8458,#1922);
#1400=LINE('',#8461,#1923);
#1401=LINE('',#8573,#1924);
#1402=LINE('',#8575,#1925);
#1403=LINE('',#8577,#1926);
#1404=LINE('',#8583,#1927);
#1405=LINE('',#8585,#1928);
#1406=LINE('',#8587,#1929);
#1407=LINE('',#8589,#1930);
#1408=LINE('',#8591,#1931);
#1409=LINE('',#8593,#1932);
#1410=LINE('',#8595,#1933);
#1411=LINE('',#8597,#1934);
#1412=LINE('',#8599,#1935);
#1413=LINE('',#8601,#1936);
#1414=LINE('',#8603,#1937);
#1415=LINE('',#8605,#1938);
#1416=LINE('',#8607,#1939);
#1417=LINE('',#8609,#1940);
#1418=LINE('',#8611,#1941);
#1419=LINE('',#8613,#1942);
#1420=LINE('',#8615,#1943);
#1421=LINE('',#8617,#1944);
#1422=LINE('',#8619,#1945);
#1423=LINE('',#8621,#1946);
#1424=LINE('',#8628,#1947);
#1425=LINE('',#8632,#1948);
#1426=LINE('',#8636,#1949);
#1427=LINE('',#8640,#1950);
#1428=LINE('',#8644,#1951);
#1429=LINE('',#8652,#1952);
#1430=LINE('',#8654,#1953);
#1431=LINE('',#8655,#1954);
#1432=LINE('',#8658,#1955);
#1433=LINE('',#8660,#1956);
#1434=LINE('',#8661,#1957);
#1435=LINE('',#8664,#1958);
#1436=LINE('',#8665,#1959);
#1437=LINE('',#8668,#1960);
#1438=LINE('',#8670,#1961);
#1439=LINE('',#8671,#1962);
#1440=LINE('',#8715,#1963);
#1441=LINE('',#8717,#1964);
#1442=LINE('',#8718,#1965);
#1443=LINE('',#8721,#1966);
#1444=LINE('',#8763,#1967);
#1445=LINE('',#8782,#1968);
#1446=LINE('',#8784,#1969);
#1447=LINE('',#8786,#1970);
#1448=LINE('',#8787,#1971);
#1449=LINE('',#8790,#1972);
#1450=LINE('',#8791,#1973);
#1451=LINE('',#8794,#1974);
#1452=LINE('',#8800,#1975);
#1453=LINE('',#8802,#1976);
#1454=LINE('',#8820,#1977);
#1455=LINE('',#8844,#1978);
#1456=LINE('',#8847,#1979);
#1457=LINE('',#8851,#1980);
#1458=LINE('',#8855,#1981);
#1459=LINE('',#8859,#1982);
#1460=LINE('',#8868,#1983);
#1461=LINE('',#8869,#1984);
#1462=LINE('',#8878,#1985);
#1463=LINE('',#8882,#1986);
#1464=LINE('',#8883,#1987);
#1465=LINE('',#8886,#1988);
#1466=LINE('',#8890,#1989);
#1467=LINE('',#8891,#1990);
#1468=LINE('',#8894,#1991);
#1469=LINE('',#8898,#1992);
#1470=LINE('',#8899,#1993);
#1471=LINE('',#8902,#1994);
#1472=LINE('',#8906,#1995);
#1473=LINE('',#8907,#1996);
#1474=LINE('',#8952,#1997);
#1475=LINE('',#9011,#1998);
#1476=LINE('',#9024,#1999);
#1477=LINE('',#9025,#2000);
#1478=LINE('',#9060,#2001);
#1479=LINE('',#9068,#2002);
#1480=LINE('',#9072,#2003);
#1481=LINE('',#9084,#2004);
#1482=LINE('',#9088,#2005);
#1483=LINE('',#9089,#2006);
#1484=LINE('',#9092,#2007);
#1485=LINE('',#9105,#2008);
#1486=LINE('',#9135,#2009);
#1487=LINE('',#9173,#2010);
#1488=LINE('',#9189,#2011);
#1489=LINE('',#9196,#2012);
#1490=LINE('',#9197,#2013);
#1491=LINE('',#9200,#2014);
#1492=LINE('',#9204,#2015);
#1493=LINE('',#9205,#2016);
#1494=LINE('',#9208,#2017);
#1495=LINE('',#9212,#2018);
#1496=LINE('',#9220,#2019);
#1497=LINE('',#9224,#2020);
#1498=LINE('',#9239,#2021);
#1499=LINE('',#9240,#2022);
#1500=LINE('',#9241,#2023);
#1501=LINE('',#9245,#2024);
#1502=LINE('',#9252,#2025);
#1503=LINE('',#9276,#2026);
#1504=LINE('',#9279,#2027);
#1505=LINE('',#9310,#2028);
#1506=LINE('',#9322,#2029);
#1507=LINE('',#9323,#2030);
#1508=LINE('',#9326,#2031);
#1509=LINE('',#9327,#2032);
#1510=LINE('',#9328,#2033);
#1511=LINE('',#9332,#2034);
#1512=LINE('',#9334,#2035);
#1513=LINE('',#9335,#2036);
#1514=LINE('',#9341,#2037);
#1515=LINE('',#9342,#2038);
#1516=LINE('',#9343,#2039);
#1517=LINE('',#9347,#2040);
#1518=LINE('',#9348,#2041);
#1519=LINE('',#9349,#2042);
#1520=LINE('',#9352,#2043);
#1521=LINE('',#9353,#2044);
#1522=LINE('',#9357,#2045);
#1523=LINE('',#9358,#2046);
#1524=LINE('',#9359,#2047);
#1525=LINE('',#9362,#2048);
#1526=LINE('',#9364,#2049);
#1527=LINE('',#9365,#2050);
#1528=LINE('',#9367,#2051);
#1529=LINE('',#9369,#2052);
#1530=LINE('',#9371,#2053);
#1531=LINE('',#9373,#2054);
#1532=LINE('',#9376,#2055);
#1533=LINE('',#9377,#2056);
#1534=LINE('',#9382,#2057);
#1535=LINE('',#9384,#2058);
#1536=LINE('',#9385,#2059);
#1537=LINE('',#9388,#2060);
#1538=LINE('',#9390,#2061);
#1539=LINE('',#9391,#2062);
#1540=LINE('',#9394,#2063);
#1541=LINE('',#9395,#2064);
#1542=LINE('',#9398,#2065);
#1543=LINE('',#9399,#2066);
#1544=LINE('',#9402,#2067);
#1545=LINE('',#9404,#2068);
#1546=LINE('',#9405,#2069);
#1547=LINE('',#9408,#2070);
#1548=LINE('',#9409,#2071);
#1549=LINE('',#9412,#2072);
#1550=LINE('',#9413,#2073);
#1551=LINE('',#9416,#2074);
#1552=LINE('',#9417,#2075);
#1553=LINE('',#9421,#2076);
#1554=LINE('',#9424,#2077);
#1555=LINE('',#9425,#2078);
#1556=LINE('',#9442,#2079);
#1557=LINE('',#9444,#2080);
#1558=LINE('',#9445,#2081);
#1559=LINE('',#9447,#2082);
#1560=LINE('',#9451,#2083);
#1561=LINE('',#9455,#2084);
#1562=LINE('',#9459,#2085);
#1563=LINE('',#9463,#2086);
#1564=LINE('',#9467,#2087);
#1565=LINE('',#9471,#2088);
#1566=LINE('',#9475,#2089);
#1567=LINE('',#9480,#2090);
#1568=LINE('',#9483,#2091);
#1569=LINE('',#9484,#2092);
#1570=LINE('',#9488,#2093);
#1571=LINE('',#9493,#2094);
#1572=LINE('',#9497,#2095);
#1573=LINE('',#9501,#2096);
#1574=LINE('',#9505,#2097);
#1575=LINE('',#9509,#2098);
#1576=LINE('',#9513,#2099);
#1577=LINE('',#9517,#2100);
#1578=LINE('',#9521,#2101);
#1579=LINE('',#9524,#2102);
#1580=LINE('',#9525,#2103);
#1581=LINE('',#9539,#2104);
#1582=LINE('',#9541,#2105);
#1583=LINE('',#9542,#2106);
#1584=LINE('',#9545,#2107);
#1585=LINE('',#9546,#2108);
#1586=LINE('',#9549,#2109);
#1587=LINE('',#9550,#2110);
#1588=LINE('',#9553,#2111);
#1589=LINE('',#9554,#2112);
#1590=LINE('',#9556,#2113);
#1591=LINE('',#9559,#2114);
#1592=LINE('',#9560,#2115);
#1593=LINE('',#9562,#2116);
#1594=LINE('',#9565,#2117);
#1595=LINE('',#9566,#2118);
#1596=LINE('',#9569,#2119);
#1597=LINE('',#9570,#2120);
#1598=LINE('',#9573,#2121);
#1599=LINE('',#9574,#2122);
#1600=LINE('',#9594,#2123);
#1601=LINE('',#9603,#2124);
#1602=LINE('',#9607,#2125);
#1603=LINE('',#9612,#2126);
#1604=LINE('',#9614,#2127);
#1605=LINE('',#9629,#2128);
#1606=LINE('',#9655,#2129);
#1607=LINE('',#9664,#2130);
#1608=LINE('',#9668,#2131);
#1609=LINE('',#9673,#2132);
#1610=LINE('',#9675,#2133);
#1611=LINE('',#9688,#2134);
#1612=LINE('',#9931,#2135);
#1613=LINE('',#9934,#2136);
#1614=LINE('',#9938,#2137);
#1615=LINE('',#9940,#2138);
#1616=LINE('',#9941,#2139);
#1617=LINE('',#9943,#2140);
#1618=LINE('',#9945,#2141);
#1619=LINE('',#9947,#2142);
#1620=LINE('',#9950,#2143);
#1621=LINE('',#9954,#2144);
#1622=LINE('',#9955,#2145);
#1623=LINE('',#9958,#2146);
#1624=LINE('',#9977,#2147);
#1625=LINE('',#9984,#2148);
#1626=LINE('',#9992,#2149);
#1627=LINE('',#9995,#2150);
#1628=LINE('',#9996,#2151);
#1629=LINE('',#10000,#2152);
#1630=LINE('',#10002,#2153);
#1631=LINE('',#10003,#2154);
#1632=LINE('',#10008,#2155);
#1633=LINE('',#10037,#2156);
#1634=LINE('',#10042,#2157);
#1635=LINE('',#10051,#2158);
#1636=LINE('',#10055,#2159);
#1637=LINE('',#10056,#2160);
#1638=LINE('',#10057,#2161);
#1639=LINE('',#10061,#2162);
#1640=LINE('',#10063,#2163);
#1641=LINE('',#10066,#2164);
#1642=LINE('',#10073,#2165);
#1643=LINE('',#10074,#2166);
#1644=LINE('',#10078,#2167);
#1645=LINE('',#10334,#2168);
#1646=LINE('',#10337,#2169);
#1647=LINE('',#10338,#2170);
#1648=LINE('',#10342,#2171);
#1649=LINE('',#10343,#2172);
#1650=LINE('',#10347,#2173);
#1651=LINE('',#10350,#2174);
#1652=LINE('',#10351,#2175);
#1653=LINE('',#10355,#2176);
#1654=LINE('',#10358,#2177);
#1655=LINE('',#10359,#2178);
#1656=LINE('',#10363,#2179);
#1657=LINE('',#10365,#2180);
#1658=LINE('',#10369,#2181);
#1659=LINE('',#10372,#2182);
#1660=LINE('',#10373,#2183);
#1661=LINE('',#10377,#2184);
#1662=LINE('',#10380,#2185);
#1663=LINE('',#10381,#2186);
#1664=LINE('',#10384,#2187);
#1665=LINE('',#10385,#2188);
#1666=LINE('',#10388,#2189);
#1667=LINE('',#10389,#2190);
#1668=LINE('',#10392,#2191);
#1669=LINE('',#10394,#2192);
#1670=LINE('',#10395,#2193);
#1671=LINE('',#10398,#2194);
#1672=LINE('',#10399,#2195);
#1673=LINE('',#10422,#2196);
#1674=LINE('',#10424,#2197);
#1675=LINE('',#10466,#2198);
#1676=LINE('',#10468,#2199);
#1677=LINE('',#10480,#2200);
#1678=LINE('',#10482,#2201);
#1679=LINE('',#10499,#2202);
#1680=LINE('',#10501,#2203);
#1681=LINE('',#10503,#2204);
#1682=LINE('',#10505,#2205);
#1683=LINE('',#10507,#2206);
#1684=LINE('',#10518,#2207);
#1685=LINE('',#10536,#2208);
#1686=LINE('',#10538,#2209);
#1687=LINE('',#10560,#2210);
#1688=LINE('',#10562,#2211);
#1689=LINE('',#10584,#2212);
#1690=LINE('',#10586,#2213);
#1691=LINE('',#10588,#2214);
#1692=LINE('',#10590,#2215);
#1693=LINE('',#10592,#2216);
#1694=LINE('',#10629,#2217);
#1695=LINE('',#10631,#2218);
#1696=LINE('',#10633,#2219);
#1697=LINE('',#10645,#2220);
#1698=LINE('',#10647,#2221);
#1699=LINE('',#10649,#2222);
#1700=LINE('',#10656,#2223);
#1701=LINE('',#10658,#2224);
#1702=LINE('',#10685,#2225);
#1703=LINE('',#10687,#2226);
#1704=LINE('',#10709,#2227);
#1705=LINE('',#10710,#2228);
#1706=LINE('',#10713,#2229);
#1707=LINE('',#10715,#2230);
#1708=LINE('',#10716,#2231);
#1709=LINE('',#10718,#2232);
#1710=LINE('',#10721,#2233);
#1711=LINE('',#10722,#2234);
#1712=LINE('',#10725,#2235);
#1713=LINE('',#10727,#2236);
#1714=LINE('',#10729,#2237);
#1715=LINE('',#10731,#2238);
#1716=LINE('',#10733,#2239);
#1717=LINE('',#10735,#2240);
#1718=LINE('',#10737,#2241);
#1719=LINE('',#10738,#2242);
#1720=LINE('',#10742,#2243);
#1721=LINE('',#10746,#2244);
#1722=LINE('',#10750,#2245);
#1723=LINE('',#10754,#2246);
#1724=LINE('',#10757,#2247);
#1725=LINE('',#10763,#2248);
#1726=LINE('',#10766,#2249);
#1727=LINE('',#10768,#2250);
#1728=LINE('',#10772,#2251);
#1729=LINE('',#10775,#2252);
#1730=LINE('',#10777,#2253);
#1731=LINE('',#10779,#2254);
#1732=LINE('',#10781,#2255);
#1733=LINE('',#10783,#2256);
#1734=LINE('',#10785,#2257);
#1735=LINE('',#10787,#2258);
#1736=LINE('',#10790,#2259);
#1737=LINE('',#10792,#2260);
#1738=LINE('',#10794,#2261);
#1739=LINE('',#10796,#2262);
#1740=LINE('',#10798,#2263);
#1741=LINE('',#10800,#2264);
#1742=LINE('',#10802,#2265);
#1743=LINE('',#10817,#2266);
#1744=LINE('',#10818,#2267);
#1745=LINE('',#10832,#2268);
#1746=LINE('',#10846,#2269);
#1747=LINE('',#10860,#2270);
#1748=LINE('',#10863,#2271);
#1749=LINE('',#10864,#2272);
#1750=LINE('',#10867,#2273);
#1751=LINE('',#10868,#2274);
#1752=LINE('',#10882,#2275);
#1753=LINE('',#10896,#2276);
#1754=LINE('',#10910,#2277);
#1755=LINE('',#10924,#2278);
#1756=LINE('',#10938,#2279);
#1757=LINE('',#10952,#2280);
#1758=LINE('',#10966,#2281);
#1759=LINE('',#10980,#2282);
#1760=LINE('',#10983,#2283);
#1761=LINE('',#10984,#2284);
#1762=LINE('',#10987,#2285);
#1763=LINE('',#10988,#2286);
#1764=LINE('',#11002,#2287);
#1765=LINE('',#11018,#2288);
#1766=LINE('',#11019,#2289);
#1767=LINE('',#11020,#2290);
#1768=LINE('',#11023,#2291);
#1769=LINE('',#11024,#2292);
#1770=LINE('',#11038,#2293);
#1771=LINE('',#11052,#2294);
#1772=LINE('',#11066,#2295);
#1773=LINE('',#11069,#2296);
#1774=LINE('',#11070,#2297);
#1775=LINE('',#11073,#2298);
#1776=LINE('',#11074,#2299);
#1777=LINE('',#11077,#2300);
#1778=LINE('',#11078,#2301);
#1779=LINE('',#11081,#2302);
#1780=LINE('',#11082,#2303);
#1781=LINE('',#11085,#2304);
#1782=LINE('',#11086,#2305);
#1783=LINE('',#11100,#2306);
#1784=LINE('',#11114,#2307);
#1785=LINE('',#11116,#2308);
#1786=LINE('',#11131,#2309);
#1787=LINE('',#11132,#2310);
#1788=LINE('',#11146,#2311);
#1789=LINE('',#11160,#2312);
#1790=LINE('',#11163,#2313);
#1791=LINE('',#11164,#2314);
#1792=LINE('',#11167,#2315);
#1793=LINE('',#11168,#2316);
#1794=LINE('',#11182,#2317);
#1795=LINE('',#11196,#2318);
#1796=LINE('',#11210,#2319);
#1797=LINE('',#11224,#2320);
#1798=LINE('',#11227,#2321);
#1799=LINE('',#11228,#2322);
#1800=LINE('',#11231,#2323);
#1801=LINE('',#11232,#2324);
#1802=LINE('',#11246,#2325);
#1803=LINE('',#11273,#2326);
#1804=LINE('',#11274,#2327);
#1805=LINE('',#11288,#2328);
#1806=LINE('',#11291,#2329);
#1807=LINE('',#11292,#2330);
#1808=LINE('',#11295,#2331);
#1809=LINE('',#11296,#2332);
#1810=LINE('',#11299,#2333);
#1811=LINE('',#11300,#2334);
#1812=LINE('',#11303,#2335);
#1813=LINE('',#11304,#2336);
#1814=LINE('',#11307,#2337);
#1815=LINE('',#11308,#2338);
#1816=LINE('',#11322,#2339);
#1817=LINE('',#11349,#2340);
#1818=LINE('',#11350,#2341);
#1819=LINE('',#11364,#2342);
#1820=LINE('',#11378,#2343);
#1821=LINE('',#11405,#2344);
#1822=LINE('',#11406,#2345);
#1823=LINE('',#11409,#2346);
#1824=LINE('',#11410,#2347);
#1825=LINE('',#11413,#2348);
#1826=LINE('',#11414,#2349);
#1827=LINE('',#11417,#2350);
#1828=LINE('',#11418,#2351);
#1829=LINE('',#11432,#2352);
#1830=LINE('',#11446,#2353);
#1831=LINE('',#11449,#2354);
#1832=LINE('',#11450,#2355);
#1833=LINE('',#11453,#2356);
#1834=LINE('',#11454,#2357);
#1835=LINE('',#11457,#2358);
#1836=LINE('',#11458,#2359);
#1837=LINE('',#11474,#2360);
#1838=LINE('',#11475,#2361);
#1839=LINE('',#11476,#2362);
#1840=LINE('',#11479,#2363);
#1841=LINE('',#11480,#2364);
#1842=LINE('',#11494,#2365);
#1843=LINE('',#11508,#2366);
#1844=LINE('',#11522,#2367);
#1845=LINE('',#11536,#2368);
#1846=LINE('',#11550,#2369);
#1847=LINE('',#11553,#2370);
#1848=LINE('',#11554,#2371);
#1849=LINE('',#11557,#2372);
#1850=LINE('',#11558,#2373);
#1851=LINE('',#11572,#2374);
#1852=LINE('',#11586,#2375);
#1853=LINE('',#11600,#2376);
#1854=LINE('',#11614,#2377);
#1855=LINE('',#11617,#2378);
#1856=LINE('',#11618,#2379);
#1857=LINE('',#11620,#2380);
#1858=LINE('',#11622,#2381);
#1859=LINE('',#11636,#2382);
#1860=LINE('',#11659,#2383);
#1861=LINE('',#11716,#2384);
#1862=LINE('',#11722,#2385);
#1863=LINE('',#11725,#2386);
#1864=LINE('',#11726,#2387);
#1865=LINE('',#11748,#2388);
#1866=LINE('',#11754,#2389);
#1867=LINE('',#11768,#2390);
#1868=LINE('',#11782,#2391);
#1869=LINE('',#11785,#2392);
#1870=LINE('',#11786,#2393);
#1871=LINE('',#11808,#2394);
#1872=LINE('',#11814,#2395);
#1873=LINE('',#11828,#2396);
#1874=LINE('',#11842,#2397);
#1875=LINE('',#11856,#2398);
#1876=LINE('',#11870,#2399);
#1877=LINE('',#11884,#2400);
#1878=LINE('',#11898,#2401);
#1879=VECTOR('',#6877,10.);
#1880=VECTOR('',#6878,10.);
#1881=VECTOR('',#6879,10.);
#1882=VECTOR('',#6880,10.);
#1883=VECTOR('',#6883,10.);
#1884=VECTOR('',#6884,10.);
#1885=VECTOR('',#6885,10.);
#1886=VECTOR('',#6888,10.);
#1887=VECTOR('',#6889,10.);
#1888=VECTOR('',#6890,10.);
#1889=VECTOR('',#6891,10.);
#1890=VECTOR('',#6894,10.);
#1891=VECTOR('',#6895,10.);
#1892=VECTOR('',#6896,10.);
#1893=VECTOR('',#6901,1.825);
#1894=VECTOR('',#6906,10.);
#1895=VECTOR('',#6907,10.);
#1896=VECTOR('',#6910,10.);
#1897=VECTOR('',#6913,10.);
#1898=VECTOR('',#6914,10.);
#1899=VECTOR('',#6915,10.);
#1900=VECTOR('',#6916,10.);
#1901=VECTOR('',#6917,10.);
#1902=VECTOR('',#6918,10.);
#1903=VECTOR('',#6919,10.);
#1904=VECTOR('',#6920,10.);
#1905=VECTOR('',#6921,10.);
#1906=VECTOR('',#6922,10.);
#1907=VECTOR('',#6923,10.);
#1908=VECTOR('',#6924,10.);
#1909=VECTOR('',#6925,10.);
#1910=VECTOR('',#6926,10.);
#1911=VECTOR('',#6929,1.625);
#1912=VECTOR('',#6934,10.);
#1913=VECTOR('',#6945,10.);
#1914=VECTOR('',#6946,10.);
#1915=VECTOR('',#6949,10.);
#1916=VECTOR('',#6952,10.);
#1917=VECTOR('',#6955,10.);
#1918=VECTOR('',#6958,10.);
#1919=VECTOR('',#6961,10.);
#1920=VECTOR('',#6964,10.);
#1921=VECTOR('',#6967,10.);
#1922=VECTOR('',#6970,10.);
#1923=VECTOR('',#6973,10.);
#1924=VECTOR('',#7000,10.);
#1925=VECTOR('',#7001,10.);
#1926=VECTOR('',#7002,10.);
#1927=VECTOR('',#7005,10.);
#1928=VECTOR('',#7006,10.);
#1929=VECTOR('',#7007,10.);
#1930=VECTOR('',#7008,10.);
#1931=VECTOR('',#7009,10.);
#1932=VECTOR('',#7010,10.);
#1933=VECTOR('',#7011,10.);
#1934=VECTOR('',#7012,10.);
#1935=VECTOR('',#7013,10.);
#1936=VECTOR('',#7014,10.);
#1937=VECTOR('',#7015,10.);
#1938=VECTOR('',#7016,10.);
#1939=VECTOR('',#7017,10.);
#1940=VECTOR('',#7018,10.);
#1941=VECTOR('',#7019,10.);
#1942=VECTOR('',#7020,10.);
#1943=VECTOR('',#7021,10.);
#1944=VECTOR('',#7022,10.);
#1945=VECTOR('',#7023,10.);
#1946=VECTOR('',#7024,10.);
#1947=VECTOR('',#7025,10.);
#1948=VECTOR('',#7028,10.);
#1949=VECTOR('',#7031,10.);
#1950=VECTOR('',#7034,10.);
#1951=VECTOR('',#7037,10.);
#1952=VECTOR('',#7046,10.);
#1953=VECTOR('',#7047,10.);
#1954=VECTOR('',#7048,10.);
#1955=VECTOR('',#7051,10.);
#1956=VECTOR('',#7052,10.);
#1957=VECTOR('',#7053,10.);
#1958=VECTOR('',#7056,10.);
#1959=VECTOR('',#7057,10.);
#1960=VECTOR('',#7060,10.);
#1961=VECTOR('',#7061,10.);
#1962=VECTOR('',#7062,10.);
#1963=VECTOR('',#7069,10.);
#1964=VECTOR('',#7070,10.);
#1965=VECTOR('',#7071,10.);
#1966=VECTOR('',#7074,10.);
#1967=VECTOR('',#7083,10.);
#1968=VECTOR('',#7092,10.);
#1969=VECTOR('',#7093,10.);
#1970=VECTOR('',#7094,10.);
#1971=VECTOR('',#7095,10.);
#1972=VECTOR('',#7098,10.);
#1973=VECTOR('',#7099,10.);
#1974=VECTOR('',#7102,10.);
#1975=VECTOR('',#7105,10.);
#1976=VECTOR('',#7106,10.);
#1977=VECTOR('',#7109,10.);
#1978=VECTOR('',#7116,10.);
#1979=VECTOR('',#7119,1.825);
#1980=VECTOR('',#7124,1.625);
#1981=VECTOR('',#7129,1.825);
#1982=VECTOR('',#7134,1.625);
#1983=VECTOR('',#7139,10.);
#1984=VECTOR('',#7140,10.);
#1985=VECTOR('',#7145,10.);
#1986=VECTOR('',#7150,10.);
#1987=VECTOR('',#7151,10.);
#1988=VECTOR('',#7154,10.);
#1989=VECTOR('',#7159,10.);
#1990=VECTOR('',#7160,10.);
#1991=VECTOR('',#7163,10.);
#1992=VECTOR('',#7168,10.);
#1993=VECTOR('',#7169,10.);
#1994=VECTOR('',#7172,10.);
#1995=VECTOR('',#7177,10.);
#1996=VECTOR('',#7178,10.);
#1997=VECTOR('',#7195,10.);
#1998=VECTOR('',#7208,10.);
#1999=VECTOR('',#7209,10.);
#2000=VECTOR('',#7210,10.);
#2001=VECTOR('',#7213,10.);
#2002=VECTOR('',#7214,10.);
#2003=VECTOR('',#7217,10.);
#2004=VECTOR('',#7218,10.);
#2005=VECTOR('',#7223,10.);
#2006=VECTOR('',#7224,10.);
#2007=VECTOR('',#7227,10.);
#2008=VECTOR('',#7228,10.);
#2009=VECTOR('',#7233,10.);
#2010=VECTOR('',#7238,10.);
#2011=VECTOR('',#7249,10.);
#2012=VECTOR('',#7252,10.);
#2013=VECTOR('',#7253,10.);
#2014=VECTOR('',#7256,10.);
#2015=VECTOR('',#7261,10.);
#2016=VECTOR('',#7262,10.);
#2017=VECTOR('',#7265,10.);
#2018=VECTOR('',#7270,10.);
#2019=VECTOR('',#7275,10.);
#2020=VECTOR('',#7278,10.);
#2021=VECTOR('',#7287,10.);
#2022=VECTOR('',#7288,10.);
#2023=VECTOR('',#7289,10.);
#2024=VECTOR('',#7292,10.);
#2025=VECTOR('',#7297,10.);
#2026=VECTOR('',#7310,10.);
#2027=VECTOR('',#7313,10.);
#2028=VECTOR('',#7324,10.);
#2029=VECTOR('',#7331,10.);
#2030=VECTOR('',#7332,10.);
#2031=VECTOR('',#7335,10.);
#2032=VECTOR('',#7336,10.);
#2033=VECTOR('',#7337,10.);
#2034=VECTOR('',#7342,10.);
#2035=VECTOR('',#7343,10.);
#2036=VECTOR('',#7344,10.);
#2037=VECTOR('',#7351,10.);
#2038=VECTOR('',#7352,10.);
#2039=VECTOR('',#7353,10.);
#2040=VECTOR('',#7356,10.);
#2041=VECTOR('',#7357,10.);
#2042=VECTOR('',#7358,10.);
#2043=VECTOR('',#7361,10.);
#2044=VECTOR('',#7362,10.);
#2045=VECTOR('',#7365,10.);
#2046=VECTOR('',#7366,10.);
#2047=VECTOR('',#7367,10.);
#2048=VECTOR('',#7370,10.);
#2049=VECTOR('',#7371,10.);
#2050=VECTOR('',#7372,10.);
#2051=VECTOR('',#7375,10.);
#2052=VECTOR('',#7378,10.);
#2053=VECTOR('',#7381,10.);
#2054=VECTOR('',#7384,10.);
#2055=VECTOR('',#7387,10.);
#2056=VECTOR('',#7388,10.);
#2057=VECTOR('',#7395,10.);
#2058=VECTOR('',#7396,10.);
#2059=VECTOR('',#7397,10.);
#2060=VECTOR('',#7400,10.);
#2061=VECTOR('',#7401,10.);
#2062=VECTOR('',#7402,10.);
#2063=VECTOR('',#7405,10.);
#2064=VECTOR('',#7406,10.);
#2065=VECTOR('',#7409,10.);
#2066=VECTOR('',#7410,10.);
#2067=VECTOR('',#7413,10.);
#2068=VECTOR('',#7414,10.);
#2069=VECTOR('',#7415,10.);
#2070=VECTOR('',#7418,10.);
#2071=VECTOR('',#7419,10.);
#2072=VECTOR('',#7422,10.);
#2073=VECTOR('',#7423,10.);
#2074=VECTOR('',#7426,10.);
#2075=VECTOR('',#7427,10.);
#2076=VECTOR('',#7432,10.);
#2077=VECTOR('',#7435,10.);
#2078=VECTOR('',#7436,10.);
#2079=VECTOR('',#7449,10.);
#2080=VECTOR('',#7450,10.);
#2081=VECTOR('',#7451,10.);
#2082=VECTOR('',#7452,10.);
#2083=VECTOR('',#7455,10.);
#2084=VECTOR('',#7458,10.);
#2085=VECTOR('',#7461,10.);
#2086=VECTOR('',#7464,10.);
#2087=VECTOR('',#7467,10.);
#2088=VECTOR('',#7470,10.);
#2089=VECTOR('',#7473,10.);
#2090=VECTOR('',#7480,10.);
#2091=VECTOR('',#7483,10.);
#2092=VECTOR('',#7484,10.);
#2093=VECTOR('',#7489,10.);
#2094=VECTOR('',#7494,10.);
#2095=VECTOR('',#7497,10.);
#2096=VECTOR('',#7500,10.);
#2097=VECTOR('',#7503,10.);
#2098=VECTOR('',#7506,10.);
#2099=VECTOR('',#7509,10.);
#2100=VECTOR('',#7512,10.);
#2101=VECTOR('',#7515,10.);
#2102=VECTOR('',#7518,10.);
#2103=VECTOR('',#7519,10.);
#2104=VECTOR('',#7528,10.);
#2105=VECTOR('',#7529,10.);
#2106=VECTOR('',#7530,10.);
#2107=VECTOR('',#7533,10.);
#2108=VECTOR('',#7534,10.);
#2109=VECTOR('',#7537,10.);
#2110=VECTOR('',#7538,10.);
#2111=VECTOR('',#7541,10.);
#2112=VECTOR('',#7542,10.);
#2113=VECTOR('',#7545,10.);
#2114=VECTOR('',#7548,10.);
#2115=VECTOR('',#7549,10.);
#2116=VECTOR('',#7552,10.);
#2117=VECTOR('',#7555,10.);
#2118=VECTOR('',#7556,10.);
#2119=VECTOR('',#7559,10.);
#2120=VECTOR('',#7560,10.);
#2121=VECTOR('',#7563,10.);
#2122=VECTOR('',#7564,10.);
#2123=VECTOR('',#7573,10.);
#2124=VECTOR('',#7580,10.);
#2125=VECTOR('',#7585,10.);
#2126=VECTOR('',#7592,10.);
#2127=VECTOR('',#7595,10.);
#2128=VECTOR('',#7602,10.);
#2129=VECTOR('',#7609,10.);
#2130=VECTOR('',#7616,10.);
#2131=VECTOR('',#7621,10.);
#2132=VECTOR('',#7628,10.);
#2133=VECTOR('',#7631,10.);
#2134=VECTOR('',#7636,10.);
#2135=VECTOR('',#7665,10.);
#2136=VECTOR('',#7668,10.);
#2137=VECTOR('',#7673,10.);
#2138=VECTOR('',#7674,10.);
#2139=VECTOR('',#7675,10.);
#2140=VECTOR('',#7678,10.);
#2141=VECTOR('',#7681,10.);
#2142=VECTOR('',#7684,10.);
#2143=VECTOR('',#7687,10.);
#2144=VECTOR('',#7692,10.);
#2145=VECTOR('',#7693,10.);
#2146=VECTOR('',#7696,10.);
#2147=VECTOR('',#7705,10.);
#2148=VECTOR('',#7714,10.);
#2149=VECTOR('',#7723,10.);
#2150=VECTOR('',#7726,10.);
#2151=VECTOR('',#7727,10.);
#2152=VECTOR('',#7732,10.);
#2153=VECTOR('',#7735,10.);
#2154=VECTOR('',#7736,10.);
#2155=VECTOR('',#7741,10.);
#2156=VECTOR('',#7748,10.);
#2157=VECTOR('',#7755,10.);
#2158=VECTOR('',#7764,10.);
#2159=VECTOR('',#7769,10.);
#2160=VECTOR('',#7770,10.);
#2161=VECTOR('',#7771,10.);
#2162=VECTOR('',#7776,10.);
#2163=VECTOR('',#7779,10.);
#2164=VECTOR('',#7782,10.);
#2165=VECTOR('',#7785,10.);
#2166=VECTOR('',#7786,10.);
#2167=VECTOR('',#7791,10.);
#2168=VECTOR('',#7818,10.);
#2169=VECTOR('',#7823,10.);
#2170=VECTOR('',#7824,10.);
#2171=VECTOR('',#7829,10.);
#2172=VECTOR('',#7830,10.);
#2173=VECTOR('',#7835,10.);
#2174=VECTOR('',#7838,10.);
#2175=VECTOR('',#7839,10.);
#2176=VECTOR('',#7844,10.);
#2177=VECTOR('',#7847,10.);
#2178=VECTOR('',#7848,10.);
#2179=VECTOR('',#7853,10.);
#2180=VECTOR('',#7856,10.);
#2181=VECTOR('',#7861,10.);
#2182=VECTOR('',#7864,10.);
#2183=VECTOR('',#7865,10.);
#2184=VECTOR('',#7870,10.);
#2185=VECTOR('',#7873,10.);
#2186=VECTOR('',#7874,10.);
#2187=VECTOR('',#7877,10.);
#2188=VECTOR('',#7878,10.);
#2189=VECTOR('',#7881,10.);
#2190=VECTOR('',#7882,10.);
#2191=VECTOR('',#7885,10.);
#2192=VECTOR('',#7886,10.);
#2193=VECTOR('',#7887,10.);
#2194=VECTOR('',#7890,10.);
#2195=VECTOR('',#7891,10.);
#2196=VECTOR('',#7892,10.);
#2197=VECTOR('',#7893,10.);
#2198=VECTOR('',#7894,10.);
#2199=VECTOR('',#7895,10.);
#2200=VECTOR('',#7896,10.);
#2201=VECTOR('',#7897,10.);
#2202=VECTOR('',#7898,10.);
#2203=VECTOR('',#7899,10.);
#2204=VECTOR('',#7900,10.);
#2205=VECTOR('',#7901,10.);
#2206=VECTOR('',#7902,10.);
#2207=VECTOR('',#7903,10.);
#2208=VECTOR('',#7904,10.);
#2209=VECTOR('',#7905,10.);
#2210=VECTOR('',#7906,10.);
#2211=VECTOR('',#7907,10.);
#2212=VECTOR('',#7908,10.);
#2213=VECTOR('',#7909,10.);
#2214=VECTOR('',#7910,10.);
#2215=VECTOR('',#7911,10.);
#2216=VECTOR('',#7912,10.);
#2217=VECTOR('',#7913,10.);
#2218=VECTOR('',#7914,10.);
#2219=VECTOR('',#7915,10.);
#2220=VECTOR('',#7916,10.);
#2221=VECTOR('',#7917,10.);
#2222=VECTOR('',#7918,10.);
#2223=VECTOR('',#7919,10.);
#2224=VECTOR('',#7920,10.);
#2225=VECTOR('',#7921,10.);
#2226=VECTOR('',#7922,10.);
#2227=VECTOR('',#7923,10.);
#2228=VECTOR('',#7924,10.);
#2229=VECTOR('',#7927,10.);
#2230=VECTOR('',#7928,10.);
#2231=VECTOR('',#7929,10.);
#2232=VECTOR('',#7932,10.);
#2233=VECTOR('',#7935,10.);
#2234=VECTOR('',#7936,10.);
#2235=VECTOR('',#7939,10.);
#2236=VECTOR('',#7940,10.);
#2237=VECTOR('',#7941,10.);
#2238=VECTOR('',#7942,10.);
#2239=VECTOR('',#7943,10.);
#2240=VECTOR('',#7944,10.);
#2241=VECTOR('',#7945,10.);
#2242=VECTOR('',#7946,10.);
#2243=VECTOR('',#7949,10.);
#2244=VECTOR('',#7952,10.);
#2245=VECTOR('',#7955,10.);
#2246=VECTOR('',#7958,10.);
#2247=VECTOR('',#7963,10.);
#2248=VECTOR('',#7974,10.);
#2249=VECTOR('',#7979,10.);
#2250=VECTOR('',#7982,10.);
#2251=VECTOR('',#7989,10.);
#2252=VECTOR('',#7994,10.);
#2253=VECTOR('',#7997,10.);
#2254=VECTOR('',#8000,10.);
#2255=VECTOR('',#8003,10.);
#2256=VECTOR('',#8006,10.);
#2257=VECTOR('',#8009,10.);
#2258=VECTOR('',#8012,10.);
#2259=VECTOR('',#8017,10.);
#2260=VECTOR('',#8020,10.);
#2261=VECTOR('',#8023,10.);
#2262=VECTOR('',#8026,10.);
#2263=VECTOR('',#8029,10.);
#2264=VECTOR('',#8032,10.);
#2265=VECTOR('',#8035,10.);
#2266=VECTOR('',#8036,10.);
#2267=VECTOR('',#8037,10.);
#2268=VECTOR('',#8038,10.);
#2269=VECTOR('',#8039,10.);
#2270=VECTOR('',#8040,10.);
#2271=VECTOR('',#8043,10.);
#2272=VECTOR('',#8044,10.);
#2273=VECTOR('',#8047,10.);
#2274=VECTOR('',#8048,10.);
#2275=VECTOR('',#8049,10.);
#2276=VECTOR('',#8050,10.);
#2277=VECTOR('',#8051,10.);
#2278=VECTOR('',#8052,10.);
#2279=VECTOR('',#8053,10.);
#2280=VECTOR('',#8054,10.);
#2281=VECTOR('',#8055,10.);
#2282=VECTOR('',#8056,10.);
#2283=VECTOR('',#8059,10.);
#2284=VECTOR('',#8060,10.);
#2285=VECTOR('',#8063,10.);
#2286=VECTOR('',#8064,10.);
#2287=VECTOR('',#8065,10.);
#2288=VECTOR('',#8068,10.);
#2289=VECTOR('',#8069,10.);
#2290=VECTOR('',#8070,10.);
#2291=VECTOR('',#8073,10.);
#2292=VECTOR('',#8074,10.);
#2293=VECTOR('',#8075,10.);
#2294=VECTOR('',#8076,10.);
#2295=VECTOR('',#8077,10.);
#2296=VECTOR('',#8080,10.);
#2297=VECTOR('',#8081,10.);
#2298=VECTOR('',#8084,10.);
#2299=VECTOR('',#8085,10.);
#2300=VECTOR('',#8088,10.);
#2301=VECTOR('',#8089,10.);
#2302=VECTOR('',#8092,10.);
#2303=VECTOR('',#8093,10.);
#2304=VECTOR('',#8096,10.);
#2305=VECTOR('',#8097,10.);
#2306=VECTOR('',#8098,10.);
#2307=VECTOR('',#8099,10.);
#2308=VECTOR('',#8102,10.);
#2309=VECTOR('',#8103,10.);
#2310=VECTOR('',#8104,10.);
#2311=VECTOR('',#8105,10.);
#2312=VECTOR('',#8106,10.);
#2313=VECTOR('',#8109,10.);
#2314=VECTOR('',#8110,10.);
#2315=VECTOR('',#8113,10.);
#2316=VECTOR('',#8114,10.);
#2317=VECTOR('',#8115,10.);
#2318=VECTOR('',#8116,10.);
#2319=VECTOR('',#8117,10.);
#2320=VECTOR('',#8118,10.);
#2321=VECTOR('',#8121,10.);
#2322=VECTOR('',#8122,10.);
#2323=VECTOR('',#8125,10.);
#2324=VECTOR('',#8126,10.);
#2325=VECTOR('',#8127,10.);
#2326=VECTOR('',#8128,10.);
#2327=VECTOR('',#8129,10.);
#2328=VECTOR('',#8130,10.);
#2329=VECTOR('',#8133,10.);
#2330=VECTOR('',#8134,10.);
#2331=VECTOR('',#8137,10.);
#2332=VECTOR('',#8138,10.);
#2333=VECTOR('',#8141,10.);
#2334=VECTOR('',#8142,10.);
#2335=VECTOR('',#8145,10.);
#2336=VECTOR('',#8146,10.);
#2337=VECTOR('',#8149,10.);
#2338=VECTOR('',#8150,10.);
#2339=VECTOR('',#8151,10.);
#2340=VECTOR('',#8152,10.);
#2341=VECTOR('',#8153,10.);
#2342=VECTOR('',#8154,10.);
#2343=VECTOR('',#8155,10.);
#2344=VECTOR('',#8156,10.);
#2345=VECTOR('',#8157,10.);
#2346=VECTOR('',#8160,10.);
#2347=VECTOR('',#8161,10.);
#2348=VECTOR('',#8164,10.);
#2349=VECTOR('',#8165,10.);
#2350=VECTOR('',#8168,10.);
#2351=VECTOR('',#8169,10.);
#2352=VECTOR('',#8170,10.);
#2353=VECTOR('',#8171,10.);
#2354=VECTOR('',#8174,10.);
#2355=VECTOR('',#8175,10.);
#2356=VECTOR('',#8178,10.);
#2357=VECTOR('',#8179,10.);
#2358=VECTOR('',#8182,10.);
#2359=VECTOR('',#8183,10.);
#2360=VECTOR('',#8186,10.);
#2361=VECTOR('',#8187,10.);
#2362=VECTOR('',#8188,10.);
#2363=VECTOR('',#8191,10.);
#2364=VECTOR('',#8192,10.);
#2365=VECTOR('',#8193,10.);
#2366=VECTOR('',#8194,10.);
#2367=VECTOR('',#8195,10.);
#2368=VECTOR('',#8196,10.);
#2369=VECTOR('',#8197,10.);
#2370=VECTOR('',#8200,10.);
#2371=VECTOR('',#8201,10.);
#2372=VECTOR('',#8204,10.);
#2373=VECTOR('',#8205,10.);
#2374=VECTOR('',#8206,10.);
#2375=VECTOR('',#8207,10.);
#2376=VECTOR('',#8208,10.);
#2377=VECTOR('',#8209,10.);
#2378=VECTOR('',#8212,10.);
#2379=VECTOR('',#8213,10.);
#2380=VECTOR('',#8216,10.);
#2381=VECTOR('',#8219,10.);
#2382=VECTOR('',#8232,10.);
#2383=VECTOR('',#8235,10.);
#2384=VECTOR('',#8242,10.);
#2385=VECTOR('',#8243,10.);
#2386=VECTOR('',#8246,10.);
#2387=VECTOR('',#8247,10.);
#2388=VECTOR('',#8248,10.);
#2389=VECTOR('',#8249,10.);
#2390=VECTOR('',#8250,10.);
#2391=VECTOR('',#8251,10.);
#2392=VECTOR('',#8254,10.);
#2393=VECTOR('',#8255,10.);
#2394=VECTOR('',#8256,10.);
#2395=VECTOR('',#8257,10.);
#2396=VECTOR('',#8258,10.);
#2397=VECTOR('',#8259,10.);
#2398=VECTOR('',#8260,10.);
#2399=VECTOR('',#8261,10.);
#2400=VECTOR('',#8262,10.);
#2401=VECTOR('',#8263,10.);
#2402=VERTEX_POINT('',#8272);
#2403=VERTEX_POINT('',#8273);
#2404=VERTEX_POINT('',#8275);
#2405=VERTEX_POINT('',#8277);
#2406=VERTEX_POINT('',#8281);
#2407=VERTEX_POINT('',#8283);
#2408=VERTEX_POINT('',#8287);
#2409=VERTEX_POINT('',#8288);
#2410=VERTEX_POINT('',#8290);
#2411=VERTEX_POINT('',#8292);
#2412=VERTEX_POINT('',#8296);
#2413=VERTEX_POINT('',#8298);
#2414=VERTEX_POINT('',#8302);
#2415=VERTEX_POINT('',#8304);
#2416=VERTEX_POINT('',#8308);
#2417=VERTEX_POINT('',#8310);
#2418=VERTEX_POINT('',#8315);
#2419=VERTEX_POINT('',#8317);
#2420=VERTEX_POINT('',#8319);
#2421=VERTEX_POINT('',#8321);
#2422=VERTEX_POINT('',#8323);
#2423=VERTEX_POINT('',#8325);
#2424=VERTEX_POINT('',#8327);
#2425=VERTEX_POINT('',#8329);
#2426=VERTEX_POINT('',#8331);
#2427=VERTEX_POINT('',#8333);
#2428=VERTEX_POINT('',#8335);
#2429=VERTEX_POINT('',#8337);
#2430=VERTEX_POINT('',#8339);
#2431=VERTEX_POINT('',#8341);
#2432=VERTEX_POINT('',#8343);
#2433=VERTEX_POINT('',#8345);
#2434=VERTEX_POINT('',#8347);
#2435=VERTEX_POINT('',#8349);
#2436=VERTEX_POINT('',#8354);
#2437=VERTEX_POINT('',#8361);
#2438=VERTEX_POINT('',#8380);
#2439=VERTEX_POINT('',#8381);
#2440=VERTEX_POINT('',#8386);
#2441=VERTEX_POINT('',#8405);
#2442=VERTEX_POINT('',#8411);
#2443=VERTEX_POINT('',#8413);
#2444=VERTEX_POINT('',#8415);
#2445=VERTEX_POINT('',#8426);
#2446=VERTEX_POINT('',#8428);
#2447=VERTEX_POINT('',#8430);
#2448=VERTEX_POINT('',#8432);
#2449=VERTEX_POINT('',#8434);
#2450=VERTEX_POINT('',#8436);
#2451=VERTEX_POINT('',#8438);
#2452=VERTEX_POINT('',#8440);
#2453=VERTEX_POINT('',#8442);
#2454=VERTEX_POINT('',#8444);
#2455=VERTEX_POINT('',#8446);
#2456=VERTEX_POINT('',#8448);
#2457=VERTEX_POINT('',#8450);
#2458=VERTEX_POINT('',#8452);
#2459=VERTEX_POINT('',#8454);
#2460=VERTEX_POINT('',#8456);
#2461=VERTEX_POINT('',#8460);
#2462=VERTEX_POINT('',#8462);
#2463=VERTEX_POINT('',#8488);
#2464=VERTEX_POINT('',#8493);
#2465=VERTEX_POINT('',#8498);
#2466=VERTEX_POINT('',#8511);
#2467=VERTEX_POINT('',#8516);
#2468=VERTEX_POINT('',#8518);
#2469=VERTEX_POINT('',#8523);
#2470=VERTEX_POINT('',#8525);
#2471=VERTEX_POINT('',#8530);
#2472=VERTEX_POINT('',#8532);
#2473=VERTEX_POINT('',#8538);
#2474=VERTEX_POINT('',#8540);
#2475=VERTEX_POINT('',#8542);
#2476=VERTEX_POINT('',#8547);
#2477=VERTEX_POINT('',#8549);
#2478=VERTEX_POINT('',#8554);
#2479=VERTEX_POINT('',#8556);
#2480=VERTEX_POINT('',#8561);
#2481=VERTEX_POINT('',#8563);
#2482=VERTEX_POINT('',#8568);
#2483=VERTEX_POINT('',#8572);
#2484=VERTEX_POINT('',#8574);
#2485=VERTEX_POINT('',#8576);
#2486=VERTEX_POINT('',#8582);
#2487=VERTEX_POINT('',#8584);
#2488=VERTEX_POINT('',#8586);
#2489=VERTEX_POINT('',#8588);
#2490=VERTEX_POINT('',#8590);
#2491=VERTEX_POINT('',#8592);
#2492=VERTEX_POINT('',#8594);
#2493=VERTEX_POINT('',#8596);
#2494=VERTEX_POINT('',#8598);
#2495=VERTEX_POINT('',#8600);
#2496=VERTEX_POINT('',#8602);
#2497=VERTEX_POINT('',#8604);
#2498=VERTEX_POINT('',#8606);
#2499=VERTEX_POINT('',#8608);
#2500=VERTEX_POINT('',#8610);
#2501=VERTEX_POINT('',#8612);
#2502=VERTEX_POINT('',#8614);
#2503=VERTEX_POINT('',#8616);
#2504=VERTEX_POINT('',#8618);
#2505=VERTEX_POINT('',#8620);
#2506=VERTEX_POINT('',#8622);
#2507=VERTEX_POINT('',#8627);
#2508=VERTEX_POINT('',#8629);
#2509=VERTEX_POINT('',#8631);
#2510=VERTEX_POINT('',#8633);
#2511=VERTEX_POINT('',#8635);
#2512=VERTEX_POINT('',#8637);
#2513=VERTEX_POINT('',#8639);
#2514=VERTEX_POINT('',#8641);
#2515=VERTEX_POINT('',#8643);
#2516=VERTEX_POINT('',#8646);
#2517=VERTEX_POINT('',#8648);
#2518=VERTEX_POINT('',#8651);
#2519=VERTEX_POINT('',#8653);
#2520=VERTEX_POINT('',#8657);
#2521=VERTEX_POINT('',#8659);
#2522=VERTEX_POINT('',#8663);
#2523=VERTEX_POINT('',#8667);
#2524=VERTEX_POINT('',#8669);
#2525=VERTEX_POINT('',#8690);
#2526=VERTEX_POINT('',#8691);
#2527=VERTEX_POINT('',#8696);
#2528=VERTEX_POINT('',#8714);
#2529=VERTEX_POINT('',#8716);
#2530=VERTEX_POINT('',#8720);
#2531=VERTEX_POINT('',#8743);
#2532=VERTEX_POINT('',#8748);
#2533=VERTEX_POINT('',#8760);
#2534=VERTEX_POINT('',#8762);
#2535=VERTEX_POINT('',#8764);
#2536=VERTEX_POINT('',#8771);
#2537=VERTEX_POINT('',#8773);
#2538=VERTEX_POINT('',#8781);
#2539=VERTEX_POINT('',#8783);
#2540=VERTEX_POINT('',#8785);
#2541=VERTEX_POINT('',#8789);
#2542=VERTEX_POINT('',#8793);
#2543=VERTEX_POINT('',#8799);
#2544=VERTEX_POINT('',#8801);
#2545=VERTEX_POINT('',#8803);
#2546=VERTEX_POINT('',#8846);
#2547=VERTEX_POINT('',#8850);
#2548=VERTEX_POINT('',#8854);
#2549=VERTEX_POINT('',#8858);
#2550=VERTEX_POINT('',#8862);
#2551=VERTEX_POINT('',#8863);
#2552=VERTEX_POINT('',#8867);
#2553=VERTEX_POINT('',#8870);
#2554=VERTEX_POINT('',#8877);
#2555=VERTEX_POINT('',#8881);
#2556=VERTEX_POINT('',#8885);
#2557=VERTEX_POINT('',#8889);
#2558=VERTEX_POINT('',#8893);
#2559=VERTEX_POINT('',#8897);
#2560=VERTEX_POINT('',#8901);
#2561=VERTEX_POINT('',#8905);
#2562=VERTEX_POINT('',#8911);
#2563=VERTEX_POINT('',#8916);
#2564=VERTEX_POINT('',#8918);
#2565=VERTEX_POINT('',#8923);
#2566=VERTEX_POINT('',#8925);
#2567=VERTEX_POINT('',#8930);
#2568=VERTEX_POINT('',#8932);
#2569=VERTEX_POINT('',#8937);
#2570=VERTEX_POINT('',#8939);
#2571=VERTEX_POINT('',#8944);
#2572=VERTEX_POINT('',#8946);
#2573=VERTEX_POINT('',#8951);
#2574=VERTEX_POINT('',#8953);
#2575=VERTEX_POINT('',#8955);
#2576=VERTEX_POINT('',#8960);
#2577=VERTEX_POINT('',#8962);
#2578=VERTEX_POINT('',#8967);
#2579=VERTEX_POINT('',#8969);
#2580=VERTEX_POINT('',#8974);
#2581=VERTEX_POINT('',#8976);
#2582=VERTEX_POINT('',#8998);
#2583=VERTEX_POINT('',#9010);
#2584=VERTEX_POINT('',#9012);
#2585=VERTEX_POINT('',#9019);
#2586=VERTEX_POINT('',#9023);
#2587=VERTEX_POINT('',#9042);
#2588=VERTEX_POINT('',#9049);
#2589=VERTEX_POINT('',#9059);
#2590=VERTEX_POINT('',#9061);
#2591=VERTEX_POINT('',#9070);
#2592=VERTEX_POINT('',#9071);
#2593=VERTEX_POINT('',#9073);
#2594=VERTEX_POINT('',#9083);
#2595=VERTEX_POINT('',#9087);
#2596=VERTEX_POINT('',#9091);
#2597=VERTEX_POINT('',#9093);
#2598=VERTEX_POINT('',#9100);
#2599=VERTEX_POINT('',#9104);
#2600=VERTEX_POINT('',#9134);
#2601=VERTEX_POINT('',#9155);
#2602=VERTEX_POINT('',#9165);
#2603=VERTEX_POINT('',#9167);
#2604=VERTEX_POINT('',#9172);
#2605=VERTEX_POINT('',#9176);
#2606=VERTEX_POINT('',#9178);
#2607=VERTEX_POINT('',#9187);
#2608=VERTEX_POINT('',#9191);
#2609=VERTEX_POINT('',#9195);
#2610=VERTEX_POINT('',#9199);
#2611=VERTEX_POINT('',#9203);
#2612=VERTEX_POINT('',#9207);
#2613=VERTEX_POINT('',#9211);
#2614=VERTEX_POINT('',#9217);
#2615=VERTEX_POINT('',#9219);
#2616=VERTEX_POINT('',#9221);
#2617=VERTEX_POINT('',#9223);
#2618=VERTEX_POINT('',#9227);
#2619=VERTEX_POINT('',#9237);
#2620=VERTEX_POINT('',#9238);
#2621=VERTEX_POINT('',#9243);
#2622=VERTEX_POINT('',#9244);
#2623=VERTEX_POINT('',#9251);
#2624=VERTEX_POINT('',#9261);
#2625=VERTEX_POINT('',#9263);
#2626=VERTEX_POINT('',#9273);
#2627=VERTEX_POINT('',#9275);
#2628=VERTEX_POINT('',#9277);
#2629=VERTEX_POINT('',#9281);
#2630=VERTEX_POINT('',#9283);
#2631=VERTEX_POINT('',#9309);
#2632=VERTEX_POINT('',#9315);
#2633=VERTEX_POINT('',#9321);
#2634=VERTEX_POINT('',#9325);
#2635=VERTEX_POINT('',#9331);
#2636=VERTEX_POINT('',#9333);
#2637=VERTEX_POINT('',#9339);
#2638=VERTEX_POINT('',#9340);
#2639=VERTEX_POINT('',#9345);
#2640=VERTEX_POINT('',#9346);
#2641=VERTEX_POINT('',#9351);
#2642=VERTEX_POINT('',#9355);
#2643=VERTEX_POINT('',#9356);
#2644=VERTEX_POINT('',#9361);
#2645=VERTEX_POINT('',#9363);
#2646=VERTEX_POINT('',#9375);
#2647=VERTEX_POINT('',#9381);
#2648=VERTEX_POINT('',#9383);
#2649=VERTEX_POINT('',#9387);
#2650=VERTEX_POINT('',#9389);
#2651=VERTEX_POINT('',#9393);
#2652=VERTEX_POINT('',#9397);
#2653=VERTEX_POINT('',#9401);
#2654=VERTEX_POINT('',#9403);
#2655=VERTEX_POINT('',#9407);
#2656=VERTEX_POINT('',#9411);
#2657=VERTEX_POINT('',#9415);
#2658=VERTEX_POINT('',#9419);
#2659=VERTEX_POINT('',#9423);
#2660=VERTEX_POINT('',#9429);
#2661=VERTEX_POINT('',#9437);
#2662=VERTEX_POINT('',#9441);
#2663=VERTEX_POINT('',#9443);
#2664=VERTEX_POINT('',#9446);
#2665=VERTEX_POINT('',#9448);
#2666=VERTEX_POINT('',#9450);
#2667=VERTEX_POINT('',#9452);
#2668=VERTEX_POINT('',#9454);
#2669=VERTEX_POINT('',#9456);
#2670=VERTEX_POINT('',#9458);
#2671=VERTEX_POINT('',#9460);
#2672=VERTEX_POINT('',#9462);
#2673=VERTEX_POINT('',#9464);
#2674=VERTEX_POINT('',#9466);
#2675=VERTEX_POINT('',#9468);
#2676=VERTEX_POINT('',#9470);
#2677=VERTEX_POINT('',#9472);
#2678=VERTEX_POINT('',#9474);
#2679=VERTEX_POINT('',#9478);
#2680=VERTEX_POINT('',#9482);
#2681=VERTEX_POINT('',#9486);
#2682=VERTEX_POINT('',#9490);
#2683=VERTEX_POINT('',#9492);
#2684=VERTEX_POINT('',#9494);
#2685=VERTEX_POINT('',#9496);
#2686=VERTEX_POINT('',#9498);
#2687=VERTEX_POINT('',#9500);
#2688=VERTEX_POINT('',#9502);
#2689=VERTEX_POINT('',#9504);
#2690=VERTEX_POINT('',#9506);
#2691=VERTEX_POINT('',#9508);
#2692=VERTEX_POINT('',#9510);
#2693=VERTEX_POINT('',#9512);
#2694=VERTEX_POINT('',#9514);
#2695=VERTEX_POINT('',#9516);
#2696=VERTEX_POINT('',#9518);
#2697=VERTEX_POINT('',#9520);
#2698=VERTEX_POINT('',#9523);
#2699=VERTEX_POINT('',#9527);
#2700=VERTEX_POINT('',#9538);
#2701=VERTEX_POINT('',#9540);
#2702=VERTEX_POINT('',#9544);
#2703=VERTEX_POINT('',#9548);
#2704=VERTEX_POINT('',#9552);
#2705=VERTEX_POINT('',#9558);
#2706=VERTEX_POINT('',#9564);
#2707=VERTEX_POINT('',#9568);
#2708=VERTEX_POINT('',#9572);
#2709=VERTEX_POINT('',#9577);
#2710=VERTEX_POINT('',#9587);
#2711=VERTEX_POINT('',#9588);
#2712=VERTEX_POINT('',#9593);
#2713=VERTEX_POINT('',#9601);
#2714=VERTEX_POINT('',#9604);
#2715=VERTEX_POINT('',#9608);
#2716=VERTEX_POINT('',#9617);
#2717=VERTEX_POINT('',#9618);
#2718=VERTEX_POINT('',#9623);
#2719=VERTEX_POINT('',#9631);
#2720=VERTEX_POINT('',#9648);
#2721=VERTEX_POINT('',#9649);
#2722=VERTEX_POINT('',#9654);
#2723=VERTEX_POINT('',#9662);
#2724=VERTEX_POINT('',#9665);
#2725=VERTEX_POINT('',#9669);
#2726=VERTEX_POINT('',#9678);
#2727=VERTEX_POINT('',#9679);
#2728=VERTEX_POINT('',#9713);
#2729=VERTEX_POINT('',#9738);
#2730=VERTEX_POINT('',#9751);
#2731=VERTEX_POINT('',#9776);
#2732=VERTEX_POINT('',#9790);
#2733=VERTEX_POINT('',#9815);
#2734=VERTEX_POINT('',#9828);
#2735=VERTEX_POINT('',#9933);
#2736=VERTEX_POINT('',#9937);
#2737=VERTEX_POINT('',#9939);
#2738=VERTEX_POINT('',#9949);
#2739=VERTEX_POINT('',#9953);
#2740=VERTEX_POINT('',#9957);
#2741=VERTEX_POINT('',#9961);
#2742=VERTEX_POINT('',#9971);
#2743=VERTEX_POINT('',#9976);
#2744=VERTEX_POINT('',#9980);
#2745=VERTEX_POINT('',#9983);
#2746=VERTEX_POINT('',#9985);
#2747=VERTEX_POINT('',#9987);
#2748=VERTEX_POINT('',#9989);
#2749=VERTEX_POINT('',#9994);
#2750=VERTEX_POINT('',#9998);
#2751=VERTEX_POINT('',#10005);
#2752=VERTEX_POINT('',#10007);
#2753=VERTEX_POINT('',#10021);
#2754=VERTEX_POINT('',#10031);
#2755=VERTEX_POINT('',#10036);
#2756=VERTEX_POINT('',#10040);
#2757=VERTEX_POINT('',#10043);
#2758=VERTEX_POINT('',#10045);
#2759=VERTEX_POINT('',#10047);
#2760=VERTEX_POINT('',#10049);
#2761=VERTEX_POINT('',#10054);
#2762=VERTEX_POINT('',#10059);
#2763=VERTEX_POINT('',#10065);
#2764=VERTEX_POINT('',#10072);
#2765=VERTEX_POINT('',#10076);
#2766=VERTEX_POINT('',#10118);
#2767=VERTEX_POINT('',#10119);
#2768=VERTEX_POINT('',#10136);
#2769=VERTEX_POINT('',#10161);
#2770=VERTEX_POINT('',#10166);
#2771=VERTEX_POINT('',#10179);
#2772=VERTEX_POINT('',#10180);
#2773=VERTEX_POINT('',#10182);
#2774=VERTEX_POINT('',#10208);
#2775=VERTEX_POINT('',#10213);
#2776=VERTEX_POINT('',#10226);
#2777=VERTEX_POINT('',#10251);
#2778=VERTEX_POINT('',#10341);
#2779=VERTEX_POINT('',#10345);
#2780=VERTEX_POINT('',#10349);
#2781=VERTEX_POINT('',#10353);
#2782=VERTEX_POINT('',#10357);
#2783=VERTEX_POINT('',#10361);
#2784=VERTEX_POINT('',#10367);
#2785=VERTEX_POINT('',#10371);
#2786=VERTEX_POINT('',#10375);
#2787=VERTEX_POINT('',#10379);
#2788=VERTEX_POINT('',#10383);
#2789=VERTEX_POINT('',#10387);
#2790=VERTEX_POINT('',#10391);
#2791=VERTEX_POINT('',#10393);
#2792=VERTEX_POINT('',#10397);
#2793=VERTEX_POINT('',#10400);
#2794=VERTEX_POINT('',#10401);
#2795=VERTEX_POINT('',#10406);
#2796=VERTEX_POINT('',#10411);
#2797=VERTEX_POINT('',#10416);
#2798=VERTEX_POINT('',#10421);
#2799=VERTEX_POINT('',#10423);
#2800=VERTEX_POINT('',#10425);
#2801=VERTEX_POINT('',#10430);
#2802=VERTEX_POINT('',#10435);
#2803=VERTEX_POINT('',#10440);
#2804=VERTEX_POINT('',#10445);
#2805=VERTEX_POINT('',#10450);
#2806=VERTEX_POINT('',#10455);
#2807=VERTEX_POINT('',#10460);
#2808=VERTEX_POINT('',#10465);
#2809=VERTEX_POINT('',#10467);
#2810=VERTEX_POINT('',#10469);
#2811=VERTEX_POINT('',#10478);
#2812=VERTEX_POINT('',#10479);
#2813=VERTEX_POINT('',#10481);
#2814=VERTEX_POINT('',#10483);
#2815=VERTEX_POINT('',#10488);
#2816=VERTEX_POINT('',#10493);
#2817=VERTEX_POINT('',#10498);
#2818=VERTEX_POINT('',#10500);
#2819=VERTEX_POINT('',#10502);
#2820=VERTEX_POINT('',#10504);
#2821=VERTEX_POINT('',#10506);
#2822=VERTEX_POINT('',#10508);
#2823=VERTEX_POINT('',#10513);
#2824=VERTEX_POINT('',#10519);
#2825=VERTEX_POINT('',#10520);
#2826=VERTEX_POINT('',#10525);
#2827=VERTEX_POINT('',#10530);
#2828=VERTEX_POINT('',#10535);
#2829=VERTEX_POINT('',#10537);
#2830=VERTEX_POINT('',#10539);
#2831=VERTEX_POINT('',#10544);
#2832=VERTEX_POINT('',#10549);
#2833=VERTEX_POINT('',#10554);
#2834=VERTEX_POINT('',#10559);
#2835=VERTEX_POINT('',#10561);
#2836=VERTEX_POINT('',#10563);
#2837=VERTEX_POINT('',#10572);
#2838=VERTEX_POINT('',#10573);
#2839=VERTEX_POINT('',#10578);
#2840=VERTEX_POINT('',#10583);
#2841=VERTEX_POINT('',#10585);
#2842=VERTEX_POINT('',#10587);
#2843=VERTEX_POINT('',#10589);
#2844=VERTEX_POINT('',#10591);
#2845=VERTEX_POINT('',#10593);
#2846=VERTEX_POINT('',#10602);
#2847=VERTEX_POINT('',#10603);
#2848=VERTEX_POINT('',#10608);
#2849=VERTEX_POINT('',#10613);
#2850=VERTEX_POINT('',#10622);
#2851=VERTEX_POINT('',#10623);
#2852=VERTEX_POINT('',#10628);
#2853=VERTEX_POINT('',#10630);
#2854=VERTEX_POINT('',#10632);
#2855=VERTEX_POINT('',#10634);
#2856=VERTEX_POINT('',#10639);
#2857=VERTEX_POINT('',#10644);
#2858=VERTEX_POINT('',#10646);
#2859=VERTEX_POINT('',#10648);
#2860=VERTEX_POINT('',#10654);
#2861=VERTEX_POINT('',#10655);
#2862=VERTEX_POINT('',#10657);
#2863=VERTEX_POINT('',#10659);
#2864=VERTEX_POINT('',#10664);
#2865=VERTEX_POINT('',#10669);
#2866=VERTEX_POINT('',#10674);
#2867=VERTEX_POINT('',#10679);
#2868=VERTEX_POINT('',#10684);
#2869=VERTEX_POINT('',#10686);
#2870=VERTEX_POINT('',#10688);
#2871=VERTEX_POINT('',#10693);
#2872=VERTEX_POINT('',#10698);
#2873=VERTEX_POINT('',#10703);
#2874=VERTEX_POINT('',#10708);
#2875=VERTEX_POINT('',#10712);
#2876=VERTEX_POINT('',#10714);
#2877=VERTEX_POINT('',#10720);
#2878=VERTEX_POINT('',#10724);
#2879=VERTEX_POINT('',#10726);
#2880=VERTEX_POINT('',#10728);
#2881=VERTEX_POINT('',#10730);
#2882=VERTEX_POINT('',#10732);
#2883=VERTEX_POINT('',#10734);
#2884=VERTEX_POINT('',#10736);
#2885=VERTEX_POINT('',#10739);
#2886=VERTEX_POINT('',#10741);
#2887=VERTEX_POINT('',#10743);
#2888=VERTEX_POINT('',#10745);
#2889=VERTEX_POINT('',#10747);
#2890=VERTEX_POINT('',#10749);
#2891=VERTEX_POINT('',#10751);
#2892=VERTEX_POINT('',#10753);
#2893=VERTEX_POINT('',#10811);
#2894=VERTEX_POINT('',#10812);
#2895=VERTEX_POINT('',#10827);
#2896=VERTEX_POINT('',#10841);
#2897=VERTEX_POINT('',#10855);
#2898=VERTEX_POINT('',#10862);
#2899=VERTEX_POINT('',#10866);
#2900=VERTEX_POINT('',#10877);
#2901=VERTEX_POINT('',#10891);
#2902=VERTEX_POINT('',#10905);
#2903=VERTEX_POINT('',#10919);
#2904=VERTEX_POINT('',#10933);
#2905=VERTEX_POINT('',#10947);
#2906=VERTEX_POINT('',#10961);
#2907=VERTEX_POINT('',#10975);
#2908=VERTEX_POINT('',#10982);
#2909=VERTEX_POINT('',#10986);
#2910=VERTEX_POINT('',#10997);
#2911=VERTEX_POINT('',#11016);
#2912=VERTEX_POINT('',#11017);
#2913=VERTEX_POINT('',#11022);
#2914=VERTEX_POINT('',#11033);
#2915=VERTEX_POINT('',#11047);
#2916=VERTEX_POINT('',#11061);
#2917=VERTEX_POINT('',#11068);
#2918=VERTEX_POINT('',#11072);
#2919=VERTEX_POINT('',#11076);
#2920=VERTEX_POINT('',#11080);
#2921=VERTEX_POINT('',#11084);
#2922=VERTEX_POINT('',#11095);
#2923=VERTEX_POINT('',#11109);
#2924=VERTEX_POINT('',#11125);
#2925=VERTEX_POINT('',#11126);
#2926=VERTEX_POINT('',#11141);
#2927=VERTEX_POINT('',#11155);
#2928=VERTEX_POINT('',#11162);
#2929=VERTEX_POINT('',#11166);
#2930=VERTEX_POINT('',#11177);
#2931=VERTEX_POINT('',#11191);
#2932=VERTEX_POINT('',#11205);
#2933=VERTEX_POINT('',#11219);
#2934=VERTEX_POINT('',#11226);
#2935=VERTEX_POINT('',#11230);
#2936=VERTEX_POINT('',#11241);
#2937=VERTEX_POINT('',#11267);
#2938=VERTEX_POINT('',#11268);
#2939=VERTEX_POINT('',#11283);
#2940=VERTEX_POINT('',#11290);
#2941=VERTEX_POINT('',#11294);
#2942=VERTEX_POINT('',#11298);
#2943=VERTEX_POINT('',#11302);
#2944=VERTEX_POINT('',#11306);
#2945=VERTEX_POINT('',#11317);
#2946=VERTEX_POINT('',#11343);
#2947=VERTEX_POINT('',#11344);
#2948=VERTEX_POINT('',#11359);
#2949=VERTEX_POINT('',#11373);
#2950=VERTEX_POINT('',#11399);
#2951=VERTEX_POINT('',#11400);
#2952=VERTEX_POINT('',#11408);
#2953=VERTEX_POINT('',#11412);
#2954=VERTEX_POINT('',#11416);
#2955=VERTEX_POINT('',#11427);
#2956=VERTEX_POINT('',#11441);
#2957=VERTEX_POINT('',#11448);
#2958=VERTEX_POINT('',#11452);
#2959=VERTEX_POINT('',#11456);
#2960=VERTEX_POINT('',#11472);
#2961=VERTEX_POINT('',#11473);
#2962=VERTEX_POINT('',#11478);
#2963=VERTEX_POINT('',#11489);
#2964=VERTEX_POINT('',#11503);
#2965=VERTEX_POINT('',#11517);
#2966=VERTEX_POINT('',#11531);
#2967=VERTEX_POINT('',#11545);
#2968=VERTEX_POINT('',#11552);
#2969=VERTEX_POINT('',#11556);
#2970=VERTEX_POINT('',#11567);
#2971=VERTEX_POINT('',#11581);
#2972=VERTEX_POINT('',#11595);
#2973=VERTEX_POINT('',#11609);
#2974=VERTEX_POINT('',#11616);
#2975=VERTEX_POINT('',#11629);
#2976=VERTEX_POINT('',#11630);
#2977=VERTEX_POINT('',#11635);
#2978=VERTEX_POINT('',#11642);
#2979=VERTEX_POINT('',#11643);
#2980=VERTEX_POINT('',#11648);
#2981=VERTEX_POINT('',#11653);
#2982=VERTEX_POINT('',#11658);
#2983=VERTEX_POINT('',#11665);
#2984=VERTEX_POINT('',#11666);
#2985=VERTEX_POINT('',#11671);
#2986=VERTEX_POINT('',#11676);
#2987=VERTEX_POINT('',#11681);
#2988=VERTEX_POINT('',#11686);
#2989=VERTEX_POINT('',#11691);
#2990=VERTEX_POINT('',#11696);
#2991=VERTEX_POINT('',#11715);
#2992=VERTEX_POINT('',#11717);
#2993=VERTEX_POINT('',#11724);
#2994=VERTEX_POINT('',#11747);
#2995=VERTEX_POINT('',#11749);
#2996=VERTEX_POINT('',#11763);
#2997=VERTEX_POINT('',#11777);
#2998=VERTEX_POINT('',#11784);
#2999=VERTEX_POINT('',#11807);
#3000=VERTEX_POINT('',#11809);
#3001=VERTEX_POINT('',#11823);
#3002=VERTEX_POINT('',#11837);
#3003=VERTEX_POINT('',#11851);
#3004=VERTEX_POINT('',#11865);
#3005=VERTEX_POINT('',#11879);
#3006=VERTEX_POINT('',#11893);
#3007=EDGE_CURVE('',#2402,#2403,#1356,.F.);
#3008=EDGE_CURVE('',#2403,#2404,#1357,.T.);
#3009=EDGE_CURVE('',#2404,#2405,#1358,.F.);
#3010=EDGE_CURVE('',#2405,#2402,#1359,.T.);
#3011=EDGE_CURVE('',#2406,#2403,#1360,.T.);
#3012=EDGE_CURVE('',#2407,#2406,#1361,.T.);
#3013=EDGE_CURVE('',#2404,#2407,#1362,.T.);
#3014=EDGE_CURVE('',#2408,#2409,#1363,.F.);
#3015=EDGE_CURVE('',#2409,#2410,#1364,.T.);
#3016=EDGE_CURVE('',#2410,#2411,#1365,.F.);
#3017=EDGE_CURVE('',#2411,#2408,#1366,.T.);
#3018=EDGE_CURVE('',#2409,#2412,#1367,.T.);
#3019=EDGE_CURVE('',#2412,#2413,#1368,.T.);
#3020=EDGE_CURVE('',#2413,#2410,#1369,.T.);
#3021=EDGE_CURVE('',#2414,#2414,#452,.T.);
#3022=EDGE_CURVE('',#2414,#2415,#1370,.T.);
#3023=EDGE_CURVE('',#2415,#2415,#453,.T.);
#3024=EDGE_CURVE('',#2416,#2411,#1371,.T.);
#3025=EDGE_CURVE('',#2417,#2416,#210,.T.);
#3026=EDGE_CURVE('',#2418,#2417,#1372,.T.);
#3027=EDGE_CURVE('',#2419,#2418,#454,.T.);
#3028=EDGE_CURVE('',#2420,#2419,#1373,.T.);
#3029=EDGE_CURVE('',#2421,#2420,#455,.T.);
#3030=EDGE_CURVE('',#2422,#2421,#1374,.T.);
#3031=EDGE_CURVE('',#2423,#2422,#1375,.T.);
#3032=EDGE_CURVE('',#2424,#2423,#1376,.T.);
#3033=EDGE_CURVE('',#2425,#2424,#1377,.T.);
#3034=EDGE_CURVE('',#2426,#2425,#1378,.T.);
#3035=EDGE_CURVE('',#2427,#2426,#1379,.T.);
#3036=EDGE_CURVE('',#2428,#2427,#1380,.T.);
#3037=EDGE_CURVE('',#2429,#2428,#1381,.T.);
#3038=EDGE_CURVE('',#2430,#2429,#1382,.T.);
#3039=EDGE_CURVE('',#2431,#2430,#1383,.T.);
#3040=EDGE_CURVE('',#2432,#2431,#1384,.T.);
#3041=EDGE_CURVE('',#2433,#2432,#1385,.T.);
#3042=EDGE_CURVE('',#2434,#2433,#1386,.T.);
#3043=EDGE_CURVE('',#2435,#2434,#211,.T.);
#3044=EDGE_CURVE('',#2436,#2435,#212,.T.);
#3045=EDGE_CURVE('',#2408,#2436,#1387,.T.);
#3046=EDGE_CURVE('',#2415,#2437,#1388,.T.);
#3047=EDGE_CURVE('',#2437,#2437,#456,.T.);
#3048=EDGE_CURVE('',#2438,#2439,#213,.T.);
#3049=EDGE_CURVE('',#2439,#2440,#214,.T.);
#3050=EDGE_CURVE('',#2440,#2417,#215,.T.);
#3051=EDGE_CURVE('',#2416,#2438,#216,.T.);
#3052=EDGE_CURVE('',#2410,#2441,#1389,.T.);
#3053=EDGE_CURVE('',#2441,#2438,#61,.T.);
#3054=EDGE_CURVE('',#2441,#2442,#457,.T.);
#3055=EDGE_CURVE('',#2442,#2443,#22,.T.);
#3056=EDGE_CURVE('',#2444,#2443,#217,.T.);
#3057=EDGE_CURVE('',#2444,#2439,#458,.T.);
#3058=EDGE_CURVE('',#2406,#2413,#1390,.T.);
#3059=EDGE_CURVE('',#2445,#2403,#1391,.T.);
#3060=EDGE_CURVE('',#2446,#2445,#459,.T.);
#3061=EDGE_CURVE('',#2446,#2447,#1392,.F.);
#3062=EDGE_CURVE('',#2447,#2448,#460,.T.);
#3063=EDGE_CURVE('',#2448,#2449,#1393,.T.);
#3064=EDGE_CURVE('',#2449,#2450,#461,.T.);
#3065=EDGE_CURVE('',#2450,#2451,#1394,.T.);
#3066=EDGE_CURVE('',#2451,#2452,#462,.T.);
#3067=EDGE_CURVE('',#2452,#2453,#1395,.F.);
#3068=EDGE_CURVE('',#2454,#2453,#463,.T.);
#3069=EDGE_CURVE('',#2454,#2455,#1396,.F.);
#3070=EDGE_CURVE('',#2455,#2456,#464,.T.);
#3071=EDGE_CURVE('',#2456,#2457,#1397,.T.);
#3072=EDGE_CURVE('',#2457,#2458,#465,.T.);
#3073=EDGE_CURVE('',#2458,#2459,#1398,.T.);
#3074=EDGE_CURVE('',#2459,#2460,#466,.T.);
#3075=EDGE_CURVE('',#2460,#2442,#1399,.F.);
#3076=EDGE_CURVE('',#2402,#2461,#1400,.T.);
#3077=EDGE_CURVE('',#2461,#2462,#218,.T.);
#3078=EDGE_CURVE('',#2462,#2445,#62,.T.);
#3079=EDGE_CURVE('',#2461,#2463,#219,.T.);
#3080=EDGE_CURVE('',#2463,#2464,#220,.T.);
#3081=EDGE_CURVE('',#2464,#2465,#221,.T.);
#3082=EDGE_CURVE('',#2465,#2462,#222,.T.);
#3083=EDGE_CURVE('',#2466,#2444,#223,.T.);
#3084=EDGE_CURVE('',#2467,#2466,#467,.T.);
#3085=EDGE_CURVE('',#2468,#2467,#224,.T.);
#3086=EDGE_CURVE('',#2469,#2468,#468,.T.);
#3087=EDGE_CURVE('',#2470,#2469,#225,.T.);
#3088=EDGE_CURVE('',#2471,#2470,#469,.T.);
#3089=EDGE_CURVE('',#2472,#2471,#226,.T.);
#3090=EDGE_CURVE('',#2465,#2472,#470,.T.);
#3091=EDGE_CURVE('',#2473,#2464,#23,.T.);
#3092=EDGE_CURVE('',#2474,#2473,#471,.T.);
#3093=EDGE_CURVE('',#2475,#2474,#227,.T.);
#3094=EDGE_CURVE('',#2476,#2475,#472,.T.);
#3095=EDGE_CURVE('',#2477,#2476,#228,.T.);
#3096=EDGE_CURVE('',#2478,#2477,#473,.T.);
#3097=EDGE_CURVE('',#2479,#2478,#229,.T.);
#3098=EDGE_CURVE('',#2480,#2479,#474,.T.);
#3099=EDGE_CURVE('',#2481,#2480,#230,.T.);
#3100=EDGE_CURVE('',#2482,#2481,#475,.T.);
#3101=EDGE_CURVE('',#2440,#2482,#24,.T.);
#3102=EDGE_CURVE('',#2463,#2483,#1401,.T.);
#3103=EDGE_CURVE('',#2484,#2483,#1402,.T.);
#3104=EDGE_CURVE('',#2484,#2485,#1403,.T.);
#3105=EDGE_CURVE('',#2485,#2473,#63,.T.);
#3106=EDGE_CURVE('',#2486,#2405,#1404,.T.);
#3107=EDGE_CURVE('',#2487,#2486,#1405,.T.);
#3108=EDGE_CURVE('',#2488,#2487,#1406,.T.);
#3109=EDGE_CURVE('',#2489,#2488,#1407,.T.);
#3110=EDGE_CURVE('',#2490,#2489,#1408,.T.);
#3111=EDGE_CURVE('',#2491,#2490,#1409,.T.);
#3112=EDGE_CURVE('',#2492,#2491,#1410,.T.);
#3113=EDGE_CURVE('',#2493,#2492,#1411,.T.);
#3114=EDGE_CURVE('',#2494,#2493,#1412,.T.);
#3115=EDGE_CURVE('',#2495,#2494,#1413,.T.);
#3116=EDGE_CURVE('',#2496,#2495,#1414,.T.);
#3117=EDGE_CURVE('',#2497,#2496,#1415,.T.);
#3118=EDGE_CURVE('',#2498,#2497,#1416,.T.);
#3119=EDGE_CURVE('',#2499,#2498,#1417,.T.);
#3120=EDGE_CURVE('',#2500,#2499,#1418,.T.);
#3121=EDGE_CURVE('',#2501,#2500,#1419,.T.);
#3122=EDGE_CURVE('',#2502,#2501,#1420,.T.);
#3123=EDGE_CURVE('',#2503,#2502,#1421,.T.);
#3124=EDGE_CURVE('',#2504,#2503,#1422,.T.);
#3125=EDGE_CURVE('',#2505,#2504,#1423,.T.);
#3126=EDGE_CURVE('',#2506,#2505,#231,.T.);
#3127=EDGE_CURVE('',#2507,#2506,#1424,.T.);
#3128=EDGE_CURVE('',#2508,#2507,#476,.T.);
#3129=EDGE_CURVE('',#2509,#2508,#1425,.T.);
#3130=EDGE_CURVE('',#2510,#2509,#477,.T.);
#3131=EDGE_CURVE('',#2511,#2510,#1426,.T.);
#3132=EDGE_CURVE('',#2512,#2511,#478,.T.);
#3133=EDGE_CURVE('',#2513,#2512,#1427,.T.);
#3134=EDGE_CURVE('',#2514,#2513,#479,.T.);
#3135=EDGE_CURVE('',#2515,#2514,#1428,.T.);
#3136=EDGE_CURVE('',#2483,#2515,#480,.T.);
#3137=EDGE_CURVE('',#2516,#2516,#481,.T.);
#3138=EDGE_CURVE('',#2517,#2517,#482,.T.);
#3139=EDGE_CURVE('',#2429,#2518,#1429,.T.);
#3140=EDGE_CURVE('',#2518,#2519,#1430,.T.);
#3141=EDGE_CURVE('',#2519,#2430,#1431,.T.);
#3142=EDGE_CURVE('',#2428,#2520,#1432,.T.);
#3143=EDGE_CURVE('',#2520,#2521,#1433,.T.);
#3144=EDGE_CURVE('',#2521,#2518,#1434,.T.);
#3145=EDGE_CURVE('',#2519,#2522,#1435,.T.);
#3146=EDGE_CURVE('',#2522,#2431,#1436,.T.);
#3147=EDGE_CURVE('',#2523,#2432,#1437,.T.);
#3148=EDGE_CURVE('',#2431,#2524,#1438,.T.);
#3149=EDGE_CURVE('',#2524,#2523,#1439,.T.);
#3150=EDGE_CURVE('',#2522,#2524,#483,.T.);
#3151=EDGE_CURVE('',#2525,#2526,#232,.T.);
#3152=EDGE_CURVE('',#2526,#2527,#233,.T.);
#3153=EDGE_CURVE('',#2527,#2435,#234,.T.);
#3154=EDGE_CURVE('',#2434,#2525,#235,.T.);
#3155=EDGE_CURVE('',#2432,#2528,#1440,.T.);
#3156=EDGE_CURVE('',#2528,#2529,#1441,.T.);
#3157=EDGE_CURVE('',#2529,#2433,#1442,.T.);
#3158=EDGE_CURVE('',#2529,#2530,#1443,.T.);
#3159=EDGE_CURVE('',#2530,#2525,#64,.T.);
#3160=EDGE_CURVE('',#2523,#2528,#484,.T.);
#3161=EDGE_CURVE('',#2527,#2531,#236,.T.);
#3162=EDGE_CURVE('',#2531,#2532,#237,.T.);
#3163=EDGE_CURVE('',#2532,#2436,#238,.T.);
#3164=EDGE_CURVE('',#2533,#2526,#485,.T.);
#3165=EDGE_CURVE('',#2534,#2533,#1444,.T.);
#3166=EDGE_CURVE('',#2535,#2534,#239,.T.);
#3167=EDGE_CURVE('',#2531,#2535,#486,.T.);
#3168=EDGE_CURVE('',#2530,#2536,#487,.T.);
#3169=EDGE_CURVE('',#2537,#2536,#65,.T.);
#3170=EDGE_CURVE('',#2533,#2537,#66,.T.);
#3171=EDGE_CURVE('',#2538,#2529,#1445,.T.);
#3172=EDGE_CURVE('',#2539,#2538,#1446,.T.);
#3173=EDGE_CURVE('',#2540,#2539,#1447,.T.);
#3174=EDGE_CURVE('',#2536,#2540,#1448,.T.);
#3175=EDGE_CURVE('',#2541,#2528,#1449,.T.);
#3176=EDGE_CURVE('',#2538,#2541,#1450,.T.);
#3177=EDGE_CURVE('',#2542,#2409,#1451,.T.);
#3178=EDGE_CURVE('',#2532,#2542,#67,.T.);
#3179=EDGE_CURVE('',#2543,#2486,#1452,.T.);
#3180=EDGE_CURVE('',#2404,#2544,#1453,.T.);
#3181=EDGE_CURVE('',#2544,#2545,#68,.T.);
#3182=EDGE_CURVE('',#2545,#2543,#240,.T.);
#3183=EDGE_CURVE('',#2543,#2534,#241,.T.);
#3184=EDGE_CURVE('',#2537,#2487,#1454,.T.);
#3185=EDGE_CURVE('',#2545,#2535,#242,.T.);
#3186=EDGE_CURVE('',#2544,#2542,#488,.T.);
#3187=EDGE_CURVE('',#2407,#2412,#1455,.T.);
#3188=EDGE_CURVE('',#2516,#2546,#1456,.T.);
#3189=EDGE_CURVE('',#2546,#2546,#489,.T.);
#3190=EDGE_CURVE('',#2546,#2547,#1457,.T.);
#3191=EDGE_CURVE('',#2547,#2547,#490,.T.);
#3192=EDGE_CURVE('',#2517,#2548,#1458,.T.);
#3193=EDGE_CURVE('',#2548,#2548,#491,.T.);
#3194=EDGE_CURVE('',#2548,#2549,#1459,.T.);
#3195=EDGE_CURVE('',#2549,#2549,#492,.T.);
#3196=EDGE_CURVE('',#2550,#2551,#69,.T.);
#3197=EDGE_CURVE('',#2551,#2552,#1460,.T.);
#3198=EDGE_CURVE('',#2552,#2507,#1461,.T.);
#3199=EDGE_CURVE('',#2506,#2553,#243,.T.);
#3200=EDGE_CURVE('',#2553,#2550,#25,.T.);
#3201=EDGE_CURVE('',#2554,#2508,#1462,.T.);
#3202=EDGE_CURVE('',#2552,#2554,#493,.T.);
#3203=EDGE_CURVE('',#2555,#2509,#1463,.T.);
#3204=EDGE_CURVE('',#2554,#2555,#1464,.T.);
#3205=EDGE_CURVE('',#2556,#2510,#1465,.T.);
#3206=EDGE_CURVE('',#2555,#2556,#494,.T.);
#3207=EDGE_CURVE('',#2557,#2511,#1466,.T.);
#3208=EDGE_CURVE('',#2556,#2557,#1467,.T.);
#3209=EDGE_CURVE('',#2558,#2512,#1468,.T.);
#3210=EDGE_CURVE('',#2557,#2558,#495,.T.);
#3211=EDGE_CURVE('',#2559,#2513,#1469,.T.);
#3212=EDGE_CURVE('',#2558,#2559,#1470,.T.);
#3213=EDGE_CURVE('',#2560,#2514,#1471,.T.);
#3214=EDGE_CURVE('',#2559,#2560,#496,.T.);
#3215=EDGE_CURVE('',#2561,#2515,#1472,.T.);
#3216=EDGE_CURVE('',#2560,#2561,#1473,.T.);
#3217=EDGE_CURVE('',#2561,#2484,#497,.T.);
#3218=EDGE_CURVE('',#2562,#2553,#244,.T.);
#3219=EDGE_CURVE('',#2563,#2562,#498,.T.);
#3220=EDGE_CURVE('',#2564,#2563,#245,.T.);
#3221=EDGE_CURVE('',#2565,#2564,#499,.T.);
#3222=EDGE_CURVE('',#2566,#2565,#246,.T.);
#3223=EDGE_CURVE('',#2567,#2566,#500,.T.);
#3224=EDGE_CURVE('',#2568,#2567,#247,.T.);
#3225=EDGE_CURVE('',#2569,#2568,#501,.T.);
#3226=EDGE_CURVE('',#2570,#2569,#248,.T.);
#3227=EDGE_CURVE('',#2571,#2570,#502,.T.);
#3228=EDGE_CURVE('',#2572,#2571,#249,.T.);
#3229=EDGE_CURVE('',#2573,#2572,#1474,.T.);
#3230=EDGE_CURVE('',#2574,#2573,#503,.T.);
#3231=EDGE_CURVE('',#2575,#2574,#250,.T.);
#3232=EDGE_CURVE('',#2576,#2575,#504,.T.);
#3233=EDGE_CURVE('',#2577,#2576,#251,.T.);
#3234=EDGE_CURVE('',#2578,#2577,#505,.T.);
#3235=EDGE_CURVE('',#2579,#2578,#252,.T.);
#3236=EDGE_CURVE('',#2580,#2579,#506,.T.);
#3237=EDGE_CURVE('',#2581,#2580,#253,.T.);
#3238=EDGE_CURVE('',#2550,#2581,#507,.T.);
#3239=EDGE_CURVE('',#2505,#2582,#254,.T.);
#3240=EDGE_CURVE('',#2582,#2562,#255,.T.);
#3241=EDGE_CURVE('',#2427,#2583,#1475,.T.);
#3242=EDGE_CURVE('',#2583,#2584,#256,.T.);
#3243=EDGE_CURVE('',#2584,#2585,#70,.T.);
#3244=EDGE_CURVE('',#2585,#2586,#1476,.T.);
#3245=EDGE_CURVE('',#2586,#2520,#1477,.T.);
#3246=EDGE_CURVE('',#2583,#2587,#257,.T.);
#3247=EDGE_CURVE('',#2587,#2588,#258,.T.);
#3248=EDGE_CURVE('',#2588,#2584,#259,.T.);
#3249=EDGE_CURVE('',#2589,#2426,#1478,.T.);
#3250=EDGE_CURVE('',#2590,#2589,#260,.T.);
#3251=EDGE_CURVE('',#2590,#2587,#1479,.T.);
#3252=EDGE_CURVE('',#2591,#2592,#1480,.T.);
#3253=EDGE_CURVE('',#2592,#2593,#71,.T.);
#3254=EDGE_CURVE('',#2593,#2589,#261,.T.);
#3255=EDGE_CURVE('',#2425,#2594,#1481,.T.);
#3256=EDGE_CURVE('',#2594,#2591,#26,.T.);
#3257=EDGE_CURVE('',#2595,#2594,#1482,.T.);
#3258=EDGE_CURVE('',#2424,#2595,#1483,.T.);
#3259=EDGE_CURVE('',#2423,#2596,#1484,.T.);
#3260=EDGE_CURVE('',#2596,#2597,#262,.T.);
#3261=EDGE_CURVE('',#2597,#2598,#72,.T.);
#3262=EDGE_CURVE('',#2598,#2599,#1485,.T.);
#3263=EDGE_CURVE('',#2599,#2595,#27,.T.);
#3264=EDGE_CURVE('',#2596,#2572,#263,.T.);
#3265=EDGE_CURVE('',#2571,#2597,#264,.T.);
#3266=EDGE_CURVE('',#2600,#2422,#1486,.T.);
#3267=EDGE_CURVE('',#2600,#2573,#73,.T.);
#3268=EDGE_CURVE('',#2593,#2601,#265,.T.);
#3269=EDGE_CURVE('',#2601,#2590,#266,.T.);
#3270=EDGE_CURVE('',#2602,#2601,#508,.T.);
#3271=EDGE_CURVE('',#2603,#2602,#267,.T.);
#3272=EDGE_CURVE('',#2604,#2603,#1487,.T.);
#3273=EDGE_CURVE('',#2588,#2604,#509,.T.);
#3274=EDGE_CURVE('',#2592,#2605,#510,.T.);
#3275=EDGE_CURVE('',#2606,#2605,#74,.T.);
#3276=EDGE_CURVE('',#2602,#2606,#268,.T.);
#3277=EDGE_CURVE('',#2591,#2607,#511,.T.);
#3278=EDGE_CURVE('',#2605,#2607,#1488,.T.);
#3279=EDGE_CURVE('',#2482,#2608,#75,.T.);
#3280=EDGE_CURVE('',#2608,#2609,#1489,.T.);
#3281=EDGE_CURVE('',#2609,#2418,#1490,.T.);
#3282=EDGE_CURVE('',#2610,#2419,#1491,.T.);
#3283=EDGE_CURVE('',#2609,#2610,#512,.T.);
#3284=EDGE_CURVE('',#2611,#2420,#1492,.T.);
#3285=EDGE_CURVE('',#2610,#2611,#1493,.T.);
#3286=EDGE_CURVE('',#2612,#2421,#1494,.T.);
#3287=EDGE_CURVE('',#2611,#2612,#513,.T.);
#3288=EDGE_CURVE('',#2612,#2613,#1495,.T.);
#3289=EDGE_CURVE('',#2613,#2600,#76,.T.);
#3290=EDGE_CURVE('',#2614,#2598,#514,.T.);
#3291=EDGE_CURVE('',#2614,#2615,#1496,.F.);
#3292=EDGE_CURVE('',#2615,#2616,#515,.T.);
#3293=EDGE_CURVE('',#2616,#2617,#1497,.T.);
#3294=EDGE_CURVE('',#2599,#2617,#516,.T.);
#3295=EDGE_CURVE('',#2570,#2618,#269,.T.);
#3296=EDGE_CURVE('',#2618,#2614,#28,.T.);
#3297=EDGE_CURVE('',#2619,#2620,#1498,.T.);
#3298=EDGE_CURVE('',#2620,#2504,#1499,.T.);
#3299=EDGE_CURVE('',#2503,#2619,#1500,.T.);
#3300=EDGE_CURVE('',#2621,#2622,#1501,.T.);
#3301=EDGE_CURVE('',#2622,#2582,#77,.T.);
#3302=EDGE_CURVE('',#2620,#2621,#29,.T.);
#3303=EDGE_CURVE('',#2502,#2623,#1502,.T.);
#3304=EDGE_CURVE('',#2623,#2606,#270,.T.);
#3305=EDGE_CURVE('',#2607,#2619,#30,.T.);
#3306=EDGE_CURVE('',#2622,#2624,#517,.T.);
#3307=EDGE_CURVE('',#2624,#2625,#31,.T.);
#3308=EDGE_CURVE('',#2625,#2563,#271,.T.);
#3309=EDGE_CURVE('',#2626,#2621,#518,.T.);
#3310=EDGE_CURVE('',#2626,#2627,#1503,.T.);
#3311=EDGE_CURVE('',#2627,#2628,#519,.T.);
#3312=EDGE_CURVE('',#2628,#2624,#1504,.F.);
#3313=EDGE_CURVE('',#2617,#2629,#520,.T.);
#3314=EDGE_CURVE('',#2629,#2630,#521,.T.);
#3315=EDGE_CURVE('',#2630,#2626,#522,.T.);
#3316=EDGE_CURVE('',#2623,#2603,#272,.T.);
#3317=EDGE_CURVE('',#2501,#2631,#1505,.T.);
#3318=EDGE_CURVE('',#2631,#2604,#78,.T.);
#3319=EDGE_CURVE('',#2632,#2631,#79,.T.);
#3320=EDGE_CURVE('',#2632,#2585,#523,.T.);
#3321=EDGE_CURVE('',#2500,#2633,#1506,.T.);
#3322=EDGE_CURVE('',#2633,#2632,#1507,.T.);
#3323=EDGE_CURVE('',#2540,#2634,#1508,.T.);
#3324=EDGE_CURVE('',#2634,#2489,#1509,.T.);
#3325=EDGE_CURVE('',#2488,#2540,#1510,.T.);
#3326=EDGE_CURVE('',#2635,#2490,#1511,.T.);
#3327=EDGE_CURVE('',#2489,#2636,#1512,.T.);
#3328=EDGE_CURVE('',#2636,#2635,#1513,.T.);
#3329=EDGE_CURVE('',#2634,#2636,#524,.T.);
#3330=EDGE_CURVE('',#2637,#2638,#1514,.T.);
#3331=EDGE_CURVE('',#2638,#2492,#1515,.T.);
#3332=EDGE_CURVE('',#2491,#2637,#1516,.T.);
#3333=EDGE_CURVE('',#2639,#2640,#1517,.T.);
#3334=EDGE_CURVE('',#2640,#2494,#1518,.T.);
#3335=EDGE_CURVE('',#2493,#2639,#1519,.T.);
#3336=EDGE_CURVE('',#2499,#2641,#1520,.T.);
#3337=EDGE_CURVE('',#2641,#2633,#1521,.T.);
#3338=EDGE_CURVE('',#2642,#2643,#1522,.T.);
#3339=EDGE_CURVE('',#2643,#2496,#1523,.T.);
#3340=EDGE_CURVE('',#2495,#2642,#1524,.T.);
#3341=EDGE_CURVE('',#2497,#2644,#1525,.T.);
#3342=EDGE_CURVE('',#2644,#2645,#1526,.T.);
#3343=EDGE_CURVE('',#2645,#2498,#1527,.T.);
#3344=EDGE_CURVE('',#2643,#2644,#1528,.T.);
#3345=EDGE_CURVE('',#2645,#2641,#1529,.T.);
#3346=EDGE_CURVE('',#2640,#2642,#1530,.T.);
#3347=EDGE_CURVE('',#2638,#2639,#1531,.T.);
#3348=EDGE_CURVE('',#2490,#2646,#1532,.T.);
#3349=EDGE_CURVE('',#2646,#2637,#1533,.T.);
#3350=EDGE_CURVE('',#2635,#2646,#525,.T.);
#3351=EDGE_CURVE('',#2647,#2633,#1534,.T.);
#3352=EDGE_CURVE('',#2648,#2647,#1535,.T.);
#3353=EDGE_CURVE('',#2586,#2648,#1536,.T.);
#3354=EDGE_CURVE('',#2641,#2649,#1537,.T.);
#3355=EDGE_CURVE('',#2650,#2649,#1538,.T.);
#3356=EDGE_CURVE('',#2647,#2650,#1539,.T.);
#3357=EDGE_CURVE('',#2651,#2645,#1540,.T.);
#3358=EDGE_CURVE('',#2649,#2651,#1541,.T.);
#3359=EDGE_CURVE('',#2644,#2652,#1542,.T.);
#3360=EDGE_CURVE('',#2651,#2652,#1543,.T.);
#3361=EDGE_CURVE('',#2653,#2648,#1544,.T.);
#3362=EDGE_CURVE('',#2654,#2653,#1545,.T.);
#3363=EDGE_CURVE('',#2654,#2521,#1546,.T.);
#3364=EDGE_CURVE('',#2655,#2654,#1547,.T.);
#3365=EDGE_CURVE('',#2518,#2655,#1548,.T.);
#3366=EDGE_CURVE('',#2656,#2655,#1549,.T.);
#3367=EDGE_CURVE('',#2656,#2519,#1550,.T.);
#3368=EDGE_CURVE('',#2657,#2656,#1551,.T.);
#3369=EDGE_CURVE('',#2522,#2657,#1552,.T.);
#3370=EDGE_CURVE('',#2658,#2657,#526,.T.);
#3371=EDGE_CURVE('',#2658,#2524,#1553,.T.);
#3372=EDGE_CURVE('',#2659,#2658,#1554,.T.);
#3373=EDGE_CURVE('',#2523,#2659,#1555,.T.);
#3374=EDGE_CURVE('',#2541,#2659,#527,.T.);
#3375=EDGE_CURVE('',#2481,#2660,#273,.T.);
#3376=EDGE_CURVE('',#2660,#2661,#32,.T.);
#3377=EDGE_CURVE('',#2661,#2608,#528,.T.);
#3378=EDGE_CURVE('',#2662,#2484,#1556,.T.);
#3379=EDGE_CURVE('',#2663,#2662,#1557,.T.);
#3380=EDGE_CURVE('',#2609,#2663,#1558,.T.);
#3381=EDGE_CURVE('',#2661,#2664,#1559,.F.);
#3382=EDGE_CURVE('',#2664,#2665,#529,.T.);
#3383=EDGE_CURVE('',#2665,#2666,#1560,.T.);
#3384=EDGE_CURVE('',#2666,#2667,#530,.T.);
#3385=EDGE_CURVE('',#2667,#2668,#1561,.T.);
#3386=EDGE_CURVE('',#2668,#2669,#531,.T.);
#3387=EDGE_CURVE('',#2669,#2670,#1562,.F.);
#3388=EDGE_CURVE('',#2671,#2670,#532,.T.);
#3389=EDGE_CURVE('',#2671,#2672,#1563,.F.);
#3390=EDGE_CURVE('',#2672,#2673,#533,.T.);
#3391=EDGE_CURVE('',#2673,#2674,#1564,.T.);
#3392=EDGE_CURVE('',#2674,#2675,#534,.T.);
#3393=EDGE_CURVE('',#2675,#2676,#1565,.T.);
#3394=EDGE_CURVE('',#2676,#2677,#535,.T.);
#3395=EDGE_CURVE('',#2677,#2678,#1566,.F.);
#3396=EDGE_CURVE('',#2485,#2678,#536,.T.);
#3397=EDGE_CURVE('',#2679,#2663,#537,.T.);
#3398=EDGE_CURVE('',#2679,#2610,#1567,.T.);
#3399=EDGE_CURVE('',#2680,#2679,#1568,.T.);
#3400=EDGE_CURVE('',#2611,#2680,#1569,.T.);
#3401=EDGE_CURVE('',#2681,#2680,#538,.T.);
#3402=EDGE_CURVE('',#2681,#2612,#1570,.T.);
#3403=EDGE_CURVE('',#2682,#2551,#539,.T.);
#3404=EDGE_CURVE('',#2682,#2683,#1571,.F.);
#3405=EDGE_CURVE('',#2683,#2684,#540,.T.);
#3406=EDGE_CURVE('',#2684,#2685,#1572,.T.);
#3407=EDGE_CURVE('',#2685,#2686,#541,.T.);
#3408=EDGE_CURVE('',#2686,#2687,#1573,.T.);
#3409=EDGE_CURVE('',#2687,#2688,#542,.T.);
#3410=EDGE_CURVE('',#2688,#2689,#1574,.F.);
#3411=EDGE_CURVE('',#2690,#2689,#543,.T.);
#3412=EDGE_CURVE('',#2690,#2691,#1575,.F.);
#3413=EDGE_CURVE('',#2691,#2692,#544,.T.);
#3414=EDGE_CURVE('',#2692,#2693,#1576,.T.);
#3415=EDGE_CURVE('',#2693,#2694,#545,.T.);
#3416=EDGE_CURVE('',#2694,#2695,#1577,.T.);
#3417=EDGE_CURVE('',#2695,#2696,#546,.T.);
#3418=EDGE_CURVE('',#2696,#2697,#1578,.F.);
#3419=EDGE_CURVE('',#2613,#2697,#547,.T.);
#3420=EDGE_CURVE('',#2698,#2681,#1579,.T.);
#3421=EDGE_CURVE('',#2552,#2698,#1580,.T.);
#3422=EDGE_CURVE('',#2697,#2699,#33,.T.);
#3423=EDGE_CURVE('',#2699,#2574,#274,.T.);
#3424=EDGE_CURVE('',#2700,#2650,#1581,.T.);
#3425=EDGE_CURVE('',#2700,#2701,#1582,.T.);
#3426=EDGE_CURVE('',#2653,#2701,#1583,.T.);
#3427=EDGE_CURVE('',#2701,#2702,#1584,.T.);
#3428=EDGE_CURVE('',#2655,#2702,#1585,.T.);
#3429=EDGE_CURVE('',#2702,#2703,#1586,.T.);
#3430=EDGE_CURVE('',#2656,#2703,#1587,.T.);
#3431=EDGE_CURVE('',#2703,#2704,#1588,.T.);
#3432=EDGE_CURVE('',#2704,#2657,#1589,.T.);
#3433=EDGE_CURVE('',#2658,#2704,#1590,.T.);
#3434=EDGE_CURVE('',#2704,#2705,#1591,.T.);
#3435=EDGE_CURVE('',#2705,#2659,#1592,.T.);
#3436=EDGE_CURVE('',#2541,#2705,#1593,.T.);
#3437=EDGE_CURVE('',#2705,#2706,#1594,.T.);
#3438=EDGE_CURVE('',#2706,#2538,#1595,.T.);
#3439=EDGE_CURVE('',#2706,#2707,#1596,.T.);
#3440=EDGE_CURVE('',#2539,#2707,#1597,.T.);
#3441=EDGE_CURVE('',#2708,#2539,#1598,.T.);
#3442=EDGE_CURVE('',#2634,#2708,#1599,.T.);
#3443=EDGE_CURVE('',#2472,#2709,#275,.T.);
#3444=EDGE_CURVE('',#2709,#2446,#34,.T.);
#3445=EDGE_CURVE('',#2710,#2711,#276,.T.);
#3446=EDGE_CURVE('',#2712,#2710,#1600,.T.);
#3447=EDGE_CURVE('',#2712,#2447,#35,.F.);
#3448=EDGE_CURVE('',#2709,#2711,#277,.T.);
#3449=EDGE_CURVE('',#2713,#2677,#36,.F.);
#3450=EDGE_CURVE('',#2676,#2448,#1601,.T.);
#3451=EDGE_CURVE('',#2714,#2712,#548,.T.);
#3452=EDGE_CURVE('',#2714,#2452,#37,.T.);
#3453=EDGE_CURVE('',#2673,#2451,#1602,.T.);
#3454=EDGE_CURVE('',#2672,#2715,#38,.F.);
#3455=EDGE_CURVE('',#2715,#2713,#549,.T.);
#3456=EDGE_CURVE('',#2675,#2449,#1603,.T.);
#3457=EDGE_CURVE('',#2674,#2450,#1604,.T.);
#3458=EDGE_CURVE('',#2716,#2717,#278,.T.);
#3459=EDGE_CURVE('',#2718,#2716,#279,.T.);
#3460=EDGE_CURVE('',#2453,#2718,#39,.T.);
#3461=EDGE_CURVE('',#2717,#2714,#1605,.T.);
#3462=EDGE_CURVE('',#2468,#2719,#280,.T.);
#3463=EDGE_CURVE('',#2719,#2454,#40,.T.);
#3464=EDGE_CURVE('',#2469,#2718,#281,.T.);
#3465=EDGE_CURVE('',#2720,#2721,#282,.T.);
#3466=EDGE_CURVE('',#2720,#2722,#1606,.T.);
#3467=EDGE_CURVE('',#2722,#2455,#41,.F.);
#3468=EDGE_CURVE('',#2719,#2721,#283,.T.);
#3469=EDGE_CURVE('',#2723,#2669,#42,.F.);
#3470=EDGE_CURVE('',#2668,#2456,#1607,.T.);
#3471=EDGE_CURVE('',#2722,#2724,#550,.T.);
#3472=EDGE_CURVE('',#2724,#2460,#43,.T.);
#3473=EDGE_CURVE('',#2665,#2459,#1608,.T.);
#3474=EDGE_CURVE('',#2664,#2725,#44,.F.);
#3475=EDGE_CURVE('',#2725,#2723,#551,.T.);
#3476=EDGE_CURVE('',#2667,#2457,#1609,.T.);
#3477=EDGE_CURVE('',#2666,#2458,#1610,.T.);
#3478=EDGE_CURVE('',#2726,#2727,#284,.T.);
#3479=EDGE_CURVE('',#2443,#2726,#285,.T.);
#3480=EDGE_CURVE('',#2724,#2727,#1611,.T.);
#3481=EDGE_CURVE('',#2466,#2727,#286,.T.);
#3482=EDGE_CURVE('',#2678,#2728,#45,.T.);
#3483=EDGE_CURVE('',#2728,#2474,#287,.T.);
#3484=EDGE_CURVE('',#2728,#2729,#288,.T.);
#3485=EDGE_CURVE('',#2729,#2475,#289,.T.);
#3486=EDGE_CURVE('',#2729,#2730,#552,.T.);
#3487=EDGE_CURVE('',#2476,#2730,#290,.T.);
#3488=EDGE_CURVE('',#2730,#2731,#291,.T.);
#3489=EDGE_CURVE('',#2731,#2477,#292,.T.);
#3490=EDGE_CURVE('',#2731,#2671,#46,.T.);
#3491=EDGE_CURVE('',#2670,#2732,#47,.T.);
#3492=EDGE_CURVE('',#2732,#2478,#293,.T.);
#3493=EDGE_CURVE('',#2732,#2733,#294,.T.);
#3494=EDGE_CURVE('',#2733,#2479,#295,.T.);
#3495=EDGE_CURVE('',#2733,#2734,#553,.T.);
#3496=EDGE_CURVE('',#2480,#2734,#296,.T.);
#3497=EDGE_CURVE('',#2734,#2660,#297,.T.);
#3498=EDGE_CURVE('',#2727,#2720,#554,.T.);
#3499=EDGE_CURVE('',#2467,#2720,#298,.T.);
#3500=EDGE_CURVE('',#2470,#2717,#299,.T.);
#3501=EDGE_CURVE('',#2717,#2710,#555,.T.);
#3502=EDGE_CURVE('',#2471,#2710,#300,.T.);
#3503=EDGE_CURVE('',#2725,#2734,#1612,.T.);
#3504=EDGE_CURVE('',#2561,#2735,#1613,.T.);
#3505=EDGE_CURVE('',#2662,#2735,#556,.T.);
#3506=EDGE_CURVE('',#2662,#2736,#1614,.T.);
#3507=EDGE_CURVE('',#2736,#2737,#1615,.T.);
#3508=EDGE_CURVE('',#2737,#2663,#1616,.T.);
#3509=EDGE_CURVE('',#2733,#2723,#1617,.T.);
#3510=EDGE_CURVE('',#2730,#2715,#1618,.T.);
#3511=EDGE_CURVE('',#2713,#2729,#1619,.T.);
#3512=EDGE_CURVE('',#2679,#2738,#1620,.T.);
#3513=EDGE_CURVE('',#2737,#2738,#557,.T.);
#3514=EDGE_CURVE('',#2738,#2739,#1621,.T.);
#3515=EDGE_CURVE('',#2680,#2739,#1622,.T.);
#3516=EDGE_CURVE('',#2681,#2740,#1623,.T.);
#3517=EDGE_CURVE('',#2739,#2740,#558,.T.);
#3518=EDGE_CURVE('',#2581,#2741,#301,.T.);
#3519=EDGE_CURVE('',#2741,#2682,#48,.T.);
#3520=EDGE_CURVE('',#2742,#2741,#302,.T.);
#3521=EDGE_CURVE('',#2742,#2743,#1624,.T.);
#3522=EDGE_CURVE('',#2683,#2743,#49,.F.);
#3523=EDGE_CURVE('',#2743,#2744,#559,.T.);
#3524=EDGE_CURVE('',#2744,#2688,#50,.F.);
#3525=EDGE_CURVE('',#2687,#2745,#1625,.T.);
#3526=EDGE_CURVE('',#2746,#2745,#560,.T.);
#3527=EDGE_CURVE('',#2746,#2747,#51,.T.);
#3528=EDGE_CURVE('',#2748,#2747,#561,.T.);
#3529=EDGE_CURVE('',#2748,#2628,#52,.T.);
#3530=EDGE_CURVE('',#2684,#2627,#1626,.T.);
#3531=EDGE_CURVE('',#2626,#2749,#1627,.T.);
#3532=EDGE_CURVE('',#2685,#2749,#1628,.T.);
#3533=EDGE_CURVE('',#2749,#2750,#562,.T.);
#3534=EDGE_CURVE('',#2686,#2750,#1629,.T.);
#3535=EDGE_CURVE('',#2750,#2630,#1630,.T.);
#3536=EDGE_CURVE('',#2745,#2630,#1631,.T.);
#3537=EDGE_CURVE('',#2689,#2751,#53,.T.);
#3538=EDGE_CURVE('',#2744,#2752,#1632,.T.);
#3539=EDGE_CURVE('',#2751,#2752,#303,.T.);
#3540=EDGE_CURVE('',#2751,#2578,#304,.T.);
#3541=EDGE_CURVE('',#2577,#2753,#305,.T.);
#3542=EDGE_CURVE('',#2753,#2690,#54,.T.);
#3543=EDGE_CURVE('',#2754,#2753,#306,.T.);
#3544=EDGE_CURVE('',#2755,#2754,#1633,.T.);
#3545=EDGE_CURVE('',#2691,#2755,#55,.F.);
#3546=EDGE_CURVE('',#2756,#2696,#56,.F.);
#3547=EDGE_CURVE('',#2695,#2616,#1634,.T.);
#3548=EDGE_CURVE('',#2757,#2615,#57,.F.);
#3549=EDGE_CURVE('',#2757,#2758,#563,.T.);
#3550=EDGE_CURVE('',#2759,#2758,#58,.F.);
#3551=EDGE_CURVE('',#2760,#2759,#564,.T.);
#3552=EDGE_CURVE('',#2692,#2760,#1635,.T.);
#3553=EDGE_CURVE('',#2755,#2756,#565,.T.);
#3554=EDGE_CURVE('',#2761,#2629,#1636,.T.);
#3555=EDGE_CURVE('',#2693,#2761,#1637,.T.);
#3556=EDGE_CURVE('',#2629,#2760,#1638,.T.);
#3557=EDGE_CURVE('',#2762,#2761,#566,.T.);
#3558=EDGE_CURVE('',#2694,#2762,#1639,.T.);
#3559=EDGE_CURVE('',#2617,#2762,#1640,.T.);
#3560=EDGE_CURVE('',#2763,#2756,#1641,.T.);
#3561=EDGE_CURVE('',#2699,#2763,#307,.T.);
#3562=EDGE_CURVE('',#2740,#2764,#1642,.T.);
#3563=EDGE_CURVE('',#2698,#2764,#1643,.T.);
#3564=EDGE_CURVE('',#2765,#2698,#567,.T.);
#3565=EDGE_CURVE('',#2765,#2554,#1644,.T.);
#3566=EDGE_CURVE('',#2763,#2575,#308,.T.);
#3567=EDGE_CURVE('',#2766,#2767,#309,.T.);
#3568=EDGE_CURVE('',#2564,#2767,#310,.T.);
#3569=EDGE_CURVE('',#2766,#2625,#311,.T.);
#3570=EDGE_CURVE('',#2767,#2768,#568,.T.);
#3571=EDGE_CURVE('',#2768,#2565,#312,.T.);
#3572=EDGE_CURVE('',#2768,#2769,#313,.T.);
#3573=EDGE_CURVE('',#2770,#2769,#314,.T.);
#3574=EDGE_CURVE('',#2566,#2770,#315,.T.);
#3575=EDGE_CURVE('',#2771,#2772,#569,.T.);
#3576=EDGE_CURVE('',#2772,#2773,#59,.T.);
#3577=EDGE_CURVE('',#2773,#2567,#316,.T.);
#3578=EDGE_CURVE('',#2770,#2771,#60,.T.);
#3579=EDGE_CURVE('',#2774,#2773,#317,.T.);
#3580=EDGE_CURVE('',#2774,#2775,#318,.T.);
#3581=EDGE_CURVE('',#2568,#2775,#319,.T.);
#3582=EDGE_CURVE('',#2775,#2776,#570,.T.);
#3583=EDGE_CURVE('',#2569,#2776,#320,.T.);
#3584=EDGE_CURVE('',#2776,#2777,#321,.T.);
#3585=EDGE_CURVE('',#2618,#2777,#322,.T.);
#3586=EDGE_CURVE('',#2763,#2754,#571,.T.);
#3587=EDGE_CURVE('',#2576,#2754,#323,.T.);
#3588=EDGE_CURVE('',#2752,#2579,#324,.T.);
#3589=EDGE_CURVE('',#2752,#2742,#572,.T.);
#3590=EDGE_CURVE('',#2580,#2742,#325,.T.);
#3591=EDGE_CURVE('',#2776,#2757,#1645,.T.);
#3592=EDGE_CURVE('',#2771,#2746,#1646,.F.);
#3593=EDGE_CURVE('',#2759,#2772,#1647,.F.);
#3594=EDGE_CURVE('',#2778,#2765,#1648,.T.);
#3595=EDGE_CURVE('',#2555,#2778,#1649,.T.);
#3596=EDGE_CURVE('',#2779,#2778,#573,.T.);
#3597=EDGE_CURVE('',#2556,#2779,#1650,.T.);
#3598=EDGE_CURVE('',#2780,#2779,#1651,.T.);
#3599=EDGE_CURVE('',#2557,#2780,#1652,.T.);
#3600=EDGE_CURVE('',#2781,#2780,#574,.T.);
#3601=EDGE_CURVE('',#2781,#2558,#1653,.T.);
#3602=EDGE_CURVE('',#2782,#2781,#1654,.T.);
#3603=EDGE_CURVE('',#2559,#2782,#1655,.T.);
#3604=EDGE_CURVE('',#2783,#2782,#575,.T.);
#3605=EDGE_CURVE('',#2783,#2560,#1656,.T.);
#3606=EDGE_CURVE('',#2735,#2783,#1657,.T.);
#3607=EDGE_CURVE('',#2784,#2708,#576,.T.);
#3608=EDGE_CURVE('',#2784,#2636,#1658,.T.);
#3609=EDGE_CURVE('',#2785,#2784,#1659,.T.);
#3610=EDGE_CURVE('',#2635,#2785,#1660,.T.);
#3611=EDGE_CURVE('',#2786,#2785,#577,.T.);
#3612=EDGE_CURVE('',#2786,#2646,#1661,.T.);
#3613=EDGE_CURVE('',#2787,#2786,#1662,.T.);
#3614=EDGE_CURVE('',#2637,#2787,#1663,.T.);
#3615=EDGE_CURVE('',#2788,#2787,#1664,.T.);
#3616=EDGE_CURVE('',#2788,#2638,#1665,.T.);
#3617=EDGE_CURVE('',#2789,#2788,#1666,.T.);
#3618=EDGE_CURVE('',#2639,#2789,#1667,.T.);
#3619=EDGE_CURVE('',#2790,#2789,#1668,.T.);
#3620=EDGE_CURVE('',#2790,#2791,#1669,.T.);
#3621=EDGE_CURVE('',#2791,#2640,#1670,.T.);
#3622=EDGE_CURVE('',#2792,#2791,#1671,.T.);
#3623=EDGE_CURVE('',#2642,#2792,#1672,.T.);
#3624=EDGE_CURVE('',#2793,#2794,#326,.T.);
#3625=EDGE_CURVE('',#2794,#2795,#327,.T.);
#3626=EDGE_CURVE('',#2795,#2796,#328,.T.);
#3627=EDGE_CURVE('',#2796,#2797,#329,.T.);
#3628=EDGE_CURVE('',#2797,#2798,#1673,.T.);
#3629=EDGE_CURVE('',#2798,#2799,#1674,.T.);
#3630=EDGE_CURVE('',#2799,#2800,#330,.T.);
#3631=EDGE_CURVE('',#2800,#2801,#331,.T.);
#3632=EDGE_CURVE('',#2801,#2802,#332,.T.);
#3633=EDGE_CURVE('',#2802,#2803,#333,.T.);
#3634=EDGE_CURVE('',#2803,#2804,#334,.T.);
#3635=EDGE_CURVE('',#2804,#2805,#335,.T.);
#3636=EDGE_CURVE('',#2805,#2806,#336,.T.);
#3637=EDGE_CURVE('',#2806,#2807,#337,.T.);
#3638=EDGE_CURVE('',#2807,#2808,#1675,.T.);
#3639=EDGE_CURVE('',#2808,#2809,#1676,.T.);
#3640=EDGE_CURVE('',#2809,#2810,#338,.T.);
#3641=EDGE_CURVE('',#2810,#2793,#339,.T.);
#3642=EDGE_CURVE('',#2811,#2812,#1677,.T.);
#3643=EDGE_CURVE('',#2812,#2813,#1678,.T.);
#3644=EDGE_CURVE('',#2813,#2814,#340,.T.);
#3645=EDGE_CURVE('',#2814,#2815,#341,.T.);
#3646=EDGE_CURVE('',#2815,#2816,#342,.T.);
#3647=EDGE_CURVE('',#2816,#2817,#1679,.T.);
#3648=EDGE_CURVE('',#2817,#2818,#1680,.T.);
#3649=EDGE_CURVE('',#2818,#2819,#1681,.T.);
#3650=EDGE_CURVE('',#2819,#2820,#1682,.T.);
#3651=EDGE_CURVE('',#2820,#2821,#1683,.T.);
#3652=EDGE_CURVE('',#2821,#2822,#343,.T.);
#3653=EDGE_CURVE('',#2822,#2823,#344,.T.);
#3654=EDGE_CURVE('',#2823,#2811,#1684,.T.);
#3655=EDGE_CURVE('',#2824,#2825,#345,.T.);
#3656=EDGE_CURVE('',#2825,#2826,#346,.T.);
#3657=EDGE_CURVE('',#2826,#2827,#347,.T.);
#3658=EDGE_CURVE('',#2827,#2828,#1685,.T.);
#3659=EDGE_CURVE('',#2828,#2829,#1686,.T.);
#3660=EDGE_CURVE('',#2829,#2830,#348,.T.);
#3661=EDGE_CURVE('',#2830,#2831,#349,.T.);
#3662=EDGE_CURVE('',#2831,#2832,#350,.T.);
#3663=EDGE_CURVE('',#2832,#2833,#351,.T.);
#3664=EDGE_CURVE('',#2833,#2834,#1687,.T.);
#3665=EDGE_CURVE('',#2834,#2835,#1688,.T.);
#3666=EDGE_CURVE('',#2835,#2836,#352,.T.);
#3667=EDGE_CURVE('',#2836,#2824,#353,.T.);
#3668=EDGE_CURVE('',#2837,#2838,#354,.T.);
#3669=EDGE_CURVE('',#2838,#2839,#355,.T.);
#3670=EDGE_CURVE('',#2839,#2840,#1689,.T.);
#3671=EDGE_CURVE('',#2840,#2841,#1690,.T.);
#3672=EDGE_CURVE('',#2841,#2842,#1691,.T.);
#3673=EDGE_CURVE('',#2842,#2843,#1692,.T.);
#3674=EDGE_CURVE('',#2843,#2844,#1693,.T.);
#3675=EDGE_CURVE('',#2844,#2845,#356,.T.);
#3676=EDGE_CURVE('',#2845,#2837,#357,.T.);
#3677=EDGE_CURVE('',#2846,#2847,#358,.T.);
#3678=EDGE_CURVE('',#2847,#2848,#359,.T.);
#3679=EDGE_CURVE('',#2848,#2849,#360,.T.);
#3680=EDGE_CURVE('',#2849,#2846,#361,.T.);
#3681=EDGE_CURVE('',#2850,#2851,#362,.T.);
#3682=EDGE_CURVE('',#2851,#2852,#1694,.T.);
#3683=EDGE_CURVE('',#2852,#2853,#1695,.T.);
#3684=EDGE_CURVE('',#2853,#2854,#1696,.T.);
#3685=EDGE_CURVE('',#2854,#2855,#363,.T.);
#3686=EDGE_CURVE('',#2855,#2856,#364,.T.);
#3687=EDGE_CURVE('',#2856,#2857,#1697,.T.);
#3688=EDGE_CURVE('',#2857,#2858,#1698,.T.);
#3689=EDGE_CURVE('',#2858,#2859,#1699,.T.);
#3690=EDGE_CURVE('',#2859,#2850,#365,.T.);
#3691=EDGE_CURVE('',#2860,#2861,#1700,.T.);
#3692=EDGE_CURVE('',#2861,#2862,#1701,.T.);
#3693=EDGE_CURVE('',#2862,#2863,#366,.T.);
#3694=EDGE_CURVE('',#2863,#2864,#367,.T.);
#3695=EDGE_CURVE('',#2864,#2865,#368,.T.);
#3696=EDGE_CURVE('',#2865,#2866,#369,.T.);
#3697=EDGE_CURVE('',#2866,#2867,#370,.T.);
#3698=EDGE_CURVE('',#2867,#2868,#1702,.T.);
#3699=EDGE_CURVE('',#2868,#2869,#1703,.T.);
#3700=EDGE_CURVE('',#2869,#2870,#371,.T.);
#3701=EDGE_CURVE('',#2870,#2871,#372,.T.);
#3702=EDGE_CURVE('',#2871,#2872,#373,.T.);
#3703=EDGE_CURVE('',#2872,#2873,#374,.T.);
#3704=EDGE_CURVE('',#2873,#2874,#1704,.T.);
#3705=EDGE_CURVE('',#2874,#2860,#1705,.T.);
#3706=EDGE_CURVE('',#2875,#2792,#1706,.T.);
#3707=EDGE_CURVE('',#2876,#2875,#1707,.T.);
#3708=EDGE_CURVE('',#2876,#2643,#1708,.T.);
#3709=EDGE_CURVE('',#2652,#2876,#1709,.T.);
#3710=EDGE_CURVE('',#2877,#2700,#1710,.T.);
#3711=EDGE_CURVE('',#2877,#2651,#1711,.T.);
#3712=EDGE_CURVE('',#2878,#2877,#1712,.T.);
#3713=EDGE_CURVE('',#2879,#2878,#1713,.T.);
#3714=EDGE_CURVE('',#2880,#2879,#1714,.T.);
#3715=EDGE_CURVE('',#2881,#2880,#1715,.T.);
#3716=EDGE_CURVE('',#2882,#2881,#1716,.T.);
#3717=EDGE_CURVE('',#2883,#2882,#1717,.T.);
#3718=EDGE_CURVE('',#2884,#2883,#1718,.T.);
#3719=EDGE_CURVE('',#2707,#2884,#1719,.T.);
#3720=EDGE_CURVE('',#2885,#2736,#578,.T.);
#3721=EDGE_CURVE('',#2886,#2885,#1720,.T.);
#3722=EDGE_CURVE('',#2887,#2886,#579,.T.);
#3723=EDGE_CURVE('',#2888,#2887,#1721,.T.);
#3724=EDGE_CURVE('',#2889,#2888,#580,.T.);
#3725=EDGE_CURVE('',#2890,#2889,#1722,.T.);
#3726=EDGE_CURVE('',#2891,#2890,#581,.T.);
#3727=EDGE_CURVE('',#2892,#2891,#1723,.T.);
#3728=EDGE_CURVE('',#2764,#2892,#582,.T.);
#3729=EDGE_CURVE('',#2884,#2708,#1724,.T.);
#3730=EDGE_CURVE('',#2735,#2885,#1725,.T.);
#3731=EDGE_CURVE('',#2747,#2768,#1726,.T.);
#3732=EDGE_CURVE('',#2767,#2748,#1727,.T.);
#3733=EDGE_CURVE('',#2758,#2775,#1728,.T.);
#3734=EDGE_CURVE('',#2765,#2892,#1729,.T.);
#3735=EDGE_CURVE('',#2778,#2891,#1730,.T.);
#3736=EDGE_CURVE('',#2779,#2890,#1731,.T.);
#3737=EDGE_CURVE('',#2780,#2889,#1732,.T.);
#3738=EDGE_CURVE('',#2781,#2888,#1733,.T.);
#3739=EDGE_CURVE('',#2782,#2887,#1734,.T.);
#3740=EDGE_CURVE('',#2783,#2886,#1735,.T.);
#3741=EDGE_CURVE('',#2784,#2884,#1736,.T.);
#3742=EDGE_CURVE('',#2883,#2785,#1737,.T.);
#3743=EDGE_CURVE('',#2786,#2883,#1738,.T.);
#3744=EDGE_CURVE('',#2787,#2882,#1739,.T.);
#3745=EDGE_CURVE('',#2788,#2881,#1740,.T.);
#3746=EDGE_CURVE('',#2880,#2790,#1741,.T.);
#3747=EDGE_CURVE('',#2875,#2879,#1742,.T.);
#3748=EDGE_CURVE('',#2893,#2894,#375,.T.);
#3749=EDGE_CURVE('',#2894,#2794,#1743,.T.);
#3750=EDGE_CURVE('',#2893,#2793,#1744,.T.);
#3751=EDGE_CURVE('',#2894,#2895,#376,.T.);
#3752=EDGE_CURVE('',#2895,#2795,#1745,.T.);
#3753=EDGE_CURVE('',#2895,#2896,#377,.T.);
#3754=EDGE_CURVE('',#2896,#2796,#1746,.T.);
#3755=EDGE_CURVE('',#2896,#2897,#378,.T.);
#3756=EDGE_CURVE('',#2897,#2797,#1747,.T.);
#3757=EDGE_CURVE('',#2897,#2898,#1748,.T.);
#3758=EDGE_CURVE('',#2898,#2798,#1749,.T.);
#3759=EDGE_CURVE('',#2898,#2899,#1750,.T.);
#3760=EDGE_CURVE('',#2899,#2799,#1751,.T.);
#3761=EDGE_CURVE('',#2899,#2900,#379,.T.);
#3762=EDGE_CURVE('',#2900,#2800,#1752,.T.);
#3763=EDGE_CURVE('',#2900,#2901,#380,.T.);
#3764=EDGE_CURVE('',#2901,#2801,#1753,.T.);
#3765=EDGE_CURVE('',#2901,#2902,#381,.T.);
#3766=EDGE_CURVE('',#2902,#2802,#1754,.T.);
#3767=EDGE_CURVE('',#2902,#2903,#382,.T.);
#3768=EDGE_CURVE('',#2903,#2803,#1755,.T.);
#3769=EDGE_CURVE('',#2903,#2904,#383,.T.);
#3770=EDGE_CURVE('',#2904,#2804,#1756,.T.);
#3771=EDGE_CURVE('',#2904,#2905,#384,.T.);
#3772=EDGE_CURVE('',#2905,#2805,#1757,.T.);
#3773=EDGE_CURVE('',#2905,#2906,#385,.T.);
#3774=EDGE_CURVE('',#2906,#2806,#1758,.T.);
#3775=EDGE_CURVE('',#2906,#2907,#386,.T.);
#3776=EDGE_CURVE('',#2907,#2807,#1759,.T.);
#3777=EDGE_CURVE('',#2907,#2908,#1760,.T.);
#3778=EDGE_CURVE('',#2908,#2808,#1761,.T.);
#3779=EDGE_CURVE('',#2908,#2909,#1762,.T.);
#3780=EDGE_CURVE('',#2909,#2809,#1763,.T.);
#3781=EDGE_CURVE('',#2909,#2910,#387,.T.);
#3782=EDGE_CURVE('',#2910,#2810,#1764,.T.);
#3783=EDGE_CURVE('',#2910,#2893,#388,.T.);
#3784=EDGE_CURVE('',#2911,#2912,#1765,.T.);
#3785=EDGE_CURVE('',#2912,#2812,#1766,.T.);
#3786=EDGE_CURVE('',#2911,#2811,#1767,.T.);
#3787=EDGE_CURVE('',#2912,#2913,#1768,.T.);
#3788=EDGE_CURVE('',#2913,#2813,#1769,.T.);
#3789=EDGE_CURVE('',#2913,#2914,#389,.T.);
#3790=EDGE_CURVE('',#2914,#2814,#1770,.T.);
#3791=EDGE_CURVE('',#2914,#2915,#390,.T.);
#3792=EDGE_CURVE('',#2915,#2815,#1771,.T.);
#3793=EDGE_CURVE('',#2915,#2916,#391,.T.);
#3794=EDGE_CURVE('',#2916,#2816,#1772,.T.);
#3795=EDGE_CURVE('',#2916,#2917,#1773,.T.);
#3796=EDGE_CURVE('',#2917,#2817,#1774,.T.);
#3797=EDGE_CURVE('',#2917,#2918,#1775,.T.);
#3798=EDGE_CURVE('',#2918,#2818,#1776,.T.);
#3799=EDGE_CURVE('',#2918,#2919,#1777,.T.);
#3800=EDGE_CURVE('',#2919,#2819,#1778,.T.);
#3801=EDGE_CURVE('',#2919,#2920,#1779,.T.);
#3802=EDGE_CURVE('',#2920,#2820,#1780,.T.);
#3803=EDGE_CURVE('',#2920,#2921,#1781,.T.);
#3804=EDGE_CURVE('',#2921,#2821,#1782,.T.);
#3805=EDGE_CURVE('',#2921,#2922,#392,.T.);
#3806=EDGE_CURVE('',#2922,#2822,#1783,.T.);
#3807=EDGE_CURVE('',#2922,#2923,#393,.T.);
#3808=EDGE_CURVE('',#2923,#2823,#1784,.T.);
#3809=EDGE_CURVE('',#2923,#2911,#1785,.T.);
#3810=EDGE_CURVE('',#2924,#2925,#394,.T.);
#3811=EDGE_CURVE('',#2925,#2825,#1786,.T.);
#3812=EDGE_CURVE('',#2924,#2824,#1787,.T.);
#3813=EDGE_CURVE('',#2925,#2926,#395,.T.);
#3814=EDGE_CURVE('',#2926,#2826,#1788,.T.);
#3815=EDGE_CURVE('',#2926,#2927,#396,.T.);
#3816=EDGE_CURVE('',#2927,#2827,#1789,.T.);
#3817=EDGE_CURVE('',#2927,#2928,#1790,.T.);
#3818=EDGE_CURVE('',#2928,#2828,#1791,.T.);
#3819=EDGE_CURVE('',#2928,#2929,#1792,.T.);
#3820=EDGE_CURVE('',#2929,#2829,#1793,.T.);
#3821=EDGE_CURVE('',#2929,#2930,#397,.T.);
#3822=EDGE_CURVE('',#2930,#2830,#1794,.T.);
#3823=EDGE_CURVE('',#2930,#2931,#398,.T.);
#3824=EDGE_CURVE('',#2931,#2831,#1795,.T.);
#3825=EDGE_CURVE('',#2931,#2932,#399,.T.);
#3826=EDGE_CURVE('',#2932,#2832,#1796,.T.);
#3827=EDGE_CURVE('',#2932,#2933,#400,.T.);
#3828=EDGE_CURVE('',#2933,#2833,#1797,.T.);
#3829=EDGE_CURVE('',#2933,#2934,#1798,.T.);
#3830=EDGE_CURVE('',#2934,#2834,#1799,.T.);
#3831=EDGE_CURVE('',#2934,#2935,#1800,.T.);
#3832=EDGE_CURVE('',#2935,#2835,#1801,.T.);
#3833=EDGE_CURVE('',#2935,#2936,#401,.T.);
#3834=EDGE_CURVE('',#2936,#2836,#1802,.T.);
#3835=EDGE_CURVE('',#2936,#2924,#402,.T.);
#3836=EDGE_CURVE('',#2937,#2938,#403,.T.);
#3837=EDGE_CURVE('',#2938,#2838,#1803,.T.);
#3838=EDGE_CURVE('',#2937,#2837,#1804,.T.);
#3839=EDGE_CURVE('',#2938,#2939,#404,.T.);
#3840=EDGE_CURVE('',#2939,#2839,#1805,.T.);
#3841=EDGE_CURVE('',#2939,#2940,#1806,.T.);
#3842=EDGE_CURVE('',#2940,#2840,#1807,.T.);
#3843=EDGE_CURVE('',#2940,#2941,#1808,.T.);
#3844=EDGE_CURVE('',#2941,#2841,#1809,.T.);
#3845=EDGE_CURVE('',#2941,#2942,#1810,.T.);
#3846=EDGE_CURVE('',#2942,#2842,#1811,.T.);
#3847=EDGE_CURVE('',#2942,#2943,#1812,.T.);
#3848=EDGE_CURVE('',#2943,#2843,#1813,.T.);
#3849=EDGE_CURVE('',#2943,#2944,#1814,.T.);
#3850=EDGE_CURVE('',#2944,#2844,#1815,.T.);
#3851=EDGE_CURVE('',#2944,#2945,#405,.T.);
#3852=EDGE_CURVE('',#2945,#2845,#1816,.T.);
#3853=EDGE_CURVE('',#2945,#2937,#406,.T.);
#3854=EDGE_CURVE('',#2946,#2947,#407,.T.);
#3855=EDGE_CURVE('',#2947,#2847,#1817,.T.);
#3856=EDGE_CURVE('',#2946,#2846,#1818,.T.);
#3857=EDGE_CURVE('',#2947,#2948,#408,.T.);
#3858=EDGE_CURVE('',#2948,#2848,#1819,.T.);
#3859=EDGE_CURVE('',#2948,#2949,#409,.T.);
#3860=EDGE_CURVE('',#2949,#2849,#1820,.T.);
#3861=EDGE_CURVE('',#2949,#2946,#410,.T.);
#3862=EDGE_CURVE('',#2950,#2951,#411,.T.);
#3863=EDGE_CURVE('',#2951,#2851,#1821,.T.);
#3864=EDGE_CURVE('',#2950,#2850,#1822,.T.);
#3865=EDGE_CURVE('',#2951,#2952,#1823,.T.);
#3866=EDGE_CURVE('',#2952,#2852,#1824,.T.);
#3867=EDGE_CURVE('',#2952,#2953,#1825,.T.);
#3868=EDGE_CURVE('',#2953,#2853,#1826,.T.);
#3869=EDGE_CURVE('',#2953,#2954,#1827,.T.);
#3870=EDGE_CURVE('',#2954,#2854,#1828,.T.);
#3871=EDGE_CURVE('',#2954,#2955,#412,.T.);
#3872=EDGE_CURVE('',#2955,#2855,#1829,.T.);
#3873=EDGE_CURVE('',#2955,#2956,#413,.T.);
#3874=EDGE_CURVE('',#2956,#2856,#1830,.T.);
#3875=EDGE_CURVE('',#2956,#2957,#1831,.T.);
#3876=EDGE_CURVE('',#2957,#2857,#1832,.T.);
#3877=EDGE_CURVE('',#2957,#2958,#1833,.T.);
#3878=EDGE_CURVE('',#2958,#2858,#1834,.T.);
#3879=EDGE_CURVE('',#2958,#2959,#1835,.T.);
#3880=EDGE_CURVE('',#2959,#2859,#1836,.T.);
#3881=EDGE_CURVE('',#2959,#2950,#414,.T.);
#3882=EDGE_CURVE('',#2960,#2961,#1837,.T.);
#3883=EDGE_CURVE('',#2961,#2861,#1838,.T.);
#3884=EDGE_CURVE('',#2960,#2860,#1839,.T.);
#3885=EDGE_CURVE('',#2961,#2962,#1840,.T.);
#3886=EDGE_CURVE('',#2962,#2862,#1841,.T.);
#3887=EDGE_CURVE('',#2962,#2963,#415,.T.);
#3888=EDGE_CURVE('',#2963,#2863,#1842,.T.);
#3889=EDGE_CURVE('',#2963,#2964,#416,.T.);
#3890=EDGE_CURVE('',#2964,#2864,#1843,.T.);
#3891=EDGE_CURVE('',#2964,#2965,#417,.T.);
#3892=EDGE_CURVE('',#2965,#2865,#1844,.T.);
#3893=EDGE_CURVE('',#2965,#2966,#418,.T.);
#3894=EDGE_CURVE('',#2966,#2866,#1845,.T.);
#3895=EDGE_CURVE('',#2966,#2967,#419,.T.);
#3896=EDGE_CURVE('',#2967,#2867,#1846,.T.);
#3897=EDGE_CURVE('',#2967,#2968,#1847,.T.);
#3898=EDGE_CURVE('',#2968,#2868,#1848,.T.);
#3899=EDGE_CURVE('',#2968,#2969,#1849,.T.);
#3900=EDGE_CURVE('',#2969,#2869,#1850,.T.);
#3901=EDGE_CURVE('',#2969,#2970,#420,.T.);
#3902=EDGE_CURVE('',#2970,#2870,#1851,.T.);
#3903=EDGE_CURVE('',#2970,#2971,#421,.T.);
#3904=EDGE_CURVE('',#2971,#2871,#1852,.T.);
#3905=EDGE_CURVE('',#2971,#2972,#422,.T.);
#3906=EDGE_CURVE('',#2972,#2872,#1853,.T.);
#3907=EDGE_CURVE('',#2972,#2973,#423,.T.);
#3908=EDGE_CURVE('',#2973,#2873,#1854,.T.);
#3909=EDGE_CURVE('',#2973,#2974,#1855,.T.);
#3910=EDGE_CURVE('',#2974,#2874,#1856,.T.);
#3911=EDGE_CURVE('',#2974,#2960,#1857,.T.);
#3912=EDGE_CURVE('',#2652,#2878,#1858,.T.);
#3913=EDGE_CURVE('',#2975,#2976,#424,.T.);
#3914=EDGE_CURVE('',#2977,#2975,#1859,.T.);
#3915=EDGE_CURVE('',#2976,#2977,#425,.T.);
#3916=EDGE_CURVE('',#2978,#2979,#426,.T.);
#3917=EDGE_CURVE('',#2980,#2978,#427,.T.);
#3918=EDGE_CURVE('',#2981,#2980,#428,.T.);
#3919=EDGE_CURVE('',#2982,#2981,#1860,.T.);
#3920=EDGE_CURVE('',#2979,#2982,#429,.T.);
#3921=EDGE_CURVE('',#2983,#2984,#430,.T.);
#3922=EDGE_CURVE('',#2985,#2983,#431,.T.);
#3923=EDGE_CURVE('',#2986,#2985,#432,.T.);
#3924=EDGE_CURVE('',#2987,#2986,#433,.T.);
#3925=EDGE_CURVE('',#2988,#2987,#434,.T.);
#3926=EDGE_CURVE('',#2989,#2988,#435,.T.);
#3927=EDGE_CURVE('',#2990,#2989,#436,.T.);
#3928=EDGE_CURVE('',#2984,#2990,#437,.T.);
#3929=EDGE_CURVE('',#2976,#2991,#1861,.T.);
#3930=EDGE_CURVE('',#2992,#2991,#438,.T.);
#3931=EDGE_CURVE('',#2975,#2992,#1862,.T.);
#3932=EDGE_CURVE('',#2993,#2992,#1863,.T.);
#3933=EDGE_CURVE('',#2977,#2993,#1864,.T.);
#3934=EDGE_CURVE('',#2991,#2993,#439,.T.);
#3935=EDGE_CURVE('',#2979,#2994,#1865,.T.);
#3936=EDGE_CURVE('',#2995,#2994,#440,.T.);
#3937=EDGE_CURVE('',#2978,#2995,#1866,.T.);
#3938=EDGE_CURVE('',#2996,#2995,#441,.T.);
#3939=EDGE_CURVE('',#2980,#2996,#1867,.T.);
#3940=EDGE_CURVE('',#2997,#2996,#442,.T.);
#3941=EDGE_CURVE('',#2981,#2997,#1868,.T.);
#3942=EDGE_CURVE('',#2998,#2997,#1869,.T.);
#3943=EDGE_CURVE('',#2982,#2998,#1870,.T.);
#3944=EDGE_CURVE('',#2994,#2998,#443,.T.);
#3945=EDGE_CURVE('',#2984,#2999,#1871,.T.);
#3946=EDGE_CURVE('',#3000,#2999,#444,.T.);
#3947=EDGE_CURVE('',#2983,#3000,#1872,.T.);
#3948=EDGE_CURVE('',#3001,#3000,#445,.T.);
#3949=EDGE_CURVE('',#2985,#3001,#1873,.T.);
#3950=EDGE_CURVE('',#3002,#3001,#446,.T.);
#3951=EDGE_CURVE('',#2986,#3002,#1874,.T.);
#3952=EDGE_CURVE('',#3003,#3002,#447,.T.);
#3953=EDGE_CURVE('',#2987,#3003,#1875,.T.);
#3954=EDGE_CURVE('',#3004,#3003,#448,.T.);
#3955=EDGE_CURVE('',#2988,#3004,#1876,.T.);
#3956=EDGE_CURVE('',#3005,#3004,#449,.T.);
#3957=EDGE_CURVE('',#2989,#3005,#1877,.T.);
#3958=EDGE_CURVE('',#3006,#3005,#450,.T.);
#3959=EDGE_CURVE('',#2990,#3006,#1878,.T.);
#3960=EDGE_CURVE('',#2999,#3006,#451,.T.);
#3961=ORIENTED_EDGE('',*,*,#3007,.T.);
#3962=ORIENTED_EDGE('',*,*,#3008,.T.);
#3963=ORIENTED_EDGE('',*,*,#3009,.T.);
#3964=ORIENTED_EDGE('',*,*,#3010,.T.);
#3965=ORIENTED_EDGE('',*,*,#3008,.F.);
#3966=ORIENTED_EDGE('',*,*,#3011,.F.);
#3967=ORIENTED_EDGE('',*,*,#3012,.F.);
#3968=ORIENTED_EDGE('',*,*,#3013,.F.);
#3969=ORIENTED_EDGE('',*,*,#3014,.T.);
#3970=ORIENTED_EDGE('',*,*,#3015,.T.);
#3971=ORIENTED_EDGE('',*,*,#3016,.T.);
#3972=ORIENTED_EDGE('',*,*,#3017,.T.);
#3973=ORIENTED_EDGE('',*,*,#3015,.F.);
#3974=ORIENTED_EDGE('',*,*,#3018,.T.);
#3975=ORIENTED_EDGE('',*,*,#3019,.T.);
#3976=ORIENTED_EDGE('',*,*,#3020,.T.);
#3977=ORIENTED_EDGE('',*,*,#3021,.T.);
#3978=ORIENTED_EDGE('',*,*,#3022,.T.);
#3979=ORIENTED_EDGE('',*,*,#3023,.T.);
#3980=ORIENTED_EDGE('',*,*,#3022,.F.);
#3981=ORIENTED_EDGE('',*,*,#3024,.F.);
#3982=ORIENTED_EDGE('',*,*,#3025,.F.);
#3983=ORIENTED_EDGE('',*,*,#3026,.F.);
#3984=ORIENTED_EDGE('',*,*,#3027,.F.);
#3985=ORIENTED_EDGE('',*,*,#3028,.F.);
#3986=ORIENTED_EDGE('',*,*,#3029,.F.);
#3987=ORIENTED_EDGE('',*,*,#3030,.F.);
#3988=ORIENTED_EDGE('',*,*,#3031,.F.);
#3989=ORIENTED_EDGE('',*,*,#3032,.F.);
#3990=ORIENTED_EDGE('',*,*,#3033,.F.);
#3991=ORIENTED_EDGE('',*,*,#3034,.F.);
#3992=ORIENTED_EDGE('',*,*,#3035,.F.);
#3993=ORIENTED_EDGE('',*,*,#3036,.F.);
#3994=ORIENTED_EDGE('',*,*,#3037,.F.);
#3995=ORIENTED_EDGE('',*,*,#3038,.F.);
#3996=ORIENTED_EDGE('',*,*,#3039,.F.);
#3997=ORIENTED_EDGE('',*,*,#3040,.F.);
#3998=ORIENTED_EDGE('',*,*,#3041,.F.);
#3999=ORIENTED_EDGE('',*,*,#3042,.F.);
#4000=ORIENTED_EDGE('',*,*,#3043,.F.);
#4001=ORIENTED_EDGE('',*,*,#3044,.F.);
#4002=ORIENTED_EDGE('',*,*,#3045,.F.);
#4003=ORIENTED_EDGE('',*,*,#3017,.F.);
#4004=ORIENTED_EDGE('',*,*,#3021,.F.);
#4005=ORIENTED_EDGE('',*,*,#3023,.F.);
#4006=ORIENTED_EDGE('',*,*,#3046,.T.);
#4007=ORIENTED_EDGE('',*,*,#3047,.T.);
#4008=ORIENTED_EDGE('',*,*,#3046,.F.);
#4009=ORIENTED_EDGE('',*,*,#3048,.T.);
#4010=ORIENTED_EDGE('',*,*,#3049,.T.);
#4011=ORIENTED_EDGE('',*,*,#3050,.T.);
#4012=ORIENTED_EDGE('',*,*,#3025,.T.);
#4013=ORIENTED_EDGE('',*,*,#3051,.T.);
#4014=ORIENTED_EDGE('',*,*,#3024,.T.);
#4015=ORIENTED_EDGE('',*,*,#3016,.F.);
#4016=ORIENTED_EDGE('',*,*,#3052,.T.);
#4017=ORIENTED_EDGE('',*,*,#3053,.T.);
#4018=ORIENTED_EDGE('',*,*,#3051,.F.);
#4019=ORIENTED_EDGE('',*,*,#3048,.F.);
#4020=ORIENTED_EDGE('',*,*,#3053,.F.);
#4021=ORIENTED_EDGE('',*,*,#3054,.T.);
#4022=ORIENTED_EDGE('',*,*,#3055,.T.);
#4023=ORIENTED_EDGE('',*,*,#3056,.F.);
#4024=ORIENTED_EDGE('',*,*,#3057,.T.);
#4025=ORIENTED_EDGE('',*,*,#3052,.F.);
#4026=ORIENTED_EDGE('',*,*,#3020,.F.);
#4027=ORIENTED_EDGE('',*,*,#3058,.F.);
#4028=ORIENTED_EDGE('',*,*,#3011,.T.);
#4029=ORIENTED_EDGE('',*,*,#3059,.F.);
#4030=ORIENTED_EDGE('',*,*,#3060,.F.);
#4031=ORIENTED_EDGE('',*,*,#3061,.T.);
#4032=ORIENTED_EDGE('',*,*,#3062,.T.);
#4033=ORIENTED_EDGE('',*,*,#3063,.T.);
#4034=ORIENTED_EDGE('',*,*,#3064,.T.);
#4035=ORIENTED_EDGE('',*,*,#3065,.T.);
#4036=ORIENTED_EDGE('',*,*,#3066,.T.);
#4037=ORIENTED_EDGE('',*,*,#3067,.T.);
#4038=ORIENTED_EDGE('',*,*,#3068,.F.);
#4039=ORIENTED_EDGE('',*,*,#3069,.T.);
#4040=ORIENTED_EDGE('',*,*,#3070,.T.);
#4041=ORIENTED_EDGE('',*,*,#3071,.T.);
#4042=ORIENTED_EDGE('',*,*,#3072,.T.);
#4043=ORIENTED_EDGE('',*,*,#3073,.T.);
#4044=ORIENTED_EDGE('',*,*,#3074,.T.);
#4045=ORIENTED_EDGE('',*,*,#3075,.T.);
#4046=ORIENTED_EDGE('',*,*,#3054,.F.);
#4047=ORIENTED_EDGE('',*,*,#3059,.T.);
#4048=ORIENTED_EDGE('',*,*,#3007,.F.);
#4049=ORIENTED_EDGE('',*,*,#3076,.T.);
#4050=ORIENTED_EDGE('',*,*,#3077,.T.);
#4051=ORIENTED_EDGE('',*,*,#3078,.T.);
#4052=ORIENTED_EDGE('',*,*,#3079,.T.);
#4053=ORIENTED_EDGE('',*,*,#3080,.T.);
#4054=ORIENTED_EDGE('',*,*,#3081,.T.);
#4055=ORIENTED_EDGE('',*,*,#3082,.T.);
#4056=ORIENTED_EDGE('',*,*,#3077,.F.);
#4057=ORIENTED_EDGE('',*,*,#3049,.F.);
#4058=ORIENTED_EDGE('',*,*,#3057,.F.);
#4059=ORIENTED_EDGE('',*,*,#3083,.F.);
#4060=ORIENTED_EDGE('',*,*,#3084,.F.);
#4061=ORIENTED_EDGE('',*,*,#3085,.F.);
#4062=ORIENTED_EDGE('',*,*,#3086,.F.);
#4063=ORIENTED_EDGE('',*,*,#3087,.F.);
#4064=ORIENTED_EDGE('',*,*,#3088,.F.);
#4065=ORIENTED_EDGE('',*,*,#3089,.F.);
#4066=ORIENTED_EDGE('',*,*,#3090,.F.);
#4067=ORIENTED_EDGE('',*,*,#3081,.F.);
#4068=ORIENTED_EDGE('',*,*,#3091,.F.);
#4069=ORIENTED_EDGE('',*,*,#3092,.F.);
#4070=ORIENTED_EDGE('',*,*,#3093,.F.);
#4071=ORIENTED_EDGE('',*,*,#3094,.F.);
#4072=ORIENTED_EDGE('',*,*,#3095,.F.);
#4073=ORIENTED_EDGE('',*,*,#3096,.F.);
#4074=ORIENTED_EDGE('',*,*,#3097,.F.);
#4075=ORIENTED_EDGE('',*,*,#3098,.F.);
#4076=ORIENTED_EDGE('',*,*,#3099,.F.);
#4077=ORIENTED_EDGE('',*,*,#3100,.F.);
#4078=ORIENTED_EDGE('',*,*,#3101,.F.);
#4079=ORIENTED_EDGE('',*,*,#3080,.F.);
#4080=ORIENTED_EDGE('',*,*,#3102,.T.);
#4081=ORIENTED_EDGE('',*,*,#3103,.F.);
#4082=ORIENTED_EDGE('',*,*,#3104,.T.);
#4083=ORIENTED_EDGE('',*,*,#3105,.T.);
#4084=ORIENTED_EDGE('',*,*,#3091,.T.);
#4085=ORIENTED_EDGE('',*,*,#3106,.F.);
#4086=ORIENTED_EDGE('',*,*,#3107,.F.);
#4087=ORIENTED_EDGE('',*,*,#3108,.F.);
#4088=ORIENTED_EDGE('',*,*,#3109,.F.);
#4089=ORIENTED_EDGE('',*,*,#3110,.F.);
#4090=ORIENTED_EDGE('',*,*,#3111,.F.);
#4091=ORIENTED_EDGE('',*,*,#3112,.F.);
#4092=ORIENTED_EDGE('',*,*,#3113,.F.);
#4093=ORIENTED_EDGE('',*,*,#3114,.F.);
#4094=ORIENTED_EDGE('',*,*,#3115,.F.);
#4095=ORIENTED_EDGE('',*,*,#3116,.F.);
#4096=ORIENTED_EDGE('',*,*,#3117,.F.);
#4097=ORIENTED_EDGE('',*,*,#3118,.F.);
#4098=ORIENTED_EDGE('',*,*,#3119,.F.);
#4099=ORIENTED_EDGE('',*,*,#3120,.F.);
#4100=ORIENTED_EDGE('',*,*,#3121,.F.);
#4101=ORIENTED_EDGE('',*,*,#3122,.F.);
#4102=ORIENTED_EDGE('',*,*,#3123,.F.);
#4103=ORIENTED_EDGE('',*,*,#3124,.F.);
#4104=ORIENTED_EDGE('',*,*,#3125,.F.);
#4105=ORIENTED_EDGE('',*,*,#3126,.F.);
#4106=ORIENTED_EDGE('',*,*,#3127,.F.);
#4107=ORIENTED_EDGE('',*,*,#3128,.F.);
#4108=ORIENTED_EDGE('',*,*,#3129,.F.);
#4109=ORIENTED_EDGE('',*,*,#3130,.F.);
#4110=ORIENTED_EDGE('',*,*,#3131,.F.);
#4111=ORIENTED_EDGE('',*,*,#3132,.F.);
#4112=ORIENTED_EDGE('',*,*,#3133,.F.);
#4113=ORIENTED_EDGE('',*,*,#3134,.F.);
#4114=ORIENTED_EDGE('',*,*,#3135,.F.);
#4115=ORIENTED_EDGE('',*,*,#3136,.F.);
#4116=ORIENTED_EDGE('',*,*,#3102,.F.);
#4117=ORIENTED_EDGE('',*,*,#3079,.F.);
#4118=ORIENTED_EDGE('',*,*,#3076,.F.);
#4119=ORIENTED_EDGE('',*,*,#3010,.F.);
#4120=ORIENTED_EDGE('',*,*,#3137,.F.);
#4121=ORIENTED_EDGE('',*,*,#3138,.F.);
#4122=ORIENTED_EDGE('',*,*,#3038,.T.);
#4123=ORIENTED_EDGE('',*,*,#3139,.T.);
#4124=ORIENTED_EDGE('',*,*,#3140,.T.);
#4125=ORIENTED_EDGE('',*,*,#3141,.T.);
#4126=ORIENTED_EDGE('',*,*,#3037,.T.);
#4127=ORIENTED_EDGE('',*,*,#3142,.T.);
#4128=ORIENTED_EDGE('',*,*,#3143,.T.);
#4129=ORIENTED_EDGE('',*,*,#3144,.T.);
#4130=ORIENTED_EDGE('',*,*,#3139,.F.);
#4131=ORIENTED_EDGE('',*,*,#3145,.T.);
#4132=ORIENTED_EDGE('',*,*,#3146,.T.);
#4133=ORIENTED_EDGE('',*,*,#3039,.T.);
#4134=ORIENTED_EDGE('',*,*,#3141,.F.);
#4135=ORIENTED_EDGE('',*,*,#3147,.T.);
#4136=ORIENTED_EDGE('',*,*,#3040,.T.);
#4137=ORIENTED_EDGE('',*,*,#3148,.T.);
#4138=ORIENTED_EDGE('',*,*,#3149,.T.);
#4139=ORIENTED_EDGE('',*,*,#3148,.F.);
#4140=ORIENTED_EDGE('',*,*,#3146,.F.);
#4141=ORIENTED_EDGE('',*,*,#3150,.T.);
#4142=ORIENTED_EDGE('',*,*,#3151,.T.);
#4143=ORIENTED_EDGE('',*,*,#3152,.T.);
#4144=ORIENTED_EDGE('',*,*,#3153,.T.);
#4145=ORIENTED_EDGE('',*,*,#3043,.T.);
#4146=ORIENTED_EDGE('',*,*,#3154,.T.);
#4147=ORIENTED_EDGE('',*,*,#3041,.T.);
#4148=ORIENTED_EDGE('',*,*,#3155,.T.);
#4149=ORIENTED_EDGE('',*,*,#3156,.T.);
#4150=ORIENTED_EDGE('',*,*,#3157,.T.);
#4151=ORIENTED_EDGE('',*,*,#3042,.T.);
#4152=ORIENTED_EDGE('',*,*,#3157,.F.);
#4153=ORIENTED_EDGE('',*,*,#3158,.T.);
#4154=ORIENTED_EDGE('',*,*,#3159,.T.);
#4155=ORIENTED_EDGE('',*,*,#3154,.F.);
#4156=ORIENTED_EDGE('',*,*,#3155,.F.);
#4157=ORIENTED_EDGE('',*,*,#3147,.F.);
#4158=ORIENTED_EDGE('',*,*,#3160,.T.);
#4159=ORIENTED_EDGE('',*,*,#3153,.F.);
#4160=ORIENTED_EDGE('',*,*,#3161,.T.);
#4161=ORIENTED_EDGE('',*,*,#3162,.T.);
#4162=ORIENTED_EDGE('',*,*,#3163,.T.);
#4163=ORIENTED_EDGE('',*,*,#3044,.T.);
#4164=ORIENTED_EDGE('',*,*,#3152,.F.);
#4165=ORIENTED_EDGE('',*,*,#3164,.F.);
#4166=ORIENTED_EDGE('',*,*,#3165,.F.);
#4167=ORIENTED_EDGE('',*,*,#3166,.F.);
#4168=ORIENTED_EDGE('',*,*,#3167,.F.);
#4169=ORIENTED_EDGE('',*,*,#3161,.F.);
#4170=ORIENTED_EDGE('',*,*,#3151,.F.);
#4171=ORIENTED_EDGE('',*,*,#3159,.F.);
#4172=ORIENTED_EDGE('',*,*,#3168,.T.);
#4173=ORIENTED_EDGE('',*,*,#3169,.F.);
#4174=ORIENTED_EDGE('',*,*,#3170,.F.);
#4175=ORIENTED_EDGE('',*,*,#3164,.T.);
#4176=ORIENTED_EDGE('',*,*,#3158,.F.);
#4177=ORIENTED_EDGE('',*,*,#3171,.F.);
#4178=ORIENTED_EDGE('',*,*,#3172,.F.);
#4179=ORIENTED_EDGE('',*,*,#3173,.F.);
#4180=ORIENTED_EDGE('',*,*,#3174,.F.);
#4181=ORIENTED_EDGE('',*,*,#3168,.F.);
#4182=ORIENTED_EDGE('',*,*,#3156,.F.);
#4183=ORIENTED_EDGE('',*,*,#3175,.F.);
#4184=ORIENTED_EDGE('',*,*,#3176,.F.);
#4185=ORIENTED_EDGE('',*,*,#3171,.T.);
#4186=ORIENTED_EDGE('',*,*,#3177,.T.);
#4187=ORIENTED_EDGE('',*,*,#3014,.F.);
#4188=ORIENTED_EDGE('',*,*,#3045,.T.);
#4189=ORIENTED_EDGE('',*,*,#3163,.F.);
#4190=ORIENTED_EDGE('',*,*,#3178,.T.);
#4191=ORIENTED_EDGE('',*,*,#3179,.T.);
#4192=ORIENTED_EDGE('',*,*,#3106,.T.);
#4193=ORIENTED_EDGE('',*,*,#3009,.F.);
#4194=ORIENTED_EDGE('',*,*,#3180,.T.);
#4195=ORIENTED_EDGE('',*,*,#3181,.T.);
#4196=ORIENTED_EDGE('',*,*,#3182,.T.);
#4197=ORIENTED_EDGE('',*,*,#3179,.F.);
#4198=ORIENTED_EDGE('',*,*,#3183,.T.);
#4199=ORIENTED_EDGE('',*,*,#3165,.T.);
#4200=ORIENTED_EDGE('',*,*,#3170,.T.);
#4201=ORIENTED_EDGE('',*,*,#3184,.T.);
#4202=ORIENTED_EDGE('',*,*,#3107,.T.);
#4203=ORIENTED_EDGE('',*,*,#3182,.F.);
#4204=ORIENTED_EDGE('',*,*,#3185,.T.);
#4205=ORIENTED_EDGE('',*,*,#3166,.T.);
#4206=ORIENTED_EDGE('',*,*,#3183,.F.);
#4207=ORIENTED_EDGE('',*,*,#3162,.F.);
#4208=ORIENTED_EDGE('',*,*,#3167,.T.);
#4209=ORIENTED_EDGE('',*,*,#3185,.F.);
#4210=ORIENTED_EDGE('',*,*,#3181,.F.);
#4211=ORIENTED_EDGE('',*,*,#3186,.T.);
#4212=ORIENTED_EDGE('',*,*,#3178,.F.);
#4213=ORIENTED_EDGE('',*,*,#3177,.F.);
#4214=ORIENTED_EDGE('',*,*,#3186,.F.);
#4215=ORIENTED_EDGE('',*,*,#3180,.F.);
#4216=ORIENTED_EDGE('',*,*,#3013,.T.);
#4217=ORIENTED_EDGE('',*,*,#3187,.T.);
#4218=ORIENTED_EDGE('',*,*,#3018,.F.);
#4219=ORIENTED_EDGE('',*,*,#3137,.T.);
#4220=ORIENTED_EDGE('',*,*,#3188,.T.);
#4221=ORIENTED_EDGE('',*,*,#3189,.T.);
#4222=ORIENTED_EDGE('',*,*,#3188,.F.);
#4223=ORIENTED_EDGE('',*,*,#3189,.F.);
#4224=ORIENTED_EDGE('',*,*,#3190,.T.);
#4225=ORIENTED_EDGE('',*,*,#3191,.T.);
#4226=ORIENTED_EDGE('',*,*,#3190,.F.);
#4227=ORIENTED_EDGE('',*,*,#3138,.T.);
#4228=ORIENTED_EDGE('',*,*,#3192,.T.);
#4229=ORIENTED_EDGE('',*,*,#3193,.T.);
#4230=ORIENTED_EDGE('',*,*,#3192,.F.);
#4231=ORIENTED_EDGE('',*,*,#3193,.F.);
#4232=ORIENTED_EDGE('',*,*,#3194,.T.);
#4233=ORIENTED_EDGE('',*,*,#3195,.T.);
#4234=ORIENTED_EDGE('',*,*,#3194,.F.);
#4235=ORIENTED_EDGE('',*,*,#3196,.T.);
#4236=ORIENTED_EDGE('',*,*,#3197,.T.);
#4237=ORIENTED_EDGE('',*,*,#3198,.T.);
#4238=ORIENTED_EDGE('',*,*,#3127,.T.);
#4239=ORIENTED_EDGE('',*,*,#3199,.T.);
#4240=ORIENTED_EDGE('',*,*,#3200,.T.);
#4241=ORIENTED_EDGE('',*,*,#3201,.T.);
#4242=ORIENTED_EDGE('',*,*,#3128,.T.);
#4243=ORIENTED_EDGE('',*,*,#3198,.F.);
#4244=ORIENTED_EDGE('',*,*,#3202,.T.);
#4245=ORIENTED_EDGE('',*,*,#3203,.T.);
#4246=ORIENTED_EDGE('',*,*,#3129,.T.);
#4247=ORIENTED_EDGE('',*,*,#3201,.F.);
#4248=ORIENTED_EDGE('',*,*,#3204,.T.);
#4249=ORIENTED_EDGE('',*,*,#3205,.T.);
#4250=ORIENTED_EDGE('',*,*,#3130,.T.);
#4251=ORIENTED_EDGE('',*,*,#3203,.F.);
#4252=ORIENTED_EDGE('',*,*,#3206,.T.);
#4253=ORIENTED_EDGE('',*,*,#3207,.T.);
#4254=ORIENTED_EDGE('',*,*,#3131,.T.);
#4255=ORIENTED_EDGE('',*,*,#3205,.F.);
#4256=ORIENTED_EDGE('',*,*,#3208,.T.);
#4257=ORIENTED_EDGE('',*,*,#3209,.T.);
#4258=ORIENTED_EDGE('',*,*,#3132,.T.);
#4259=ORIENTED_EDGE('',*,*,#3207,.F.);
#4260=ORIENTED_EDGE('',*,*,#3210,.T.);
#4261=ORIENTED_EDGE('',*,*,#3211,.T.);
#4262=ORIENTED_EDGE('',*,*,#3133,.T.);
#4263=ORIENTED_EDGE('',*,*,#3209,.F.);
#4264=ORIENTED_EDGE('',*,*,#3212,.T.);
#4265=ORIENTED_EDGE('',*,*,#3213,.T.);
#4266=ORIENTED_EDGE('',*,*,#3134,.T.);
#4267=ORIENTED_EDGE('',*,*,#3211,.F.);
#4268=ORIENTED_EDGE('',*,*,#3214,.T.);
#4269=ORIENTED_EDGE('',*,*,#3215,.T.);
#4270=ORIENTED_EDGE('',*,*,#3135,.T.);
#4271=ORIENTED_EDGE('',*,*,#3213,.F.);
#4272=ORIENTED_EDGE('',*,*,#3216,.T.);
#4273=ORIENTED_EDGE('',*,*,#3103,.T.);
#4274=ORIENTED_EDGE('',*,*,#3136,.T.);
#4275=ORIENTED_EDGE('',*,*,#3215,.F.);
#4276=ORIENTED_EDGE('',*,*,#3217,.T.);
#4277=ORIENTED_EDGE('',*,*,#3200,.F.);
#4278=ORIENTED_EDGE('',*,*,#3218,.F.);
#4279=ORIENTED_EDGE('',*,*,#3219,.F.);
#4280=ORIENTED_EDGE('',*,*,#3220,.F.);
#4281=ORIENTED_EDGE('',*,*,#3221,.F.);
#4282=ORIENTED_EDGE('',*,*,#3222,.F.);
#4283=ORIENTED_EDGE('',*,*,#3223,.F.);
#4284=ORIENTED_EDGE('',*,*,#3224,.F.);
#4285=ORIENTED_EDGE('',*,*,#3225,.F.);
#4286=ORIENTED_EDGE('',*,*,#3226,.F.);
#4287=ORIENTED_EDGE('',*,*,#3227,.F.);
#4288=ORIENTED_EDGE('',*,*,#3228,.F.);
#4289=ORIENTED_EDGE('',*,*,#3229,.F.);
#4290=ORIENTED_EDGE('',*,*,#3230,.F.);
#4291=ORIENTED_EDGE('',*,*,#3231,.F.);
#4292=ORIENTED_EDGE('',*,*,#3232,.F.);
#4293=ORIENTED_EDGE('',*,*,#3233,.F.);
#4294=ORIENTED_EDGE('',*,*,#3234,.F.);
#4295=ORIENTED_EDGE('',*,*,#3235,.F.);
#4296=ORIENTED_EDGE('',*,*,#3236,.F.);
#4297=ORIENTED_EDGE('',*,*,#3237,.F.);
#4298=ORIENTED_EDGE('',*,*,#3238,.F.);
#4299=ORIENTED_EDGE('',*,*,#3199,.F.);
#4300=ORIENTED_EDGE('',*,*,#3126,.T.);
#4301=ORIENTED_EDGE('',*,*,#3239,.T.);
#4302=ORIENTED_EDGE('',*,*,#3240,.T.);
#4303=ORIENTED_EDGE('',*,*,#3218,.T.);
#4304=ORIENTED_EDGE('',*,*,#3142,.F.);
#4305=ORIENTED_EDGE('',*,*,#3036,.T.);
#4306=ORIENTED_EDGE('',*,*,#3241,.T.);
#4307=ORIENTED_EDGE('',*,*,#3242,.T.);
#4308=ORIENTED_EDGE('',*,*,#3243,.T.);
#4309=ORIENTED_EDGE('',*,*,#3244,.T.);
#4310=ORIENTED_EDGE('',*,*,#3245,.T.);
#4311=ORIENTED_EDGE('',*,*,#3242,.F.);
#4312=ORIENTED_EDGE('',*,*,#3246,.T.);
#4313=ORIENTED_EDGE('',*,*,#3247,.T.);
#4314=ORIENTED_EDGE('',*,*,#3248,.T.);
#4315=ORIENTED_EDGE('',*,*,#3241,.F.);
#4316=ORIENTED_EDGE('',*,*,#3035,.T.);
#4317=ORIENTED_EDGE('',*,*,#3249,.F.);
#4318=ORIENTED_EDGE('',*,*,#3250,.F.);
#4319=ORIENTED_EDGE('',*,*,#3251,.T.);
#4320=ORIENTED_EDGE('',*,*,#3246,.F.);
#4321=ORIENTED_EDGE('',*,*,#3252,.T.);
#4322=ORIENTED_EDGE('',*,*,#3253,.T.);
#4323=ORIENTED_EDGE('',*,*,#3254,.T.);
#4324=ORIENTED_EDGE('',*,*,#3249,.T.);
#4325=ORIENTED_EDGE('',*,*,#3034,.T.);
#4326=ORIENTED_EDGE('',*,*,#3255,.T.);
#4327=ORIENTED_EDGE('',*,*,#3256,.T.);
#4328=ORIENTED_EDGE('',*,*,#3257,.T.);
#4329=ORIENTED_EDGE('',*,*,#3255,.F.);
#4330=ORIENTED_EDGE('',*,*,#3033,.T.);
#4331=ORIENTED_EDGE('',*,*,#3258,.T.);
#4332=ORIENTED_EDGE('',*,*,#3032,.T.);
#4333=ORIENTED_EDGE('',*,*,#3259,.T.);
#4334=ORIENTED_EDGE('',*,*,#3260,.T.);
#4335=ORIENTED_EDGE('',*,*,#3261,.T.);
#4336=ORIENTED_EDGE('',*,*,#3262,.T.);
#4337=ORIENTED_EDGE('',*,*,#3263,.T.);
#4338=ORIENTED_EDGE('',*,*,#3258,.F.);
#4339=ORIENTED_EDGE('',*,*,#3260,.F.);
#4340=ORIENTED_EDGE('',*,*,#3264,.T.);
#4341=ORIENTED_EDGE('',*,*,#3228,.T.);
#4342=ORIENTED_EDGE('',*,*,#3265,.T.);
#4343=ORIENTED_EDGE('',*,*,#3259,.F.);
#4344=ORIENTED_EDGE('',*,*,#3031,.T.);
#4345=ORIENTED_EDGE('',*,*,#3266,.F.);
#4346=ORIENTED_EDGE('',*,*,#3267,.T.);
#4347=ORIENTED_EDGE('',*,*,#3229,.T.);
#4348=ORIENTED_EDGE('',*,*,#3264,.F.);
#4349=ORIENTED_EDGE('',*,*,#3254,.F.);
#4350=ORIENTED_EDGE('',*,*,#3268,.T.);
#4351=ORIENTED_EDGE('',*,*,#3269,.T.);
#4352=ORIENTED_EDGE('',*,*,#3250,.T.);
#4353=ORIENTED_EDGE('',*,*,#3247,.F.);
#4354=ORIENTED_EDGE('',*,*,#3251,.F.);
#4355=ORIENTED_EDGE('',*,*,#3269,.F.);
#4356=ORIENTED_EDGE('',*,*,#3270,.F.);
#4357=ORIENTED_EDGE('',*,*,#3271,.F.);
#4358=ORIENTED_EDGE('',*,*,#3272,.F.);
#4359=ORIENTED_EDGE('',*,*,#3273,.F.);
#4360=ORIENTED_EDGE('',*,*,#3253,.F.);
#4361=ORIENTED_EDGE('',*,*,#3274,.T.);
#4362=ORIENTED_EDGE('',*,*,#3275,.F.);
#4363=ORIENTED_EDGE('',*,*,#3276,.F.);
#4364=ORIENTED_EDGE('',*,*,#3270,.T.);
#4365=ORIENTED_EDGE('',*,*,#3268,.F.);
#4366=ORIENTED_EDGE('',*,*,#3252,.F.);
#4367=ORIENTED_EDGE('',*,*,#3277,.T.);
#4368=ORIENTED_EDGE('',*,*,#3278,.F.);
#4369=ORIENTED_EDGE('',*,*,#3274,.F.);
#4370=ORIENTED_EDGE('',*,*,#3050,.F.);
#4371=ORIENTED_EDGE('',*,*,#3101,.T.);
#4372=ORIENTED_EDGE('',*,*,#3279,.T.);
#4373=ORIENTED_EDGE('',*,*,#3280,.T.);
#4374=ORIENTED_EDGE('',*,*,#3281,.T.);
#4375=ORIENTED_EDGE('',*,*,#3026,.T.);
#4376=ORIENTED_EDGE('',*,*,#3282,.T.);
#4377=ORIENTED_EDGE('',*,*,#3027,.T.);
#4378=ORIENTED_EDGE('',*,*,#3281,.F.);
#4379=ORIENTED_EDGE('',*,*,#3283,.T.);
#4380=ORIENTED_EDGE('',*,*,#3284,.T.);
#4381=ORIENTED_EDGE('',*,*,#3028,.T.);
#4382=ORIENTED_EDGE('',*,*,#3282,.F.);
#4383=ORIENTED_EDGE('',*,*,#3285,.T.);
#4384=ORIENTED_EDGE('',*,*,#3286,.T.);
#4385=ORIENTED_EDGE('',*,*,#3029,.T.);
#4386=ORIENTED_EDGE('',*,*,#3284,.F.);
#4387=ORIENTED_EDGE('',*,*,#3287,.T.);
#4388=ORIENTED_EDGE('',*,*,#3266,.T.);
#4389=ORIENTED_EDGE('',*,*,#3030,.T.);
#4390=ORIENTED_EDGE('',*,*,#3286,.F.);
#4391=ORIENTED_EDGE('',*,*,#3288,.T.);
#4392=ORIENTED_EDGE('',*,*,#3289,.T.);
#4393=ORIENTED_EDGE('',*,*,#3262,.F.);
#4394=ORIENTED_EDGE('',*,*,#3290,.F.);
#4395=ORIENTED_EDGE('',*,*,#3291,.T.);
#4396=ORIENTED_EDGE('',*,*,#3292,.T.);
#4397=ORIENTED_EDGE('',*,*,#3293,.T.);
#4398=ORIENTED_EDGE('',*,*,#3294,.F.);
#4399=ORIENTED_EDGE('',*,*,#3261,.F.);
#4400=ORIENTED_EDGE('',*,*,#3265,.F.);
#4401=ORIENTED_EDGE('',*,*,#3227,.T.);
#4402=ORIENTED_EDGE('',*,*,#3295,.T.);
#4403=ORIENTED_EDGE('',*,*,#3296,.T.);
#4404=ORIENTED_EDGE('',*,*,#3290,.T.);
#4405=ORIENTED_EDGE('',*,*,#3297,.T.);
#4406=ORIENTED_EDGE('',*,*,#3298,.T.);
#4407=ORIENTED_EDGE('',*,*,#3124,.T.);
#4408=ORIENTED_EDGE('',*,*,#3299,.T.);
#4409=ORIENTED_EDGE('',*,*,#3300,.T.);
#4410=ORIENTED_EDGE('',*,*,#3301,.T.);
#4411=ORIENTED_EDGE('',*,*,#3239,.F.);
#4412=ORIENTED_EDGE('',*,*,#3125,.T.);
#4413=ORIENTED_EDGE('',*,*,#3298,.F.);
#4414=ORIENTED_EDGE('',*,*,#3302,.T.);
#4415=ORIENTED_EDGE('',*,*,#3123,.T.);
#4416=ORIENTED_EDGE('',*,*,#3303,.T.);
#4417=ORIENTED_EDGE('',*,*,#3304,.T.);
#4418=ORIENTED_EDGE('',*,*,#3275,.T.);
#4419=ORIENTED_EDGE('',*,*,#3278,.T.);
#4420=ORIENTED_EDGE('',*,*,#3305,.T.);
#4421=ORIENTED_EDGE('',*,*,#3299,.F.);
#4422=ORIENTED_EDGE('',*,*,#3240,.F.);
#4423=ORIENTED_EDGE('',*,*,#3301,.F.);
#4424=ORIENTED_EDGE('',*,*,#3306,.T.);
#4425=ORIENTED_EDGE('',*,*,#3307,.T.);
#4426=ORIENTED_EDGE('',*,*,#3308,.T.);
#4427=ORIENTED_EDGE('',*,*,#3219,.T.);
#4428=ORIENTED_EDGE('',*,*,#3300,.F.);
#4429=ORIENTED_EDGE('',*,*,#3309,.F.);
#4430=ORIENTED_EDGE('',*,*,#3310,.T.);
#4431=ORIENTED_EDGE('',*,*,#3311,.T.);
#4432=ORIENTED_EDGE('',*,*,#3312,.T.);
#4433=ORIENTED_EDGE('',*,*,#3306,.F.);
#4434=ORIENTED_EDGE('',*,*,#3257,.F.);
#4435=ORIENTED_EDGE('',*,*,#3263,.F.);
#4436=ORIENTED_EDGE('',*,*,#3294,.T.);
#4437=ORIENTED_EDGE('',*,*,#3313,.T.);
#4438=ORIENTED_EDGE('',*,*,#3314,.T.);
#4439=ORIENTED_EDGE('',*,*,#3315,.T.);
#4440=ORIENTED_EDGE('',*,*,#3309,.T.);
#4441=ORIENTED_EDGE('',*,*,#3302,.F.);
#4442=ORIENTED_EDGE('',*,*,#3297,.F.);
#4443=ORIENTED_EDGE('',*,*,#3305,.F.);
#4444=ORIENTED_EDGE('',*,*,#3277,.F.);
#4445=ORIENTED_EDGE('',*,*,#3256,.F.);
#4446=ORIENTED_EDGE('',*,*,#3304,.F.);
#4447=ORIENTED_EDGE('',*,*,#3316,.T.);
#4448=ORIENTED_EDGE('',*,*,#3271,.T.);
#4449=ORIENTED_EDGE('',*,*,#3276,.T.);
#4450=ORIENTED_EDGE('',*,*,#3303,.F.);
#4451=ORIENTED_EDGE('',*,*,#3122,.T.);
#4452=ORIENTED_EDGE('',*,*,#3317,.T.);
#4453=ORIENTED_EDGE('',*,*,#3318,.T.);
#4454=ORIENTED_EDGE('',*,*,#3272,.T.);
#4455=ORIENTED_EDGE('',*,*,#3316,.F.);
#4456=ORIENTED_EDGE('',*,*,#3243,.F.);
#4457=ORIENTED_EDGE('',*,*,#3248,.F.);
#4458=ORIENTED_EDGE('',*,*,#3273,.T.);
#4459=ORIENTED_EDGE('',*,*,#3318,.F.);
#4460=ORIENTED_EDGE('',*,*,#3319,.F.);
#4461=ORIENTED_EDGE('',*,*,#3320,.T.);
#4462=ORIENTED_EDGE('',*,*,#3317,.F.);
#4463=ORIENTED_EDGE('',*,*,#3121,.T.);
#4464=ORIENTED_EDGE('',*,*,#3321,.T.);
#4465=ORIENTED_EDGE('',*,*,#3322,.T.);
#4466=ORIENTED_EDGE('',*,*,#3319,.T.);
#4467=ORIENTED_EDGE('',*,*,#3323,.T.);
#4468=ORIENTED_EDGE('',*,*,#3324,.T.);
#4469=ORIENTED_EDGE('',*,*,#3109,.T.);
#4470=ORIENTED_EDGE('',*,*,#3325,.T.);
#4471=ORIENTED_EDGE('',*,*,#3184,.F.);
#4472=ORIENTED_EDGE('',*,*,#3169,.T.);
#4473=ORIENTED_EDGE('',*,*,#3174,.T.);
#4474=ORIENTED_EDGE('',*,*,#3325,.F.);
#4475=ORIENTED_EDGE('',*,*,#3108,.T.);
#4476=ORIENTED_EDGE('',*,*,#3326,.T.);
#4477=ORIENTED_EDGE('',*,*,#3110,.T.);
#4478=ORIENTED_EDGE('',*,*,#3327,.T.);
#4479=ORIENTED_EDGE('',*,*,#3328,.T.);
#4480=ORIENTED_EDGE('',*,*,#3327,.F.);
#4481=ORIENTED_EDGE('',*,*,#3324,.F.);
#4482=ORIENTED_EDGE('',*,*,#3329,.T.);
#4483=ORIENTED_EDGE('',*,*,#3330,.T.);
#4484=ORIENTED_EDGE('',*,*,#3331,.T.);
#4485=ORIENTED_EDGE('',*,*,#3112,.T.);
#4486=ORIENTED_EDGE('',*,*,#3332,.T.);
#4487=ORIENTED_EDGE('',*,*,#3333,.T.);
#4488=ORIENTED_EDGE('',*,*,#3334,.T.);
#4489=ORIENTED_EDGE('',*,*,#3114,.T.);
#4490=ORIENTED_EDGE('',*,*,#3335,.T.);
#4491=ORIENTED_EDGE('',*,*,#3120,.T.);
#4492=ORIENTED_EDGE('',*,*,#3336,.T.);
#4493=ORIENTED_EDGE('',*,*,#3337,.T.);
#4494=ORIENTED_EDGE('',*,*,#3321,.F.);
#4495=ORIENTED_EDGE('',*,*,#3338,.T.);
#4496=ORIENTED_EDGE('',*,*,#3339,.T.);
#4497=ORIENTED_EDGE('',*,*,#3116,.T.);
#4498=ORIENTED_EDGE('',*,*,#3340,.T.);
#4499=ORIENTED_EDGE('',*,*,#3118,.T.);
#4500=ORIENTED_EDGE('',*,*,#3341,.T.);
#4501=ORIENTED_EDGE('',*,*,#3342,.T.);
#4502=ORIENTED_EDGE('',*,*,#3343,.T.);
#4503=ORIENTED_EDGE('',*,*,#3344,.T.);
#4504=ORIENTED_EDGE('',*,*,#3341,.F.);
#4505=ORIENTED_EDGE('',*,*,#3117,.T.);
#4506=ORIENTED_EDGE('',*,*,#3339,.F.);
#4507=ORIENTED_EDGE('',*,*,#3119,.T.);
#4508=ORIENTED_EDGE('',*,*,#3343,.F.);
#4509=ORIENTED_EDGE('',*,*,#3345,.T.);
#4510=ORIENTED_EDGE('',*,*,#3336,.F.);
#4511=ORIENTED_EDGE('',*,*,#3346,.T.);
#4512=ORIENTED_EDGE('',*,*,#3340,.F.);
#4513=ORIENTED_EDGE('',*,*,#3115,.T.);
#4514=ORIENTED_EDGE('',*,*,#3334,.F.);
#4515=ORIENTED_EDGE('',*,*,#3347,.T.);
#4516=ORIENTED_EDGE('',*,*,#3335,.F.);
#4517=ORIENTED_EDGE('',*,*,#3113,.T.);
#4518=ORIENTED_EDGE('',*,*,#3331,.F.);
#4519=ORIENTED_EDGE('',*,*,#3111,.T.);
#4520=ORIENTED_EDGE('',*,*,#3348,.T.);
#4521=ORIENTED_EDGE('',*,*,#3349,.T.);
#4522=ORIENTED_EDGE('',*,*,#3332,.F.);
#4523=ORIENTED_EDGE('',*,*,#3348,.F.);
#4524=ORIENTED_EDGE('',*,*,#3326,.F.);
#4525=ORIENTED_EDGE('',*,*,#3350,.T.);
#4526=ORIENTED_EDGE('',*,*,#3244,.F.);
#4527=ORIENTED_EDGE('',*,*,#3320,.F.);
#4528=ORIENTED_EDGE('',*,*,#3322,.F.);
#4529=ORIENTED_EDGE('',*,*,#3351,.F.);
#4530=ORIENTED_EDGE('',*,*,#3352,.F.);
#4531=ORIENTED_EDGE('',*,*,#3353,.F.);
#4532=ORIENTED_EDGE('',*,*,#3337,.F.);
#4533=ORIENTED_EDGE('',*,*,#3354,.T.);
#4534=ORIENTED_EDGE('',*,*,#3355,.F.);
#4535=ORIENTED_EDGE('',*,*,#3356,.F.);
#4536=ORIENTED_EDGE('',*,*,#3351,.T.);
#4537=ORIENTED_EDGE('',*,*,#3345,.F.);
#4538=ORIENTED_EDGE('',*,*,#3357,.F.);
#4539=ORIENTED_EDGE('',*,*,#3358,.F.);
#4540=ORIENTED_EDGE('',*,*,#3354,.F.);
#4541=ORIENTED_EDGE('',*,*,#3342,.F.);
#4542=ORIENTED_EDGE('',*,*,#3359,.T.);
#4543=ORIENTED_EDGE('',*,*,#3360,.F.);
#4544=ORIENTED_EDGE('',*,*,#3357,.T.);
#4545=ORIENTED_EDGE('',*,*,#3143,.F.);
#4546=ORIENTED_EDGE('',*,*,#3245,.F.);
#4547=ORIENTED_EDGE('',*,*,#3353,.T.);
#4548=ORIENTED_EDGE('',*,*,#3361,.F.);
#4549=ORIENTED_EDGE('',*,*,#3362,.F.);
#4550=ORIENTED_EDGE('',*,*,#3363,.T.);
#4551=ORIENTED_EDGE('',*,*,#3144,.F.);
#4552=ORIENTED_EDGE('',*,*,#3363,.F.);
#4553=ORIENTED_EDGE('',*,*,#3364,.F.);
#4554=ORIENTED_EDGE('',*,*,#3365,.F.);
#4555=ORIENTED_EDGE('',*,*,#3140,.F.);
#4556=ORIENTED_EDGE('',*,*,#3365,.T.);
#4557=ORIENTED_EDGE('',*,*,#3366,.F.);
#4558=ORIENTED_EDGE('',*,*,#3367,.T.);
#4559=ORIENTED_EDGE('',*,*,#3145,.F.);
#4560=ORIENTED_EDGE('',*,*,#3367,.F.);
#4561=ORIENTED_EDGE('',*,*,#3368,.F.);
#4562=ORIENTED_EDGE('',*,*,#3369,.F.);
#4563=ORIENTED_EDGE('',*,*,#3150,.F.);
#4564=ORIENTED_EDGE('',*,*,#3369,.T.);
#4565=ORIENTED_EDGE('',*,*,#3370,.F.);
#4566=ORIENTED_EDGE('',*,*,#3371,.T.);
#4567=ORIENTED_EDGE('',*,*,#3149,.F.);
#4568=ORIENTED_EDGE('',*,*,#3371,.F.);
#4569=ORIENTED_EDGE('',*,*,#3372,.F.);
#4570=ORIENTED_EDGE('',*,*,#3373,.F.);
#4571=ORIENTED_EDGE('',*,*,#3160,.F.);
#4572=ORIENTED_EDGE('',*,*,#3373,.T.);
#4573=ORIENTED_EDGE('',*,*,#3374,.F.);
#4574=ORIENTED_EDGE('',*,*,#3175,.T.);
#4575=ORIENTED_EDGE('',*,*,#3279,.F.);
#4576=ORIENTED_EDGE('',*,*,#3100,.T.);
#4577=ORIENTED_EDGE('',*,*,#3375,.T.);
#4578=ORIENTED_EDGE('',*,*,#3376,.T.);
#4579=ORIENTED_EDGE('',*,*,#3377,.T.);
#4580=ORIENTED_EDGE('',*,*,#3104,.F.);
#4581=ORIENTED_EDGE('',*,*,#3378,.F.);
#4582=ORIENTED_EDGE('',*,*,#3379,.F.);
#4583=ORIENTED_EDGE('',*,*,#3380,.F.);
#4584=ORIENTED_EDGE('',*,*,#3280,.F.);
#4585=ORIENTED_EDGE('',*,*,#3377,.F.);
#4586=ORIENTED_EDGE('',*,*,#3381,.T.);
#4587=ORIENTED_EDGE('',*,*,#3382,.T.);
#4588=ORIENTED_EDGE('',*,*,#3383,.T.);
#4589=ORIENTED_EDGE('',*,*,#3384,.T.);
#4590=ORIENTED_EDGE('',*,*,#3385,.T.);
#4591=ORIENTED_EDGE('',*,*,#3386,.T.);
#4592=ORIENTED_EDGE('',*,*,#3387,.T.);
#4593=ORIENTED_EDGE('',*,*,#3388,.F.);
#4594=ORIENTED_EDGE('',*,*,#3389,.T.);
#4595=ORIENTED_EDGE('',*,*,#3390,.T.);
#4596=ORIENTED_EDGE('',*,*,#3391,.T.);
#4597=ORIENTED_EDGE('',*,*,#3392,.T.);
#4598=ORIENTED_EDGE('',*,*,#3393,.T.);
#4599=ORIENTED_EDGE('',*,*,#3394,.T.);
#4600=ORIENTED_EDGE('',*,*,#3395,.T.);
#4601=ORIENTED_EDGE('',*,*,#3396,.F.);
#4602=ORIENTED_EDGE('',*,*,#3283,.F.);
#4603=ORIENTED_EDGE('',*,*,#3380,.T.);
#4604=ORIENTED_EDGE('',*,*,#3397,.F.);
#4605=ORIENTED_EDGE('',*,*,#3398,.T.);
#4606=ORIENTED_EDGE('',*,*,#3285,.F.);
#4607=ORIENTED_EDGE('',*,*,#3398,.F.);
#4608=ORIENTED_EDGE('',*,*,#3399,.F.);
#4609=ORIENTED_EDGE('',*,*,#3400,.F.);
#4610=ORIENTED_EDGE('',*,*,#3287,.F.);
#4611=ORIENTED_EDGE('',*,*,#3400,.T.);
#4612=ORIENTED_EDGE('',*,*,#3401,.F.);
#4613=ORIENTED_EDGE('',*,*,#3402,.T.);
#4614=ORIENTED_EDGE('',*,*,#3197,.F.);
#4615=ORIENTED_EDGE('',*,*,#3403,.F.);
#4616=ORIENTED_EDGE('',*,*,#3404,.T.);
#4617=ORIENTED_EDGE('',*,*,#3405,.T.);
#4618=ORIENTED_EDGE('',*,*,#3406,.T.);
#4619=ORIENTED_EDGE('',*,*,#3407,.T.);
#4620=ORIENTED_EDGE('',*,*,#3408,.T.);
#4621=ORIENTED_EDGE('',*,*,#3409,.T.);
#4622=ORIENTED_EDGE('',*,*,#3410,.T.);
#4623=ORIENTED_EDGE('',*,*,#3411,.F.);
#4624=ORIENTED_EDGE('',*,*,#3412,.T.);
#4625=ORIENTED_EDGE('',*,*,#3413,.T.);
#4626=ORIENTED_EDGE('',*,*,#3414,.T.);
#4627=ORIENTED_EDGE('',*,*,#3415,.T.);
#4628=ORIENTED_EDGE('',*,*,#3416,.T.);
#4629=ORIENTED_EDGE('',*,*,#3417,.T.);
#4630=ORIENTED_EDGE('',*,*,#3418,.T.);
#4631=ORIENTED_EDGE('',*,*,#3419,.F.);
#4632=ORIENTED_EDGE('',*,*,#3288,.F.);
#4633=ORIENTED_EDGE('',*,*,#3402,.F.);
#4634=ORIENTED_EDGE('',*,*,#3420,.F.);
#4635=ORIENTED_EDGE('',*,*,#3421,.F.);
#4636=ORIENTED_EDGE('',*,*,#3289,.F.);
#4637=ORIENTED_EDGE('',*,*,#3419,.T.);
#4638=ORIENTED_EDGE('',*,*,#3422,.T.);
#4639=ORIENTED_EDGE('',*,*,#3423,.T.);
#4640=ORIENTED_EDGE('',*,*,#3230,.T.);
#4641=ORIENTED_EDGE('',*,*,#3267,.F.);
#4642=ORIENTED_EDGE('',*,*,#3047,.F.);
#4643=ORIENTED_EDGE('',*,*,#3424,.F.);
#4644=ORIENTED_EDGE('',*,*,#3425,.T.);
#4645=ORIENTED_EDGE('',*,*,#3426,.F.);
#4646=ORIENTED_EDGE('',*,*,#3361,.T.);
#4647=ORIENTED_EDGE('',*,*,#3352,.T.);
#4648=ORIENTED_EDGE('',*,*,#3356,.T.);
#4649=ORIENTED_EDGE('',*,*,#3364,.T.);
#4650=ORIENTED_EDGE('',*,*,#3362,.T.);
#4651=ORIENTED_EDGE('',*,*,#3426,.T.);
#4652=ORIENTED_EDGE('',*,*,#3427,.T.);
#4653=ORIENTED_EDGE('',*,*,#3428,.F.);
#4654=ORIENTED_EDGE('',*,*,#3429,.T.);
#4655=ORIENTED_EDGE('',*,*,#3430,.F.);
#4656=ORIENTED_EDGE('',*,*,#3366,.T.);
#4657=ORIENTED_EDGE('',*,*,#3428,.T.);
#4658=ORIENTED_EDGE('',*,*,#3431,.T.);
#4659=ORIENTED_EDGE('',*,*,#3432,.T.);
#4660=ORIENTED_EDGE('',*,*,#3368,.T.);
#4661=ORIENTED_EDGE('',*,*,#3430,.T.);
#4662=ORIENTED_EDGE('',*,*,#3433,.F.);
#4663=ORIENTED_EDGE('',*,*,#3370,.T.);
#4664=ORIENTED_EDGE('',*,*,#3432,.F.);
#4665=ORIENTED_EDGE('',*,*,#3433,.T.);
#4666=ORIENTED_EDGE('',*,*,#3434,.T.);
#4667=ORIENTED_EDGE('',*,*,#3435,.T.);
#4668=ORIENTED_EDGE('',*,*,#3372,.T.);
#4669=ORIENTED_EDGE('',*,*,#3436,.F.);
#4670=ORIENTED_EDGE('',*,*,#3374,.T.);
#4671=ORIENTED_EDGE('',*,*,#3435,.F.);
#4672=ORIENTED_EDGE('',*,*,#3176,.T.);
#4673=ORIENTED_EDGE('',*,*,#3436,.T.);
#4674=ORIENTED_EDGE('',*,*,#3437,.T.);
#4675=ORIENTED_EDGE('',*,*,#3438,.T.);
#4676=ORIENTED_EDGE('',*,*,#3172,.T.);
#4677=ORIENTED_EDGE('',*,*,#3438,.F.);
#4678=ORIENTED_EDGE('',*,*,#3439,.T.);
#4679=ORIENTED_EDGE('',*,*,#3440,.F.);
#4680=ORIENTED_EDGE('',*,*,#3323,.F.);
#4681=ORIENTED_EDGE('',*,*,#3173,.T.);
#4682=ORIENTED_EDGE('',*,*,#3441,.F.);
#4683=ORIENTED_EDGE('',*,*,#3442,.F.);
#4684=ORIENTED_EDGE('',*,*,#3058,.T.);
#4685=ORIENTED_EDGE('',*,*,#3019,.F.);
#4686=ORIENTED_EDGE('',*,*,#3187,.F.);
#4687=ORIENTED_EDGE('',*,*,#3012,.T.);
#4688=ORIENTED_EDGE('',*,*,#3082,.F.);
#4689=ORIENTED_EDGE('',*,*,#3090,.T.);
#4690=ORIENTED_EDGE('',*,*,#3443,.T.);
#4691=ORIENTED_EDGE('',*,*,#3444,.T.);
#4692=ORIENTED_EDGE('',*,*,#3060,.T.);
#4693=ORIENTED_EDGE('',*,*,#3078,.F.);
#4694=ORIENTED_EDGE('',*,*,#3445,.F.);
#4695=ORIENTED_EDGE('',*,*,#3446,.F.);
#4696=ORIENTED_EDGE('',*,*,#3447,.T.);
#4697=ORIENTED_EDGE('',*,*,#3061,.F.);
#4698=ORIENTED_EDGE('',*,*,#3444,.F.);
#4699=ORIENTED_EDGE('',*,*,#3448,.T.);
#4700=ORIENTED_EDGE('',*,*,#3449,.T.);
#4701=ORIENTED_EDGE('',*,*,#3394,.F.);
#4702=ORIENTED_EDGE('',*,*,#3450,.T.);
#4703=ORIENTED_EDGE('',*,*,#3062,.F.);
#4704=ORIENTED_EDGE('',*,*,#3447,.F.);
#4705=ORIENTED_EDGE('',*,*,#3451,.F.);
#4706=ORIENTED_EDGE('',*,*,#3452,.T.);
#4707=ORIENTED_EDGE('',*,*,#3066,.F.);
#4708=ORIENTED_EDGE('',*,*,#3453,.F.);
#4709=ORIENTED_EDGE('',*,*,#3390,.F.);
#4710=ORIENTED_EDGE('',*,*,#3454,.T.);
#4711=ORIENTED_EDGE('',*,*,#3455,.T.);
#4712=ORIENTED_EDGE('',*,*,#3063,.F.);
#4713=ORIENTED_EDGE('',*,*,#3450,.F.);
#4714=ORIENTED_EDGE('',*,*,#3393,.F.);
#4715=ORIENTED_EDGE('',*,*,#3456,.T.);
#4716=ORIENTED_EDGE('',*,*,#3064,.F.);
#4717=ORIENTED_EDGE('',*,*,#3456,.F.);
#4718=ORIENTED_EDGE('',*,*,#3392,.F.);
#4719=ORIENTED_EDGE('',*,*,#3457,.T.);
#4720=ORIENTED_EDGE('',*,*,#3065,.F.);
#4721=ORIENTED_EDGE('',*,*,#3457,.F.);
#4722=ORIENTED_EDGE('',*,*,#3391,.F.);
#4723=ORIENTED_EDGE('',*,*,#3453,.T.);
#4724=ORIENTED_EDGE('',*,*,#3458,.F.);
#4725=ORIENTED_EDGE('',*,*,#3459,.F.);
#4726=ORIENTED_EDGE('',*,*,#3460,.F.);
#4727=ORIENTED_EDGE('',*,*,#3067,.F.);
#4728=ORIENTED_EDGE('',*,*,#3452,.F.);
#4729=ORIENTED_EDGE('',*,*,#3461,.F.);
#4730=ORIENTED_EDGE('',*,*,#3086,.T.);
#4731=ORIENTED_EDGE('',*,*,#3462,.T.);
#4732=ORIENTED_EDGE('',*,*,#3463,.T.);
#4733=ORIENTED_EDGE('',*,*,#3068,.T.);
#4734=ORIENTED_EDGE('',*,*,#3460,.T.);
#4735=ORIENTED_EDGE('',*,*,#3464,.F.);
#4736=ORIENTED_EDGE('',*,*,#3465,.F.);
#4737=ORIENTED_EDGE('',*,*,#3466,.T.);
#4738=ORIENTED_EDGE('',*,*,#3467,.T.);
#4739=ORIENTED_EDGE('',*,*,#3069,.F.);
#4740=ORIENTED_EDGE('',*,*,#3463,.F.);
#4741=ORIENTED_EDGE('',*,*,#3468,.T.);
#4742=ORIENTED_EDGE('',*,*,#3469,.T.);
#4743=ORIENTED_EDGE('',*,*,#3386,.F.);
#4744=ORIENTED_EDGE('',*,*,#3470,.T.);
#4745=ORIENTED_EDGE('',*,*,#3070,.F.);
#4746=ORIENTED_EDGE('',*,*,#3467,.F.);
#4747=ORIENTED_EDGE('',*,*,#3471,.T.);
#4748=ORIENTED_EDGE('',*,*,#3472,.T.);
#4749=ORIENTED_EDGE('',*,*,#3074,.F.);
#4750=ORIENTED_EDGE('',*,*,#3473,.F.);
#4751=ORIENTED_EDGE('',*,*,#3382,.F.);
#4752=ORIENTED_EDGE('',*,*,#3474,.T.);
#4753=ORIENTED_EDGE('',*,*,#3475,.T.);
#4754=ORIENTED_EDGE('',*,*,#3071,.F.);
#4755=ORIENTED_EDGE('',*,*,#3470,.F.);
#4756=ORIENTED_EDGE('',*,*,#3385,.F.);
#4757=ORIENTED_EDGE('',*,*,#3476,.T.);
#4758=ORIENTED_EDGE('',*,*,#3072,.F.);
#4759=ORIENTED_EDGE('',*,*,#3476,.F.);
#4760=ORIENTED_EDGE('',*,*,#3384,.F.);
#4761=ORIENTED_EDGE('',*,*,#3477,.T.);
#4762=ORIENTED_EDGE('',*,*,#3073,.F.);
#4763=ORIENTED_EDGE('',*,*,#3477,.F.);
#4764=ORIENTED_EDGE('',*,*,#3383,.F.);
#4765=ORIENTED_EDGE('',*,*,#3473,.T.);
#4766=ORIENTED_EDGE('',*,*,#3478,.F.);
#4767=ORIENTED_EDGE('',*,*,#3479,.F.);
#4768=ORIENTED_EDGE('',*,*,#3055,.F.);
#4769=ORIENTED_EDGE('',*,*,#3075,.F.);
#4770=ORIENTED_EDGE('',*,*,#3472,.F.);
#4771=ORIENTED_EDGE('',*,*,#3480,.T.);
#4772=ORIENTED_EDGE('',*,*,#3083,.T.);
#4773=ORIENTED_EDGE('',*,*,#3056,.T.);
#4774=ORIENTED_EDGE('',*,*,#3479,.T.);
#4775=ORIENTED_EDGE('',*,*,#3478,.T.);
#4776=ORIENTED_EDGE('',*,*,#3481,.F.);
#4777=ORIENTED_EDGE('',*,*,#3105,.F.);
#4778=ORIENTED_EDGE('',*,*,#3396,.T.);
#4779=ORIENTED_EDGE('',*,*,#3482,.T.);
#4780=ORIENTED_EDGE('',*,*,#3483,.T.);
#4781=ORIENTED_EDGE('',*,*,#3092,.T.);
#4782=ORIENTED_EDGE('',*,*,#3093,.T.);
#4783=ORIENTED_EDGE('',*,*,#3483,.F.);
#4784=ORIENTED_EDGE('',*,*,#3484,.T.);
#4785=ORIENTED_EDGE('',*,*,#3485,.T.);
#4786=ORIENTED_EDGE('',*,*,#3094,.T.);
#4787=ORIENTED_EDGE('',*,*,#3485,.F.);
#4788=ORIENTED_EDGE('',*,*,#3486,.T.);
#4789=ORIENTED_EDGE('',*,*,#3487,.F.);
#4790=ORIENTED_EDGE('',*,*,#3095,.T.);
#4791=ORIENTED_EDGE('',*,*,#3487,.T.);
#4792=ORIENTED_EDGE('',*,*,#3488,.T.);
#4793=ORIENTED_EDGE('',*,*,#3489,.T.);
#4794=ORIENTED_EDGE('',*,*,#3096,.T.);
#4795=ORIENTED_EDGE('',*,*,#3489,.F.);
#4796=ORIENTED_EDGE('',*,*,#3490,.T.);
#4797=ORIENTED_EDGE('',*,*,#3388,.T.);
#4798=ORIENTED_EDGE('',*,*,#3491,.T.);
#4799=ORIENTED_EDGE('',*,*,#3492,.T.);
#4800=ORIENTED_EDGE('',*,*,#3097,.T.);
#4801=ORIENTED_EDGE('',*,*,#3492,.F.);
#4802=ORIENTED_EDGE('',*,*,#3493,.T.);
#4803=ORIENTED_EDGE('',*,*,#3494,.T.);
#4804=ORIENTED_EDGE('',*,*,#3098,.T.);
#4805=ORIENTED_EDGE('',*,*,#3494,.F.);
#4806=ORIENTED_EDGE('',*,*,#3495,.T.);
#4807=ORIENTED_EDGE('',*,*,#3496,.F.);
#4808=ORIENTED_EDGE('',*,*,#3099,.T.);
#4809=ORIENTED_EDGE('',*,*,#3496,.T.);
#4810=ORIENTED_EDGE('',*,*,#3497,.T.);
#4811=ORIENTED_EDGE('',*,*,#3375,.F.);
#4812=ORIENTED_EDGE('',*,*,#3084,.T.);
#4813=ORIENTED_EDGE('',*,*,#3481,.T.);
#4814=ORIENTED_EDGE('',*,*,#3498,.T.);
#4815=ORIENTED_EDGE('',*,*,#3499,.F.);
#4816=ORIENTED_EDGE('',*,*,#3085,.T.);
#4817=ORIENTED_EDGE('',*,*,#3499,.T.);
#4818=ORIENTED_EDGE('',*,*,#3465,.T.);
#4819=ORIENTED_EDGE('',*,*,#3468,.F.);
#4820=ORIENTED_EDGE('',*,*,#3462,.F.);
#4821=ORIENTED_EDGE('',*,*,#3458,.T.);
#4822=ORIENTED_EDGE('',*,*,#3500,.F.);
#4823=ORIENTED_EDGE('',*,*,#3087,.T.);
#4824=ORIENTED_EDGE('',*,*,#3464,.T.);
#4825=ORIENTED_EDGE('',*,*,#3459,.T.);
#4826=ORIENTED_EDGE('',*,*,#3501,.T.);
#4827=ORIENTED_EDGE('',*,*,#3502,.F.);
#4828=ORIENTED_EDGE('',*,*,#3088,.T.);
#4829=ORIENTED_EDGE('',*,*,#3500,.T.);
#4830=ORIENTED_EDGE('',*,*,#3445,.T.);
#4831=ORIENTED_EDGE('',*,*,#3448,.F.);
#4832=ORIENTED_EDGE('',*,*,#3443,.F.);
#4833=ORIENTED_EDGE('',*,*,#3089,.T.);
#4834=ORIENTED_EDGE('',*,*,#3502,.T.);
#4835=ORIENTED_EDGE('',*,*,#3376,.F.);
#4836=ORIENTED_EDGE('',*,*,#3497,.F.);
#4837=ORIENTED_EDGE('',*,*,#3503,.F.);
#4838=ORIENTED_EDGE('',*,*,#3474,.F.);
#4839=ORIENTED_EDGE('',*,*,#3381,.F.);
#4840=ORIENTED_EDGE('',*,*,#3217,.F.);
#4841=ORIENTED_EDGE('',*,*,#3504,.T.);
#4842=ORIENTED_EDGE('',*,*,#3505,.F.);
#4843=ORIENTED_EDGE('',*,*,#3378,.T.);
#4844=ORIENTED_EDGE('',*,*,#3506,.T.);
#4845=ORIENTED_EDGE('',*,*,#3507,.T.);
#4846=ORIENTED_EDGE('',*,*,#3508,.T.);
#4847=ORIENTED_EDGE('',*,*,#3379,.T.);
#4848=ORIENTED_EDGE('',*,*,#3493,.F.);
#4849=ORIENTED_EDGE('',*,*,#3491,.F.);
#4850=ORIENTED_EDGE('',*,*,#3387,.F.);
#4851=ORIENTED_EDGE('',*,*,#3469,.F.);
#4852=ORIENTED_EDGE('',*,*,#3509,.F.);
#4853=ORIENTED_EDGE('',*,*,#3490,.F.);
#4854=ORIENTED_EDGE('',*,*,#3488,.F.);
#4855=ORIENTED_EDGE('',*,*,#3510,.T.);
#4856=ORIENTED_EDGE('',*,*,#3454,.F.);
#4857=ORIENTED_EDGE('',*,*,#3389,.F.);
#4858=ORIENTED_EDGE('',*,*,#3484,.F.);
#4859=ORIENTED_EDGE('',*,*,#3482,.F.);
#4860=ORIENTED_EDGE('',*,*,#3395,.F.);
#4861=ORIENTED_EDGE('',*,*,#3449,.F.);
#4862=ORIENTED_EDGE('',*,*,#3511,.T.);
#4863=ORIENTED_EDGE('',*,*,#3512,.F.);
#4864=ORIENTED_EDGE('',*,*,#3397,.T.);
#4865=ORIENTED_EDGE('',*,*,#3508,.F.);
#4866=ORIENTED_EDGE('',*,*,#3513,.T.);
#4867=ORIENTED_EDGE('',*,*,#3512,.T.);
#4868=ORIENTED_EDGE('',*,*,#3514,.T.);
#4869=ORIENTED_EDGE('',*,*,#3515,.F.);
#4870=ORIENTED_EDGE('',*,*,#3399,.T.);
#4871=ORIENTED_EDGE('',*,*,#3516,.F.);
#4872=ORIENTED_EDGE('',*,*,#3401,.T.);
#4873=ORIENTED_EDGE('',*,*,#3515,.T.);
#4874=ORIENTED_EDGE('',*,*,#3517,.T.);
#4875=ORIENTED_EDGE('',*,*,#3196,.F.);
#4876=ORIENTED_EDGE('',*,*,#3238,.T.);
#4877=ORIENTED_EDGE('',*,*,#3518,.T.);
#4878=ORIENTED_EDGE('',*,*,#3519,.T.);
#4879=ORIENTED_EDGE('',*,*,#3403,.T.);
#4880=ORIENTED_EDGE('',*,*,#3520,.F.);
#4881=ORIENTED_EDGE('',*,*,#3521,.T.);
#4882=ORIENTED_EDGE('',*,*,#3522,.F.);
#4883=ORIENTED_EDGE('',*,*,#3404,.F.);
#4884=ORIENTED_EDGE('',*,*,#3519,.F.);
#4885=ORIENTED_EDGE('',*,*,#3522,.T.);
#4886=ORIENTED_EDGE('',*,*,#3523,.T.);
#4887=ORIENTED_EDGE('',*,*,#3524,.T.);
#4888=ORIENTED_EDGE('',*,*,#3409,.F.);
#4889=ORIENTED_EDGE('',*,*,#3525,.T.);
#4890=ORIENTED_EDGE('',*,*,#3526,.F.);
#4891=ORIENTED_EDGE('',*,*,#3527,.T.);
#4892=ORIENTED_EDGE('',*,*,#3528,.F.);
#4893=ORIENTED_EDGE('',*,*,#3529,.T.);
#4894=ORIENTED_EDGE('',*,*,#3311,.F.);
#4895=ORIENTED_EDGE('',*,*,#3530,.F.);
#4896=ORIENTED_EDGE('',*,*,#3405,.F.);
#4897=ORIENTED_EDGE('',*,*,#3310,.F.);
#4898=ORIENTED_EDGE('',*,*,#3531,.T.);
#4899=ORIENTED_EDGE('',*,*,#3532,.F.);
#4900=ORIENTED_EDGE('',*,*,#3406,.F.);
#4901=ORIENTED_EDGE('',*,*,#3530,.T.);
#4902=ORIENTED_EDGE('',*,*,#3533,.T.);
#4903=ORIENTED_EDGE('',*,*,#3534,.F.);
#4904=ORIENTED_EDGE('',*,*,#3407,.F.);
#4905=ORIENTED_EDGE('',*,*,#3532,.T.);
#4906=ORIENTED_EDGE('',*,*,#3535,.T.);
#4907=ORIENTED_EDGE('',*,*,#3536,.F.);
#4908=ORIENTED_EDGE('',*,*,#3525,.F.);
#4909=ORIENTED_EDGE('',*,*,#3408,.F.);
#4910=ORIENTED_EDGE('',*,*,#3534,.T.);
#4911=ORIENTED_EDGE('',*,*,#3537,.F.);
#4912=ORIENTED_EDGE('',*,*,#3410,.F.);
#4913=ORIENTED_EDGE('',*,*,#3524,.F.);
#4914=ORIENTED_EDGE('',*,*,#3538,.T.);
#4915=ORIENTED_EDGE('',*,*,#3539,.F.);
#4916=ORIENTED_EDGE('',*,*,#3411,.T.);
#4917=ORIENTED_EDGE('',*,*,#3537,.T.);
#4918=ORIENTED_EDGE('',*,*,#3540,.T.);
#4919=ORIENTED_EDGE('',*,*,#3234,.T.);
#4920=ORIENTED_EDGE('',*,*,#3541,.T.);
#4921=ORIENTED_EDGE('',*,*,#3542,.T.);
#4922=ORIENTED_EDGE('',*,*,#3543,.F.);
#4923=ORIENTED_EDGE('',*,*,#3544,.F.);
#4924=ORIENTED_EDGE('',*,*,#3545,.F.);
#4925=ORIENTED_EDGE('',*,*,#3412,.F.);
#4926=ORIENTED_EDGE('',*,*,#3542,.F.);
#4927=ORIENTED_EDGE('',*,*,#3546,.T.);
#4928=ORIENTED_EDGE('',*,*,#3417,.F.);
#4929=ORIENTED_EDGE('',*,*,#3547,.T.);
#4930=ORIENTED_EDGE('',*,*,#3292,.F.);
#4931=ORIENTED_EDGE('',*,*,#3548,.F.);
#4932=ORIENTED_EDGE('',*,*,#3549,.T.);
#4933=ORIENTED_EDGE('',*,*,#3550,.F.);
#4934=ORIENTED_EDGE('',*,*,#3551,.F.);
#4935=ORIENTED_EDGE('',*,*,#3552,.F.);
#4936=ORIENTED_EDGE('',*,*,#3413,.F.);
#4937=ORIENTED_EDGE('',*,*,#3545,.T.);
#4938=ORIENTED_EDGE('',*,*,#3553,.T.);
#4939=ORIENTED_EDGE('',*,*,#3554,.F.);
#4940=ORIENTED_EDGE('',*,*,#3555,.F.);
#4941=ORIENTED_EDGE('',*,*,#3414,.F.);
#4942=ORIENTED_EDGE('',*,*,#3552,.T.);
#4943=ORIENTED_EDGE('',*,*,#3556,.F.);
#4944=ORIENTED_EDGE('',*,*,#3557,.F.);
#4945=ORIENTED_EDGE('',*,*,#3558,.F.);
#4946=ORIENTED_EDGE('',*,*,#3415,.F.);
#4947=ORIENTED_EDGE('',*,*,#3555,.T.);
#4948=ORIENTED_EDGE('',*,*,#3293,.F.);
#4949=ORIENTED_EDGE('',*,*,#3547,.F.);
#4950=ORIENTED_EDGE('',*,*,#3416,.F.);
#4951=ORIENTED_EDGE('',*,*,#3558,.T.);
#4952=ORIENTED_EDGE('',*,*,#3559,.F.);
#4953=ORIENTED_EDGE('',*,*,#3422,.F.);
#4954=ORIENTED_EDGE('',*,*,#3418,.F.);
#4955=ORIENTED_EDGE('',*,*,#3546,.F.);
#4956=ORIENTED_EDGE('',*,*,#3560,.F.);
#4957=ORIENTED_EDGE('',*,*,#3561,.F.);
#4958=ORIENTED_EDGE('',*,*,#3516,.T.);
#4959=ORIENTED_EDGE('',*,*,#3562,.T.);
#4960=ORIENTED_EDGE('',*,*,#3563,.F.);
#4961=ORIENTED_EDGE('',*,*,#3420,.T.);
#4962=ORIENTED_EDGE('',*,*,#3202,.F.);
#4963=ORIENTED_EDGE('',*,*,#3421,.T.);
#4964=ORIENTED_EDGE('',*,*,#3564,.F.);
#4965=ORIENTED_EDGE('',*,*,#3565,.T.);
#4966=ORIENTED_EDGE('',*,*,#3561,.T.);
#4967=ORIENTED_EDGE('',*,*,#3566,.T.);
#4968=ORIENTED_EDGE('',*,*,#3231,.T.);
#4969=ORIENTED_EDGE('',*,*,#3423,.F.);
#4970=ORIENTED_EDGE('',*,*,#3567,.T.);
#4971=ORIENTED_EDGE('',*,*,#3568,.F.);
#4972=ORIENTED_EDGE('',*,*,#3220,.T.);
#4973=ORIENTED_EDGE('',*,*,#3308,.F.);
#4974=ORIENTED_EDGE('',*,*,#3569,.F.);
#4975=ORIENTED_EDGE('',*,*,#3570,.T.);
#4976=ORIENTED_EDGE('',*,*,#3571,.T.);
#4977=ORIENTED_EDGE('',*,*,#3221,.T.);
#4978=ORIENTED_EDGE('',*,*,#3568,.T.);
#4979=ORIENTED_EDGE('',*,*,#3572,.T.);
#4980=ORIENTED_EDGE('',*,*,#3573,.F.);
#4981=ORIENTED_EDGE('',*,*,#3574,.F.);
#4982=ORIENTED_EDGE('',*,*,#3222,.T.);
#4983=ORIENTED_EDGE('',*,*,#3571,.F.);
#4984=ORIENTED_EDGE('',*,*,#3575,.T.);
#4985=ORIENTED_EDGE('',*,*,#3576,.T.);
#4986=ORIENTED_EDGE('',*,*,#3577,.T.);
#4987=ORIENTED_EDGE('',*,*,#3223,.T.);
#4988=ORIENTED_EDGE('',*,*,#3574,.T.);
#4989=ORIENTED_EDGE('',*,*,#3578,.T.);
#4990=ORIENTED_EDGE('',*,*,#3224,.T.);
#4991=ORIENTED_EDGE('',*,*,#3577,.F.);
#4992=ORIENTED_EDGE('',*,*,#3579,.F.);
#4993=ORIENTED_EDGE('',*,*,#3580,.T.);
#4994=ORIENTED_EDGE('',*,*,#3581,.F.);
#4995=ORIENTED_EDGE('',*,*,#3225,.T.);
#4996=ORIENTED_EDGE('',*,*,#3581,.T.);
#4997=ORIENTED_EDGE('',*,*,#3582,.T.);
#4998=ORIENTED_EDGE('',*,*,#3583,.F.);
#4999=ORIENTED_EDGE('',*,*,#3226,.T.);
#5000=ORIENTED_EDGE('',*,*,#3583,.T.);
#5001=ORIENTED_EDGE('',*,*,#3584,.T.);
#5002=ORIENTED_EDGE('',*,*,#3585,.F.);
#5003=ORIENTED_EDGE('',*,*,#3295,.F.);
#5004=ORIENTED_EDGE('',*,*,#3586,.T.);
#5005=ORIENTED_EDGE('',*,*,#3587,.F.);
#5006=ORIENTED_EDGE('',*,*,#3232,.T.);
#5007=ORIENTED_EDGE('',*,*,#3566,.F.);
#5008=ORIENTED_EDGE('',*,*,#3543,.T.);
#5009=ORIENTED_EDGE('',*,*,#3541,.F.);
#5010=ORIENTED_EDGE('',*,*,#3233,.T.);
#5011=ORIENTED_EDGE('',*,*,#3587,.T.);
#5012=ORIENTED_EDGE('',*,*,#3539,.T.);
#5013=ORIENTED_EDGE('',*,*,#3588,.T.);
#5014=ORIENTED_EDGE('',*,*,#3235,.T.);
#5015=ORIENTED_EDGE('',*,*,#3540,.F.);
#5016=ORIENTED_EDGE('',*,*,#3589,.T.);
#5017=ORIENTED_EDGE('',*,*,#3590,.F.);
#5018=ORIENTED_EDGE('',*,*,#3236,.T.);
#5019=ORIENTED_EDGE('',*,*,#3588,.F.);
#5020=ORIENTED_EDGE('',*,*,#3520,.T.);
#5021=ORIENTED_EDGE('',*,*,#3518,.F.);
#5022=ORIENTED_EDGE('',*,*,#3237,.T.);
#5023=ORIENTED_EDGE('',*,*,#3590,.T.);
#5024=ORIENTED_EDGE('',*,*,#3584,.F.);
#5025=ORIENTED_EDGE('',*,*,#3591,.T.);
#5026=ORIENTED_EDGE('',*,*,#3548,.T.);
#5027=ORIENTED_EDGE('',*,*,#3291,.F.);
#5028=ORIENTED_EDGE('',*,*,#3296,.F.);
#5029=ORIENTED_EDGE('',*,*,#3585,.T.);
#5030=ORIENTED_EDGE('',*,*,#3313,.F.);
#5031=ORIENTED_EDGE('',*,*,#3559,.T.);
#5032=ORIENTED_EDGE('',*,*,#3557,.T.);
#5033=ORIENTED_EDGE('',*,*,#3554,.T.);
#5034=ORIENTED_EDGE('',*,*,#3575,.F.);
#5035=ORIENTED_EDGE('',*,*,#3592,.T.);
#5036=ORIENTED_EDGE('',*,*,#3526,.T.);
#5037=ORIENTED_EDGE('',*,*,#3536,.T.);
#5038=ORIENTED_EDGE('',*,*,#3314,.F.);
#5039=ORIENTED_EDGE('',*,*,#3556,.T.);
#5040=ORIENTED_EDGE('',*,*,#3551,.T.);
#5041=ORIENTED_EDGE('',*,*,#3593,.T.);
#5042=ORIENTED_EDGE('',*,*,#3315,.F.);
#5043=ORIENTED_EDGE('',*,*,#3535,.F.);
#5044=ORIENTED_EDGE('',*,*,#3533,.F.);
#5045=ORIENTED_EDGE('',*,*,#3531,.F.);
#5046=ORIENTED_EDGE('',*,*,#3204,.F.);
#5047=ORIENTED_EDGE('',*,*,#3565,.F.);
#5048=ORIENTED_EDGE('',*,*,#3594,.F.);
#5049=ORIENTED_EDGE('',*,*,#3595,.F.);
#5050=ORIENTED_EDGE('',*,*,#3206,.F.);
#5051=ORIENTED_EDGE('',*,*,#3595,.T.);
#5052=ORIENTED_EDGE('',*,*,#3596,.F.);
#5053=ORIENTED_EDGE('',*,*,#3597,.F.);
#5054=ORIENTED_EDGE('',*,*,#3208,.F.);
#5055=ORIENTED_EDGE('',*,*,#3597,.T.);
#5056=ORIENTED_EDGE('',*,*,#3598,.F.);
#5057=ORIENTED_EDGE('',*,*,#3599,.F.);
#5058=ORIENTED_EDGE('',*,*,#3210,.F.);
#5059=ORIENTED_EDGE('',*,*,#3599,.T.);
#5060=ORIENTED_EDGE('',*,*,#3600,.F.);
#5061=ORIENTED_EDGE('',*,*,#3601,.T.);
#5062=ORIENTED_EDGE('',*,*,#3212,.F.);
#5063=ORIENTED_EDGE('',*,*,#3601,.F.);
#5064=ORIENTED_EDGE('',*,*,#3602,.F.);
#5065=ORIENTED_EDGE('',*,*,#3603,.F.);
#5066=ORIENTED_EDGE('',*,*,#3214,.F.);
#5067=ORIENTED_EDGE('',*,*,#3603,.T.);
#5068=ORIENTED_EDGE('',*,*,#3604,.F.);
#5069=ORIENTED_EDGE('',*,*,#3605,.T.);
#5070=ORIENTED_EDGE('',*,*,#3216,.F.);
#5071=ORIENTED_EDGE('',*,*,#3605,.F.);
#5072=ORIENTED_EDGE('',*,*,#3606,.F.);
#5073=ORIENTED_EDGE('',*,*,#3504,.F.);
#5074=ORIENTED_EDGE('',*,*,#3329,.F.);
#5075=ORIENTED_EDGE('',*,*,#3442,.T.);
#5076=ORIENTED_EDGE('',*,*,#3607,.F.);
#5077=ORIENTED_EDGE('',*,*,#3608,.T.);
#5078=ORIENTED_EDGE('',*,*,#3328,.F.);
#5079=ORIENTED_EDGE('',*,*,#3608,.F.);
#5080=ORIENTED_EDGE('',*,*,#3609,.F.);
#5081=ORIENTED_EDGE('',*,*,#3610,.F.);
#5082=ORIENTED_EDGE('',*,*,#3350,.F.);
#5083=ORIENTED_EDGE('',*,*,#3610,.T.);
#5084=ORIENTED_EDGE('',*,*,#3611,.F.);
#5085=ORIENTED_EDGE('',*,*,#3612,.T.);
#5086=ORIENTED_EDGE('',*,*,#3349,.F.);
#5087=ORIENTED_EDGE('',*,*,#3612,.F.);
#5088=ORIENTED_EDGE('',*,*,#3613,.F.);
#5089=ORIENTED_EDGE('',*,*,#3614,.F.);
#5090=ORIENTED_EDGE('',*,*,#3330,.F.);
#5091=ORIENTED_EDGE('',*,*,#3614,.T.);
#5092=ORIENTED_EDGE('',*,*,#3615,.F.);
#5093=ORIENTED_EDGE('',*,*,#3616,.T.);
#5094=ORIENTED_EDGE('',*,*,#3347,.F.);
#5095=ORIENTED_EDGE('',*,*,#3616,.F.);
#5096=ORIENTED_EDGE('',*,*,#3617,.F.);
#5097=ORIENTED_EDGE('',*,*,#3618,.F.);
#5098=ORIENTED_EDGE('',*,*,#3333,.F.);
#5099=ORIENTED_EDGE('',*,*,#3618,.T.);
#5100=ORIENTED_EDGE('',*,*,#3619,.F.);
#5101=ORIENTED_EDGE('',*,*,#3620,.T.);
#5102=ORIENTED_EDGE('',*,*,#3621,.T.);
#5103=ORIENTED_EDGE('',*,*,#3346,.F.);
#5104=ORIENTED_EDGE('',*,*,#3621,.F.);
#5105=ORIENTED_EDGE('',*,*,#3622,.F.);
#5106=ORIENTED_EDGE('',*,*,#3623,.F.);
#5107=ORIENTED_EDGE('',*,*,#3624,.T.);
#5108=ORIENTED_EDGE('',*,*,#3625,.T.);
#5109=ORIENTED_EDGE('',*,*,#3626,.T.);
#5110=ORIENTED_EDGE('',*,*,#3627,.T.);
#5111=ORIENTED_EDGE('',*,*,#3628,.T.);
#5112=ORIENTED_EDGE('',*,*,#3629,.T.);
#5113=ORIENTED_EDGE('',*,*,#3630,.T.);
#5114=ORIENTED_EDGE('',*,*,#3631,.T.);
#5115=ORIENTED_EDGE('',*,*,#3632,.T.);
#5116=ORIENTED_EDGE('',*,*,#3633,.T.);
#5117=ORIENTED_EDGE('',*,*,#3634,.T.);
#5118=ORIENTED_EDGE('',*,*,#3635,.T.);
#5119=ORIENTED_EDGE('',*,*,#3636,.T.);
#5120=ORIENTED_EDGE('',*,*,#3637,.T.);
#5121=ORIENTED_EDGE('',*,*,#3638,.T.);
#5122=ORIENTED_EDGE('',*,*,#3639,.T.);
#5123=ORIENTED_EDGE('',*,*,#3640,.T.);
#5124=ORIENTED_EDGE('',*,*,#3641,.T.);
#5125=ORIENTED_EDGE('',*,*,#3642,.T.);
#5126=ORIENTED_EDGE('',*,*,#3643,.T.);
#5127=ORIENTED_EDGE('',*,*,#3644,.T.);
#5128=ORIENTED_EDGE('',*,*,#3645,.T.);
#5129=ORIENTED_EDGE('',*,*,#3646,.T.);
#5130=ORIENTED_EDGE('',*,*,#3647,.T.);
#5131=ORIENTED_EDGE('',*,*,#3648,.T.);
#5132=ORIENTED_EDGE('',*,*,#3649,.T.);
#5133=ORIENTED_EDGE('',*,*,#3650,.T.);
#5134=ORIENTED_EDGE('',*,*,#3651,.T.);
#5135=ORIENTED_EDGE('',*,*,#3652,.T.);
#5136=ORIENTED_EDGE('',*,*,#3653,.T.);
#5137=ORIENTED_EDGE('',*,*,#3654,.T.);
#5138=ORIENTED_EDGE('',*,*,#3655,.T.);
#5139=ORIENTED_EDGE('',*,*,#3656,.T.);
#5140=ORIENTED_EDGE('',*,*,#3657,.T.);
#5141=ORIENTED_EDGE('',*,*,#3658,.T.);
#5142=ORIENTED_EDGE('',*,*,#3659,.T.);
#5143=ORIENTED_EDGE('',*,*,#3660,.T.);
#5144=ORIENTED_EDGE('',*,*,#3661,.T.);
#5145=ORIENTED_EDGE('',*,*,#3662,.T.);
#5146=ORIENTED_EDGE('',*,*,#3663,.T.);
#5147=ORIENTED_EDGE('',*,*,#3664,.T.);
#5148=ORIENTED_EDGE('',*,*,#3665,.T.);
#5149=ORIENTED_EDGE('',*,*,#3666,.T.);
#5150=ORIENTED_EDGE('',*,*,#3667,.T.);
#5151=ORIENTED_EDGE('',*,*,#3668,.T.);
#5152=ORIENTED_EDGE('',*,*,#3669,.T.);
#5153=ORIENTED_EDGE('',*,*,#3670,.T.);
#5154=ORIENTED_EDGE('',*,*,#3671,.T.);
#5155=ORIENTED_EDGE('',*,*,#3672,.T.);
#5156=ORIENTED_EDGE('',*,*,#3673,.T.);
#5157=ORIENTED_EDGE('',*,*,#3674,.T.);
#5158=ORIENTED_EDGE('',*,*,#3675,.T.);
#5159=ORIENTED_EDGE('',*,*,#3676,.T.);
#5160=ORIENTED_EDGE('',*,*,#3677,.T.);
#5161=ORIENTED_EDGE('',*,*,#3678,.T.);
#5162=ORIENTED_EDGE('',*,*,#3679,.T.);
#5163=ORIENTED_EDGE('',*,*,#3680,.T.);
#5164=ORIENTED_EDGE('',*,*,#3681,.T.);
#5165=ORIENTED_EDGE('',*,*,#3682,.T.);
#5166=ORIENTED_EDGE('',*,*,#3683,.T.);
#5167=ORIENTED_EDGE('',*,*,#3684,.T.);
#5168=ORIENTED_EDGE('',*,*,#3685,.T.);
#5169=ORIENTED_EDGE('',*,*,#3686,.T.);
#5170=ORIENTED_EDGE('',*,*,#3687,.T.);
#5171=ORIENTED_EDGE('',*,*,#3688,.T.);
#5172=ORIENTED_EDGE('',*,*,#3689,.T.);
#5173=ORIENTED_EDGE('',*,*,#3690,.T.);
#5174=ORIENTED_EDGE('',*,*,#3691,.T.);
#5175=ORIENTED_EDGE('',*,*,#3692,.T.);
#5176=ORIENTED_EDGE('',*,*,#3693,.T.);
#5177=ORIENTED_EDGE('',*,*,#3694,.T.);
#5178=ORIENTED_EDGE('',*,*,#3695,.T.);
#5179=ORIENTED_EDGE('',*,*,#3696,.T.);
#5180=ORIENTED_EDGE('',*,*,#3697,.T.);
#5181=ORIENTED_EDGE('',*,*,#3698,.T.);
#5182=ORIENTED_EDGE('',*,*,#3699,.T.);
#5183=ORIENTED_EDGE('',*,*,#3700,.T.);
#5184=ORIENTED_EDGE('',*,*,#3701,.T.);
#5185=ORIENTED_EDGE('',*,*,#3702,.T.);
#5186=ORIENTED_EDGE('',*,*,#3703,.T.);
#5187=ORIENTED_EDGE('',*,*,#3704,.T.);
#5188=ORIENTED_EDGE('',*,*,#3705,.T.);
#5189=ORIENTED_EDGE('',*,*,#3338,.F.);
#5190=ORIENTED_EDGE('',*,*,#3623,.T.);
#5191=ORIENTED_EDGE('',*,*,#3706,.F.);
#5192=ORIENTED_EDGE('',*,*,#3707,.F.);
#5193=ORIENTED_EDGE('',*,*,#3708,.T.);
#5194=ORIENTED_EDGE('',*,*,#3344,.F.);
#5195=ORIENTED_EDGE('',*,*,#3708,.F.);
#5196=ORIENTED_EDGE('',*,*,#3709,.F.);
#5197=ORIENTED_EDGE('',*,*,#3359,.F.);
#5198=ORIENTED_EDGE('',*,*,#3710,.T.);
#5199=ORIENTED_EDGE('',*,*,#3424,.T.);
#5200=ORIENTED_EDGE('',*,*,#3355,.T.);
#5201=ORIENTED_EDGE('',*,*,#3358,.T.);
#5202=ORIENTED_EDGE('',*,*,#3711,.F.);
#5203=ORIENTED_EDGE('',*,*,#3710,.F.);
#5204=ORIENTED_EDGE('',*,*,#3712,.F.);
#5205=ORIENTED_EDGE('',*,*,#3713,.F.);
#5206=ORIENTED_EDGE('',*,*,#3714,.F.);
#5207=ORIENTED_EDGE('',*,*,#3715,.F.);
#5208=ORIENTED_EDGE('',*,*,#3716,.F.);
#5209=ORIENTED_EDGE('',*,*,#3717,.F.);
#5210=ORIENTED_EDGE('',*,*,#3718,.F.);
#5211=ORIENTED_EDGE('',*,*,#3719,.F.);
#5212=ORIENTED_EDGE('',*,*,#3439,.F.);
#5213=ORIENTED_EDGE('',*,*,#3437,.F.);
#5214=ORIENTED_EDGE('',*,*,#3434,.F.);
#5215=ORIENTED_EDGE('',*,*,#3431,.F.);
#5216=ORIENTED_EDGE('',*,*,#3429,.F.);
#5217=ORIENTED_EDGE('',*,*,#3427,.F.);
#5218=ORIENTED_EDGE('',*,*,#3425,.F.);
#5219=ORIENTED_EDGE('',*,*,#3507,.F.);
#5220=ORIENTED_EDGE('',*,*,#3720,.F.);
#5221=ORIENTED_EDGE('',*,*,#3721,.F.);
#5222=ORIENTED_EDGE('',*,*,#3722,.F.);
#5223=ORIENTED_EDGE('',*,*,#3723,.F.);
#5224=ORIENTED_EDGE('',*,*,#3724,.F.);
#5225=ORIENTED_EDGE('',*,*,#3725,.F.);
#5226=ORIENTED_EDGE('',*,*,#3726,.F.);
#5227=ORIENTED_EDGE('',*,*,#3727,.F.);
#5228=ORIENTED_EDGE('',*,*,#3728,.F.);
#5229=ORIENTED_EDGE('',*,*,#3562,.F.);
#5230=ORIENTED_EDGE('',*,*,#3517,.F.);
#5231=ORIENTED_EDGE('',*,*,#3514,.F.);
#5232=ORIENTED_EDGE('',*,*,#3513,.F.);
#5233=ORIENTED_EDGE('',*,*,#3719,.T.);
#5234=ORIENTED_EDGE('',*,*,#3729,.T.);
#5235=ORIENTED_EDGE('',*,*,#3441,.T.);
#5236=ORIENTED_EDGE('',*,*,#3440,.T.);
#5237=ORIENTED_EDGE('',*,*,#3501,.F.);
#5238=ORIENTED_EDGE('',*,*,#3461,.T.);
#5239=ORIENTED_EDGE('',*,*,#3451,.T.);
#5240=ORIENTED_EDGE('',*,*,#3446,.T.);
#5241=ORIENTED_EDGE('',*,*,#3486,.F.);
#5242=ORIENTED_EDGE('',*,*,#3511,.F.);
#5243=ORIENTED_EDGE('',*,*,#3455,.F.);
#5244=ORIENTED_EDGE('',*,*,#3510,.F.);
#5245=ORIENTED_EDGE('',*,*,#3498,.F.);
#5246=ORIENTED_EDGE('',*,*,#3480,.F.);
#5247=ORIENTED_EDGE('',*,*,#3471,.F.);
#5248=ORIENTED_EDGE('',*,*,#3466,.F.);
#5249=ORIENTED_EDGE('',*,*,#3495,.F.);
#5250=ORIENTED_EDGE('',*,*,#3509,.T.);
#5251=ORIENTED_EDGE('',*,*,#3475,.F.);
#5252=ORIENTED_EDGE('',*,*,#3503,.T.);
#5253=ORIENTED_EDGE('',*,*,#3506,.F.);
#5254=ORIENTED_EDGE('',*,*,#3505,.T.);
#5255=ORIENTED_EDGE('',*,*,#3730,.T.);
#5256=ORIENTED_EDGE('',*,*,#3720,.T.);
#5257=ORIENTED_EDGE('',*,*,#3589,.F.);
#5258=ORIENTED_EDGE('',*,*,#3538,.F.);
#5259=ORIENTED_EDGE('',*,*,#3523,.F.);
#5260=ORIENTED_EDGE('',*,*,#3521,.F.);
#5261=ORIENTED_EDGE('',*,*,#3572,.F.);
#5262=ORIENTED_EDGE('',*,*,#3731,.F.);
#5263=ORIENTED_EDGE('',*,*,#3527,.F.);
#5264=ORIENTED_EDGE('',*,*,#3592,.F.);
#5265=ORIENTED_EDGE('',*,*,#3578,.F.);
#5266=ORIENTED_EDGE('',*,*,#3573,.T.);
#5267=ORIENTED_EDGE('',*,*,#3570,.F.);
#5268=ORIENTED_EDGE('',*,*,#3732,.T.);
#5269=ORIENTED_EDGE('',*,*,#3528,.T.);
#5270=ORIENTED_EDGE('',*,*,#3731,.T.);
#5271=ORIENTED_EDGE('',*,*,#3567,.F.);
#5272=ORIENTED_EDGE('',*,*,#3569,.T.);
#5273=ORIENTED_EDGE('',*,*,#3307,.F.);
#5274=ORIENTED_EDGE('',*,*,#3312,.F.);
#5275=ORIENTED_EDGE('',*,*,#3529,.F.);
#5276=ORIENTED_EDGE('',*,*,#3732,.F.);
#5277=ORIENTED_EDGE('',*,*,#3586,.F.);
#5278=ORIENTED_EDGE('',*,*,#3560,.T.);
#5279=ORIENTED_EDGE('',*,*,#3553,.F.);
#5280=ORIENTED_EDGE('',*,*,#3544,.T.);
#5281=ORIENTED_EDGE('',*,*,#3582,.F.);
#5282=ORIENTED_EDGE('',*,*,#3733,.F.);
#5283=ORIENTED_EDGE('',*,*,#3549,.F.);
#5284=ORIENTED_EDGE('',*,*,#3591,.F.);
#5285=ORIENTED_EDGE('',*,*,#3580,.F.);
#5286=ORIENTED_EDGE('',*,*,#3579,.T.);
#5287=ORIENTED_EDGE('',*,*,#3576,.F.);
#5288=ORIENTED_EDGE('',*,*,#3593,.F.);
#5289=ORIENTED_EDGE('',*,*,#3550,.T.);
#5290=ORIENTED_EDGE('',*,*,#3733,.T.);
#5291=ORIENTED_EDGE('',*,*,#3734,.F.);
#5292=ORIENTED_EDGE('',*,*,#3564,.T.);
#5293=ORIENTED_EDGE('',*,*,#3563,.T.);
#5294=ORIENTED_EDGE('',*,*,#3728,.T.);
#5295=ORIENTED_EDGE('',*,*,#3734,.T.);
#5296=ORIENTED_EDGE('',*,*,#3727,.T.);
#5297=ORIENTED_EDGE('',*,*,#3735,.F.);
#5298=ORIENTED_EDGE('',*,*,#3594,.T.);
#5299=ORIENTED_EDGE('',*,*,#3735,.T.);
#5300=ORIENTED_EDGE('',*,*,#3726,.T.);
#5301=ORIENTED_EDGE('',*,*,#3736,.F.);
#5302=ORIENTED_EDGE('',*,*,#3596,.T.);
#5303=ORIENTED_EDGE('',*,*,#3736,.T.);
#5304=ORIENTED_EDGE('',*,*,#3725,.T.);
#5305=ORIENTED_EDGE('',*,*,#3737,.F.);
#5306=ORIENTED_EDGE('',*,*,#3598,.T.);
#5307=ORIENTED_EDGE('',*,*,#3738,.F.);
#5308=ORIENTED_EDGE('',*,*,#3600,.T.);
#5309=ORIENTED_EDGE('',*,*,#3737,.T.);
#5310=ORIENTED_EDGE('',*,*,#3724,.T.);
#5311=ORIENTED_EDGE('',*,*,#3738,.T.);
#5312=ORIENTED_EDGE('',*,*,#3723,.T.);
#5313=ORIENTED_EDGE('',*,*,#3739,.F.);
#5314=ORIENTED_EDGE('',*,*,#3602,.T.);
#5315=ORIENTED_EDGE('',*,*,#3740,.F.);
#5316=ORIENTED_EDGE('',*,*,#3604,.T.);
#5317=ORIENTED_EDGE('',*,*,#3739,.T.);
#5318=ORIENTED_EDGE('',*,*,#3722,.T.);
#5319=ORIENTED_EDGE('',*,*,#3740,.T.);
#5320=ORIENTED_EDGE('',*,*,#3721,.T.);
#5321=ORIENTED_EDGE('',*,*,#3730,.F.);
#5322=ORIENTED_EDGE('',*,*,#3606,.T.);
#5323=ORIENTED_EDGE('',*,*,#3741,.F.);
#5324=ORIENTED_EDGE('',*,*,#3607,.T.);
#5325=ORIENTED_EDGE('',*,*,#3729,.F.);
#5326=ORIENTED_EDGE('',*,*,#3741,.T.);
#5327=ORIENTED_EDGE('',*,*,#3718,.T.);
#5328=ORIENTED_EDGE('',*,*,#3742,.T.);
#5329=ORIENTED_EDGE('',*,*,#3609,.T.);
#5330=ORIENTED_EDGE('',*,*,#3743,.F.);
#5331=ORIENTED_EDGE('',*,*,#3611,.T.);
#5332=ORIENTED_EDGE('',*,*,#3742,.F.);
#5333=ORIENTED_EDGE('',*,*,#3613,.T.);
#5334=ORIENTED_EDGE('',*,*,#3743,.T.);
#5335=ORIENTED_EDGE('',*,*,#3717,.T.);
#5336=ORIENTED_EDGE('',*,*,#3744,.F.);
#5337=ORIENTED_EDGE('',*,*,#3615,.T.);
#5338=ORIENTED_EDGE('',*,*,#3744,.T.);
#5339=ORIENTED_EDGE('',*,*,#3716,.T.);
#5340=ORIENTED_EDGE('',*,*,#3745,.F.);
#5341=ORIENTED_EDGE('',*,*,#3715,.T.);
#5342=ORIENTED_EDGE('',*,*,#3746,.T.);
#5343=ORIENTED_EDGE('',*,*,#3619,.T.);
#5344=ORIENTED_EDGE('',*,*,#3617,.T.);
#5345=ORIENTED_EDGE('',*,*,#3745,.T.);
#5346=ORIENTED_EDGE('',*,*,#3747,.F.);
#5347=ORIENTED_EDGE('',*,*,#3706,.T.);
#5348=ORIENTED_EDGE('',*,*,#3622,.T.);
#5349=ORIENTED_EDGE('',*,*,#3620,.F.);
#5350=ORIENTED_EDGE('',*,*,#3746,.F.);
#5351=ORIENTED_EDGE('',*,*,#3714,.T.);
#5352=ORIENTED_EDGE('',*,*,#3748,.T.);
#5353=ORIENTED_EDGE('',*,*,#3749,.T.);
#5354=ORIENTED_EDGE('',*,*,#3624,.F.);
#5355=ORIENTED_EDGE('',*,*,#3750,.F.);
#5356=ORIENTED_EDGE('',*,*,#3751,.T.);
#5357=ORIENTED_EDGE('',*,*,#3752,.T.);
#5358=ORIENTED_EDGE('',*,*,#3625,.F.);
#5359=ORIENTED_EDGE('',*,*,#3749,.F.);
#5360=ORIENTED_EDGE('',*,*,#3753,.T.);
#5361=ORIENTED_EDGE('',*,*,#3754,.T.);
#5362=ORIENTED_EDGE('',*,*,#3626,.F.);
#5363=ORIENTED_EDGE('',*,*,#3752,.F.);
#5364=ORIENTED_EDGE('',*,*,#3755,.T.);
#5365=ORIENTED_EDGE('',*,*,#3756,.T.);
#5366=ORIENTED_EDGE('',*,*,#3627,.F.);
#5367=ORIENTED_EDGE('',*,*,#3754,.F.);
#5368=ORIENTED_EDGE('',*,*,#3757,.T.);
#5369=ORIENTED_EDGE('',*,*,#3758,.T.);
#5370=ORIENTED_EDGE('',*,*,#3628,.F.);
#5371=ORIENTED_EDGE('',*,*,#3756,.F.);
#5372=ORIENTED_EDGE('',*,*,#3759,.T.);
#5373=ORIENTED_EDGE('',*,*,#3760,.T.);
#5374=ORIENTED_EDGE('',*,*,#3629,.F.);
#5375=ORIENTED_EDGE('',*,*,#3758,.F.);
#5376=ORIENTED_EDGE('',*,*,#3761,.T.);
#5377=ORIENTED_EDGE('',*,*,#3762,.T.);
#5378=ORIENTED_EDGE('',*,*,#3630,.F.);
#5379=ORIENTED_EDGE('',*,*,#3760,.F.);
#5380=ORIENTED_EDGE('',*,*,#3763,.T.);
#5381=ORIENTED_EDGE('',*,*,#3764,.T.);
#5382=ORIENTED_EDGE('',*,*,#3631,.F.);
#5383=ORIENTED_EDGE('',*,*,#3762,.F.);
#5384=ORIENTED_EDGE('',*,*,#3765,.T.);
#5385=ORIENTED_EDGE('',*,*,#3766,.T.);
#5386=ORIENTED_EDGE('',*,*,#3632,.F.);
#5387=ORIENTED_EDGE('',*,*,#3764,.F.);
#5388=ORIENTED_EDGE('',*,*,#3767,.T.);
#5389=ORIENTED_EDGE('',*,*,#3768,.T.);
#5390=ORIENTED_EDGE('',*,*,#3633,.F.);
#5391=ORIENTED_EDGE('',*,*,#3766,.F.);
#5392=ORIENTED_EDGE('',*,*,#3769,.T.);
#5393=ORIENTED_EDGE('',*,*,#3770,.T.);
#5394=ORIENTED_EDGE('',*,*,#3634,.F.);
#5395=ORIENTED_EDGE('',*,*,#3768,.F.);
#5396=ORIENTED_EDGE('',*,*,#3771,.T.);
#5397=ORIENTED_EDGE('',*,*,#3772,.T.);
#5398=ORIENTED_EDGE('',*,*,#3635,.F.);
#5399=ORIENTED_EDGE('',*,*,#3770,.F.);
#5400=ORIENTED_EDGE('',*,*,#3773,.T.);
#5401=ORIENTED_EDGE('',*,*,#3774,.T.);
#5402=ORIENTED_EDGE('',*,*,#3636,.F.);
#5403=ORIENTED_EDGE('',*,*,#3772,.F.);
#5404=ORIENTED_EDGE('',*,*,#3775,.T.);
#5405=ORIENTED_EDGE('',*,*,#3776,.T.);
#5406=ORIENTED_EDGE('',*,*,#3637,.F.);
#5407=ORIENTED_EDGE('',*,*,#3774,.F.);
#5408=ORIENTED_EDGE('',*,*,#3777,.T.);
#5409=ORIENTED_EDGE('',*,*,#3778,.T.);
#5410=ORIENTED_EDGE('',*,*,#3638,.F.);
#5411=ORIENTED_EDGE('',*,*,#3776,.F.);
#5412=ORIENTED_EDGE('',*,*,#3779,.T.);
#5413=ORIENTED_EDGE('',*,*,#3780,.T.);
#5414=ORIENTED_EDGE('',*,*,#3639,.F.);
#5415=ORIENTED_EDGE('',*,*,#3778,.F.);
#5416=ORIENTED_EDGE('',*,*,#3781,.T.);
#5417=ORIENTED_EDGE('',*,*,#3782,.T.);
#5418=ORIENTED_EDGE('',*,*,#3640,.F.);
#5419=ORIENTED_EDGE('',*,*,#3780,.F.);
#5420=ORIENTED_EDGE('',*,*,#3783,.T.);
#5421=ORIENTED_EDGE('',*,*,#3750,.T.);
#5422=ORIENTED_EDGE('',*,*,#3641,.F.);
#5423=ORIENTED_EDGE('',*,*,#3782,.F.);
#5424=ORIENTED_EDGE('',*,*,#3784,.T.);
#5425=ORIENTED_EDGE('',*,*,#3785,.T.);
#5426=ORIENTED_EDGE('',*,*,#3642,.F.);
#5427=ORIENTED_EDGE('',*,*,#3786,.F.);
#5428=ORIENTED_EDGE('',*,*,#3787,.T.);
#5429=ORIENTED_EDGE('',*,*,#3788,.T.);
#5430=ORIENTED_EDGE('',*,*,#3643,.F.);
#5431=ORIENTED_EDGE('',*,*,#3785,.F.);
#5432=ORIENTED_EDGE('',*,*,#3789,.T.);
#5433=ORIENTED_EDGE('',*,*,#3790,.T.);
#5434=ORIENTED_EDGE('',*,*,#3644,.F.);
#5435=ORIENTED_EDGE('',*,*,#3788,.F.);
#5436=ORIENTED_EDGE('',*,*,#3791,.T.);
#5437=ORIENTED_EDGE('',*,*,#3792,.T.);
#5438=ORIENTED_EDGE('',*,*,#3645,.F.);
#5439=ORIENTED_EDGE('',*,*,#3790,.F.);
#5440=ORIENTED_EDGE('',*,*,#3793,.T.);
#5441=ORIENTED_EDGE('',*,*,#3794,.T.);
#5442=ORIENTED_EDGE('',*,*,#3646,.F.);
#5443=ORIENTED_EDGE('',*,*,#3792,.F.);
#5444=ORIENTED_EDGE('',*,*,#3795,.T.);
#5445=ORIENTED_EDGE('',*,*,#3796,.T.);
#5446=ORIENTED_EDGE('',*,*,#3647,.F.);
#5447=ORIENTED_EDGE('',*,*,#3794,.F.);
#5448=ORIENTED_EDGE('',*,*,#3797,.T.);
#5449=ORIENTED_EDGE('',*,*,#3798,.T.);
#5450=ORIENTED_EDGE('',*,*,#3648,.F.);
#5451=ORIENTED_EDGE('',*,*,#3796,.F.);
#5452=ORIENTED_EDGE('',*,*,#3799,.T.);
#5453=ORIENTED_EDGE('',*,*,#3800,.T.);
#5454=ORIENTED_EDGE('',*,*,#3649,.F.);
#5455=ORIENTED_EDGE('',*,*,#3798,.F.);
#5456=ORIENTED_EDGE('',*,*,#3801,.T.);
#5457=ORIENTED_EDGE('',*,*,#3802,.T.);
#5458=ORIENTED_EDGE('',*,*,#3650,.F.);
#5459=ORIENTED_EDGE('',*,*,#3800,.F.);
#5460=ORIENTED_EDGE('',*,*,#3803,.T.);
#5461=ORIENTED_EDGE('',*,*,#3804,.T.);
#5462=ORIENTED_EDGE('',*,*,#3651,.F.);
#5463=ORIENTED_EDGE('',*,*,#3802,.F.);
#5464=ORIENTED_EDGE('',*,*,#3805,.T.);
#5465=ORIENTED_EDGE('',*,*,#3806,.T.);
#5466=ORIENTED_EDGE('',*,*,#3652,.F.);
#5467=ORIENTED_EDGE('',*,*,#3804,.F.);
#5468=ORIENTED_EDGE('',*,*,#3807,.T.);
#5469=ORIENTED_EDGE('',*,*,#3808,.T.);
#5470=ORIENTED_EDGE('',*,*,#3653,.F.);
#5471=ORIENTED_EDGE('',*,*,#3806,.F.);
#5472=ORIENTED_EDGE('',*,*,#3809,.T.);
#5473=ORIENTED_EDGE('',*,*,#3786,.T.);
#5474=ORIENTED_EDGE('',*,*,#3654,.F.);
#5475=ORIENTED_EDGE('',*,*,#3808,.F.);
#5476=ORIENTED_EDGE('',*,*,#3810,.T.);
#5477=ORIENTED_EDGE('',*,*,#3811,.T.);
#5478=ORIENTED_EDGE('',*,*,#3655,.F.);
#5479=ORIENTED_EDGE('',*,*,#3812,.F.);
#5480=ORIENTED_EDGE('',*,*,#3813,.T.);
#5481=ORIENTED_EDGE('',*,*,#3814,.T.);
#5482=ORIENTED_EDGE('',*,*,#3656,.F.);
#5483=ORIENTED_EDGE('',*,*,#3811,.F.);
#5484=ORIENTED_EDGE('',*,*,#3815,.T.);
#5485=ORIENTED_EDGE('',*,*,#3816,.T.);
#5486=ORIENTED_EDGE('',*,*,#3657,.F.);
#5487=ORIENTED_EDGE('',*,*,#3814,.F.);
#5488=ORIENTED_EDGE('',*,*,#3817,.T.);
#5489=ORIENTED_EDGE('',*,*,#3818,.T.);
#5490=ORIENTED_EDGE('',*,*,#3658,.F.);
#5491=ORIENTED_EDGE('',*,*,#3816,.F.);
#5492=ORIENTED_EDGE('',*,*,#3819,.T.);
#5493=ORIENTED_EDGE('',*,*,#3820,.T.);
#5494=ORIENTED_EDGE('',*,*,#3659,.F.);
#5495=ORIENTED_EDGE('',*,*,#3818,.F.);
#5496=ORIENTED_EDGE('',*,*,#3821,.T.);
#5497=ORIENTED_EDGE('',*,*,#3822,.T.);
#5498=ORIENTED_EDGE('',*,*,#3660,.F.);
#5499=ORIENTED_EDGE('',*,*,#3820,.F.);
#5500=ORIENTED_EDGE('',*,*,#3823,.T.);
#5501=ORIENTED_EDGE('',*,*,#3824,.T.);
#5502=ORIENTED_EDGE('',*,*,#3661,.F.);
#5503=ORIENTED_EDGE('',*,*,#3822,.F.);
#5504=ORIENTED_EDGE('',*,*,#3825,.T.);
#5505=ORIENTED_EDGE('',*,*,#3826,.T.);
#5506=ORIENTED_EDGE('',*,*,#3662,.F.);
#5507=ORIENTED_EDGE('',*,*,#3824,.F.);
#5508=ORIENTED_EDGE('',*,*,#3827,.T.);
#5509=ORIENTED_EDGE('',*,*,#3828,.T.);
#5510=ORIENTED_EDGE('',*,*,#3663,.F.);
#5511=ORIENTED_EDGE('',*,*,#3826,.F.);
#5512=ORIENTED_EDGE('',*,*,#3829,.T.);
#5513=ORIENTED_EDGE('',*,*,#3830,.T.);
#5514=ORIENTED_EDGE('',*,*,#3664,.F.);
#5515=ORIENTED_EDGE('',*,*,#3828,.F.);
#5516=ORIENTED_EDGE('',*,*,#3831,.T.);
#5517=ORIENTED_EDGE('',*,*,#3832,.T.);
#5518=ORIENTED_EDGE('',*,*,#3665,.F.);
#5519=ORIENTED_EDGE('',*,*,#3830,.F.);
#5520=ORIENTED_EDGE('',*,*,#3833,.T.);
#5521=ORIENTED_EDGE('',*,*,#3834,.T.);
#5522=ORIENTED_EDGE('',*,*,#3666,.F.);
#5523=ORIENTED_EDGE('',*,*,#3832,.F.);
#5524=ORIENTED_EDGE('',*,*,#3835,.T.);
#5525=ORIENTED_EDGE('',*,*,#3812,.T.);
#5526=ORIENTED_EDGE('',*,*,#3667,.F.);
#5527=ORIENTED_EDGE('',*,*,#3834,.F.);
#5528=ORIENTED_EDGE('',*,*,#3836,.T.);
#5529=ORIENTED_EDGE('',*,*,#3837,.T.);
#5530=ORIENTED_EDGE('',*,*,#3668,.F.);
#5531=ORIENTED_EDGE('',*,*,#3838,.F.);
#5532=ORIENTED_EDGE('',*,*,#3839,.T.);
#5533=ORIENTED_EDGE('',*,*,#3840,.T.);
#5534=ORIENTED_EDGE('',*,*,#3669,.F.);
#5535=ORIENTED_EDGE('',*,*,#3837,.F.);
#5536=ORIENTED_EDGE('',*,*,#3841,.T.);
#5537=ORIENTED_EDGE('',*,*,#3842,.T.);
#5538=ORIENTED_EDGE('',*,*,#3670,.F.);
#5539=ORIENTED_EDGE('',*,*,#3840,.F.);
#5540=ORIENTED_EDGE('',*,*,#3843,.T.);
#5541=ORIENTED_EDGE('',*,*,#3844,.T.);
#5542=ORIENTED_EDGE('',*,*,#3671,.F.);
#5543=ORIENTED_EDGE('',*,*,#3842,.F.);
#5544=ORIENTED_EDGE('',*,*,#3845,.T.);
#5545=ORIENTED_EDGE('',*,*,#3846,.T.);
#5546=ORIENTED_EDGE('',*,*,#3672,.F.);
#5547=ORIENTED_EDGE('',*,*,#3844,.F.);
#5548=ORIENTED_EDGE('',*,*,#3847,.T.);
#5549=ORIENTED_EDGE('',*,*,#3848,.T.);
#5550=ORIENTED_EDGE('',*,*,#3673,.F.);
#5551=ORIENTED_EDGE('',*,*,#3846,.F.);
#5552=ORIENTED_EDGE('',*,*,#3849,.T.);
#5553=ORIENTED_EDGE('',*,*,#3850,.T.);
#5554=ORIENTED_EDGE('',*,*,#3674,.F.);
#5555=ORIENTED_EDGE('',*,*,#3848,.F.);
#5556=ORIENTED_EDGE('',*,*,#3851,.T.);
#5557=ORIENTED_EDGE('',*,*,#3852,.T.);
#5558=ORIENTED_EDGE('',*,*,#3675,.F.);
#5559=ORIENTED_EDGE('',*,*,#3850,.F.);
#5560=ORIENTED_EDGE('',*,*,#3853,.T.);
#5561=ORIENTED_EDGE('',*,*,#3838,.T.);
#5562=ORIENTED_EDGE('',*,*,#3676,.F.);
#5563=ORIENTED_EDGE('',*,*,#3852,.F.);
#5564=ORIENTED_EDGE('',*,*,#3854,.T.);
#5565=ORIENTED_EDGE('',*,*,#3855,.T.);
#5566=ORIENTED_EDGE('',*,*,#3677,.F.);
#5567=ORIENTED_EDGE('',*,*,#3856,.F.);
#5568=ORIENTED_EDGE('',*,*,#3857,.T.);
#5569=ORIENTED_EDGE('',*,*,#3858,.T.);
#5570=ORIENTED_EDGE('',*,*,#3678,.F.);
#5571=ORIENTED_EDGE('',*,*,#3855,.F.);
#5572=ORIENTED_EDGE('',*,*,#3859,.T.);
#5573=ORIENTED_EDGE('',*,*,#3860,.T.);
#5574=ORIENTED_EDGE('',*,*,#3679,.F.);
#5575=ORIENTED_EDGE('',*,*,#3858,.F.);
#5576=ORIENTED_EDGE('',*,*,#3861,.T.);
#5577=ORIENTED_EDGE('',*,*,#3856,.T.);
#5578=ORIENTED_EDGE('',*,*,#3680,.F.);
#5579=ORIENTED_EDGE('',*,*,#3860,.F.);
#5580=ORIENTED_EDGE('',*,*,#3862,.T.);
#5581=ORIENTED_EDGE('',*,*,#3863,.T.);
#5582=ORIENTED_EDGE('',*,*,#3681,.F.);
#5583=ORIENTED_EDGE('',*,*,#3864,.F.);
#5584=ORIENTED_EDGE('',*,*,#3865,.T.);
#5585=ORIENTED_EDGE('',*,*,#3866,.T.);
#5586=ORIENTED_EDGE('',*,*,#3682,.F.);
#5587=ORIENTED_EDGE('',*,*,#3863,.F.);
#5588=ORIENTED_EDGE('',*,*,#3867,.T.);
#5589=ORIENTED_EDGE('',*,*,#3868,.T.);
#5590=ORIENTED_EDGE('',*,*,#3683,.F.);
#5591=ORIENTED_EDGE('',*,*,#3866,.F.);
#5592=ORIENTED_EDGE('',*,*,#3869,.T.);
#5593=ORIENTED_EDGE('',*,*,#3870,.T.);
#5594=ORIENTED_EDGE('',*,*,#3684,.F.);
#5595=ORIENTED_EDGE('',*,*,#3868,.F.);
#5596=ORIENTED_EDGE('',*,*,#3871,.T.);
#5597=ORIENTED_EDGE('',*,*,#3872,.T.);
#5598=ORIENTED_EDGE('',*,*,#3685,.F.);
#5599=ORIENTED_EDGE('',*,*,#3870,.F.);
#5600=ORIENTED_EDGE('',*,*,#3873,.T.);
#5601=ORIENTED_EDGE('',*,*,#3874,.T.);
#5602=ORIENTED_EDGE('',*,*,#3686,.F.);
#5603=ORIENTED_EDGE('',*,*,#3872,.F.);
#5604=ORIENTED_EDGE('',*,*,#3875,.T.);
#5605=ORIENTED_EDGE('',*,*,#3876,.T.);
#5606=ORIENTED_EDGE('',*,*,#3687,.F.);
#5607=ORIENTED_EDGE('',*,*,#3874,.F.);
#5608=ORIENTED_EDGE('',*,*,#3877,.T.);
#5609=ORIENTED_EDGE('',*,*,#3878,.T.);
#5610=ORIENTED_EDGE('',*,*,#3688,.F.);
#5611=ORIENTED_EDGE('',*,*,#3876,.F.);
#5612=ORIENTED_EDGE('',*,*,#3879,.T.);
#5613=ORIENTED_EDGE('',*,*,#3880,.T.);
#5614=ORIENTED_EDGE('',*,*,#3689,.F.);
#5615=ORIENTED_EDGE('',*,*,#3878,.F.);
#5616=ORIENTED_EDGE('',*,*,#3881,.T.);
#5617=ORIENTED_EDGE('',*,*,#3864,.T.);
#5618=ORIENTED_EDGE('',*,*,#3690,.F.);
#5619=ORIENTED_EDGE('',*,*,#3880,.F.);
#5620=ORIENTED_EDGE('',*,*,#3882,.T.);
#5621=ORIENTED_EDGE('',*,*,#3883,.T.);
#5622=ORIENTED_EDGE('',*,*,#3691,.F.);
#5623=ORIENTED_EDGE('',*,*,#3884,.F.);
#5624=ORIENTED_EDGE('',*,*,#3885,.T.);
#5625=ORIENTED_EDGE('',*,*,#3886,.T.);
#5626=ORIENTED_EDGE('',*,*,#3692,.F.);
#5627=ORIENTED_EDGE('',*,*,#3883,.F.);
#5628=ORIENTED_EDGE('',*,*,#3887,.T.);
#5629=ORIENTED_EDGE('',*,*,#3888,.T.);
#5630=ORIENTED_EDGE('',*,*,#3693,.F.);
#5631=ORIENTED_EDGE('',*,*,#3886,.F.);
#5632=ORIENTED_EDGE('',*,*,#3889,.T.);
#5633=ORIENTED_EDGE('',*,*,#3890,.T.);
#5634=ORIENTED_EDGE('',*,*,#3694,.F.);
#5635=ORIENTED_EDGE('',*,*,#3888,.F.);
#5636=ORIENTED_EDGE('',*,*,#3891,.T.);
#5637=ORIENTED_EDGE('',*,*,#3892,.T.);
#5638=ORIENTED_EDGE('',*,*,#3695,.F.);
#5639=ORIENTED_EDGE('',*,*,#3890,.F.);
#5640=ORIENTED_EDGE('',*,*,#3893,.T.);
#5641=ORIENTED_EDGE('',*,*,#3894,.T.);
#5642=ORIENTED_EDGE('',*,*,#3696,.F.);
#5643=ORIENTED_EDGE('',*,*,#3892,.F.);
#5644=ORIENTED_EDGE('',*,*,#3895,.T.);
#5645=ORIENTED_EDGE('',*,*,#3896,.T.);
#5646=ORIENTED_EDGE('',*,*,#3697,.F.);
#5647=ORIENTED_EDGE('',*,*,#3894,.F.);
#5648=ORIENTED_EDGE('',*,*,#3897,.T.);
#5649=ORIENTED_EDGE('',*,*,#3898,.T.);
#5650=ORIENTED_EDGE('',*,*,#3698,.F.);
#5651=ORIENTED_EDGE('',*,*,#3896,.F.);
#5652=ORIENTED_EDGE('',*,*,#3899,.T.);
#5653=ORIENTED_EDGE('',*,*,#3900,.T.);
#5654=ORIENTED_EDGE('',*,*,#3699,.F.);
#5655=ORIENTED_EDGE('',*,*,#3898,.F.);
#5656=ORIENTED_EDGE('',*,*,#3901,.T.);
#5657=ORIENTED_EDGE('',*,*,#3902,.T.);
#5658=ORIENTED_EDGE('',*,*,#3700,.F.);
#5659=ORIENTED_EDGE('',*,*,#3900,.F.);
#5660=ORIENTED_EDGE('',*,*,#3903,.T.);
#5661=ORIENTED_EDGE('',*,*,#3904,.T.);
#5662=ORIENTED_EDGE('',*,*,#3701,.F.);
#5663=ORIENTED_EDGE('',*,*,#3902,.F.);
#5664=ORIENTED_EDGE('',*,*,#3905,.T.);
#5665=ORIENTED_EDGE('',*,*,#3906,.T.);
#5666=ORIENTED_EDGE('',*,*,#3702,.F.);
#5667=ORIENTED_EDGE('',*,*,#3904,.F.);
#5668=ORIENTED_EDGE('',*,*,#3907,.T.);
#5669=ORIENTED_EDGE('',*,*,#3908,.T.);
#5670=ORIENTED_EDGE('',*,*,#3703,.F.);
#5671=ORIENTED_EDGE('',*,*,#3906,.F.);
#5672=ORIENTED_EDGE('',*,*,#3909,.T.);
#5673=ORIENTED_EDGE('',*,*,#3910,.T.);
#5674=ORIENTED_EDGE('',*,*,#3704,.F.);
#5675=ORIENTED_EDGE('',*,*,#3908,.F.);
#5676=ORIENTED_EDGE('',*,*,#3911,.T.);
#5677=ORIENTED_EDGE('',*,*,#3884,.T.);
#5678=ORIENTED_EDGE('',*,*,#3705,.F.);
#5679=ORIENTED_EDGE('',*,*,#3910,.F.);
#5680=ORIENTED_EDGE('',*,*,#3709,.T.);
#5681=ORIENTED_EDGE('',*,*,#3707,.T.);
#5682=ORIENTED_EDGE('',*,*,#3747,.T.);
#5683=ORIENTED_EDGE('',*,*,#3713,.T.);
#5684=ORIENTED_EDGE('',*,*,#3912,.F.);
#5685=ORIENTED_EDGE('',*,*,#3712,.T.);
#5686=ORIENTED_EDGE('',*,*,#3711,.T.);
#5687=ORIENTED_EDGE('',*,*,#3360,.T.);
#5688=ORIENTED_EDGE('',*,*,#3912,.T.);
#5689=ORIENTED_EDGE('',*,*,#3195,.F.);
#5690=ORIENTED_EDGE('',*,*,#3191,.F.);
#5691=ORIENTED_EDGE('',*,*,#3748,.F.);
#5692=ORIENTED_EDGE('',*,*,#3783,.F.);
#5693=ORIENTED_EDGE('',*,*,#3781,.F.);
#5694=ORIENTED_EDGE('',*,*,#3779,.F.);
#5695=ORIENTED_EDGE('',*,*,#3777,.F.);
#5696=ORIENTED_EDGE('',*,*,#3775,.F.);
#5697=ORIENTED_EDGE('',*,*,#3773,.F.);
#5698=ORIENTED_EDGE('',*,*,#3771,.F.);
#5699=ORIENTED_EDGE('',*,*,#3769,.F.);
#5700=ORIENTED_EDGE('',*,*,#3767,.F.);
#5701=ORIENTED_EDGE('',*,*,#3765,.F.);
#5702=ORIENTED_EDGE('',*,*,#3763,.F.);
#5703=ORIENTED_EDGE('',*,*,#3761,.F.);
#5704=ORIENTED_EDGE('',*,*,#3759,.F.);
#5705=ORIENTED_EDGE('',*,*,#3757,.F.);
#5706=ORIENTED_EDGE('',*,*,#3755,.F.);
#5707=ORIENTED_EDGE('',*,*,#3753,.F.);
#5708=ORIENTED_EDGE('',*,*,#3751,.F.);
#5709=ORIENTED_EDGE('',*,*,#3784,.F.);
#5710=ORIENTED_EDGE('',*,*,#3809,.F.);
#5711=ORIENTED_EDGE('',*,*,#3807,.F.);
#5712=ORIENTED_EDGE('',*,*,#3805,.F.);
#5713=ORIENTED_EDGE('',*,*,#3803,.F.);
#5714=ORIENTED_EDGE('',*,*,#3801,.F.);
#5715=ORIENTED_EDGE('',*,*,#3799,.F.);
#5716=ORIENTED_EDGE('',*,*,#3797,.F.);
#5717=ORIENTED_EDGE('',*,*,#3795,.F.);
#5718=ORIENTED_EDGE('',*,*,#3793,.F.);
#5719=ORIENTED_EDGE('',*,*,#3791,.F.);
#5720=ORIENTED_EDGE('',*,*,#3789,.F.);
#5721=ORIENTED_EDGE('',*,*,#3787,.F.);
#5722=ORIENTED_EDGE('',*,*,#3810,.F.);
#5723=ORIENTED_EDGE('',*,*,#3835,.F.);
#5724=ORIENTED_EDGE('',*,*,#3833,.F.);
#5725=ORIENTED_EDGE('',*,*,#3831,.F.);
#5726=ORIENTED_EDGE('',*,*,#3829,.F.);
#5727=ORIENTED_EDGE('',*,*,#3827,.F.);
#5728=ORIENTED_EDGE('',*,*,#3825,.F.);
#5729=ORIENTED_EDGE('',*,*,#3823,.F.);
#5730=ORIENTED_EDGE('',*,*,#3821,.F.);
#5731=ORIENTED_EDGE('',*,*,#3819,.F.);
#5732=ORIENTED_EDGE('',*,*,#3817,.F.);
#5733=ORIENTED_EDGE('',*,*,#3815,.F.);
#5734=ORIENTED_EDGE('',*,*,#3813,.F.);
#5735=ORIENTED_EDGE('',*,*,#3913,.F.);
#5736=ORIENTED_EDGE('',*,*,#3914,.F.);
#5737=ORIENTED_EDGE('',*,*,#3915,.F.);
#5738=ORIENTED_EDGE('',*,*,#3836,.F.);
#5739=ORIENTED_EDGE('',*,*,#3853,.F.);
#5740=ORIENTED_EDGE('',*,*,#3851,.F.);
#5741=ORIENTED_EDGE('',*,*,#3849,.F.);
#5742=ORIENTED_EDGE('',*,*,#3847,.F.);
#5743=ORIENTED_EDGE('',*,*,#3845,.F.);
#5744=ORIENTED_EDGE('',*,*,#3843,.F.);
#5745=ORIENTED_EDGE('',*,*,#3841,.F.);
#5746=ORIENTED_EDGE('',*,*,#3839,.F.);
#5747=ORIENTED_EDGE('',*,*,#3916,.F.);
#5748=ORIENTED_EDGE('',*,*,#3917,.F.);
#5749=ORIENTED_EDGE('',*,*,#3918,.F.);
#5750=ORIENTED_EDGE('',*,*,#3919,.F.);
#5751=ORIENTED_EDGE('',*,*,#3920,.F.);
#5752=ORIENTED_EDGE('',*,*,#3854,.F.);
#5753=ORIENTED_EDGE('',*,*,#3861,.F.);
#5754=ORIENTED_EDGE('',*,*,#3859,.F.);
#5755=ORIENTED_EDGE('',*,*,#3857,.F.);
#5756=ORIENTED_EDGE('',*,*,#3921,.F.);
#5757=ORIENTED_EDGE('',*,*,#3922,.F.);
#5758=ORIENTED_EDGE('',*,*,#3923,.F.);
#5759=ORIENTED_EDGE('',*,*,#3924,.F.);
#5760=ORIENTED_EDGE('',*,*,#3925,.F.);
#5761=ORIENTED_EDGE('',*,*,#3926,.F.);
#5762=ORIENTED_EDGE('',*,*,#3927,.F.);
#5763=ORIENTED_EDGE('',*,*,#3928,.F.);
#5764=ORIENTED_EDGE('',*,*,#3862,.F.);
#5765=ORIENTED_EDGE('',*,*,#3881,.F.);
#5766=ORIENTED_EDGE('',*,*,#3879,.F.);
#5767=ORIENTED_EDGE('',*,*,#3877,.F.);
#5768=ORIENTED_EDGE('',*,*,#3875,.F.);
#5769=ORIENTED_EDGE('',*,*,#3873,.F.);
#5770=ORIENTED_EDGE('',*,*,#3871,.F.);
#5771=ORIENTED_EDGE('',*,*,#3869,.F.);
#5772=ORIENTED_EDGE('',*,*,#3867,.F.);
#5773=ORIENTED_EDGE('',*,*,#3865,.F.);
#5774=ORIENTED_EDGE('',*,*,#3882,.F.);
#5775=ORIENTED_EDGE('',*,*,#3911,.F.);
#5776=ORIENTED_EDGE('',*,*,#3909,.F.);
#5777=ORIENTED_EDGE('',*,*,#3907,.F.);
#5778=ORIENTED_EDGE('',*,*,#3905,.F.);
#5779=ORIENTED_EDGE('',*,*,#3903,.F.);
#5780=ORIENTED_EDGE('',*,*,#3901,.F.);
#5781=ORIENTED_EDGE('',*,*,#3899,.F.);
#5782=ORIENTED_EDGE('',*,*,#3897,.F.);
#5783=ORIENTED_EDGE('',*,*,#3895,.F.);
#5784=ORIENTED_EDGE('',*,*,#3893,.F.);
#5785=ORIENTED_EDGE('',*,*,#3891,.F.);
#5786=ORIENTED_EDGE('',*,*,#3889,.F.);
#5787=ORIENTED_EDGE('',*,*,#3887,.F.);
#5788=ORIENTED_EDGE('',*,*,#3885,.F.);
#5789=ORIENTED_EDGE('',*,*,#3913,.T.);
#5790=ORIENTED_EDGE('',*,*,#3929,.T.);
#5791=ORIENTED_EDGE('',*,*,#3930,.F.);
#5792=ORIENTED_EDGE('',*,*,#3931,.F.);
#5793=ORIENTED_EDGE('',*,*,#3914,.T.);
#5794=ORIENTED_EDGE('',*,*,#3931,.T.);
#5795=ORIENTED_EDGE('',*,*,#3932,.F.);
#5796=ORIENTED_EDGE('',*,*,#3933,.F.);
#5797=ORIENTED_EDGE('',*,*,#3915,.T.);
#5798=ORIENTED_EDGE('',*,*,#3933,.T.);
#5799=ORIENTED_EDGE('',*,*,#3934,.F.);
#5800=ORIENTED_EDGE('',*,*,#3929,.F.);
#5801=ORIENTED_EDGE('',*,*,#3916,.T.);
#5802=ORIENTED_EDGE('',*,*,#3935,.T.);
#5803=ORIENTED_EDGE('',*,*,#3936,.F.);
#5804=ORIENTED_EDGE('',*,*,#3937,.F.);
#5805=ORIENTED_EDGE('',*,*,#3917,.T.);
#5806=ORIENTED_EDGE('',*,*,#3937,.T.);
#5807=ORIENTED_EDGE('',*,*,#3938,.F.);
#5808=ORIENTED_EDGE('',*,*,#3939,.F.);
#5809=ORIENTED_EDGE('',*,*,#3918,.T.);
#5810=ORIENTED_EDGE('',*,*,#3939,.T.);
#5811=ORIENTED_EDGE('',*,*,#3940,.F.);
#5812=ORIENTED_EDGE('',*,*,#3941,.F.);
#5813=ORIENTED_EDGE('',*,*,#3919,.T.);
#5814=ORIENTED_EDGE('',*,*,#3941,.T.);
#5815=ORIENTED_EDGE('',*,*,#3942,.F.);
#5816=ORIENTED_EDGE('',*,*,#3943,.F.);
#5817=ORIENTED_EDGE('',*,*,#3920,.T.);
#5818=ORIENTED_EDGE('',*,*,#3943,.T.);
#5819=ORIENTED_EDGE('',*,*,#3944,.F.);
#5820=ORIENTED_EDGE('',*,*,#3935,.F.);
#5821=ORIENTED_EDGE('',*,*,#3921,.T.);
#5822=ORIENTED_EDGE('',*,*,#3945,.T.);
#5823=ORIENTED_EDGE('',*,*,#3946,.F.);
#5824=ORIENTED_EDGE('',*,*,#3947,.F.);
#5825=ORIENTED_EDGE('',*,*,#3922,.T.);
#5826=ORIENTED_EDGE('',*,*,#3947,.T.);
#5827=ORIENTED_EDGE('',*,*,#3948,.F.);
#5828=ORIENTED_EDGE('',*,*,#3949,.F.);
#5829=ORIENTED_EDGE('',*,*,#3923,.T.);
#5830=ORIENTED_EDGE('',*,*,#3949,.T.);
#5831=ORIENTED_EDGE('',*,*,#3950,.F.);
#5832=ORIENTED_EDGE('',*,*,#3951,.F.);
#5833=ORIENTED_EDGE('',*,*,#3924,.T.);
#5834=ORIENTED_EDGE('',*,*,#3951,.T.);
#5835=ORIENTED_EDGE('',*,*,#3952,.F.);
#5836=ORIENTED_EDGE('',*,*,#3953,.F.);
#5837=ORIENTED_EDGE('',*,*,#3925,.T.);
#5838=ORIENTED_EDGE('',*,*,#3953,.T.);
#5839=ORIENTED_EDGE('',*,*,#3954,.F.);
#5840=ORIENTED_EDGE('',*,*,#3955,.F.);
#5841=ORIENTED_EDGE('',*,*,#3926,.T.);
#5842=ORIENTED_EDGE('',*,*,#3955,.T.);
#5843=ORIENTED_EDGE('',*,*,#3956,.F.);
#5844=ORIENTED_EDGE('',*,*,#3957,.F.);
#5845=ORIENTED_EDGE('',*,*,#3927,.T.);
#5846=ORIENTED_EDGE('',*,*,#3957,.T.);
#5847=ORIENTED_EDGE('',*,*,#3958,.F.);
#5848=ORIENTED_EDGE('',*,*,#3959,.F.);
#5849=ORIENTED_EDGE('',*,*,#3928,.T.);
#5850=ORIENTED_EDGE('',*,*,#3959,.T.);
#5851=ORIENTED_EDGE('',*,*,#3960,.F.);
#5852=ORIENTED_EDGE('',*,*,#3945,.F.);
#5853=ORIENTED_EDGE('',*,*,#3930,.T.);
#5854=ORIENTED_EDGE('',*,*,#3934,.T.);
#5855=ORIENTED_EDGE('',*,*,#3932,.T.);
#5856=ORIENTED_EDGE('',*,*,#3936,.T.);
#5857=ORIENTED_EDGE('',*,*,#3944,.T.);
#5858=ORIENTED_EDGE('',*,*,#3942,.T.);
#5859=ORIENTED_EDGE('',*,*,#3940,.T.);
#5860=ORIENTED_EDGE('',*,*,#3938,.T.);
#5861=ORIENTED_EDGE('',*,*,#3946,.T.);
#5862=ORIENTED_EDGE('',*,*,#3960,.T.);
#5863=ORIENTED_EDGE('',*,*,#3958,.T.);
#5864=ORIENTED_EDGE('',*,*,#3956,.T.);
#5865=ORIENTED_EDGE('',*,*,#3954,.T.);
#5866=ORIENTED_EDGE('',*,*,#3952,.T.);
#5867=ORIENTED_EDGE('',*,*,#3950,.T.);
#5868=ORIENTED_EDGE('',*,*,#3948,.T.);
#5869=PLANE('',#6437);
#5870=PLANE('',#6438);
#5871=PLANE('',#6439);
#5872=PLANE('',#6440);
#5873=PLANE('',#6444);
#5874=PLANE('',#6449);
#5875=PLANE('',#6454);
#5876=PLANE('',#6463);
#5877=PLANE('',#6476);
#5878=PLANE('',#6477);
#5879=PLANE('',#6485);
#5880=PLANE('',#6486);
#5881=PLANE('',#6487);
#5882=PLANE('',#6488);
#5883=PLANE('',#6491);
#5884=PLANE('',#6492);
#5885=PLANE('',#6500);
#5886=PLANE('',#6501);
#5887=PLANE('',#6502);
#5888=PLANE('',#6503);
#5889=PLANE('',#6504);
#5890=PLANE('',#6507);
#5891=PLANE('',#6516);
#5892=PLANE('',#6520);
#5893=PLANE('',#6523);
#5894=PLANE('',#6526);
#5895=PLANE('',#6529);
#5896=PLANE('',#6543);
#5897=PLANE('',#6544);
#5898=PLANE('',#6545);
#5899=PLANE('',#6547);
#5900=PLANE('',#6548);
#5901=PLANE('',#6550);
#5902=PLANE('',#6556);
#5903=PLANE('',#6558);
#5904=PLANE('',#6561);
#5905=PLANE('',#6564);
#5906=PLANE('',#6565);
#5907=PLANE('',#6571);
#5908=PLANE('',#6572);
#5909=PLANE('',#6574);
#5910=PLANE('',#6579);
#5911=PLANE('',#6586);
#5912=PLANE('',#6589);
#5913=PLANE('',#6590);
#5914=PLANE('',#6591);
#5915=PLANE('',#6592);
#5916=PLANE('',#6595);
#5917=PLANE('',#6596);
#5918=PLANE('',#6597);
#5919=PLANE('',#6598);
#5920=PLANE('',#6599);
#5921=PLANE('',#6600);
#5922=PLANE('',#6601);
#5923=PLANE('',#6602);
#5924=PLANE('',#6603);
#5925=PLANE('',#6604);
#5926=PLANE('',#6607);
#5927=PLANE('',#6608);
#5928=PLANE('',#6609);
#5929=PLANE('',#6610);
#5930=PLANE('',#6611);
#5931=PLANE('',#6612);
#5932=PLANE('',#6613);
#5933=PLANE('',#6614);
#5934=PLANE('',#6617);
#5935=PLANE('',#6623);
#5936=PLANE('',#6634);
#5937=PLANE('',#6637);
#5938=PLANE('',#6649);
#5939=PLANE('',#6650);
#5940=PLANE('',#6651);
#5941=PLANE('',#6652);
#5942=PLANE('',#6653);
#5943=PLANE('',#6655);
#5944=PLANE('',#6657);
#5945=PLANE('',#6658);
#5946=PLANE('',#6659);
#5947=PLANE('',#6660);
#5948=PLANE('',#6663);
#5949=PLANE('',#6671);
#5950=PLANE('',#6673);
#5951=PLANE('',#6674);
#5952=PLANE('',#6678);
#5953=PLANE('',#6686);
#5954=PLANE('',#6688);
#5955=PLANE('',#6689);
#5956=PLANE('',#6703);
#5957=PLANE('',#6706);
#5958=PLANE('',#6707);
#5959=PLANE('',#6708);
#5960=PLANE('',#6709);
#5961=PLANE('',#6712);
#5962=PLANE('',#6717);
#5963=PLANE('',#6726);
#5964=PLANE('',#6729);
#5965=PLANE('',#6730);
#5966=PLANE('',#6734);
#5967=PLANE('',#6743);
#5968=PLANE('',#6746);
#5969=PLANE('',#6747);
#5970=PLANE('',#6748);
#5971=PLANE('',#6763);
#5972=PLANE('',#6764);
#5973=PLANE('',#6765);
#5974=PLANE('',#6766);
#5975=PLANE('',#6767);
#5976=PLANE('',#6770);
#5977=PLANE('',#6773);
#5978=PLANE('',#6776);
#5979=PLANE('',#6779);
#5980=PLANE('',#6782);
#5981=PLANE('',#6783);
#5982=PLANE('',#6784);
#5983=PLANE('',#6785);
#5984=PLANE('',#6786);
#5985=PLANE('',#6787);
#5986=PLANE('',#6788);
#5987=PLANE('',#6789);
#5988=PLANE('',#6790);
#5989=PLANE('',#6796);
#5990=PLANE('',#6797);
#5991=PLANE('',#6798);
#5992=PLANE('',#6799);
#5993=PLANE('',#6800);
#5994=PLANE('',#6802);
#5995=PLANE('',#6803);
#5996=PLANE('',#6804);
#5997=PLANE('',#6805);
#5998=PLANE('',#6806);
#5999=PLANE('',#6807);
#6000=PLANE('',#6808);
#6001=PLANE('',#6810);
#6002=PLANE('',#6812);
#6003=PLANE('',#6814);
#6004=PLANE('',#6816);
#6005=PLANE('',#6818);
#6006=PLANE('',#6820);
#6007=PLANE('',#6821);
#6008=PLANE('',#6822);
#6009=PLANE('',#6823);
#6010=PLANE('',#6824);
#6011=PLANE('',#6825);
#6012=PLANE('',#6826);
#6013=PLANE('',#6827);
#6014=PLANE('',#6828);
#6015=PLANE('',#6829);
#6016=PLANE('',#6830);
#6017=PLANE('',#6831);
#6018=PLANE('',#6832);
#6019=PLANE('',#6833);
#6020=PLANE('',#6834);
#6021=PLANE('',#6835);
#6022=PLANE('',#6836);
#6023=PLANE('',#6837);
#6024=PLANE('',#6838);
#6025=PLANE('',#6839);
#6026=PLANE('',#6840);
#6027=PLANE('',#6841);
#6028=PLANE('',#6842);
#6029=PLANE('',#6843);
#6030=PLANE('',#6844);
#6031=PLANE('',#6845);
#6032=PLANE('',#6846);
#6033=PLANE('',#6847);
#6034=PLANE('',#6848);
#6035=PLANE('',#6849);
#6036=PLANE('',#6850);
#6037=PLANE('',#6851);
#6038=PLANE('',#6852);
#6039=PLANE('',#6853);
#6040=PLANE('',#6854);
#6041=PLANE('',#6855);
#6042=PLANE('',#6856);
#6043=PLANE('',#6857);
#6044=PLANE('',#6858);
#6045=PLANE('',#6859);
#6046=PLANE('',#6860);
#6047=PLANE('',#6861);
#6048=PLANE('',#6862);
#6049=PLANE('',#6863);
#6050=PLANE('',#6864);
#6051=PLANE('',#6865);
#6052=PLANE('',#6866);
#6053=PLANE('',#6867);
#6054=PLANE('',#6868);
#6055=PLANE('',#6869);
#6056=PLANE('',#6870);
#6057=PLANE('',#6871);
#6058=PLANE('',#6872);
#6059=ADVANCED_FACE('',(#632),#5869,.T.);
#6060=ADVANCED_FACE('',(#633),#5870,.T.);
#6061=ADVANCED_FACE('',(#634),#5871,.T.);
#6062=ADVANCED_FACE('',(#635),#5872,.F.);
#6063=ADVANCED_FACE('',(#636),#583,.F.);
#6064=ADVANCED_FACE('',(#637,#196),#5873,.T.);
#6065=ADVANCED_FACE('',(#638),#169,.F.);
#6066=ADVANCED_FACE('',(#639),#80,.T.);
#6067=ADVANCED_FACE('',(#640),#5874,.T.);
#6068=ADVANCED_FACE('',(#641),#584,.F.);
#6069=ADVANCED_FACE('',(#642),#5875,.F.);
#6070=ADVANCED_FACE('',(#643),#5876,.T.);
#6071=ADVANCED_FACE('',(#644),#81,.T.);
#6072=ADVANCED_FACE('',(#645),#170,.F.);
#6073=ADVANCED_FACE('',(#646),#5877,.T.);
#6074=ADVANCED_FACE('',(#647,#197,#198),#5878,.T.);
#6075=ADVANCED_FACE('',(#648),#5879,.T.);
#6076=ADVANCED_FACE('',(#649),#5880,.T.);
#6077=ADVANCED_FACE('',(#650),#5881,.T.);
#6078=ADVANCED_FACE('',(#651),#5882,.T.);
#6079=ADVANCED_FACE('',(#652),#585,.T.);
#6080=ADVANCED_FACE('',(#653),#82,.T.);
#6081=ADVANCED_FACE('',(#654),#5883,.T.);
#6082=ADVANCED_FACE('',(#655),#5884,.T.);
#6083=ADVANCED_FACE('',(#656),#586,.T.);
#6084=ADVANCED_FACE('',(#657),#83,.T.);
#6085=ADVANCED_FACE('',(#658),#171,.F.);
#6086=ADVANCED_FACE('',(#659),#587,.F.);
#6087=ADVANCED_FACE('',(#660),#5885,.F.);
#6088=ADVANCED_FACE('',(#661),#5886,.F.);
#6089=ADVANCED_FACE('',(#662),#5887,.T.);
#6090=ADVANCED_FACE('',(#663),#5888,.T.);
#6091=ADVANCED_FACE('',(#664),#5889,.T.);
#6092=ADVANCED_FACE('',(#665),#84,.T.);
#6093=ADVANCED_FACE('',(#666),#588,.F.);
#6094=ADVANCED_FACE('',(#667),#5890,.F.);
#6095=ADVANCED_FACE('',(#668),#589,.F.);
#6096=ADVANCED_FACE('',(#669),#172,.F.);
#6097=ADVANCED_FACE('',(#670),#590,.F.);
#6098=ADVANCED_FACE('',(#671),#173,.F.);
#6099=ADVANCED_FACE('',(#672),#5891,.T.);
#6100=ADVANCED_FACE('',(#673),#591,.F.);
#6101=ADVANCED_FACE('',(#674),#5892,.T.);
#6102=ADVANCED_FACE('',(#675),#592,.T.);
#6103=ADVANCED_FACE('',(#676),#5893,.T.);
#6104=ADVANCED_FACE('',(#677),#593,.F.);
#6105=ADVANCED_FACE('',(#678),#5894,.T.);
#6106=ADVANCED_FACE('',(#679),#594,.F.);
#6107=ADVANCED_FACE('',(#680),#5895,.T.);
#6108=ADVANCED_FACE('',(#681),#595,.F.);
#6109=ADVANCED_FACE('',(#682),#174,.F.);
#6110=ADVANCED_FACE('',(#683),#85,.T.);
#6111=ADVANCED_FACE('',(#684),#5896,.T.);
#6112=ADVANCED_FACE('',(#685),#86,.T.);
#6113=ADVANCED_FACE('',(#686),#5897,.T.);
#6114=ADVANCED_FACE('',(#687),#5898,.T.);
#6115=ADVANCED_FACE('',(#688),#5899,.T.);
#6116=ADVANCED_FACE('',(#689),#5900,.T.);
#6117=ADVANCED_FACE('',(#690),#87,.T.);
#6118=ADVANCED_FACE('',(#691),#5901,.T.);
#6119=ADVANCED_FACE('',(#692),#88,.T.);
#6120=ADVANCED_FACE('',(#693),#175,.F.);
#6121=ADVANCED_FACE('',(#694),#596,.F.);
#6122=ADVANCED_FACE('',(#695),#5902,.F.);
#6123=ADVANCED_FACE('',(#696),#5903,.T.);
#6124=ADVANCED_FACE('',(#697),#597,.F.);
#6125=ADVANCED_FACE('',(#698),#5904,.T.);
#6126=ADVANCED_FACE('',(#699),#598,.F.);
#6127=ADVANCED_FACE('',(#700),#5905,.T.);
#6128=ADVANCED_FACE('',(#701),#5906,.F.);
#6129=ADVANCED_FACE('',(#702),#599,.F.);
#6130=ADVANCED_FACE('',(#703),#5907,.T.);
#6131=ADVANCED_FACE('',(#704),#5908,.T.);
#6132=ADVANCED_FACE('',(#705),#5909,.T.);
#6133=ADVANCED_FACE('',(#706),#600,.F.);
#6134=ADVANCED_FACE('',(#707),#5910,.F.);
#6135=ADVANCED_FACE('',(#708),#176,.F.);
#6136=ADVANCED_FACE('',(#709),#89,.T.);
#6137=ADVANCED_FACE('',(#710),#5911,.T.);
#6138=ADVANCED_FACE('',(#711),#601,.F.);
#6139=ADVANCED_FACE('',(#712),#5912,.T.);
#6140=ADVANCED_FACE('',(#713),#5913,.T.);
#6141=ADVANCED_FACE('',(#714),#5914,.T.);
#6142=ADVANCED_FACE('',(#715),#5915,.T.);
#6143=ADVANCED_FACE('',(#716),#602,.T.);
#6144=ADVANCED_FACE('',(#717),#5916,.T.);
#6145=ADVANCED_FACE('',(#718),#5917,.T.);
#6146=ADVANCED_FACE('',(#719),#5918,.T.);
#6147=ADVANCED_FACE('',(#720),#5919,.T.);
#6148=ADVANCED_FACE('',(#721),#5920,.T.);
#6149=ADVANCED_FACE('',(#722),#5921,.T.);
#6150=ADVANCED_FACE('',(#723),#5922,.T.);
#6151=ADVANCED_FACE('',(#724),#5923,.T.);
#6152=ADVANCED_FACE('',(#725),#5924,.T.);
#6153=ADVANCED_FACE('',(#726),#5925,.T.);
#6154=ADVANCED_FACE('',(#727),#603,.T.);
#6155=ADVANCED_FACE('',(#728),#5926,.T.);
#6156=ADVANCED_FACE('',(#729),#5927,.T.);
#6157=ADVANCED_FACE('',(#730),#5928,.F.);
#6158=ADVANCED_FACE('',(#731),#5929,.F.);
#6159=ADVANCED_FACE('',(#732),#5930,.T.);
#6160=ADVANCED_FACE('',(#733),#5931,.F.);
#6161=ADVANCED_FACE('',(#734),#5932,.F.);
#6162=ADVANCED_FACE('',(#735),#5933,.F.);
#6163=ADVANCED_FACE('',(#736),#177,.T.);
#6164=ADVANCED_FACE('',(#737),#5934,.T.);
#6165=ADVANCED_FACE('',(#738),#178,.T.);
#6166=ADVANCED_FACE('',(#739),#604,.F.);
#6167=ADVANCED_FACE('',(#740),#5935,.F.);
#6168=ADVANCED_FACE('',(#741),#179,.F.);
#6169=ADVANCED_FACE('',(#742),#5936,.F.);
#6170=ADVANCED_FACE('',(#743),#180,.F.);
#6171=ADVANCED_FACE('',(#744),#5937,.F.);
#6172=ADVANCED_FACE('',(#745),#605,.F.);
#6173=ADVANCED_FACE('',(#746),#5938,.F.);
#6174=ADVANCED_FACE('',(#747),#5939,.T.);
#6175=ADVANCED_FACE('',(#748),#5940,.T.);
#6176=ADVANCED_FACE('',(#749),#5941,.T.);
#6177=ADVANCED_FACE('',(#750),#5942,.T.);
#6178=ADVANCED_FACE('',(#751),#606,.T.);
#6179=ADVANCED_FACE('',(#752),#5943,.T.);
#6180=ADVANCED_FACE('',(#753),#607,.T.);
#6181=ADVANCED_FACE('',(#754),#5944,.T.);
#6182=ADVANCED_FACE('',(#755),#5945,.T.);
#6183=ADVANCED_FACE('',(#756),#5946,.F.);
#6184=ADVANCED_FACE('',(#757),#5947,.F.);
#6185=ADVANCED_FACE('',(#758),#608,.F.);
#6186=ADVANCED_FACE('',(#759),#5948,.T.);
#6187=ADVANCED_FACE('',(#760),#181,.T.);
#6188=ADVANCED_FACE('',(#761),#5949,.F.);
#6189=ADVANCED_FACE('',(#762),#182,.F.);
#6190=ADVANCED_FACE('',(#763),#5950,.F.);
#6191=ADVANCED_FACE('',(#764),#5951,.T.);
#6192=ADVANCED_FACE('',(#765),#609,.F.);
#6193=ADVANCED_FACE('',(#766),#5952,.F.);
#6194=ADVANCED_FACE('',(#767),#183,.T.);
#6195=ADVANCED_FACE('',(#768),#5953,.T.);
#6196=ADVANCED_FACE('',(#769),#184,.F.);
#6197=ADVANCED_FACE('',(#770),#5954,.T.);
#6198=ADVANCED_FACE('',(#771),#5955,.F.);
#6199=ADVANCED_FACE('',(#772),#90,.T.);
#6200=ADVANCED_FACE('',(#773),#610,.F.);
#6201=ADVANCED_FACE('',(#774),#91,.T.);
#6202=ADVANCED_FACE('',(#775),#611,.F.);
#6203=ADVANCED_FACE('',(#776),#92,.T.);
#6204=ADVANCED_FACE('',(#777),#612,.F.);
#6205=ADVANCED_FACE('',(#778),#93,.T.);
#6206=ADVANCED_FACE('',(#779),#613,.F.);
#6207=ADVANCED_FACE('',(#780),#94,.T.);
#6208=ADVANCED_FACE('',(#781),#614,.F.);
#6209=ADVANCED_FACE('',(#782),#95,.T.);
#6210=ADVANCED_FACE('',(#783),#96,.T.);
#6211=ADVANCED_FACE('',(#784),#615,.F.);
#6212=ADVANCED_FACE('',(#785),#97,.T.);
#6213=ADVANCED_FACE('',(#786),#5956,.T.);
#6214=ADVANCED_FACE('',(#787),#185,.F.);
#6215=ADVANCED_FACE('',(#788),#5957,.T.);
#6216=ADVANCED_FACE('',(#789),#5958,.T.);
#6217=ADVANCED_FACE('',(#790),#5959,.F.);
#6218=ADVANCED_FACE('',(#791),#5960,.F.);
#6219=ADVANCED_FACE('',(#792),#616,.F.);
#6220=ADVANCED_FACE('',(#793),#5961,.T.);
#6221=ADVANCED_FACE('',(#794),#617,.F.);
#6222=ADVANCED_FACE('',(#795),#618,.F.);
#6223=ADVANCED_FACE('',(#796),#5962,.F.);
#6224=ADVANCED_FACE('',(#797),#186,.T.);
#6225=ADVANCED_FACE('',(#798),#5963,.F.);
#6226=ADVANCED_FACE('',(#799),#187,.F.);
#6227=ADVANCED_FACE('',(#800),#5964,.F.);
#6228=ADVANCED_FACE('',(#801),#5965,.F.);
#6229=ADVANCED_FACE('',(#802),#619,.F.);
#6230=ADVANCED_FACE('',(#803),#5966,.T.);
#6231=ADVANCED_FACE('',(#804),#188,.T.);
#6232=ADVANCED_FACE('',(#805),#5967,.T.);
#6233=ADVANCED_FACE('',(#806),#189,.F.);
#6234=ADVANCED_FACE('',(#807),#5968,.T.);
#6235=ADVANCED_FACE('',(#808),#5969,.T.);
#6236=ADVANCED_FACE('',(#809),#5970,.T.);
#6237=ADVANCED_FACE('',(#810),#190,.F.);
#6238=ADVANCED_FACE('',(#811),#98,.T.);
#6239=ADVANCED_FACE('',(#812),#99,.T.);
#6240=ADVANCED_FACE('',(#813),#620,.F.);
#6241=ADVANCED_FACE('',(#814),#100,.T.);
#6242=ADVANCED_FACE('',(#815),#621,.F.);
#6243=ADVANCED_FACE('',(#816),#101,.T.);
#6244=ADVANCED_FACE('',(#817),#622,.F.);
#6245=ADVANCED_FACE('',(#818),#102,.T.);
#6246=ADVANCED_FACE('',(#819),#623,.F.);
#6247=ADVANCED_FACE('',(#820),#103,.T.);
#6248=ADVANCED_FACE('',(#821),#104,.T.);
#6249=ADVANCED_FACE('',(#822),#624,.F.);
#6250=ADVANCED_FACE('',(#823),#105,.T.);
#6251=ADVANCED_FACE('',(#824),#5971,.F.);
#6252=ADVANCED_FACE('',(#825),#5972,.F.);
#6253=ADVANCED_FACE('',(#826),#5973,.F.);
#6254=ADVANCED_FACE('',(#827),#5974,.T.);
#6255=ADVANCED_FACE('',(#828),#5975,.F.);
#6256=ADVANCED_FACE('',(#829),#191,.T.);
#6257=ADVANCED_FACE('',(#830),#5976,.F.);
#6258=ADVANCED_FACE('',(#831),#192,.F.);
#6259=ADVANCED_FACE('',(#832),#5977,.F.);
#6260=ADVANCED_FACE('',(#833),#193,.F.);
#6261=ADVANCED_FACE('',(#834),#5978,.F.);
#6262=ADVANCED_FACE('',(#835),#194,.T.);
#6263=ADVANCED_FACE('',(#836),#5979,.T.);
#6264=ADVANCED_FACE('',(#837),#195,.T.);
#6265=ADVANCED_FACE('',(#838),#5980,.F.);
#6266=ADVANCED_FACE('',(#839),#5981,.F.);
#6267=ADVANCED_FACE('',(#840),#5982,.F.);
#6268=ADVANCED_FACE('',(#841),#5983,.T.);
#6269=ADVANCED_FACE('',(#842,#199,#200,#201,#202,#203,#204,#205),#5984,
 .T.);
#6270=ADVANCED_FACE('',(#843),#5985,.T.);
#6271=ADVANCED_FACE('',(#844),#5986,.F.);
#6272=ADVANCED_FACE('',(#845),#5987,.T.);
#6273=ADVANCED_FACE('',(#846,#206),#5988,.T.);
#6274=ADVANCED_FACE('',(#847),#5989,.T.);
#6275=ADVANCED_FACE('',(#848),#5990,.F.);
#6276=ADVANCED_FACE('',(#849),#5991,.T.);
#6277=ADVANCED_FACE('',(#850),#5992,.T.);
#6278=ADVANCED_FACE('',(#851),#5993,.F.);
#6279=ADVANCED_FACE('',(#852),#625,.F.);
#6280=ADVANCED_FACE('',(#853),#5994,.T.);
#6281=ADVANCED_FACE('',(#854),#5995,.T.);
#6282=ADVANCED_FACE('',(#855),#5996,.F.);
#6283=ADVANCED_FACE('',(#856),#5997,.T.);
#6284=ADVANCED_FACE('',(#857),#5998,.F.);
#6285=ADVANCED_FACE('',(#858),#5999,.T.);
#6286=ADVANCED_FACE('',(#859),#6000,.F.);
#6287=ADVANCED_FACE('',(#860),#626,.F.);
#6288=ADVANCED_FACE('',(#861),#6001,.T.);
#6289=ADVANCED_FACE('',(#862),#627,.T.);
#6290=ADVANCED_FACE('',(#863),#6002,.T.);
#6291=ADVANCED_FACE('',(#864),#628,.F.);
#6292=ADVANCED_FACE('',(#865),#6003,.T.);
#6293=ADVANCED_FACE('',(#866),#629,.F.);
#6294=ADVANCED_FACE('',(#867),#6004,.T.);
#6295=ADVANCED_FACE('',(#868),#630,.T.);
#6296=ADVANCED_FACE('',(#869),#6005,.T.);
#6297=ADVANCED_FACE('',(#870),#631,.T.);
#6298=ADVANCED_FACE('',(#871),#6006,.T.);
#6299=ADVANCED_FACE('',(#872),#6007,.T.);
#6300=ADVANCED_FACE('',(#873),#6008,.T.);
#6301=ADVANCED_FACE('',(#874),#6009,.T.);
#6302=ADVANCED_FACE('',(#875),#106,.T.);
#6303=ADVANCED_FACE('',(#876),#107,.T.);
#6304=ADVANCED_FACE('',(#877),#108,.T.);
#6305=ADVANCED_FACE('',(#878),#109,.T.);
#6306=ADVANCED_FACE('',(#879),#6010,.T.);
#6307=ADVANCED_FACE('',(#880),#6011,.T.);
#6308=ADVANCED_FACE('',(#881),#110,.T.);
#6309=ADVANCED_FACE('',(#882),#111,.T.);
#6310=ADVANCED_FACE('',(#883),#112,.T.);
#6311=ADVANCED_FACE('',(#884),#113,.T.);
#6312=ADVANCED_FACE('',(#885),#114,.T.);
#6313=ADVANCED_FACE('',(#886),#115,.T.);
#6314=ADVANCED_FACE('',(#887),#116,.T.);
#6315=ADVANCED_FACE('',(#888),#117,.T.);
#6316=ADVANCED_FACE('',(#889),#6012,.T.);
#6317=ADVANCED_FACE('',(#890),#6013,.T.);
#6318=ADVANCED_FACE('',(#891),#118,.T.);
#6319=ADVANCED_FACE('',(#892),#119,.T.);
#6320=ADVANCED_FACE('',(#893),#6014,.T.);
#6321=ADVANCED_FACE('',(#894),#6015,.T.);
#6322=ADVANCED_FACE('',(#895),#120,.T.);
#6323=ADVANCED_FACE('',(#896),#121,.T.);
#6324=ADVANCED_FACE('',(#897),#122,.T.);
#6325=ADVANCED_FACE('',(#898),#6016,.T.);
#6326=ADVANCED_FACE('',(#899),#6017,.T.);
#6327=ADVANCED_FACE('',(#900),#6018,.T.);
#6328=ADVANCED_FACE('',(#901),#6019,.T.);
#6329=ADVANCED_FACE('',(#902),#6020,.T.);
#6330=ADVANCED_FACE('',(#903),#123,.T.);
#6331=ADVANCED_FACE('',(#904),#124,.T.);
#6332=ADVANCED_FACE('',(#905),#6021,.T.);
#6333=ADVANCED_FACE('',(#906),#125,.T.);
#6334=ADVANCED_FACE('',(#907),#126,.T.);
#6335=ADVANCED_FACE('',(#908),#127,.T.);
#6336=ADVANCED_FACE('',(#909),#6022,.T.);
#6337=ADVANCED_FACE('',(#910),#6023,.T.);
#6338=ADVANCED_FACE('',(#911),#128,.T.);
#6339=ADVANCED_FACE('',(#912),#129,.T.);
#6340=ADVANCED_FACE('',(#913),#130,.T.);
#6341=ADVANCED_FACE('',(#914),#131,.T.);
#6342=ADVANCED_FACE('',(#915),#6024,.T.);
#6343=ADVANCED_FACE('',(#916),#6025,.T.);
#6344=ADVANCED_FACE('',(#917),#132,.T.);
#6345=ADVANCED_FACE('',(#918),#133,.T.);
#6346=ADVANCED_FACE('',(#919),#134,.T.);
#6347=ADVANCED_FACE('',(#920),#135,.T.);
#6348=ADVANCED_FACE('',(#921),#6026,.T.);
#6349=ADVANCED_FACE('',(#922),#6027,.T.);
#6350=ADVANCED_FACE('',(#923),#6028,.T.);
#6351=ADVANCED_FACE('',(#924),#6029,.T.);
#6352=ADVANCED_FACE('',(#925),#6030,.T.);
#6353=ADVANCED_FACE('',(#926),#136,.T.);
#6354=ADVANCED_FACE('',(#927),#137,.T.);
#6355=ADVANCED_FACE('',(#928),#138,.T.);
#6356=ADVANCED_FACE('',(#929),#139,.T.);
#6357=ADVANCED_FACE('',(#930),#140,.T.);
#6358=ADVANCED_FACE('',(#931),#141,.T.);
#6359=ADVANCED_FACE('',(#932),#142,.T.);
#6360=ADVANCED_FACE('',(#933),#6031,.T.);
#6361=ADVANCED_FACE('',(#934),#6032,.T.);
#6362=ADVANCED_FACE('',(#935),#6033,.T.);
#6363=ADVANCED_FACE('',(#936),#143,.T.);
#6364=ADVANCED_FACE('',(#937),#144,.T.);
#6365=ADVANCED_FACE('',(#938),#6034,.T.);
#6366=ADVANCED_FACE('',(#939),#6035,.T.);
#6367=ADVANCED_FACE('',(#940),#6036,.T.);
#6368=ADVANCED_FACE('',(#941),#145,.T.);
#6369=ADVANCED_FACE('',(#942),#6037,.T.);
#6370=ADVANCED_FACE('',(#943),#6038,.T.);
#6371=ADVANCED_FACE('',(#944),#146,.T.);
#6372=ADVANCED_FACE('',(#945),#147,.T.);
#6373=ADVANCED_FACE('',(#946),#148,.T.);
#6374=ADVANCED_FACE('',(#947),#149,.T.);
#6375=ADVANCED_FACE('',(#948),#150,.T.);
#6376=ADVANCED_FACE('',(#949),#6039,.T.);
#6377=ADVANCED_FACE('',(#950),#6040,.T.);
#6378=ADVANCED_FACE('',(#951),#151,.T.);
#6379=ADVANCED_FACE('',(#952),#152,.T.);
#6380=ADVANCED_FACE('',(#953),#153,.T.);
#6381=ADVANCED_FACE('',(#954),#154,.T.);
#6382=ADVANCED_FACE('',(#955),#6041,.T.);
#6383=ADVANCED_FACE('',(#956),#6042,.T.);
#6384=ADVANCED_FACE('',(#957),#6043,.T.);
#6385=ADVANCED_FACE('',(#958),#6044,.T.);
#6386=ADVANCED_FACE('',(#959),#6045,.F.);
#6387=ADVANCED_FACE('',(#960),#6046,.F.);
#6388=ADVANCED_FACE('',(#961),#6047,.T.);
#6389=ADVANCED_FACE('',(#962),#6048,.T.);
#6390=ADVANCED_FACE('',(#963,#207),#6049,.T.);
#6391=ADVANCED_FACE('',(#964,#208),#6050,.T.);
#6392=ADVANCED_FACE('',(#965,#209),#6051,.T.);
#6393=ADVANCED_FACE('',(#966),#6052,.T.);
#6394=ADVANCED_FACE('',(#967),#6053,.T.);
#6395=ADVANCED_FACE('',(#968),#155,.T.);
#6396=ADVANCED_FACE('',(#969),#6054,.F.);
#6397=ADVANCED_FACE('',(#970),#156,.T.);
#6398=ADVANCED_FACE('',(#971),#157,.T.);
#6399=ADVANCED_FACE('',(#972),#158,.T.);
#6400=ADVANCED_FACE('',(#973),#159,.T.);
#6401=ADVANCED_FACE('',(#974),#6055,.F.);
#6402=ADVANCED_FACE('',(#975),#160,.T.);
#6403=ADVANCED_FACE('',(#976),#161,.T.);
#6404=ADVANCED_FACE('',(#977),#162,.T.);
#6405=ADVANCED_FACE('',(#978),#163,.T.);
#6406=ADVANCED_FACE('',(#979),#164,.T.);
#6407=ADVANCED_FACE('',(#980),#165,.T.);
#6408=ADVANCED_FACE('',(#981),#166,.T.);
#6409=ADVANCED_FACE('',(#982),#167,.T.);
#6410=ADVANCED_FACE('',(#983),#168,.T.);
#6411=ADVANCED_FACE('',(#984),#6056,.T.);
#6412=ADVANCED_FACE('',(#985),#6057,.T.);
#6413=ADVANCED_FACE('',(#986),#6058,.T.);
#6414=CLOSED_SHELL('',(#6059,#6060,#6061,#6062,#6063,#6064,#6065,#6066,
#6067,#6068,#6069,#6070,#6071,#6072,#6073,#6074,#6075,#6076,#6077,#6078,
#6079,#6080,#6081,#6082,#6083,#6084,#6085,#6086,#6087,#6088,#6089,#6090,
#6091,#6092,#6093,#6094,#6095,#6096,#6097,#6098,#6099,#6100,#6101,#6102,
#6103,#6104,#6105,#6106,#6107,#6108,#6109,#6110,#6111,#6112,#6113,#6114,
#6115,#6116,#6117,#6118,#6119,#6120,#6121,#6122,#6123,#6124,#6125,#6126,
#6127,#6128,#6129,#6130,#6131,#6132,#6133,#6134,#6135,#6136,#6137,#6138,
#6139,#6140,#6141,#6142,#6143,#6144,#6145,#6146,#6147,#6148,#6149,#6150,
#6151,#6152,#6153,#6154,#6155,#6156,#6157,#6158,#6159,#6160,#6161,#6162,
#6163,#6164,#6165,#6166,#6167,#6168,#6169,#6170,#6171,#6172,#6173,#6174,
#6175,#6176,#6177,#6178,#6179,#6180,#6181,#6182,#6183,#6184,#6185,#6186,
#6187,#6188,#6189,#6190,#6191,#6192,#6193,#6194,#6195,#6196,#6197,#6198,
#6199,#6200,#6201,#6202,#6203,#6204,#6205,#6206,#6207,#6208,#6209,#6210,
#6211,#6212,#6213,#6214,#6215,#6216,#6217,#6218,#6219,#6220,#6221,#6222,
#6223,#6224,#6225,#6226,#6227,#6228,#6229,#6230,#6231,#6232,#6233,#6234,
#6235,#6236,#6237,#6238,#6239,#6240,#6241,#6242,#6243,#6244,#6245,#6246,
#6247,#6248,#6249,#6250,#6251,#6252,#6253,#6254,#6255,#6256,#6257,#6258,
#6259,#6260,#6261,#6262,#6263,#6264,#6265,#6266,#6267,#6268,#6269,#6270,
#6271,#6272,#6273,#6274,#6275,#6276,#6277,#6278,#6279,#6280,#6281,#6282,
#6283,#6284,#6285,#6286,#6287,#6288,#6289,#6290,#6291,#6292,#6293,#6294,
#6295,#6296,#6297,#6298,#6299,#6300,#6301,#6302,#6303,#6304,#6305,#6306,
#6307,#6308,#6309,#6310,#6311,#6312,#6313,#6314,#6315,#6316,#6317,#6318,
#6319,#6320,#6321,#6322,#6323,#6324,#6325,#6326,#6327,#6328,#6329,#6330,
#6331,#6332,#6333,#6334,#6335,#6336,#6337,#6338,#6339,#6340,#6341,#6342,
#6343,#6344,#6345,#6346,#6347,#6348,#6349,#6350,#6351,#6352,#6353,#6354,
#6355,#6356,#6357,#6358,#6359,#6360,#6361,#6362,#6363,#6364,#6365,#6366,
#6367,#6368,#6369,#6370,#6371,#6372,#6373,#6374,#6375,#6376,#6377,#6378,
#6379,#6380,#6381,#6382,#6383,#6384,#6385,#6386,#6387,#6388,#6389,#6390,
#6391,#6392,#6393,#6394,#6395,#6396,#6397,#6398,#6399,#6400,#6401,#6402,
#6403,#6404,#6405,#6406,#6407,#6408,#6409,#6410,#6411,#6412,#6413));
#6415=DERIVED_UNIT_ELEMENT(#6418,1.);
#6416=DERIVED_UNIT_ELEMENT(#11919,-3.);
#6417=DIMENSIONAL_EXPONENTS(0.,1.,0.,0.,0.,0.,0.);
#6418=(
CONVERSION_BASED_UNIT('gram',#6420)
MASS_UNIT()
NAMED_UNIT(#6417)
);
#6419=(
MASS_UNIT()
NAMED_UNIT(*)
SI_UNIT(.KILO.,.GRAM.)
);
#6420=MASS_MEASURE_WITH_UNIT(MASS_MEASURE(0.001),#6419);
#6421=DERIVED_UNIT((#6415,#6416));
#6422=MEASURE_REPRESENTATION_ITEM('density measure',
POSITIVE_RATIO_MEASURE(1.06),#6421);
#6423=PROPERTY_DEFINITION_REPRESENTATION(#6428,#6425);
#6424=PROPERTY_DEFINITION_REPRESENTATION(#6429,#6426);
#6425=REPRESENTATION('material name',(#6427),#11916);
#6426=REPRESENTATION('density',(#6422),#11916);
#6427=DESCRIPTIVE_REPRESENTATION_ITEM('ABS Plastic','ABS Plastic');
#6428=PROPERTY_DEFINITION('material property','material name',#11926);
#6429=PROPERTY_DEFINITION('material property','density of part',#11926);
#6430=DATE_TIME_ROLE('creation_date');
#6431=APPLIED_DATE_AND_TIME_ASSIGNMENT(#6432,#6430,(#11926));
#6432=DATE_AND_TIME(#6433,#6434);
#6433=CALENDAR_DATE(2025,19,2);
#6434=LOCAL_TIME(0,0,0.,#6435);
#6435=COORDINATED_UNIVERSAL_TIME_OFFSET(0,0,.BEHIND.);
#6436=AXIS2_PLACEMENT_3D('',#8270,#6873,#6874);
#6437=AXIS2_PLACEMENT_3D('',#8271,#6875,#6876);
#6438=AXIS2_PLACEMENT_3D('',#8280,#6881,#6882);
#6439=AXIS2_PLACEMENT_3D('',#8286,#6886,#6887);
#6440=AXIS2_PLACEMENT_3D('',#8295,#6892,#6893);
#6441=AXIS2_PLACEMENT_3D('',#8301,#6897,#6898);
#6442=AXIS2_PLACEMENT_3D('',#8303,#6899,#6900);
#6443=AXIS2_PLACEMENT_3D('',#8306,#6902,#6903);
#6444=AXIS2_PLACEMENT_3D('',#8307,#6904,#6905);
#6445=AXIS2_PLACEMENT_3D('',#8318,#6908,#6909);
#6446=AXIS2_PLACEMENT_3D('',#8322,#6911,#6912);
#6447=AXIS2_PLACEMENT_3D('',#8360,#6927,#6928);
#6448=AXIS2_PLACEMENT_3D('',#8363,#6930,#6931);
#6449=AXIS2_PLACEMENT_3D('',#8404,#6932,#6933);
#6450=AXIS2_PLACEMENT_3D('',#8410,#6935,#6936);
#6451=AXIS2_PLACEMENT_3D('',#8412,#6937,#6938);
#6452=AXIS2_PLACEMENT_3D('',#8414,#6939,#6940);
#6453=AXIS2_PLACEMENT_3D('',#8423,#6941,#6942);
#6454=AXIS2_PLACEMENT_3D('',#8424,#6943,#6944);
#6455=AXIS2_PLACEMENT_3D('',#8429,#6947,#6948);
#6456=AXIS2_PLACEMENT_3D('',#8433,#6950,#6951);
#6457=AXIS2_PLACEMENT_3D('',#8437,#6953,#6954);
#6458=AXIS2_PLACEMENT_3D('',#8441,#6956,#6957);
#6459=AXIS2_PLACEMENT_3D('',#8445,#6959,#6960);
#6460=AXIS2_PLACEMENT_3D('',#8449,#6962,#6963);
#6461=AXIS2_PLACEMENT_3D('',#8453,#6965,#6966);
#6462=AXIS2_PLACEMENT_3D('',#8457,#6968,#6969);
#6463=AXIS2_PLACEMENT_3D('',#8459,#6971,#6972);
#6464=AXIS2_PLACEMENT_3D('',#8510,#6974,#6975);
#6465=AXIS2_PLACEMENT_3D('',#8517,#6976,#6977);
#6466=AXIS2_PLACEMENT_3D('',#8524,#6978,#6979);
#6467=AXIS2_PLACEMENT_3D('',#8531,#6980,#6981);
#6468=AXIS2_PLACEMENT_3D('',#8537,#6982,#6983);
#6469=AXIS2_PLACEMENT_3D('',#8539,#6984,#6985);
#6470=AXIS2_PLACEMENT_3D('',#8541,#6986,#6987);
#6471=AXIS2_PLACEMENT_3D('',#8548,#6988,#6989);
#6472=AXIS2_PLACEMENT_3D('',#8555,#6990,#6991);
#6473=AXIS2_PLACEMENT_3D('',#8562,#6992,#6993);
#6474=AXIS2_PLACEMENT_3D('',#8569,#6994,#6995);
#6475=AXIS2_PLACEMENT_3D('',#8570,#6996,#6997);
#6476=AXIS2_PLACEMENT_3D('',#8571,#6998,#6999);
#6477=AXIS2_PLACEMENT_3D('',#8581,#7003,#7004);
#6478=AXIS2_PLACEMENT_3D('',#8630,#7026,#7027);
#6479=AXIS2_PLACEMENT_3D('',#8634,#7029,#7030);
#6480=AXIS2_PLACEMENT_3D('',#8638,#7032,#7033);
#6481=AXIS2_PLACEMENT_3D('',#8642,#7035,#7036);
#6482=AXIS2_PLACEMENT_3D('',#8645,#7038,#7039);
#6483=AXIS2_PLACEMENT_3D('',#8647,#7040,#7041);
#6484=AXIS2_PLACEMENT_3D('',#8649,#7042,#7043);
#6485=AXIS2_PLACEMENT_3D('',#8650,#7044,#7045);
#6486=AXIS2_PLACEMENT_3D('',#8656,#7049,#7050);
#6487=AXIS2_PLACEMENT_3D('',#8662,#7054,#7055);
#6488=AXIS2_PLACEMENT_3D('',#8666,#7058,#7059);
#6489=AXIS2_PLACEMENT_3D('',#8672,#7063,#7064);
#6490=AXIS2_PLACEMENT_3D('',#8673,#7065,#7066);
#6491=AXIS2_PLACEMENT_3D('',#8713,#7067,#7068);
#6492=AXIS2_PLACEMENT_3D('',#8719,#7072,#7073);
#6493=AXIS2_PLACEMENT_3D('',#8725,#7075,#7076);
#6494=AXIS2_PLACEMENT_3D('',#8726,#7077,#7078);
#6495=AXIS2_PLACEMENT_3D('',#8759,#7079,#7080);
#6496=AXIS2_PLACEMENT_3D('',#8761,#7081,#7082);
#6497=AXIS2_PLACEMENT_3D('',#8769,#7084,#7085);
#6498=AXIS2_PLACEMENT_3D('',#8770,#7086,#7087);
#6499=AXIS2_PLACEMENT_3D('',#8772,#7088,#7089);
#6500=AXIS2_PLACEMENT_3D('',#8780,#7090,#7091);
#6501=AXIS2_PLACEMENT_3D('',#8788,#7096,#7097);
#6502=AXIS2_PLACEMENT_3D('',#8792,#7100,#7101);
#6503=AXIS2_PLACEMENT_3D('',#8798,#7103,#7104);
#6504=AXIS2_PLACEMENT_3D('',#8813,#7107,#7108);
#6505=AXIS2_PLACEMENT_3D('',#8841,#7110,#7111);
#6506=AXIS2_PLACEMENT_3D('',#8842,#7112,#7113);
#6507=AXIS2_PLACEMENT_3D('',#8843,#7114,#7115);
#6508=AXIS2_PLACEMENT_3D('',#8845,#7117,#7118);
#6509=AXIS2_PLACEMENT_3D('',#8848,#7120,#7121);
#6510=AXIS2_PLACEMENT_3D('',#8849,#7122,#7123);
#6511=AXIS2_PLACEMENT_3D('',#8852,#7125,#7126);
#6512=AXIS2_PLACEMENT_3D('',#8853,#7127,#7128);
#6513=AXIS2_PLACEMENT_3D('',#8856,#7130,#7131);
#6514=AXIS2_PLACEMENT_3D('',#8857,#7132,#7133);
#6515=AXIS2_PLACEMENT_3D('',#8860,#7135,#7136);
#6516=AXIS2_PLACEMENT_3D('',#8861,#7137,#7138);
#6517=AXIS2_PLACEMENT_3D('',#8875,#7141,#7142);
#6518=AXIS2_PLACEMENT_3D('',#8876,#7143,#7144);
#6519=AXIS2_PLACEMENT_3D('',#8879,#7146,#7147);
#6520=AXIS2_PLACEMENT_3D('',#8880,#7148,#7149);
#6521=AXIS2_PLACEMENT_3D('',#8884,#7152,#7153);
#6522=AXIS2_PLACEMENT_3D('',#8887,#7155,#7156);
#6523=AXIS2_PLACEMENT_3D('',#8888,#7157,#7158);
#6524=AXIS2_PLACEMENT_3D('',#8892,#7161,#7162);
#6525=AXIS2_PLACEMENT_3D('',#8895,#7164,#7165);
#6526=AXIS2_PLACEMENT_3D('',#8896,#7166,#7167);
#6527=AXIS2_PLACEMENT_3D('',#8900,#7170,#7171);
#6528=AXIS2_PLACEMENT_3D('',#8903,#7173,#7174);
#6529=AXIS2_PLACEMENT_3D('',#8904,#7175,#7176);
#6530=AXIS2_PLACEMENT_3D('',#8908,#7179,#7180);
#6531=AXIS2_PLACEMENT_3D('',#8909,#7181,#7182);
#6532=AXIS2_PLACEMENT_3D('',#8910,#7183,#7184);
#6533=AXIS2_PLACEMENT_3D('',#8917,#7185,#7186);
#6534=AXIS2_PLACEMENT_3D('',#8924,#7187,#7188);
#6535=AXIS2_PLACEMENT_3D('',#8931,#7189,#7190);
#6536=AXIS2_PLACEMENT_3D('',#8938,#7191,#7192);
#6537=AXIS2_PLACEMENT_3D('',#8945,#7193,#7194);
#6538=AXIS2_PLACEMENT_3D('',#8954,#7196,#7197);
#6539=AXIS2_PLACEMENT_3D('',#8961,#7198,#7199);
#6540=AXIS2_PLACEMENT_3D('',#8968,#7200,#7201);
#6541=AXIS2_PLACEMENT_3D('',#8975,#7202,#7203);
#6542=AXIS2_PLACEMENT_3D('',#8981,#7204,#7205);
#6543=AXIS2_PLACEMENT_3D('',#9009,#7206,#7207);
#6544=AXIS2_PLACEMENT_3D('',#9058,#7211,#7212);
#6545=AXIS2_PLACEMENT_3D('',#9069,#7215,#7216);
#6546=AXIS2_PLACEMENT_3D('',#9085,#7219,#7220);
#6547=AXIS2_PLACEMENT_3D('',#9086,#7221,#7222);
#6548=AXIS2_PLACEMENT_3D('',#9090,#7225,#7226);
#6549=AXIS2_PLACEMENT_3D('',#9106,#7229,#7230);
#6550=AXIS2_PLACEMENT_3D('',#9133,#7231,#7232);
#6551=AXIS2_PLACEMENT_3D('',#9164,#7234,#7235);
#6552=AXIS2_PLACEMENT_3D('',#9166,#7236,#7237);
#6553=AXIS2_PLACEMENT_3D('',#9174,#7239,#7240);
#6554=AXIS2_PLACEMENT_3D('',#9175,#7241,#7242);
#6555=AXIS2_PLACEMENT_3D('',#9177,#7243,#7244);
#6556=AXIS2_PLACEMENT_3D('',#9186,#7245,#7246);
#6557=AXIS2_PLACEMENT_3D('',#9188,#7247,#7248);
#6558=AXIS2_PLACEMENT_3D('',#9190,#7250,#7251);
#6559=AXIS2_PLACEMENT_3D('',#9198,#7254,#7255);
#6560=AXIS2_PLACEMENT_3D('',#9201,#7257,#7258);
#6561=AXIS2_PLACEMENT_3D('',#9202,#7259,#7260);
#6562=AXIS2_PLACEMENT_3D('',#9206,#7263,#7264);
#6563=AXIS2_PLACEMENT_3D('',#9209,#7266,#7267);
#6564=AXIS2_PLACEMENT_3D('',#9210,#7268,#7269);
#6565=AXIS2_PLACEMENT_3D('',#9216,#7271,#7272);
#6566=AXIS2_PLACEMENT_3D('',#9218,#7273,#7274);
#6567=AXIS2_PLACEMENT_3D('',#9222,#7276,#7277);
#6568=AXIS2_PLACEMENT_3D('',#9225,#7279,#7280);
#6569=AXIS2_PLACEMENT_3D('',#9226,#7281,#7282);
#6570=AXIS2_PLACEMENT_3D('',#9235,#7283,#7284);
#6571=AXIS2_PLACEMENT_3D('',#9236,#7285,#7286);
#6572=AXIS2_PLACEMENT_3D('',#9242,#7290,#7291);
#6573=AXIS2_PLACEMENT_3D('',#9249,#7293,#7294);
#6574=AXIS2_PLACEMENT_3D('',#9250,#7295,#7296);
#6575=AXIS2_PLACEMENT_3D('',#9259,#7298,#7299);
#6576=AXIS2_PLACEMENT_3D('',#9260,#7300,#7301);
#6577=AXIS2_PLACEMENT_3D('',#9262,#7302,#7303);
#6578=AXIS2_PLACEMENT_3D('',#9264,#7304,#7305);
#6579=AXIS2_PLACEMENT_3D('',#9272,#7306,#7307);
#6580=AXIS2_PLACEMENT_3D('',#9274,#7308,#7309);
#6581=AXIS2_PLACEMENT_3D('',#9278,#7311,#7312);
#6582=AXIS2_PLACEMENT_3D('',#9280,#7314,#7315);
#6583=AXIS2_PLACEMENT_3D('',#9282,#7316,#7317);
#6584=AXIS2_PLACEMENT_3D('',#9284,#7318,#7319);
#6585=AXIS2_PLACEMENT_3D('',#9285,#7320,#7321);
#6586=AXIS2_PLACEMENT_3D('',#9308,#7322,#7323);
#6587=AXIS2_PLACEMENT_3D('',#9314,#7325,#7326);
#6588=AXIS2_PLACEMENT_3D('',#9319,#7327,#7328);
#6589=AXIS2_PLACEMENT_3D('',#9320,#7329,#7330);
#6590=AXIS2_PLACEMENT_3D('',#9324,#7333,#7334);
#6591=AXIS2_PLACEMENT_3D('',#9329,#7338,#7339);
#6592=AXIS2_PLACEMENT_3D('',#9330,#7340,#7341);
#6593=AXIS2_PLACEMENT_3D('',#9336,#7345,#7346);
#6594=AXIS2_PLACEMENT_3D('',#9337,#7347,#7348);
#6595=AXIS2_PLACEMENT_3D('',#9338,#7349,#7350);
#6596=AXIS2_PLACEMENT_3D('',#9344,#7354,#7355);
#6597=AXIS2_PLACEMENT_3D('',#9350,#7359,#7360);
#6598=AXIS2_PLACEMENT_3D('',#9354,#7363,#7364);
#6599=AXIS2_PLACEMENT_3D('',#9360,#7368,#7369);
#6600=AXIS2_PLACEMENT_3D('',#9366,#7373,#7374);
#6601=AXIS2_PLACEMENT_3D('',#9368,#7376,#7377);
#6602=AXIS2_PLACEMENT_3D('',#9370,#7379,#7380);
#6603=AXIS2_PLACEMENT_3D('',#9372,#7382,#7383);
#6604=AXIS2_PLACEMENT_3D('',#9374,#7385,#7386);
#6605=AXIS2_PLACEMENT_3D('',#9378,#7389,#7390);
#6606=AXIS2_PLACEMENT_3D('',#9379,#7391,#7392);
#6607=AXIS2_PLACEMENT_3D('',#9380,#7393,#7394);
#6608=AXIS2_PLACEMENT_3D('',#9386,#7398,#7399);
#6609=AXIS2_PLACEMENT_3D('',#9392,#7403,#7404);
#6610=AXIS2_PLACEMENT_3D('',#9396,#7407,#7408);
#6611=AXIS2_PLACEMENT_3D('',#9400,#7411,#7412);
#6612=AXIS2_PLACEMENT_3D('',#9406,#7416,#7417);
#6613=AXIS2_PLACEMENT_3D('',#9410,#7420,#7421);
#6614=AXIS2_PLACEMENT_3D('',#9414,#7424,#7425);
#6615=AXIS2_PLACEMENT_3D('',#9418,#7428,#7429);
#6616=AXIS2_PLACEMENT_3D('',#9420,#7430,#7431);
#6617=AXIS2_PLACEMENT_3D('',#9422,#7433,#7434);
#6618=AXIS2_PLACEMENT_3D('',#9426,#7437,#7438);
#6619=AXIS2_PLACEMENT_3D('',#9427,#7439,#7440);
#6620=AXIS2_PLACEMENT_3D('',#9428,#7441,#7442);
#6621=AXIS2_PLACEMENT_3D('',#9438,#7443,#7444);
#6622=AXIS2_PLACEMENT_3D('',#9439,#7445,#7446);
#6623=AXIS2_PLACEMENT_3D('',#9440,#7447,#7448);
#6624=AXIS2_PLACEMENT_3D('',#9449,#7453,#7454);
#6625=AXIS2_PLACEMENT_3D('',#9453,#7456,#7457);
#6626=AXIS2_PLACEMENT_3D('',#9457,#7459,#7460);
#6627=AXIS2_PLACEMENT_3D('',#9461,#7462,#7463);
#6628=AXIS2_PLACEMENT_3D('',#9465,#7465,#7466);
#6629=AXIS2_PLACEMENT_3D('',#9469,#7468,#7469);
#6630=AXIS2_PLACEMENT_3D('',#9473,#7471,#7472);
#6631=AXIS2_PLACEMENT_3D('',#9476,#7474,#7475);
#6632=AXIS2_PLACEMENT_3D('',#9477,#7476,#7477);
#6633=AXIS2_PLACEMENT_3D('',#9479,#7478,#7479);
#6634=AXIS2_PLACEMENT_3D('',#9481,#7481,#7482);
#6635=AXIS2_PLACEMENT_3D('',#9485,#7485,#7486);
#6636=AXIS2_PLACEMENT_3D('',#9487,#7487,#7488);
#6637=AXIS2_PLACEMENT_3D('',#9489,#7490,#7491);
#6638=AXIS2_PLACEMENT_3D('',#9491,#7492,#7493);
#6639=AXIS2_PLACEMENT_3D('',#9495,#7495,#7496);
#6640=AXIS2_PLACEMENT_3D('',#9499,#7498,#7499);
#6641=AXIS2_PLACEMENT_3D('',#9503,#7501,#7502);
#6642=AXIS2_PLACEMENT_3D('',#9507,#7504,#7505);
#6643=AXIS2_PLACEMENT_3D('',#9511,#7507,#7508);
#6644=AXIS2_PLACEMENT_3D('',#9515,#7510,#7511);
#6645=AXIS2_PLACEMENT_3D('',#9519,#7513,#7514);
#6646=AXIS2_PLACEMENT_3D('',#9522,#7516,#7517);
#6647=AXIS2_PLACEMENT_3D('',#9526,#7520,#7521);
#6648=AXIS2_PLACEMENT_3D('',#9528,#7522,#7523);
#6649=AXIS2_PLACEMENT_3D('',#9536,#7524,#7525);
#6650=AXIS2_PLACEMENT_3D('',#9537,#7526,#7527);
#6651=AXIS2_PLACEMENT_3D('',#9543,#7531,#7532);
#6652=AXIS2_PLACEMENT_3D('',#9547,#7535,#7536);
#6653=AXIS2_PLACEMENT_3D('',#9551,#7539,#7540);
#6654=AXIS2_PLACEMENT_3D('',#9555,#7543,#7544);
#6655=AXIS2_PLACEMENT_3D('',#9557,#7546,#7547);
#6656=AXIS2_PLACEMENT_3D('',#9561,#7550,#7551);
#6657=AXIS2_PLACEMENT_3D('',#9563,#7553,#7554);
#6658=AXIS2_PLACEMENT_3D('',#9567,#7557,#7558);
#6659=AXIS2_PLACEMENT_3D('',#9571,#7561,#7562);
#6660=AXIS2_PLACEMENT_3D('',#9575,#7565,#7566);
#6661=AXIS2_PLACEMENT_3D('',#9576,#7567,#7568);
#6662=AXIS2_PLACEMENT_3D('',#9585,#7569,#7570);
#6663=AXIS2_PLACEMENT_3D('',#9586,#7571,#7572);
#6664=AXIS2_PLACEMENT_3D('',#9595,#7574,#7575);
#6665=AXIS2_PLACEMENT_3D('',#9600,#7576,#7577);
#6666=AXIS2_PLACEMENT_3D('',#9602,#7578,#7579);
#6667=AXIS2_PLACEMENT_3D('',#9605,#7581,#7582);
#6668=AXIS2_PLACEMENT_3D('',#9606,#7583,#7584);
#6669=AXIS2_PLACEMENT_3D('',#9609,#7586,#7587);
#6670=AXIS2_PLACEMENT_3D('',#9610,#7588,#7589);
#6671=AXIS2_PLACEMENT_3D('',#9611,#7590,#7591);
#6672=AXIS2_PLACEMENT_3D('',#9613,#7593,#7594);
#6673=AXIS2_PLACEMENT_3D('',#9615,#7596,#7597);
#6674=AXIS2_PLACEMENT_3D('',#9616,#7598,#7599);
#6675=AXIS2_PLACEMENT_3D('',#9628,#7600,#7601);
#6676=AXIS2_PLACEMENT_3D('',#9630,#7603,#7604);
#6677=AXIS2_PLACEMENT_3D('',#9639,#7605,#7606);
#6678=AXIS2_PLACEMENT_3D('',#9647,#7607,#7608);
#6679=AXIS2_PLACEMENT_3D('',#9656,#7610,#7611);
#6680=AXIS2_PLACEMENT_3D('',#9661,#7612,#7613);
#6681=AXIS2_PLACEMENT_3D('',#9663,#7614,#7615);
#6682=AXIS2_PLACEMENT_3D('',#9666,#7617,#7618);
#6683=AXIS2_PLACEMENT_3D('',#9667,#7619,#7620);
#6684=AXIS2_PLACEMENT_3D('',#9670,#7622,#7623);
#6685=AXIS2_PLACEMENT_3D('',#9671,#7624,#7625);
#6686=AXIS2_PLACEMENT_3D('',#9672,#7626,#7627);
#6687=AXIS2_PLACEMENT_3D('',#9674,#7629,#7630);
#6688=AXIS2_PLACEMENT_3D('',#9676,#7632,#7633);
#6689=AXIS2_PLACEMENT_3D('',#9677,#7634,#7635);
#6690=AXIS2_PLACEMENT_3D('',#9712,#7637,#7638);
#6691=AXIS2_PLACEMENT_3D('',#9714,#7639,#7640);
#6692=AXIS2_PLACEMENT_3D('',#9750,#7641,#7642);
#6693=AXIS2_PLACEMENT_3D('',#9752,#7643,#7644);
#6694=AXIS2_PLACEMENT_3D('',#9788,#7645,#7646);
#6695=AXIS2_PLACEMENT_3D('',#9789,#7647,#7648);
#6696=AXIS2_PLACEMENT_3D('',#9791,#7649,#7650);
#6697=AXIS2_PLACEMENT_3D('',#9827,#7651,#7652);
#6698=AXIS2_PLACEMENT_3D('',#9829,#7653,#7654);
#6699=AXIS2_PLACEMENT_3D('',#9857,#7655,#7656);
#6700=AXIS2_PLACEMENT_3D('',#9858,#7657,#7658);
#6701=AXIS2_PLACEMENT_3D('',#9905,#7659,#7660);
#6702=AXIS2_PLACEMENT_3D('',#9906,#7661,#7662);
#6703=AXIS2_PLACEMENT_3D('',#9930,#7663,#7664);
#6704=AXIS2_PLACEMENT_3D('',#9932,#7666,#7667);
#6705=AXIS2_PLACEMENT_3D('',#9935,#7669,#7670);
#6706=AXIS2_PLACEMENT_3D('',#9936,#7671,#7672);
#6707=AXIS2_PLACEMENT_3D('',#9942,#7676,#7677);
#6708=AXIS2_PLACEMENT_3D('',#9944,#7679,#7680);
#6709=AXIS2_PLACEMENT_3D('',#9946,#7682,#7683);
#6710=AXIS2_PLACEMENT_3D('',#9948,#7685,#7686);
#6711=AXIS2_PLACEMENT_3D('',#9951,#7688,#7689);
#6712=AXIS2_PLACEMENT_3D('',#9952,#7690,#7691);
#6713=AXIS2_PLACEMENT_3D('',#9956,#7694,#7695);
#6714=AXIS2_PLACEMENT_3D('',#9959,#7697,#7698);
#6715=AXIS2_PLACEMENT_3D('',#9960,#7699,#7700);
#6716=AXIS2_PLACEMENT_3D('',#9969,#7701,#7702);
#6717=AXIS2_PLACEMENT_3D('',#9970,#7703,#7704);
#6718=AXIS2_PLACEMENT_3D('',#9978,#7706,#7707);
#6719=AXIS2_PLACEMENT_3D('',#9979,#7708,#7709);
#6720=AXIS2_PLACEMENT_3D('',#9981,#7710,#7711);
#6721=AXIS2_PLACEMENT_3D('',#9982,#7712,#7713);
#6722=AXIS2_PLACEMENT_3D('',#9986,#7715,#7716);
#6723=AXIS2_PLACEMENT_3D('',#9988,#7717,#7718);
#6724=AXIS2_PLACEMENT_3D('',#9990,#7719,#7720);
#6725=AXIS2_PLACEMENT_3D('',#9991,#7721,#7722);
#6726=AXIS2_PLACEMENT_3D('',#9993,#7724,#7725);
#6727=AXIS2_PLACEMENT_3D('',#9997,#7728,#7729);
#6728=AXIS2_PLACEMENT_3D('',#9999,#7730,#7731);
#6729=AXIS2_PLACEMENT_3D('',#10001,#7733,#7734);
#6730=AXIS2_PLACEMENT_3D('',#10004,#7737,#7738);
#6731=AXIS2_PLACEMENT_3D('',#10006,#7739,#7740);
#6732=AXIS2_PLACEMENT_3D('',#10013,#7742,#7743);
#6733=AXIS2_PLACEMENT_3D('',#10029,#7744,#7745);
#6734=AXIS2_PLACEMENT_3D('',#10030,#7746,#7747);
#6735=AXIS2_PLACEMENT_3D('',#10038,#7749,#7750);
#6736=AXIS2_PLACEMENT_3D('',#10039,#7751,#7752);
#6737=AXIS2_PLACEMENT_3D('',#10041,#7753,#7754);
#6738=AXIS2_PLACEMENT_3D('',#10044,#7756,#7757);
#6739=AXIS2_PLACEMENT_3D('',#10046,#7758,#7759);
#6740=AXIS2_PLACEMENT_3D('',#10048,#7760,#7761);
#6741=AXIS2_PLACEMENT_3D('',#10050,#7762,#7763);
#6742=AXIS2_PLACEMENT_3D('',#10052,#7765,#7766);
#6743=AXIS2_PLACEMENT_3D('',#10053,#7767,#7768);
#6744=AXIS2_PLACEMENT_3D('',#10058,#7772,#7773);
#6745=AXIS2_PLACEMENT_3D('',#10060,#7774,#7775);
#6746=AXIS2_PLACEMENT_3D('',#10062,#7777,#7778);
#6747=AXIS2_PLACEMENT_3D('',#10064,#7780,#7781);
#6748=AXIS2_PLACEMENT_3D('',#10071,#7783,#7784);
#6749=AXIS2_PLACEMENT_3D('',#10075,#7787,#7788);
#6750=AXIS2_PLACEMENT_3D('',#10077,#7789,#7790);
#6751=AXIS2_PLACEMENT_3D('',#10135,#7792,#7793);
#6752=AXIS2_PLACEMENT_3D('',#10137,#7794,#7795);
#6753=AXIS2_PLACEMENT_3D('',#10178,#7796,#7797);
#6754=AXIS2_PLACEMENT_3D('',#10181,#7798,#7799);
#6755=AXIS2_PLACEMENT_3D('',#10183,#7800,#7801);
#6756=AXIS2_PLACEMENT_3D('',#10191,#7802,#7803);
#6757=AXIS2_PLACEMENT_3D('',#10225,#7804,#7805);
#6758=AXIS2_PLACEMENT_3D('',#10227,#7806,#7807);
#6759=AXIS2_PLACEMENT_3D('',#10260,#7808,#7809);
#6760=AXIS2_PLACEMENT_3D('',#10261,#7810,#7811);
#6761=AXIS2_PLACEMENT_3D('',#10308,#7812,#7813);
#6762=AXIS2_PLACEMENT_3D('',#10309,#7814,#7815);
#6763=AXIS2_PLACEMENT_3D('',#10333,#7816,#7817);
#6764=AXIS2_PLACEMENT_3D('',#10335,#7819,#7820);
#6765=AXIS2_PLACEMENT_3D('',#10336,#7821,#7822);
#6766=AXIS2_PLACEMENT_3D('',#10339,#7825,#7826);
#6767=AXIS2_PLACEMENT_3D('',#10340,#7827,#7828);
#6768=AXIS2_PLACEMENT_3D('',#10344,#7831,#7832);
#6769=AXIS2_PLACEMENT_3D('',#10346,#7833,#7834);
#6770=AXIS2_PLACEMENT_3D('',#10348,#7836,#7837);
#6771=AXIS2_PLACEMENT_3D('',#10352,#7840,#7841);
#6772=AXIS2_PLACEMENT_3D('',#10354,#7842,#7843);
#6773=AXIS2_PLACEMENT_3D('',#10356,#7845,#7846);
#6774=AXIS2_PLACEMENT_3D('',#10360,#7849,#7850);
#6775=AXIS2_PLACEMENT_3D('',#10362,#7851,#7852);
#6776=AXIS2_PLACEMENT_3D('',#10364,#7854,#7855);
#6777=AXIS2_PLACEMENT_3D('',#10366,#7857,#7858);
#6778=AXIS2_PLACEMENT_3D('',#10368,#7859,#7860);
#6779=AXIS2_PLACEMENT_3D('',#10370,#7862,#7863);
#6780=AXIS2_PLACEMENT_3D('',#10374,#7866,#7867);
#6781=AXIS2_PLACEMENT_3D('',#10376,#7868,#7869);
#6782=AXIS2_PLACEMENT_3D('',#10378,#7871,#7872);
#6783=AXIS2_PLACEMENT_3D('',#10382,#7875,#7876);
#6784=AXIS2_PLACEMENT_3D('',#10386,#7879,#7880);
#6785=AXIS2_PLACEMENT_3D('',#10390,#7883,#7884);
#6786=AXIS2_PLACEMENT_3D('',#10396,#7888,#7889);
#6787=AXIS2_PLACEMENT_3D('',#10711,#7925,#7926);
#6788=AXIS2_PLACEMENT_3D('',#10717,#7930,#7931);
#6789=AXIS2_PLACEMENT_3D('',#10719,#7933,#7934);
#6790=AXIS2_PLACEMENT_3D('',#10723,#7937,#7938);
#6791=AXIS2_PLACEMENT_3D('',#10740,#7947,#7948);
#6792=AXIS2_PLACEMENT_3D('',#10744,#7950,#7951);
#6793=AXIS2_PLACEMENT_3D('',#10748,#7953,#7954);
#6794=AXIS2_PLACEMENT_3D('',#10752,#7956,#7957);
#6795=AXIS2_PLACEMENT_3D('',#10755,#7959,#7960);
#6796=AXIS2_PLACEMENT_3D('',#10756,#7961,#7962);
#6797=AXIS2_PLACEMENT_3D('',#10758,#7964,#7965);
#6798=AXIS2_PLACEMENT_3D('',#10759,#7966,#7967);
#6799=AXIS2_PLACEMENT_3D('',#10760,#7968,#7969);
#6800=AXIS2_PLACEMENT_3D('',#10761,#7970,#7971);
#6801=AXIS2_PLACEMENT_3D('',#10762,#7972,#7973);
#6802=AXIS2_PLACEMENT_3D('',#10764,#7975,#7976);
#6803=AXIS2_PLACEMENT_3D('',#10765,#7977,#7978);
#6804=AXIS2_PLACEMENT_3D('',#10767,#7980,#7981);
#6805=AXIS2_PLACEMENT_3D('',#10769,#7983,#7984);
#6806=AXIS2_PLACEMENT_3D('',#10770,#7985,#7986);
#6807=AXIS2_PLACEMENT_3D('',#10771,#7987,#7988);
#6808=AXIS2_PLACEMENT_3D('',#10773,#7990,#7991);
#6809=AXIS2_PLACEMENT_3D('',#10774,#7992,#7993);
#6810=AXIS2_PLACEMENT_3D('',#10776,#7995,#7996);
#6811=AXIS2_PLACEMENT_3D('',#10778,#7998,#7999);
#6812=AXIS2_PLACEMENT_3D('',#10780,#8001,#8002);
#6813=AXIS2_PLACEMENT_3D('',#10782,#8004,#8005);
#6814=AXIS2_PLACEMENT_3D('',#10784,#8007,#8008);
#6815=AXIS2_PLACEMENT_3D('',#10786,#8010,#8011);
#6816=AXIS2_PLACEMENT_3D('',#10788,#8013,#8014);
#6817=AXIS2_PLACEMENT_3D('',#10789,#8015,#8016);
#6818=AXIS2_PLACEMENT_3D('',#10791,#8018,#8019);
#6819=AXIS2_PLACEMENT_3D('',#10793,#8021,#8022);
#6820=AXIS2_PLACEMENT_3D('',#10795,#8024,#8025);
#6821=AXIS2_PLACEMENT_3D('',#10797,#8027,#8028);
#6822=AXIS2_PLACEMENT_3D('',#10799,#8030,#8031);
#6823=AXIS2_PLACEMENT_3D('',#10801,#8033,#8034);
#6824=AXIS2_PLACEMENT_3D('',#10861,#8041,#8042);
#6825=AXIS2_PLACEMENT_3D('',#10865,#8045,#8046);
#6826=AXIS2_PLACEMENT_3D('',#10981,#8057,#8058);
#6827=AXIS2_PLACEMENT_3D('',#10985,#8061,#8062);
#6828=AXIS2_PLACEMENT_3D('',#11015,#8066,#8067);
#6829=AXIS2_PLACEMENT_3D('',#11021,#8071,#8072);
#6830=AXIS2_PLACEMENT_3D('',#11067,#8078,#8079);
#6831=AXIS2_PLACEMENT_3D('',#11071,#8082,#8083);
#6832=AXIS2_PLACEMENT_3D('',#11075,#8086,#8087);
#6833=AXIS2_PLACEMENT_3D('',#11079,#8090,#8091);
#6834=AXIS2_PLACEMENT_3D('',#11083,#8094,#8095);
#6835=AXIS2_PLACEMENT_3D('',#11115,#8100,#8101);
#6836=AXIS2_PLACEMENT_3D('',#11161,#8107,#8108);
#6837=AXIS2_PLACEMENT_3D('',#11165,#8111,#8112);
#6838=AXIS2_PLACEMENT_3D('',#11225,#8119,#8120);
#6839=AXIS2_PLACEMENT_3D('',#11229,#8123,#8124);
#6840=AXIS2_PLACEMENT_3D('',#11289,#8131,#8132);
#6841=AXIS2_PLACEMENT_3D('',#11293,#8135,#8136);
#6842=AXIS2_PLACEMENT_3D('',#11297,#8139,#8140);
#6843=AXIS2_PLACEMENT_3D('',#11301,#8143,#8144);
#6844=AXIS2_PLACEMENT_3D('',#11305,#8147,#8148);
#6845=AXIS2_PLACEMENT_3D('',#11407,#8158,#8159);
#6846=AXIS2_PLACEMENT_3D('',#11411,#8162,#8163);
#6847=AXIS2_PLACEMENT_3D('',#11415,#8166,#8167);
#6848=AXIS2_PLACEMENT_3D('',#11447,#8172,#8173);
#6849=AXIS2_PLACEMENT_3D('',#11451,#8176,#8177);
#6850=AXIS2_PLACEMENT_3D('',#11455,#8180,#8181);
#6851=AXIS2_PLACEMENT_3D('',#11471,#8184,#8185);
#6852=AXIS2_PLACEMENT_3D('',#11477,#8189,#8190);
#6853=AXIS2_PLACEMENT_3D('',#11551,#8198,#8199);
#6854=AXIS2_PLACEMENT_3D('',#11555,#8202,#8203);
#6855=AXIS2_PLACEMENT_3D('',#11615,#8210,#8211);
#6856=AXIS2_PLACEMENT_3D('',#11619,#8214,#8215);
#6857=AXIS2_PLACEMENT_3D('',#11621,#8217,#8218);
#6858=AXIS2_PLACEMENT_3D('',#11623,#8220,#8221);
#6859=AXIS2_PLACEMENT_3D('',#11624,#8222,#8223);
#6860=AXIS2_PLACEMENT_3D('',#11625,#8224,#8225);
#6861=AXIS2_PLACEMENT_3D('',#11626,#8226,#8227);
#6862=AXIS2_PLACEMENT_3D('',#11627,#8228,#8229);
#6863=AXIS2_PLACEMENT_3D('',#11628,#8230,#8231);
#6864=AXIS2_PLACEMENT_3D('',#11641,#8233,#8234);
#6865=AXIS2_PLACEMENT_3D('',#11664,#8236,#8237);
#6866=AXIS2_PLACEMENT_3D('',#11705,#8238,#8239);
#6867=AXIS2_PLACEMENT_3D('',#11706,#8240,#8241);
#6868=AXIS2_PLACEMENT_3D('',#11723,#8244,#8245);
#6869=AXIS2_PLACEMENT_3D('',#11783,#8252,#8253);
#6870=AXIS2_PLACEMENT_3D('',#11911,#8264,#8265);
#6871=AXIS2_PLACEMENT_3D('',#11912,#8266,#8267);
#6872=AXIS2_PLACEMENT_3D('',#11913,#8268,#8269);
#6873=DIRECTION('axis',(0.,0.,1.));
#6874=DIRECTION('refdir',(1.,0.,0.));
#6875=DIRECTION('center_axis',(0.499999999999999,0.5,-0.707106781186548));
#6876=DIRECTION('ref_axis',(-0.816496580927726,0.,-0.577350269189625));
#6877=DIRECTION('',(-0.816496580927726,-2.56395024851142E-15,-0.577350269189626));
#6878=DIRECTION('',(0.707106781186548,-0.707106781186547,0.));
#6879=DIRECTION('',(-3.84592537276713E-16,0.816496580927726,0.577350269189626));
#6880=DIRECTION('',(-0.707106781186548,0.707106781186547,0.));
#6881=DIRECTION('center_axis',(0.707106781186547,0.707106781186548,0.));
#6882=DIRECTION('ref_axis',(-0.707106781186548,0.707106781186547,0.));
#6883=DIRECTION('',(0.,0.,-1.));
#6884=DIRECTION('',(-0.707106781186548,0.707106781186547,0.));
#6885=DIRECTION('',(0.,0.,1.));
#6886=DIRECTION('center_axis',(-0.500000000000002,-0.5,-0.707106781186546));
#6887=DIRECTION('ref_axis',(-0.816496580927725,0.,0.577350269189628));
#6888=DIRECTION('',(0.816496580927725,-2.11525895502192E-15,-0.577350269189627));
#6889=DIRECTION('',(-0.707106781186547,0.707106781186548,0.));
#6890=DIRECTION('',(1.15377761183014E-15,-0.816496580927726,0.577350269189626));
#6891=DIRECTION('',(0.707106781186547,-0.707106781186548,0.));
#6892=DIRECTION('center_axis',(0.707106781186548,0.707106781186547,0.));
#6893=DIRECTION('ref_axis',(-0.707106781186547,0.707106781186548,0.));
#6894=DIRECTION('',(0.,0.,1.));
#6895=DIRECTION('',(-0.707106781186547,0.707106781186548,0.));
#6896=DIRECTION('',(0.,0.,-1.));
#6897=DIRECTION('center_axis',(0.,0.,-1.));
#6898=DIRECTION('ref_axis',(1.,0.,0.));
#6899=DIRECTION('center_axis',(0.,0.,-1.));
#6900=DIRECTION('ref_axis',(1.,0.,0.));
#6901=DIRECTION('',(0.707106781186548,-8.65956056235494E-17,0.707106781186547));
#6902=DIRECTION('center_axis',(0.,0.,1.));
#6903=DIRECTION('ref_axis',(1.,0.,0.));
#6904=DIRECTION('center_axis',(0.,0.,-1.));
#6905=DIRECTION('ref_axis',(-1.,0.,0.));
#6906=DIRECTION('',(0.707106781186547,0.707106781186548,0.));
#6907=DIRECTION('',(-0.707106781186547,-0.707106781186548,0.));
#6908=DIRECTION('center_axis',(0.,0.,-1.));
#6909=DIRECTION('ref_axis',(0.923879532511286,-0.38268343236509,0.));
#6910=DIRECTION('',(0.,-1.,0.));
#6911=DIRECTION('center_axis',(0.,0.,-1.));
#6912=DIRECTION('ref_axis',(0.707106781186548,0.707106781186548,0.));
#6913=DIRECTION('',(1.,0.,0.));
#6914=DIRECTION('',(0.,-1.,0.));
#6915=DIRECTION('',(-1.,0.,0.));
#6916=DIRECTION('',(0.,-1.,0.));
#6917=DIRECTION('',(1.,0.,0.));
#6918=DIRECTION('',(0.,-1.,0.));
#6919=DIRECTION('',(-1.,-1.88782862486869E-15,0.));
#6920=DIRECTION('',(1.83697019872103E-16,1.,0.));
#6921=DIRECTION('',(-0.707106781186548,0.707106781186547,0.));
#6922=DIRECTION('',(-1.,-1.00323031262709E-15,0.));
#6923=DIRECTION('',(2.15751842842136E-15,1.,0.));
#6924=DIRECTION('',(1.,4.62693250777652E-16,0.));
#6925=DIRECTION('',(0.707106781186548,0.707106781186547,0.));
#6926=DIRECTION('',(-0.707106781186547,-0.707106781186548,0.));
#6927=DIRECTION('center_axis',(0.,0.,1.));
#6928=DIRECTION('ref_axis',(1.,0.,0.));
#6929=DIRECTION('',(0.,0.,1.));
#6930=DIRECTION('center_axis',(0.,0.,1.));
#6931=DIRECTION('ref_axis',(1.,0.,0.));
#6932=DIRECTION('center_axis',(0.5,-0.5,-0.707106781186548));
#6933=DIRECTION('ref_axis',(-0.816496580927726,0.,-0.577350269189626));
#6934=DIRECTION('',(-0.707106781186547,-0.707106781186548,0.));
#6935=DIRECTION('center_axis',(0.707106781186548,-0.707106781186548,0.));
#6936=DIRECTION('ref_axis',(0.707106781186547,0.707106781186547,0.));
#6937=DIRECTION('center_axis',(0.707106781186548,-0.707106781186547,0.));
#6938=DIRECTION('ref_axis',(0.707106781186547,0.707106781186547,0.));
#6939=DIRECTION('center_axis',(-0.746213627200173,0.661250459499446,0.0768963743783368));
#6940=DIRECTION('ref_axis',(-0.364259177895124,-0.502262238190208,0.784249893469761));
#6941=DIRECTION('center_axis',(-0.707106781186548,0.707106781186547,0.));
#6942=DIRECTION('ref_axis',(0.707106781186547,0.707106781186548,0.));
#6943=DIRECTION('center_axis',(-0.707106781186548,0.707106781186547,0.));
#6944=DIRECTION('ref_axis',(0.,0.,1.));
#6945=DIRECTION('',(0.707106781186548,0.707106781186548,0.));
#6946=DIRECTION('',(-0.707106781186547,-0.707106781186548,0.));
#6947=DIRECTION('center_axis',(0.707106781186548,-0.707106781186547,0.));
#6948=DIRECTION('ref_axis',(-0.707106781186547,-0.707106781186547,0.));
#6949=DIRECTION('',(0.557207747523235,0.557207747523235,-0.615661475325657));
#6950=DIRECTION('center_axis',(0.707106781186548,-0.707106781186547,0.));
#6951=DIRECTION('ref_axis',(0.688983680194815,0.688983680194815,-0.224951054343865));
#6952=DIRECTION('',(-0.688983680194815,-0.688983680194815,0.224951054343867));
#6953=DIRECTION('center_axis',(-0.707106781186548,0.707106781186547,0.));
#6954=DIRECTION('ref_axis',(-0.688983680194815,-0.688983680194815,0.224951054343865));
#6955=DIRECTION('',(0.276288630575438,0.276288630575439,-0.92050485345244));
#6956=DIRECTION('center_axis',(0.707106781186548,-0.707106781186547,0.));
#6957=DIRECTION('ref_axis',(0.688983680194815,0.688983680194815,-0.224951054343865));
#6958=DIRECTION('',(-0.525482745498757,-0.525482745498757,0.669130606358862));
#6959=DIRECTION('center_axis',(0.707106781186548,-0.707106781186547,0.));
#6960=DIRECTION('ref_axis',(0.707106781186547,0.707106781186547,0.));
#6961=DIRECTION('',(-0.525482745498758,-0.525482745498758,-0.66913060635886));
#6962=DIRECTION('center_axis',(0.707106781186548,-0.707106781186547,0.));
#6963=DIRECTION('ref_axis',(-0.688983680194815,-0.688983680194816,-0.224951054343865));
#6964=DIRECTION('',(0.276288630575439,0.276288630575439,0.92050485345244));
#6965=DIRECTION('center_axis',(-0.707106781186548,0.707106781186547,0.));
#6966=DIRECTION('ref_axis',(0.688983680194815,0.688983680194815,0.224951054343865));
#6967=DIRECTION('',(-0.688983680194815,-0.688983680194815,-0.224951054343867));
#6968=DIRECTION('center_axis',(0.707106781186548,-0.707106781186547,0.));
#6969=DIRECTION('ref_axis',(-0.688983680194815,-0.688983680194816,-0.224951054343865));
#6970=DIRECTION('',(0.557207747523235,0.557207747523236,0.615661475325657));
#6971=DIRECTION('center_axis',(0.500000000000001,-0.500000000000001,-0.707106781186546));
#6972=DIRECTION('ref_axis',(-0.816496580927725,0.,-0.577350269189628));
#6973=DIRECTION('',(0.707106781186547,0.707106781186548,0.));
#6974=DIRECTION('center_axis',(0.707106781186548,-0.707106781186547,0.));
#6975=DIRECTION('ref_axis',(0.707106781186547,0.707106781186548,0.));
#6976=DIRECTION('center_axis',(-0.707106781186548,0.707106781186547,0.));
#6977=DIRECTION('ref_axis',(0.707106781186547,0.707106781186548,0.));
#6978=DIRECTION('center_axis',(-0.707106781186548,0.707106781186547,0.));
#6979=DIRECTION('ref_axis',(0.707106781186547,0.707106781186548,0.));
#6980=DIRECTION('center_axis',(-0.707106781186548,0.707106781186547,2.46519032881566E-32));
#6981=DIRECTION('ref_axis',(-0.707106781186547,-0.707106781186548,0.));
#6982=DIRECTION('center_axis',(-0.707106781186548,0.707106781186547,0.));
#6983=DIRECTION('ref_axis',(-0.707106781186547,-0.707106781186548,0.));
#6984=DIRECTION('center_axis',(0.5,-0.5,0.707106781186548));
#6985=DIRECTION('ref_axis',(-0.5,0.5,0.707106781186547));
#6986=DIRECTION('center_axis',(0.707106781186548,-0.707106781186547,0.));
#6987=DIRECTION('ref_axis',(-0.707106781186547,-0.707106781186548,0.));
#6988=DIRECTION('center_axis',(0.707106781186548,-0.707106781186547,0.));
#6989=DIRECTION('ref_axis',(-0.707106781186547,-0.707106781186548,0.));
#6990=DIRECTION('center_axis',(0.707106781186548,-0.707106781186547,0.));
#6991=DIRECTION('ref_axis',(0.707106781186547,0.707106781186548,0.));
#6992=DIRECTION('center_axis',(0.707106781186548,-0.707106781186547,0.));
#6993=DIRECTION('ref_axis',(0.707106781186547,0.707106781186548,0.));
#6994=DIRECTION('center_axis',(0.707106781186548,-0.707106781186547,0.));
#6995=DIRECTION('ref_axis',(0.707106781186547,0.707106781186548,0.));
#6996=DIRECTION('center_axis',(0.5,-0.5,0.707106781186548));
#6997=DIRECTION('ref_axis',(-0.5,0.5,0.707106781186547));
#6998=DIRECTION('center_axis',(-0.5,0.5,-0.707106781186548));
#6999=DIRECTION('ref_axis',(-0.816496580927726,0.,0.577350269189626));
#7000=DIRECTION('',(-0.707106781186547,-0.707106781186548,0.));
#7001=DIRECTION('',(0.500000000000002,-0.499999999999998,-0.707106781186547));
#7002=DIRECTION('',(0.707106781186547,0.707106781186548,0.));
#7003=DIRECTION('center_axis',(0.,0.,-1.));
#7004=DIRECTION('ref_axis',(-1.,0.,0.));
#7005=DIRECTION('',(-0.707106781186547,-0.707106781186548,0.));
#7006=DIRECTION('',(-0.707106781186548,0.707106781186547,0.));
#7007=DIRECTION('',(0.707106781186548,0.707106781186547,0.));
#7008=DIRECTION('',(0.,1.,0.));
#7009=DIRECTION('',(1.,2.24741502960558E-15,0.));
#7010=DIRECTION('',(-6.12323399573677E-17,-1.,0.));
#7011=DIRECTION('',(0.707106781186548,-0.707106781186547,0.));
#7012=DIRECTION('',(1.,1.12569499254182E-15,0.));
#7013=DIRECTION('',(0.707106781186548,-0.707106781186548,0.));
#7014=DIRECTION('',(-2.15751842842136E-15,-1.,0.));
#7015=DIRECTION('',(-0.707106781186546,-0.707106781186549,0.));
#7016=DIRECTION('',(-1.,0.,0.));
#7017=DIRECTION('',(-0.707106781186547,-0.707106781186548,0.));
#7018=DIRECTION('',(1.18692733249919E-15,-1.,0.));
#7019=DIRECTION('',(-0.707106781186546,-0.707106781186549,0.));
#7020=DIRECTION('',(-1.,-1.88782862486869E-15,0.));
#7021=DIRECTION('',(0.,1.,0.));
#7022=DIRECTION('',(1.,0.,0.));
#7023=DIRECTION('',(0.,1.,0.));
#7024=DIRECTION('',(-1.,0.,0.));
#7025=DIRECTION('',(1.,0.,0.));
#7026=DIRECTION('center_axis',(0.,0.,-1.));
#7027=DIRECTION('ref_axis',(-0.707106781186548,0.707106781186548,0.));
#7028=DIRECTION('',(5.44663970999449E-15,1.,0.));
#7029=DIRECTION('center_axis',(0.,0.,1.));
#7030=DIRECTION('ref_axis',(-8.24737104007253E-15,-1.,0.));
#7031=DIRECTION('',(1.,0.,0.));
#7032=DIRECTION('center_axis',(0.,0.,-1.));
#7033=DIRECTION('ref_axis',(-0.707106781186548,0.707106781186548,0.));
#7034=DIRECTION('',(2.12186671766739E-15,1.,0.));
#7035=DIRECTION('center_axis',(0.,0.,-1.));
#7036=DIRECTION('ref_axis',(-0.707106781186548,-0.707106781186548,0.));
#7037=DIRECTION('',(-1.,0.,0.));
#7038=DIRECTION('center_axis',(0.,0.,-1.));
#7039=DIRECTION('ref_axis',(0.382683432365091,-0.923879532511287,0.));
#7040=DIRECTION('center_axis',(0.,0.,-1.));
#7041=DIRECTION('ref_axis',(1.,0.,0.));
#7042=DIRECTION('center_axis',(0.,0.,-1.));
#7043=DIRECTION('ref_axis',(1.,0.,0.));
#7044=DIRECTION('center_axis',(0.499999999999999,0.499999999999999,-0.707106781186549));
#7045=DIRECTION('ref_axis',(-0.816496580927727,0.,-0.577350269189624));
#7046=DIRECTION('',(0.678598344545847,0.281084637714823,0.678598344545846));
#7047=DIRECTION('',(0.707106781186548,-0.707106781186547,0.));
#7048=DIRECTION('',(-0.281084637714817,-0.678598344545846,-0.678598344545849));
#7049=DIRECTION('center_axis',(0.707106781186547,-1.29893408435324E-16,
-0.707106781186548));
#7050=DIRECTION('ref_axis',(-0.707106781186548,0.,-0.707106781186547));
#7051=DIRECTION('',(0.577350269189626,0.577350269189627,0.577350269189625));
#7052=DIRECTION('',(0.577350269189627,-0.577350269189623,0.577350269189627));
#7053=DIRECTION('',(-1.83697019872103E-16,-1.,0.));
#7054=DIRECTION('center_axis',(-7.09390957150515E-16,0.707106781186549,
-0.707106781186546));
#7055=DIRECTION('ref_axis',(-1.,0.,1.00323031262709E-15));
#7056=DIRECTION('',(1.,1.00323031262709E-15,0.));
#7057=DIRECTION('',(0.,-0.707106781186548,-0.707106781186547));
#7058=DIRECTION('center_axis',(0.707106781186547,-1.52559591127168E-15,
-0.707106781186548));
#7059=DIRECTION('ref_axis',(-0.707106781186548,0.,-0.707106781186547));
#7060=DIRECTION('',(-0.707106781186548,0.,-0.707106781186547));
#7061=DIRECTION('',(0.707106781186548,0.,0.707106781186547));
#7062=DIRECTION('',(-2.15751842842136E-15,-1.,0.));
#7063=DIRECTION('center_axis',(0.,0.,1.));
#7064=DIRECTION('ref_axis',(0.707106781186539,0.707106781186556,0.));
#7065=DIRECTION('center_axis',(0.,0.,-1.));
#7066=DIRECTION('ref_axis',(0.707106781186539,0.707106781186556,0.));
#7067=DIRECTION('center_axis',(3.27173535234125E-16,-0.707106781186547,
-0.707106781186548));
#7068=DIRECTION('ref_axis',(-1.,0.,-4.62693250777651E-16));
#7069=DIRECTION('',(0.,-0.707106781186546,0.707106781186549));
#7070=DIRECTION('',(-1.,-4.62693250777652E-16,0.));
#7071=DIRECTION('',(-0.281084637714821,0.678598344545845,-0.678598344545849));
#7072=DIRECTION('center_axis',(0.5,-0.5,-0.707106781186548));
#7073=DIRECTION('ref_axis',(-0.816496580927726,0.,-0.577350269189626));
#7074=DIRECTION('',(-0.707106781186548,-0.707106781186547,0.));
#7075=DIRECTION('center_axis',(0.,0.,1.));
#7076=DIRECTION('ref_axis',(0.70710678118655,-0.707106781186545,0.));
#7077=DIRECTION('center_axis',(0.,0.,-1.));
#7078=DIRECTION('ref_axis',(0.70710678118655,-0.707106781186545,0.));
#7079=DIRECTION('center_axis',(0.707106781186548,-0.707106781186547,0.));
#7080=DIRECTION('ref_axis',(0.707106781186547,0.707106781186548,0.));
#7081=DIRECTION('center_axis',(-0.707106781186547,0.707106781186548,0.));
#7082=DIRECTION('ref_axis',(-0.707106781186547,-0.707106781186548,0.));
#7083=DIRECTION('',(0.707106781186548,-0.707106781186547,0.));
#7084=DIRECTION('center_axis',(0.707106781186548,-0.707106781186547,0.));
#7085=DIRECTION('ref_axis',(-0.707106781186547,-0.707106781186548,0.));
#7086=DIRECTION('center_axis',(0.707106781186547,-0.707106781186548,0.));
#7087=DIRECTION('ref_axis',(-0.707106781186548,-0.707106781186547,0.));
#7088=DIRECTION('center_axis',(0.707106781186547,-0.707106781186548,0.));
#7089=DIRECTION('ref_axis',(-0.707106781186548,-0.707106781186547,0.));
#7090=DIRECTION('center_axis',(-0.707106781186547,0.707106781186548,0.));
#7091=DIRECTION('ref_axis',(-0.707106781186548,-0.707106781186547,0.));
#7092=DIRECTION('',(0.,0.,-1.));
#7093=DIRECTION('',(0.707106781186548,0.707106781186547,0.));
#7094=DIRECTION('',(0.,0.,1.));
#7095=DIRECTION('',(-0.707106781186548,-0.707106781186547,0.));
#7096=DIRECTION('center_axis',(-4.62693250777652E-16,1.,0.));
#7097=DIRECTION('ref_axis',(-1.,-4.62693250777652E-16,0.));
#7098=DIRECTION('',(0.,0.,-1.));
#7099=DIRECTION('',(1.,4.62693250777652E-16,0.));
#7100=DIRECTION('center_axis',(-0.5,0.5,-0.707106781186548));
#7101=DIRECTION('ref_axis',(-0.816496580927726,0.,0.577350269189626));
#7102=DIRECTION('',(0.707106781186547,0.707106781186548,0.));
#7103=DIRECTION('center_axis',(-0.5,0.5,-0.707106781186548));
#7104=DIRECTION('ref_axis',(-0.816496580927726,0.,0.577350269189626));
#7105=DIRECTION('',(-0.00737831407195966,-0.81892638529345,-0.573851144419579));
#7106=DIRECTION('',(0.707106781186547,0.707106781186548,0.));
#7107=DIRECTION('center_axis',(0.495475020051964,0.495475020051964,-0.713448673002489));
#7108=DIRECTION('ref_axis',(-0.821356722546084,0.,-0.570414879126023));
#7109=DIRECTION('',(-0.81892638529345,-0.0073783140719596,-0.573851144419579));
#7110=DIRECTION('center_axis',(-0.707106781186548,0.707106781186547,0.));
#7111=DIRECTION('ref_axis',(-0.707106781186547,-0.707106781186547,0.));
#7112=DIRECTION('center_axis',(-0.707106781186548,0.707106781186547,0.));
#7113=DIRECTION('ref_axis',(-0.707106781186547,-0.707106781186547,0.));
#7114=DIRECTION('center_axis',(0.707106781186548,-0.707106781186547,0.));
#7115=DIRECTION('ref_axis',(0.,0.,-1.));
#7116=DIRECTION('',(0.707106781186546,0.707106781186548,0.));
#7117=DIRECTION('center_axis',(0.,0.,-1.));
#7118=DIRECTION('ref_axis',(1.,0.,0.));
#7119=DIRECTION('',(0.707106781186548,-8.65956056235494E-17,0.707106781186547));
#7120=DIRECTION('center_axis',(0.,0.,1.));
#7121=DIRECTION('ref_axis',(1.,0.,0.));
#7122=DIRECTION('center_axis',(0.,0.,1.));
#7123=DIRECTION('ref_axis',(1.,0.,0.));
#7124=DIRECTION('',(0.,0.,1.));
#7125=DIRECTION('center_axis',(0.,0.,1.));
#7126=DIRECTION('ref_axis',(1.,0.,0.));
#7127=DIRECTION('center_axis',(0.,0.,-1.));
#7128=DIRECTION('ref_axis',(1.,0.,0.));
#7129=DIRECTION('',(0.707106781186548,-8.65956056235494E-17,0.707106781186547));
#7130=DIRECTION('center_axis',(0.,0.,1.));
#7131=DIRECTION('ref_axis',(1.,0.,0.));
#7132=DIRECTION('center_axis',(0.,0.,1.));
#7133=DIRECTION('ref_axis',(1.,0.,0.));
#7134=DIRECTION('',(0.,0.,1.));
#7135=DIRECTION('center_axis',(0.,0.,1.));
#7136=DIRECTION('ref_axis',(1.,0.,0.));
#7137=DIRECTION('center_axis',(0.,-0.707106781186547,-0.707106781186548));
#7138=DIRECTION('ref_axis',(-1.,0.,0.));
#7139=DIRECTION('',(-1.,0.,0.));
#7140=DIRECTION('',(0.,0.707106781186548,-0.707106781186547));
#7141=DIRECTION('center_axis',(0.,0.707106781186547,0.707106781186548));
#7142=DIRECTION('ref_axis',(0.,-0.707106781186548,0.707106781186547));
#7143=DIRECTION('center_axis',(0.,0.,-1.));
#7144=DIRECTION('ref_axis',(-0.707106781186547,0.707106781186547,0.));
#7145=DIRECTION('',(-0.707106781186548,0.,-0.707106781186547));
#7146=DIRECTION('center_axis',(0.,0.,1.));
#7147=DIRECTION('ref_axis',(-0.707106781186548,0.707106781186548,0.));
#7148=DIRECTION('center_axis',(0.707106781186549,-3.85135587361705E-15,
-0.707106781186546));
#7149=DIRECTION('ref_axis',(-0.707106781186546,0.,-0.707106781186549));
#7150=DIRECTION('',(-0.707106781186546,3.92523114670945E-15,-0.707106781186549));
#7151=DIRECTION('',(-5.44663970999449E-15,-1.,0.));
#7152=DIRECTION('center_axis',(0.,0.,1.));
#7153=DIRECTION('ref_axis',(-8.24737104007253E-15,-1.,0.));
#7154=DIRECTION('',(3.9252311467093E-15,0.707106781186571,-0.707106781186524));
#7155=DIRECTION('center_axis',(0.,0.,-1.));
#7156=DIRECTION('ref_axis',(-8.24737104007253E-15,-1.,0.));
#7157=DIRECTION('center_axis',(0.,-0.707106781186547,-0.707106781186548));
#7158=DIRECTION('ref_axis',(-1.,0.,0.));
#7159=DIRECTION('',(0.,0.707106781186548,-0.707106781186547));
#7160=DIRECTION('',(-1.,0.,0.));
#7161=DIRECTION('center_axis',(0.,0.,-1.));
#7162=DIRECTION('ref_axis',(-0.707106781186547,0.707106781186547,0.));
#7163=DIRECTION('',(-0.707106781186548,0.,-0.707106781186547));
#7164=DIRECTION('center_axis',(0.,0.,1.));
#7165=DIRECTION('ref_axis',(-0.707106781186548,0.707106781186548,0.));
#7166=DIRECTION('center_axis',(0.707106781186547,-1.50038634483666E-15,
-0.707106781186548));
#7167=DIRECTION('ref_axis',(-0.707106781186548,0.,-0.707106781186547));
#7168=DIRECTION('',(-0.707106781186548,0.,-0.707106781186547));
#7169=DIRECTION('',(-2.12186671766739E-15,-1.,0.));
#7170=DIRECTION('center_axis',(0.,0.,-1.));
#7171=DIRECTION('ref_axis',(-0.707106781186547,-0.707106781186547,0.));
#7172=DIRECTION('',(0.,-0.707106781186548,-0.707106781186547));
#7173=DIRECTION('center_axis',(0.,0.,1.));
#7174=DIRECTION('ref_axis',(-0.707106781186548,-0.707106781186548,0.));
#7175=DIRECTION('center_axis',(0.,0.707106781186547,-0.707106781186548));
#7176=DIRECTION('ref_axis',(-1.,0.,0.));
#7177=DIRECTION('',(0.,-0.707106781186548,-0.707106781186547));
#7178=DIRECTION('',(1.,0.,0.));
#7179=DIRECTION('center_axis',(0.,0.,-1.));
#7180=DIRECTION('ref_axis',(0.38268343236509,-0.923879532511286,0.));
#7181=DIRECTION('center_axis',(0.,0.,1.));
#7182=DIRECTION('ref_axis',(0.38268343236509,-0.923879532511287,0.));
#7183=DIRECTION('center_axis',(0.,1.,0.));
#7184=DIRECTION('ref_axis',(-1.,0.,0.));
#7185=DIRECTION('center_axis',(0.,-1.,0.));
#7186=DIRECTION('ref_axis',(-1.,0.,0.));
#7187=DIRECTION('center_axis',(0.,-1.,0.));
#7188=DIRECTION('ref_axis',(-1.,0.,0.));
#7189=DIRECTION('center_axis',(0.,-1.,0.));
#7190=DIRECTION('ref_axis',(-1.,0.,0.));
#7191=DIRECTION('center_axis',(0.,-1.,0.));
#7192=DIRECTION('ref_axis',(1.,0.,0.));
#7193=DIRECTION('center_axis',(0.,-1.,0.));
#7194=DIRECTION('ref_axis',(1.,0.,0.));
#7195=DIRECTION('',(0.,1.,0.));
#7196=DIRECTION('center_axis',(0.,1.,0.));
#7197=DIRECTION('ref_axis',(1.,0.,0.));
#7198=DIRECTION('center_axis',(0.,1.,0.));
#7199=DIRECTION('ref_axis',(1.,0.,0.));
#7200=DIRECTION('center_axis',(0.,1.,0.));
#7201=DIRECTION('ref_axis',(-1.,0.,0.));
#7202=DIRECTION('center_axis',(0.,1.,0.));
#7203=DIRECTION('ref_axis',(-1.,0.,0.));
#7204=DIRECTION('center_axis',(0.,1.,0.));
#7205=DIRECTION('ref_axis',(-1.,0.,0.));
#7206=DIRECTION('center_axis',(-1.33489642236272E-15,0.707106781186547,
-0.707106781186548));
#7207=DIRECTION('ref_axis',(-1.,0.,1.88782862486869E-15));
#7208=DIRECTION('',(-0.58428565624759,0.573851144419579,0.57385114441958));
#7209=DIRECTION('',(1.,1.88782862486869E-15,0.));
#7210=DIRECTION('',(0.577350269189628,-0.577350269189624,-0.577350269189625));
#7211=DIRECTION('center_axis',(-0.70070749317457,0.,-0.713448673002487));
#7212=DIRECTION('ref_axis',(-0.713448673002487,0.,0.70070749317457));
#7213=DIRECTION('',(0.58428565624759,0.57385114441958,-0.57385114441958));
#7214=DIRECTION('',(0.,1.,0.));
#7215=DIRECTION('center_axis',(0.,-0.707106781186547,-0.707106781186548));
#7216=DIRECTION('ref_axis',(-1.,0.,0.));
#7217=DIRECTION('',(-1.,0.,0.));
#7218=DIRECTION('',(-0.583364496799087,-0.574319538181643,0.57431953818164));
#7219=DIRECTION('center_axis',(0.,-0.707106781186547,-0.707106781186548));
#7220=DIRECTION('ref_axis',(0.,-0.707106781186548,0.707106781186547));
#7221=DIRECTION('center_axis',(-0.701560760020115,0.,-0.71260964068696));
#7222=DIRECTION('ref_axis',(-0.71260964068696,0.,0.701560760020115));
#7223=DIRECTION('',(0.,1.,0.));
#7224=DIRECTION('',(-0.583364496799087,0.574319538181643,0.57431953818164));
#7225=DIRECTION('center_axis',(0.,0.707106781186547,-0.707106781186548));
#7226=DIRECTION('ref_axis',(-1.,0.,0.));
#7227=DIRECTION('',(-0.58428565624759,0.57385114441958,0.57385114441958));
#7228=DIRECTION('',(1.,0.,0.));
#7229=DIRECTION('center_axis',(0.,0.707106781186547,-0.707106781186548));
#7230=DIRECTION('ref_axis',(0.,0.707106781186548,0.707106781186547));
#7231=DIRECTION('center_axis',(-0.70070749317457,0.,-0.713448673002487));
#7232=DIRECTION('ref_axis',(-0.713448673002487,0.,0.70070749317457));
#7233=DIRECTION('',(0.58428565624759,0.57385114441958,-0.57385114441958));
#7234=DIRECTION('center_axis',(0.,-1.,0.));
#7235=DIRECTION('ref_axis',(1.,0.,0.));
#7236=DIRECTION('center_axis',(0.,1.,0.));
#7237=DIRECTION('ref_axis',(-1.,0.,0.));
#7238=DIRECTION('',(0.,-1.,0.));
#7239=DIRECTION('center_axis',(1.88782862486869E-15,-1.,0.));
#7240=DIRECTION('ref_axis',(-1.,0.,0.));
#7241=DIRECTION('center_axis',(0.,-1.,0.));
#7242=DIRECTION('ref_axis',(-1.,0.,0.));
#7243=DIRECTION('center_axis',(0.,-1.,0.));
#7244=DIRECTION('ref_axis',(-1.,0.,0.));
#7245=DIRECTION('center_axis',(0.,1.,0.));
#7246=DIRECTION('ref_axis',(0.,0.,1.));
#7247=DIRECTION('center_axis',(0.,-1.,0.));
#7248=DIRECTION('ref_axis',(1.,0.,0.));
#7249=DIRECTION('',(-1.,0.,0.));
#7250=DIRECTION('center_axis',(-0.5,0.5,-0.707106781186548));
#7251=DIRECTION('ref_axis',(-0.816496580927726,0.,0.577350269189626));
#7252=DIRECTION('',(0.707106781186547,0.707106781186548,0.));
#7253=DIRECTION('',(0.500000000000004,-0.499999999999992,-0.70710678118655));
#7254=DIRECTION('center_axis',(0.,0.,-1.));
#7255=DIRECTION('ref_axis',(0.923879532511287,-0.38268343236509,0.));
#7256=DIRECTION('',(0.707106781186548,3.92523114670943E-15,-0.707106781186547));
#7257=DIRECTION('center_axis',(0.,0.,1.));
#7258=DIRECTION('ref_axis',(0.923879532511287,-0.38268343236509,0.));
#7259=DIRECTION('center_axis',(-0.707106781186547,0.,-0.707106781186548));
#7260=DIRECTION('ref_axis',(-0.707106781186548,0.,0.707106781186547));
#7261=DIRECTION('',(0.707106781186548,0.,-0.707106781186547));
#7262=DIRECTION('',(0.,1.,0.));
#7263=DIRECTION('center_axis',(0.,0.,-1.));
#7264=DIRECTION('ref_axis',(0.707106781186547,0.707106781186547,0.));
#7265=DIRECTION('',(0.,0.707106781186548,-0.707106781186547));
#7266=DIRECTION('center_axis',(0.,0.,1.));
#7267=DIRECTION('ref_axis',(0.707106781186548,0.707106781186548,0.));
#7268=DIRECTION('center_axis',(0.,-0.707106781186547,-0.707106781186548));
#7269=DIRECTION('ref_axis',(-1.,0.,0.));
#7270=DIRECTION('',(-1.,0.,0.));
#7271=DIRECTION('center_axis',(0.,-1.,0.));
#7272=DIRECTION('ref_axis',(0.,0.,-1.));
#7273=DIRECTION('center_axis',(0.,1.,0.));
#7274=DIRECTION('ref_axis',(1.,0.,0.));
#7275=DIRECTION('',(-0.788010753606712,0.,-0.615661475325671));
#7276=DIRECTION('center_axis',(0.,1.,0.));
#7277=DIRECTION('ref_axis',(-0.390731128489274,0.,-0.92050485345244));
#7278=DIRECTION('',(0.974370064785236,0.,0.224951054343864));
#7279=DIRECTION('center_axis',(0.,-1.,0.));
#7280=DIRECTION('ref_axis',(1.,0.,0.));
#7281=DIRECTION('center_axis',(0.,1.,0.));
#7282=DIRECTION('ref_axis',(1.,0.,0.));
#7283=DIRECTION('center_axis',(-0.060078032032275,-0.995227399981831,0.0768963743783356));
#7284=DIRECTION('ref_axis',(-0.612723169357341,0.0975828997591496,0.784249893469735));
#7285=DIRECTION('center_axis',(0.701560760020115,0.,-0.71260964068696));
#7286=DIRECTION('ref_axis',(-0.71260964068696,0.,-0.701560760020115));
#7287=DIRECTION('',(0.,-1.,0.));
#7288=DIRECTION('',(-0.583364496799087,-0.574319538181643,-0.57431953818164));
#7289=DIRECTION('',(0.583364496799087,-0.574319538181643,0.57431953818164));
#7290=DIRECTION('center_axis',(0.,0.707106781186547,-0.707106781186548));
#7291=DIRECTION('ref_axis',(-1.,0.,0.));
#7292=DIRECTION('',(1.,0.,0.));
#7293=DIRECTION('center_axis',(0.,0.707106781186547,-0.707106781186548));
#7294=DIRECTION('ref_axis',(0.,0.707106781186548,0.707106781186547));
#7295=DIRECTION('center_axis',(0.,-0.707106781186547,-0.707106781186548));
#7296=DIRECTION('ref_axis',(-1.,0.,0.));
#7297=DIRECTION('',(0.58428565624759,-0.57385114441958,0.57385114441958));
#7298=DIRECTION('center_axis',(0.,-0.707106781186547,-0.707106781186548));
#7299=DIRECTION('ref_axis',(0.,-0.707106781186548,0.707106781186547));
#7300=DIRECTION('center_axis',(0.,1.,0.));
#7301=DIRECTION('ref_axis',(-1.,0.,0.));
#7302=DIRECTION('center_axis',(0.,1.,0.));
#7303=DIRECTION('ref_axis',(-1.,0.,0.));
#7304=DIRECTION('center_axis',(0.060078032032275,-0.995227399981831,0.0768963743783356));
#7305=DIRECTION('ref_axis',(0.612723169357347,0.0975828997591495,0.78424989346973));
#7306=DIRECTION('center_axis',(0.,-1.,0.));
#7307=DIRECTION('ref_axis',(0.,0.,-1.));
#7308=DIRECTION('center_axis',(0.,-1.,0.));
#7309=DIRECTION('ref_axis',(1.,0.,0.));
#7310=DIRECTION('',(0.974370064785236,0.,-0.224951054343864));
#7311=DIRECTION('center_axis',(0.,1.,0.));
#7312=DIRECTION('ref_axis',(0.390731128489274,0.,-0.92050485345244));
#7313=DIRECTION('',(-0.788010753606712,0.,0.615661475325671));
#7314=DIRECTION('center_axis',(0.,-1.,0.));
#7315=DIRECTION('ref_axis',(1.,0.,0.));
#7316=DIRECTION('center_axis',(0.,-1.,0.));
#7317=DIRECTION('ref_axis',(1.,0.,0.));
#7318=DIRECTION('center_axis',(0.,-1.,0.));
#7319=DIRECTION('ref_axis',(1.,0.,0.));
#7320=DIRECTION('center_axis',(0.,-1.,0.));
#7321=DIRECTION('ref_axis',(1.,0.,0.));
#7322=DIRECTION('center_axis',(0.70070749317457,0.,-0.713448673002487));
#7323=DIRECTION('ref_axis',(-0.713448673002487,0.,-0.70070749317457));
#7324=DIRECTION('',(0.58428565624759,0.573851144419581,0.573851144419579));
#7325=DIRECTION('center_axis',(-1.88782862486871E-15,1.,0.));
#7326=DIRECTION('ref_axis',(-1.,-9.52342118795364E-16,0.));
#7327=DIRECTION('center_axis',(-1.88782862486869E-15,1.,0.));
#7328=DIRECTION('ref_axis',(-1.,-1.88782862486869E-15,0.));
#7329=DIRECTION('center_axis',(-1.33489642236272E-15,0.707106781186547,
-0.707106781186548));
#7330=DIRECTION('ref_axis',(-1.,0.,1.88782862486869E-15));
#7331=DIRECTION('',(-0.281084637714818,0.678598344545851,0.678598344545843));
#7332=DIRECTION('',(1.,1.88782862486869E-15,0.));
#7333=DIRECTION('center_axis',(0.707106781186547,0.,-0.707106781186548));
#7334=DIRECTION('ref_axis',(-0.707106781186548,0.,-0.707106781186547));
#7335=DIRECTION('',(0.,-1.,0.));
#7336=DIRECTION('',(-0.707106781186548,0.,-0.707106781186547));
#7337=DIRECTION('',(0.678598344545848,-0.281084637714816,0.678598344545848));
#7338=DIRECTION('center_axis',(0.5,-0.5,-0.707106781186548));
#7339=DIRECTION('ref_axis',(-0.816496580927726,0.,-0.577350269189626));
#7340=DIRECTION('center_axis',(1.58916240757466E-15,-0.707106781186543,
-0.707106781186552));
#7341=DIRECTION('ref_axis',(-1.,0.,-2.24741502960555E-15));
#7342=DIRECTION('',(0.,0.707106781186552,-0.707106781186543));
#7343=DIRECTION('',(0.,-0.707106781186552,0.707106781186543));
#7344=DIRECTION('',(-1.,-2.24741502960558E-15,0.));
#7345=DIRECTION('center_axis',(0.,0.,1.));
#7346=DIRECTION('ref_axis',(0.707106781186545,-0.70710678118655,0.));
#7347=DIRECTION('center_axis',(0.,0.,-1.));
#7348=DIRECTION('ref_axis',(0.707106781186545,-0.70710678118655,0.));
#7349=DIRECTION('center_axis',(-0.500000000000001,-0.500000000000001,-0.707106781186546));
#7350=DIRECTION('ref_axis',(-0.816496580927725,0.,0.577350269189627));
#7351=DIRECTION('',(-0.707106781186548,0.707106781186547,0.));
#7352=DIRECTION('',(0.281084637714809,0.678598344545849,-0.678598344545849));
#7353=DIRECTION('',(-0.678598344545848,-0.281084637714816,0.678598344545848));
#7354=DIRECTION('center_axis',(-0.499999999999995,-0.499999999999995,-0.707106781186555));
#7355=DIRECTION('ref_axis',(-0.816496580927731,0.,0.577350269189618));
#7356=DIRECTION('',(-0.707106781186548,0.707106781186548,0.));
#7357=DIRECTION('',(0.678598344545844,0.281084637714834,-0.678598344545844));
#7358=DIRECTION('',(-0.28108463771483,-0.678598344545845,0.678598344545845));
#7359=DIRECTION('center_axis',(-0.5,0.499999999999998,-0.707106781186549));
#7360=DIRECTION('ref_axis',(-0.816496580927727,0.,0.577350269189625));
#7361=DIRECTION('',(-0.678598344545849,0.281084637714823,0.678598344545844));
#7362=DIRECTION('',(0.707106781186546,0.707106781186549,0.));
#7363=DIRECTION('center_axis',(-0.500000000000001,0.499999999999999,-0.707106781186548));
#7364=DIRECTION('ref_axis',(-0.816496580927726,0.,0.577350269189626));
#7365=DIRECTION('',(0.707106781186546,0.707106781186549,0.));
#7366=DIRECTION('',(0.281084637714823,-0.678598344545847,-0.678598344545846));
#7367=DIRECTION('',(-0.678598344545847,0.281084637714823,0.678598344545846));
#7368=DIRECTION('center_axis',(-0.500000000000001,0.500000000000001,-0.707106781186546));
#7369=DIRECTION('ref_axis',(-0.816496580927725,0.,0.577350269189627));
#7370=DIRECTION('',(-0.281084637714816,0.678598344545848,0.678598344545848));
#7371=DIRECTION('',(0.707106781186547,0.707106781186548,0.));
#7372=DIRECTION('',(0.678598344545849,-0.281084637714809,-0.678598344545849));
#7373=DIRECTION('center_axis',(0.,0.707106781186547,-0.707106781186548));
#7374=DIRECTION('ref_axis',(-1.,0.,0.));
#7375=DIRECTION('',(1.,0.,0.));
#7376=DIRECTION('center_axis',(-0.707106781186547,-8.39284365585837E-16,
-0.707106781186548));
#7377=DIRECTION('ref_axis',(-0.707106781186548,0.,0.707106781186547));
#7378=DIRECTION('',(-1.18692733249919E-15,1.,0.));
#7379=DIRECTION('center_axis',(-0.707106781186547,1.52559591127168E-15,
-0.707106781186548));
#7380=DIRECTION('ref_axis',(-0.707106781186548,0.,0.707106781186547));
#7381=DIRECTION('',(2.15751842842136E-15,1.,0.));
#7382=DIRECTION('center_axis',(7.95986562774062E-16,-0.707106781186547,
-0.707106781186548));
#7383=DIRECTION('ref_axis',(-1.,0.,-1.12569499254182E-15));
#7384=DIRECTION('',(-1.,-1.12569499254182E-15,0.));
#7385=DIRECTION('center_axis',(-0.707106781186547,4.32978028117747E-17,
-0.707106781186548));
#7386=DIRECTION('ref_axis',(-0.707106781186548,0.,0.707106781186547));
#7387=DIRECTION('',(-0.707106781186548,0.,0.707106781186547));
#7388=DIRECTION('',(6.12323399573677E-17,1.,0.));
#7389=DIRECTION('center_axis',(0.,0.,1.));
#7390=DIRECTION('ref_axis',(-0.707106781186545,-0.70710678118655,0.));
#7391=DIRECTION('center_axis',(0.,0.,-1.));
#7392=DIRECTION('ref_axis',(-0.707106781186545,-0.70710678118655,0.));
#7393=DIRECTION('center_axis',(-1.88782862486869E-15,1.,0.));
#7394=DIRECTION('ref_axis',(-1.,-1.88782862486869E-15,0.));
#7395=DIRECTION('',(0.,0.,-1.));
#7396=DIRECTION('',(-1.,-1.88782862486869E-15,0.));
#7397=DIRECTION('',(0.,0.,1.));
#7398=DIRECTION('center_axis',(-0.707106781186549,0.707106781186546,0.));
#7399=DIRECTION('ref_axis',(0.,0.,1.));
#7400=DIRECTION('',(0.,0.,1.));
#7401=DIRECTION('',(-0.577350269189625,-0.577350269189627,-0.577350269189626));
#7402=DIRECTION('',(-0.577350269189624,-0.577350269189629,0.577350269189624));
#7403=DIRECTION('center_axis',(1.,1.18692733249919E-15,0.));
#7404=DIRECTION('ref_axis',(-1.18692733249919E-15,1.,0.));
#7405=DIRECTION('',(0.,0.,-1.));
#7406=DIRECTION('',(1.18692733249919E-15,-1.,0.));
#7407=DIRECTION('center_axis',(0.707106781186548,-0.707106781186547,0.));
#7408=DIRECTION('ref_axis',(0.707106781186547,0.707106781186548,0.));
#7409=DIRECTION('',(0.,0.,1.));
#7410=DIRECTION('',(-0.707106781186547,-0.707106781186548,0.));
#7411=DIRECTION('center_axis',(0.707106781186545,0.70710678118655,0.));
#7412=DIRECTION('ref_axis',(0.,0.,-1.));
#7413=DIRECTION('',(-0.577350269189627,0.577350269189623,-0.577350269189627));
#7414=DIRECTION('',(-0.577350269189627,0.577350269189623,0.577350269189627));
#7415=DIRECTION('',(0.,0.,-1.));
#7416=DIRECTION('center_axis',(-1.,1.83697019872103E-16,0.));
#7417=DIRECTION('ref_axis',(-1.83697019872103E-16,-1.,0.));
#7418=DIRECTION('',(1.83697019872103E-16,1.,0.));
#7419=DIRECTION('',(0.,0.,1.));
#7420=DIRECTION('center_axis',(-0.707106781186547,-0.707106781186548,0.));
#7421=DIRECTION('ref_axis',(0.707106781186548,-0.707106781186547,0.));
#7422=DIRECTION('',(-0.707106781186548,0.707106781186547,0.));
#7423=DIRECTION('',(0.,0.,-1.));
#7424=DIRECTION('center_axis',(1.00323031262709E-15,-1.,0.));
#7425=DIRECTION('ref_axis',(1.,1.00323031262709E-15,0.));
#7426=DIRECTION('',(-1.,-1.00323031262709E-15,0.));
#7427=DIRECTION('',(0.,0.,1.));
#7428=DIRECTION('center_axis',(0.,0.,1.));
#7429=DIRECTION('ref_axis',(0.70710678118654,0.707106781186555,0.));
#7430=DIRECTION('center_axis',(0.,0.,1.));
#7431=DIRECTION('ref_axis',(0.707106781186539,0.707106781186556,0.));
#7432=DIRECTION('',(0.,0.,-1.));
#7433=DIRECTION('center_axis',(1.,-2.15751842842136E-15,0.));
#7434=DIRECTION('ref_axis',(2.15751842842136E-15,1.,0.));
#7435=DIRECTION('',(2.15751842842136E-15,1.,0.));
#7436=DIRECTION('',(0.,0.,1.));
#7437=DIRECTION('center_axis',(0.,0.,-1.));
#7438=DIRECTION('ref_axis',(0.707106781186548,-0.707106781186548,0.));
#7439=DIRECTION('center_axis',(0.,0.,1.));
#7440=DIRECTION('ref_axis',(0.70710678118655,-0.707106781186545,0.));
#7441=DIRECTION('center_axis',(-0.707106781186548,0.707106781186547,0.));
#7442=DIRECTION('ref_axis',(0.707106781186547,0.707106781186548,0.));
#7443=DIRECTION('center_axis',(-0.746213627200173,0.661250459499446,0.0768963743783364));
#7444=DIRECTION('ref_axis',(-0.364259177895138,-0.502262238190222,0.784249893469745));
#7445=DIRECTION('center_axis',(-0.707106781186548,0.707106781186547,0.));
#7446=DIRECTION('ref_axis',(0.707106781186547,0.707106781186548,0.));
#7447=DIRECTION('center_axis',(0.707106781186548,-0.707106781186547,0.));
#7448=DIRECTION('ref_axis',(0.707106781186547,0.707106781186548,0.));
#7449=DIRECTION('',(0.,0.,-1.));
#7450=DIRECTION('',(-0.707106781186547,-0.707106781186548,0.));
#7451=DIRECTION('',(0.,0.,1.));
#7452=DIRECTION('',(-0.557207747523234,-0.557207747523235,-0.615661475325659));
#7453=DIRECTION('center_axis',(-0.707106781186548,0.707106781186547,0.));
#7454=DIRECTION('ref_axis',(-0.688983680194815,-0.688983680194816,-0.224951054343865));
#7455=DIRECTION('',(0.688983680194815,0.688983680194815,0.224951054343867));
#7456=DIRECTION('center_axis',(0.707106781186548,-0.707106781186547,0.));
#7457=DIRECTION('ref_axis',(0.688983680194815,0.688983680194815,0.224951054343865));
#7458=DIRECTION('',(-0.276288630575438,-0.276288630575439,-0.92050485345244));
#7459=DIRECTION('center_axis',(-0.707106781186548,0.707106781186547,0.));
#7460=DIRECTION('ref_axis',(-0.688983680194815,-0.688983680194816,-0.224951054343865));
#7461=DIRECTION('',(0.525482745498758,0.525482745498758,0.66913060635886));
#7462=DIRECTION('center_axis',(-0.707106781186548,0.707106781186547,0.));
#7463=DIRECTION('ref_axis',(0.707106781186547,0.707106781186548,0.));
#7464=DIRECTION('',(0.525482745498759,0.525482745498759,-0.669130606358858));
#7465=DIRECTION('center_axis',(-0.707106781186548,0.707106781186547,0.));
#7466=DIRECTION('ref_axis',(0.688983680194815,0.688983680194815,-0.224951054343865));
#7467=DIRECTION('',(-0.276288630575438,-0.276288630575439,0.92050485345244));
#7468=DIRECTION('center_axis',(0.707106781186548,-0.707106781186547,0.));
#7469=DIRECTION('ref_axis',(-0.688983680194815,-0.688983680194815,0.224951054343865));
#7470=DIRECTION('',(0.688983680194815,0.688983680194815,-0.224951054343867));
#7471=DIRECTION('center_axis',(-0.707106781186548,0.707106781186547,0.));
#7472=DIRECTION('ref_axis',(0.688983680194815,0.688983680194815,-0.224951054343865));
#7473=DIRECTION('',(-0.557207747523234,-0.557207747523234,0.61566147532566));
#7474=DIRECTION('center_axis',(-0.707106781186548,0.707106781186547,0.));
#7475=DIRECTION('ref_axis',(-0.707106781186547,-0.707106781186548,0.));
#7476=DIRECTION('center_axis',(0.,0.,1.));
#7477=DIRECTION('ref_axis',(0.923879532511287,-0.38268343236509,0.));
#7478=DIRECTION('center_axis',(0.,0.,-1.));
#7479=DIRECTION('ref_axis',(0.923879532511287,-0.38268343236509,0.));
#7480=DIRECTION('',(0.,0.,-1.));
#7481=DIRECTION('center_axis',(1.,0.,0.));
#7482=DIRECTION('ref_axis',(0.,1.,0.));
#7483=DIRECTION('',(0.,-1.,0.));
#7484=DIRECTION('',(0.,0.,1.));
#7485=DIRECTION('center_axis',(0.,0.,1.));
#7486=DIRECTION('ref_axis',(0.707106781186548,0.707106781186548,0.));
#7487=DIRECTION('center_axis',(0.,0.,-1.));
#7488=DIRECTION('ref_axis',(0.707106781186548,0.707106781186548,0.));
#7489=DIRECTION('',(0.,0.,-1.));
#7490=DIRECTION('center_axis',(0.,1.,0.));
#7491=DIRECTION('ref_axis',(-1.,0.,0.));
#7492=DIRECTION('center_axis',(0.,-1.,0.));
#7493=DIRECTION('ref_axis',(-1.,0.,0.));
#7494=DIRECTION('',(0.788010753606712,0.,-0.615661475325671));
#7495=DIRECTION('center_axis',(0.,-1.,0.));
#7496=DIRECTION('ref_axis',(0.390731128489274,0.,-0.92050485345244));
#7497=DIRECTION('',(-0.974370064785236,0.,0.224951054343864));
#7498=DIRECTION('center_axis',(0.,1.,0.));
#7499=DIRECTION('ref_axis',(-0.390731128489275,0.,0.92050485345244));
#7500=DIRECTION('',(0.390731128489276,0.,-0.920504853452439));
#7501=DIRECTION('center_axis',(0.,-1.,0.));
#7502=DIRECTION('ref_axis',(0.390731128489274,0.,-0.92050485345244));
#7503=DIRECTION('',(-0.743144825477381,0.,0.669130606358873));
#7504=DIRECTION('center_axis',(0.,-1.,0.));
#7505=DIRECTION('ref_axis',(-1.,0.,0.));
#7506=DIRECTION('',(-0.743144825477381,0.,-0.669130606358873));
#7507=DIRECTION('center_axis',(0.,-1.,0.));
#7508=DIRECTION('ref_axis',(-0.390731128489274,0.,-0.92050485345244));
#7509=DIRECTION('',(0.390731128489276,0.,0.920504853452439));
#7510=DIRECTION('center_axis',(0.,1.,0.));
#7511=DIRECTION('ref_axis',(0.390731128489274,0.,0.92050485345244));
#7512=DIRECTION('',(-0.974370064785236,0.,-0.224951054343864));
#7513=DIRECTION('center_axis',(0.,-1.,0.));
#7514=DIRECTION('ref_axis',(-0.390731128489274,0.,-0.92050485345244));
#7515=DIRECTION('',(0.788010753606712,0.,0.615661475325671));
#7516=DIRECTION('center_axis',(0.,-1.,0.));
#7517=DIRECTION('ref_axis',(1.,0.,0.));
#7518=DIRECTION('',(1.,0.,0.));
#7519=DIRECTION('',(0.,0.,1.));
#7520=DIRECTION('center_axis',(0.,-1.,0.));
#7521=DIRECTION('ref_axis',(1.,0.,0.));
#7522=DIRECTION('center_axis',(-0.060078032032275,-0.995227399981831,0.0768963743783356));
#7523=DIRECTION('ref_axis',(-0.612723169357345,0.0975828997591496,0.784249893469732));
#7524=DIRECTION('center_axis',(0.,0.,1.));
#7525=DIRECTION('ref_axis',(1.,0.,0.));
#7526=DIRECTION('center_axis',(-1.33489642236272E-15,0.707106781186545,
0.70710678118655));
#7527=DIRECTION('ref_axis',(1.,0.,1.88782862486867E-15));
#7528=DIRECTION('',(-0.577350269189625,0.577350269189628,-0.577350269189625));
#7529=DIRECTION('',(1.,1.88782862486869E-15,0.));
#7530=DIRECTION('',(-0.577350269189624,-0.577350269189629,0.577350269189624));
#7531=DIRECTION('center_axis',(0.707106781186548,-1.29893408435324E-16,
0.707106781186548));
#7532=DIRECTION('ref_axis',(0.707106781186548,0.,-0.707106781186548));
#7533=DIRECTION('',(-1.83697019872103E-16,-1.,0.));
#7534=DIRECTION('',(-0.678598344545849,-0.281084637714809,0.678598344545849));
#7535=DIRECTION('center_axis',(0.500000000000003,0.500000000000003,0.707106781186543));
#7536=DIRECTION('ref_axis',(0.816496580927723,0.,-0.57735026918963));
#7537=DIRECTION('',(0.707106781186548,-0.707106781186547,0.));
#7538=DIRECTION('',(-0.281084637714796,-0.678598344545852,0.678598344545852));
#7539=DIRECTION('center_axis',(-7.09390957150515E-16,0.70710678118655,0.707106781186546));
#7540=DIRECTION('ref_axis',(1.,0.,1.00323031262709E-15));
#7541=DIRECTION('',(1.,1.00323031262709E-15,0.));
#7542=DIRECTION('',(0.,0.707106781186548,-0.707106781186548));
#7543=DIRECTION('center_axis',(0.,0.,-1.));
#7544=DIRECTION('ref_axis',(0.707106781186539,0.707106781186556,0.));
#7545=DIRECTION('',(-0.707106781186548,3.92523114670943E-15,0.707106781186548));
#7546=DIRECTION('center_axis',(0.707106781186548,-1.52559591127168E-15,
0.707106781186548));
#7547=DIRECTION('ref_axis',(0.707106781186548,0.,-0.707106781186548));
#7548=DIRECTION('',(-2.15751842842136E-15,-1.,0.));
#7549=DIRECTION('',(0.707106781186548,-3.92523114670943E-15,-0.707106781186548));
#7550=DIRECTION('center_axis',(0.,0.,-1.));
#7551=DIRECTION('ref_axis',(0.70710678118655,-0.707106781186545,0.));
#7552=DIRECTION('',(0.,0.707106781186545,0.70710678118655));
#7553=DIRECTION('center_axis',(3.27173535234125E-16,-0.707106781186548,
0.707106781186548));
#7554=DIRECTION('ref_axis',(1.,0.,-4.62693250777652E-16));
#7555=DIRECTION('',(-1.,-4.62693250777652E-16,0.));
#7556=DIRECTION('',(0.281084637714819,-0.678598344545849,-0.678598344545845));
#7557=DIRECTION('center_axis',(0.5,-0.5,0.707106781186547));
#7558=DIRECTION('ref_axis',(0.816496580927726,0.,-0.577350269189626));
#7559=DIRECTION('',(-0.707106781186548,-0.707106781186547,0.));
#7560=DIRECTION('',(-0.67859834454585,0.281084637714816,0.678598344545846));
#7561=DIRECTION('center_axis',(-1.,0.,0.));
#7562=DIRECTION('ref_axis',(0.,-1.,0.));
#7563=DIRECTION('',(0.,1.,0.));
#7564=DIRECTION('',(0.,0.,1.));
#7565=DIRECTION('center_axis',(0.,0.,1.));
#7566=DIRECTION('ref_axis',(1.,0.,0.));
#7567=DIRECTION('center_axis',(0.707106781186548,-0.707106781186547,0.));
#7568=DIRECTION('ref_axis',(-0.707106781186547,-0.707106781186547,0.));
#7569=DIRECTION('center_axis',(-0.661250459499446,0.746213627200173,0.0768963743783367));
#7570=DIRECTION('ref_axis',(0.50226223819023,0.364259177895146,0.784249893469736));
#7571=DIRECTION('center_axis',(0.661250459499446,-0.746213627200173,-0.0768963743783367));
#7572=DIRECTION('ref_axis',(0.557207747523235,0.557207747523235,-0.615661475325657));
#7573=DIRECTION('',(0.557207747523235,0.557207747523235,-0.615661475325658));
#7574=DIRECTION('center_axis',(-0.661250459499446,0.746213627200173,0.0768963743783367));
#7575=DIRECTION('ref_axis',(0.502262238190225,0.364259177895142,0.784249893469741));
#7576=DIRECTION('center_axis',(0.707106781186548,-0.707106781186547,0.));
#7577=DIRECTION('ref_axis',(0.688983680194815,0.688983680194815,-0.224951054343865));
#7578=DIRECTION('center_axis',(-0.661250459499446,0.746213627200173,0.0768963743783364));
#7579=DIRECTION('ref_axis',(0.502262238190227,0.364259177895144,0.784249893469739));
#7580=DIRECTION('',(0.707106781186548,-0.707106781186547,0.));
#7581=DIRECTION('center_axis',(0.707106781186548,-0.707106781186547,-2.46519032881566E-32));
#7582=DIRECTION('ref_axis',(-0.688983680194815,-0.688983680194815,0.224951054343865));
#7583=DIRECTION('center_axis',(-0.749903079057123,0.657561007642495,-0.0725182270110909));
#7584=DIRECTION('ref_axis',(0.401887118733274,0.539890179028358,0.739598092469819));
#7585=DIRECTION('',(0.707106781186548,-0.707106781186547,0.));
#7586=DIRECTION('center_axis',(-0.749903079057123,0.657561007642495,-0.0725182270110911));
#7587=DIRECTION('ref_axis',(0.401887118733273,0.539890179028356,0.739598092469821));
#7588=DIRECTION('center_axis',(0.707106781186548,-0.707106781186547,0.));
#7589=DIRECTION('ref_axis',(0.688983680194815,0.688983680194815,-0.224951054343865));
#7590=DIRECTION('center_axis',(-0.159064415961612,-0.159064415961612,-0.974370064785235));
#7591=DIRECTION('ref_axis',(0.688983680194815,0.688983680194815,-0.224951054343867));
#7592=DIRECTION('',(0.707106781186548,-0.707106781186547,0.));
#7593=DIRECTION('center_axis',(0.707106781186548,-0.707106781186547,0.));
#7594=DIRECTION('ref_axis',(-0.688983680194815,-0.688983680194815,0.224951054343865));
#7595=DIRECTION('',(0.707106781186548,-0.707106781186547,0.));
#7596=DIRECTION('center_axis',(0.650895223991349,0.65089522399135,0.390731128489275));
#7597=DIRECTION('ref_axis',(-0.276288630575438,-0.276288630575439,0.92050485345244));
#7598=DIRECTION('center_axis',(0.749903079057123,-0.657561007642495,0.0725182270110909));
#7599=DIRECTION('ref_axis',(-0.525482745498758,-0.525482745498758,0.669130606358859));
#7600=DIRECTION('center_axis',(-0.749903079057123,0.657561007642495,-0.0725182270110909));
#7601=DIRECTION('ref_axis',(-0.401887118733291,-0.539890179028375,-0.739598092469798));
#7602=DIRECTION('',(-0.525482745498758,-0.525482745498759,0.669130606358859));
#7603=DIRECTION('center_axis',(0.707106781186548,-0.707106781186548,0.));
#7604=DIRECTION('ref_axis',(0.707106781186547,0.707106781186547,0.));
#7605=DIRECTION('center_axis',(-0.657561007642496,0.749903079057123,-0.0725182270110909));
#7606=DIRECTION('ref_axis',(0.539890179028351,0.401887118733268,-0.739598092469827));
#7607=DIRECTION('center_axis',(-0.657561007642496,0.749903079057123,-0.0725182270110909));
#7608=DIRECTION('ref_axis',(0.525482745498758,0.525482745498758,0.669130606358859));
#7609=DIRECTION('',(0.525482745498758,0.525482745498758,0.669130606358859));
#7610=DIRECTION('center_axis',(-0.657561007642496,0.749903079057123,-0.0725182270110909));
#7611=DIRECTION('ref_axis',(-0.539890179028356,-0.401887118733273,0.739598092469821));
#7612=DIRECTION('center_axis',(-0.707106781186548,0.707106781186547,0.));
#7613=DIRECTION('ref_axis',(-0.688983680194815,-0.688983680194816,-0.224951054343865));
#7614=DIRECTION('center_axis',(-0.657561007642496,0.749903079057123,-0.0725182270110911));
#7615=DIRECTION('ref_axis',(-0.539890179028353,-0.40188711873327,0.739598092469825));
#7616=DIRECTION('',(0.707106781186548,-0.707106781186547,0.));
#7617=DIRECTION('center_axis',(-0.707106781186548,0.707106781186547,0.));
#7618=DIRECTION('ref_axis',(0.688983680194815,0.688983680194816,0.224951054343865));
#7619=DIRECTION('center_axis',(-0.746213627200173,0.661250459499446,0.0768963743783368));
#7620=DIRECTION('ref_axis',(-0.364259177895139,-0.502262238190223,0.784249893469744));
#7621=DIRECTION('',(0.707106781186548,-0.707106781186547,0.));
#7622=DIRECTION('center_axis',(-0.746213627200173,0.661250459499446,0.0768963743783364));
#7623=DIRECTION('ref_axis',(-0.364259177895139,-0.502262238190223,0.784249893469744));
#7624=DIRECTION('center_axis',(0.707106781186548,-0.707106781186547,0.));
#7625=DIRECTION('ref_axis',(-0.688983680194815,-0.688983680194816,-0.224951054343865));
#7626=DIRECTION('center_axis',(0.650895223991349,0.65089522399135,-0.390731128489275));
#7627=DIRECTION('ref_axis',(0.276288630575438,0.276288630575439,0.92050485345244));
#7628=DIRECTION('',(0.707106781186548,-0.707106781186547,0.));
#7629=DIRECTION('center_axis',(-0.707106781186548,0.707106781186547,0.));
#7630=DIRECTION('ref_axis',(0.688983680194815,0.688983680194815,0.224951054343865));
#7631=DIRECTION('',(0.707106781186548,-0.707106781186547,0.));
#7632=DIRECTION('center_axis',(-0.159064415961612,-0.159064415961612,0.974370064785235));
#7633=DIRECTION('ref_axis',(-0.688983680194815,-0.688983680194815,-0.224951054343867));
#7634=DIRECTION('center_axis',(-0.746213627200173,0.661250459499446,0.0768963743783368));
#7635=DIRECTION('ref_axis',(-0.557207747523235,-0.557207747523236,-0.615661475325657));
#7636=DIRECTION('',(-0.557207747523235,-0.557207747523235,-0.615661475325657));
#7637=DIRECTION('center_axis',(-0.707106781186548,0.707106781186547,0.));
#7638=DIRECTION('ref_axis',(-0.707106781186547,-0.707106781186548,0.));
#7639=DIRECTION('center_axis',(-0.661250459499446,0.746213627200173,0.0768963743783364));
#7640=DIRECTION('ref_axis',(0.502262238190211,0.364259177895128,0.784249893469757));
#7641=DIRECTION('center_axis',(-0.707106781186548,0.707106781186548,0.));
#7642=DIRECTION('ref_axis',(-0.707106781186547,-0.707106781186548,0.));
#7643=DIRECTION('center_axis',(-0.707106781186548,0.707106781186547,0.));
#7644=DIRECTION('ref_axis',(-0.707106781186547,-0.707106781186548,0.));
#7645=DIRECTION('center_axis',(-0.707106781186548,0.707106781186547,0.));
#7646=DIRECTION('ref_axis',(0.707106781186547,0.707106781186548,0.));
#7647=DIRECTION('center_axis',(-0.749903079057123,0.657561007642495,-0.0725182270110911));
#7648=DIRECTION('ref_axis',(-0.401887118733278,-0.539890179028361,-0.739598092469814));
#7649=DIRECTION('center_axis',(-0.657561007642496,0.749903079057123,-0.0725182270110911));
#7650=DIRECTION('ref_axis',(0.539890179028355,0.401887118733271,-0.739598092469823));
#7651=DIRECTION('center_axis',(-0.707106781186548,0.707106781186547,0.));
#7652=DIRECTION('ref_axis',(0.707106781186547,0.707106781186548,0.));
#7653=DIRECTION('center_axis',(-0.707106781186548,0.707106781186547,0.));
#7654=DIRECTION('ref_axis',(0.707106781186547,0.707106781186548,0.));
#7655=DIRECTION('center_axis',(0.707106781186548,-0.707106781186548,0.));
#7656=DIRECTION('ref_axis',(0.707106781186547,0.707106781186548,0.));
#7657=DIRECTION('center_axis',(0.707106781186548,-0.707106781186547,0.));
#7658=DIRECTION('ref_axis',(0.707106781186547,0.707106781186547,0.));
#7659=DIRECTION('center_axis',(0.707106781186548,-0.707106781186547,-2.46519032881566E-32));
#7660=DIRECTION('ref_axis',(-0.707106781186547,-0.707106781186548,-1.22183529604215E-48));
#7661=DIRECTION('center_axis',(0.707106781186548,-0.707106781186547,-2.46519032881566E-32));
#7662=DIRECTION('ref_axis',(-0.707106781186547,-0.707106781186548,-2.42204518861452E-48));
#7663=DIRECTION('center_axis',(-0.746213627200173,0.661250459499446,0.0768963743783364));
#7664=DIRECTION('ref_axis',(-0.557207747523235,-0.557207747523236,-0.615661475325657));
#7665=DIRECTION('',(-0.557207747523235,-0.557207747523236,-0.615661475325657));
#7666=DIRECTION('center_axis',(0.,0.,1.));
#7667=DIRECTION('ref_axis',(0.38268343236509,-0.923879532511287,0.));
#7668=DIRECTION('',(0.,0.,1.));
#7669=DIRECTION('center_axis',(0.,0.,-1.));
#7670=DIRECTION('ref_axis',(0.38268343236509,-0.923879532511287,0.));
#7671=DIRECTION('center_axis',(-0.500000000000001,0.5,0.707106781186547));
#7672=DIRECTION('ref_axis',(0.816496580927725,0.,0.577350269189627));
#7673=DIRECTION('',(0.499999999999999,-0.499999999999999,0.707106781186549));
#7674=DIRECTION('',(0.707106781186547,0.707106781186548,0.));
#7675=DIRECTION('',(-0.500000000000003,0.499999999999995,-0.707106781186549));
#7676=DIRECTION('center_axis',(-0.657561007642496,0.749903079057123,-0.0725182270110911));
#7677=DIRECTION('ref_axis',(0.525482745498758,0.525482745498759,0.669130606358859));
#7678=DIRECTION('',(0.525482745498758,0.525482745498759,0.669130606358859));
#7679=DIRECTION('center_axis',(0.749903079057123,-0.657561007642495,0.0725182270110911));
#7680=DIRECTION('ref_axis',(-0.525482745498758,-0.525482745498758,0.669130606358859));
#7681=DIRECTION('',(-0.525482745498758,-0.525482745498758,0.669130606358859));
#7682=DIRECTION('center_axis',(0.661250459499446,-0.746213627200173,-0.0768963743783364));
#7683=DIRECTION('ref_axis',(0.557207747523235,0.557207747523235,-0.615661475325658));
#7684=DIRECTION('',(0.557207747523235,0.557207747523235,-0.615661475325657));
#7685=DIRECTION('center_axis',(0.,0.,1.));
#7686=DIRECTION('ref_axis',(0.923879532511287,-0.38268343236509,0.));
#7687=DIRECTION('',(0.707106781186548,0.,0.707106781186548));
#7688=DIRECTION('center_axis',(0.,0.,1.));
#7689=DIRECTION('ref_axis',(0.923879532511287,-0.38268343236509,0.));
#7690=DIRECTION('center_axis',(-0.707106781186548,0.,0.707106781186548));
#7691=DIRECTION('ref_axis',(0.707106781186548,0.,0.707106781186548));
#7692=DIRECTION('',(0.,1.,0.));
#7693=DIRECTION('',(0.707106781186548,0.,0.707106781186548));
#7694=DIRECTION('center_axis',(0.,0.,1.));
#7695=DIRECTION('ref_axis',(0.707106781186547,0.707106781186547,0.));
#7696=DIRECTION('',(0.,0.707106781186548,0.707106781186548));
#7697=DIRECTION('center_axis',(0.,0.,1.));
#7698=DIRECTION('ref_axis',(0.707106781186548,0.707106781186548,0.));
#7699=DIRECTION('center_axis',(0.,-1.,0.));
#7700=DIRECTION('ref_axis',(-1.,0.,0.));
#7701=DIRECTION('center_axis',(0.060078032032275,-0.995227399981831,0.0768963743783356));
#7702=DIRECTION('ref_axis',(0.612723169357335,0.0975828997591492,0.78424989346974));
#7703=DIRECTION('center_axis',(-0.060078032032275,0.995227399981831,-0.0768963743783356));
#7704=DIRECTION('ref_axis',(-0.788010753606712,0.,0.61566147532567));
#7705=DIRECTION('',(-0.788010753606712,0.,0.615661475325671));
#7706=DIRECTION('center_axis',(0.060078032032275,-0.995227399981831,0.0768963743783356));
#7707=DIRECTION('ref_axis',(-0.612723169357348,-0.0975828997591495,-0.78424989346973));
#7708=DIRECTION('center_axis',(0.,1.,0.));
#7709=DIRECTION('ref_axis',(0.390731128489274,0.,-0.92050485345244));
#7710=DIRECTION('center_axis',(0.,1.,0.));
#7711=DIRECTION('ref_axis',(0.390731128489274,0.,-0.92050485345244));
#7712=DIRECTION('center_axis',(-0.0652957048860968,-0.995227399981831,-0.0725182270110898));
#7713=DIRECTION('ref_axis',(-0.66593711361481,0.0975828997591494,-0.739598092469804));
#7714=DIRECTION('',(0.,1.,0.));
#7715=DIRECTION('center_axis',(0.,1.,0.));
#7716=DIRECTION('ref_axis',(0.390731128489274,0.,-0.92050485345244));
#7717=DIRECTION('center_axis',(-0.0652957048860968,-0.995227399981831,-0.0725182270110898));
#7718=DIRECTION('ref_axis',(-0.66593711361481,0.0975828997591494,-0.739598092469804));
#7719=DIRECTION('center_axis',(0.,1.,0.));
#7720=DIRECTION('ref_axis',(-0.390731128489274,0.,0.92050485345244));
#7721=DIRECTION('center_axis',(0.060078032032275,-0.995227399981831,0.0768963743783356));
#7722=DIRECTION('ref_axis',(-0.612723169357348,-0.0975828997591495,-0.78424989346973));
#7723=DIRECTION('',(0.,1.,0.));
#7724=DIRECTION('center_axis',(-0.224951054343864,0.,-0.974370064785236));
#7725=DIRECTION('ref_axis',(-0.974370064785236,0.,0.224951054343864));
#7726=DIRECTION('',(-0.974370064785236,0.,0.224951054343864));
#7727=DIRECTION('',(0.,1.,0.));
#7728=DIRECTION('center_axis',(0.,1.,0.));
#7729=DIRECTION('ref_axis',(-0.390731128489275,0.,0.92050485345244));
#7730=DIRECTION('center_axis',(0.,1.,0.));
#7731=DIRECTION('ref_axis',(-0.390731128489275,0.,0.92050485345244));
#7732=DIRECTION('',(0.,1.,0.));
#7733=DIRECTION('center_axis',(0.92050485345244,0.,0.390731128489276));
#7734=DIRECTION('ref_axis',(0.390731128489276,0.,-0.920504853452439));
#7735=DIRECTION('',(0.390731128489276,0.,-0.920504853452439));
#7736=DIRECTION('',(-0.390731128489276,0.,0.920504853452439));
#7737=DIRECTION('center_axis',(0.0652957048860968,0.995227399981831,0.0725182270110898));
#7738=DIRECTION('ref_axis',(0.743144825477381,5.55111512312578E-17,-0.669130606358873));
#7739=DIRECTION('center_axis',(-0.0652957048860968,-0.995227399981831,-0.0725182270110898));
#7740=DIRECTION('ref_axis',(-0.665937113614814,0.0975828997591493,-0.7395980924698));
#7741=DIRECTION('',(0.743144825477381,0.,-0.669130606358873));
#7742=DIRECTION('center_axis',(0.,-1.,0.));
#7743=DIRECTION('ref_axis',(-1.,0.,0.));
#7744=DIRECTION('center_axis',(0.0652957048860968,-0.995227399981831,-0.0725182270110898));
#7745=DIRECTION('ref_axis',(0.665937113614799,0.0975828997591493,-0.739598092469813));
#7746=DIRECTION('center_axis',(0.0652957048860968,-0.995227399981831,-0.0725182270110898));
#7747=DIRECTION('ref_axis',(-0.743144825477381,0.,-0.669130606358873));
#7748=DIRECTION('',(-0.743144825477381,0.,-0.669130606358873));
#7749=DIRECTION('center_axis',(0.0652957048860968,-0.995227399981831,-0.0725182270110898));
#7750=DIRECTION('ref_axis',(0.66593711361481,0.0975828997591495,-0.739598092469803));
#7751=DIRECTION('center_axis',(0.,-1.,0.));
#7752=DIRECTION('ref_axis',(-0.390731128489274,0.,-0.92050485345244));
#7753=DIRECTION('center_axis',(-0.060078032032275,-0.995227399981831,0.0768963743783356));
#7754=DIRECTION('ref_axis',(0.612723169357343,-0.0975828997591494,-0.784249893469733));
#7755=DIRECTION('',(0.,1.,0.));
#7756=DIRECTION('center_axis',(-0.060078032032275,-0.995227399981831,0.0768963743783356));
#7757=DIRECTION('ref_axis',(0.612723169357343,-0.0975828997591494,-0.784249893469733));
#7758=DIRECTION('center_axis',(0.,-1.,0.));
#7759=DIRECTION('ref_axis',(0.390731128489274,0.,0.92050485345244));
#7760=DIRECTION('center_axis',(0.0652957048860968,-0.995227399981831,-0.0725182270110898));
#7761=DIRECTION('ref_axis',(0.66593711361481,0.0975828997591495,-0.739598092469803));
#7762=DIRECTION('center_axis',(0.,1.,0.));
#7763=DIRECTION('ref_axis',(-0.390731128489274,0.,-0.92050485345244));
#7764=DIRECTION('',(0.,1.,0.));
#7765=DIRECTION('center_axis',(0.,1.,0.));
#7766=DIRECTION('ref_axis',(-0.390731128489274,0.,-0.92050485345244));
#7767=DIRECTION('center_axis',(0.92050485345244,0.,-0.390731128489276));
#7768=DIRECTION('ref_axis',(-0.390731128489276,0.,-0.920504853452439));
#7769=DIRECTION('',(-0.390731128489276,0.,-0.920504853452439));
#7770=DIRECTION('',(0.,1.,0.));
#7771=DIRECTION('',(-0.390731128489276,0.,-0.920504853452439));
#7772=DIRECTION('center_axis',(0.,-1.,0.));
#7773=DIRECTION('ref_axis',(0.390731128489274,0.,0.92050485345244));
#7774=DIRECTION('center_axis',(0.,-1.,0.));
#7775=DIRECTION('ref_axis',(0.390731128489274,0.,0.92050485345244));
#7776=DIRECTION('',(0.,1.,0.));
#7777=DIRECTION('center_axis',(-0.224951054343864,0.,0.974370064785235));
#7778=DIRECTION('ref_axis',(0.974370064785236,0.,0.224951054343864));
#7779=DIRECTION('',(0.974370064785236,0.,0.224951054343864));
#7780=DIRECTION('center_axis',(-0.060078032032275,-0.995227399981831,0.0768963743783356));
#7781=DIRECTION('ref_axis',(0.788010753606712,0.,0.615661475325671));
#7782=DIRECTION('',(0.788010753606712,0.,0.615661475325671));
#7783=DIRECTION('center_axis',(0.,-0.707106781186548,0.707106781186548));
#7784=DIRECTION('ref_axis',(1.,0.,0.));
#7785=DIRECTION('',(-1.,0.,0.));
#7786=DIRECTION('',(0.,0.707106781186548,0.707106781186548));
#7787=DIRECTION('center_axis',(0.,0.,-1.));
#7788=DIRECTION('ref_axis',(-0.707106781186548,0.707106781186548,0.));
#7789=DIRECTION('center_axis',(0.,0.,-1.));
#7790=DIRECTION('ref_axis',(-0.707106781186548,0.707106781186548,0.));
#7791=DIRECTION('',(0.,0.,-1.));
#7792=DIRECTION('center_axis',(0.,1.,0.));
#7793=DIRECTION('ref_axis',(-1.,0.,0.));
#7794=DIRECTION('center_axis',(0.,1.,0.));
#7795=DIRECTION('ref_axis',(-1.,0.,0.));
#7796=DIRECTION('center_axis',(0.,1.,0.));
#7797=DIRECTION('ref_axis',(-1.,0.,0.));
#7798=DIRECTION('center_axis',(0.,1.,0.));
#7799=DIRECTION('ref_axis',(-1.,0.,0.));
#7800=DIRECTION('center_axis',(0.0652957048860968,-0.995227399981831,-0.0725182270110898));
#7801=DIRECTION('ref_axis',(0.665937113614798,0.0975828997591492,-0.739598092469814));
#7802=DIRECTION('center_axis',(-0.0652957048860968,-0.995227399981831,-0.0725182270110898));
#7803=DIRECTION('ref_axis',(-0.665937113614829,0.0975828997591495,-0.739598092469786));
#7804=DIRECTION('center_axis',(0.,1.,0.));
#7805=DIRECTION('ref_axis',(1.,0.,0.));
#7806=DIRECTION('center_axis',(0.,1.,0.));
#7807=DIRECTION('ref_axis',(1.,0.,0.));
#7808=DIRECTION('center_axis',(0.,-1.,0.));
#7809=DIRECTION('ref_axis',(1.,0.,0.));
#7810=DIRECTION('center_axis',(0.,-1.,0.));
#7811=DIRECTION('ref_axis',(1.,0.,0.));
#7812=DIRECTION('center_axis',(0.,-1.,0.));
#7813=DIRECTION('ref_axis',(-1.,0.,0.));
#7814=DIRECTION('center_axis',(0.,-1.,0.));
#7815=DIRECTION('ref_axis',(-1.,0.,0.));
#7816=DIRECTION('center_axis',(-0.060078032032275,-0.995227399981831,0.0768963743783356));
#7817=DIRECTION('ref_axis',(0.788010753606712,0.,0.615661475325671));
#7818=DIRECTION('',(0.788010753606712,0.,0.615661475325671));
#7819=DIRECTION('center_axis',(0.,1.,0.));
#7820=DIRECTION('ref_axis',(0.,0.,1.));
#7821=DIRECTION('center_axis',(0.,-1.,0.));
#7822=DIRECTION('ref_axis',(0.,0.,-1.));
#7823=DIRECTION('',(0.743144825477381,0.,-0.669130606358873));
#7824=DIRECTION('',(0.743144825477381,0.,0.669130606358873));
#7825=DIRECTION('center_axis',(0.,-1.,0.));
#7826=DIRECTION('ref_axis',(-1.22464679914735E-16,0.,1.));
#7827=DIRECTION('center_axis',(-1.,5.44663970999449E-15,0.));
#7828=DIRECTION('ref_axis',(-5.44663970999449E-15,-1.,0.));
#7829=DIRECTION('',(5.44663970999449E-15,1.,0.));
#7830=DIRECTION('',(0.,0.,1.));
#7831=DIRECTION('center_axis',(0.,0.,1.));
#7832=DIRECTION('ref_axis',(8.24737104007253E-15,1.,0.));
#7833=DIRECTION('center_axis',(0.,0.,1.));
#7834=DIRECTION('ref_axis',(-8.24737104007253E-15,-1.,0.));
#7835=DIRECTION('',(0.,0.,1.));
#7836=DIRECTION('center_axis',(0.,1.,0.));
#7837=DIRECTION('ref_axis',(-1.,0.,0.));
#7838=DIRECTION('',(1.,0.,0.));
#7839=DIRECTION('',(0.,0.,1.));
#7840=DIRECTION('center_axis',(0.,0.,1.));
#7841=DIRECTION('ref_axis',(-0.707106781186548,0.707106781186548,0.));
#7842=DIRECTION('center_axis',(0.,0.,-1.));
#7843=DIRECTION('ref_axis',(-0.707106781186548,0.707106781186548,0.));
#7844=DIRECTION('',(0.,0.,-1.));
#7845=DIRECTION('center_axis',(-1.,2.12186671766739E-15,0.));
#7846=DIRECTION('ref_axis',(-2.12186671766739E-15,-1.,0.));
#7847=DIRECTION('',(2.12186671766739E-15,1.,0.));
#7848=DIRECTION('',(0.,0.,1.));
#7849=DIRECTION('center_axis',(0.,0.,1.));
#7850=DIRECTION('ref_axis',(-0.707106781186548,-0.707106781186548,0.));
#7851=DIRECTION('center_axis',(0.,0.,-1.));
#7852=DIRECTION('ref_axis',(-0.707106781186548,-0.707106781186548,0.));
#7853=DIRECTION('',(0.,0.,-1.));
#7854=DIRECTION('center_axis',(0.,-1.,0.));
#7855=DIRECTION('ref_axis',(1.,0.,0.));
#7856=DIRECTION('',(-1.,0.,0.));
#7857=DIRECTION('center_axis',(0.,0.,1.));
#7858=DIRECTION('ref_axis',(0.707106781186548,-0.707106781186548,0.));
#7859=DIRECTION('center_axis',(0.,0.,1.));
#7860=DIRECTION('ref_axis',(0.707106781186545,-0.70710678118655,0.));
#7861=DIRECTION('',(0.,0.,-1.));
#7862=DIRECTION('center_axis',(2.24741502960558E-15,-1.,0.));
#7863=DIRECTION('ref_axis',(1.,2.24741502960558E-15,0.));
#7864=DIRECTION('',(1.,2.24741502960558E-15,0.));
#7865=DIRECTION('',(0.,0.,1.));
#7866=DIRECTION('center_axis',(0.,0.,-1.));
#7867=DIRECTION('ref_axis',(-0.707106781186548,-0.707106781186548,0.));
#7868=DIRECTION('center_axis',(0.,0.,1.));
#7869=DIRECTION('ref_axis',(-0.707106781186545,-0.70710678118655,0.));
#7870=DIRECTION('',(0.,0.,-1.));
#7871=DIRECTION('center_axis',(1.,-6.12323399573677E-17,0.));
#7872=DIRECTION('ref_axis',(6.12323399573677E-17,1.,0.));
#7873=DIRECTION('',(-6.12323399573677E-17,-1.,0.));
#7874=DIRECTION('',(0.,0.,1.));
#7875=DIRECTION('center_axis',(0.707106781186547,0.707106781186548,0.));
#7876=DIRECTION('ref_axis',(-0.707106781186548,0.707106781186547,0.));
#7877=DIRECTION('',(0.707106781186548,-0.707106781186547,0.));
#7878=DIRECTION('',(0.,0.,-1.));
#7879=DIRECTION('center_axis',(-1.12569499254182E-15,1.,0.));
#7880=DIRECTION('ref_axis',(-1.,-1.12569499254182E-15,0.));
#7881=DIRECTION('',(1.,1.12569499254182E-15,0.));
#7882=DIRECTION('',(0.,0.,1.));
#7883=DIRECTION('center_axis',(-0.707106781186548,-0.707106781186548,0.));
#7884=DIRECTION('ref_axis',(0.,0.,1.));
#7885=DIRECTION('',(0.577350269189626,-0.577350269189626,-0.577350269189626));
#7886=DIRECTION('',(-0.577350269189626,0.577350269189624,-0.577350269189626));
#7887=DIRECTION('',(0.,0.,-1.));
#7888=DIRECTION('center_axis',(-1.,2.15751842842136E-15,0.));
#7889=DIRECTION('ref_axis',(-2.15751842842136E-15,-1.,0.));
#7890=DIRECTION('',(-2.15751842842136E-15,-1.,0.));
#7891=DIRECTION('',(0.,0.,1.));
#7892=DIRECTION('',(2.87252975537516E-30,1.33140450507159E-15,-1.));
#7893=DIRECTION('',(2.15751842842136E-15,1.,0.));
#7894=DIRECTION('',(-2.15751842842136E-15,-1.,0.));
#7895=DIRECTION('',(0.,0.,-1.));
#7896=DIRECTION('',(2.15751842842136E-15,1.,0.));
#7897=DIRECTION('',(-4.57984679002331E-31,-2.1227382022291E-16,1.));
#7898=DIRECTION('',(3.20380784552466E-31,1.48495039640003E-16,-1.));
#7899=DIRECTION('',(2.15751842842136E-15,1.,0.));
#7900=DIRECTION('',(-2.26778664898039E-31,-1.05110881979336E-16,1.));
#7901=DIRECTION('',(-2.15751842842136E-15,-1.,0.));
#7902=DIRECTION('',(1.0249074612625E-30,4.7503995690661E-16,-1.));
#7903=DIRECTION('',(-1.7420044308587E-31,-8.07411147877572E-17,-1.));
#7904=DIRECTION('',(0.,0.,-1.));
#7905=DIRECTION('',(2.15751842842136E-15,1.,0.));
#7906=DIRECTION('',(-2.15751842842136E-15,-1.,0.));
#7907=DIRECTION('',(0.,0.,-1.));
#7908=DIRECTION('',(0.,0.,-1.));
#7909=DIRECTION('',(2.15751842842136E-15,1.,0.));
#7910=DIRECTION('',(0.,0.,1.));
#7911=DIRECTION('',(-2.15751842842136E-15,-1.,0.));
#7912=DIRECTION('',(0.,0.,-1.));
#7913=DIRECTION('',(-5.35865322385977E-31,-2.48371144981629E-16,1.));
#7914=DIRECTION('',(-2.15751842842136E-15,-1.,0.));
#7915=DIRECTION('',(5.48392044207986E-31,2.54177223695485E-16,-1.));
#7916=DIRECTION('',(-5.48392044207986E-31,-2.54177223695485E-16,1.));
#7917=DIRECTION('',(-2.15751842842136E-15,-1.,0.));
#7918=DIRECTION('',(5.36546218602477E-31,2.48686737287832E-16,-1.));
#7919=DIRECTION('',(2.15751842842136E-15,1.,0.));
#7920=DIRECTION('',(0.,0.,1.));
#7921=DIRECTION('',(2.15751842842136E-15,1.,0.));
#7922=DIRECTION('',(0.,0.,1.));
#7923=DIRECTION('',(-2.15751842842136E-15,-1.,0.));
#7924=DIRECTION('',(0.,0.,-1.));
#7925=DIRECTION('center_axis',(-0.707106781186549,0.707106781186546,0.));
#7926=DIRECTION('ref_axis',(0.,0.,1.));
#7927=DIRECTION('',(-0.577350269189624,-0.577350269189626,-0.577350269189628));
#7928=DIRECTION('',(-0.577350269189624,-0.577350269189627,0.577350269189627));
#7929=DIRECTION('',(0.,0.,-1.));
#7930=DIRECTION('center_axis',(0.,-1.,0.));
#7931=DIRECTION('ref_axis',(1.,0.,0.));
#7932=DIRECTION('',(-1.,0.,0.));
#7933=DIRECTION('center_axis',(-0.707106781186548,-8.39284365585837E-16,
0.707106781186548));
#7934=DIRECTION('ref_axis',(0.707106781186548,0.,0.707106781186548));
#7935=DIRECTION('',(-1.18692733249919E-15,1.,0.));
#7936=DIRECTION('',(-0.678598344545848,0.281084637714816,-0.678598344545848));
#7937=DIRECTION('center_axis',(0.,0.,1.));
#7938=DIRECTION('ref_axis',(1.,0.,0.));
#7939=DIRECTION('',(0.707106781186547,0.707106781186548,0.));
#7940=DIRECTION('',(1.,0.,0.));
#7941=DIRECTION('',(2.15751842842136E-15,1.,0.));
#7942=DIRECTION('',(-1.,-1.12569499254182E-15,0.));
#7943=DIRECTION('',(-0.707106781186548,0.707106781186547,0.));
#7944=DIRECTION('',(6.12323399573677E-17,1.,0.));
#7945=DIRECTION('',(-1.,-2.24741502960558E-15,0.));
#7946=DIRECTION('',(0.,-1.,0.));
#7947=DIRECTION('center_axis',(0.,0.,1.));
#7948=DIRECTION('ref_axis',(0.38268343236509,-0.923879532511286,0.));
#7949=DIRECTION('',(1.,0.,0.));
#7950=DIRECTION('center_axis',(0.,0.,1.));
#7951=DIRECTION('ref_axis',(-0.707106781186548,-0.707106781186548,0.));
#7952=DIRECTION('',(-2.12186671766739E-15,-1.,0.));
#7953=DIRECTION('center_axis',(0.,0.,1.));
#7954=DIRECTION('ref_axis',(-0.707106781186548,0.707106781186548,0.));
#7955=DIRECTION('',(-1.,0.,0.));
#7956=DIRECTION('center_axis',(0.,0.,-1.));
#7957=DIRECTION('ref_axis',(-8.24737104007253E-15,-1.,0.));
#7958=DIRECTION('',(-5.44663970999449E-15,-1.,0.));
#7959=DIRECTION('center_axis',(0.,0.,1.));
#7960=DIRECTION('ref_axis',(-0.707106781186548,0.707106781186548,0.));
#7961=DIRECTION('center_axis',(0.707106781186548,0.,0.707106781186548));
#7962=DIRECTION('ref_axis',(0.707106781186548,0.,-0.707106781186548));
#7963=DIRECTION('',(0.707106781186548,0.,-0.707106781186548));
#7964=DIRECTION('center_axis',(-0.707106781186548,0.707106781186547,2.46519032881566E-32));
#7965=DIRECTION('ref_axis',(-8.65956056235493E-17,-8.65956056235494E-17,
-1.));
#7966=DIRECTION('center_axis',(-0.707106781186548,0.707106781186547,0.));
#7967=DIRECTION('ref_axis',(-8.65956056235493E-17,-8.65956056235494E-17,
-1.));
#7968=DIRECTION('center_axis',(0.707106781186548,-0.707106781186547,0.));
#7969=DIRECTION('ref_axis',(0.,0.,-1.));
#7970=DIRECTION('center_axis',(0.707106781186548,-0.707106781186547,0.));
#7971=DIRECTION('ref_axis',(0.,0.,-1.));
#7972=DIRECTION('center_axis',(0.,0.,1.));
#7973=DIRECTION('ref_axis',(0.38268343236509,-0.923879532511287,0.));
#7974=DIRECTION('',(0.,-0.707106781186548,0.707106781186548));
#7975=DIRECTION('center_axis',(0.,-1.,0.));
#7976=DIRECTION('ref_axis',(-1.22464679914735E-16,0.,1.));
#7977=DIRECTION('center_axis',(0.0652957048860968,0.995227399981831,0.0725182270110898));
#7978=DIRECTION('ref_axis',(0.743144825477381,5.55111512312578E-17,-0.669130606358873));
#7979=DIRECTION('',(0.743144825477381,0.,-0.669130606358873));
#7980=DIRECTION('center_axis',(0.,-1.,0.));
#7981=DIRECTION('ref_axis',(-1.22464679914735E-16,0.,1.));
#7982=DIRECTION('',(-0.788010753606712,0.,0.615661475325671));
#7983=DIRECTION('center_axis',(-0.060078032032275,0.995227399981831,-0.0768963743783356));
#7984=DIRECTION('ref_axis',(-0.788010753606712,0.,0.61566147532567));
#7985=DIRECTION('center_axis',(0.,1.,0.));
#7986=DIRECTION('ref_axis',(0.,0.,1.));
#7987=DIRECTION('center_axis',(0.,1.,0.));
#7988=DIRECTION('ref_axis',(0.,0.,1.));
#7989=DIRECTION('',(-0.743144825477381,0.,-0.669130606358873));
#7990=DIRECTION('center_axis',(0.0652957048860968,-0.995227399981831,-0.0725182270110898));
#7991=DIRECTION('ref_axis',(-0.743144825477381,0.,-0.669130606358873));
#7992=DIRECTION('center_axis',(0.,0.,1.));
#7993=DIRECTION('ref_axis',(-0.707106781186547,0.707106781186547,0.));
#7994=DIRECTION('',(-0.707106781186545,0.,0.70710678118655));
#7995=DIRECTION('center_axis',(0.70710678118655,-3.85135587361705E-15,0.707106781186546));
#7996=DIRECTION('ref_axis',(0.707106781186545,0.,-0.707106781186549));
#7997=DIRECTION('',(-0.70710678118652,3.92523114670959E-15,0.707106781186575));
#7998=DIRECTION('center_axis',(0.,0.,-1.));
#7999=DIRECTION('ref_axis',(-8.24737104007253E-15,-1.,0.));
#8000=DIRECTION('',(0.,0.707106781186548,0.707106781186548));
#8001=DIRECTION('center_axis',(0.,-0.707106781186548,0.707106781186548));
#8002=DIRECTION('ref_axis',(1.,0.,0.));
#8003=DIRECTION('',(0.,0.707106781186548,0.707106781186548));
#8004=DIRECTION('center_axis',(0.,0.,1.));
#8005=DIRECTION('ref_axis',(-0.707106781186547,0.707106781186547,0.));
#8006=DIRECTION('',(-0.707106781186544,0.,0.707106781186551));
#8007=DIRECTION('center_axis',(0.707106781186551,-1.50038634483666E-15,
0.707106781186544));
#8008=DIRECTION('ref_axis',(0.707106781186544,0.,-0.707106781186551));
#8009=DIRECTION('',(-0.707106781186548,0.,0.707106781186548));
#8010=DIRECTION('center_axis',(0.,0.,1.));
#8011=DIRECTION('ref_axis',(-0.707106781186547,-0.707106781186547,0.));
#8012=DIRECTION('',(0.,-0.707106781186548,0.707106781186548));
#8013=DIRECTION('center_axis',(0.,0.707106781186548,0.707106781186548));
#8014=DIRECTION('ref_axis',(1.,0.,0.));
#8015=DIRECTION('center_axis',(0.,0.,-1.));
#8016=DIRECTION('ref_axis',(0.707106781186545,-0.70710678118655,0.));
#8017=DIRECTION('',(0.,0.707106781186551,0.707106781186544));
#8018=DIRECTION('center_axis',(1.58916240757466E-15,-0.707106781186544,
0.707106781186551));
#8019=DIRECTION('ref_axis',(1.,0.,-2.24741502960556E-15));
#8020=DIRECTION('',(0.,-0.707106781186551,-0.707106781186544));
#8021=DIRECTION('center_axis',(0.,0.,-1.));
#8022=DIRECTION('ref_axis',(-0.707106781186545,-0.70710678118655,0.));
#8023=DIRECTION('',(0.707106781186548,0.,0.707106781186548));
#8024=DIRECTION('center_axis',(-0.707106781186548,4.32978028117747E-17,
0.707106781186548));
#8025=DIRECTION('ref_axis',(0.707106781186548,0.,0.707106781186548));
#8026=DIRECTION('',(0.678598344545848,0.281084637714816,0.678598344545848));
#8027=DIRECTION('center_axis',(-0.500000000000001,-0.500000000000001,0.707106781186546));
#8028=DIRECTION('ref_axis',(0.816496580927725,0.,0.577350269189627));
#8029=DIRECTION('',(0.281084637714809,0.678598344545849,0.678598344545849));
#8030=DIRECTION('center_axis',(7.95986562774062E-16,-0.707106781186548,
0.707106781186548));
#8031=DIRECTION('ref_axis',(1.,0.,-1.12569499254182E-15));
#8032=DIRECTION('',(-0.577350269189626,-0.577350269189626,-0.577350269189625));
#8033=DIRECTION('center_axis',(-0.707106781186548,1.52559591127168E-15,
0.707106781186548));
#8034=DIRECTION('ref_axis',(0.707106781186548,0.,0.707106781186548));
#8035=DIRECTION('',(0.577350269189625,-0.577350269189626,0.577350269189626));
#8036=DIRECTION('',(-1.,2.15751842842136E-15,0.));
#8037=DIRECTION('',(-1.,2.15751842842136E-15,0.));
#8038=DIRECTION('',(-1.,2.15751842842136E-15,0.));
#8039=DIRECTION('',(-1.,2.15751842842136E-15,0.));
#8040=DIRECTION('',(-1.,2.15751842842136E-15,0.));
#8041=DIRECTION('center_axis',(2.15751842842136E-15,1.,1.33140450507159E-15));
#8042=DIRECTION('ref_axis',(0.,-1.33140450507159E-15,1.));
#8043=DIRECTION('',(2.87252975537516E-30,1.33140450507159E-15,-1.));
#8044=DIRECTION('',(-1.,2.15751842842136E-15,0.));
#8045=DIRECTION('center_axis',(0.,0.,1.));
#8046=DIRECTION('ref_axis',(1.,0.,0.));
#8047=DIRECTION('',(2.27998310833609E-15,1.,0.));
#8048=DIRECTION('',(-1.,2.15751842842136E-15,0.));
#8049=DIRECTION('',(-1.,2.15751842842136E-15,0.));
#8050=DIRECTION('',(-1.,2.15751842842136E-15,0.));
#8051=DIRECTION('',(-1.,2.15751842842136E-15,0.));
#8052=DIRECTION('',(-1.,2.15751842842136E-15,0.));
#8053=DIRECTION('',(-1.,2.15751842842136E-15,0.));
#8054=DIRECTION('',(-1.,2.15751842842136E-15,0.));
#8055=DIRECTION('',(-1.,2.15751842842136E-15,0.));
#8056=DIRECTION('',(-1.,2.15751842842136E-15,0.));
#8057=DIRECTION('center_axis',(0.,0.,-1.));
#8058=DIRECTION('ref_axis',(-1.,0.,0.));
#8059=DIRECTION('',(-2.27998310833609E-15,-1.,0.));
#8060=DIRECTION('',(-1.,2.15751842842136E-15,0.));
#8061=DIRECTION('center_axis',(2.15751842842136E-15,1.,0.));
#8062=DIRECTION('ref_axis',(0.,0.,1.));
#8063=DIRECTION('',(-7.49272147183311E-32,1.61656846545083E-46,-1.));
#8064=DIRECTION('',(-1.,2.15751842842136E-15,0.));
#8065=DIRECTION('',(-1.,2.15751842842136E-15,0.));
#8066=DIRECTION('center_axis',(0.,0.,1.));
#8067=DIRECTION('ref_axis',(1.,0.,0.));
#8068=DIRECTION('',(2.27998310833609E-15,1.,0.));
#8069=DIRECTION('',(-1.,2.15751842842136E-15,0.));
#8070=DIRECTION('',(-1.,2.15751842842136E-15,0.));
#8071=DIRECTION('center_axis',(-2.15751842842136E-15,-1.,-2.1227382022291E-16));
#8072=DIRECTION('ref_axis',(0.,2.1227382022291E-16,-1.));
#8073=DIRECTION('',(-4.57984679002331E-31,-2.1227382022291E-16,1.));
#8074=DIRECTION('',(-1.,2.15751842842136E-15,0.));
#8075=DIRECTION('',(-1.,2.15751842842136E-15,0.));
#8076=DIRECTION('',(-1.,2.15751842842136E-15,0.));
#8077=DIRECTION('',(-1.,2.15751842842136E-15,0.));
#8078=DIRECTION('center_axis',(2.15751842842136E-15,1.,1.48495039640003E-16));
#8079=DIRECTION('ref_axis',(0.,-1.48495039640003E-16,1.));
#8080=DIRECTION('',(3.12137653949918E-31,1.48495039640003E-16,-1.));
#8081=DIRECTION('',(-1.,2.15751842842136E-15,0.));
#8082=DIRECTION('center_axis',(0.,0.,1.));
#8083=DIRECTION('ref_axis',(1.,0.,0.));
#8084=DIRECTION('',(2.27998310833609E-15,1.,0.));
#8085=DIRECTION('',(-1.,2.15751842842136E-15,0.));
#8086=DIRECTION('center_axis',(-2.15751842842136E-15,-1.,-1.05110881979336E-16));
#8087=DIRECTION('ref_axis',(0.,1.05110881979336E-16,-1.));
#8088=DIRECTION('',(-2.15109012766828E-31,-1.05110881979336E-16,1.));
#8089=DIRECTION('',(-1.,2.15751842842136E-15,0.));
#8090=DIRECTION('center_axis',(0.,0.,-1.));
#8091=DIRECTION('ref_axis',(-1.,0.,0.));
#8092=DIRECTION('',(-2.27998310833609E-15,-1.,0.));
#8093=DIRECTION('',(-1.,2.15751842842136E-15,0.));
#8094=DIRECTION('center_axis',(2.15751842842136E-15,1.,4.7503995690661E-16));
#8095=DIRECTION('ref_axis',(0.,-4.7503995690661E-16,1.));
#8096=DIRECTION('',(9.98537446373766E-31,4.7503995690661E-16,-1.));
#8097=DIRECTION('',(-1.,2.15751842842136E-15,0.));
#8098=DIRECTION('',(-1.,2.15751842842136E-15,0.));
#8099=DIRECTION('',(-1.,2.15751842842136E-15,0.));
#8100=DIRECTION('center_axis',(2.15751842842136E-15,1.,-8.07411147877572E-17));
#8101=DIRECTION('ref_axis',(0.,8.07411147877572E-17,1.));
#8102=DIRECTION('',(-1.7420044308587E-31,-8.07411147877572E-17,-1.));
#8103=DIRECTION('',(-1.,2.15751842842136E-15,0.));
#8104=DIRECTION('',(-1.,2.15751842842136E-15,0.));
#8105=DIRECTION('',(-1.,2.15751842842136E-15,0.));
#8106=DIRECTION('',(-1.,2.15751842842136E-15,0.));
#8107=DIRECTION('center_axis',(2.15751842842136E-15,1.,0.));
#8108=DIRECTION('ref_axis',(0.,0.,1.));
#8109=DIRECTION('',(0.,0.,-1.));
#8110=DIRECTION('',(-1.,2.15751842842136E-15,0.));
#8111=DIRECTION('center_axis',(0.,0.,1.));
#8112=DIRECTION('ref_axis',(1.,0.,0.));
#8113=DIRECTION('',(2.27998310833609E-15,1.,0.));
#8114=DIRECTION('',(-1.,2.15751842842136E-15,0.));
#8115=DIRECTION('',(-1.,2.15751842842136E-15,0.));
#8116=DIRECTION('',(-1.,2.15751842842136E-15,0.));
#8117=DIRECTION('',(-1.,2.15751842842136E-15,0.));
#8118=DIRECTION('',(-1.,2.15751842842136E-15,0.));
#8119=DIRECTION('center_axis',(0.,0.,-1.));
#8120=DIRECTION('ref_axis',(-1.,0.,0.));
#8121=DIRECTION('',(-2.27998310833609E-15,-1.,0.));
#8122=DIRECTION('',(-1.,2.15751842842136E-15,0.));
#8123=DIRECTION('center_axis',(2.15751842842136E-15,1.,0.));
#8124=DIRECTION('ref_axis',(0.,0.,1.));
#8125=DIRECTION('',(-9.05370511179834E-32,1.95335356241976E-46,-1.));
#8126=DIRECTION('',(-1.,2.15751842842136E-15,0.));
#8127=DIRECTION('',(-1.,2.15751842842136E-15,0.));
#8128=DIRECTION('',(-1.,2.15751842842136E-15,0.));
#8129=DIRECTION('',(-1.,2.15751842842136E-15,0.));
#8130=DIRECTION('',(-1.,2.15751842842136E-15,0.));
#8131=DIRECTION('center_axis',(2.15751842842136E-15,1.,0.));
#8132=DIRECTION('ref_axis',(0.,0.,1.));
#8133=DIRECTION('',(0.,0.,-1.));
#8134=DIRECTION('',(-1.,2.15751842842136E-15,0.));
#8135=DIRECTION('center_axis',(0.,0.,1.));
#8136=DIRECTION('ref_axis',(1.,0.,0.));
#8137=DIRECTION('',(2.27998310833609E-15,1.,0.));
#8138=DIRECTION('',(-1.,2.15751842842136E-15,0.));
#8139=DIRECTION('center_axis',(-2.15751842842136E-15,-1.,0.));
#8140=DIRECTION('ref_axis',(0.,0.,-1.));
#8141=DIRECTION('',(0.,0.,1.));
#8142=DIRECTION('',(-1.,2.15751842842136E-15,0.));
#8143=DIRECTION('center_axis',(0.,0.,-1.));
#8144=DIRECTION('ref_axis',(-1.,0.,0.));
#8145=DIRECTION('',(-2.27998310833609E-15,-1.,0.));
#8146=DIRECTION('',(-1.,2.15751842842136E-15,0.));
#8147=DIRECTION('center_axis',(2.15751842842136E-15,1.,0.));
#8148=DIRECTION('ref_axis',(0.,0.,1.));
#8149=DIRECTION('',(0.,0.,-1.));
#8150=DIRECTION('',(-1.,2.15751842842136E-15,0.));
#8151=DIRECTION('',(-1.,2.15751842842136E-15,0.));
#8152=DIRECTION('',(-1.,2.15751842842136E-15,0.));
#8153=DIRECTION('',(-1.,2.15751842842136E-15,0.));
#8154=DIRECTION('',(-1.,2.15751842842136E-15,0.));
#8155=DIRECTION('',(-1.,2.15751842842136E-15,0.));
#8156=DIRECTION('',(-1.,2.15751842842136E-15,0.));
#8157=DIRECTION('',(-1.,2.15751842842136E-15,0.));
#8158=DIRECTION('center_axis',(-2.15751842842136E-15,-1.,-2.48371144981629E-16));
#8159=DIRECTION('ref_axis',(0.,2.48371144981629E-16,-1.));
#8160=DIRECTION('',(-5.35865322385977E-31,-2.48371144981629E-16,1.));
#8161=DIRECTION('',(-1.,2.15751842842136E-15,0.));
#8162=DIRECTION('center_axis',(0.,0.,-1.));
#8163=DIRECTION('ref_axis',(-1.,0.,0.));
#8164=DIRECTION('',(-2.27998310833609E-15,-1.,0.));
#8165=DIRECTION('',(-1.,2.15751842842136E-15,0.));
#8166=DIRECTION('center_axis',(2.15751842842136E-15,1.,2.54177223695485E-16));
#8167=DIRECTION('ref_axis',(0.,-2.54177223695485E-16,1.));
#8168=DIRECTION('',(5.48392044207986E-31,2.54177223695485E-16,-1.));
#8169=DIRECTION('',(-1.,2.15751842842136E-15,0.));
#8170=DIRECTION('',(-1.,2.15751842842136E-15,0.));
#8171=DIRECTION('',(-1.,2.15751842842136E-15,0.));
#8172=DIRECTION('center_axis',(-2.15751842842136E-15,-1.,-2.54177223695485E-16));
#8173=DIRECTION('ref_axis',(0.,2.54177223695485E-16,-1.));
#8174=DIRECTION('',(-5.34282373903885E-31,-2.54177223695485E-16,1.));
#8175=DIRECTION('',(-1.,2.15751842842136E-15,0.));
#8176=DIRECTION('center_axis',(0.,0.,-1.));
#8177=DIRECTION('ref_axis',(-1.,0.,0.));
#8178=DIRECTION('',(-2.27998310833609E-15,-1.,0.));
#8179=DIRECTION('',(-1.,2.15751842842136E-15,0.));
#8180=DIRECTION('center_axis',(2.15751842842136E-15,1.,2.48686737287832E-16));
#8181=DIRECTION('ref_axis',(0.,-2.48686737287832E-16,1.));
#8182=DIRECTION('',(5.22741331519684E-31,2.48686737287832E-16,-1.));
#8183=DIRECTION('',(-1.,2.15751842842136E-15,0.));
#8184=DIRECTION('center_axis',(0.,0.,1.));
#8185=DIRECTION('ref_axis',(1.,0.,0.));
#8186=DIRECTION('',(2.27998310833609E-15,1.,0.));
#8187=DIRECTION('',(-1.,2.15751842842136E-15,0.));
#8188=DIRECTION('',(-1.,2.15751842842136E-15,0.));
#8189=DIRECTION('center_axis',(-2.15751842842136E-15,-1.,0.));
#8190=DIRECTION('ref_axis',(0.,0.,-1.));
#8191=DIRECTION('',(0.,0.,1.));
#8192=DIRECTION('',(-1.,2.15751842842136E-15,0.));
#8193=DIRECTION('',(-1.,2.15751842842136E-15,0.));
#8194=DIRECTION('',(-1.,2.15751842842136E-15,0.));
#8195=DIRECTION('',(-1.,2.15751842842136E-15,0.));
#8196=DIRECTION('',(-1.,2.15751842842136E-15,0.));
#8197=DIRECTION('',(-1.,2.15751842842136E-15,0.));
#8198=DIRECTION('center_axis',(0.,0.,1.));
#8199=DIRECTION('ref_axis',(1.,0.,0.));
#8200=DIRECTION('',(2.27998310833609E-15,1.,0.));
#8201=DIRECTION('',(-1.,2.15751842842136E-15,0.));
#8202=DIRECTION('center_axis',(-2.15751842842136E-15,-1.,0.));
#8203=DIRECTION('ref_axis',(0.,0.,-1.));
#8204=DIRECTION('',(0.,0.,1.));
#8205=DIRECTION('',(-1.,2.15751842842136E-15,0.));
#8206=DIRECTION('',(-1.,2.15751842842136E-15,0.));
#8207=DIRECTION('',(-1.,2.15751842842136E-15,0.));
#8208=DIRECTION('',(-1.,2.15751842842136E-15,0.));
#8209=DIRECTION('',(-1.,2.15751842842136E-15,0.));
#8210=DIRECTION('center_axis',(0.,0.,-1.));
#8211=DIRECTION('ref_axis',(-1.,0.,0.));
#8212=DIRECTION('',(-2.27998310833609E-15,-1.,0.));
#8213=DIRECTION('',(-1.,2.15751842842136E-15,0.));
#8214=DIRECTION('center_axis',(2.15751842842136E-15,1.,0.));
#8215=DIRECTION('ref_axis',(0.,0.,1.));
#8216=DIRECTION('',(0.,0.,-1.));
#8217=DIRECTION('center_axis',(0.,0.707106781186548,0.707106781186548));
#8218=DIRECTION('ref_axis',(1.,0.,0.));
#8219=DIRECTION('',(0.281084637714816,-0.678598344545848,0.678598344545848));
#8220=DIRECTION('center_axis',(-0.500000000000001,0.500000000000001,0.707106781186546));
#8221=DIRECTION('ref_axis',(0.816496580927725,0.,0.577350269189628));
#8222=DIRECTION('center_axis',(0.,0.,1.));
#8223=DIRECTION('ref_axis',(1.,0.,0.));
#8224=DIRECTION('center_axis',(0.,0.,1.));
#8225=DIRECTION('ref_axis',(1.,0.,0.));
#8226=DIRECTION('center_axis',(-1.,2.15751842842136E-15,0.));
#8227=DIRECTION('ref_axis',(-2.15751842842136E-15,-1.,0.));
#8228=DIRECTION('center_axis',(-1.,2.15751842842136E-15,0.));
#8229=DIRECTION('ref_axis',(-2.15751842842136E-15,-1.,0.));
#8230=DIRECTION('center_axis',(-1.,2.15751842842136E-15,0.));
#8231=DIRECTION('ref_axis',(-2.15751842842136E-15,-1.,0.));
#8232=DIRECTION('',(-2.15751842842136E-15,-1.,0.));
#8233=DIRECTION('center_axis',(-1.,2.15751842842136E-15,0.));
#8234=DIRECTION('ref_axis',(-2.15751842842136E-15,-1.,0.));
#8235=DIRECTION('',(1.80840203015053E-30,8.38186133813806E-16,-1.));
#8236=DIRECTION('center_axis',(-1.,2.15751842842136E-15,0.));
#8237=DIRECTION('ref_axis',(-2.15751842842136E-15,-1.,0.));
#8238=DIRECTION('center_axis',(-1.,2.15751842842136E-15,0.));
#8239=DIRECTION('ref_axis',(-2.15751842842136E-15,-1.,0.));
#8240=DIRECTION('center_axis',(-1.,2.15751842842136E-15,0.));
#8241=DIRECTION('ref_axis',(-2.15751842842136E-15,-1.,0.));
#8242=DIRECTION('',(-1.,2.15751842842136E-15,0.));
#8243=DIRECTION('',(-1.,2.15751842842136E-15,0.));
#8244=DIRECTION('center_axis',(0.,0.,1.));
#8245=DIRECTION('ref_axis',(1.,0.,0.));
#8246=DIRECTION('',(-2.15751842842136E-15,-1.,0.));
#8247=DIRECTION('',(-1.,2.15751842842136E-15,0.));
#8248=DIRECTION('',(-1.,2.15751842842136E-15,0.));
#8249=DIRECTION('',(-1.,2.15751842842136E-15,0.));
#8250=DIRECTION('',(-1.,2.15751842842136E-15,0.));
#8251=DIRECTION('',(-1.,2.15751842842136E-15,0.));
#8252=DIRECTION('center_axis',(-2.15751842842136E-15,-1.,-8.38186133813806E-16));
#8253=DIRECTION('ref_axis',(0.,8.38186133813806E-16,-1.));
#8254=DIRECTION('',(1.80840203015053E-30,8.38186133813806E-16,-1.));
#8255=DIRECTION('',(-1.,2.15751842842136E-15,0.));
#8256=DIRECTION('',(-1.,2.15751842842136E-15,0.));
#8257=DIRECTION('',(-1.,2.15751842842136E-15,0.));
#8258=DIRECTION('',(-1.,2.15751842842136E-15,0.));
#8259=DIRECTION('',(-1.,2.15751842842136E-15,0.));
#8260=DIRECTION('',(-1.,2.15751842842136E-15,0.));
#8261=DIRECTION('',(-1.,2.15751842842136E-15,0.));
#8262=DIRECTION('',(-1.,2.15751842842136E-15,0.));
#8263=DIRECTION('',(-1.,2.15751842842136E-15,0.));
#8264=DIRECTION('center_axis',(-1.,2.15751842842136E-15,0.));
#8265=DIRECTION('ref_axis',(-2.15751842842136E-15,-1.,0.));
#8266=DIRECTION('center_axis',(-1.,2.15751842842136E-15,0.));
#8267=DIRECTION('ref_axis',(-2.15751842842136E-15,-1.,0.));
#8268=DIRECTION('center_axis',(-1.,2.15751842842136E-15,0.));
#8269=DIRECTION('ref_axis',(-2.15751842842136E-15,-1.,0.));
#8270=CARTESIAN_POINT('',(0.,0.,0.));
#8271=CARTESIAN_POINT('Origin',(-11.1015764646288,-11.1015764646288,0.2));
#8272=CARTESIAN_POINT('',(-12.4450793488832,-10.040916292849,0.));
#8273=CARTESIAN_POINT('',(-11.879393923934,-10.040916292849,0.4));
#8274=CARTESIAN_POINT('',(-6.59966329107442,-10.040916292849,4.13333333333335));
#8275=CARTESIAN_POINT('',(-10.9601551083915,-10.9601551083915,0.4));
#8276=CARTESIAN_POINT('',(-10.9601551083915,-10.9601551083915,0.4));
#8277=CARTESIAN_POINT('',(-10.9601551083915,-11.5258405333407,0.));
#8278=CARTESIAN_POINT('',(-10.9601551083915,-6.1871843353823,3.775));
#8279=CARTESIAN_POINT('',(-11.2429978208661,-11.2429978208661,0.));
#8280=CARTESIAN_POINT('Origin',(-10.9601551083915,-10.9601551083915,0.));
#8281=CARTESIAN_POINT('',(-11.879393923934,-10.040916292849,15.5));
#8282=CARTESIAN_POINT('',(-11.879393923934,-10.040916292849,0.));
#8283=CARTESIAN_POINT('',(-10.9601551083915,-10.9601551083915,15.5));
#8284=CARTESIAN_POINT('',(-10.9601551083915,-10.9601551083915,15.5));
#8285=CARTESIAN_POINT('',(-10.9601551083915,-10.9601551083915,0.));
#8286=CARTESIAN_POINT('Origin',(11.1015764646288,11.1015764646288,0.2));
#8287=CARTESIAN_POINT('',(11.5258405333407,10.9601551083915,0.));
#8288=CARTESIAN_POINT('',(10.9601551083915,10.9601551083915,0.4));
#8289=CARTESIAN_POINT('',(8.80347942577253,10.9601551083915,1.92499999999999));
#8290=CARTESIAN_POINT('',(10.040916292849,11.879393923934,0.4));
#8291=CARTESIAN_POINT('',(10.9601551083915,10.9601551083915,0.4));
#8292=CARTESIAN_POINT('',(10.040916292849,12.4450793488832,0.));
#8293=CARTESIAN_POINT('',(10.040916292849,9.61665222413704,2.));
#8294=CARTESIAN_POINT('',(11.2429978208661,11.2429978208661,0.));
#8295=CARTESIAN_POINT('Origin',(10.9601551083915,10.9601551083915,0.));
#8296=CARTESIAN_POINT('',(10.9601551083915,10.9601551083915,15.5));
#8297=CARTESIAN_POINT('',(10.9601551083915,10.9601551083915,0.));
#8298=CARTESIAN_POINT('',(10.040916292849,11.879393923934,15.5));
#8299=CARTESIAN_POINT('',(10.9601551083915,10.9601551083915,15.5));
#8300=CARTESIAN_POINT('',(10.040916292849,11.879393923934,0.));
#8301=CARTESIAN_POINT('Origin',(16.8079281888042,16.8079281888043,0.2));
#8302=CARTESIAN_POINT('',(14.7829281888042,16.8079281888043,0.));
#8303=CARTESIAN_POINT('Origin',(16.8079281888042,16.8079281888043,0.));
#8304=CARTESIAN_POINT('',(15.1829281888042,16.8079281888043,0.4));
#8305=CARTESIAN_POINT('',(14.9829281888042,16.8079281888043,0.2));
#8306=CARTESIAN_POINT('Origin',(16.8079281888042,16.8079281888043,0.4));
#8307=CARTESIAN_POINT('Origin',(0.,0.,0.));
#8308=CARTESIAN_POINT('',(6.90538238691625,9.30954544295049,0.));
#8309=CARTESIAN_POINT('',(3.32340187157678,5.72756492761103,0.));
#8310=CARTESIAN_POINT('',(6.83467170879759,9.3095454429505,0.));
#8311=CARTESIAN_POINT('Ctrl Pts',(6.83467170879759,9.30954544295049,0.));
#8312=CARTESIAN_POINT('Ctrl Pts',(6.85824193483715,9.30954544295049,0.));
#8313=CARTESIAN_POINT('Ctrl Pts',(6.8818121608767,9.30954544295049,0.));
#8314=CARTESIAN_POINT('Ctrl Pts',(6.90538238691625,9.30954544295049,0.));
#8315=CARTESIAN_POINT('',(14.0656854249492,16.5405591591022,0.));
#8316=CARTESIAN_POINT('',(-8.94757665685198,-6.47270292269909,0.));
#8317=CARTESIAN_POINT('',(14.3,17.1062445840514,0.));
#8318=CARTESIAN_POINT('Origin',(13.5,17.1062445840514,0.));
#8319=CARTESIAN_POINT('',(14.3,21.3,0.));
#8320=CARTESIAN_POINT('',(14.3,8.47027957955108,0.));
#8321=CARTESIAN_POINT('',(13.5,22.1,0.));
#8322=CARTESIAN_POINT('Origin',(13.5,21.3,0.));
#8323=CARTESIAN_POINT('',(11.5,22.1,0.));
#8324=CARTESIAN_POINT('',(6.95,22.1,0.));
#8325=CARTESIAN_POINT('',(11.5,22.15,0.));
#8326=CARTESIAN_POINT('',(11.5,21.7,0.));
#8327=CARTESIAN_POINT('',(13.2,22.15,0.));
#8328=CARTESIAN_POINT('',(5.55,22.15,0.));
#8329=CARTESIAN_POINT('',(13.2,24.25,0.));
#8330=CARTESIAN_POINT('',(13.2,23.2,0.));
#8331=CARTESIAN_POINT('',(11.5,24.25,0.));
#8332=CARTESIAN_POINT('',(6.4,24.25,0.));
#8333=CARTESIAN_POINT('',(11.5,24.3,0.));
#8334=CARTESIAN_POINT('',(11.5,24.275,0.));
#8335=CARTESIAN_POINT('',(16.5,24.3,0.));
#8336=CARTESIAN_POINT('',(12.35,24.3,0.));
#8337=CARTESIAN_POINT('',(16.5,20.7928116397785,0.));
#8338=CARTESIAN_POINT('',(16.5,12.35,0.));
#8339=CARTESIAN_POINT('',(20.7928116397785,16.5,0.));
#8340=CARTESIAN_POINT('',(17.6317815537073,19.6610300860712,0.));
#8341=CARTESIAN_POINT('',(24.3,16.5,0.));
#8342=CARTESIAN_POINT('',(10.4792485323639,16.5,0.));
#8343=CARTESIAN_POINT('',(24.3,14.3,0.));
#8344=CARTESIAN_POINT('',(24.3,-12.35,0.));
#8345=CARTESIAN_POINT('',(14.9363961030679,14.3,0.));
#8346=CARTESIAN_POINT('',(12.35,14.3,0.));
#8347=CARTESIAN_POINT('',(8.42566196646732,7.7892658633994,0.));
#8348=CARTESIAN_POINT('',(7.56871843353825,6.93232233047033,0.));
#8349=CARTESIAN_POINT('',(8.390306627408,7.7892658633994,0.));
#8350=CARTESIAN_POINT('Ctrl Pts',(8.390306627408,7.78926586339939,0.));
#8351=CARTESIAN_POINT('Ctrl Pts',(8.40209174042777,7.7892658633994,0.));
#8352=CARTESIAN_POINT('Ctrl Pts',(8.41387685344755,7.7892658633994,0.));
#8353=CARTESIAN_POINT('Ctrl Pts',(8.42566196646732,7.7892658633994,0.));
#8354=CARTESIAN_POINT('',(8.390306627408,7.82462120245874,0.));
#8355=CARTESIAN_POINT('Ctrl Pts',(8.390306627408,7.82462120245874,0.));
#8356=CARTESIAN_POINT('Ctrl Pts',(8.390306627408,7.81283608943896,0.));
#8357=CARTESIAN_POINT('Ctrl Pts',(8.390306627408,7.80105097641918,0.));
#8358=CARTESIAN_POINT('Ctrl Pts',(8.390306627408,7.7892658633994,0.));
#8359=CARTESIAN_POINT('',(4.20728534805997,3.64159992311071,0.));
#8360=CARTESIAN_POINT('Origin',(16.8079281888042,16.8079281888043,0.));
#8361=CARTESIAN_POINT('',(15.1829281888042,16.8079281888043,12.6));
#8362=CARTESIAN_POINT('',(15.1829281888042,16.8079281888043,0.));
#8363=CARTESIAN_POINT('Origin',(16.8079281888042,16.8079281888043,12.6));
#8364=CARTESIAN_POINT('Ctrl Pts',(7.06601663059465,9.30954544295049,0.));
#8365=CARTESIAN_POINT('Ctrl Pts',(6.88365341023297,9.30954544295049,0.));
#8366=CARTESIAN_POINT('Ctrl Pts',(6.70129018987128,9.3095454429505,0.));
#8367=CARTESIAN_POINT('Ctrl Pts',(6.5189269695096,9.3095454429505,0.));
#8368=CARTESIAN_POINT('Ctrl Pts',(7.06601663059465,9.17454315497071,0.133322887638117));
#8369=CARTESIAN_POINT('Ctrl Pts',(6.88365341023297,9.17452410959472,0.133322649225423));
#8370=CARTESIAN_POINT('Ctrl Pts',(6.70129018987128,9.17450441312702,0.133322398596387));
#8371=CARTESIAN_POINT('Ctrl Pts',(6.5189269695096,9.1744839938078,0.133322133922043));
#8372=CARTESIAN_POINT('Ctrl Pts',(7.06601663059465,9.03954086699093,0.266645775276233));
#8373=CARTESIAN_POINT('Ctrl Pts',(6.88365341023296,9.03950277623895,0.266645298450846));
#8374=CARTESIAN_POINT('Ctrl Pts',(6.70129018987128,9.03946338330355,0.266644797192775));
#8375=CARTESIAN_POINT('Ctrl Pts',(6.51892696950959,9.03942254466511,0.266644267844086));
#8376=CARTESIAN_POINT('Ctrl Pts',(7.06601663059465,8.90453857901115,0.39996866291435));
#8377=CARTESIAN_POINT('Ctrl Pts',(6.88365341023296,8.90448144288318,0.399967947676269));
#8378=CARTESIAN_POINT('Ctrl Pts',(6.70129018987128,8.90442235348008,0.399967195789162));
#8379=CARTESIAN_POINT('Ctrl Pts',(6.51892696950959,8.90436109552241,0.39996640176613));
#8380=CARTESIAN_POINT('',(7.06601663059465,8.90453857901115,0.39996866291435));
#8381=CARTESIAN_POINT('',(6.78312800678394,8.90444835034357,0.399967523240271));
#8382=CARTESIAN_POINT('Ctrl Pts',(7.06601663059465,8.90453857901115,0.39996866291435));
#8383=CARTESIAN_POINT('Ctrl Pts',(6.97172042265774,8.90450903511412,0.399968293079695));
#8384=CARTESIAN_POINT('Ctrl Pts',(6.87742421472084,8.90447896896839,0.39996791344616));
#8385=CARTESIAN_POINT('Ctrl Pts',(6.78312800678394,8.90444835081118,0.399967523255173));
#8386=CARTESIAN_POINT('',(6.5189269695096,9.17776557781004,0.130082810009852));
#8387=CARTESIAN_POINT('Ctrl Pts',(6.78312800678394,8.90444835081118,0.399967523255173));
#8388=CARTESIAN_POINT('Ctrl Pts',(6.71893378012767,8.97204695580485,0.333204044415528));
#8389=CARTESIAN_POINT('Ctrl Pts',(6.65414387662202,9.03937352487682,0.266719144007551));
#8390=CARTESIAN_POINT('Ctrl Pts',(6.58879089661342,9.10641795140935,0.200523338332472));
#8391=CARTESIAN_POINT('Ctrl Pts',(6.56557505970401,9.13023465375191,0.177008098041403));
#8392=CARTESIAN_POINT('Ctrl Pts',(6.54228662083699,9.15401733686389,0.153527774442989));
#8393=CARTESIAN_POINT('Ctrl Pts',(6.51892696956626,9.1777655779106,0.130082809910596));
#8394=CARTESIAN_POINT('Ctrl Pts',(6.5189269695096,9.17776557781004,0.130082810009852));
#8395=CARTESIAN_POINT('Ctrl Pts',(6.62417988082314,9.22170093412327,0.0867247510633538));
#8396=CARTESIAN_POINT('Ctrl Pts',(6.72945011976291,9.2656365964811,0.0433546560410643));
#8397=CARTESIAN_POINT('Ctrl Pts',(6.83467170879759,9.30954544295049,0.));
#8398=CARTESIAN_POINT('Ctrl Pts',(6.90538238691625,9.30954544295049,8.29091497549952E-16));
#8399=CARTESIAN_POINT('Ctrl Pts',(6.93213305913143,9.24206881348744,0.0666287639895868));
#8400=CARTESIAN_POINT('Ctrl Pts',(6.95888900862355,9.17459412030892,0.133259890417567));
#8401=CARTESIAN_POINT('Ctrl Pts',(7.0124334864096,9.03959263336755,0.26658202064169));
#8402=CARTESIAN_POINT('Ctrl Pts',(7.03922294788132,8.97206351376308,0.333275328912528));
#8403=CARTESIAN_POINT('Ctrl Pts',(7.06601663059464,8.90453857901115,0.39996866291435));
#8404=CARTESIAN_POINT('Origin',(3.46482322781409,5.58614357137372,0.2));
#8405=CARTESIAN_POINT('',(7.06606017698119,8.9045378080662,0.4));
#8406=CARTESIAN_POINT('',(3.6062445840514,5.44472221513641,0.4));
#8407=CARTESIAN_POINT('Ctrl Pts',(7.06606017698119,8.9045378080662,0.4));
#8408=CARTESIAN_POINT('Ctrl Pts',(7.06603840377309,8.90453819355351,0.399984331436185));
#8409=CARTESIAN_POINT('Ctrl Pts',(7.06601663059465,8.90453857901115,0.39996866291435));
#8410=CARTESIAN_POINT('Origin',(-0.98994949366116,0.98994949366116,0.));
#8411=CARTESIAN_POINT('',(6.91958205007434,8.75805968115935,2.18992576895653));
#8412=CARTESIAN_POINT('Origin',(-0.919238815542504,0.919238815542504,0.));
#8413=CARTESIAN_POINT('',(6.91962746795934,8.75837973932092,2.18761425345116));
#8414=CARTESIAN_POINT('Origin',(-0.993265122613197,-0.0238869152574495,
0.920578952273696));
#8415=CARTESIAN_POINT('',(6.65185292005029,8.77317326360992,2.06016591970126));
#8416=CARTESIAN_POINT('Ctrl Pts',(6.65185292005029,8.77317326360992,2.06016591970126));
#8417=CARTESIAN_POINT('Ctrl Pts',(6.69650364291879,8.77075110347878,2.08141727361777));
#8418=CARTESIAN_POINT('Ctrl Pts',(6.74115531431808,8.76830560952297,2.10266902204087));
#8419=CARTESIAN_POINT('Ctrl Pts',(6.7858029305296,8.76583765114608,2.12391904009206));
#8420=CARTESIAN_POINT('Ctrl Pts',(6.83040986954298,8.76337194125725,2.14514969784436));
#8421=CARTESIAN_POINT('Ctrl Pts',(6.87501762518635,8.76088353896995,2.1663809435013));
#8422=CARTESIAN_POINT('Ctrl Pts',(6.91962138352925,8.75837328394643,2.18761072057566));
#8423=CARTESIAN_POINT('Origin',(-1.06066017177982,1.06066017177982,0.));
#8424=CARTESIAN_POINT('Origin',(8.1317279836453,9.97020561473031,0.));
#8425=CARTESIAN_POINT('',(-9.97020561473031,-8.1317279836453,15.5));
#8426=CARTESIAN_POINT('',(-8.9045378080662,-7.06606017698119,0.4));
#8427=CARTESIAN_POINT('',(3.6062445840514,5.44472221513641,0.4));
#8428=CARTESIAN_POINT('',(-8.75805968115936,-6.91958205007435,2.18992576895649));
#8429=CARTESIAN_POINT('Origin',(-0.919238815542504,0.919238815542504,0.));
#8430=CARTESIAN_POINT('',(-9.43727998702205,-7.59880235593704,2.94039949700014));
#8431=CARTESIAN_POINT('',(-3.78374064230417,-1.94526301121917,-3.30622286109174));
#8432=CARTESIAN_POINT('',(-9.46263644995821,-7.62415881887321,2.78939307386393));
#8433=CARTESIAN_POINT('Origin',(-0.919238815542504,0.919238815542502,2.27935695600492E-31));
#8434=CARTESIAN_POINT('',(-10.0138233941141,-8.17534576302906,2.96935391733902));
#8435=CARTESIAN_POINT('',(-1.17005063694098,0.668426994144027,0.0818892889444472));
#8436=CARTESIAN_POINT('',(-4.56624873913828,-2.72777110805327,12.1506640655722));
#8437=CARTESIAN_POINT('Origin',(-0.919238815542504,0.919238815542502,2.27935695600492E-31));
#8438=CARTESIAN_POINT('',(-4.34521783467793,-2.50674020359292,11.4142601828103));
#8439=CARTESIAN_POINT('',(-1.94131908726383,-0.10284145617882,3.40524273032144));
#8440=CARTESIAN_POINT('',(-4.44597020422767,-2.60749257314267,11.3527235245172));
#8441=CARTESIAN_POINT('Origin',(-0.919238815542504,0.919238815542502,2.27935695600492E-31));
#8442=CARTESIAN_POINT('',(-3.805421768371,-1.96694413728599,10.5370724551748));
#8443=CARTESIAN_POINT('',(1.07635668289014,2.91483431397515,4.32079341807424));
#8444=CARTESIAN_POINT('',(1.966944137286,3.80542176837101,10.5370724551748));
#8445=CARTESIAN_POINT('Origin',(-0.919238815542505,0.919238815542505,0.));
#8446=CARTESIAN_POINT('',(2.60749257314268,4.44597020422769,11.3527235245172));
#8447=CARTESIAN_POINT('',(2.08369091092156,3.92216854200656,10.6857335484312));
#8448=CARTESIAN_POINT('',(2.50674020359292,4.34521783467793,11.4142601828103));
#8449=CARTESIAN_POINT('Origin',(-0.9192388155425,0.919238815542503,0.));
#8450=CARTESIAN_POINT('',(2.72777110805327,4.56624873913828,12.1506640655722));
#8451=CARTESIAN_POINT('',(1.48465993187159,3.32313756295659,8.00901745248882));
#8452=CARTESIAN_POINT('',(8.17534576302906,10.0138233941141,2.96935391733902));
#8453=CARTESIAN_POINT('Origin',(-0.9192388155425,0.919238815542503,0.));
#8454=CARTESIAN_POINT('',(7.6241588188732,9.46263644995821,2.78939307386393));
#8455=CARTESIAN_POINT('',(7.92453394163058,9.76301157271559,2.88746462839456));
#8456=CARTESIAN_POINT('',(7.59880235593703,9.43727998702204,2.94039949700018));
#8457=CARTESIAN_POINT('Origin',(-0.9192388155425,0.919238815542503,0.));
#8458=CARTESIAN_POINT('',(7.56555993334765,9.40403756443266,2.90366978707466));
#8459=CARTESIAN_POINT('Origin',(3.46482322781409,5.58614357137372,0.2));
#8460=CARTESIAN_POINT('',(-9.30954544295049,-6.90538238691624,0.));
#8461=CARTESIAN_POINT('',(3.32340187157678,5.72756492761102,0.));
#8462=CARTESIAN_POINT('',(-8.90453857901115,-7.06601663059465,0.399968662914357));
#8463=CARTESIAN_POINT('Ctrl Pts',(-9.30954544295049,-6.90538238691625,2.70252089852797E-45));
#8464=CARTESIAN_POINT('Ctrl Pts',(-9.24202675447227,-6.93214973315527,0.0666702945197551));
#8465=CARTESIAN_POINT('Ctrl Pts',(-9.17451000396466,-6.95892236354088,0.133342955143229));
#8466=CARTESIAN_POINT('Ctrl Pts',(-9.03950852471913,-7.01246685313447,0.266665088274763));
#8467=CARTESIAN_POINT('Ctrl Pts',(-8.97202146242698,-7.03923963371985,0.333316862367014));
#8468=CARTESIAN_POINT('Ctrl Pts',(-8.90453857901115,-7.06601663059465,0.39996866291435));
#8469=CARTESIAN_POINT('Ctrl Pts',(-8.90453857901115,-7.06601663059465,0.399968662914357));
#8470=CARTESIAN_POINT('Ctrl Pts',(-8.90453819355351,-7.06603840377302,0.399984331436162));
#8471=CARTESIAN_POINT('Ctrl Pts',(-8.9045378080662,-7.06606017698119,0.4));
#8472=CARTESIAN_POINT('Ctrl Pts',(-9.30954544295049,-6.51892696950961,0.));
#8473=CARTESIAN_POINT('Ctrl Pts',(-9.30954544295049,-6.70129018987129,0.));
#8474=CARTESIAN_POINT('Ctrl Pts',(-9.30954544295049,-6.88365341023297,0.));
#8475=CARTESIAN_POINT('Ctrl Pts',(-9.30954544295049,-7.06601663059465,0.));
#8476=CARTESIAN_POINT('Ctrl Pts',(-9.1744839938078,-6.5189269695096,0.133322133922043));
#8477=CARTESIAN_POINT('Ctrl Pts',(-9.17450441312702,-6.70129018987129,0.133322398596387));
#8478=CARTESIAN_POINT('Ctrl Pts',(-9.17452410959472,-6.88365341023297,0.133322649225423));
#8479=CARTESIAN_POINT('Ctrl Pts',(-9.17454315497071,-7.06601663059465,0.133322887638117));
#8480=CARTESIAN_POINT('Ctrl Pts',(-9.0394225446651,-6.5189269695096,0.266644267844086));
#8481=CARTESIAN_POINT('Ctrl Pts',(-9.03946338330354,-6.70129018987129,0.266644797192775));
#8482=CARTESIAN_POINT('Ctrl Pts',(-9.03950277623895,-6.88365341023297,0.266645298450846));
#8483=CARTESIAN_POINT('Ctrl Pts',(-9.03954086699093,-7.06601663059465,0.266645775276233));
#8484=CARTESIAN_POINT('Ctrl Pts',(-8.90436109552241,-6.5189269695096,0.39996640176613));
#8485=CARTESIAN_POINT('Ctrl Pts',(-8.90442235348007,-6.70129018987128,0.399967195789162));
#8486=CARTESIAN_POINT('Ctrl Pts',(-8.90448144288318,-6.88365341023297,0.399967947676269));
#8487=CARTESIAN_POINT('Ctrl Pts',(-8.90453857901115,-7.06601663059465,0.39996866291435));
#8488=CARTESIAN_POINT('',(-9.30954544295049,-6.8346717087976,0.));
#8489=CARTESIAN_POINT('Ctrl Pts',(-9.30954544295049,-6.90538238691624,0.));
#8490=CARTESIAN_POINT('Ctrl Pts',(-9.30954544295049,-6.88181216087669,0.));
#8491=CARTESIAN_POINT('Ctrl Pts',(-9.30954544295049,-6.85824193483714,0.));
#8492=CARTESIAN_POINT('Ctrl Pts',(-9.30954544295049,-6.83467170879759,0.));
#8493=CARTESIAN_POINT('',(-9.17776557781003,-6.51892696950961,0.130082810009851));
#8494=CARTESIAN_POINT('Ctrl Pts',(-9.30954544295049,-6.8346717087976,-1.73472347597681E-17));
#8495=CARTESIAN_POINT('Ctrl Pts',(-9.26565732806775,-6.72949980019558,0.0433341861157369));
#8496=CARTESIAN_POINT('Ctrl Pts',(-9.22172131860008,-6.62422871449421,0.08670463444518));
#8497=CARTESIAN_POINT('Ctrl Pts',(-9.17776557781004,-6.51892696950961,0.130082810009852));
#8498=CARTESIAN_POINT('',(-8.90444835034357,-6.78312800678394,0.399967523240271));
#8499=CARTESIAN_POINT('Ctrl Pts',(-9.17776557790853,-6.51892696956508,0.130082809912627));
#8500=CARTESIAN_POINT('Ctrl Pts',(-9.15426561391164,-6.54204240631481,0.153282668013107));
#8501=CARTESIAN_POINT('Ctrl Pts',(-9.13073192695746,-6.5650881091894,0.176517147033208));
#8502=CARTESIAN_POINT('Ctrl Pts',(-9.10716492671302,-6.58806273187823,0.199785818371372));
#8503=CARTESIAN_POINT('Ctrl Pts',(-9.03987358357885,-6.65366264712825,0.266225336810384));
#8504=CARTESIAN_POINT('Ctrl Pts',(-8.97229798556562,-6.71869539264375,0.332956115924649));
#8505=CARTESIAN_POINT('Ctrl Pts',(-8.90444835081117,-6.78312800678394,0.399967523255173));
#8506=CARTESIAN_POINT('Ctrl Pts',(-8.90444835081117,-6.78312800678394,0.399967523255173));
#8507=CARTESIAN_POINT('Ctrl Pts',(-8.90447896896839,-6.87742421472085,0.39996791344616));
#8508=CARTESIAN_POINT('Ctrl Pts',(-8.90450903511412,-6.97172042265775,0.399968293079695));
#8509=CARTESIAN_POINT('Ctrl Pts',(-8.90453857901115,-7.06601663059465,0.39996866291435));
#8510=CARTESIAN_POINT('Origin',(-1.21975919754679,1.21975919754679,0.));
#8511=CARTESIAN_POINT('',(5.47363849478349,6.88785205715657,6.84154775377241));
#8512=CARTESIAN_POINT('Ctrl Pts',(5.47363845048559,6.88785201278748,6.84154770478241));
#8513=CARTESIAN_POINT('Ctrl Pts',(6.12076069421179,7.77982025593488,5.45106613222033));
#8514=CARTESIAN_POINT('Ctrl Pts',(6.52871474622263,8.43246891302544,3.79662389518067));
#8515=CARTESIAN_POINT('Ctrl Pts',(6.65185292002079,8.77317326352832,2.06016592011716));
#8516=CARTESIAN_POINT('',(5.13037757677796,6.54459113915104,7.42007767756104));
#8517=CARTESIAN_POINT('Origin',(-0.707106781186539,0.707106781186539,0.));
#8518=CARTESIAN_POINT('',(1.71322954745483,3.83454989101445,10.3836925826533));
#8519=CARTESIAN_POINT('Ctrl Pts',(1.71322954745479,3.83454989101442,10.3836925826533));
#8520=CARTESIAN_POINT('Ctrl Pts',(2.99094717023124,4.89470133703405,9.75915647247573));
#8521=CARTESIAN_POINT('Ctrl Pts',(4.17330302048853,5.83236258221162,8.73329979315386));
#8522=CARTESIAN_POINT('Ctrl Pts',(5.13037753500024,6.54459109730213,7.42007762432354));
#8523=CARTESIAN_POINT('',(-3.83454989101431,-1.71322954745468,10.3836925826534));
#8524=CARTESIAN_POINT('Origin',(-1.06066017177981,1.06066017177981,0.));
#8525=CARTESIAN_POINT('',(-6.54459113915112,-5.13037757677807,7.42007767756088));
#8526=CARTESIAN_POINT('Ctrl Pts',(-6.54459109730222,-5.13037753500035,7.42007762432339));
#8527=CARTESIAN_POINT('Ctrl Pts',(-5.83236258221166,-4.1733030204886,8.73329979315382));
#8528=CARTESIAN_POINT('Ctrl Pts',(-4.89470133703449,-2.99094717023177,9.75915647247549));
#8529=CARTESIAN_POINT('Ctrl Pts',(-3.83454989126829,-1.71322954776077,10.3836925825037));
#8530=CARTESIAN_POINT('',(-6.88785205715654,-5.47363849478347,6.84154775377246));
#8531=CARTESIAN_POINT('Origin',(-0.707106781186537,0.707106781186537,0.));
#8532=CARTESIAN_POINT('',(-8.77317326360992,-6.65185292005029,2.06016591970124));
#8533=CARTESIAN_POINT('Ctrl Pts',(-8.77317326360992,-6.6518529200503,2.06016591970121));
#8534=CARTESIAN_POINT('Ctrl Pts',(-8.43246891302544,-6.52871474622264,3.79662389518066));
#8535=CARTESIAN_POINT('Ctrl Pts',(-7.77982025593486,-6.1207606942118,5.45106613222037));
#8536=CARTESIAN_POINT('Ctrl Pts',(-6.88785201278744,-5.47363845048557,6.84154770478247));
#8537=CARTESIAN_POINT('Origin',(-1.06066017177981,1.06066017177981,0.));
#8538=CARTESIAN_POINT('',(-9.22646932478915,-6.46875287816166,0.199999999999989));
#8539=CARTESIAN_POINT('Origin',(-1.23743686707645,1.23743686707645,0.));
#8540=CARTESIAN_POINT('',(-9.09364350126721,-6.33592705463971,2.04308008412428));
#8541=CARTESIAN_POINT('Origin',(-1.37885822331375,1.37885822331375,0.));
#8542=CARTESIAN_POINT('',(-7.21456674871871,-5.16395708327775,6.82613169154741));
#8543=CARTESIAN_POINT('Ctrl Pts',(-7.2145667487187,-5.16395708327774,6.82613169154742));
#8544=CARTESIAN_POINT('Ctrl Pts',(-8.10518096541023,-5.80962517482699,5.43318265213898));
#8545=CARTESIAN_POINT('Ctrl Pts',(-8.75518085386093,-6.21494529128279,3.77796801325463));
#8546=CARTESIAN_POINT('Ctrl Pts',(-9.09364350126721,-6.3359270546397,2.04308008412428));
#8547=CARTESIAN_POINT('',(-6.8535328952457,-4.80292322980473,7.43461601579983));
#8548=CARTESIAN_POINT('Origin',(-1.02530483272048,1.02530483272048,0.));
#8549=CARTESIAN_POINT('',(-4.14124453861621,-1.38352809198871,10.3898240451925));
#8550=CARTESIAN_POINT('Ctrl Pts',(-4.14124453861622,-1.38352809198871,10.3898240451925));
#8551=CARTESIAN_POINT('Ctrl Pts',(-5.2007271690666,-2.66049160648846,9.76862325977224));
#8552=CARTESIAN_POINT('Ctrl Pts',(-6.13939236978867,-3.84383657920543,8.74631114057113));
#8553=CARTESIAN_POINT('Ctrl Pts',(-6.85353289524571,-4.80292322980474,7.4346160157998));
#8554=CARTESIAN_POINT('',(1.3835280919887,4.14124453861621,10.3898240451925));
#8555=CARTESIAN_POINT('Origin',(-1.37885822331375,1.37885822331375,0.));
#8556=CARTESIAN_POINT('',(4.80292322980465,6.85353289524564,7.43461601579993));
#8557=CARTESIAN_POINT('Ctrl Pts',(4.80292322980474,6.85353289524571,7.4346160157998));
#8558=CARTESIAN_POINT('Ctrl Pts',(3.84383657920543,6.13939236978868,8.74631114057113));
#8559=CARTESIAN_POINT('Ctrl Pts',(2.66049160648845,5.20072716906659,9.76862325977224));
#8560=CARTESIAN_POINT('Ctrl Pts',(1.3835280919887,4.14124453861621,10.3898240451925));
#8561=CARTESIAN_POINT('',(5.16395708327774,7.21456674871872,6.82613169154741));
#8562=CARTESIAN_POINT('Origin',(-1.02530483272049,1.02530483272049,0.));
#8563=CARTESIAN_POINT('',(6.33592705463969,9.09364350126719,2.04308008412441));
#8564=CARTESIAN_POINT('Ctrl Pts',(6.33592705463969,9.09364350126719,2.04308008412441));
#8565=CARTESIAN_POINT('Ctrl Pts',(6.21494529128277,8.7551808538609,3.7779680132547));
#8566=CARTESIAN_POINT('Ctrl Pts',(5.80962517482698,8.10518096541022,5.433182652139));
#8567=CARTESIAN_POINT('Ctrl Pts',(5.16395708327775,7.21456674871872,6.8261316915474));
#8568=CARTESIAN_POINT('',(6.46875287816165,9.22646932478916,0.199999999999989));
#8569=CARTESIAN_POINT('Origin',(-1.37885822331375,1.37885822331375,0.));
#8570=CARTESIAN_POINT('Origin',(-1.23743686707645,1.23743686707645,0.));
#8571=CARTESIAN_POINT('Origin',(-9.08899801308929,-6.33128156646178,0.2));
#8572=CARTESIAN_POINT('',(-16.5405591591021,-14.0656854249492,0.));
#8573=CARTESIAN_POINT('',(-8.94757665685198,-6.47270292269909,0.));
#8574=CARTESIAN_POINT('',(-16.8234018715767,-13.7828427124746,0.4));
#8575=CARTESIAN_POINT('',(-16.8234018715767,-13.7828427124746,0.4));
#8576=CARTESIAN_POINT('',(-9.50557857207476,-6.46501941297263,0.4));
#8577=CARTESIAN_POINT('',(-9.2304193693266,-6.18986021022447,0.4));
#8578=CARTESIAN_POINT('Ctrl Pts',(-9.50557857207476,-6.46501941297263,0.4));
#8579=CARTESIAN_POINT('Ctrl Pts',(-9.36540902646951,-6.46750106752949,0.29913036902097));
#8580=CARTESIAN_POINT('Ctrl Pts',(-9.22646932478915,-6.46875287816166,0.199999999999989));
#8581=CARTESIAN_POINT('Origin',(0.,0.,0.));
#8582=CARTESIAN_POINT('',(-7.84888527117067,-8.41457069611993,0.));
#8583=CARTESIAN_POINT('',(4.20728534805997,3.64159992311071,0.));
#8584=CARTESIAN_POINT('',(-7.81352993211135,-8.44992603517925,0.));
#8585=CARTESIAN_POINT('',(-7.831207601641,-8.43224836564959,0.));
#8586=CARTESIAN_POINT('',(-14.3,-14.9363961030679,0.));
#8587=CARTESIAN_POINT('',(7.56871843353825,6.93232233047033,0.));
#8588=CARTESIAN_POINT('',(-14.3,-24.3,0.));
#8589=CARTESIAN_POINT('',(-14.3,-7.55104076400857,0.));
#8590=CARTESIAN_POINT('',(-16.5,-24.3,0.));
#8591=CARTESIAN_POINT('',(-12.35,-24.3,0.));
#8592=CARTESIAN_POINT('',(-16.5,-20.7928116397785,0.));
#8593=CARTESIAN_POINT('',(-16.5,-12.35,0.));
#8594=CARTESIAN_POINT('',(-20.7928116397785,-16.5,0.));
#8595=CARTESIAN_POINT('',(-17.6317815537073,-19.6610300860712,0.));
#8596=CARTESIAN_POINT('',(-23.9343145750508,-16.5,0.));
#8597=CARTESIAN_POINT('',(-10.4792485323639,-16.5,0.));
#8598=CARTESIAN_POINT('',(-24.3,-16.1343145750508,0.));
#8599=CARTESIAN_POINT('',(-22.1671572875254,-18.2671572875254,0.));
#8600=CARTESIAN_POINT('',(-24.3,16.1343145750508,0.));
#8601=CARTESIAN_POINT('',(-24.3,12.35,0.));
#8602=CARTESIAN_POINT('',(-23.9343145750507,16.5,0.));
#8603=CARTESIAN_POINT('',(-22.1671572875254,18.2671572875254,0.));
#8604=CARTESIAN_POINT('',(-20.7928116397785,16.5,0.));
#8605=CARTESIAN_POINT('',(-12.35,16.5,0.));
#8606=CARTESIAN_POINT('',(-16.5,20.7928116397785,0.));
#8607=CARTESIAN_POINT('',(-19.6610300860712,17.6317815537073,0.));
#8608=CARTESIAN_POINT('',(-16.5,23.9343145750507,0.));
#8609=CARTESIAN_POINT('',(-16.5,10.4792485323639,0.));
#8610=CARTESIAN_POINT('',(-16.1343145750508,24.3,0.));
#8611=CARTESIAN_POINT('',(-18.2671572875254,22.1671572875253,0.));
#8612=CARTESIAN_POINT('',(-11.5,24.3,0.));
#8613=CARTESIAN_POINT('',(12.35,24.3,0.));
#8614=CARTESIAN_POINT('',(-11.5,24.25,0.));
#8615=CARTESIAN_POINT('',(-11.5,24.275,0.));
#8616=CARTESIAN_POINT('',(-13.2,24.25,0.));
#8617=CARTESIAN_POINT('',(6.4,24.25,0.));
#8618=CARTESIAN_POINT('',(-13.2,22.15,0.));
#8619=CARTESIAN_POINT('',(-13.2,23.2,0.));
#8620=CARTESIAN_POINT('',(-11.4656854249492,22.15,0.));
#8621=CARTESIAN_POINT('',(5.55,22.15,0.));
#8622=CARTESIAN_POINT('',(-11.4156854249492,22.1,0.));
#8623=CARTESIAN_POINT('Ctrl Pts',(-11.4156854249492,22.1,0.));
#8624=CARTESIAN_POINT('Ctrl Pts',(-11.4323520916159,22.1166666666667,0.));
#8625=CARTESIAN_POINT('Ctrl Pts',(-11.4490187582826,22.1333333333334,0.));
#8626=CARTESIAN_POINT('Ctrl Pts',(-11.4656854249492,22.15,0.));
#8627=CARTESIAN_POINT('',(-12.9079281888042,22.1,0.));
#8628=CARTESIAN_POINT('',(6.95,22.1,0.));
#8629=CARTESIAN_POINT('',(-13.7079281888042,21.3,0.));
#8630=CARTESIAN_POINT('Origin',(-12.9079281888042,21.3,0.));
#8631=CARTESIAN_POINT('',(-13.7079281888043,16.8079281888042,0.));
#8632=CARTESIAN_POINT('',(-13.7079281888043,10.85,0.));
#8633=CARTESIAN_POINT('',(-16.8079281888043,13.7079281888042,0.));
#8634=CARTESIAN_POINT('Origin',(-16.8079281888042,16.8079281888042,0.));
#8635=CARTESIAN_POINT('',(-21.3,13.7079281888042,0.));
#8636=CARTESIAN_POINT('',(-8.40396409440213,13.7079281888042,0.));
#8637=CARTESIAN_POINT('',(-22.1,12.9079281888042,0.));
#8638=CARTESIAN_POINT('Origin',(-21.3,12.9079281888042,0.));
#8639=CARTESIAN_POINT('',(-22.1,-13.5,0.));
#8640=CARTESIAN_POINT('',(-22.1,6.65396409440213,0.));
#8641=CARTESIAN_POINT('',(-21.3,-14.3,0.));
#8642=CARTESIAN_POINT('Origin',(-21.3,-13.5,0.));
#8643=CARTESIAN_POINT('',(-17.1062445840514,-14.3,0.));
#8644=CARTESIAN_POINT('',(-10.85,-14.3,0.));
#8645=CARTESIAN_POINT('Origin',(-17.1062445840514,-13.5,0.));
#8646=CARTESIAN_POINT('',(-18.8329281888042,-16.8079281888042,0.));
#8647=CARTESIAN_POINT('Origin',(-16.8079281888042,-16.8079281888042,0.));
#8648=CARTESIAN_POINT('',(-18.8329281888042,16.8079281888042,0.));
#8649=CARTESIAN_POINT('Origin',(-16.8079281888042,16.8079281888042,0.));
#8650=CARTESIAN_POINT('Origin',(17.7732029099446,19.8024514423085,0.2));
#8651=CARTESIAN_POINT('',(16.9,20.9584970647278,0.4));
#8652=CARTESIAN_POINT('',(16.5,20.7928116397785,0.));
#8653=CARTESIAN_POINT('',(20.9584970647278,16.9,0.4));
#8654=CARTESIAN_POINT('',(17.9146242661819,19.9438727985458,0.4));
#8655=CARTESIAN_POINT('',(20.9584970647278,16.9,0.4));
#8656=CARTESIAN_POINT('Origin',(16.7,12.35,0.2));
#8657=CARTESIAN_POINT('',(16.6,24.4,0.0999999999999984));
#8658=CARTESIAN_POINT('',(13.95,21.75,-2.55000000000001));
#8659=CARTESIAN_POINT('',(16.9,24.1,0.4));
#8660=CARTESIAN_POINT('',(18.625,22.375,2.125));
#8661=CARTESIAN_POINT('',(16.9,12.35,0.4));
#8662=CARTESIAN_POINT('Origin',(10.4792485323639,16.7,0.2));
#8663=CARTESIAN_POINT('',(24.3,16.9,0.4));
#8664=CARTESIAN_POINT('',(10.4792485323639,16.9,0.4));
#8665=CARTESIAN_POINT('',(24.3,16.9,0.4));
#8666=CARTESIAN_POINT('Origin',(24.5,-12.35,0.2));
#8667=CARTESIAN_POINT('',(24.7,14.3,0.4));
#8668=CARTESIAN_POINT('',(24.7,14.3,0.4));
#8669=CARTESIAN_POINT('',(24.7,16.5,0.4));
#8670=CARTESIAN_POINT('',(24.3,16.5,0.));
#8671=CARTESIAN_POINT('',(24.7,-12.35,0.4));
#8672=CARTESIAN_POINT('Origin',(24.3,16.5,0.4));
#8673=CARTESIAN_POINT('Origin',(24.3,16.5,0.4));
#8674=CARTESIAN_POINT('Ctrl Pts',(8.58629621014571,7.78926586339941,0.));
#8675=CARTESIAN_POINT('Ctrl Pts',(8.44005630656387,7.7892658633994,0.));
#8676=CARTESIAN_POINT('Ctrl Pts',(8.29381640298202,7.78926586339939,0.));
#8677=CARTESIAN_POINT('Ctrl Pts',(8.14757649940018,7.78926586339938,0.));
#8678=CARTESIAN_POINT('Ctrl Pts',(8.58629621014572,7.65426357541963,0.133322887638117));
#8679=CARTESIAN_POINT('Ctrl Pts',(8.44005630656387,7.65424830263631,0.133322696451269));
#8680=CARTESIAN_POINT('Ctrl Pts',(8.29381640298203,7.6542326109638,0.133322497402329));
#8681=CARTESIAN_POINT('Ctrl Pts',(8.14757649940019,7.65421646391055,0.133322289564528));
#8682=CARTESIAN_POINT('Ctrl Pts',(8.58629621014573,7.51926128743985,0.266645775276234));
#8683=CARTESIAN_POINT('Ctrl Pts',(8.44005630656388,7.51923074187322,0.266645392902538));
#8684=CARTESIAN_POINT('Ctrl Pts',(8.29381640298204,7.51919935852822,0.266644994804659));
#8685=CARTESIAN_POINT('Ctrl Pts',(8.1475764994002,7.51916706442172,0.266644579129056));
#8686=CARTESIAN_POINT('Ctrl Pts',(8.58629621014574,7.38425899946007,0.399968662914351));
#8687=CARTESIAN_POINT('Ctrl Pts',(8.44005630656389,7.38421318111012,0.399968089353807));
#8688=CARTESIAN_POINT('Ctrl Pts',(8.29381640298205,7.38416610609263,0.399967492206989));
#8689=CARTESIAN_POINT('Ctrl Pts',(8.14757649940021,7.38411766493289,0.399966868693583));
#8690=CARTESIAN_POINT('',(8.58629621014573,7.38425899946007,0.399968662914351));
#8691=CARTESIAN_POINT('',(8.30340758633504,7.38416877079247,0.399967523240271));
#8692=CARTESIAN_POINT('Ctrl Pts',(8.58629621014574,7.38425899946007,0.399968662914351));
#8693=CARTESIAN_POINT('Ctrl Pts',(8.49200000220884,7.38422945556303,0.399968293079696));
#8694=CARTESIAN_POINT('Ctrl Pts',(8.39770379427194,7.3841993891771,0.399967913438496));
#8695=CARTESIAN_POINT('Ctrl Pts',(8.30340758633504,7.38416877095288,0.399967523245369));
#8696=CARTESIAN_POINT('',(8.14757649940028,7.54653573539166,0.239625918625105));
#8697=CARTESIAN_POINT('Ctrl Pts',(8.30340758633504,7.38416877079247,0.399967523240271));
#8698=CARTESIAN_POINT('Ctrl Pts',(8.25184496339309,7.4384658870122,0.346341204101237));
#8699=CARTESIAN_POINT('Ctrl Pts',(8.1998957259981,7.49258991307133,0.292892226327259));
#8700=CARTESIAN_POINT('Ctrl Pts',(8.14757649940028,7.54653573539166,0.239625918625105));
#8701=CARTESIAN_POINT('Ctrl Pts',(8.14757649940028,7.54653573539166,0.239625918625105));
#8702=CARTESIAN_POINT('Ctrl Pts',(8.1625610342991,7.56152027029048,0.224835990832389));
#8703=CARTESIAN_POINT('Ctrl Pts',(8.17754514234902,7.57650437834041,0.210045925017649));
#8704=CARTESIAN_POINT('Ctrl Pts',(8.25845552402962,7.65741476002101,0.130180328257663));
#8705=CARTESIAN_POINT('Ctrl Pts',(8.32438677785711,7.7233460138485,0.0650897017668791));
#8706=CARTESIAN_POINT('Ctrl Pts',(8.390306627408,7.7892658633994,-4.9203029518567E-16));
#8707=CARTESIAN_POINT('Ctrl Pts',(8.42566196646732,7.7892658633994,0.));
#8708=CARTESIAN_POINT('Ctrl Pts',(8.45242089306644,7.72176841285186,0.0666493234504797));
#8709=CARTESIAN_POINT('Ctrl Pts',(8.47918510034289,7.65427289942304,0.133301011153934));
#8710=CARTESIAN_POINT('Ctrl Pts',(8.5327295839666,7.51927141631068,0.266623142798371));
#8711=CARTESIAN_POINT('Ctrl Pts',(8.55951078764807,7.451763116972,0.333295889778604));
#8712=CARTESIAN_POINT('Ctrl Pts',(8.58629621014573,7.38425899946007,0.399968662914351));
#8713=CARTESIAN_POINT('Origin',(12.35,14.1,0.2));
#8714=CARTESIAN_POINT('',(24.3,13.9,0.4));
#8715=CARTESIAN_POINT('',(24.3,14.3,0.));
#8716=CARTESIAN_POINT('',(15.1020815280172,13.9,0.4));
#8717=CARTESIAN_POINT('',(12.35,13.9,0.4));
#8718=CARTESIAN_POINT('',(15.1020815280172,13.9,0.4));
#8719=CARTESIAN_POINT('Origin',(7.71013978977556,6.79090097423303,0.2));
#8720=CARTESIAN_POINT('',(8.58633975653228,7.38425822851512,0.4));
#8721=CARTESIAN_POINT('',(7.85156114601287,6.64947961799571,0.4));
#8722=CARTESIAN_POINT('Ctrl Pts',(8.58633975653228,7.38425822851512,0.4));
#8723=CARTESIAN_POINT('Ctrl Pts',(8.58631798332418,7.38425861400243,0.399984331436182));
#8724=CARTESIAN_POINT('Ctrl Pts',(8.58629621014573,7.38425899946007,0.399968662914351));
#8725=CARTESIAN_POINT('Origin',(24.3,14.3,0.4));
#8726=CARTESIAN_POINT('Origin',(24.3,14.3,0.4));
#8727=CARTESIAN_POINT('Ctrl Pts',(8.390306627408,7.54653573539158,0.));
#8728=CARTESIAN_POINT('Ctrl Pts',(8.390306627408,7.69277563897343,0.));
#8729=CARTESIAN_POINT('Ctrl Pts',(8.390306627408,7.83901554255529,0.));
#8730=CARTESIAN_POINT('Ctrl Pts',(8.390306627408,7.98525544613714,0.));
#8731=CARTESIAN_POINT('Ctrl Pts',(8.25525722791917,7.54653573539158,0.133322289564528));
#8732=CARTESIAN_POINT('Ctrl Pts',(8.25527337497241,7.69277563897343,0.133322497402329));
#8733=CARTESIAN_POINT('Ctrl Pts',(8.25528906664491,7.83901554255529,0.133322696451269));
#8734=CARTESIAN_POINT('Ctrl Pts',(8.25530433942822,7.98525544613714,0.133322887638117));
#8735=CARTESIAN_POINT('Ctrl Pts',(8.12020782843034,7.54653573539158,0.266644579129056));
#8736=CARTESIAN_POINT('Ctrl Pts',(8.12024012253683,7.69277563897343,0.266644994804659));
#8737=CARTESIAN_POINT('Ctrl Pts',(8.12027150588181,7.83901554255529,0.266645392902538));
#8738=CARTESIAN_POINT('Ctrl Pts',(8.12030205144844,7.98525544613714,0.266645775276234));
#8739=CARTESIAN_POINT('Ctrl Pts',(7.98515842894151,7.54653573539158,0.399966868693583));
#8740=CARTESIAN_POINT('Ctrl Pts',(7.98520687010124,7.69277563897343,0.399967492206988));
#8741=CARTESIAN_POINT('Ctrl Pts',(7.98525394511872,7.83901554255529,0.399968089353806));
#8742=CARTESIAN_POINT('Ctrl Pts',(7.98529976346865,7.98525544613714,0.399968662914351));
#8743=CARTESIAN_POINT('',(7.98520953480108,7.70236682232644,0.399967523240271));
#8744=CARTESIAN_POINT('Ctrl Pts',(8.14757649942914,7.5465357354,0.239625918596619));
#8745=CARTESIAN_POINT('Ctrl Pts',(8.09363318158815,7.59885253312492,0.292889753366469));
#8746=CARTESIAN_POINT('Ctrl Pts',(8.03950911413807,7.65080186040103,0.346338771507332));
#8747=CARTESIAN_POINT('Ctrl Pts',(7.98520953496149,7.70236682232644,0.399967523245369));
#8748=CARTESIAN_POINT('',(7.98529976346866,7.98525544613714,0.399968662914358));
#8749=CARTESIAN_POINT('Ctrl Pts',(7.98520953496149,7.70236682232644,0.399967523245369));
#8750=CARTESIAN_POINT('Ctrl Pts',(7.9852401531857,7.79666303026334,0.399967913438495));
#8751=CARTESIAN_POINT('Ctrl Pts',(7.98527021957163,7.89095923820024,0.399968293079695));
#8752=CARTESIAN_POINT('Ctrl Pts',(7.98529976346865,7.98525544613714,0.399968662914351));
#8753=CARTESIAN_POINT('Ctrl Pts',(7.98529976346865,7.98525544613714,0.399968662914351));
#8754=CARTESIAN_POINT('Ctrl Pts',(8.05278265030418,7.95847844790541,0.333316858989433));
#8755=CARTESIAN_POINT('Ctrl Pts',(8.12026971596744,7.93170566598299,0.266665081568012));
#8756=CARTESIAN_POINT('Ctrl Pts',(8.25527119518581,7.87816117640137,0.133342948464155));
#8757=CARTESIAN_POINT('Ctrl Pts',(8.32278794231175,7.851388547357,0.0666702911802814));
#8758=CARTESIAN_POINT('Ctrl Pts',(8.390306627408,7.82462120245874,0.));
#8759=CARTESIAN_POINT('Origin',(0.300520382004295,-0.300520382004295,0.));
#8760=CARTESIAN_POINT('',(-7.38416959830976,-8.30340841385233,0.399935064934637));
#8761=CARTESIAN_POINT('Origin',(0.459619407771287,-0.459619407771286,0.));
#8762=CARTESIAN_POINT('',(-7.70233561304245,-7.98524239911964,0.399935064934637));
#8763=CARTESIAN_POINT('',(-7.54326862407675,-8.14430938808534,0.399935064934637));
#8764=CARTESIAN_POINT('',(-7.70236682232644,-7.98520953480108,0.399967523240271));
#8765=CARTESIAN_POINT('Ctrl Pts',(-7.70236682232644,-7.98520953480108,0.399967523240271));
#8766=CARTESIAN_POINT('Ctrl Pts',(-7.70235641924742,-7.98522048958108,0.399956703797743));
#8767=CARTESIAN_POINT('Ctrl Pts',(-7.70234601615275,-7.98523144435393,0.399945884362532));
#8768=CARTESIAN_POINT('Ctrl Pts',(-7.70233561304245,-7.98524239911964,0.399935064934636));
#8769=CARTESIAN_POINT('Origin',(0.141421356237319,-0.141421356237319,0.));
#8770=CARTESIAN_POINT('Origin',(0.530330085889931,-0.530330085889931,0.));
#8771=CARTESIAN_POINT('',(-7.38425822851513,-8.58633975653227,0.4));
#8772=CARTESIAN_POINT('Origin',(0.601040764008576,-0.601040764008576,0.));
#8773=CARTESIAN_POINT('',(-7.38643776514653,-8.44607804566257,0.299278827971301));
#8774=CARTESIAN_POINT('Ctrl Pts',(-7.38643776514653,-8.44607804566257,0.299278827971301));
#8775=CARTESIAN_POINT('Ctrl Pts',(-7.38550260902736,-8.51605428890566,0.349420759323782));
#8776=CARTESIAN_POINT('Ctrl Pts',(-7.38425822851513,-8.58633975653227,0.4));
#8777=CARTESIAN_POINT('Ctrl Pts',(-7.38416959830976,-8.30340841385233,0.399935064934637));
#8778=CARTESIAN_POINT('Ctrl Pts',(-7.38546953091939,-8.37425474110116,0.34983101274037));
#8779=CARTESIAN_POINT('Ctrl Pts',(-7.38643776514653,-8.44607804566257,0.299278827971301));
#8780=CARTESIAN_POINT('Origin',(15.1020815280172,13.9,0.));
#8781=CARTESIAN_POINT('',(15.1020815280172,13.9,16.6));
#8782=CARTESIAN_POINT('',(15.1020815280172,13.9,0.));
#8783=CARTESIAN_POINT('',(-13.9,-15.1020815280171,16.6));
#8784=CARTESIAN_POINT('',(7.85156114601287,6.64947961799571,16.6));
#8785=CARTESIAN_POINT('',(-13.9,-15.1020815280171,0.4));
#8786=CARTESIAN_POINT('',(-13.9,-15.1020815280171,0.));
#8787=CARTESIAN_POINT('',(7.85156114601287,6.64947961799571,0.4));
#8788=CARTESIAN_POINT('Origin',(24.7,13.9,0.));
#8789=CARTESIAN_POINT('',(24.3,13.9,16.6));
#8790=CARTESIAN_POINT('',(24.3,13.9,0.));
#8791=CARTESIAN_POINT('',(12.35,13.9,16.6));
#8792=CARTESIAN_POINT('Origin',(4.06586399182266,3.78302127934802,0.2));
#8793=CARTESIAN_POINT('',(7.98529899252371,7.98529899252369,0.4));
#8794=CARTESIAN_POINT('',(3.92444263558535,3.92444263558533,0.4));
#8795=CARTESIAN_POINT('Ctrl Pts',(7.98529976346866,7.98525544613714,0.399968662914358));
#8796=CARTESIAN_POINT('Ctrl Pts',(7.98529937801102,7.98527721931557,0.399984331436201));
#8797=CARTESIAN_POINT('Ctrl Pts',(7.98529899252371,7.98529899252369,0.4));
#8798=CARTESIAN_POINT('Origin',(4.06586399182266,3.78302127934802,0.2));
#8799=CARTESIAN_POINT('',(-7.84813236897702,-8.33100533607758,0.0585572505115384));
#8800=CARTESIAN_POINT('',(-7.81047753518158,-4.15165804505996,2.98717607260252));
#8801=CARTESIAN_POINT('',(-7.98529899252368,-7.98529899252371,0.4));
#8802=CARTESIAN_POINT('',(3.92444263558535,3.92444263558533,0.4));
#8803=CARTESIAN_POINT('',(-7.98525544613714,-7.98529976346866,0.399968662914357));
#8804=CARTESIAN_POINT('Ctrl Pts',(-7.98529899252368,-7.98529899252371,0.4));
#8805=CARTESIAN_POINT('Ctrl Pts',(-7.98527721931558,-7.98529937801103,0.399984331436191));
#8806=CARTESIAN_POINT('Ctrl Pts',(-7.98525544613714,-7.98529976346866,0.399968662914357));
#8807=CARTESIAN_POINT('Ctrl Pts',(-7.9852554461371,-7.98529976346866,0.39996866291435));
#8808=CARTESIAN_POINT('Ctrl Pts',(-7.95709030830165,-8.05628101360015,0.329861579652771));
#8809=CARTESIAN_POINT('Ctrl Pts',(-7.92892980883276,-8.12726695365822,0.259754459932751));
#8810=CARTESIAN_POINT('Ctrl Pts',(-7.88322557663542,-8.2425034889856,0.145952151846659));
#8811=CARTESIAN_POINT('Ctrl Pts',(-7.86567790584981,-8.28675383887158,0.102254352365868));
#8812=CARTESIAN_POINT('Ctrl Pts',(-7.84813236897702,-8.33100533607758,0.0585572505115384));
#8813=CARTESIAN_POINT('Origin',(-7.68723811285888,-8.28827887686747,0.199967532467319));
#8814=CARTESIAN_POINT('Ctrl Pts',(-7.84813236897702,-8.33100533607758,0.0585572505115379));
#8815=CARTESIAN_POINT('Ctrl Pts',(-7.82799238498364,-8.28326145353443,0.105701160656948));
#8816=CARTESIAN_POINT('Ctrl Pts',(-7.80785484702743,-8.23551560830362,0.152844735126336));
#8817=CARTESIAN_POINT('Ctrl Pts',(-7.75925364152345,-8.12026382562115,0.266637171330049));
#8818=CARTESIAN_POINT('Ctrl Pts',(-7.73079171132731,-8.05275416724592,0.333287410613138));
#8819=CARTESIAN_POINT('Ctrl Pts',(-7.70233561304245,-7.98524239911964,0.399935064934635));
#8820=CARTESIAN_POINT('',(-2.42526761186059,-8.40137919090256,3.77574902266801));
#8821=CARTESIAN_POINT('Ctrl Pts',(-7.98525544613714,-8.3310116803441,0.0585573302734818));
#8822=CARTESIAN_POINT('Ctrl Pts',(-7.89094883510558,-8.33100735449871,0.0585572761219412));
#8823=CARTESIAN_POINT('Ctrl Pts',(-7.79664222407401,-8.33100295210545,0.058557220533212));
#8824=CARTESIAN_POINT('Ctrl Pts',(-7.70233561304245,-8.33099846895086,0.0585571634008244));
#8825=CARTESIAN_POINT('Ctrl Pts',(-7.98525544613714,-8.21577437471895,0.172361107820438));
#8826=CARTESIAN_POINT('Ctrl Pts',(-7.89094883510558,-8.21576164176989,0.172360948427592));
#8827=CARTESIAN_POINT('Ctrl Pts',(-7.79664222407401,-8.21574868350529,0.17236078480444));
#8828=CARTESIAN_POINT('Ctrl Pts',(-7.70233561304245,-8.21573548752302,0.172360616637593));
#8829=CARTESIAN_POINT('Ctrl Pts',(-7.98525544613714,-8.10053706909381,0.286164885367394));
#8830=CARTESIAN_POINT('Ctrl Pts',(-7.89094883510558,-8.10051592904106,0.286164620733242));
#8831=CARTESIAN_POINT('Ctrl Pts',(-7.79664222407401,-8.10049441490513,0.286164349075668));
#8832=CARTESIAN_POINT('Ctrl Pts',(-7.70233561304245,-8.10047250609519,0.286164069874361));
#8833=CARTESIAN_POINT('Ctrl Pts',(-7.98525544613714,-7.98529976346866,0.39996866291435));
#8834=CARTESIAN_POINT('Ctrl Pts',(-7.89094883510558,-7.98527021631224,0.399968293038893));
#8835=CARTESIAN_POINT('Ctrl Pts',(-7.79664222407401,-7.98524014630496,0.399967913346895));
#8836=CARTESIAN_POINT('Ctrl Pts',(-7.70233561304245,-7.98520952466735,0.399967523111129));
#8837=CARTESIAN_POINT('Ctrl Pts',(-7.98525544613714,-7.98529976346866,0.39996866291435));
#8838=CARTESIAN_POINT('Ctrl Pts',(-7.89095923820024,-7.98527021957163,0.399968293079695));
#8839=CARTESIAN_POINT('Ctrl Pts',(-7.79666303026334,-7.98524015293909,0.399967913430664));
#8840=CARTESIAN_POINT('Ctrl Pts',(-7.70236682232644,-7.98520953480108,0.399967523240271));
#8841=CARTESIAN_POINT('Origin',(0.0707106781186647,-0.0707106781186645,
0.));
#8842=CARTESIAN_POINT('Origin',(1.06512021424976E-14,-1.04950770296597E-14,
0.));
#8843=CARTESIAN_POINT('Origin',(7.84888527117069,7.84888527117067,0.));
#8844=CARTESIAN_POINT('',(9.05096679918782,9.05096679918779,15.5));
#8845=CARTESIAN_POINT('Origin',(-16.8079281888042,-16.8079281888042,0.2));
#8846=CARTESIAN_POINT('',(-18.4329281888042,-16.8079281888042,0.4));
#8847=CARTESIAN_POINT('',(-18.6329281888042,-16.8079281888042,0.2));
#8848=CARTESIAN_POINT('Origin',(-16.8079281888042,-16.8079281888042,0.4));
#8849=CARTESIAN_POINT('Origin',(-16.8079281888042,-16.8079281888042,0.));
#8850=CARTESIAN_POINT('',(-18.4329281888042,-16.8079281888042,12.6));
#8851=CARTESIAN_POINT('',(-18.4329281888042,-16.8079281888042,0.));
#8852=CARTESIAN_POINT('Origin',(-16.8079281888042,-16.8079281888042,12.6));
#8853=CARTESIAN_POINT('Origin',(-16.8079281888042,16.8079281888042,0.2));
#8854=CARTESIAN_POINT('',(-18.4329281888042,16.8079281888042,0.4));
#8855=CARTESIAN_POINT('',(-18.6329281888042,16.8079281888042,0.2));
#8856=CARTESIAN_POINT('Origin',(-16.8079281888042,16.8079281888042,0.4));
#8857=CARTESIAN_POINT('Origin',(-16.8079281888042,16.8079281888042,0.));
#8858=CARTESIAN_POINT('',(-18.4329281888042,16.8079281888042,12.6));
#8859=CARTESIAN_POINT('',(-18.4329281888042,16.8079281888042,0.));
#8860=CARTESIAN_POINT('Origin',(-16.8079281888042,16.8079281888042,12.6));
#8861=CARTESIAN_POINT('Origin',(6.95,21.9,0.2));
#8862=CARTESIAN_POINT('',(-11.0981980519362,21.9,0.2));
#8863=CARTESIAN_POINT('',(-11.2929181348312,21.7,0.4));
#8864=CARTESIAN_POINT('Ctrl Pts',(-11.0981980517851,21.9000000001538,0.19999999984622));
#8865=CARTESIAN_POINT('Ctrl Pts',(-11.1955580933082,21.8008696310572,0.299130368942841));
#8866=CARTESIAN_POINT('Ctrl Pts',(-11.2929181348312,21.7,0.399999999999996));
#8867=CARTESIAN_POINT('',(-12.9079281888042,21.7,0.4));
#8868=CARTESIAN_POINT('',(6.95,21.7,0.4));
#8869=CARTESIAN_POINT('',(-12.9079281888042,21.7,0.4));
#8870=CARTESIAN_POINT('',(-11.0992377424098,21.9699171900058,0.130082810017433));
#8871=CARTESIAN_POINT('Ctrl Pts',(-11.4156854249492,22.1,0.));
#8872=CARTESIAN_POINT('Ctrl Pts',(-11.3102231772842,22.0566407781243,0.0433592218757092));
#8873=CARTESIAN_POINT('Ctrl Pts',(-11.2047188580227,22.0132707607046,0.0867292393187072));
#8874=CARTESIAN_POINT('Ctrl Pts',(-11.0992377424098,21.9699171900058,0.130082810017433));
#8875=CARTESIAN_POINT('Origin',(0.,22.1,0.));
#8876=CARTESIAN_POINT('Origin',(-12.9079281888042,21.3,0.2));
#8877=CARTESIAN_POINT('',(-13.3079281888042,21.3,0.4));
#8878=CARTESIAN_POINT('',(-13.3079281888042,21.3,0.4));
#8879=CARTESIAN_POINT('Origin',(-12.9079281888042,21.3,0.4));
#8880=CARTESIAN_POINT('Origin',(-13.5079281888043,10.85,0.2));
#8881=CARTESIAN_POINT('',(-13.3079281888043,16.8079281888042,0.4));
#8882=CARTESIAN_POINT('',(-13.3079281888043,16.8079281888042,0.4));
#8883=CARTESIAN_POINT('',(-13.3079281888043,10.85,0.4));
#8884=CARTESIAN_POINT('Origin',(-16.8079281888042,16.8079281888042,0.2));
#8885=CARTESIAN_POINT('',(-16.8079281888043,13.3079281888042,0.4));
#8886=CARTESIAN_POINT('',(-16.8079281888043,13.3079281888042,0.4));
#8887=CARTESIAN_POINT('Origin',(-16.8079281888042,16.8079281888042,0.4));
#8888=CARTESIAN_POINT('Origin',(-8.40396409440213,13.5079281888042,0.2));
#8889=CARTESIAN_POINT('',(-21.3,13.3079281888042,0.4));
#8890=CARTESIAN_POINT('',(-21.3,13.3079281888042,0.4));
#8891=CARTESIAN_POINT('',(-8.40396409440213,13.3079281888042,0.4));
#8892=CARTESIAN_POINT('Origin',(-21.3,12.9079281888042,0.2));
#8893=CARTESIAN_POINT('',(-21.7,12.9079281888042,0.4));
#8894=CARTESIAN_POINT('',(-21.7,12.9079281888042,0.4));
#8895=CARTESIAN_POINT('Origin',(-21.3,12.9079281888042,0.4));
#8896=CARTESIAN_POINT('Origin',(-21.9,6.65396409440213,0.2));
#8897=CARTESIAN_POINT('',(-21.7,-13.5,0.4));
#8898=CARTESIAN_POINT('',(-21.7,-13.5,0.4));
#8899=CARTESIAN_POINT('',(-21.7,6.65396409440213,0.4));
#8900=CARTESIAN_POINT('Origin',(-21.3,-13.5,0.2));
#8901=CARTESIAN_POINT('',(-21.3,-13.9,0.4));
#8902=CARTESIAN_POINT('',(-21.3,-13.9,0.4));
#8903=CARTESIAN_POINT('Origin',(-21.3,-13.5,0.4));
#8904=CARTESIAN_POINT('Origin',(-10.85,-14.1,0.2));
#8905=CARTESIAN_POINT('',(-17.1062445840514,-13.9,0.4));
#8906=CARTESIAN_POINT('',(-17.1062445840514,-13.9,0.4));
#8907=CARTESIAN_POINT('',(-10.85,-13.9,0.4));
#8908=CARTESIAN_POINT('Origin',(-17.1062445840514,-13.5,0.2));
#8909=CARTESIAN_POINT('Origin',(-17.1062445840514,-13.5,0.4));
#8910=CARTESIAN_POINT('Origin',(0.,21.7,0.));
#8911=CARTESIAN_POINT('',(-11.0927916225066,22.35,0.399967523240271));
#8912=CARTESIAN_POINT('Ctrl Pts',(-11.0927916225066,22.35,0.39996752324027));
#8913=CARTESIAN_POINT('Ctrl Pts',(-11.0960538357283,22.2237107735664,0.309492548664392));
#8914=CARTESIAN_POINT('Ctrl Pts',(-11.0981895119768,22.096991893326,0.219522443001474));
#8915=CARTESIAN_POINT('Ctrl Pts',(-11.0992377424098,21.9699171900175,0.130082810029054));
#8916=CARTESIAN_POINT('',(-10.9071406144462,22.35,2.06016591970128));
#8917=CARTESIAN_POINT('Origin',(0.,22.35,0.));
#8918=CARTESIAN_POINT('',(-8.74089379485024,22.85,6.84154775377243));
#8919=CARTESIAN_POINT('Ctrl Pts',(-8.74089373215321,22.8500000000504,6.84154770478244));
#8920=CARTESIAN_POINT('Ctrl Pts',(-9.82919505228124,22.6768677335132,5.45106613222036));
#8921=CARTESIAN_POINT('Ctrl Pts',(-10.5791544200317,22.5038425189416,3.79662389518069));
#8922=CARTESIAN_POINT('Ctrl Pts',(-10.9071406143676,22.3500000000369,2.06016592011711));
#8923=CARTESIAN_POINT('',(-8.25544954917429,22.85,7.42007767756093));
#8924=CARTESIAN_POINT('Origin',(0.,22.85,0.));
#8925=CARTESIAN_POINT('',(-3.9228724614688,22.35,10.3836925826533));
#8926=CARTESIAN_POINT('Ctrl Pts',(-3.9228724614688,22.35,10.3836925826533));
#8927=CARTESIAN_POINT('Ctrl Pts',(-5.57599553354086,22.5038425189416,9.75915647247574));
#8928=CARTESIAN_POINT('Ctrl Pts',(-7.07507399795432,22.6768677335132,8.73329979315383));
#8929=CARTESIAN_POINT('Ctrl Pts',(-8.25544949004134,22.8500000000504,7.42007762432344));
#8930=CARTESIAN_POINT('',(3.92287246146875,22.35,10.3836925826533));
#8931=CARTESIAN_POINT('Origin',(0.,22.35,0.));
#8932=CARTESIAN_POINT('',(8.25544954917428,22.85,7.42007767756094));
#8933=CARTESIAN_POINT('Ctrl Pts',(8.25544949004133,22.8500000000504,7.42007762432345));
#8934=CARTESIAN_POINT('Ctrl Pts',(7.0750739979543,22.6768677335132,8.73329979315385));
#8935=CARTESIAN_POINT('Ctrl Pts',(5.57599553354082,22.5038425189416,9.75915647247576));
#8936=CARTESIAN_POINT('Ctrl Pts',(3.92287246186483,22.3500000000369,10.3836925825037));
#8937=CARTESIAN_POINT('',(8.74089379485026,22.85,6.8415477537724));
#8938=CARTESIAN_POINT('Origin',(0.,22.85,0.));
#8939=CARTESIAN_POINT('',(10.9071406144462,22.35,2.06016591970124));
#8940=CARTESIAN_POINT('Ctrl Pts',(10.9071406144462,22.35,2.06016591970124));
#8941=CARTESIAN_POINT('Ctrl Pts',(10.5791544200317,22.5038425189416,3.79662389518066));
#8942=CARTESIAN_POINT('Ctrl Pts',(9.82919505228126,22.6768677335132,5.45106613222033));
#8943=CARTESIAN_POINT('Ctrl Pts',(8.74089373215323,22.8500000000504,6.84154770478241));
#8944=CARTESIAN_POINT('',(11.0927916225066,22.35,0.399967523240271));
#8945=CARTESIAN_POINT('Origin',(0.,22.35,0.));
#8946=CARTESIAN_POINT('',(11.0927927927928,22.3499546931211,0.399935064934637));
#8947=CARTESIAN_POINT('Ctrl Pts',(11.0927927927928,22.3499546931211,0.399935064934634));
#8948=CARTESIAN_POINT('Ctrl Pts',(11.0927924027135,22.3499697954201,0.399945884362531));
#8949=CARTESIAN_POINT('Ctrl Pts',(11.0927920126181,22.3499848977131,0.399956703797743));
#8950=CARTESIAN_POINT('Ctrl Pts',(11.0927916225066,22.35,0.399967523240271));
#8951=CARTESIAN_POINT('',(11.0927927927928,21.9,0.399935064934637));
#8952=CARTESIAN_POINT('',(11.0927927927928,21.7,0.399935064934637));
#8953=CARTESIAN_POINT('',(10.9103539708781,21.9,2.04308008412416));
#8954=CARTESIAN_POINT('Origin',(0.,21.9,0.));
#8955=CARTESIAN_POINT('',(8.75293814268404,22.4,6.82613169154733));
#8956=CARTESIAN_POINT('Ctrl Pts',(8.75293814268398,22.4,6.8261316915474));
#8957=CARTESIAN_POINT('Ctrl Pts',(9.83925378065798,22.2267969338865,5.43318265213893));
#8958=CARTESIAN_POINT('Ctrl Pts',(10.5854777124492,22.0537822078898,3.77796801325454));
#8959=CARTESIAN_POINT('Ctrl Pts',(10.9103539708781,21.9,2.04308008412416));
#8960=CARTESIAN_POINT('',(8.24235917062661,22.4,7.43461601579984));
#8961=CARTESIAN_POINT('Origin',(0.,22.4,0.));
#8962=CARTESIAN_POINT('',(3.90660419161444,21.9,10.3898240451925));
#8963=CARTESIAN_POINT('Ctrl Pts',(3.90660419161444,21.9,10.3898240451925));
#8964=CARTESIAN_POINT('Ctrl Pts',(5.5587211045859,22.0537822078898,9.7686232597723));
#8965=CARTESIAN_POINT('Ctrl Pts',(7.05920888797154,22.2267969338865,8.74631114057117));
#8966=CARTESIAN_POINT('Ctrl Pts',(8.24235917062664,22.4,7.43461601579981));
#8967=CARTESIAN_POINT('',(-3.90660419161435,21.9,10.3898240451925));
#8968=CARTESIAN_POINT('Origin',(0.,21.9,0.));
#8969=CARTESIAN_POINT('',(-8.24235917062668,22.4,7.43461601579976));
#8970=CARTESIAN_POINT('Ctrl Pts',(-8.24235917062668,22.4,7.43461601579976));
#8971=CARTESIAN_POINT('Ctrl Pts',(-7.05920888797156,22.2267969338865,8.74631114057117));
#8972=CARTESIAN_POINT('Ctrl Pts',(-5.55872110458586,22.0537822078898,9.76862325977233));
#8973=CARTESIAN_POINT('Ctrl Pts',(-3.90660419161435,21.9,10.3898240451925));
#8974=CARTESIAN_POINT('',(-8.75293814268394,22.4,6.82613169154746));
#8975=CARTESIAN_POINT('Origin',(0.,22.4,0.));
#8976=CARTESIAN_POINT('',(-10.9103539708781,21.9,2.04308008412417));
#8977=CARTESIAN_POINT('Ctrl Pts',(-10.9103539708781,21.9,2.04308008412417));
#8978=CARTESIAN_POINT('Ctrl Pts',(-10.5854777124492,22.0537822078898,3.77796801325458));
#8979=CARTESIAN_POINT('Ctrl Pts',(-9.83925378065796,22.2267969338866,5.43318265213898));
#8980=CARTESIAN_POINT('Ctrl Pts',(-8.75293814268394,22.4,6.82613169154746));
#8981=CARTESIAN_POINT('Origin',(0.,21.9,0.));
#8982=CARTESIAN_POINT('Ctrl Pts',(-11.579270987945,22.2635855629958,0.));
#8983=CARTESIAN_POINT('Ctrl Pts',(-11.4503207181888,22.1346352932396,0.));
#8984=CARTESIAN_POINT('Ctrl Pts',(-11.3213704484327,22.0056850234834,0.));
#8985=CARTESIAN_POINT('Ctrl Pts',(-11.1924201786765,21.8767347537273,0.));
#8986=CARTESIAN_POINT('Ctrl Pts',(-11.4838099546388,22.359046596302,0.133322887638117));
#8987=CARTESIAN_POINT('Ctrl Pts',(-11.3548462177681,22.2301097936603,0.133322649225423));
#8988=CARTESIAN_POINT('Ctrl Pts',(-11.2258820205061,22.10117345141,0.133322398596387));
#8989=CARTESIAN_POINT('Ctrl Pts',(-11.0969173121108,21.972237620293,0.133322133922043));
#8990=CARTESIAN_POINT('Ctrl Pts',(-11.3883489213326,22.4545076296082,0.266645775276233));
#8991=CARTESIAN_POINT('Ctrl Pts',(-11.2593717173474,22.3255842940811,0.266645298450846));
#8992=CARTESIAN_POINT('Ctrl Pts',(-11.1303935925795,22.1966618793366,0.266644797192775));
#8993=CARTESIAN_POINT('Ctrl Pts',(-11.0014144455451,22.0677404868586,0.266644267844086));
#8994=CARTESIAN_POINT('Ctrl Pts',(-11.2928878880264,22.5499686629144,0.39996866291435));
#8995=CARTESIAN_POINT('Ctrl Pts',(-11.1638972169267,22.4210587945018,0.399967947676269));
#8996=CARTESIAN_POINT('Ctrl Pts',(-11.0349051646529,22.2921503072632,0.399967195789162));
#8997=CARTESIAN_POINT('Ctrl Pts',(-10.9059115789794,22.1632433534243,0.39996640176613));
#8998=CARTESIAN_POINT('',(-11.2928878880264,22.5499686629144,0.39996866291435));
#8999=CARTESIAN_POINT('Ctrl Pts',(-11.4656854249492,22.15,0.));
#9000=CARTESIAN_POINT('Ctrl Pts',(-11.4368783606428,22.2166506602251,0.0666506602250408));
#9001=CARTESIAN_POINT('Ctrl Pts',(-11.4080764002836,22.2833036848211,0.133303684821066));
#9002=CARTESIAN_POINT('Ctrl Pts',(-11.3504776040085,22.4166258165717,0.266625816571703));
#9003=CARTESIAN_POINT('Ctrl Pts',(-11.3216797760606,22.4832972266662,0.333297226666183));
#9004=CARTESIAN_POINT('Ctrl Pts',(-11.2928878880264,22.5499686629144,0.39996866291435));
#9005=CARTESIAN_POINT('Ctrl Pts',(-11.2928878880264,22.5499686629144,0.39996866291435));
#9006=CARTESIAN_POINT('Ctrl Pts',(-11.2261895092641,22.483312065532,0.399968293079695));
#9007=CARTESIAN_POINT('Ctrl Pts',(-11.1594907612162,22.4166558374351,0.39996791344616));
#9008=CARTESIAN_POINT('Ctrl Pts',(-11.0927916228373,22.3499999996694,0.399967523255173));
#9009=CARTESIAN_POINT('Origin',(12.35,24.5,0.2));
#9010=CARTESIAN_POINT('',(11.440377984995,24.3585572505116,0.0585572505116221));
#9011=CARTESIAN_POINT('',(11.513945252727,24.2863037896772,-0.013696210322835));
#9012=CARTESIAN_POINT('',(11.2928878880264,24.6999686629144,0.399968662914354));
#9013=CARTESIAN_POINT('Ctrl Pts',(11.440377984995,24.3585572505116,0.0585572505116221));
#9014=CARTESIAN_POINT('Ctrl Pts',(11.4185153990423,24.4091468174965,0.109146817496469));
#9015=CARTESIAN_POINT('Ctrl Pts',(11.3966558933079,24.4597373880965,0.159737388096474));
#9016=CARTESIAN_POINT('Ctrl Pts',(11.3474910761771,24.5735401258495,0.273540125849436));
#9017=CARTESIAN_POINT('Ctrl Pts',(11.3201868238799,24.6367543554942,0.336754355494216));
#9018=CARTESIAN_POINT('Ctrl Pts',(11.2928878880264,24.6999686629144,0.39996866291435));
#9019=CARTESIAN_POINT('',(11.2929181348312,24.7,0.4));
#9020=CARTESIAN_POINT('Ctrl Pts',(11.2928878880264,24.6999686629144,0.399968662914354));
#9021=CARTESIAN_POINT('Ctrl Pts',(11.2929030114288,24.6999843314362,0.399984331436202));
#9022=CARTESIAN_POINT('Ctrl Pts',(11.2929181348312,24.7,0.4));
#9023=CARTESIAN_POINT('',(16.3,24.7,0.4));
#9024=CARTESIAN_POINT('',(12.35,24.7,0.4));
#9025=CARTESIAN_POINT('',(15.875,25.125,0.824999999999999));
#9026=CARTESIAN_POINT('Ctrl Pts',(11.3372792544067,24.2554682315072,0.0585571634009097));
#9027=CARTESIAN_POINT('Ctrl Pts',(11.4039672686469,24.3221499056093,0.0585572205332973));
#9028=CARTESIAN_POINT('Ctrl Pts',(11.4706552257802,24.3888316368183,0.0585572761220266));
#9029=CARTESIAN_POINT('Ctrl Pts',(11.5373431287859,24.4555134221548,0.0585573302735672));
#9030=CARTESIAN_POINT('Ctrl Pts',(11.2557760186194,24.3369714672946,0.172360616637649));
#9031=CARTESIAN_POINT('Ctrl Pts',(11.3224701937591,24.4036469804972,0.172360784804497));
#9032=CARTESIAN_POINT('Ctrl Pts',(11.389164200807,24.4703226617915,0.172360948427649));
#9033=CARTESIAN_POINT('Ctrl Pts',(11.4558580485327,24.536998502408,0.172361107820495));
#9034=CARTESIAN_POINT('Ctrl Pts',(11.174272782832,24.418474703082,0.286164069874389));
#9035=CARTESIAN_POINT('Ctrl Pts',(11.2409731188712,24.485144055385,0.286164349075696));
#9036=CARTESIAN_POINT('Ctrl Pts',(11.3076731758338,24.5518136867647,0.286164620733271));
#9037=CARTESIAN_POINT('Ctrl Pts',(11.3743729682796,24.6184835826612,0.286164885367422));
#9038=CARTESIAN_POINT('Ctrl Pts',(11.0927695470446,24.4999779388694,0.399967523111128));
#9039=CARTESIAN_POINT('Ctrl Pts',(11.1594760439834,24.5666411302729,0.399967913346895));
#9040=CARTESIAN_POINT('Ctrl Pts',(11.2261821508606,24.633304711738,0.399968293038893));
#9041=CARTESIAN_POINT('Ctrl Pts',(11.2928878880264,24.6999686629144,0.39996866291435));
#9042=CARTESIAN_POINT('',(11.0927927927928,24.4999546931213,0.399935064934637));
#9043=CARTESIAN_POINT('Ctrl Pts',(11.440377984995,24.3585572505116,0.0585572505116232));
#9044=CARTESIAN_POINT('Ctrl Pts',(11.3923887370669,24.3780713176807,0.105689478641629));
#9045=CARTESIAN_POINT('Ctrl Pts',(11.3443998308679,24.3975885006959,0.152821371145415));
#9046=CARTESIAN_POINT('Ctrl Pts',(11.2285382710084,24.4447175721731,0.266613808130022));
#9047=CARTESIAN_POINT('Ctrl Pts',(11.160664215339,24.4723333239092,0.333275729582061));
#9048=CARTESIAN_POINT('Ctrl Pts',(11.0927927927928,24.4999546931213,0.399935064934638));
#9049=CARTESIAN_POINT('',(11.0927916225066,24.5000000000001,0.39996752324027));
#9050=CARTESIAN_POINT('Ctrl Pts',(11.0927927927928,24.4999546931213,0.399935064934638));
#9051=CARTESIAN_POINT('Ctrl Pts',(11.0927924027135,24.4999697954202,0.399945884362533));
#9052=CARTESIAN_POINT('Ctrl Pts',(11.0927920126181,24.4999848977132,0.399956703797744));
#9053=CARTESIAN_POINT('Ctrl Pts',(11.0927916225066,24.5000000000001,0.39996752324027));
#9054=CARTESIAN_POINT('Ctrl Pts',(11.0927916225066,24.5000000000001,0.39996752324027));
#9055=CARTESIAN_POINT('Ctrl Pts',(11.159490760872,24.5666558377794,0.399967913430664));
#9056=CARTESIAN_POINT('Ctrl Pts',(11.2261895092641,24.633312065532,0.399968293079694));
#9057=CARTESIAN_POINT('Ctrl Pts',(11.2928878880264,24.6999686629144,0.39996866291435));
#9058=CARTESIAN_POINT('Origin',(11.2963963963964,24.275,0.199967532467319));
#9059=CARTESIAN_POINT('',(11.440377984995,24.1914427494885,0.0585572505115475));
#9060=CARTESIAN_POINT('',(10.4983108116393,23.2661995576186,0.983800442381409));
#9061=CARTESIAN_POINT('',(11.0927927927928,24.0500453068789,0.399935064934637));
#9062=CARTESIAN_POINT('Ctrl Pts',(11.0927927927928,24.0500453068789,0.399935064934633));
#9063=CARTESIAN_POINT('Ctrl Pts',(11.1606546273557,24.0776627741066,0.333285146337558));
#9064=CARTESIAN_POINT('Ctrl Pts',(11.228519094108,24.1052746253681,0.266632642558255));
#9065=CARTESIAN_POINT('Ctrl Pts',(11.3443806533899,24.1524036997859,0.152840206140836));
#9066=CARTESIAN_POINT('Ctrl Pts',(11.3923791483316,24.1719247832122,0.105698896135762));
#9067=CARTESIAN_POINT('Ctrl Pts',(11.440377984995,24.1914427494885,0.058557250511548));
#9068=CARTESIAN_POINT('',(11.0927927927928,24.275,0.399935064934637));
#9069=CARTESIAN_POINT('Origin',(6.4,24.05,0.2));
#9070=CARTESIAN_POINT('',(12.7937484733756,23.85,0.4));
#9071=CARTESIAN_POINT('',(11.2929181348312,23.85,0.4));
#9072=CARTESIAN_POINT('',(6.4,23.85,0.4));
#9073=CARTESIAN_POINT('',(11.2928878880264,23.8500313370857,0.399968662914359));
#9074=CARTESIAN_POINT('Ctrl Pts',(11.2929181348312,23.85,0.4));
#9075=CARTESIAN_POINT('Ctrl Pts',(11.2929030114288,23.8500156685638,0.399984331436192));
#9076=CARTESIAN_POINT('Ctrl Pts',(11.2928878880264,23.8500313370857,0.399968662914359));
#9077=CARTESIAN_POINT('Ctrl Pts',(11.2928878880264,23.8500313370857,0.39996866291435));
#9078=CARTESIAN_POINT('Ctrl Pts',(11.3231634513904,23.9201384203829,0.329861579617081));
#9079=CARTESIAN_POINT('Ctrl Pts',(11.3534456108303,23.9902455400845,0.259754459915522));
#9080=CARTESIAN_POINT('Ctrl Pts',(11.4026123738658,24.104047848126,0.145952151874009));
#9081=CARTESIAN_POINT('Ctrl Pts',(11.4214940193374,24.1477456476158,0.102254352384265));
#9082=CARTESIAN_POINT('Ctrl Pts',(11.440377984995,24.1914427494885,0.0585572505115475));
#9083=CARTESIAN_POINT('',(12.79375,23.8500488311056,0.399951168894404));
#9084=CARTESIAN_POINT('',(13.2,24.25,0.));
#9085=CARTESIAN_POINT('Origin',(0.,24.25,0.));
#9086=CARTESIAN_POINT('Origin',(12.996875,23.2,0.199975584447202));
#9087=CARTESIAN_POINT('',(12.79375,22.5499511688944,0.399951168894404));
#9088=CARTESIAN_POINT('',(12.79375,23.2,0.399951168894404));
#9089=CARTESIAN_POINT('',(13.2,22.15,0.));
#9090=CARTESIAN_POINT('Origin',(5.55,22.35,0.2));
#9091=CARTESIAN_POINT('',(11.4403779849951,22.2085572505116,0.0585572505115369));
#9092=CARTESIAN_POINT('',(10.4244699381057,23.2063226228066,1.05632262280657));
#9093=CARTESIAN_POINT('',(11.2928878880264,22.5499686629144,0.399968662914357));
#9094=CARTESIAN_POINT('Ctrl Pts',(11.4403779849951,22.2085572505116,0.0585572505115369));
#9095=CARTESIAN_POINT('Ctrl Pts',(11.4185153990298,22.2591468175254,0.109146817525426));
#9096=CARTESIAN_POINT('Ctrl Pts',(11.3966558932893,22.3097373881395,0.159737388139457));
#9097=CARTESIAN_POINT('Ctrl Pts',(11.3474910762054,22.4235401257841,0.27354012578407));
#9098=CARTESIAN_POINT('Ctrl Pts',(11.3201868239357,22.4867543553649,0.336754355364893));
#9099=CARTESIAN_POINT('Ctrl Pts',(11.2928878880264,22.5499686629144,0.39996866291435));
#9100=CARTESIAN_POINT('',(11.2929181348312,22.55,0.4));
#9101=CARTESIAN_POINT('Ctrl Pts',(11.2928878880264,22.5499686629144,0.399968662914357));
#9102=CARTESIAN_POINT('Ctrl Pts',(11.2929030114288,22.5499843314362,0.399984331436199));
#9103=CARTESIAN_POINT('Ctrl Pts',(11.2929181348312,22.55,0.4));
#9104=CARTESIAN_POINT('',(12.7937484733756,22.55,0.4));
#9105=CARTESIAN_POINT('',(5.55,22.55,0.4));
#9106=CARTESIAN_POINT('Origin',(0.,22.15,0.));
#9107=CARTESIAN_POINT('Ctrl Pts',(11.3372792544068,22.1054682315071,0.0585571634008233));
#9108=CARTESIAN_POINT('Ctrl Pts',(11.403967268647,22.1721499056092,0.0585572205332109));
#9109=CARTESIAN_POINT('Ctrl Pts',(11.4706552257803,22.2388316368182,0.0585572761219402));
#9110=CARTESIAN_POINT('Ctrl Pts',(11.537343128786,22.3055134221548,0.0585573302734808));
#9111=CARTESIAN_POINT('Ctrl Pts',(11.2557760186194,22.1869714672945,0.172360616637592));
#9112=CARTESIAN_POINT('Ctrl Pts',(11.3224701937591,22.2536469804971,0.172360784804439));
#9113=CARTESIAN_POINT('Ctrl Pts',(11.389164200807,22.3203226617915,0.172360948427591));
#9114=CARTESIAN_POINT('Ctrl Pts',(11.4558580485328,22.386998502408,0.172361107820437));
#9115=CARTESIAN_POINT('Ctrl Pts',(11.174272782832,22.2684747030819,0.28616406987436));
#9116=CARTESIAN_POINT('Ctrl Pts',(11.2409731188713,22.335144055385,0.286164349075667));
#9117=CARTESIAN_POINT('Ctrl Pts',(11.3076731758338,22.4018136867647,0.286164620733242));
#9118=CARTESIAN_POINT('Ctrl Pts',(11.3743729682796,22.4684835826612,0.286164885367394));
#9119=CARTESIAN_POINT('Ctrl Pts',(11.0927695470446,22.3499779388693,0.399967523111129));
#9120=CARTESIAN_POINT('Ctrl Pts',(11.1594760439834,22.4166411302728,0.399967913346895));
#9121=CARTESIAN_POINT('Ctrl Pts',(11.2261821508606,22.4833047117379,0.399968293038893));
#9122=CARTESIAN_POINT('Ctrl Pts',(11.2928878880264,22.5499686629144,0.39996866291435));
#9123=CARTESIAN_POINT('Ctrl Pts',(11.4403779849951,22.2085572505116,0.0585572505115368));
#9124=CARTESIAN_POINT('Ctrl Pts',(11.3923868804047,22.2280720726629,0.105691302146522));
#9125=CARTESIAN_POINT('Ctrl Pts',(11.3443961175094,22.247590010926,0.152825018188591));
#9126=CARTESIAN_POINT('Ctrl Pts',(11.2285345578454,22.2947190829387,0.266617454981298));
#9127=CARTESIAN_POINT('Ctrl Pts',(11.1606623588452,22.3223340794392,0.33327755292144));
#9128=CARTESIAN_POINT('Ctrl Pts',(11.0927927927928,22.3499546931211,0.399935064934635));
#9129=CARTESIAN_POINT('Ctrl Pts',(11.0927916225066,22.35,0.399967523240271));
#9130=CARTESIAN_POINT('Ctrl Pts',(11.159490760872,22.4166558377794,0.399967913430664));
#9131=CARTESIAN_POINT('Ctrl Pts',(11.2261895092641,22.483312065532,0.399968293079695));
#9132=CARTESIAN_POINT('Ctrl Pts',(11.2928878880264,22.5499686629144,0.39996866291435));
#9133=CARTESIAN_POINT('Origin',(11.2963963963964,21.7,0.199967532467319));
#9134=CARTESIAN_POINT('',(11.1952792930667,21.800721172029,0.299278827970982));
#9135=CARTESIAN_POINT('',(10.5209432259585,21.1384277891679,0.961572210832085));
#9136=CARTESIAN_POINT('Ctrl Pts',(11.1952792930667,21.800721172029,0.299278827970982));
#9137=CARTESIAN_POINT('Ctrl Pts',(11.1438079023766,21.8508232727435,0.349831012739734));
#9138=CARTESIAN_POINT('Ctrl Pts',(11.0927927927928,21.9,0.399935064934641));
#9139=CARTESIAN_POINT('Ctrl Pts',(11.537343128786,24.0944865778453,0.0585573302734919));
#9140=CARTESIAN_POINT('Ctrl Pts',(11.4706552257803,24.1611683631818,0.0585572761219513));
#9141=CARTESIAN_POINT('Ctrl Pts',(11.403967268647,24.2278500943908,0.058557220533222));
#9142=CARTESIAN_POINT('Ctrl Pts',(11.3372792544068,24.2945317684929,0.0585571634008345));
#9143=CARTESIAN_POINT('Ctrl Pts',(11.4558580485328,24.0130014975921,0.172361107820445));
#9144=CARTESIAN_POINT('Ctrl Pts',(11.389164200807,24.0796773382086,0.172360948427599));
#9145=CARTESIAN_POINT('Ctrl Pts',(11.3224701937591,24.1463530195029,0.172360784804447));
#9146=CARTESIAN_POINT('Ctrl Pts',(11.2557760186194,24.2130285327055,0.172360616637599));
#9147=CARTESIAN_POINT('Ctrl Pts',(11.3743729682796,23.9315164173389,0.286164885367397));
#9148=CARTESIAN_POINT('Ctrl Pts',(11.3076731758338,23.9981863132354,0.286164620733246));
#9149=CARTESIAN_POINT('Ctrl Pts',(11.2409731188713,24.0648559446151,0.286164349075671));
#9150=CARTESIAN_POINT('Ctrl Pts',(11.174272782832,24.1315252969181,0.286164069874364));
#9151=CARTESIAN_POINT('Ctrl Pts',(11.2928878880264,23.8500313370856,0.39996866291435));
#9152=CARTESIAN_POINT('Ctrl Pts',(11.2261821508606,23.9166952882621,0.399968293038893));
#9153=CARTESIAN_POINT('Ctrl Pts',(11.1594760439834,23.9833588697272,0.399967913346896));
#9154=CARTESIAN_POINT('Ctrl Pts',(11.0927695470446,24.0500220611307,0.399967523111129));
#9155=CARTESIAN_POINT('',(11.0927916225066,24.05,0.399967523240271));
#9156=CARTESIAN_POINT('Ctrl Pts',(11.2928878880264,23.8500313370856,0.39996866291435));
#9157=CARTESIAN_POINT('Ctrl Pts',(11.2261895092641,23.9166879344681,0.399968293079695));
#9158=CARTESIAN_POINT('Ctrl Pts',(11.159490760872,23.9833441622207,0.399967913430664));
#9159=CARTESIAN_POINT('Ctrl Pts',(11.0927916225066,24.05,0.399967523240271));
#9160=CARTESIAN_POINT('Ctrl Pts',(11.0927916225066,24.05,0.399967523240271));
#9161=CARTESIAN_POINT('Ctrl Pts',(11.0927920126181,24.050015102287,0.399956703797744));
#9162=CARTESIAN_POINT('Ctrl Pts',(11.0927924027135,24.0500302045799,0.399945884362533));
#9163=CARTESIAN_POINT('Ctrl Pts',(11.0927927927928,24.0500453068789,0.399935064934638));
#9164=CARTESIAN_POINT('Origin',(0.,24.275,0.));
#9165=CARTESIAN_POINT('',(-11.0927916225066,24.05,0.399967523240271));
#9166=CARTESIAN_POINT('Origin',(0.,24.05,0.));
#9167=CARTESIAN_POINT('',(-11.0927927927928,24.0500453068789,0.399935064934637));
#9168=CARTESIAN_POINT('Ctrl Pts',(-11.0927927927928,24.0500453068789,0.399935064934638));
#9169=CARTESIAN_POINT('Ctrl Pts',(-11.0927924027135,24.0500302045799,0.399945884362533));
#9170=CARTESIAN_POINT('Ctrl Pts',(-11.0927920126181,24.050015102287,0.399956703797744));
#9171=CARTESIAN_POINT('Ctrl Pts',(-11.0927916225066,24.05,0.399967523240271));
#9172=CARTESIAN_POINT('',(-11.0927927927928,24.5000000000001,0.399935064934637));
#9173=CARTESIAN_POINT('',(-11.0927927927928,24.275,0.399935064934637));
#9174=CARTESIAN_POINT('Origin',(0.,24.5000000000001,0.));
#9175=CARTESIAN_POINT('Origin',(0.,23.95,0.));
#9176=CARTESIAN_POINT('',(-11.2929181348312,23.85,0.4));
#9177=CARTESIAN_POINT('Origin',(0.,23.85,0.));
#9178=CARTESIAN_POINT('',(-11.2928878880264,23.8500313370857,0.399968662914357));
#9179=CARTESIAN_POINT('Ctrl Pts',(-11.2928878880264,23.8500313370857,0.399968662914357));
#9180=CARTESIAN_POINT('Ctrl Pts',(-11.2929030114288,23.8500156685638,0.399984331436198));
#9181=CARTESIAN_POINT('Ctrl Pts',(-11.2929181348312,23.85,0.4));
#9182=CARTESIAN_POINT('Ctrl Pts',(-11.0927916225066,24.05,0.399967523240271));
#9183=CARTESIAN_POINT('Ctrl Pts',(-11.159490760872,23.9833441622207,0.399967913430664));
#9184=CARTESIAN_POINT('Ctrl Pts',(-11.2261895092641,23.9166879344681,0.399968293079695));
#9185=CARTESIAN_POINT('Ctrl Pts',(-11.2928878880264,23.8500313370856,0.39996866291435));
#9186=CARTESIAN_POINT('Origin',(12.8,23.85,0.));
#9187=CARTESIAN_POINT('',(-12.7937484733756,23.85,0.4));
#9188=CARTESIAN_POINT('Origin',(0.,23.85,0.));
#9189=CARTESIAN_POINT('',(6.4,23.85,0.4));
#9190=CARTESIAN_POINT('Origin',(-9.08899801308929,-6.33128156646178,0.2));
#9191=CARTESIAN_POINT('',(6.46501941297263,9.50557857207477,0.4));
#9192=CARTESIAN_POINT('Ctrl Pts',(6.46875287816165,9.22646932478916,0.199999999999989));
#9193=CARTESIAN_POINT('Ctrl Pts',(6.4675010675295,9.36540902646952,0.299130369020968));
#9194=CARTESIAN_POINT('Ctrl Pts',(6.46501941297263,9.50557857207477,0.4));
#9195=CARTESIAN_POINT('',(13.7828427124746,16.8234018715768,0.4));
#9196=CARTESIAN_POINT('',(-9.2304193693266,-6.18986021022447,0.4));
#9197=CARTESIAN_POINT('',(13.7828427124746,16.8234018715768,0.4));
#9198=CARTESIAN_POINT('Origin',(13.5,17.1062445840514,0.2));
#9199=CARTESIAN_POINT('',(13.9,17.1062445840514,0.4));
#9200=CARTESIAN_POINT('',(13.9,17.1062445840514,0.4));
#9201=CARTESIAN_POINT('Origin',(13.5,17.1062445840514,0.4));
#9202=CARTESIAN_POINT('Origin',(14.1,8.47027957955108,0.2));
#9203=CARTESIAN_POINT('',(13.9,21.3,0.4));
#9204=CARTESIAN_POINT('',(13.9,21.3,0.4));
#9205=CARTESIAN_POINT('',(13.9,8.47027957955108,0.4));
#9206=CARTESIAN_POINT('Origin',(13.5,21.3,0.2));
#9207=CARTESIAN_POINT('',(13.5,21.7,0.4));
#9208=CARTESIAN_POINT('',(13.5,21.7,0.4));
#9209=CARTESIAN_POINT('Origin',(13.5,21.3,0.4));
#9210=CARTESIAN_POINT('Origin',(6.95,21.9,0.2));
#9211=CARTESIAN_POINT('',(11.2929181348312,21.7,0.4));
#9212=CARTESIAN_POINT('',(6.95,21.7,0.4));
#9213=CARTESIAN_POINT('Ctrl Pts',(11.2929181348312,21.7,0.400000000000006));
#9214=CARTESIAN_POINT('Ctrl Pts',(11.2440987139489,21.7505792406802,0.349420759319815));
#9215=CARTESIAN_POINT('Ctrl Pts',(11.1952792930667,21.800721172029,0.299278827970982));
#9216=CARTESIAN_POINT('Origin',(11.1,22.55,0.));
#9217=CARTESIAN_POINT('',(11.0857667811686,22.55,2.1899257689565));
#9218=CARTESIAN_POINT('Origin',(0.,22.55,0.));
#9219=CARTESIAN_POINT('',(12.0463293495588,22.55,2.9403994970002));
#9220=CARTESIAN_POINT('',(10.9592936692125,22.55,2.09111414444569));
#9221=CARTESIAN_POINT('',(12.0821888033369,22.55,2.78939307386393));
#9222=CARTESIAN_POINT('Origin',(2.66453525910038E-14,22.55,0.));
#9223=CARTESIAN_POINT('',(12.471936829251,22.55,2.87937349560147));
#9224=CARTESIAN_POINT('',(11.3102478801487,22.55,2.61117646927165));
#9225=CARTESIAN_POINT('Origin',(0.,22.55,0.));
#9226=CARTESIAN_POINT('Origin',(0.,22.45,0.));
#9227=CARTESIAN_POINT('',(11.0860252117595,22.5498057999981,2.18761425345106));
#9228=CARTESIAN_POINT('Ctrl Pts',(10.9071406144462,22.35,2.06016591970124));
#9229=CARTESIAN_POINT('Ctrl Pts',(10.9369967469947,22.383281128771,2.08141444780746));
#9230=CARTESIAN_POINT('Ctrl Pts',(10.9668370547431,22.4165794229534,2.10266337016117));
#9231=CARTESIAN_POINT('Ctrl Pts',(10.996658615398,22.4498907312131,2.1239105626911));
#9232=CARTESIAN_POINT('Ctrl Pts',(11.0264609347484,22.4831805465324,2.1451440462235));
#9233=CARTESIAN_POINT('Ctrl Pts',(11.0562477816413,22.5164869899695,2.16637811794073));
#9234=CARTESIAN_POINT('Ctrl Pts',(11.0860163447786,22.5498060622954,2.18761072057557));
#9235=CARTESIAN_POINT('Origin',(-0.719235103476092,23.1645460960443,0.920578952273718));
#9236=CARTESIAN_POINT('Origin',(-12.996875,23.2,0.199975584447202));
#9237=CARTESIAN_POINT('',(-12.79375,23.8500488311056,0.399951168894404));
#9238=CARTESIAN_POINT('',(-12.79375,22.5499511688944,0.399951168894404));
#9239=CARTESIAN_POINT('',(-12.79375,23.2,0.399951168894404));
#9240=CARTESIAN_POINT('',(-12.79375,22.5499511688944,0.399951168894404));
#9241=CARTESIAN_POINT('',(-13.2,24.25,0.));
#9242=CARTESIAN_POINT('Origin',(5.55,22.35,0.2));
#9243=CARTESIAN_POINT('',(-12.7937484733756,22.55,0.4));
#9244=CARTESIAN_POINT('',(-11.2929181348312,22.55,0.4));
#9245=CARTESIAN_POINT('',(5.55,22.55,0.4));
#9246=CARTESIAN_POINT('Ctrl Pts',(-11.2929181348312,22.55,0.4));
#9247=CARTESIAN_POINT('Ctrl Pts',(-11.2929030114288,22.5499843314362,0.399984331436182));
#9248=CARTESIAN_POINT('Ctrl Pts',(-11.2928878880264,22.5499686629144,0.39996866291435));
#9249=CARTESIAN_POINT('Origin',(0.,22.15,0.));
#9250=CARTESIAN_POINT('Origin',(6.4,24.05,0.2));
#9251=CARTESIAN_POINT('',(-11.440377984995,24.1914427494885,0.0585572505115495));
#9252=CARTESIAN_POINT('',(-8.31341655182059,21.1203244055826,3.12967559441741));
#9253=CARTESIAN_POINT('Ctrl Pts',(-11.440377984995,24.1914427494885,0.0585572505115495));
#9254=CARTESIAN_POINT('Ctrl Pts',(-11.4185153990493,24.1408531825198,0.109146817480186));
#9255=CARTESIAN_POINT('Ctrl Pts',(-11.3966558933182,24.0902626119275,0.159737388072562));
#9256=CARTESIAN_POINT('Ctrl Pts',(-11.347491076179,23.9764598741548,0.273540125845187));
#9257=CARTESIAN_POINT('Ctrl Pts',(-11.3201868238837,23.9132456445146,0.336754355485404));
#9258=CARTESIAN_POINT('Ctrl Pts',(-11.2928878880264,23.8500313370857,0.39996866291435));
#9259=CARTESIAN_POINT('Origin',(0.,24.25,0.));
#9260=CARTESIAN_POINT('Origin',(0.,22.45,0.));
#9261=CARTESIAN_POINT('',(-11.0857667811686,22.55,2.18992576895648));
#9262=CARTESIAN_POINT('Origin',(0.,22.55,0.));
#9263=CARTESIAN_POINT('',(-11.0860252117595,22.5498057999981,2.18761425345109));
#9264=CARTESIAN_POINT('Origin',(0.719235103476092,23.1645460960443,0.920578952273718));
#9265=CARTESIAN_POINT('Ctrl Pts',(-11.0860163447786,22.5498060622954,2.18761072057559));
#9266=CARTESIAN_POINT('Ctrl Pts',(-11.0562519960629,22.5164917070469,2.16638112390176));
#9267=CARTESIAN_POINT('Ctrl Pts',(-11.0264693689525,22.4831899773181,2.14515005869227));
#9268=CARTESIAN_POINT('Ctrl Pts',(-10.9966712735895,22.4499048706803,2.12391958136899));
#9269=CARTESIAN_POINT('Ctrl Pts',(-10.9668454985828,22.4165888452915,2.10266938291789));
#9270=CARTESIAN_POINT('Ctrl Pts',(-10.9370009710385,22.3832858373831,2.08141745404794));
#9271=CARTESIAN_POINT('Ctrl Pts',(-10.9071406144462,22.35,2.06016591970127));
#9272=CARTESIAN_POINT('Origin',(11.1,22.55,0.));
#9273=CARTESIAN_POINT('',(-12.471936829251,22.55,2.87937349560147));
#9274=CARTESIAN_POINT('Origin',(0.,22.55,0.));
#9275=CARTESIAN_POINT('',(-12.0821888033369,22.55,2.78939307386393));
#9276=CARTESIAN_POINT('',(-0.771940923188281,22.55,0.178216604592284));
#9277=CARTESIAN_POINT('',(-12.0463293495588,22.55,2.94039949700017));
#9278=CARTESIAN_POINT('Origin',(-2.66453525910038E-14,22.55,-3.26311457627254E-30));
#9279=CARTESIAN_POINT('',(-4.06662714863458,22.55,-3.29402713638615));
#9280=CARTESIAN_POINT('Origin',(0.,23.2,0.));
#9281=CARTESIAN_POINT('',(5.00135844466274,22.55,11.7824621241912));
#9282=CARTESIAN_POINT('Origin',(0.,22.55,0.));
#9283=CARTESIAN_POINT('',(-5.00135844466274,22.55,11.7824621241912));
#9284=CARTESIAN_POINT('Origin',(0.,22.55,0.));
#9285=CARTESIAN_POINT('Origin',(0.,22.55,0.));
#9286=CARTESIAN_POINT('Ctrl Pts',(-11.3372792544068,24.2945317684929,0.0585571634008372));
#9287=CARTESIAN_POINT('Ctrl Pts',(-11.403967268647,24.2278500943908,0.0585572205332248));
#9288=CARTESIAN_POINT('Ctrl Pts',(-11.4706552257803,24.1611683631818,0.058557276121954));
#9289=CARTESIAN_POINT('Ctrl Pts',(-11.537343128786,24.0944865778453,0.0585573302734946));
#9290=CARTESIAN_POINT('Ctrl Pts',(-11.2557760186194,24.2130285327055,0.172360616637601));
#9291=CARTESIAN_POINT('Ctrl Pts',(-11.3224701937591,24.1463530195029,0.172360784804448));
#9292=CARTESIAN_POINT('Ctrl Pts',(-11.389164200807,24.0796773382086,0.1723609484276));
#9293=CARTESIAN_POINT('Ctrl Pts',(-11.4558580485328,24.0130014975921,0.172361107820447));
#9294=CARTESIAN_POINT('Ctrl Pts',(-11.174272782832,24.1315252969181,0.286164069874365));
#9295=CARTESIAN_POINT('Ctrl Pts',(-11.2409731188713,24.0648559446151,0.286164349075672));
#9296=CARTESIAN_POINT('Ctrl Pts',(-11.3076731758338,23.9981863132353,0.286164620733247));
#9297=CARTESIAN_POINT('Ctrl Pts',(-11.3743729682796,23.9315164173389,0.286164885367398));
#9298=CARTESIAN_POINT('Ctrl Pts',(-11.0927695470446,24.0500220611307,0.399967523111129));
#9299=CARTESIAN_POINT('Ctrl Pts',(-11.1594760439834,23.9833588697272,0.399967913346895));
#9300=CARTESIAN_POINT('Ctrl Pts',(-11.2261821508606,23.9166952882621,0.399968293038893));
#9301=CARTESIAN_POINT('Ctrl Pts',(-11.2928878880264,23.8500313370856,0.39996866291435));
#9302=CARTESIAN_POINT('Ctrl Pts',(-11.440377984995,24.1914427494885,0.0585572505115506));
#9303=CARTESIAN_POINT('Ctrl Pts',(-11.3923876640587,24.1719282459977,0.105690532487423));
#9304=CARTESIAN_POINT('Ctrl Pts',(-11.3443976848054,24.1524106264964,0.152823478882253));
#9305=CARTESIAN_POINT('Ctrl Pts',(-11.2285361250407,24.1052815547023,0.266615915773876));
#9306=CARTESIAN_POINT('Ctrl Pts',(-11.1606631424075,24.0776662394441,0.33327678335252));
#9307=CARTESIAN_POINT('Ctrl Pts',(-11.0927927927928,24.0500453068789,0.399935064934637));
#9308=CARTESIAN_POINT('Origin',(-11.2963963963964,24.275,0.199967532467319));
#9309=CARTESIAN_POINT('',(-11.1952792930666,24.599278827971,0.299278827971005));
#9310=CARTESIAN_POINT('',(-7.29778211073298,28.4271722471216,4.12717224712164));
#9311=CARTESIAN_POINT('Ctrl Pts',(-11.1952792930666,24.599278827971,0.299278827971005));
#9312=CARTESIAN_POINT('Ctrl Pts',(-11.143807902377,24.5491767272569,0.349831012739364));
#9313=CARTESIAN_POINT('Ctrl Pts',(-11.0927927927927,24.5,0.399935064934724));
#9314=CARTESIAN_POINT('Origin',(-1.88782862486762E-16,24.6000000000001,
0.));
#9315=CARTESIAN_POINT('',(-11.2929181348312,24.7,0.4));
#9316=CARTESIAN_POINT('Ctrl Pts',(-11.2929181348313,24.7,0.40000000000004));
#9317=CARTESIAN_POINT('Ctrl Pts',(-11.2440987139489,24.6494207593199,0.349420759319872));
#9318=CARTESIAN_POINT('Ctrl Pts',(-11.1952792930666,24.599278827971,0.299278827971005));
#9319=CARTESIAN_POINT('Origin',(-3.77565724973524E-16,24.7,0.));
#9320=CARTESIAN_POINT('Origin',(12.35,24.5,0.2));
#9321=CARTESIAN_POINT('',(-16.3,24.7,0.4));
#9322=CARTESIAN_POINT('',(-16.1343145750508,24.3,0.));
#9323=CARTESIAN_POINT('',(12.35,24.7,0.4));
#9324=CARTESIAN_POINT('Origin',(-14.1,-7.55104076400857,0.2));
#9325=CARTESIAN_POINT('',(-13.9,-24.3,0.4));
#9326=CARTESIAN_POINT('',(-13.9,-7.55104076400857,0.4));
#9327=CARTESIAN_POINT('',(-13.9,-24.3,0.4));
#9328=CARTESIAN_POINT('',(-14.3,-14.9363961030679,0.));
#9329=CARTESIAN_POINT('Origin',(7.71013978977556,6.79090097423303,0.2));
#9330=CARTESIAN_POINT('Origin',(-12.35,-24.5,0.2));
#9331=CARTESIAN_POINT('',(-16.5,-24.7,0.4));
#9332=CARTESIAN_POINT('',(-16.5,-24.7,0.4));
#9333=CARTESIAN_POINT('',(-14.3,-24.7,0.4));
#9334=CARTESIAN_POINT('',(-14.3,-24.3,0.));
#9335=CARTESIAN_POINT('',(-12.35,-24.7,0.4));
#9336=CARTESIAN_POINT('Origin',(-14.3,-24.3,0.4));
#9337=CARTESIAN_POINT('Origin',(-14.3,-24.3,0.4));
#9338=CARTESIAN_POINT('Origin',(-17.7732029099446,-19.8024514423085,0.2));
#9339=CARTESIAN_POINT('',(-16.9,-20.9584970647278,0.4));
#9340=CARTESIAN_POINT('',(-20.9584970647278,-16.9,0.4));
#9341=CARTESIAN_POINT('',(-17.9146242661819,-19.9438727985458,0.4));
#9342=CARTESIAN_POINT('',(-20.9584970647278,-16.9,0.4));
#9343=CARTESIAN_POINT('',(-16.5,-20.7928116397785,0.));
#9344=CARTESIAN_POINT('Origin',(-22.3085786437627,-18.4085786437627,0.2));
#9345=CARTESIAN_POINT('',(-24.1,-16.9,0.4));
#9346=CARTESIAN_POINT('',(-24.7,-16.3,0.4));
#9347=CARTESIAN_POINT('',(-22.45,-18.55,0.4));
#9348=CARTESIAN_POINT('',(-24.7,-16.3,0.4));
#9349=CARTESIAN_POINT('',(-23.9343145750508,-16.5,0.));
#9350=CARTESIAN_POINT('Origin',(-18.4085786437627,22.3085786437626,0.2));
#9351=CARTESIAN_POINT('',(-16.9,24.1,0.4));
#9352=CARTESIAN_POINT('',(-16.5,23.9343145750507,0.));
#9353=CARTESIAN_POINT('',(-18.55,22.45,0.4));
#9354=CARTESIAN_POINT('Origin',(-22.3085786437627,18.4085786437627,0.2));
#9355=CARTESIAN_POINT('',(-24.7,16.3,0.4));
#9356=CARTESIAN_POINT('',(-24.1,16.9,0.4));
#9357=CARTESIAN_POINT('',(-22.45,18.55,0.4));
#9358=CARTESIAN_POINT('',(-24.1,16.9,0.4));
#9359=CARTESIAN_POINT('',(-24.3,16.1343145750508,0.));
#9360=CARTESIAN_POINT('Origin',(-19.8024514423085,17.7732029099446,0.2));
#9361=CARTESIAN_POINT('',(-20.9584970647278,16.9,0.4));
#9362=CARTESIAN_POINT('',(-20.7928116397785,16.5,0.));
#9363=CARTESIAN_POINT('',(-16.9,20.9584970647278,0.4));
#9364=CARTESIAN_POINT('',(-19.9438727985458,17.9146242661819,0.4));
#9365=CARTESIAN_POINT('',(-16.9,20.9584970647278,0.4));
#9366=CARTESIAN_POINT('Origin',(-12.35,16.7,0.2));
#9367=CARTESIAN_POINT('',(-12.35,16.9,0.4));
#9368=CARTESIAN_POINT('Origin',(-16.7,10.4792485323639,0.2));
#9369=CARTESIAN_POINT('',(-16.9,10.4792485323639,0.4));
#9370=CARTESIAN_POINT('Origin',(-24.5,12.35,0.2));
#9371=CARTESIAN_POINT('',(-24.7,12.35,0.4));
#9372=CARTESIAN_POINT('Origin',(-10.4792485323639,-16.7,0.2));
#9373=CARTESIAN_POINT('',(-10.4792485323639,-16.9,0.4));
#9374=CARTESIAN_POINT('Origin',(-16.7,-12.35,0.2));
#9375=CARTESIAN_POINT('',(-16.9,-24.3,0.4));
#9376=CARTESIAN_POINT('',(-16.5,-24.3,0.));
#9377=CARTESIAN_POINT('',(-16.9,-12.35,0.4));
#9378=CARTESIAN_POINT('Origin',(-16.5,-24.3,0.4));
#9379=CARTESIAN_POINT('Origin',(-16.5,-24.3,0.4));
#9380=CARTESIAN_POINT('Origin',(24.7000000000001,24.7,0.));
#9381=CARTESIAN_POINT('',(-16.3,24.7,16.4));
#9382=CARTESIAN_POINT('',(-16.3,24.7,0.));
#9383=CARTESIAN_POINT('',(16.3,24.7,16.4));
#9384=CARTESIAN_POINT('',(12.35,24.7,16.4));
#9385=CARTESIAN_POINT('',(16.3,24.7,0.));
#9386=CARTESIAN_POINT('Origin',(-16.6,24.4,0.));
#9387=CARTESIAN_POINT('',(-16.9,24.1,16.6));
#9388=CARTESIAN_POINT('',(-16.9,24.1,0.));
#9389=CARTESIAN_POINT('',(-16.7,24.3,16.8));
#9390=CARTESIAN_POINT('',(-21.770125244606,19.2298747553939,11.729874755394));
#9391=CARTESIAN_POINT('',(-16.3,24.7,16.4));
#9392=CARTESIAN_POINT('Origin',(-16.9,20.9584970647278,0.));
#9393=CARTESIAN_POINT('',(-16.9,20.9584970647278,16.6));
#9394=CARTESIAN_POINT('',(-16.9,20.9584970647278,0.));
#9395=CARTESIAN_POINT('',(-16.9,10.4792485323639,16.6));
#9396=CARTESIAN_POINT('Origin',(-20.9584970647278,16.9,0.));
#9397=CARTESIAN_POINT('',(-20.9584970647278,16.9,16.6));
#9398=CARTESIAN_POINT('',(-20.9584970647278,16.9,0.));
#9399=CARTESIAN_POINT('',(-19.9438727985458,17.9146242661819,16.6));
#9400=CARTESIAN_POINT('Origin',(16.6,24.4,0.));
#9401=CARTESIAN_POINT('',(16.7,24.3,16.8));
#9402=CARTESIAN_POINT('',(16.9,24.1,17.));
#9403=CARTESIAN_POINT('',(16.9,24.1,16.6));
#9404=CARTESIAN_POINT('',(21.4583333333334,19.5416666666667,12.0416666666666));
#9405=CARTESIAN_POINT('',(16.9,24.1,0.));
#9406=CARTESIAN_POINT('Origin',(16.9,24.6999999999999,0.));
#9407=CARTESIAN_POINT('',(16.9,20.9584970647278,16.6));
#9408=CARTESIAN_POINT('',(16.9,12.35,16.6));
#9409=CARTESIAN_POINT('',(16.9,20.9584970647278,0.));
#9410=CARTESIAN_POINT('Origin',(16.9,20.9584970647278,0.));
#9411=CARTESIAN_POINT('',(20.9584970647278,16.9,16.6));
#9412=CARTESIAN_POINT('',(17.9146242661819,19.9438727985458,16.6));
#9413=CARTESIAN_POINT('',(20.9584970647278,16.9,0.));
#9414=CARTESIAN_POINT('Origin',(20.9584970647278,16.9,0.));
#9415=CARTESIAN_POINT('',(24.3,16.9,16.6));
#9416=CARTESIAN_POINT('',(10.4792485323639,16.9,16.6));
#9417=CARTESIAN_POINT('',(24.3,16.9,0.));
#9418=CARTESIAN_POINT('Origin',(24.3,16.5,0.));
#9419=CARTESIAN_POINT('',(24.7,16.5,16.6));
#9420=CARTESIAN_POINT('Origin',(24.3,16.5,16.6));
#9421=CARTESIAN_POINT('',(24.7,16.5,0.));
#9422=CARTESIAN_POINT('Origin',(24.6999999999999,-24.6999999999999,0.));
#9423=CARTESIAN_POINT('',(24.7,14.3,16.6));
#9424=CARTESIAN_POINT('',(24.7,-12.35,16.6));
#9425=CARTESIAN_POINT('',(24.7,14.3,0.));
#9426=CARTESIAN_POINT('Origin',(24.3,14.3,0.));
#9427=CARTESIAN_POINT('Origin',(24.3,14.3,16.6));
#9428=CARTESIAN_POINT('Origin',(-1.44956890143241,1.44956890143241,0.));
#9429=CARTESIAN_POINT('',(6.31825352498949,9.35853847004092,2.19196585310506));
#9430=CARTESIAN_POINT('Ctrl Pts',(6.33592705452552,9.09364350403587,2.04308008478595));
#9431=CARTESIAN_POINT('Ctrl Pts',(6.33304083101858,9.13780703920058,2.06796533620331));
#9432=CARTESIAN_POINT('Ctrl Pts',(6.33012229519142,9.1819850535843,2.09282680624473));
#9433=CARTESIAN_POINT('Ctrl Pts',(6.32717290342101,9.22617237028445,2.11766227263874));
#9434=CARTESIAN_POINT('Ctrl Pts',(6.32422879369766,9.2702805521988,2.14245326135317));
#9435=CARTESIAN_POINT('Ctrl Pts',(6.32125361236004,9.3144028808381,2.16722108159488));
#9436=CARTESIAN_POINT('Ctrl Pts',(6.3182488172291,9.35853347620716,2.19196311149228));
#9437=CARTESIAN_POINT('',(6.31854128606578,9.35910044516792,2.18992576895652));
#9438=CARTESIAN_POINT('Origin',(-0.775382058892492,1.70633477151982,-0.842563786826733));
#9439=CARTESIAN_POINT('Origin',(-1.52027957955107,1.52027957955107,0.));
#9440=CARTESIAN_POINT('Origin',(-16.9405591591021,-13.9,0.));
#9441=CARTESIAN_POINT('',(-16.8234018715767,-13.7828427124746,16.6));
#9442=CARTESIAN_POINT('',(-16.8234018715767,-13.7828427124746,0.));
#9443=CARTESIAN_POINT('',(13.7828427124746,16.8234018715768,16.6));
#9444=CARTESIAN_POINT('',(-9.2304193693266,-6.18986021022447,16.6));
#9445=CARTESIAN_POINT('',(13.7828427124746,16.8234018715768,0.));
#9446=CARTESIAN_POINT('',(6.99776159192847,10.0383207510306,2.94039949700018));
#9447=CARTESIAN_POINT('',(-0.633325003253379,2.40723415584876,-5.49122417013416));
#9448=CARTESIAN_POINT('',(7.02311805486464,10.0636772139668,2.78939307386393));
#9449=CARTESIAN_POINT('Origin',(-1.52027957955107,1.52027957955107,0.));
#9450=CARTESIAN_POINT('',(7.57430499902049,10.6148641581226,2.96935391733902));
#9451=CARTESIAN_POINT('',(-4.29297105474533,-1.25241189564319,-0.905275246198647));
#9452=CARTESIAN_POINT('',(2.12673034404471,5.16728950314685,12.1506640655722));
#9453=CARTESIAN_POINT('Origin',(-1.52027957955107,1.52027957955107,0.));
#9454=CARTESIAN_POINT('',(1.90569943958436,4.94625859868649,11.4142601828103));
#9455=CARTESIAN_POINT('',(-0.984403393682858,2.05615576541928,1.78536709568508));
#9456=CARTESIAN_POINT('',(2.00645180913413,5.04701096823627,11.3527235245171));
#9457=CARTESIAN_POINT('Origin',(-1.52027957955107,1.52027957955107,0.));
#9458=CARTESIAN_POINT('',(1.36590337327745,4.40646253237959,10.5370724551748));
#9459=CARTESIAN_POINT('',(-5.27464689232512,-2.23408773322298,2.08123738953111));
#9460=CARTESIAN_POINT('',(-4.40646253237957,-1.36590337327744,10.5370724551748));
#9461=CARTESIAN_POINT('Origin',(-1.52027957955107,1.52027957955107,0.));
#9462=CARTESIAN_POINT('',(-5.04701096823626,-2.00645180913412,11.3527235245172));
#9463=CARTESIAN_POINT('',(-6.28198112035655,-3.24142196125441,12.9252895769743));
#9464=CARTESIAN_POINT('',(-4.94625859868649,-1.90569943958436,11.4142601828103));
#9465=CARTESIAN_POINT('Origin',(-1.52027957955107,1.52027957955106,2.27935695600492E-31));
#9466=CARTESIAN_POINT('',(-5.16728950314684,-2.12673034404471,12.1506640655722));
#9467=CARTESIAN_POINT('',(-4.41038241281827,-1.36982325371614,9.62889308712518));
#9468=CARTESIAN_POINT('',(-10.6148641581226,-7.57430499902049,2.96935391733902));
#9469=CARTESIAN_POINT('Origin',(-1.52027957955107,1.52027957955106,2.27935695600492E-31));
#9470=CARTESIAN_POINT('',(-10.0636772139668,-7.02311805486464,2.78939307386393));
#9471=CARTESIAN_POINT('',(-13.3875556333169,-10.3469964742148,3.87462916353766));
#9472=CARTESIAN_POINT('',(-10.0383207510306,-6.99776159192847,2.94039949700019));
#9473=CARTESIAN_POINT('Origin',(-1.52027957955107,1.52027957955106,2.27935695600492E-31));
#9474=CARTESIAN_POINT('',(-9.35910044516791,-6.31854128606578,2.18992576895653));
#9475=CARTESIAN_POINT('',(-11.9826255789052,-8.94206641980307,5.08867109611711));
#9476=CARTESIAN_POINT('Origin',(-1.52027957955107,1.52027957955107,0.));
#9477=CARTESIAN_POINT('Origin',(13.5,17.1062445840514,0.));
#9478=CARTESIAN_POINT('',(13.9,17.1062445840514,16.6));
#9479=CARTESIAN_POINT('Origin',(13.5,17.1062445840514,16.6));
#9480=CARTESIAN_POINT('',(13.9,17.1062445840514,0.));
#9481=CARTESIAN_POINT('Origin',(13.9,16.9405591591022,0.));
#9482=CARTESIAN_POINT('',(13.9,21.3,16.6));
#9483=CARTESIAN_POINT('',(13.9,8.47027957955108,16.6));
#9484=CARTESIAN_POINT('',(13.9,21.3,0.));
#9485=CARTESIAN_POINT('Origin',(13.5,21.3,0.));
#9486=CARTESIAN_POINT('',(13.5,21.7,16.6));
#9487=CARTESIAN_POINT('Origin',(13.5,21.3,16.6));
#9488=CARTESIAN_POINT('',(13.5,21.7,0.));
#9489=CARTESIAN_POINT('Origin',(13.9,21.7,0.));
#9490=CARTESIAN_POINT('',(-11.0857667811686,21.7,2.18992576895649));
#9491=CARTESIAN_POINT('Origin',(0.,21.7,0.));
#9492=CARTESIAN_POINT('',(-12.0463293495588,21.7,2.94039949700019));
#9493=CARTESIAN_POINT('',(-3.19728182171482,21.7,-3.97323414477934));
#9494=CARTESIAN_POINT('',(-12.0821888033369,21.7,2.78939307386393));
#9495=CARTESIAN_POINT('Origin',(-2.66453525910038E-14,21.7,-3.26311457627254E-30));
#9496=CARTESIAN_POINT('',(-12.8616848551651,21.7,2.96935391733902));
#9497=CARTESIAN_POINT('',(0.557214909221139,21.7,-0.128643198160069));
#9498=CARTESIAN_POINT('',(-5.15765089605845,21.7,12.1506640655722));
#9499=CARTESIAN_POINT('Origin',(-2.66453525910038E-14,21.7,-3.26311457627254E-30));
#9500=CARTESIAN_POINT('',(-4.84506599326703,21.7,11.4142601828103));
#9501=CARTESIAN_POINT('',(-1.51776328537424,21.7,3.57562622660928));
#9502=CARTESIAN_POINT('',(-4.98755136072555,21.7,11.3527235245172));
#9503=CARTESIAN_POINT('Origin',(-2.66453525910038E-14,21.7,-3.26311457627254E-30));
#9504=CARTESIAN_POINT('',(-4.08167907538016,21.7,10.5370724551748));
#9505=CARTESIAN_POINT('',(2.64289940973231,21.7,4.48223479098105));
#9506=CARTESIAN_POINT('',(4.08167907538013,21.7,10.5370724551748));
#9507=CARTESIAN_POINT('Origin',(0.,21.7,0.));
#9508=CARTESIAN_POINT('',(4.98755136072551,21.7,11.3527235245172));
#9509=CARTESIAN_POINT('',(5.03357340997758,21.7,11.3941619637906));
#9510=CARTESIAN_POINT('',(4.84506599326703,21.7,11.4142601828103));
#9511=CARTESIAN_POINT('Origin',(2.66453525910038E-14,21.7,0.));
#9512=CARTESIAN_POINT('',(5.15765089605845,21.7,12.1506640655722));
#9513=CARTESIAN_POINT('',(3.63988761068422,21.7,8.57503783896293));
#9514=CARTESIAN_POINT('',(12.8616848551651,21.7,2.96935391733902));
#9515=CARTESIAN_POINT('Origin',(2.66453525910038E-14,21.7,0.));
#9516=CARTESIAN_POINT('',(12.0821888033369,21.7,2.78939307386393));
#9517=CARTESIAN_POINT('',(12.6394037125581,21.7,2.91803627202401));
#9518=CARTESIAN_POINT('',(12.0463293495588,21.7,2.94039949700019));
#9519=CARTESIAN_POINT('Origin',(2.66453525910038E-14,21.7,0.));
#9520=CARTESIAN_POINT('',(11.0857667811686,21.7,2.18992576895649));
#9521=CARTESIAN_POINT('',(11.8286389961323,21.7,2.77032115283889));
#9522=CARTESIAN_POINT('Origin',(0.,21.7,0.));
#9523=CARTESIAN_POINT('',(-12.9079281888042,21.7,16.6));
#9524=CARTESIAN_POINT('',(6.95,21.7,16.6));
#9525=CARTESIAN_POINT('',(-12.9079281888042,21.7,0.));
#9526=CARTESIAN_POINT('Origin',(0.,21.8,0.));
#9527=CARTESIAN_POINT('',(11.085165926937,21.7001938986148,2.19196585310499));
#9528=CARTESIAN_POINT('Origin',(0.658282976062855,22.0951612002307,-0.842563786826778));
#9529=CARTESIAN_POINT('Ctrl Pts',(11.085159066874,21.7001941008992,2.19196311149221));
#9530=CARTESIAN_POINT('Ctrl Pts',(11.0560758139879,21.7335272025983,2.16721859665214));
#9531=CARTESIAN_POINT('Ctrl Pts',(11.026977463182,21.7668335136109,2.14244828608729));
#9532=CARTESIAN_POINT('Ctrl Pts',(10.997867142397,21.8001078436945,2.11765480250189));
#9533=CARTESIAN_POINT('Ctrl Pts',(10.9687104466154,21.8334351823642,2.09282182097602));
#9534=CARTESIAN_POINT('Ctrl Pts',(10.9395385134696,21.8667341300449,2.06796284126541));
#9535=CARTESIAN_POINT('Ctrl Pts',(10.9103539727551,21.8999999979615,2.0430800847857));
#9536=CARTESIAN_POINT('Origin',(16.8079281888042,16.8079281888043,12.6));
#9537=CARTESIAN_POINT('Origin',(12.35,24.4,16.7));
#9538=CARTESIAN_POINT('',(-16.5,24.1,17.));
#9539=CARTESIAN_POINT('',(-9.58820808872734,17.1882080887273,23.9117919112727));
#9540=CARTESIAN_POINT('',(16.5,24.1,17.));
#9541=CARTESIAN_POINT('',(12.35,24.1,17.));
#9542=CARTESIAN_POINT('',(14.0166666666667,21.6166666666667,19.4833333333333));
#9543=CARTESIAN_POINT('Origin',(16.7,12.35,16.8));
#9544=CARTESIAN_POINT('',(16.5,20.7928116397785,17.));
#9545=CARTESIAN_POINT('',(16.5,12.35,17.));
#9546=CARTESIAN_POINT('',(16.9,20.9584970647278,16.6));
#9547=CARTESIAN_POINT('Origin',(17.7732029099446,19.8024514423085,16.8));
#9548=CARTESIAN_POINT('',(20.7928116397785,16.5,17.));
#9549=CARTESIAN_POINT('',(17.6317815537073,19.6610300860712,17.));
#9550=CARTESIAN_POINT('',(20.9584970647278,16.9,16.6));
#9551=CARTESIAN_POINT('Origin',(10.4792485323639,16.7,16.8));
#9552=CARTESIAN_POINT('',(24.3,16.5,17.));
#9553=CARTESIAN_POINT('',(10.4792485323639,16.5,17.));
#9554=CARTESIAN_POINT('',(24.3,16.5,17.));
#9555=CARTESIAN_POINT('Origin',(24.3,16.5,16.6));
#9556=CARTESIAN_POINT('',(24.7,16.5,16.6));
#9557=CARTESIAN_POINT('Origin',(24.5,-12.35,16.8));
#9558=CARTESIAN_POINT('',(24.3,14.3,17.));
#9559=CARTESIAN_POINT('',(24.3,-12.35,17.));
#9560=CARTESIAN_POINT('',(24.3,14.3,17.));
#9561=CARTESIAN_POINT('Origin',(24.3,14.3,16.6));
#9562=CARTESIAN_POINT('',(24.3,13.9,16.6));
#9563=CARTESIAN_POINT('Origin',(12.35,14.1,16.8));
#9564=CARTESIAN_POINT('',(14.9363961030679,14.3,17.));
#9565=CARTESIAN_POINT('',(12.35,14.3,17.));
#9566=CARTESIAN_POINT('',(14.9363961030679,14.3,17.));
#9567=CARTESIAN_POINT('Origin',(7.71013978977556,6.79090097423302,16.8));
#9568=CARTESIAN_POINT('',(-14.3,-14.9363961030679,17.));
#9569=CARTESIAN_POINT('',(7.56871843353825,6.93232233047033,17.));
#9570=CARTESIAN_POINT('',(-13.9,-15.1020815280171,16.6));
#9571=CARTESIAN_POINT('Origin',(-13.9,-15.1020815280171,0.));
#9572=CARTESIAN_POINT('',(-13.9,-24.3,16.6));
#9573=CARTESIAN_POINT('',(-13.9,-7.55104076400857,16.6));
#9574=CARTESIAN_POINT('',(-13.9,-24.3,0.));
#9575=CARTESIAN_POINT('Origin',(4.06586399182265,4.98510280736515,15.5));
#9576=CARTESIAN_POINT('Origin',(-0.989949493661159,0.989949493661159,0.));
#9577=CARTESIAN_POINT('',(-8.75837973932093,-6.91962746795935,2.18761425345112));
#9578=CARTESIAN_POINT('Ctrl Pts',(-8.77317326360992,-6.65185292005029,2.06016591970124));
#9579=CARTESIAN_POINT('Ctrl Pts',(-8.77075140389696,-6.6964981049328,2.08141463783286));
#9580=CARTESIAN_POINT('Ctrl Pts',(-8.76830621616349,-6.74114423780777,2.10266375022856));
#9581=CARTESIAN_POINT('Ctrl Pts',(-8.76583856949215,-6.7857863167932,2.12391113278977));
#9582=CARTESIAN_POINT('Ctrl Pts',(-8.76337255910705,-6.83039879380193,2.14514442630007));
#9583=CARTESIAN_POINT('Ctrl Pts',(-8.76088385060005,-6.87501208795078,2.16637830797724));
#9584=CARTESIAN_POINT('Ctrl Pts',(-8.75837328394643,-6.91962138352926,2.18761072057562));
#9585=CARTESIAN_POINT('Origin',(0.0238869152574583,0.993265122613197,0.920578952273707));
#9586=CARTESIAN_POINT('Origin',(-8.15311551579414,-6.83544053449732,6.57546493785401));
#9587=CARTESIAN_POINT('',(-6.86213297196178,-5.73076212206332,6.95697467117995));
#9588=CARTESIAN_POINT('',(-8.75793851611173,-6.91946088502672,2.18979189312236));
#9589=CARTESIAN_POINT('Ctrl Pts',(-6.86213297196178,-5.73076212206332,6.95697467117995));
#9590=CARTESIAN_POINT('Ctrl Pts',(-7.75212758360752,-6.37621917799752,5.56730583625657));
#9591=CARTESIAN_POINT('Ctrl Pts',(-8.4070260680016,-6.78678548491552,3.91987119887917));
#9592=CARTESIAN_POINT('Ctrl Pts',(-8.7579314465389,-6.91945442155245,2.18978996358673));
#9593=CARTESIAN_POINT('',(-7.47506149423733,-6.34369064433888,7.63420229403817));
#9594=CARTESIAN_POINT('',(-7.29616374896307,-6.16479289906461,7.43653732926056));
#9595=CARTESIAN_POINT('Origin',(-0.565685424949232,0.56568542494923,2.27935695600492E-31));
#9596=CARTESIAN_POINT('Ctrl Pts',(-8.75837294331594,-6.9196212548779,2.1876124012878));
#9597=CARTESIAN_POINT('Ctrl Pts',(-8.75822583118142,-6.91956569266556,2.18833827018604));
#9598=CARTESIAN_POINT('Ctrl Pts',(-8.75807866553459,-6.91951008153607,2.18906412455021));
#9599=CARTESIAN_POINT('Ctrl Pts',(-8.75793144638056,-6.91945442149259,2.18978996436738));
#9600=CARTESIAN_POINT('Origin',(-1.52027957955107,1.52027957955107,2.27935695600492E-31));
#9601=CARTESIAN_POINT('',(-8.0761022582459,-5.74264988033031,7.63420229403817));
#9602=CARTESIAN_POINT('Origin',(-1.1667261889578,1.16672618895779,2.27935695600492E-31));
#9603=CARTESIAN_POINT('',(-10.0636772139668,-7.02311805486464,2.78939307386393));
#9604=CARTESIAN_POINT('',(-7.08167146913384,-5.95030061923538,8.29721951884984));
#9605=CARTESIAN_POINT('Origin',(-0.565685424949229,0.565685424949227,2.35639415378041E-31));
#9606=CARTESIAN_POINT('Origin',(-0.565685424949233,0.565685424949231,2.27935695600492E-31));
#9607=CARTESIAN_POINT('',(-4.94625859868649,-1.90569943958436,11.4142601828103));
#9608=CARTESIAN_POINT('',(-7.6827122331424,-5.34925985522681,8.29721951884984));
#9609=CARTESIAN_POINT('Origin',(-1.1667261889578,1.16672618895779,2.27935695600492E-31));
#9610=CARTESIAN_POINT('Origin',(-1.16672618895779,1.16672618895779,2.27935695600492E-31));
#9611=CARTESIAN_POINT('Origin',(-10.6148641581226,-7.57430499902049,2.96935391733902));
#9612=CARTESIAN_POINT('',(-10.6148641581226,-7.57430499902049,2.96935391733902));
#9613=CARTESIAN_POINT('Origin',(-1.52027957955107,1.52027957955107,2.27935695600492E-31));
#9614=CARTESIAN_POINT('',(-5.16728950314684,-2.12673034404471,12.1506640655722));
#9615=CARTESIAN_POINT('Origin',(-4.94625859868649,-1.90569943958436,11.4142601828103));
#9616=CARTESIAN_POINT('Origin',(-5.85599628969553,-4.53832130839872,8.42580715541758));
#9617=CARTESIAN_POINT('',(-3.80530750193775,-1.96682987085275,10.5369269524568));
#9618=CARTESIAN_POINT('',(-6.50364044908521,-5.37226959918675,7.5611758518551));
#9619=CARTESIAN_POINT('Ctrl Pts',(-3.80530468023437,-1.96682765524793,10.5369178635871));
#9620=CARTESIAN_POINT('Ctrl Pts',(-4.85896726509225,-3.23872668200618,9.8997485492382));
#9621=CARTESIAN_POINT('Ctrl Pts',(-5.79150773639861,-4.41559933078861,8.87172294664248));
#9622=CARTESIAN_POINT('Ctrl Pts',(-6.50364044908521,-5.37226959918675,7.56117585185509));
#9623=CARTESIAN_POINT('',(-3.8039811638951,-1.96522889253351,10.5377283500795));
#9624=CARTESIAN_POINT('Ctrl Pts',(-3.80397845315095,-1.96522676471289,10.5377196126417));
#9625=CARTESIAN_POINT('Ctrl Pts',(-3.80442055031827,-1.96576041180241,10.5374524316627));
#9626=CARTESIAN_POINT('Ctrl Pts',(-3.80486262617366,-1.96629404217513,10.5371851818793));
#9627=CARTESIAN_POINT('Ctrl Pts',(-3.80530468070981,-1.96682765582184,10.5369178632996));
#9628=CARTESIAN_POINT('Origin',(-1.03743406753934,-0.068055860183599,-0.86816516360263));
#9629=CARTESIAN_POINT('',(-6.57146784450752,-5.44009699460906,7.64754478901895));
#9630=CARTESIAN_POINT('Origin',(-0.989949493661159,0.989949493661159,0.));
#9631=CARTESIAN_POINT('',(1.96522889253356,3.80398116389514,10.5377283500795));
#9632=CARTESIAN_POINT('Ctrl Pts',(1.71322954745483,3.83454989101445,10.3836925826533));
#9633=CARTESIAN_POINT('Ctrl Pts',(1.75522611800824,3.82947919387683,10.4094057171059));
#9634=CARTESIAN_POINT('Ctrl Pts',(1.79723315810394,3.8243946900264,10.4351031983022));
#9635=CARTESIAN_POINT('Ctrl Pts',(1.83924589423436,3.81929747698637,10.4607825171281));
#9636=CARTESIAN_POINT('Ctrl Pts',(1.88123037372757,3.81420369219485,10.4864445647343));
#9637=CARTESIAN_POINT('Ctrl Pts',(1.92322512052442,3.80909665968388,10.5120912732133));
#9638=CARTESIAN_POINT('Ctrl Pts',(1.96522552908049,3.80397742949767,10.5377202312854));
#9639=CARTESIAN_POINT('Origin',(0.0680558601835912,1.03743406753933,-0.86816516360263));
#9640=CARTESIAN_POINT('Ctrl Pts',(-3.83454989101431,-1.71322954745467,10.3836925826534));
#9641=CARTESIAN_POINT('Ctrl Pts',(-3.82947861173972,-1.75523093938783,10.40940866908));
#9642=CARTESIAN_POINT('Ctrl Pts',(-3.82439352255028,-1.79724280353386,10.4351090988189));
#9643=CARTESIAN_POINT('Ctrl Pts',(-3.81929572135512,-1.83926036466168,10.4607913618433));
#9644=CARTESIAN_POINT('Ctrl Pts',(-3.81420251876119,-1.88124002277988,10.4864504575291));
#9645=CARTESIAN_POINT('Ctrl Pts',(-3.80909607158235,-1.92322994556681,10.5120942174897));
#9646=CARTESIAN_POINT('Ctrl Pts',(-3.80397742949763,-1.96522552908044,10.5377202312854));
#9647=CARTESIAN_POINT('Origin',(4.53832130839871,5.85599628969554,8.42580715541758));
#9648=CARTESIAN_POINT('',(5.37226959918675,6.50364044908521,7.5611758518551));
#9649=CARTESIAN_POINT('',(1.96682987085275,3.80530750193776,10.5369269524568));
#9650=CARTESIAN_POINT('Ctrl Pts',(5.37226959918675,6.50364044908521,7.56117585185509));
#9651=CARTESIAN_POINT('Ctrl Pts',(4.41559933078861,5.79150773639861,8.87172294664248));
#9652=CARTESIAN_POINT('Ctrl Pts',(3.23872668200619,4.85896726509226,9.8997485492382));
#9653=CARTESIAN_POINT('Ctrl Pts',(1.96682765524794,3.80530468023438,10.5369178635871));
#9654=CARTESIAN_POINT('',(5.95030061923538,7.08167146913384,8.29721951884984));
#9655=CARTESIAN_POINT('',(5.44009699460906,6.57146784450752,7.64754478901895));
#9656=CARTESIAN_POINT('Origin',(-0.565685424949231,0.565685424949234,0.));
#9657=CARTESIAN_POINT('Ctrl Pts',(1.96522676471295,3.80397845315099,10.5377196126417));
#9658=CARTESIAN_POINT('Ctrl Pts',(1.96576041180244,3.8044205503183,10.5374524316627));
#9659=CARTESIAN_POINT('Ctrl Pts',(1.96629404217516,3.80486262617368,10.5371851818793));
#9660=CARTESIAN_POINT('Ctrl Pts',(1.96682765582184,3.80530468070981,10.5369178632996));
#9661=CARTESIAN_POINT('Origin',(-1.52027957955107,1.52027957955107,0.));
#9662=CARTESIAN_POINT('',(5.34925985522681,7.6827122331424,8.29721951884984));
#9663=CARTESIAN_POINT('Origin',(-1.1667261889578,1.1667261889578,0.));
#9664=CARTESIAN_POINT('',(1.90569943958436,4.94625859868649,11.4142601828103));
#9665=CARTESIAN_POINT('',(6.34369064433888,7.47506149423734,7.63420229403816));
#9666=CARTESIAN_POINT('Origin',(-0.565685424949227,0.565685424949229,0.));
#9667=CARTESIAN_POINT('Origin',(-0.565685424949232,0.565685424949235,0.));
#9668=CARTESIAN_POINT('',(7.02311805486464,10.0636772139668,2.78939307386393));
#9669=CARTESIAN_POINT('',(5.74264988033031,8.0761022582459,7.63420229403816));
#9670=CARTESIAN_POINT('Origin',(-1.16672618895779,1.1667261889578,0.));
#9671=CARTESIAN_POINT('Origin',(-1.16672618895779,1.16672618895779,0.));
#9672=CARTESIAN_POINT('Origin',(1.90569943958436,4.94625859868649,11.4142601828103));
#9673=CARTESIAN_POINT('',(2.12673034404471,5.16728950314685,12.1506640655722));
#9674=CARTESIAN_POINT('Origin',(-1.52027957955107,1.52027957955107,0.));
#9675=CARTESIAN_POINT('',(7.57430499902049,10.6148641581226,2.96935391733902));
#9676=CARTESIAN_POINT('Origin',(7.57430499902049,10.6148641581226,2.96935391733902));
#9677=CARTESIAN_POINT('Origin',(6.83544053449731,8.15311551579414,6.57546493785401));
#9678=CARTESIAN_POINT('',(6.91946088502671,8.75793851611172,2.1897918931224));
#9679=CARTESIAN_POINT('',(5.73076212206332,6.86213297196178,6.95697467117995));
#9680=CARTESIAN_POINT('Ctrl Pts',(6.91945442155244,8.75793144653889,2.18978996358677));
#9681=CARTESIAN_POINT('Ctrl Pts',(6.78678548491551,8.40702606800159,3.91987119887919));
#9682=CARTESIAN_POINT('Ctrl Pts',(6.37621917799751,7.75212758360752,5.56730583625658));
#9683=CARTESIAN_POINT('Ctrl Pts',(5.73076212206332,6.86213297196178,6.95697467117994));
#9684=CARTESIAN_POINT('Ctrl Pts',(6.91962125487789,8.75837294331594,2.18761240128783));
#9685=CARTESIAN_POINT('Ctrl Pts',(6.91956569266555,8.75822583118141,2.18833827018608));
#9686=CARTESIAN_POINT('Ctrl Pts',(6.91951008153606,8.75807866553459,2.18906412455025));
#9687=CARTESIAN_POINT('Ctrl Pts',(6.91945442149258,8.75793144638055,2.18978996436742));
#9688=CARTESIAN_POINT('',(6.16479289906461,7.29616374896307,7.43653732926056));
#9689=CARTESIAN_POINT('Ctrl Pts',(5.73076212206332,6.86213297196178,6.95697467117994));
#9690=CARTESIAN_POINT('Ctrl Pts',(6.3897770884059,7.77082203755717,5.53811565948495));
#9691=CARTESIAN_POINT('Ctrl Pts',(6.80392984608631,8.43443479764511,3.8505483058445));
#9692=CARTESIAN_POINT('Ctrl Pts',(6.92744637047335,8.77964086953263,2.08066043953249));
#9693=CARTESIAN_POINT('Ctrl Pts',(5.64386417716178,6.86906596582828,6.92105347668768));
#9694=CARTESIAN_POINT('Ctrl Pts',(6.29960482558021,7.77302149059068,5.51112602183247));
#9695=CARTESIAN_POINT('Ctrl Pts',(6.71211604721031,8.43357079334755,3.8336372255556));
#9696=CARTESIAN_POINT('Ctrl Pts',(6.835581886999,8.77748500089172,2.07382893292208));
#9697=CARTESIAN_POINT('Ctrl Pts',(5.55696623226024,6.87599895969477,6.88513228219541));
#9698=CARTESIAN_POINT('Ctrl Pts',(6.20943256275451,7.7752209436242,5.48413638417999));
#9699=CARTESIAN_POINT('Ctrl Pts',(6.62030224833432,8.43270678904999,3.8167261452667));
#9700=CARTESIAN_POINT('Ctrl Pts',(6.74371740352464,8.77532913225082,2.06699742631167));
#9701=CARTESIAN_POINT('Ctrl Pts',(5.4700682873587,6.88293195356126,6.84921108770314));
#9702=CARTESIAN_POINT('Ctrl Pts',(6.11926029992882,7.77742039665771,5.45714674652752));
#9703=CARTESIAN_POINT('Ctrl Pts',(6.52848844945833,8.43184278475244,3.7998150649778));
#9704=CARTESIAN_POINT('Ctrl Pts',(6.65185292005028,8.77317326360992,2.06016591970126));
#9705=CARTESIAN_POINT('Ctrl Pts',(5.47363844855109,6.88785200538164,6.84154771726633));
#9706=CARTESIAN_POINT('Ctrl Pts',(5.51650280774568,6.88357921628239,6.86076116229696));
#9707=CARTESIAN_POINT('Ctrl Pts',(5.55936366600116,6.8792992587158,6.87998781762132));
#9708=CARTESIAN_POINT('Ctrl Pts',(5.60221472092112,6.8750129737758,6.89922447052894));
#9709=CARTESIAN_POINT('Ctrl Pts',(5.64506891053721,6.87072637527992,6.91846253066122));
#9710=CARTESIAN_POINT('Ctrl Pts',(5.68791968387837,6.86643280943845,6.93771345775047));
#9711=CARTESIAN_POINT('Ctrl Pts',(5.73076212206332,6.86213297196178,6.95697467117994));
#9712=CARTESIAN_POINT('Origin',(-1.44956890143241,1.44956890143241,0.));
#9713=CARTESIAN_POINT('',(-9.35853847004091,-6.31825352498949,2.19196585310507));
#9714=CARTESIAN_POINT('Origin',(-1.70633477151982,0.775382058892488,-0.842563786826733));
#9715=CARTESIAN_POINT('Ctrl Pts',(-9.35853347620715,-6.31824881722911,2.19196311149229));
#9716=CARTESIAN_POINT('Ctrl Pts',(-9.31439872138737,-6.32125389557166,2.16721874957889));
#9717=CARTESIAN_POINT('Ctrl Pts',(-9.2702722345933,-6.32422935455639,2.14244859231185));
#9718=CARTESIAN_POINT('Ctrl Pts',(-9.22615989748162,-6.3271737359483,2.11765526230329));
#9719=CARTESIAN_POINT('Ctrl Pts',(-9.18197674013914,-6.3301228444026,2.09282212779857));
#9720=CARTESIAN_POINT('Ctrl Pts',(-9.13780288397602,-6.33304110257536,2.06796299481887));
#9721=CARTESIAN_POINT('Ctrl Pts',(-9.09364350403589,-6.33592705452554,2.04308008478582));
#9722=CARTESIAN_POINT('Ctrl Pts',(-9.09364350126721,-6.3359270546397,2.04308008412428));
#9723=CARTESIAN_POINT('Ctrl Pts',(-8.75518085386093,-6.21494529128279,3.77796801325463));
#9724=CARTESIAN_POINT('Ctrl Pts',(-8.10518096541023,-5.80962517482699,5.43318265213898));
#9725=CARTESIAN_POINT('Ctrl Pts',(-7.2145667487187,-5.16395708327774,6.82613169154742));
#9726=CARTESIAN_POINT('Ctrl Pts',(-9.18819293063905,-6.33234708950988,2.06138223514579));
#9727=CARTESIAN_POINT('Ctrl Pts',(-8.84696728585164,-6.20995915352295,3.80692057229002));
#9728=CARTESIAN_POINT('Ctrl Pts',(-8.19226708616238,-5.80143137465081,5.47176189290028));
#9729=CARTESIAN_POINT('Ctrl Pts',(-7.29576806312657,-5.15133548884947,6.872347842463));
#9730=CARTESIAN_POINT('Ctrl Pts',(-9.28274236001089,-6.32876712438006,2.07968438616729));
#9731=CARTESIAN_POINT('Ctrl Pts',(-8.93875371784234,-6.2049730157631,3.83587313132541));
#9732=CARTESIAN_POINT('Ctrl Pts',(-8.27935320691453,-5.79323757447462,5.51034113366158));
#9733=CARTESIAN_POINT('Ctrl Pts',(-7.37696937753445,-5.1387138944212,6.91856399337858));
#9734=CARTESIAN_POINT('Ctrl Pts',(-9.37729178938273,-6.32518715925024,2.0979865371888));
#9735=CARTESIAN_POINT('Ctrl Pts',(-9.03054014983305,-6.19998687800326,3.86482569036081));
#9736=CARTESIAN_POINT('Ctrl Pts',(-8.36643932766667,-5.78504377429844,5.54892037442288));
#9737=CARTESIAN_POINT('Ctrl Pts',(-7.45817069194232,-5.12609229999293,6.96478014429416));
#9738=CARTESIAN_POINT('',(-7.46317373597034,-5.12972135805476,6.95697467117995));
#9739=CARTESIAN_POINT('Ctrl Pts',(-9.35853321133665,-6.31824871699851,2.19196441652532));
#9740=CARTESIAN_POINT('Ctrl Pts',(-9.00755210918072,-6.1854326643181,3.92126918193477));
#9741=CARTESIAN_POINT('Ctrl Pts',(-8.35277696387552,-5.77489019027555,5.56787447445339));
#9742=CARTESIAN_POINT('Ctrl Pts',(-7.46317369123665,-5.12972131332124,6.95697462175521));
#9743=CARTESIAN_POINT('Ctrl Pts',(-7.46317368358328,-5.12972130777077,6.95697463370582));
#9744=CARTESIAN_POINT('Ctrl Pts',(-7.42172588747328,-5.13541505418688,6.93519051217412));
#9745=CARTESIAN_POINT('Ctrl Pts',(-7.38028131173397,-5.14111526427888,6.91339333755216));
#9746=CARTESIAN_POINT('Ctrl Pts',(-7.33884609804814,-5.14682126808899,6.89158593520598));
#9747=CARTESIAN_POINT('Ctrl Pts',(-7.29741351737195,-5.15252690930986,6.86977991861592));
#9748=CARTESIAN_POINT('Ctrl Pts',(-7.25598533965289,-5.15823902604262,6.84796106675981));
#9749=CARTESIAN_POINT('Ctrl Pts',(-7.21456674871871,-5.16395708327775,6.8261316915474));
#9750=CARTESIAN_POINT('Origin',(-1.09601551083914,1.09601551083914,0.));
#9751=CARTESIAN_POINT('',(-7.10468121309377,-4.77122883517818,7.5611758518551));
#9752=CARTESIAN_POINT('Origin',(-1.16672618895779,1.16672618895779,0.));
#9753=CARTESIAN_POINT('Ctrl Pts',(-6.85353289524569,-4.80292322980473,7.43461601579983));
#9754=CARTESIAN_POINT('Ctrl Pts',(-6.89540212238622,-4.79765576322562,7.4556859799638));
#9755=CARTESIAN_POINT('Ctrl Pts',(-6.9372671927136,-4.79238049354375,7.47676858416142));
#9756=CARTESIAN_POINT('Ctrl Pts',(-6.97912323338879,-4.78709826659996,7.49786099265057));
#9757=CARTESIAN_POINT('Ctrl Pts',(-7.02098185285245,-4.78181571421339,7.51895470066205));
#9758=CARTESIAN_POINT('Ctrl Pts',(-7.06283645015518,-4.77652557133888,7.54006073861176));
#9759=CARTESIAN_POINT('Ctrl Pts',(-7.10468117703227,-4.77122880121976,7.56117578686596));
#9760=CARTESIAN_POINT('Ctrl Pts',(-6.85353289524571,-4.80292322980474,7.4346160157998));
#9761=CARTESIAN_POINT('Ctrl Pts',(-6.13939236978867,-3.84383657920543,8.74631114057113));
#9762=CARTESIAN_POINT('Ctrl Pts',(-5.2007271690666,-2.66049160648846,9.76862325977224));
#9763=CARTESIAN_POINT('Ctrl Pts',(-4.14124453861622,-1.38352809198871,10.3898240451925));
#9764=CARTESIAN_POINT('Ctrl Pts',(-6.9385819961863,-4.7941494219092,7.47434713001949));
#9765=CARTESIAN_POINT('Ctrl Pts',(-6.22074728778767,-3.82991157627609,8.79454971660212));
#9766=CARTESIAN_POINT('Ctrl Pts',(-5.27681133717694,-2.63980320484826,9.82404032160857));
#9767=CARTESIAN_POINT('Ctrl Pts',(-4.21095254020384,-1.35510669907468,10.4499937918794));
#9768=CARTESIAN_POINT('Ctrl Pts',(-7.0236310971269,-4.78537561401365,7.51407824423918));
#9769=CARTESIAN_POINT('Ctrl Pts',(-6.30210220578666,-3.81598657334676,8.84278829263311));
#9770=CARTESIAN_POINT('Ctrl Pts',(-5.35289550528729,-2.61911480320805,9.87945738344491));
#9771=CARTESIAN_POINT('Ctrl Pts',(-4.28066054179146,-1.32668530616064,10.5101635385663));
#9772=CARTESIAN_POINT('Ctrl Pts',(-7.1086801980675,-4.7766018061181,7.55380935845886));
#9773=CARTESIAN_POINT('Ctrl Pts',(-6.38345712378566,-3.80206157041742,8.89102686866409));
#9774=CARTESIAN_POINT('Ctrl Pts',(-5.42897967339764,-2.59842640156785,9.93487444528125));
#9775=CARTESIAN_POINT('Ctrl Pts',(-4.35036854337909,-1.29826391324661,10.5703332852533));
#9776=CARTESIAN_POINT('',(-4.40767228943092,-1.36738734437949,10.5361264723745));
#9777=CARTESIAN_POINT('Ctrl Pts',(-7.10468117090815,-4.77122879299275,7.56117579813585));
#9778=CARTESIAN_POINT('Ctrl Pts',(-6.39283389340158,-3.81494711980161,8.87115094932745));
#9779=CARTESIAN_POINT('Ctrl Pts',(-5.46080841701936,-2.63868897215674,9.89893005240665));
#9780=CARTESIAN_POINT('Ctrl Pts',(-4.40767018965987,-1.36738569532173,10.5361197117473));
#9781=CARTESIAN_POINT('Ctrl Pts',(-4.40766939490105,-1.36738473592301,10.5361201926073));
#9782=CARTESIAN_POINT('Ctrl Pts',(-4.36330135977104,-1.3701522664718,10.5117779739028));
#9783=CARTESIAN_POINT('Ctrl Pts',(-4.31893245195458,-1.37288104355992,10.48742536822));
#9784=CARTESIAN_POINT('Ctrl Pts',(-4.27456855017271,-1.37556960799063,10.463064999759));
#9785=CARTESIAN_POINT('Ctrl Pts',(-4.23012538484998,-1.37826297599199,10.4386611074198));
#9786=CARTESIAN_POINT('Ctrl Pts',(-4.18568231936157,-1.38091628576687,10.4142467215163));
#9787=CARTESIAN_POINT('Ctrl Pts',(-4.14124454074879,-1.38352809123844,10.3898240469261));
#9788=CARTESIAN_POINT('Origin',(-1.44956890143241,1.44956890143241,0.));
#9789=CARTESIAN_POINT('Origin',(-0.734956244892306,1.74676058552001,0.794591844653203));
#9790=CARTESIAN_POINT('',(1.3673873443795,4.40767228943093,10.5361264723745));
#9791=CARTESIAN_POINT('Origin',(-1.74676058552001,0.734956244892307,0.79459184465321));
#9792=CARTESIAN_POINT('Ctrl Pts',(1.36738473592301,4.40766939490106,10.5361201926073));
#9793=CARTESIAN_POINT('Ctrl Pts',(1.37015250600223,4.36329751970704,10.511775867078));
#9794=CARTESIAN_POINT('Ctrl Pts',(1.37288151592795,4.31892477142247,10.4874211526338));
#9795=CARTESIAN_POINT('Ctrl Pts',(1.37557030612275,4.27455703030564,10.4630586741608));
#9796=CARTESIAN_POINT('Ctrl Pts',(1.3782634344884,4.230117705009,10.4386568885698));
#9797=CARTESIAN_POINT('Ctrl Pts',(1.38091651142185,4.18567848002248,10.4142446114439));
#9798=CARTESIAN_POINT('Ctrl Pts',(1.38352809123842,4.14124454074878,10.3898240469261));
#9799=CARTESIAN_POINT('Ctrl Pts',(1.3835280919887,4.14124453861621,10.3898240451925));
#9800=CARTESIAN_POINT('Ctrl Pts',(2.66049160648845,5.20072716906659,9.76862325977224));
#9801=CARTESIAN_POINT('Ctrl Pts',(3.84383657920543,6.13939236978868,8.74631114057113));
#9802=CARTESIAN_POINT('Ctrl Pts',(4.80292322980474,6.85353289524571,7.4346160157998));
#9803=CARTESIAN_POINT('Ctrl Pts',(1.35510669907467,4.21095254020383,10.4499937918794));
#9804=CARTESIAN_POINT('Ctrl Pts',(2.63980320484825,5.27681133717694,9.82404032160858));
#9805=CARTESIAN_POINT('Ctrl Pts',(3.82991157627609,6.22074728778767,8.79454971660212));
#9806=CARTESIAN_POINT('Ctrl Pts',(4.7941494219092,6.93858199618631,7.47434713001948));
#9807=CARTESIAN_POINT('Ctrl Pts',(1.32668530616063,4.28066054179146,10.5101635385663));
#9808=CARTESIAN_POINT('Ctrl Pts',(2.61911480320805,5.35289550528729,9.87945738344492));
#9809=CARTESIAN_POINT('Ctrl Pts',(3.81598657334676,6.30210220578667,8.84278829263311));
#9810=CARTESIAN_POINT('Ctrl Pts',(4.78537561401365,7.02363109712691,7.51407824423917));
#9811=CARTESIAN_POINT('Ctrl Pts',(1.2982639132466,4.35036854337908,10.5703332852533));
#9812=CARTESIAN_POINT('Ctrl Pts',(2.59842640156784,5.42897967339764,9.93487444528126));
#9813=CARTESIAN_POINT('Ctrl Pts',(3.80206157041742,6.38345712378567,8.8910268686641));
#9814=CARTESIAN_POINT('Ctrl Pts',(4.77660180611811,7.10868019806751,7.55380935845886));
#9815=CARTESIAN_POINT('',(4.77122883517818,7.10468121309377,7.5611758518551));
#9816=CARTESIAN_POINT('Ctrl Pts',(1.36738569532174,4.40767018965987,10.5361197117473));
#9817=CARTESIAN_POINT('Ctrl Pts',(2.63868897215674,5.46080841701937,9.89893005240666));
#9818=CARTESIAN_POINT('Ctrl Pts',(3.81494711980161,6.39283389340159,8.87115094932745));
#9819=CARTESIAN_POINT('Ctrl Pts',(4.77122879299274,7.10468117090816,7.56117579813585));
#9820=CARTESIAN_POINT('Ctrl Pts',(4.77122880121976,7.10468117703227,7.56117578686596));
#9821=CARTESIAN_POINT('Ctrl Pts',(4.77652557623932,7.06283641144144,7.54006071907663));
#9822=CARTESIAN_POINT('Ctrl Pts',(4.78181572401111,7.0209817753348,7.51895466157219));
#9823=CARTESIAN_POINT('Ctrl Pts',(4.78709828128001,6.97912311706489,7.49786093403177));
#9824=CARTESIAN_POINT('Ctrl Pts',(4.79238050335471,6.93726711485319,7.47676854495203));
#9825=CARTESIAN_POINT('Ctrl Pts',(4.79765576812305,6.89540208345757,7.45568596037376));
#9826=CARTESIAN_POINT('Ctrl Pts',(4.80292322980465,6.85353289524564,7.43461601579993));
#9827=CARTESIAN_POINT('Origin',(-1.09601551083914,1.09601551083914,0.));
#9828=CARTESIAN_POINT('',(5.12972135805475,7.46317373597035,6.95697467117995));
#9829=CARTESIAN_POINT('Origin',(-1.16672618895779,1.16672618895779,0.));
#9830=CARTESIAN_POINT('Ctrl Pts',(5.16395708327775,7.21456674871872,6.8261316915474));
#9831=CARTESIAN_POINT('Ctrl Pts',(5.15823902026273,7.25598538151933,6.84796108882523));
#9832=CARTESIAN_POINT('Ctrl Pts',(5.15252689776181,7.29741360112667,6.86977996272664));
#9833=CARTESIAN_POINT('Ctrl Pts',(5.14682125082129,7.3388462234409,6.89158600120029));
#9834=CARTESIAN_POINT('Ctrl Pts',(5.14111525278452,7.38028139530625,6.91339338150573));
#9835=CARTESIAN_POINT('Ctrl Pts',(5.13541504845399,7.42172592920596,6.93519053410796));
#9836=CARTESIAN_POINT('Ctrl Pts',(5.12972130777077,7.46317368358329,6.95697463370582));
#9837=CARTESIAN_POINT('Ctrl Pts',(5.16395708327775,7.21456674871872,6.8261316915474));
#9838=CARTESIAN_POINT('Ctrl Pts',(5.80962517482698,8.10518096541022,5.433182652139));
#9839=CARTESIAN_POINT('Ctrl Pts',(6.21494529128277,8.7551808538609,3.7779680132547));
#9840=CARTESIAN_POINT('Ctrl Pts',(6.33592705463969,9.09364350126719,2.04308008412441));
#9841=CARTESIAN_POINT('Ctrl Pts',(5.15133548884948,7.29576806312659,6.87234784246298));
#9842=CARTESIAN_POINT('Ctrl Pts',(5.80143137465079,8.19226708616237,5.4717618929003));
#9843=CARTESIAN_POINT('Ctrl Pts',(6.20995915352292,8.84696728585161,3.80692057229009));
#9844=CARTESIAN_POINT('Ctrl Pts',(6.33234708950987,9.18819293063902,2.06138223514591));
#9845=CARTESIAN_POINT('Ctrl Pts',(5.13871389442121,7.37696937753446,6.91856399337856));
#9846=CARTESIAN_POINT('Ctrl Pts',(5.7932375744746,8.27935320691451,5.5103411336616));
#9847=CARTESIAN_POINT('Ctrl Pts',(6.20497301576308,8.93875371784232,3.83587313132549));
#9848=CARTESIAN_POINT('Ctrl Pts',(6.32876712438005,9.28274236001086,2.07968438616742));
#9849=CARTESIAN_POINT('Ctrl Pts',(5.12609229999294,7.45817069194234,6.96478014429414));
#9850=CARTESIAN_POINT('Ctrl Pts',(5.78504377429842,8.36643932766666,5.5489203744229));
#9851=CARTESIAN_POINT('Ctrl Pts',(6.19998687800324,9.03054014983302,3.86482569036088));
#9852=CARTESIAN_POINT('Ctrl Pts',(6.32518715925023,9.3772917893827,2.09798653718892));
#9853=CARTESIAN_POINT('Ctrl Pts',(5.12972131332124,7.46317369123666,6.95697462175521));
#9854=CARTESIAN_POINT('Ctrl Pts',(5.77489019027555,8.35277696387553,5.56787447445339));
#9855=CARTESIAN_POINT('Ctrl Pts',(6.1854326643181,9.00755210918073,3.92126918193477));
#9856=CARTESIAN_POINT('Ctrl Pts',(6.31824871699851,9.35853321133665,2.19196441652532));
#9857=CARTESIAN_POINT('Origin',(-0.636396103067885,0.636396103067885,0.));
#9858=CARTESIAN_POINT('Origin',(-0.56568542494923,0.56568542494923,0.));
#9859=CARTESIAN_POINT('Ctrl Pts',(5.1303775456183,6.54459110244886,7.42007761565144));
#9860=CARTESIAN_POINT('Ctrl Pts',(5.1706763149774,6.53775276884045,7.44361500269417));
#9861=CARTESIAN_POINT('Ctrl Pts',(5.21098519089939,6.53092087426966,7.46714266602099));
#9862=CARTESIAN_POINT('Ctrl Pts',(5.25129789000777,6.52409627913378,7.4906573603154));
#9863=CARTESIAN_POINT('Ctrl Pts',(5.29161361596085,6.51727117157898,7.51417382019062));
#9864=CARTESIAN_POINT('Ctrl Pts',(5.33193917601086,6.51045234704106,7.53768081494297));
#9865=CARTESIAN_POINT('Ctrl Pts',(5.37226959918675,6.50364044908521,7.5611758518551));
#9866=CARTESIAN_POINT('Ctrl Pts',(1.88655381465059,3.73874831370986,10.5765509798585));
#9867=CARTESIAN_POINT('Ctrl Pts',(3.18918879553962,4.81969374709841,9.94281152252308));
#9868=CARTESIAN_POINT('Ctrl Pts',(4.39550434589371,5.77654929504498,8.89925116084934));
#9869=CARTESIAN_POINT('Ctrl Pts',(5.37226959918675,6.50364044908521,7.56117585185509));
#9870=CARTESIAN_POINT('Ctrl Pts',(1.82877905891866,3.77068217281138,10.5122648474568));
#9871=CARTESIAN_POINT('Ctrl Pts',(3.1238909608564,4.84534570699363,9.88121059279615));
#9872=CARTESIAN_POINT('Ctrl Pts',(4.3228857103914,5.79630237540187,8.84267674338384));
#9873=CARTESIAN_POINT('Ctrl Pts',(5.29339701047651,6.518598799143,7.51172876943855));
#9874=CARTESIAN_POINT('Ctrl Pts',(1.77100430318672,3.8026160319129,10.447978715055));
#9875=CARTESIAN_POINT('Ctrl Pts',(3.05859312617318,4.87099766688884,9.81960966306922));
#9876=CARTESIAN_POINT('Ctrl Pts',(4.25026707488909,5.81605545575877,8.78610232591833));
#9877=CARTESIAN_POINT('Ctrl Pts',(5.21452442176626,6.53355714920079,7.462281687022));
#9878=CARTESIAN_POINT('Ctrl Pts',(1.71322954745479,3.83454989101442,10.3836925826533));
#9879=CARTESIAN_POINT('Ctrl Pts',(2.99329529148996,4.89664962678406,9.75800873334229));
#9880=CARTESIAN_POINT('Ctrl Pts',(4.17764843938679,5.83580853611567,8.72952790845283));
#9881=CARTESIAN_POINT('Ctrl Pts',(5.13565183305602,6.54851549925858,7.41283460460546));
#9882=CARTESIAN_POINT('Ctrl Pts',(-3.83454989101431,-1.71322954745467,10.3836925826534));
#9883=CARTESIAN_POINT('Ctrl Pts',(-4.89664962678399,-2.99329529148988,9.75800873334235));
#9884=CARTESIAN_POINT('Ctrl Pts',(-5.83580853611564,-4.17764843938676,8.72952790845287));
#9885=CARTESIAN_POINT('Ctrl Pts',(-6.54851549925858,-5.13565183305602,7.41283460460546));
#9886=CARTESIAN_POINT('Ctrl Pts',(-3.8026160319128,-1.7710043031866,10.4479787150551));
#9887=CARTESIAN_POINT('Ctrl Pts',(-4.87099766688878,-3.0585931261731,9.81960966306928));
#9888=CARTESIAN_POINT('Ctrl Pts',(-5.81605545575874,-4.25026707488907,8.78610232591837));
#9889=CARTESIAN_POINT('Ctrl Pts',(-6.53355714920079,-5.21452442176626,7.462281687022));
#9890=CARTESIAN_POINT('Ctrl Pts',(-3.77068217281128,-1.82877905891854,10.5122648474568));
#9891=CARTESIAN_POINT('Ctrl Pts',(-4.84534570699357,-3.12389096085632,9.88121059279622));
#9892=CARTESIAN_POINT('Ctrl Pts',(-5.79630237540185,-4.32288571039137,8.84267674338388));
#9893=CARTESIAN_POINT('Ctrl Pts',(-6.518598799143,-5.29339701047651,7.51172876943855));
#9894=CARTESIAN_POINT('Ctrl Pts',(-3.73874831370976,-1.88655381465047,10.5765509798586));
#9895=CARTESIAN_POINT('Ctrl Pts',(-4.81969374709835,-3.18918879553954,9.94281152252315));
#9896=CARTESIAN_POINT('Ctrl Pts',(-5.77654929504495,-4.39550434589368,8.89925116084938));
#9897=CARTESIAN_POINT('Ctrl Pts',(-6.50364044908521,-5.37226959918675,7.56117585185509));
#9898=CARTESIAN_POINT('Ctrl Pts',(-6.54459110244894,-5.13037754561841,7.42007761565129));
#9899=CARTESIAN_POINT('Ctrl Pts',(-6.53775276256056,-5.17067635198578,7.44361502430951));
#9900=CARTESIAN_POINT('Ctrl Pts',(-6.53092086172337,-5.21098526492307,7.46714270922767));
#9901=CARTESIAN_POINT('Ctrl Pts',(-6.52409626018766,-5.25129800192196,7.49065742559577));
#9902=CARTESIAN_POINT('Ctrl Pts',(-6.51727115895897,-5.29161369059374,7.5141738636964));
#9903=CARTESIAN_POINT('Ctrl Pts',(-6.51045234073579,-5.33193921334173,7.53768083669057));
#9904=CARTESIAN_POINT('Ctrl Pts',(-6.50364044908521,-5.37226959918675,7.56117585185509));
#9905=CARTESIAN_POINT('Origin',(-0.636396103067884,0.636396103067884,-2.46519032881562E-33));
#9906=CARTESIAN_POINT('Origin',(-0.565685424949231,0.565685424949231,-4.93038065763123E-33));
#9907=CARTESIAN_POINT('Ctrl Pts',(-6.8878520053816,-5.47363844855106,6.84154771726639));
#9908=CARTESIAN_POINT('Ctrl Pts',(-6.88357922057731,-5.51650276465889,6.86076114298389));
#9909=CARTESIAN_POINT('Ctrl Pts',(-6.87929926732089,-5.55936357982758,6.8799877789652));
#9910=CARTESIAN_POINT('Ctrl Pts',(-6.87501298665881,-5.60221459212647,6.89922441271057));
#9911=CARTESIAN_POINT('Ctrl Pts',(-6.87072638388354,-5.64506882467104,6.91846249208541));
#9912=CARTESIAN_POINT('Ctrl Pts',(-6.8664328137482,-5.68791964093719,6.93771343844486));
#9913=CARTESIAN_POINT('Ctrl Pts',(-6.86213297196178,-5.73076212206332,6.95697467117995));
#9914=CARTESIAN_POINT('Ctrl Pts',(-6.88293195356126,-5.47006828735871,6.84921108770314));
#9915=CARTESIAN_POINT('Ctrl Pts',(-7.77742039665771,-6.11926029992883,5.4571467465275));
#9916=CARTESIAN_POINT('Ctrl Pts',(-8.43184278475244,-6.52848844945834,3.79981506497776));
#9917=CARTESIAN_POINT('Ctrl Pts',(-8.77317326360992,-6.6518529200503,2.06016591970121));
#9918=CARTESIAN_POINT('Ctrl Pts',(-6.87599895969477,-5.55696623226024,6.88513228219541));
#9919=CARTESIAN_POINT('Ctrl Pts',(-7.7752209436242,-6.20943256275452,5.48413638417998));
#9920=CARTESIAN_POINT('Ctrl Pts',(-8.43270678905,-6.62030224833433,3.81672614526666));
#9921=CARTESIAN_POINT('Ctrl Pts',(-8.77532913225083,-6.74371740352465,2.06699742631162));
#9922=CARTESIAN_POINT('Ctrl Pts',(-6.86906596582827,-5.64386417716178,6.92105347668768));
#9923=CARTESIAN_POINT('Ctrl Pts',(-7.77302149059069,-6.29960482558022,5.51112602183246));
#9924=CARTESIAN_POINT('Ctrl Pts',(-8.43357079334756,-6.71211604721033,3.83363722555557));
#9925=CARTESIAN_POINT('Ctrl Pts',(-8.77748500089173,-6.83558188699901,2.07382893292203));
#9926=CARTESIAN_POINT('Ctrl Pts',(-6.86213297196178,-5.73076212206332,6.95697467117995));
#9927=CARTESIAN_POINT('Ctrl Pts',(-7.77082203755717,-6.38977708840591,5.53811565948494));
#9928=CARTESIAN_POINT('Ctrl Pts',(-8.43443479764512,-6.80392984608632,3.85054830584447));
#9929=CARTESIAN_POINT('Ctrl Pts',(-8.77964086953263,-6.92744637047336,2.08066043953244));
#9930=CARTESIAN_POINT('Origin',(5.92477946927788,8.32723337734101,7.2420773473033));
#9931=CARTESIAN_POINT('',(5.01827980855011,7.3517321864657,6.83384237611482));
#9932=CARTESIAN_POINT('Origin',(-17.1062445840514,-13.5,0.));
#9933=CARTESIAN_POINT('',(-17.1062445840514,-13.9,16.6));
#9934=CARTESIAN_POINT('',(-17.1062445840514,-13.9,0.));
#9935=CARTESIAN_POINT('Origin',(-17.1062445840514,-13.5,16.6));
#9936=CARTESIAN_POINT('Origin',(-9.08899801308929,-6.33128156646178,16.8));
#9937=CARTESIAN_POINT('',(-16.5405591591021,-14.0656854249492,17.));
#9938=CARTESIAN_POINT('',(-16.8234018715767,-13.7828427124746,16.6));
#9939=CARTESIAN_POINT('',(14.0656854249492,16.5405591591022,17.));
#9940=CARTESIAN_POINT('',(-8.94757665685198,-6.47270292269909,17.));
#9941=CARTESIAN_POINT('',(14.0656854249492,16.5405591591022,17.));
#9942=CARTESIAN_POINT('Origin',(4.39618719656425,6.79864110462739,7.79714877681823));
#9943=CARTESIAN_POINT('',(5.34925985522681,7.68271223314241,8.29721951884984));
#9944=CARTESIAN_POINT('Origin',(-6.79864110462738,-4.39618719656425,7.79714877681823));
#9945=CARTESIAN_POINT('',(-7.6827122331424,-5.34925985522681,8.29721951884984));
#9946=CARTESIAN_POINT('Origin',(-8.32723337734101,-5.92477946927788,7.2420773473033));
#9947=CARTESIAN_POINT('',(-7.3517321864657,-5.01827980855011,6.83384237611482));
#9948=CARTESIAN_POINT('Origin',(13.5,17.1062445840514,16.8));
#9949=CARTESIAN_POINT('',(14.3,17.1062445840514,17.));
#9950=CARTESIAN_POINT('',(13.9,17.1062445840514,16.6));
#9951=CARTESIAN_POINT('Origin',(13.5,17.1062445840514,17.));
#9952=CARTESIAN_POINT('Origin',(14.1,8.47027957955108,16.8));
#9953=CARTESIAN_POINT('',(14.3,21.3,17.));
#9954=CARTESIAN_POINT('',(14.3,8.47027957955108,17.));
#9955=CARTESIAN_POINT('',(13.9,21.3,16.6));
#9956=CARTESIAN_POINT('Origin',(13.5,21.3,16.8));
#9957=CARTESIAN_POINT('',(13.5,22.1,17.));
#9958=CARTESIAN_POINT('',(13.5,21.7,16.6));
#9959=CARTESIAN_POINT('Origin',(13.5,21.3,17.));
#9960=CARTESIAN_POINT('Origin',(0.,21.8,0.));
#9961=CARTESIAN_POINT('',(-11.085165926937,21.7001938986148,2.19196585310499));
#9962=CARTESIAN_POINT('Ctrl Pts',(-10.9103539727551,21.8999999979615,2.04308008478571));
#9963=CARTESIAN_POINT('Ctrl Pts',(-10.9395416076956,21.8667306031053,2.06796547940433));
#9964=CARTESIAN_POINT('Ctrl Pts',(-10.9687166325952,21.8334281212411,2.09282709238261));
#9965=CARTESIAN_POINT('Ctrl Pts',(-10.997876416601,21.8000972428848,2.11766270141218));
#9966=CARTESIAN_POINT('Ctrl Pts',(-11.0269836432383,21.7668264398452,2.1424535469326));
#9967=CARTESIAN_POINT('Ctrl Pts',(-11.0560789023037,21.7335236629961,2.16722122424256));
#9968=CARTESIAN_POINT('Ctrl Pts',(-11.085159066874,21.7001941008992,2.19196311149221));
#9969=CARTESIAN_POINT('Origin',(-0.658282976062854,22.0951612002307,-0.84256378682678));
#9970=CARTESIAN_POINT('Origin',(-9.05328094971332,22.1512085501204,6.44171742937994));
#9971=CARTESIAN_POINT('',(-8.90452151575597,22.2,6.95697467117992));
#9972=CARTESIAN_POINT('Ctrl Pts',(-8.90452145249311,22.2000000000001,6.95697462175519));
#9973=CARTESIAN_POINT('Ctrl Pts',(-9.98976924704671,22.0271587812564,5.56787447445335));
#9974=CARTESIAN_POINT('Ctrl Pts',(-10.743062559805,21.8544602032192,3.92126918193472));
#9975=CARTESIAN_POINT('Ctrl Pts',(-11.0851588087085,21.7001942173172,2.19196441652524));
#9976=CARTESIAN_POINT('',(-9.77133334472335,22.2,7.63420229403816));
#9977=CARTESIAN_POINT('',(-9.77133334472335,22.2,7.63420229403816));
#9978=CARTESIAN_POINT('Origin',(-2.66453525910038E-14,22.2,-3.26311457627254E-30));
#9979=CARTESIAN_POINT('Origin',(-2.66453525910038E-14,21.7,-3.26311457627254E-30));
#9980=CARTESIAN_POINT('',(-9.21499583591968,22.2,8.29721951884985));
#9981=CARTESIAN_POINT('Origin',(-2.66453525910038E-14,22.2,-3.26311457627254E-30));
#9982=CARTESIAN_POINT('Origin',(-2.66453525910038E-14,22.2,-3.26311457627254E-30));
#9983=CARTESIAN_POINT('',(-4.84506599326703,22.55,11.4142601828103));
#9984=CARTESIAN_POINT('',(-4.84506599326703,21.7,11.4142601828103));
#9985=CARTESIAN_POINT('',(-4.98755136072551,22.55,11.3527235245172));
#9986=CARTESIAN_POINT('Origin',(-2.66453525910038E-14,22.55,-3.26311457627254E-30));
#9987=CARTESIAN_POINT('',(-9.21499583591968,23.05,8.29721951884985));
#9988=CARTESIAN_POINT('Origin',(-2.66453525910038E-14,23.05,-3.26311457627254E-30));
#9989=CARTESIAN_POINT('',(-9.77133334472335,23.05,7.63420229403816));
#9990=CARTESIAN_POINT('Origin',(-2.66453525910038E-14,23.05,-3.26311457627254E-30));
#9991=CARTESIAN_POINT('Origin',(-2.66453525910038E-14,23.05,-3.26311457627254E-30));
#9992=CARTESIAN_POINT('',(-12.0821888033369,21.7,2.78939307386393));
#9993=CARTESIAN_POINT('Origin',(-12.0821888033369,21.7,2.78939307386393));
#9994=CARTESIAN_POINT('',(-12.8616848551651,22.55,2.96935391733902));
#9995=CARTESIAN_POINT('',(-11.0624397856203,22.55,2.55396546274162));
#9996=CARTESIAN_POINT('',(-12.8616848551651,21.7,2.96935391733902));
#9997=CARTESIAN_POINT('Origin',(-2.66453525910038E-14,21.7,-3.26311457627254E-30));
#9998=CARTESIAN_POINT('',(-5.15765089605845,22.55,12.1506640655722));
#9999=CARTESIAN_POINT('Origin',(-2.66453525910038E-14,22.55,-3.26311457627254E-30));
#10000=CARTESIAN_POINT('',(-5.15765089605845,21.7,12.1506640655722));
#10001=CARTESIAN_POINT('Origin',(-5.15765089605845,21.7,12.1506640655722));
#10002=CARTESIAN_POINT('',(-4.5980236827376,22.55,10.8322649710909));
#10003=CARTESIAN_POINT('',(-1.73150242605294,22.55,4.07916408684634));
#10004=CARTESIAN_POINT('Origin',(-8.88202727911228,22.1512085501204,8.66701856508475));
#10005=CARTESIAN_POINT('',(-4.08358382882407,21.7001938986148,10.5361264723745));
#10006=CARTESIAN_POINT('Origin',(0.715453710491893,22.0951612002306,0.794591844653247));
#10007=CARTESIAN_POINT('',(-8.39753652789456,22.2,7.56117585185509));
#10008=CARTESIAN_POINT('',(-8.2489075627991,22.2,7.42734973058333));
#10009=CARTESIAN_POINT('Ctrl Pts',(-4.08358117800179,21.7001942173172,10.5361197117473));
#10010=CARTESIAN_POINT('Ctrl Pts',(-5.72720952808918,21.8544602032192,9.89893005240664));
#10011=CARTESIAN_POINT('Ctrl Pts',(-7.21799117530328,22.0271587812564,8.87115094932745));
#10012=CARTESIAN_POINT('Ctrl Pts',(-8.39753646823523,22.2000000000001,7.56117579813585));
#10013=CARTESIAN_POINT('Origin',(0.,21.8,0.));
#10014=CARTESIAN_POINT('Ctrl Pts',(-4.0835799376251,21.7001941008992,10.5361201926073));
#10015=CARTESIAN_POINT('Ctrl Pts',(-4.05416108934621,21.7335272075334,10.5117756159872));
#10016=CARTESIAN_POINT('Ctrl Pts',(-4.02471421557456,21.7668335233921,10.4874206502554));
#10017=CARTESIAN_POINT('Ctrl Pts',(-3.99524244225742,21.8001078583157,10.4630579203434));
#10018=CARTESIAN_POINT('Ctrl Pts',(-3.96572372669039,21.8334351921588,10.4386563857982));
#10019=CARTESIAN_POINT('Ctrl Pts',(-3.93617676205131,21.8667341349372,10.4142443599805));
#10020=CARTESIAN_POINT('Ctrl Pts',(-3.90660419259179,21.8999999979615,10.3898240469262));
#10021=CARTESIAN_POINT('',(4.08358382882411,21.7001938986148,10.5361264723744));
#10022=CARTESIAN_POINT('Ctrl Pts',(3.90660419259188,21.8999999979615,10.3898240469261));
#10023=CARTESIAN_POINT('Ctrl Pts',(3.93617990579416,21.866730598575,10.4142469560072));
#10024=CARTESIAN_POINT('Ctrl Pts',(3.96573000893498,21.8334281121718,10.4386615762583));
#10025=CARTESIAN_POINT('Ctrl Pts',(3.99525185664076,21.8000972292503,10.4630657027082));
#10026=CARTESIAN_POINT('Ctrl Pts',(4.02472048632657,21.7668264307657,10.4874258366783));
#10027=CARTESIAN_POINT('Ctrl Pts',(4.054164221637,21.7335236584828,10.5117782080089));
#10028=CARTESIAN_POINT('Ctrl Pts',(4.08357993762514,21.7001941008992,10.5361201926073));
#10029=CARTESIAN_POINT('Origin',(-0.715453710491896,22.0951612002306,0.794591844653241));
#10030=CARTESIAN_POINT('Origin',(8.88202727911228,22.1512085501204,8.66701856508475));
#10031=CARTESIAN_POINT('',(8.39753652789457,22.2,7.56117585185509));
#10032=CARTESIAN_POINT('Ctrl Pts',(8.39753646823522,22.2000000000001,7.56117579813584));
#10033=CARTESIAN_POINT('Ctrl Pts',(7.21799117530329,22.0271587812564,8.87115094932744));
#10034=CARTESIAN_POINT('Ctrl Pts',(5.7272095280892,21.8544602032192,9.89893005240662));
#10035=CARTESIAN_POINT('Ctrl Pts',(4.08358117800184,21.7001942173172,10.5361197117473));
#10036=CARTESIAN_POINT('',(9.21499583591968,22.2,8.29721951884985));
#10037=CARTESIAN_POINT('',(8.2489075627991,22.2,7.42734973058333));
#10038=CARTESIAN_POINT('Origin',(2.66453525910038E-14,22.2,0.));
#10039=CARTESIAN_POINT('Origin',(2.66453525910038E-14,21.7,0.));
#10040=CARTESIAN_POINT('',(9.77133334472335,22.2,7.63420229403816));
#10041=CARTESIAN_POINT('Origin',(2.66453525910038E-14,22.2,0.));
#10042=CARTESIAN_POINT('',(12.0821888033369,21.7,2.78939307386393));
#10043=CARTESIAN_POINT('',(9.77133334472335,23.05,7.63420229403816));
#10044=CARTESIAN_POINT('Origin',(2.66453525910038E-14,23.05,0.));
#10045=CARTESIAN_POINT('',(9.21499583591968,23.05,8.29721951884985));
#10046=CARTESIAN_POINT('Origin',(2.66453525910038E-14,23.05,0.));
#10047=CARTESIAN_POINT('',(4.98755136072554,22.55,11.3527235245172));
#10048=CARTESIAN_POINT('Origin',(2.66453525910038E-14,23.05,0.));
#10049=CARTESIAN_POINT('',(4.84506599326703,22.55,11.4142601828103));
#10050=CARTESIAN_POINT('Origin',(2.66453525910038E-14,22.55,0.));
#10051=CARTESIAN_POINT('',(4.84506599326703,21.7,11.4142601828103));
#10052=CARTESIAN_POINT('Origin',(2.66453525910038E-14,22.2,0.));
#10053=CARTESIAN_POINT('Origin',(5.15765089605845,21.7,12.1506640655722));
#10054=CARTESIAN_POINT('',(5.15765089605845,22.55,12.1506640655722));
#10055=CARTESIAN_POINT('',(4.5980236827376,22.55,10.8322649710909));
#10056=CARTESIAN_POINT('',(5.15765089605845,21.7,12.1506640655722));
#10057=CARTESIAN_POINT('',(3.42614847000552,22.55,8.07149997872587));
#10058=CARTESIAN_POINT('Origin',(2.66453525910038E-14,21.7,0.));
#10059=CARTESIAN_POINT('',(12.8616848551651,22.55,2.96935391733902));
#10060=CARTESIAN_POINT('Origin',(2.66453525910038E-14,22.55,0.));
#10061=CARTESIAN_POINT('',(12.8616848551651,21.7,2.96935391733902));
#10062=CARTESIAN_POINT('Origin',(12.0821888033369,21.7,2.78939307386393));
#10063=CARTESIAN_POINT('',(11.0624397856203,22.55,2.55396546274162));
#10064=CARTESIAN_POINT('Origin',(9.05328094971332,22.1512085501204,6.44171742937994));
#10065=CARTESIAN_POINT('',(8.90452151575597,22.2,6.95697467117992));
#10066=CARTESIAN_POINT('',(9.77133334472335,22.2,7.63420229403816));
#10067=CARTESIAN_POINT('Ctrl Pts',(11.0851588087085,21.7001942173172,2.19196441652524));
#10068=CARTESIAN_POINT('Ctrl Pts',(10.743062559805,21.8544602032192,3.92126918193471));
#10069=CARTESIAN_POINT('Ctrl Pts',(9.98976924704671,22.0271587812564,5.56787447445335));
#10070=CARTESIAN_POINT('Ctrl Pts',(8.90452145249311,22.2000000000001,6.95697462175519));
#10071=CARTESIAN_POINT('Origin',(6.95,21.9,16.8));
#10072=CARTESIAN_POINT('',(-12.9079281888042,22.1,17.));
#10073=CARTESIAN_POINT('',(6.95,22.1,17.));
#10074=CARTESIAN_POINT('',(-12.9079281888042,21.7,16.6));
#10075=CARTESIAN_POINT('Origin',(-12.9079281888042,21.3,0.));
#10076=CARTESIAN_POINT('',(-13.3079281888042,21.3,16.6));
#10077=CARTESIAN_POINT('Origin',(-12.9079281888042,21.3,16.6));
#10078=CARTESIAN_POINT('',(-13.3079281888042,21.3,0.));
#10079=CARTESIAN_POINT('Ctrl Pts',(10.9103539708781,21.9,2.04308008412416));
#10080=CARTESIAN_POINT('Ctrl Pts',(10.5854777124492,22.0537822078898,3.77796801325454));
#10081=CARTESIAN_POINT('Ctrl Pts',(9.83925378065798,22.2267969338865,5.43318265213893));
#10082=CARTESIAN_POINT('Ctrl Pts',(8.75293814268398,22.4,6.8261316915474));
#10083=CARTESIAN_POINT('Ctrl Pts',(10.9746790959245,21.8306120397142,2.06138223514567));
#10084=CARTESIAN_POINT('Ctrl Pts',(10.6468547891088,21.9853536675863,3.80692057228993));
#10085=CARTESIAN_POINT('Ctrl Pts',(9.89503907552078,22.1594238556872,5.47176189290023));
#10086=CARTESIAN_POINT('Ctrl Pts',(8.80143132773344,22.3336571849313,6.87234784246298));
#10087=CARTESIAN_POINT('Ctrl Pts',(11.039004220971,21.7612240794283,2.07968438616717));
#10088=CARTESIAN_POINT('Ctrl Pts',(10.7082318657684,21.9169251272828,3.83587313132533));
#10089=CARTESIAN_POINT('Ctrl Pts',(9.95082437038359,22.0920507774879,5.51034113366153));
#10090=CARTESIAN_POINT('Ctrl Pts',(8.84992451278289,22.2673143698627,6.91856399337856));
#10091=CARTESIAN_POINT('Ctrl Pts',(11.1033293460174,21.6918361191425,2.09798653718868));
#10092=CARTESIAN_POINT('Ctrl Pts',(10.7696089424281,21.8484965869794,3.86482569036072));
#10093=CARTESIAN_POINT('Ctrl Pts',(10.0066096652464,22.0246776992885,5.54892037442283));
#10094=CARTESIAN_POINT('Ctrl Pts',(8.89841769783235,22.200971554794,6.96478014429414));
#10095=CARTESIAN_POINT('Ctrl Pts',(8.90452144315658,22.2000000014871,6.9569746337058));
#10096=CARTESIAN_POINT('Ctrl Pts',(8.87923951037456,22.2333341082412,6.93519051063296));
#10097=CARTESIAN_POINT('Ctrl Pts',(8.85396442550781,22.2666705080168,6.91339333469143));
#10098=CARTESIAN_POINT('Ctrl Pts',(8.82870005739261,22.300004384596,6.89158593102588));
#10099=CARTESIAN_POINT('Ctrl Pts',(8.80343729791886,22.3333361387292,6.86977991588875));
#10100=CARTESIAN_POINT('Ctrl Pts',(8.77818223057556,22.366669358522,6.84796106539427));
#10101=CARTESIAN_POINT('Ctrl Pts',(8.75293814268404,22.4,6.82613169154733));
#10102=CARTESIAN_POINT('Ctrl Pts',(-8.90452151575597,23.05,6.95697467117992));
#10103=CARTESIAN_POINT('Ctrl Pts',(-10.0130556676328,22.8734537513317,5.53811565948493));
#10104=CARTESIAN_POINT('Ctrl Pts',(-10.7751509737758,22.6970588919945,3.8505483058445));
#10105=CARTESIAN_POINT('Ctrl Pts',(-11.1065879000969,22.5403007096388,2.0806604395325));
#10106=CARTESIAN_POINT('Ctrl Pts',(-8.84797775662184,22.983651506912,6.92105347668766));
#10107=CARTESIAN_POINT('Ctrl Pts',(-9.9508494972687,22.8081370846578,5.51112602183246));
#10108=CARTESIAN_POINT('Ctrl Pts',(-10.7096178706863,22.6327476755006,3.8336372255556));
#10109=CARTESIAN_POINT('Ctrl Pts',(-11.0401054715467,22.4768671397592,2.07382893292209));
#10110=CARTESIAN_POINT('Ctrl Pts',(-8.79143399748771,22.9173030138241,6.88513228219539));
#10111=CARTESIAN_POINT('Ctrl Pts',(-9.88864332690462,22.7428204179839,5.48413638417998));
#10112=CARTESIAN_POINT('Ctrl Pts',(-10.6440847675968,22.5684364590067,3.8167261452667));
#10113=CARTESIAN_POINT('Ctrl Pts',(-10.9736230429964,22.4134335698796,2.06699742631168));
#10114=CARTESIAN_POINT('Ctrl Pts',(-8.73489023835358,22.8509545207361,6.84921108770312));
#10115=CARTESIAN_POINT('Ctrl Pts',(-9.82643715654053,22.6775037513101,5.4571467465275));
#10116=CARTESIAN_POINT('Ctrl Pts',(-10.5785516645073,22.5041252425127,3.79981506497779));
#10117=CARTESIAN_POINT('Ctrl Pts',(-10.9071406144462,22.35,2.06016591970127));
#10118=CARTESIAN_POINT('',(-11.0855954279149,22.55,2.18979189312235));
#10119=CARTESIAN_POINT('',(-8.90452151575597,23.05,6.95697467117992));
#10120=CARTESIAN_POINT('Ctrl Pts',(-11.0855858586055,22.5500004285764,2.18978996358672));
#10121=CARTESIAN_POINT('Ctrl Pts',(-10.7436471811382,22.7043168965462,3.91987119887915));
#10122=CARTESIAN_POINT('Ctrl Pts',(-9.99024980208594,22.8770858361016,5.56730583625654));
#10123=CARTESIAN_POINT('Ctrl Pts',(-8.90452151575597,23.05,6.95697467117992));
#10124=CARTESIAN_POINT('Ctrl Pts',(-8.74089372554858,22.8500000039192,6.84154771726636));
#10125=CARTESIAN_POINT('Ctrl Pts',(-8.76818208838093,22.8833310034703,6.86076116364977));
#10126=CARTESIAN_POINT('Ctrl Pts',(-8.79546290680133,22.9166645963543,6.87998782032778));
#10127=CARTESIAN_POINT('Ctrl Pts',(-8.822732319235,22.9499957315432,6.89922447469539));
#10128=CARTESIAN_POINT('Ctrl Pts',(-8.85000372239807,22.9833292999811,6.91846253338271));
#10129=CARTESIAN_POINT('Ctrl Pts',(-8.87726778323577,23.0166653794071,6.93771345902623));
#10130=CARTESIAN_POINT('Ctrl Pts',(-8.90452151575597,23.05,6.95697467117992));
#10131=CARTESIAN_POINT('Ctrl Pts',(-11.0855858584513,22.5500004286461,2.18978996436737));
#10132=CARTESIAN_POINT('Ctrl Pts',(-11.0857293157076,22.5499356865781,2.18906412455019));
#10133=CARTESIAN_POINT('Ctrl Pts',(-11.0858727005412,22.549870947758,2.18833827018601));
#10134=CARTESIAN_POINT('Ctrl Pts',(-11.0860160129462,22.5498062121872,2.18761240128776));
#10135=CARTESIAN_POINT('Origin',(0.,22.95,0.));
#10136=CARTESIAN_POINT('',(-8.39753652789457,23.05,7.56117585185509));
#10137=CARTESIAN_POINT('Origin',(0.,23.05,0.));
#10138=CARTESIAN_POINT('Ctrl Pts',(-8.39753652789457,23.05,7.56117585185509));
#10139=CARTESIAN_POINT('Ctrl Pts',(-8.37383534872009,23.0166653412551,7.53768081227041));
#10140=CARTESIAN_POINT('Ctrl Pts',(-8.35014250625649,22.9833292236039,7.51417381496823));
#10141=CARTESIAN_POINT('Ctrl Pts',(-8.32646106030769,22.9499956169347,7.49065735253313));
#10142=CARTESIAN_POINT('Ctrl Pts',(-8.30278139731149,22.9166645199196,7.46714266062916));
#10143=CARTESIAN_POINT('Ctrl Pts',(-8.27910959950037,22.8833309652565,7.44361499999899));
#10144=CARTESIAN_POINT('Ctrl Pts',(-8.25544950118872,22.8500000039192,7.42007761565134));
#10145=CARTESIAN_POINT('Ctrl Pts',(-8.26195395319805,22.8509545207361,7.41283460460539));
#10146=CARTESIAN_POINT('Ctrl Pts',(-7.08058333049756,22.6775037513101,8.72952790845281));
#10147=CARTESIAN_POINT('Ctrl Pts',(-5.57903355489988,22.5041252425127,9.7580087333423));
#10148=CARTESIAN_POINT('Ctrl Pts',(-3.9228724614688,22.35,10.3836925826533));
#10149=CARTESIAN_POINT('Ctrl Pts',(-8.30714814476357,22.9173030138241,7.46228168702194));
#10150=CARTESIAN_POINT('Ctrl Pts',(-7.11796492303207,22.742820417984,8.78610232591832));
#10151=CARTESIAN_POINT('Ctrl Pts',(-5.60706742180855,22.5684364590067,9.81960966306923));
#10152=CARTESIAN_POINT('Ctrl Pts',(-3.94114473470811,22.4134335698796,10.4479787150551));
#10153=CARTESIAN_POINT('Ctrl Pts',(-8.3523423363291,22.983651506912,7.51172876943848));
#10154=CARTESIAN_POINT('Ctrl Pts',(-7.15534651556658,22.8081370846578,8.84267674338383));
#10155=CARTESIAN_POINT('Ctrl Pts',(-5.63510128871723,22.6327476755006,9.88121059279617));
#10156=CARTESIAN_POINT('Ctrl Pts',(-3.95941700794742,22.4768671397592,10.5122648474568));
#10157=CARTESIAN_POINT('Ctrl Pts',(-8.39753652789462,23.05,7.56117585185503));
#10158=CARTESIAN_POINT('Ctrl Pts',(-7.19272810810109,22.8734537513317,8.89925116084933));
#10159=CARTESIAN_POINT('Ctrl Pts',(-5.6631351556259,22.6970588919945,9.9428115225231));
#10160=CARTESIAN_POINT('Ctrl Pts',(-3.97768928118673,22.5403007096388,10.5765509798586));
#10161=CARTESIAN_POINT('',(-4.0815174782405,22.55,10.5369269524568));
#10162=CARTESIAN_POINT('Ctrl Pts',(-8.39753652789462,23.05,7.56117585185503));
#10163=CARTESIAN_POINT('Ctrl Pts',(-7.21751462350528,22.8770858361016,8.87172294664244));
#10164=CARTESIAN_POINT('Ctrl Pts',(-5.72593430196662,22.7043168965462,9.89974854923817));
#10165=CARTESIAN_POINT('Ctrl Pts',(-4.08151391632572,22.5500004285764,10.536917863587));
#10166=CARTESIAN_POINT('',(-4.07944755299038,22.5498057999981,10.5377283500795));
#10167=CARTESIAN_POINT('Ctrl Pts',(-4.07944413160842,22.5498062121872,10.5377196126417));
#10168=CARTESIAN_POINT('Ctrl Pts',(-4.08013408698911,22.549870947758,10.5374524316627));
#10169=CARTESIAN_POINT('Ctrl Pts',(-4.08082401547945,22.5499356865781,10.5371851818793));
#10170=CARTESIAN_POINT('Ctrl Pts',(-4.08151391706772,22.5500004286461,10.5369178632995));
#10171=CARTESIAN_POINT('Ctrl Pts',(-3.9228724614688,22.35,10.3836925826533));
#10172=CARTESIAN_POINT('Ctrl Pts',(-3.94898263985743,22.3832811289754,10.4094053654362));
#10173=CARTESIAN_POINT('Ctrl Pts',(-3.97509045855642,22.4165794233623,10.4351024953726));
#10174=CARTESIAN_POINT('Ctrl Pts',(-4.00119331829159,22.4498907317997,10.4607814633858));
#10175=CARTESIAN_POINT('Ctrl Pts',(-4.0272793358015,22.4831805469384,10.4864438626793));
#10176=CARTESIAN_POINT('Ctrl Pts',(-4.0533632457978,22.5164869901964,10.512090922441));
#10177=CARTESIAN_POINT('Ctrl Pts',(-4.07944253405213,22.5498060622954,10.5377202312854));
#10178=CARTESIAN_POINT('Origin',(0.,22.45,0.));
#10179=CARTESIAN_POINT('',(-4.08167907538013,22.55,10.5370724551748));
#10180=CARTESIAN_POINT('',(4.08167907538016,22.55,10.5370724551748));
#10181=CARTESIAN_POINT('Origin',(0.,22.55,0.));
#10182=CARTESIAN_POINT('',(4.07944755299044,22.5498057999981,10.5377283500795));
#10183=CARTESIAN_POINT('Origin',(0.781699424426334,23.1645460960443,-0.86816516360263));
#10184=CARTESIAN_POINT('Ctrl Pts',(4.07944253405219,22.5498060622954,10.5377202312854));
#10185=CARTESIAN_POINT('Ctrl Pts',(4.05336693758861,22.5164917068528,10.5120945505326));
#10186=CARTESIAN_POINT('Ctrl Pts',(4.02728672089942,22.4831899769424,10.4864511240926));
#10187=CARTESIAN_POINT('Ctrl Pts',(4.00120439713142,22.4499048701234,10.4607923623124));
#10188=CARTESIAN_POINT('Ctrl Pts',(3.97509784565837,22.4165888449799,10.4351097662711));
#10189=CARTESIAN_POINT('Ctrl Pts',(3.94898633364063,22.3832858372265,10.4094090030002));
#10190=CARTESIAN_POINT('Ctrl Pts',(3.92287246146875,22.35,10.3836925826534));
#10191=CARTESIAN_POINT('Origin',(-0.78169942442633,23.1645460960443,-0.868165163602628));
#10192=CARTESIAN_POINT('Ctrl Pts',(8.39753652789457,23.05,7.56117585185509));
#10193=CARTESIAN_POINT('Ctrl Pts',(7.19272810810103,22.8734537513317,8.89925116084938));
#10194=CARTESIAN_POINT('Ctrl Pts',(5.66313515562584,22.6970588919945,9.94281152252313));
#10195=CARTESIAN_POINT('Ctrl Pts',(3.97768928118667,22.5403007096388,10.5765509798586));
#10196=CARTESIAN_POINT('Ctrl Pts',(8.35234233632904,22.983651506912,7.51172876943855));
#10197=CARTESIAN_POINT('Ctrl Pts',(7.15534651556652,22.8081370846578,8.84267674338387));
#10198=CARTESIAN_POINT('Ctrl Pts',(5.63510128871716,22.6327476755006,9.8812105927962));
#10199=CARTESIAN_POINT('Ctrl Pts',(3.95941700794736,22.4768671397592,10.5122648474568));
#10200=CARTESIAN_POINT('Ctrl Pts',(8.30714814476351,22.9173030138241,7.462281687022));
#10201=CARTESIAN_POINT('Ctrl Pts',(7.117964923032,22.7428204179839,8.78610232591837));
#10202=CARTESIAN_POINT('Ctrl Pts',(5.60706742180849,22.5684364590067,9.81960966306927));
#10203=CARTESIAN_POINT('Ctrl Pts',(3.94114473470805,22.4134335698796,10.4479787150551));
#10204=CARTESIAN_POINT('Ctrl Pts',(8.26195395319799,22.8509545207361,7.41283460460545));
#10205=CARTESIAN_POINT('Ctrl Pts',(7.08058333049749,22.6775037513101,8.72952790845286));
#10206=CARTESIAN_POINT('Ctrl Pts',(5.57903355489982,22.5041252425127,9.75800873334234));
#10207=CARTESIAN_POINT('Ctrl Pts',(3.92287246146874,22.35,10.3836925826533));
#10208=CARTESIAN_POINT('',(4.08151747824054,22.55,10.5369269524568));
#10209=CARTESIAN_POINT('Ctrl Pts',(4.08151391706775,22.5500004286461,10.5369178632995));
#10210=CARTESIAN_POINT('Ctrl Pts',(4.0808240154795,22.5499356865781,10.5371851818793));
#10211=CARTESIAN_POINT('Ctrl Pts',(4.08013408698917,22.549870947758,10.5374524316627));
#10212=CARTESIAN_POINT('Ctrl Pts',(4.07944413160848,22.5498062121872,10.5377196126417));
#10213=CARTESIAN_POINT('',(8.39753652789456,23.05,7.56117585185509));
#10214=CARTESIAN_POINT('Ctrl Pts',(4.08151391632576,22.5500004285764,10.536917863587));
#10215=CARTESIAN_POINT('Ctrl Pts',(5.72593430196662,22.7043168965462,9.89974854923817));
#10216=CARTESIAN_POINT('Ctrl Pts',(7.21751462350524,22.8770858361016,8.87172294664246));
#10217=CARTESIAN_POINT('Ctrl Pts',(8.39753652789457,23.05,7.56117585185509));
#10218=CARTESIAN_POINT('Ctrl Pts',(8.2554495011887,22.8500000039192,7.42007761565135));
#10219=CARTESIAN_POINT('Ctrl Pts',(8.27910962662916,22.883331003474,7.44361502698709));
#10220=CARTESIAN_POINT('Ctrl Pts',(8.30278145159279,22.9166645963561,7.46714271457991));
#10221=CARTESIAN_POINT('Ctrl Pts',(8.32646114172654,22.9499957315385,7.4906574333847));
#10222=CARTESIAN_POINT('Ctrl Pts',(8.35014256050696,22.9833292999349,7.51417386879305));
#10223=CARTESIAN_POINT('Ctrl Pts',(8.37383537578163,23.0166653793159,7.53768083909659));
#10224=CARTESIAN_POINT('Ctrl Pts',(8.39753652789456,23.05,7.56117585185509));
#10225=CARTESIAN_POINT('Origin',(0.,22.95,0.));
#10226=CARTESIAN_POINT('',(8.90452151575597,23.05,6.95697467117992));
#10227=CARTESIAN_POINT('Origin',(0.,23.05,0.));
#10228=CARTESIAN_POINT('Ctrl Pts',(8.7408937255486,22.8500000039192,6.84154771726633));
#10229=CARTESIAN_POINT('Ctrl Pts',(8.76818205710707,22.8833309652712,6.86076114163013));
#10230=CARTESIAN_POINT('Ctrl Pts',(8.79546284426986,22.916664519949,6.87998777625753));
#10231=CARTESIAN_POINT('Ctrl Pts',(8.82273222546576,22.9499956169299,6.89922440854772));
#10232=CARTESIAN_POINT('Ctrl Pts',(8.8500036599487,22.9833292236235,6.91846248928764));
#10233=CARTESIAN_POINT('Ctrl Pts',(8.87726775208683,23.0166653413081,6.93771343701213));
#10234=CARTESIAN_POINT('Ctrl Pts',(8.90452151575597,23.05,6.95697467117992));
#10235=CARTESIAN_POINT('Ctrl Pts',(8.73489023835357,22.8509545207361,6.84921108770313));
#10236=CARTESIAN_POINT('Ctrl Pts',(9.82643715654054,22.6775037513101,5.4571467465275));
#10237=CARTESIAN_POINT('Ctrl Pts',(10.5785516645073,22.5041252425127,3.79981506497778));
#10238=CARTESIAN_POINT('Ctrl Pts',(10.9071406144462,22.35,2.06016591970124));
#10239=CARTESIAN_POINT('Ctrl Pts',(8.7914339974877,22.9173030138241,6.8851322821954));
#10240=CARTESIAN_POINT('Ctrl Pts',(9.88864332690462,22.742820417984,5.48413638417998));
#10241=CARTESIAN_POINT('Ctrl Pts',(10.6440847675968,22.5684364590067,3.81672614526668));
#10242=CARTESIAN_POINT('Ctrl Pts',(10.9736230429964,22.4134335698796,2.06699742631165));
#10243=CARTESIAN_POINT('Ctrl Pts',(8.84797775662183,22.983651506912,6.92105347668767));
#10244=CARTESIAN_POINT('Ctrl Pts',(9.95084949726871,22.8081370846578,5.51112602183246));
#10245=CARTESIAN_POINT('Ctrl Pts',(10.7096178706863,22.6327476755006,3.83363722555559));
#10246=CARTESIAN_POINT('Ctrl Pts',(11.0401054715467,22.4768671397592,2.07382893292206));
#10247=CARTESIAN_POINT('Ctrl Pts',(8.90452151575596,23.05,6.95697467117994));
#10248=CARTESIAN_POINT('Ctrl Pts',(10.0130556676328,22.8734537513317,5.53811565948493));
#10249=CARTESIAN_POINT('Ctrl Pts',(10.7751509737758,22.6970588919945,3.85054830584449));
#10250=CARTESIAN_POINT('Ctrl Pts',(11.1065879000969,22.5403007096388,2.08066043953247));
#10251=CARTESIAN_POINT('',(11.0855954279149,22.55,2.18979189312238));
#10252=CARTESIAN_POINT('Ctrl Pts',(8.90452151575596,23.05,6.95697467117994));
#10253=CARTESIAN_POINT('Ctrl Pts',(9.99024980208593,22.8770858361016,5.56730583625656));
#10254=CARTESIAN_POINT('Ctrl Pts',(10.7436471811382,22.7043168965462,3.91987119887918));
#10255=CARTESIAN_POINT('Ctrl Pts',(11.0855858586055,22.5500004285764,2.18978996358675));
#10256=CARTESIAN_POINT('Ctrl Pts',(11.0860160129462,22.5498062121872,2.18761240128773));
#10257=CARTESIAN_POINT('Ctrl Pts',(11.0858727005412,22.549870947758,2.188338270186));
#10258=CARTESIAN_POINT('Ctrl Pts',(11.0857293157076,22.5499356865781,2.1890641245502));
#10259=CARTESIAN_POINT('Ctrl Pts',(11.0855858584512,22.5500004286461,2.18978996436739));
#10260=CARTESIAN_POINT('Origin',(0.,22.3,0.));
#10261=CARTESIAN_POINT('Origin',(0.,22.2,0.));
#10262=CARTESIAN_POINT('Ctrl Pts',(8.24235917062661,22.4,7.43461601579984));
#10263=CARTESIAN_POINT('Ctrl Pts',(8.26824052651589,22.3666693206313,7.45568598223755));
#10264=CARTESIAN_POINT('Ctrl Pts',(8.29411342546909,22.3333360629416,7.47676858871446));
#10265=CARTESIAN_POINT('Ctrl Pts',(8.31997501986317,22.300004270784,7.49786099940222));
#10266=CARTESIAN_POINT('Ctrl Pts',(8.34583820211799,22.2666704321075,7.51895470513041));
#10267=CARTESIAN_POINT('Ctrl Pts',(8.371693172988,22.2333340702483,7.54006074079086));
#10268=CARTESIAN_POINT('Ctrl Pts',(8.397536478383,22.2000000014871,7.56117578686596));
#10269=CARTESIAN_POINT('Ctrl Pts',(8.24235917062664,22.4,7.43461601579981));
#10270=CARTESIAN_POINT('Ctrl Pts',(7.05920888797154,22.2267969338865,8.74631114057117));
#10271=CARTESIAN_POINT('Ctrl Pts',(5.5587211045859,22.0537822078898,9.7686232597723));
#10272=CARTESIAN_POINT('Ctrl Pts',(3.90660419161444,21.9,10.3898240451925));
#10273=CARTESIAN_POINT('Ctrl Pts',(8.29629394757579,22.3336571849313,7.47434713001949));
#10274=CARTESIAN_POINT('Ctrl Pts',(7.10688903817213,22.1594238556872,8.79454971660216));
#10275=CARTESIAN_POINT('Ctrl Pts',(5.59789182670596,21.9853536675863,9.82404032160863));
#10276=CARTESIAN_POINT('Ctrl Pts',(3.93579823257973,21.8306120397142,10.4499937918795));
#10277=CARTESIAN_POINT('Ctrl Pts',(8.35022872452493,22.2673143698626,7.51407824423918));
#10278=CARTESIAN_POINT('Ctrl Pts',(7.15456918837272,22.0920507774879,8.84278829263315));
#10279=CARTESIAN_POINT('Ctrl Pts',(5.63706254882603,21.9169251272828,9.87945738344497));
#10280=CARTESIAN_POINT('Ctrl Pts',(3.96499227354502,21.7612240794283,10.5101635385664));
#10281=CARTESIAN_POINT('Ctrl Pts',(8.40416350147408,22.200971554794,7.55380935845887));
#10282=CARTESIAN_POINT('Ctrl Pts',(7.20224933857331,22.0246776992885,8.89102686866414));
#10283=CARTESIAN_POINT('Ctrl Pts',(5.6762332709461,21.8484965869794,9.93487444528131));
#10284=CARTESIAN_POINT('Ctrl Pts',(3.99418631451031,21.6918361191425,10.5703332852533));
#10285=CARTESIAN_POINT('Ctrl Pts',(-3.90660419161435,21.9,10.3898240451925));
#10286=CARTESIAN_POINT('Ctrl Pts',(-5.55872110458586,22.0537822078898,9.76862325977233));
#10287=CARTESIAN_POINT('Ctrl Pts',(-7.05920888797156,22.2267969338865,8.74631114057117));
#10288=CARTESIAN_POINT('Ctrl Pts',(-8.24235917062668,22.4,7.43461601579976));
#10289=CARTESIAN_POINT('Ctrl Pts',(-3.93579823257964,21.8306120397141,10.4499937918795));
#10290=CARTESIAN_POINT('Ctrl Pts',(-5.59789182670593,21.9853536675863,9.82404032160867));
#10291=CARTESIAN_POINT('Ctrl Pts',(-7.10688903817215,22.1594238556872,8.79454971660216));
#10292=CARTESIAN_POINT('Ctrl Pts',(-8.29629394757583,22.3336571849313,7.47434713001945));
#10293=CARTESIAN_POINT('Ctrl Pts',(-3.96499227354493,21.7612240794283,10.5101635385664));
#10294=CARTESIAN_POINT('Ctrl Pts',(-5.637062548826,21.9169251272828,9.879457383445));
#10295=CARTESIAN_POINT('Ctrl Pts',(-7.15456918837274,22.0920507774878,8.84278829263316));
#10296=CARTESIAN_POINT('Ctrl Pts',(-8.35022872452498,22.2673143698626,7.51407824423914));
#10297=CARTESIAN_POINT('Ctrl Pts',(-3.99418631451022,21.6918361191424,10.5703332852534));
#10298=CARTESIAN_POINT('Ctrl Pts',(-5.67623327094606,21.8484965869794,9.93487444528134));
#10299=CARTESIAN_POINT('Ctrl Pts',(-7.20224933857333,22.0246776992885,8.89102686866415));
#10300=CARTESIAN_POINT('Ctrl Pts',(-8.40416350147412,22.200971554794,7.55380935845882));
#10301=CARTESIAN_POINT('Ctrl Pts',(-8.397536478383,22.2000000014871,7.56117578686596));
#10302=CARTESIAN_POINT('Ctrl Pts',(-8.37169314347484,22.2333341083159,7.54006071667739));
#10303=CARTESIAN_POINT('Ctrl Pts',(-8.34583814316102,22.2666705081242,7.51895465700247));
#10304=CARTESIAN_POINT('Ctrl Pts',(-8.31997493144086,22.3000043847473,7.49786092728604));
#10305=CARTESIAN_POINT('Ctrl Pts',(-8.29411336669056,22.3333361386686,7.47676854081876));
#10306=CARTESIAN_POINT('Ctrl Pts',(-8.26824049711671,22.3666693584925,7.45568595830359));
#10307=CARTESIAN_POINT('Ctrl Pts',(-8.24235917062668,22.4,7.43461601579976));
#10308=CARTESIAN_POINT('Origin',(0.,22.3,0.));
#10309=CARTESIAN_POINT('Origin',(0.,22.2,0.));
#10310=CARTESIAN_POINT('Ctrl Pts',(-8.75293814268394,22.4,6.82613169154746));
#10311=CARTESIAN_POINT('Ctrl Pts',(-8.77818225944119,22.3666693204096,6.84796109035553));
#10312=CARTESIAN_POINT('Ctrl Pts',(-8.80343735568425,22.333336062487,6.86977996579422));
#10313=CARTESIAN_POINT('Ctrl Pts',(-8.82870014353801,22.3000042709355,6.8915860053838));
#10314=CARTESIAN_POINT('Ctrl Pts',(-8.85396448291443,22.2666704323007,6.91339338419867));
#10315=CARTESIAN_POINT('Ctrl Pts',(-8.87923953901038,22.233334070485,6.93519053530696));
#10316=CARTESIAN_POINT('Ctrl Pts',(-8.90452144315658,22.2000000014871,6.95697463370579));
#10317=CARTESIAN_POINT('Ctrl Pts',(-8.75293814268394,22.4,6.82613169154746));
#10318=CARTESIAN_POINT('Ctrl Pts',(-9.83925378065796,22.2267969338866,5.43318265213898));
#10319=CARTESIAN_POINT('Ctrl Pts',(-10.5854777124492,22.0537822078898,3.77796801325458));
#10320=CARTESIAN_POINT('Ctrl Pts',(-10.9103539708781,21.9,2.04308008412417));
#10321=CARTESIAN_POINT('Ctrl Pts',(-8.80143132773339,22.3336571849313,6.87234784246304));
#10322=CARTESIAN_POINT('Ctrl Pts',(-9.89503907552076,22.1594238556872,5.47176189290028));
#10323=CARTESIAN_POINT('Ctrl Pts',(-10.6468547891088,21.9853536675863,3.80692057228997));
#10324=CARTESIAN_POINT('Ctrl Pts',(-10.9746790959245,21.8306120397142,2.06138223514568));
#10325=CARTESIAN_POINT('Ctrl Pts',(-8.84992451278285,22.2673143698627,6.91856399337862));
#10326=CARTESIAN_POINT('Ctrl Pts',(-9.95082437038357,22.0920507774879,5.51034113366158));
#10327=CARTESIAN_POINT('Ctrl Pts',(-10.7082318657684,21.9169251272828,3.83587313132537));
#10328=CARTESIAN_POINT('Ctrl Pts',(-11.039004220971,21.7612240794283,2.07968438616719));
#10329=CARTESIAN_POINT('Ctrl Pts',(-8.8984176978323,22.200971554794,6.9647801442942));
#10330=CARTESIAN_POINT('Ctrl Pts',(-10.0066096652464,22.0246776992885,5.54892037442288));
#10331=CARTESIAN_POINT('Ctrl Pts',(-10.7696089424281,21.8484965869794,3.86482569036076));
#10332=CARTESIAN_POINT('Ctrl Pts',(-11.1033293460174,21.6918361191425,2.09798653718869));
#10333=CARTESIAN_POINT('Origin',(9.57409564366706,22.9182630853252,5.77510501993067));
#10334=CARTESIAN_POINT('',(9.00612673723417,23.05,7.03635737029888));
#10335=CARTESIAN_POINT('Origin',(8.85337542421609,22.55,7.47002856971808));
#10336=CARTESIAN_POINT('Origin',(11.1,22.55,0.));
#10337=CARTESIAN_POINT('',(1.869729485445,22.55,5.17840011773887));
#10338=CARTESIAN_POINT('',(4.26040348569027,22.55,10.6979966370328));
#10339=CARTESIAN_POINT('Origin',(-8.85337542421609,22.55,7.47002856971807));
#10340=CARTESIAN_POINT('Origin',(-13.3079281888042,21.7,0.));
#10341=CARTESIAN_POINT('',(-13.3079281888043,16.8079281888042,16.6));
#10342=CARTESIAN_POINT('',(-13.3079281888043,10.85,16.6));
#10343=CARTESIAN_POINT('',(-13.3079281888043,16.8079281888042,0.));
#10344=CARTESIAN_POINT('Origin',(-16.8079281888042,16.8079281888042,0.));
#10345=CARTESIAN_POINT('',(-16.8079281888043,13.3079281888042,16.6));
#10346=CARTESIAN_POINT('Origin',(-16.8079281888042,16.8079281888042,16.6));
#10347=CARTESIAN_POINT('',(-16.8079281888043,13.3079281888042,0.));
#10348=CARTESIAN_POINT('Origin',(-16.8079281888043,13.3079281888042,0.));
#10349=CARTESIAN_POINT('',(-21.3,13.3079281888042,16.6));
#10350=CARTESIAN_POINT('',(-8.40396409440213,13.3079281888042,16.6));
#10351=CARTESIAN_POINT('',(-21.3,13.3079281888042,0.));
#10352=CARTESIAN_POINT('Origin',(-21.3,12.9079281888042,0.));
#10353=CARTESIAN_POINT('',(-21.7,12.9079281888042,16.6));
#10354=CARTESIAN_POINT('Origin',(-21.3,12.9079281888042,16.6));
#10355=CARTESIAN_POINT('',(-21.7,12.9079281888042,0.));
#10356=CARTESIAN_POINT('Origin',(-21.7,13.3079281888042,0.));
#10357=CARTESIAN_POINT('',(-21.7,-13.5,16.6));
#10358=CARTESIAN_POINT('',(-21.7,6.65396409440213,16.6));
#10359=CARTESIAN_POINT('',(-21.7,-13.5,0.));
#10360=CARTESIAN_POINT('Origin',(-21.3,-13.5,0.));
#10361=CARTESIAN_POINT('',(-21.3,-13.9,16.6));
#10362=CARTESIAN_POINT('Origin',(-21.3,-13.5,16.6));
#10363=CARTESIAN_POINT('',(-21.3,-13.9,0.));
#10364=CARTESIAN_POINT('Origin',(-21.7,-13.9,0.));
#10365=CARTESIAN_POINT('',(-10.85,-13.9,16.6));
#10366=CARTESIAN_POINT('Origin',(-14.3,-24.3,0.));
#10367=CARTESIAN_POINT('',(-14.3,-24.7,16.6));
#10368=CARTESIAN_POINT('Origin',(-14.3,-24.3,16.6));
#10369=CARTESIAN_POINT('',(-14.3,-24.7,0.));
#10370=CARTESIAN_POINT('Origin',(-24.7000000000001,-24.7000000000001,0.));
#10371=CARTESIAN_POINT('',(-16.5,-24.7,16.6));
#10372=CARTESIAN_POINT('',(-12.35,-24.7,16.6));
#10373=CARTESIAN_POINT('',(-16.5,-24.7,0.));
#10374=CARTESIAN_POINT('Origin',(-16.5,-24.3,0.));
#10375=CARTESIAN_POINT('',(-16.9,-24.3,16.6));
#10376=CARTESIAN_POINT('Origin',(-16.5,-24.3,16.6));
#10377=CARTESIAN_POINT('',(-16.9,-24.3,0.));
#10378=CARTESIAN_POINT('Origin',(-16.9,-24.6999999999999,0.));
#10379=CARTESIAN_POINT('',(-16.9,-20.9584970647278,16.6));
#10380=CARTESIAN_POINT('',(-16.9,-12.35,16.6));
#10381=CARTESIAN_POINT('',(-16.9,-20.9584970647278,0.));
#10382=CARTESIAN_POINT('Origin',(-16.9,-20.9584970647278,0.));
#10383=CARTESIAN_POINT('',(-20.9584970647278,-16.9,16.6));
#10384=CARTESIAN_POINT('',(-17.9146242661819,-19.9438727985458,16.6));
#10385=CARTESIAN_POINT('',(-20.9584970647278,-16.9,0.));
#10386=CARTESIAN_POINT('Origin',(-20.9584970647278,-16.9,0.));
#10387=CARTESIAN_POINT('',(-24.1,-16.9,16.6));
#10388=CARTESIAN_POINT('',(-10.4792485323639,-16.9,16.6));
#10389=CARTESIAN_POINT('',(-24.1,-16.9,0.));
#10390=CARTESIAN_POINT('Origin',(-24.4,-16.6,0.));
#10391=CARTESIAN_POINT('',(-24.3,-16.7,16.8));
#10392=CARTESIAN_POINT('',(-19.229874755394,-21.770125244606,11.729874755394));
#10393=CARTESIAN_POINT('',(-24.7,-16.3,16.4));
#10394=CARTESIAN_POINT('',(-24.1,-16.9,17.));
#10395=CARTESIAN_POINT('',(-24.7,-16.3,0.));
#10396=CARTESIAN_POINT('Origin',(-24.6999999999999,24.7,0.));
#10397=CARTESIAN_POINT('',(-24.7,16.3,16.4));
#10398=CARTESIAN_POINT('',(-24.7,12.35,16.4));
#10399=CARTESIAN_POINT('',(-24.7,16.3,0.));
#10400=CARTESIAN_POINT('',(-24.7,-5.83002422433618,3.63192868835535));
#10401=CARTESIAN_POINT('',(-24.7,-4.28707449372429,5.44716366554581));
#10402=CARTESIAN_POINT('Ctrl Pts',(-24.7,-5.83002422433618,3.63192868835535));
#10403=CARTESIAN_POINT('Ctrl Pts',(-24.7,-5.12094806137116,3.63192868835535));
#10404=CARTESIAN_POINT('Ctrl Pts',(-24.7,-4.28707449372429,4.58492705138035));
#10405=CARTESIAN_POINT('Ctrl Pts',(-24.7,-4.28707449372429,5.44716366554581));
#10406=CARTESIAN_POINT('',(-24.7,-5.83002422433618,7.26807125203999));
#10407=CARTESIAN_POINT('Ctrl Pts',(-24.7,-4.28707449372429,5.44716366554581));
#10408=CARTESIAN_POINT('Ctrl Pts',(-24.7,-4.28707449372429,6.27820092854082));
#10409=CARTESIAN_POINT('Ctrl Pts',(-24.7,-5.12094806137116,7.26807125203999));
#10410=CARTESIAN_POINT('Ctrl Pts',(-24.7,-5.83002422433618,7.26807125203999));
#10411=CARTESIAN_POINT('',(-24.7,-6.45684755239726,7.18014580783233));
#10412=CARTESIAN_POINT('Ctrl Pts',(-24.7,-5.83002422433618,7.26807125203999));
#10413=CARTESIAN_POINT('Ctrl Pts',(-24.7,-6.02005663601081,7.26807125203999));
#10414=CARTESIAN_POINT('Ctrl Pts',(-24.7,-6.31786862445612,7.21985407295837));
#10415=CARTESIAN_POINT('Ctrl Pts',(-24.7,-6.45684755239726,7.18014580783233));
#10416=CARTESIAN_POINT('',(-24.7,-6.89647477343558,6.9759318728984));
#10417=CARTESIAN_POINT('Ctrl Pts',(-24.7,-6.45684755239726,7.18014580783233));
#10418=CARTESIAN_POINT('Ctrl Pts',(-24.7,-6.56462712916795,7.14327384735815));
#10419=CARTESIAN_POINT('Ctrl Pts',(-24.7,-6.8170582431835,7.02131274732816));
#10420=CARTESIAN_POINT('Ctrl Pts',(-24.7,-6.89647477343558,6.9759318728984));
#10421=CARTESIAN_POINT('',(-24.7,-6.89647477343558,6.14205830525154));
#10422=CARTESIAN_POINT('',(-24.7,-6.89647477343557,3.27949754453746));
#10423=CARTESIAN_POINT('',(-24.7,-6.8170582431835,6.14205830525154));
#10424=CARTESIAN_POINT('',(-24.7,8.92161674584521,6.14205830525154));
#10425=CARTESIAN_POINT('',(-24.7,-6.47670168496028,6.43136137974127));
#10426=CARTESIAN_POINT('Ctrl Pts',(-24.7,-6.8170582431835,6.14205830525154));
#10427=CARTESIAN_POINT('Ctrl Pts',(-24.7,-6.76033215014629,6.19878439828874));
#10428=CARTESIAN_POINT('Ctrl Pts',(-24.7,-6.58448126173097,6.3576174587929));
#10429=CARTESIAN_POINT('Ctrl Pts',(-24.7,-6.47670168496028,6.43136137974127));
#10430=CARTESIAN_POINT('',(-24.7,-5.95765793366989,6.61288487746031));
#10431=CARTESIAN_POINT('Ctrl Pts',(-24.7,-6.47670168496028,6.43136137974127));
#10432=CARTESIAN_POINT('Ctrl Pts',(-24.7,-6.36608580353774,6.50794160534149));
#10433=CARTESIAN_POINT('Ctrl Pts',(-24.7,-6.10230947091475,6.61288487746031));
#10434=CARTESIAN_POINT('Ctrl Pts',(-24.7,-5.95765793366989,6.61288487746031));
#10435=CARTESIAN_POINT('',(-24.7,-5.37337917538671,6.3434359355336));
#10436=CARTESIAN_POINT('Ctrl Pts',(-24.7,-5.95765793366989,6.61288487746031));
#10437=CARTESIAN_POINT('Ctrl Pts',(-24.7,-5.78747965455828,6.61288487746031));
#10438=CARTESIAN_POINT('Ctrl Pts',(-24.7,-5.50101288472041,6.49376008208219));
#10439=CARTESIAN_POINT('Ctrl Pts',(-24.7,-5.37337917538671,6.3434359355336));
#10440=CARTESIAN_POINT('',(-24.7,-5.10393023346,5.44432736089395));
#10441=CARTESIAN_POINT('Ctrl Pts',(-24.7,-5.37337917538671,6.3434359355336));
#10442=CARTESIAN_POINT('Ctrl Pts',(-24.7,-5.25425438000858,6.21012961689618));
#10443=CARTESIAN_POINT('Ctrl Pts',(-24.7,-5.10393023346,5.7534845679467));
#10444=CARTESIAN_POINT('Ctrl Pts',(-24.7,-5.10393023346,5.44432736089395));
#10445=CARTESIAN_POINT('',(-24.7,-5.38756069864601,4.53670987229872));
#10446=CARTESIAN_POINT('Ctrl Pts',(-24.7,-5.10393023346,5.44432736089395));
#10447=CARTESIAN_POINT('Ctrl Pts',(-24.7,-5.10393023346,5.11815232593004));
#10448=CARTESIAN_POINT('Ctrl Pts',(-24.7,-5.25992698931231,4.67285249558801));
#10449=CARTESIAN_POINT('Ctrl Pts',(-24.7,-5.38756069864601,4.53670987229872));
#10450=CARTESIAN_POINT('',(-24.7,-5.96333054297361,4.28711506293503));
#10451=CARTESIAN_POINT('Ctrl Pts',(-24.7,-5.38756069864601,4.53670987229872));
#10452=CARTESIAN_POINT('Ctrl Pts',(-24.7,-5.50952179867599,4.4034035536613));
#10453=CARTESIAN_POINT('Ctrl Pts',(-24.7,-5.81300639642502,4.28711506293503));
#10454=CARTESIAN_POINT('Ctrl Pts',(-24.7,-5.96333054297361,4.28711506293503));
#10455=CARTESIAN_POINT('',(-24.7,-6.49939212217516,4.4743111699578));
#10456=CARTESIAN_POINT('Ctrl Pts',(-24.7,-5.96333054297361,4.28711506293503));
#10457=CARTESIAN_POINT('Ctrl Pts',(-24.7,-6.11932729882591,4.28711506293503));
#10458=CARTESIAN_POINT('Ctrl Pts',(-24.7,-6.40295776401192,4.4034035536613));
#10459=CARTESIAN_POINT('Ctrl Pts',(-24.7,-6.49939212217516,4.4743111699578));
#10460=CARTESIAN_POINT('',(-24.7,-6.82556715713908,4.75510533049195));
#10461=CARTESIAN_POINT('Ctrl Pts',(-24.7,-6.49939212217516,4.4743111699578));
#10462=CARTESIAN_POINT('Ctrl Pts',(-24.7,-6.60433539429399,4.5452187862543));
#10463=CARTESIAN_POINT('Ctrl Pts',(-24.7,-6.76600475945001,4.69554293280289));
#10464=CARTESIAN_POINT('Ctrl Pts',(-24.7,-6.82556715713908,4.75510533049195));
#10465=CARTESIAN_POINT('',(-24.7,-6.89647477343558,4.75510533049195));
#10466=CARTESIAN_POINT('',(-24.7,8.91948951735631,4.75510533049195));
#10467=CARTESIAN_POINT('',(-24.7,-6.89647477343558,3.93257698145252));
#10468=CARTESIAN_POINT('',(-24.7,-6.89647477343558,2.17192057798612));
#10469=CARTESIAN_POINT('',(-24.7,-6.45968385704912,3.73403565582232));
#10470=CARTESIAN_POINT('Ctrl Pts',(-24.7,-6.89647477343558,3.93257698145252));
#10471=CARTESIAN_POINT('Ctrl Pts',(-24.7,-6.80854932922792,3.88719610702276));
#10472=CARTESIAN_POINT('Ctrl Pts',(-24.7,-6.58164495707911,3.77374392094836));
#10473=CARTESIAN_POINT('Ctrl Pts',(-24.7,-6.45968385704912,3.73403565582232));
#10474=CARTESIAN_POINT('Ctrl Pts',(-24.7,-6.45968385704912,3.73403565582232));
#10475=CARTESIAN_POINT('Ctrl Pts',(-24.7,-6.3121960151524,3.68298217208884));
#10476=CARTESIAN_POINT('Ctrl Pts',(-24.7,-6.05409229183313,3.63192868835535));
#10477=CARTESIAN_POINT('Ctrl Pts',(-24.7,-5.83002422433618,3.63192868835535));
#10478=CARTESIAN_POINT('',(-24.7,-0.682131139926815,3.7));
#10479=CARTESIAN_POINT('',(-24.7,0.0609806788605292,3.7));
#10480=CARTESIAN_POINT('',(-24.7,12.1947123847334,3.7));
#10481=CARTESIAN_POINT('',(-24.7,0.060980678860529,5.0075364445075));
#10482=CARTESIAN_POINT('',(-24.7,0.0609806788605294,2.17688411112687));
#10483=CARTESIAN_POINT('',(-24.7,0.114870467245871,5.56061585162022));
#10484=CARTESIAN_POINT('Ctrl Pts',(-24.7,0.060980678860529,5.0075364445075));
#10485=CARTESIAN_POINT('Ctrl Pts',(-24.7,0.060980678860529,5.16920580966353));
#10486=CARTESIAN_POINT('Ctrl Pts',(-24.7,0.0836711160754096,5.48687193067186));
#10487=CARTESIAN_POINT('Ctrl Pts',(-24.7,0.114870467245871,5.56061585162022));
#10488=CARTESIAN_POINT('',(-24.7,0.418355064994901,5.72795782607996));
#10489=CARTESIAN_POINT('Ctrl Pts',(-24.7,0.114870467245871,5.56061585162022));
#10490=CARTESIAN_POINT('Ctrl Pts',(-24.7,0.154578732371912,5.65137760047974));
#10491=CARTESIAN_POINT('Ctrl Pts',(-24.7,0.299230269616777,5.72795782607996));
#10492=CARTESIAN_POINT('Ctrl Pts',(-24.7,0.418355064994901,5.72795782607996));
#10493=CARTESIAN_POINT('',(-24.7,0.801256192996013,5.5691247655758));
#10494=CARTESIAN_POINT('Ctrl Pts',(-24.7,0.418355064994901,5.72795782607996));
#10495=CARTESIAN_POINT('Ctrl Pts',(-24.7,0.509116813854424,5.72795782607996));
#10496=CARTESIAN_POINT('Ctrl Pts',(-24.7,0.69631292087719,5.65137760047974));
#10497=CARTESIAN_POINT('Ctrl Pts',(-24.7,0.801256192996013,5.5691247655758));
#10498=CARTESIAN_POINT('',(-24.7,0.801256192996014,3.7));
#10499=CARTESIAN_POINT('',(-24.7,0.801256192996012,2.31728119139395));
#10500=CARTESIAN_POINT('',(-24.7,1.5415317071315,3.7));
#10501=CARTESIAN_POINT('',(-24.7,12.9356969750319,3.7));
#10502=CARTESIAN_POINT('',(-24.7,1.5415317071315,6.34059963088174));
#10503=CARTESIAN_POINT('',(-24.7,1.5415317071315,2.51014990772044));
#10504=CARTESIAN_POINT('',(-24.7,0.801256192996013,6.34059963088174));
#10505=CARTESIAN_POINT('',(-24.7,12.9356969750319,6.34059963088174));
#10506=CARTESIAN_POINT('',(-24.7,0.801256192996013,6.04846025174016));
#10507=CARTESIAN_POINT('',(-24.7,0.801256192996014,3.09726497065547));
#10508=CARTESIAN_POINT('',(-24.7,0.066653288164249,6.41150724717825));
#10509=CARTESIAN_POINT('Ctrl Pts',(-24.7,0.801256192996013,6.04846025174016));
#10510=CARTESIAN_POINT('Ctrl Pts',(-24.7,0.619732695276967,6.21863853085176));
#10511=CARTESIAN_POINT('Ctrl Pts',(-24.7,0.273703527750036,6.41150724717825));
#10512=CARTESIAN_POINT('Ctrl Pts',(-24.7,0.066653288164249,6.41150724717825));
#10513=CARTESIAN_POINT('',(-24.7,-0.682131139926815,5.41880061902721));
#10514=CARTESIAN_POINT('Ctrl Pts',(-24.7,0.066653288164249,6.41150724717825));
#10515=CARTESIAN_POINT('Ctrl Pts',(-24.7,-0.296393707273843,6.41150724717825));
#10516=CARTESIAN_POINT('Ctrl Pts',(-24.7,-0.682131139926816,5.90097240984343));
#10517=CARTESIAN_POINT('Ctrl Pts',(-24.7,-0.682131139926815,5.41880061902722));
#10518=CARTESIAN_POINT('',(-24.7,-0.682131139926816,2.2797001547568));
#10519=CARTESIAN_POINT('',(-24.7,2.89728545099255,3.6290923837035));
#10520=CARTESIAN_POINT('',(-24.7,4.28423842575214,5.00470013985564));
#10521=CARTESIAN_POINT('Ctrl Pts',(-24.7,2.89728545099255,3.6290923837035));
#10522=CARTESIAN_POINT('Ctrl Pts',(-24.7,3.56665334883154,3.6290923837035));
#10523=CARTESIAN_POINT('Ctrl Pts',(-24.7,4.28423842575214,4.34384115597224));
#10524=CARTESIAN_POINT('Ctrl Pts',(-24.7,4.28423842575214,5.00470013985564));
#10525=CARTESIAN_POINT('',(-24.7,3.01641024637068,6.42285246578569));
#10526=CARTESIAN_POINT('Ctrl Pts',(-24.7,4.28423842575214,5.00470013985564));
#10527=CARTESIAN_POINT('Ctrl Pts',(-24.7,4.28423842575214,5.65137760047974));
#10528=CARTESIAN_POINT('Ctrl Pts',(-24.7,3.61770683256502,6.42285246578569));
#10529=CARTESIAN_POINT('Ctrl Pts',(-24.7,3.01641024637068,6.42285246578569));
#10530=CARTESIAN_POINT('',(-24.7,1.92159665075268,5.16069689570795));
#10531=CARTESIAN_POINT('Ctrl Pts',(-24.7,3.01641024637068,6.42285246578569));
#10532=CARTESIAN_POINT('Ctrl Pts',(-24.7,2.47183975321354,6.42285246578569));
#10533=CARTESIAN_POINT('Ctrl Pts',(-24.7,1.92159665075268,5.76766609120601));
#10534=CARTESIAN_POINT('Ctrl Pts',(-24.7,1.92159665075268,5.16069689570795));
#10535=CARTESIAN_POINT('',(-24.7,1.92159665075268,4.86288490726264));
#10536=CARTESIAN_POINT('',(-24.7,1.92159665075268,2.50589545074265));
#10537=CARTESIAN_POINT('',(-24.7,3.54396291161666,4.86288490726264));
#10538=CARTESIAN_POINT('',(-24.7,13.7163898905923,4.86288490726264));
#10539=CARTESIAN_POINT('',(-24.7,3.31705853946785,4.3608589838834));
#10540=CARTESIAN_POINT('Ctrl Pts',(-24.7,3.54396291161666,4.86288490726264));
#10541=CARTESIAN_POINT('Ctrl Pts',(-24.7,3.53261769300922,4.67852510489173));
#10542=CARTESIAN_POINT('Ctrl Pts',(-24.7,3.41632920228295,4.43460290483176));
#10543=CARTESIAN_POINT('Ctrl Pts',(-24.7,3.31705853946785,4.3608589838834));
#10544=CARTESIAN_POINT('',(-24.7,2.81786892074047,4.22471636059412));
#10545=CARTESIAN_POINT('Ctrl Pts',(-24.7,3.31705853946785,4.3608589838834));
#10546=CARTESIAN_POINT('Ctrl Pts',(-24.7,3.22346048595647,4.28711506293504));
#10547=CARTESIAN_POINT('Ctrl Pts',(-24.7,2.96819306728906,4.22471636059412));
#10548=CARTESIAN_POINT('Ctrl Pts',(-24.7,2.81786892074047,4.22471636059412));
#10549=CARTESIAN_POINT('',(-24.7,2.33569712992426,4.34100485132038));
#10550=CARTESIAN_POINT('Ctrl Pts',(-24.7,2.81786892074047,4.22471636059412));
#10551=CARTESIAN_POINT('Ctrl Pts',(-24.7,2.69023521140677,4.22471636059412));
#10552=CARTESIAN_POINT('Ctrl Pts',(-24.7,2.44064040204308,4.28711506293504));
#10553=CARTESIAN_POINT('Ctrl Pts',(-24.7,2.33569712992426,4.34100485132038));
#10554=CARTESIAN_POINT('',(-24.7,2.04355775078267,4.52820095834315));
#10555=CARTESIAN_POINT('Ctrl Pts',(-24.7,2.33569712992426,4.34100485132038));
#10556=CARTESIAN_POINT('Ctrl Pts',(-24.7,2.24493538106473,4.38354942109828));
#10557=CARTESIAN_POINT('Ctrl Pts',(-24.7,2.09177492986429,4.48849269321711));
#10558=CARTESIAN_POINT('Ctrl Pts',(-24.7,2.04355775078267,4.52820095834315));
#10559=CARTESIAN_POINT('',(-24.7,1.96414122053058,4.52820095834315));
#10560=CARTESIAN_POINT('',(-24.7,13.3519247428283,4.52820095834315));
#10561=CARTESIAN_POINT('',(-24.7,1.96414122053058,3.84748784189672));
#10562=CARTESIAN_POINT('',(-24.7,1.96414122053058,2.09392220005997));
#10563=CARTESIAN_POINT('',(-24.7,2.33569712992426,3.70567260930372));
#10564=CARTESIAN_POINT('Ctrl Pts',(-24.7,1.96414122053058,3.84748784189672));
#10565=CARTESIAN_POINT('Ctrl Pts',(-24.7,2.05490296939011,3.80777957677068));
#10566=CARTESIAN_POINT('Ctrl Pts',(-24.7,2.20522711593869,3.73970826512604));
#10567=CARTESIAN_POINT('Ctrl Pts',(-24.7,2.33569712992426,3.70567260930372));
#10568=CARTESIAN_POINT('Ctrl Pts',(-24.7,2.33569712992426,3.70567260930372));
#10569=CARTESIAN_POINT('Ctrl Pts',(-24.7,2.45765822995424,3.66880064882954));
#10570=CARTESIAN_POINT('Ctrl Pts',(-24.7,2.71292564862165,3.6290923837035));
#10571=CARTESIAN_POINT('Ctrl Pts',(-24.7,2.89728545099255,3.6290923837035));
#10572=CARTESIAN_POINT('',(-24.7,4.51114284258028,5.05575362358912));
#10573=CARTESIAN_POINT('',(-24.7,5.50952208003503,3.64894651626652));
#10574=CARTESIAN_POINT('Ctrl Pts',(-24.7,4.51114284258028,5.05575362358912));
#10575=CARTESIAN_POINT('Ctrl Pts',(-24.7,4.51114284258028,4.42325768622432));
#10576=CARTESIAN_POINT('Ctrl Pts',(-24.7,5.08691268690788,3.64894651626652));
#10577=CARTESIAN_POINT('Ctrl Pts',(-24.7,5.50952208003503,3.64894651626652));
#10578=CARTESIAN_POINT('',(-24.7,6.09663714297008,3.83330631863743));
#10579=CARTESIAN_POINT('Ctrl Pts',(-24.7,5.50952208003503,3.64894651626652));
#10580=CARTESIAN_POINT('Ctrl Pts',(-24.7,5.68820927310222,3.64894651626652));
#10581=CARTESIAN_POINT('Ctrl Pts',(-24.7,5.94914930107335,3.73687196047418));
#10582=CARTESIAN_POINT('Ctrl Pts',(-24.7,6.09663714297007,3.83330631863743));
#10583=CARTESIAN_POINT('',(-24.7,6.09663714297007,2.73282011371571));
#10584=CARTESIAN_POINT('',(-24.7,6.09663714297008,1.64153160808828));
#10585=CARTESIAN_POINT('',(-24.7,6.83691265710556,2.73282011371571));
#10586=CARTESIAN_POINT('',(-24.7,15.5833874500189,2.73282011371571));
#10587=CARTESIAN_POINT('',(-24.7,6.83691265710556,6.34059963088175));
#10588=CARTESIAN_POINT('',(-24.7,6.83691265710556,2.26835493614936));
#10589=CARTESIAN_POINT('',(-24.7,6.09663714297007,6.34059963088175));
#10590=CARTESIAN_POINT('',(-24.7,15.5833874500189,6.34059963088175));
#10591=CARTESIAN_POINT('',(-24.7,6.09663714297007,6.06264177499946));
#10592=CARTESIAN_POINT('',(-24.7,6.09663714297007,3.1008103514703));
#10593=CARTESIAN_POINT('',(-24.7,5.37337945674575,6.41150724717825));
#10594=CARTESIAN_POINT('Ctrl Pts',(-24.7,6.09663714297007,6.06264177499946));
#10595=CARTESIAN_POINT('Ctrl Pts',(-24.7,5.93496777781405,6.21863853085176));
#10596=CARTESIAN_POINT('Ctrl Pts',(-24.7,5.5974475242427,6.41150724717825));
#10597=CARTESIAN_POINT('Ctrl Pts',(-24.7,5.37337945674575,6.41150724717825));
#10598=CARTESIAN_POINT('Ctrl Pts',(-24.7,5.37337945674575,6.41150724717825));
#10599=CARTESIAN_POINT('Ctrl Pts',(-24.7,4.96211528222604,6.41150724717825));
#10600=CARTESIAN_POINT('Ctrl Pts',(-24.7,4.51114284258028,5.6825769516502));
#10601=CARTESIAN_POINT('Ctrl Pts',(-24.7,4.51114284258028,5.05575362358912));
#10602=CARTESIAN_POINT('',(-24.7,7.23115908534446,5.01888166311494));
#10603=CARTESIAN_POINT('',(-24.7,8.45644269494802,3.61774716509606));
#10604=CARTESIAN_POINT('Ctrl Pts',(-24.7,7.23115908534446,5.01888166311494));
#10605=CARTESIAN_POINT('Ctrl Pts',(-24.7,7.23115908534446,4.36653159318712));
#10606=CARTESIAN_POINT('Ctrl Pts',(-24.7,7.87216393666484,3.61774716509606));
#10607=CARTESIAN_POINT('Ctrl Pts',(-24.7,8.45644269494802,3.61774716509606));
#10608=CARTESIAN_POINT('',(-24.7,9.68172630455158,5.01888166311494));
#10609=CARTESIAN_POINT('Ctrl Pts',(-24.7,8.45644269494802,3.61774716509606));
#10610=CARTESIAN_POINT('Ctrl Pts',(-24.7,9.03788514857934,3.61774716509606));
#10611=CARTESIAN_POINT('Ctrl Pts',(-24.7,9.68172630455158,4.36653159318712));
#10612=CARTESIAN_POINT('Ctrl Pts',(-24.7,9.68172630455158,5.01888166311494));
#10613=CARTESIAN_POINT('',(-24.7,8.45644269494802,6.42285246578569));
#10614=CARTESIAN_POINT('Ctrl Pts',(-24.7,9.68172630455158,5.01888166311494));
#10615=CARTESIAN_POINT('Ctrl Pts',(-24.7,9.68172630455158,5.67690434234649));
#10616=CARTESIAN_POINT('Ctrl Pts',(-24.7,9.03788514857934,6.42285246578569));
#10617=CARTESIAN_POINT('Ctrl Pts',(-24.7,8.45644269494802,6.42285246578569));
#10618=CARTESIAN_POINT('Ctrl Pts',(-24.7,8.45644269494802,6.42285246578569));
#10619=CARTESIAN_POINT('Ctrl Pts',(-24.7,7.87216393666484,6.42285246578569));
#10620=CARTESIAN_POINT('Ctrl Pts',(-24.7,7.23115908534446,5.67406803769463));
#10621=CARTESIAN_POINT('Ctrl Pts',(-24.7,7.23115908534446,5.01888166311494));
#10622=CARTESIAN_POINT('',(-24.7,-2.54274705216602,3.62625607905163));
#10623=CARTESIAN_POINT('',(-24.7,-1.22670169370294,4.9649918747296));
#10624=CARTESIAN_POINT('Ctrl Pts',(-24.7,-2.54274705216602,3.62625607905163));
#10625=CARTESIAN_POINT('Ctrl Pts',(-24.7,-1.91025111480122,3.62625607905163));
#10626=CARTESIAN_POINT('Ctrl Pts',(-24.7,-1.22670169370294,4.30696919549806));
#10627=CARTESIAN_POINT('Ctrl Pts',(-24.7,-1.22670169370294,4.9649918747296));
#10628=CARTESIAN_POINT('',(-24.7,-1.22670169370294,7.19999994039535));
#10629=CARTESIAN_POINT('',(-24.7,-1.22670169370294,3.04124795378123));
#10630=CARTESIAN_POINT('',(-24.7,-2.01803069157191,7.19999994039535));
#10631=CARTESIAN_POINT('',(-24.7,11.5388169036813,7.19999994039535));
#10632=CARTESIAN_POINT('',(-24.7,-2.01803069157191,5.01604535846308));
#10633=CARTESIAN_POINT('',(-24.7,-2.01803069157191,3.0540113247146));
#10634=CARTESIAN_POINT('',(-24.7,-2.54274705216602,4.29278767223876));
#10635=CARTESIAN_POINT('Ctrl Pts',(-24.7,-2.01803069157191,5.01604535846308));
#10636=CARTESIAN_POINT('Ctrl Pts',(-24.7,-2.01803069157191,4.65016205837313));
#10637=CARTESIAN_POINT('Ctrl Pts',(-24.7,-2.26478919628373,4.29278767223876));
#10638=CARTESIAN_POINT('Ctrl Pts',(-24.7,-2.54274705216602,4.29278767223876));
#10639=CARTESIAN_POINT('',(-24.7,-3.070299717412,5.01604535846308));
#10640=CARTESIAN_POINT('Ctrl Pts',(-24.7,-2.54274705216602,4.29278767223876));
#10641=CARTESIAN_POINT('Ctrl Pts',(-24.7,-2.81503229874459,4.29278767223876));
#10642=CARTESIAN_POINT('Ctrl Pts',(-24.7,-3.070299717412,4.63598053511383));
#10643=CARTESIAN_POINT('Ctrl Pts',(-24.7,-3.070299717412,5.01604535846308));
#10644=CARTESIAN_POINT('',(-24.7,-3.070299717412,7.19999994039535));
#10645=CARTESIAN_POINT('',(-24.7,-3.070299717412,3.0540113247146));
#10646=CARTESIAN_POINT('',(-24.7,-3.86162871528097,7.19999994039535));
#10647=CARTESIAN_POINT('',(-24.7,10.6170178918267,7.19999994039535));
#10648=CARTESIAN_POINT('',(-24.7,-3.86162871528097,4.96782817938146));
#10649=CARTESIAN_POINT('',(-24.7,-3.86162871528096,3.0419570299442));
#10650=CARTESIAN_POINT('Ctrl Pts',(-24.7,-3.86162871528097,4.96782817938146));
#10651=CARTESIAN_POINT('Ctrl Pts',(-24.7,-3.86162871528097,4.32115071875736));
#10652=CARTESIAN_POINT('Ctrl Pts',(-24.7,-3.19509712209384,3.62625607905163));
#10653=CARTESIAN_POINT('Ctrl Pts',(-24.7,-2.54274705216602,3.62625607905163));
#10654=CARTESIAN_POINT('',(-24.7,-9.66754463252217,3.69999999999999));
#10655=CARTESIAN_POINT('',(-24.7,-7.3559563412562,3.69999999999999));
#10656=CARTESIAN_POINT('',(-24.7,8.09412475655538,3.69999999999999));
#10657=CARTESIAN_POINT('',(-24.7,-7.3559563412562,4.27009723502387));
#10658=CARTESIAN_POINT('',(-24.7,-7.3559563412562,1.99252430875597));
#10659=CARTESIAN_POINT('',(-24.7,-8.29477318102189,5.19756885618213));
#10660=CARTESIAN_POINT('Ctrl Pts',(-24.7,-7.3559563412562,4.27009723502387));
#10661=CARTESIAN_POINT('Ctrl Pts',(-24.7,-7.65093202504965,4.531037262995));
#10662=CARTESIAN_POINT('Ctrl Pts',(-24.7,-8.1160859879547,4.99051861659634));
#10663=CARTESIAN_POINT('Ctrl Pts',(-24.7,-8.29477318102189,5.19756885618212));
#10664=CARTESIAN_POINT('',(-24.7,-8.73156409740835,6.09384112616991));
#10665=CARTESIAN_POINT('Ctrl Pts',(-24.7,-8.29477318102189,5.19756885618212));
#10666=CARTESIAN_POINT('Ctrl Pts',(-24.7,-8.52451385782256,5.46701779810883));
#10667=CARTESIAN_POINT('Ctrl Pts',(-24.7,-8.73156409740835,5.87828197262855));
#10668=CARTESIAN_POINT('Ctrl Pts',(-24.7,-8.73156409740835,6.09384112616991));
#10669=CARTESIAN_POINT('',(-24.7,-8.23521078333283,6.59870335420101));
#10670=CARTESIAN_POINT('Ctrl Pts',(-24.7,-8.73156409740835,6.09384112616991));
#10671=CARTESIAN_POINT('Ctrl Pts',(-24.7,-8.73156409740835,6.33776332622988));
#10672=CARTESIAN_POINT('Ctrl Pts',(-24.7,-8.47062406943722,6.59870335420101));
#10673=CARTESIAN_POINT('Ctrl Pts',(-24.7,-8.23521078333283,6.59870335420101));
#10674=CARTESIAN_POINT('',(-24.7,-7.79274725764266,6.48241486347474));
#10675=CARTESIAN_POINT('Ctrl Pts',(-24.7,-8.23521078333283,6.59870335420101));
#10676=CARTESIAN_POINT('Ctrl Pts',(-24.7,-8.1160859879547,6.59870335420101));
#10677=CARTESIAN_POINT('Ctrl Pts',(-24.7,-7.90052683441334,6.53346834720823));
#10678=CARTESIAN_POINT('Ctrl Pts',(-24.7,-7.79274725764266,6.48241486347475));
#10679=CARTESIAN_POINT('',(-24.7,-7.49493526919735,6.2867098424964));
#10680=CARTESIAN_POINT('Ctrl Pts',(-24.7,-7.79274725764266,6.48241486347475));
#10681=CARTESIAN_POINT('Ctrl Pts',(-24.7,-7.68496768087197,6.4285250750894));
#10682=CARTESIAN_POINT('Ctrl Pts',(-24.7,-7.53180722967153,6.315072889015));
#10683=CARTESIAN_POINT('Ctrl Pts',(-24.7,-7.49493526919735,6.2867098424964));
#10684=CARTESIAN_POINT('',(-24.7,-7.43253656685642,6.2867098424964));
#10685=CARTESIAN_POINT('',(-24.7,8.61813204098653,6.2867098424964));
#10686=CARTESIAN_POINT('',(-24.7,-7.43253656685642,7.04967579384677));
#10687=CARTESIAN_POINT('',(-24.7,-7.43253656685642,3.33409640908579));
#10688=CARTESIAN_POINT('',(-24.7,-8.39404384383699,7.26807125203999));
#10689=CARTESIAN_POINT('Ctrl Pts',(-24.7,-7.43253656685642,7.04967579384677));
#10690=CARTESIAN_POINT('Ctrl Pts',(-24.7,-7.56584288549385,7.12058341014327));
#10691=CARTESIAN_POINT('Ctrl Pts',(-24.7,-8.13310381586587,7.26807125203999));
#10692=CARTESIAN_POINT('Ctrl Pts',(-24.7,-8.39404384383699,7.26807125203999));
#10693=CARTESIAN_POINT('',(-24.7,-9.53140200923289,6.21012961689618));
#10694=CARTESIAN_POINT('Ctrl Pts',(-24.7,-8.39404384383699,7.26807125203999));
#10695=CARTESIAN_POINT('Ctrl Pts',(-24.7,-8.95563216490529,7.26807125203999));
#10696=CARTESIAN_POINT('Ctrl Pts',(-24.7,-9.53140200923289,6.71215554027541));
#10697=CARTESIAN_POINT('Ctrl Pts',(-24.7,-9.53140200923289,6.21012961689618));
#10698=CARTESIAN_POINT('',(-24.7,-8.96414107886087,4.9649918747296));
#10699=CARTESIAN_POINT('Ctrl Pts',(-24.7,-9.53140200923289,6.21012961689618));
#10700=CARTESIAN_POINT('Ctrl Pts',(-24.7,-9.53140200923289,5.90097240984343));
#10701=CARTESIAN_POINT('Ctrl Pts',(-24.7,-9.27046198126176,5.30534843295281));
#10702=CARTESIAN_POINT('Ctrl Pts',(-24.7,-8.96414107886087,4.9649918747296));
#10703=CARTESIAN_POINT('',(-24.7,-8.33448144614793,4.3608589838834));
#10704=CARTESIAN_POINT('Ctrl Pts',(-24.7,-8.96414107886087,4.9649918747296));
#10705=CARTESIAN_POINT('Ctrl Pts',(-24.7,-8.77410866718625,4.75510533049195));
#10706=CARTESIAN_POINT('Ctrl Pts',(-24.7,-8.41389797640001,4.42893029552804));
#10707=CARTESIAN_POINT('Ctrl Pts',(-24.7,-8.33448144614793,4.3608589838834));
#10708=CARTESIAN_POINT('',(-24.7,-9.66754463252217,4.3608589838834));
#10709=CARTESIAN_POINT('',(-24.7,7.84949348033245,4.3608589838834));
#10710=CARTESIAN_POINT('',(-24.7,-9.66754463252217,2.01521474597085));
#10711=CARTESIAN_POINT('Origin',(-24.4,16.6,0.));
#10712=CARTESIAN_POINT('',(-24.3,16.7,16.8));
#10713=CARTESIAN_POINT('',(-24.1,16.9,17.));
#10714=CARTESIAN_POINT('',(-24.1,16.9,16.6));
#10715=CARTESIAN_POINT('',(-19.5416666666667,21.4583333333333,12.0416666666667));
#10716=CARTESIAN_POINT('',(-24.1,16.9,0.));
#10717=CARTESIAN_POINT('Origin',(-24.6999999999999,16.9,0.));
#10718=CARTESIAN_POINT('',(-12.35,16.9,16.6));
#10719=CARTESIAN_POINT('Origin',(-16.7,10.4792485323639,16.8));
#10720=CARTESIAN_POINT('',(-16.5,20.7928116397785,17.));
#10721=CARTESIAN_POINT('',(-16.5,10.4792485323639,17.));
#10722=CARTESIAN_POINT('',(-16.5,20.7928116397785,17.));
#10723=CARTESIAN_POINT('Origin',(0.,-4.44089209850063E-15,17.));
#10724=CARTESIAN_POINT('',(-20.7928116397785,16.5,17.));
#10725=CARTESIAN_POINT('',(-19.6610300860712,17.6317815537073,17.));
#10726=CARTESIAN_POINT('',(-24.1,16.5,17.));
#10727=CARTESIAN_POINT('',(-12.35,16.5,17.));
#10728=CARTESIAN_POINT('',(-24.1,-16.5,17.));
#10729=CARTESIAN_POINT('',(-24.1,12.35,17.));
#10730=CARTESIAN_POINT('',(-20.7928116397785,-16.5,17.));
#10731=CARTESIAN_POINT('',(-10.4792485323639,-16.5,17.));
#10732=CARTESIAN_POINT('',(-16.5,-20.7928116397785,17.));
#10733=CARTESIAN_POINT('',(-17.6317815537073,-19.6610300860712,17.));
#10734=CARTESIAN_POINT('',(-16.5,-24.3,17.));
#10735=CARTESIAN_POINT('',(-16.5,-12.35,17.));
#10736=CARTESIAN_POINT('',(-14.3,-24.3,17.));
#10737=CARTESIAN_POINT('',(-12.35,-24.3,17.));
#10738=CARTESIAN_POINT('',(-14.3,-7.55104076400857,17.));
#10739=CARTESIAN_POINT('',(-17.1062445840514,-14.3,17.));
#10740=CARTESIAN_POINT('Origin',(-17.1062445840514,-13.5,17.));
#10741=CARTESIAN_POINT('',(-21.3,-14.3,17.));
#10742=CARTESIAN_POINT('',(-10.85,-14.3,17.));
#10743=CARTESIAN_POINT('',(-22.1,-13.5,17.));
#10744=CARTESIAN_POINT('Origin',(-21.3,-13.5,17.));
#10745=CARTESIAN_POINT('',(-22.1,12.9079281888042,17.));
#10746=CARTESIAN_POINT('',(-22.1,6.65396409440213,17.));
#10747=CARTESIAN_POINT('',(-21.3,13.7079281888042,17.));
#10748=CARTESIAN_POINT('Origin',(-21.3,12.9079281888042,17.));
#10749=CARTESIAN_POINT('',(-16.8079281888043,13.7079281888042,17.));
#10750=CARTESIAN_POINT('',(-8.40396409440213,13.7079281888042,17.));
#10751=CARTESIAN_POINT('',(-13.7079281888042,16.8079281888042,17.));
#10752=CARTESIAN_POINT('Origin',(-16.8079281888042,16.8079281888042,17.));
#10753=CARTESIAN_POINT('',(-13.7079281888042,21.3,17.));
#10754=CARTESIAN_POINT('',(-13.7079281888043,10.85,17.));
#10755=CARTESIAN_POINT('Origin',(-12.9079281888042,21.3,17.));
#10756=CARTESIAN_POINT('Origin',(-14.1,-7.55104076400857,16.8));
#10757=CARTESIAN_POINT('',(-14.3,-24.3,17.));
#10758=CARTESIAN_POINT('Origin',(-6.93680269711139,-5.80543184721294,7.56553094748233));
#10759=CARTESIAN_POINT('Origin',(-7.53784346111996,-5.20439108320437,7.56553094748233));
#10760=CARTESIAN_POINT('Origin',(5.80543184721294,6.9368026971114,7.56553094748233));
#10761=CARTESIAN_POINT('Origin',(5.20439108320437,7.53784346111996,7.56553094748233));
#10762=CARTESIAN_POINT('Origin',(-17.1062445840514,-13.5,16.8));
#10763=CARTESIAN_POINT('',(-17.1062445840514,-13.9,16.6));
#10764=CARTESIAN_POINT('Origin',(-9.01012045376123,22.2,7.56553094748233));
#10765=CARTESIAN_POINT('Origin',(-8.31598073253969,22.9182630853252,9.29567694368408));
#10766=CARTESIAN_POINT('',(-8.97650308696154,23.05,8.08247968315222));
#10767=CARTESIAN_POINT('Origin',(-9.01012045376123,23.05,7.56553094748233));
#10768=CARTESIAN_POINT('',(-9.00612673723417,23.05,7.03635737029888));
#10769=CARTESIAN_POINT('Origin',(-9.57409564366706,22.9182630853252,5.77510501993066));
#10770=CARTESIAN_POINT('Origin',(9.01012045376123,22.2,7.56553094748233));
#10771=CARTESIAN_POINT('Origin',(9.01012045376123,23.05,7.56553094748233));
#10772=CARTESIAN_POINT('',(8.97650308696154,23.05,8.08247968315222));
#10773=CARTESIAN_POINT('Origin',(8.31598073253969,22.9182630853252,9.29567694368409));
#10774=CARTESIAN_POINT('Origin',(-12.9079281888042,21.3,16.8));
#10775=CARTESIAN_POINT('',(-13.3079281888042,21.3,16.6));
#10776=CARTESIAN_POINT('Origin',(-13.5079281888043,10.85,16.8));
#10777=CARTESIAN_POINT('',(-13.3079281888043,16.8079281888042,16.6));
#10778=CARTESIAN_POINT('Origin',(-16.8079281888042,16.8079281888042,16.8));
#10779=CARTESIAN_POINT('',(-16.8079281888043,13.3079281888042,16.6));
#10780=CARTESIAN_POINT('Origin',(-8.40396409440213,13.5079281888042,16.8));
#10781=CARTESIAN_POINT('',(-21.3,13.3079281888042,16.6));
#10782=CARTESIAN_POINT('Origin',(-21.3,12.9079281888042,16.8));
#10783=CARTESIAN_POINT('',(-21.7,12.9079281888042,16.6));
#10784=CARTESIAN_POINT('Origin',(-21.9,6.65396409440213,16.8));
#10785=CARTESIAN_POINT('',(-21.7,-13.5,16.6));
#10786=CARTESIAN_POINT('Origin',(-21.3,-13.5,16.8));
#10787=CARTESIAN_POINT('',(-21.3,-13.9,16.6));
#10788=CARTESIAN_POINT('Origin',(-10.85,-14.1,16.8));
#10789=CARTESIAN_POINT('Origin',(-14.3,-24.3,16.6));
#10790=CARTESIAN_POINT('',(-14.3,-24.7,16.6));
#10791=CARTESIAN_POINT('Origin',(-12.35,-24.5,16.8));
#10792=CARTESIAN_POINT('',(-16.5,-24.3,17.));
#10793=CARTESIAN_POINT('Origin',(-16.5,-24.3,16.6));
#10794=CARTESIAN_POINT('',(-16.9,-24.3,16.6));
#10795=CARTESIAN_POINT('Origin',(-16.7,-12.35,16.8));
#10796=CARTESIAN_POINT('',(-16.9,-20.9584970647278,16.6));
#10797=CARTESIAN_POINT('Origin',(-17.7732029099446,-19.8024514423085,16.8));
#10798=CARTESIAN_POINT('',(-20.9584970647278,-16.9,16.6));
#10799=CARTESIAN_POINT('Origin',(-10.4792485323639,-16.7,16.8));
#10800=CARTESIAN_POINT('',(-17.1882080887273,-9.58820808872729,23.9117919112727));
#10801=CARTESIAN_POINT('Origin',(-24.4,12.35,16.7));
#10802=CARTESIAN_POINT('',(-21.6166666666666,14.0166666666667,19.4833333333333));
#10803=CARTESIAN_POINT('Ctrl Pts',(-24.,-5.83002422433618,3.63192868835535));
#10804=CARTESIAN_POINT('Ctrl Pts',(-24.7,-5.83002422433618,3.63192868835535));
#10805=CARTESIAN_POINT('Ctrl Pts',(-24.,-5.12094806137116,3.63192868835535));
#10806=CARTESIAN_POINT('Ctrl Pts',(-24.7,-5.12094806137116,3.63192868835535));
#10807=CARTESIAN_POINT('Ctrl Pts',(-24.,-4.28707449372429,4.58492705138035));
#10808=CARTESIAN_POINT('Ctrl Pts',(-24.7,-4.28707449372429,4.58492705138035));
#10809=CARTESIAN_POINT('Ctrl Pts',(-24.,-4.28707449372429,5.44716366554581));
#10810=CARTESIAN_POINT('Ctrl Pts',(-24.7,-4.28707449372429,5.44716366554581));
#10811=CARTESIAN_POINT('',(-24.,-5.83002422433618,3.63192868835535));
#10812=CARTESIAN_POINT('',(-24.,-4.28707449372429,5.44716366554581));
#10813=CARTESIAN_POINT('Ctrl Pts',(-24.,-5.83002422433618,3.63192868835535));
#10814=CARTESIAN_POINT('Ctrl Pts',(-24.,-5.12094806137116,3.63192868835535));
#10815=CARTESIAN_POINT('Ctrl Pts',(-24.,-4.28707449372429,4.58492705138035));
#10816=CARTESIAN_POINT('Ctrl Pts',(-24.,-4.28707449372429,5.44716366554581));
#10817=CARTESIAN_POINT('',(-24.7,-4.28707449372429,5.44716366554581));
#10818=CARTESIAN_POINT('',(-24.7,-5.83002422433618,3.63192868835535));
#10819=CARTESIAN_POINT('Ctrl Pts',(-24.,-4.28707449372429,5.44716366554581));
#10820=CARTESIAN_POINT('Ctrl Pts',(-24.7,-4.28707449372429,5.44716366554581));
#10821=CARTESIAN_POINT('Ctrl Pts',(-24.,-4.28707449372429,6.27820092854082));
#10822=CARTESIAN_POINT('Ctrl Pts',(-24.7,-4.28707449372429,6.27820092854082));
#10823=CARTESIAN_POINT('Ctrl Pts',(-24.,-5.12094806137116,7.26807125203999));
#10824=CARTESIAN_POINT('Ctrl Pts',(-24.7,-5.12094806137116,7.26807125203999));
#10825=CARTESIAN_POINT('Ctrl Pts',(-24.,-5.83002422433618,7.26807125203999));
#10826=CARTESIAN_POINT('Ctrl Pts',(-24.7,-5.83002422433618,7.26807125203999));
#10827=CARTESIAN_POINT('',(-24.,-5.83002422433618,7.26807125203999));
#10828=CARTESIAN_POINT('Ctrl Pts',(-24.,-4.28707449372429,5.44716366554581));
#10829=CARTESIAN_POINT('Ctrl Pts',(-24.,-4.28707449372429,6.27820092854082));
#10830=CARTESIAN_POINT('Ctrl Pts',(-24.,-5.12094806137116,7.26807125203999));
#10831=CARTESIAN_POINT('Ctrl Pts',(-24.,-5.83002422433618,7.26807125203999));
#10832=CARTESIAN_POINT('',(-24.7,-5.83002422433618,7.26807125203999));
#10833=CARTESIAN_POINT('Ctrl Pts',(-24.,-5.83002422433618,7.26807125203999));
#10834=CARTESIAN_POINT('Ctrl Pts',(-24.7,-5.83002422433618,7.26807125203999));
#10835=CARTESIAN_POINT('Ctrl Pts',(-24.,-6.02005663601081,7.26807125203999));
#10836=CARTESIAN_POINT('Ctrl Pts',(-24.7,-6.02005663601081,7.26807125203999));
#10837=CARTESIAN_POINT('Ctrl Pts',(-24.,-6.31786862445612,7.21985407295837));
#10838=CARTESIAN_POINT('Ctrl Pts',(-24.7,-6.31786862445612,7.21985407295837));
#10839=CARTESIAN_POINT('Ctrl Pts',(-24.,-6.45684755239726,7.18014580783233));
#10840=CARTESIAN_POINT('Ctrl Pts',(-24.7,-6.45684755239726,7.18014580783233));
#10841=CARTESIAN_POINT('',(-24.,-6.45684755239726,7.18014580783233));
#10842=CARTESIAN_POINT('Ctrl Pts',(-24.,-5.83002422433618,7.26807125203999));
#10843=CARTESIAN_POINT('Ctrl Pts',(-24.,-6.02005663601081,7.26807125203999));
#10844=CARTESIAN_POINT('Ctrl Pts',(-24.,-6.31786862445612,7.21985407295837));
#10845=CARTESIAN_POINT('Ctrl Pts',(-24.,-6.45684755239726,7.18014580783233));
#10846=CARTESIAN_POINT('',(-24.7,-6.45684755239726,7.18014580783233));
#10847=CARTESIAN_POINT('Ctrl Pts',(-24.,-6.45684755239726,7.18014580783233));
#10848=CARTESIAN_POINT('Ctrl Pts',(-24.7,-6.45684755239726,7.18014580783233));
#10849=CARTESIAN_POINT('Ctrl Pts',(-24.,-6.56462712916795,7.14327384735815));
#10850=CARTESIAN_POINT('Ctrl Pts',(-24.7,-6.56462712916795,7.14327384735815));
#10851=CARTESIAN_POINT('Ctrl Pts',(-24.,-6.8170582431835,7.02131274732816));
#10852=CARTESIAN_POINT('Ctrl Pts',(-24.7,-6.8170582431835,7.02131274732816));
#10853=CARTESIAN_POINT('Ctrl Pts',(-24.,-6.89647477343558,6.9759318728984));
#10854=CARTESIAN_POINT('Ctrl Pts',(-24.7,-6.89647477343558,6.9759318728984));
#10855=CARTESIAN_POINT('',(-24.,-6.89647477343558,6.9759318728984));
#10856=CARTESIAN_POINT('Ctrl Pts',(-24.,-6.45684755239726,7.18014580783233));
#10857=CARTESIAN_POINT('Ctrl Pts',(-24.,-6.56462712916795,7.14327384735815));
#10858=CARTESIAN_POINT('Ctrl Pts',(-24.,-6.8170582431835,7.02131274732816));
#10859=CARTESIAN_POINT('Ctrl Pts',(-24.,-6.89647477343558,6.9759318728984));
#10860=CARTESIAN_POINT('',(-24.7,-6.89647477343558,6.9759318728984));
#10861=CARTESIAN_POINT('Origin',(-24.7,-6.89647477343558,6.55899508907497));
#10862=CARTESIAN_POINT('',(-24.,-6.89647477343558,6.14205830525154));
#10863=CARTESIAN_POINT('',(-24.,-6.89647477343558,6.9759318728984));
#10864=CARTESIAN_POINT('',(-24.7,-6.89647477343558,6.14205830525154));
#10865=CARTESIAN_POINT('Origin',(-24.7,-6.85676650830954,6.14205830525154));
#10866=CARTESIAN_POINT('',(-24.,-6.8170582431835,6.14205830525154));
#10867=CARTESIAN_POINT('',(-24.,-6.89647477343558,6.14205830525154));
#10868=CARTESIAN_POINT('',(-24.7,-6.8170582431835,6.14205830525154));
#10869=CARTESIAN_POINT('Ctrl Pts',(-24.,-6.8170582431835,6.14205830525154));
#10870=CARTESIAN_POINT('Ctrl Pts',(-24.7,-6.8170582431835,6.14205830525154));
#10871=CARTESIAN_POINT('Ctrl Pts',(-24.,-6.76033215014629,6.19878439828874));
#10872=CARTESIAN_POINT('Ctrl Pts',(-24.7,-6.76033215014629,6.19878439828874));
#10873=CARTESIAN_POINT('Ctrl Pts',(-24.,-6.58448126173097,6.3576174587929));
#10874=CARTESIAN_POINT('Ctrl Pts',(-24.7,-6.58448126173097,6.3576174587929));
#10875=CARTESIAN_POINT('Ctrl Pts',(-24.,-6.47670168496029,6.43136137974127));
#10876=CARTESIAN_POINT('Ctrl Pts',(-24.7,-6.47670168496028,6.43136137974127));
#10877=CARTESIAN_POINT('',(-24.,-6.47670168496029,6.43136137974127));
#10878=CARTESIAN_POINT('Ctrl Pts',(-24.,-6.8170582431835,6.14205830525154));
#10879=CARTESIAN_POINT('Ctrl Pts',(-24.,-6.76033215014629,6.19878439828874));
#10880=CARTESIAN_POINT('Ctrl Pts',(-24.,-6.58448126173097,6.3576174587929));
#10881=CARTESIAN_POINT('Ctrl Pts',(-24.,-6.47670168496029,6.43136137974127));
#10882=CARTESIAN_POINT('',(-24.7,-6.47670168496028,6.43136137974127));
#10883=CARTESIAN_POINT('Ctrl Pts',(-24.,-6.47670168496029,6.43136137974127));
#10884=CARTESIAN_POINT('Ctrl Pts',(-24.7,-6.47670168496028,6.43136137974127));
#10885=CARTESIAN_POINT('Ctrl Pts',(-24.,-6.36608580353774,6.50794160534149));
#10886=CARTESIAN_POINT('Ctrl Pts',(-24.7,-6.36608580353774,6.50794160534149));
#10887=CARTESIAN_POINT('Ctrl Pts',(-24.,-6.10230947091475,6.61288487746031));
#10888=CARTESIAN_POINT('Ctrl Pts',(-24.7,-6.10230947091475,6.61288487746031));
#10889=CARTESIAN_POINT('Ctrl Pts',(-24.,-5.95765793366989,6.61288487746031));
#10890=CARTESIAN_POINT('Ctrl Pts',(-24.7,-5.95765793366989,6.61288487746031));
#10891=CARTESIAN_POINT('',(-24.,-5.95765793366989,6.61288487746031));
#10892=CARTESIAN_POINT('Ctrl Pts',(-24.,-6.47670168496029,6.43136137974127));
#10893=CARTESIAN_POINT('Ctrl Pts',(-24.,-6.36608580353774,6.50794160534149));
#10894=CARTESIAN_POINT('Ctrl Pts',(-24.,-6.10230947091475,6.61288487746031));
#10895=CARTESIAN_POINT('Ctrl Pts',(-24.,-5.95765793366989,6.61288487746031));
#10896=CARTESIAN_POINT('',(-24.7,-5.95765793366989,6.61288487746031));
#10897=CARTESIAN_POINT('Ctrl Pts',(-24.,-5.95765793366989,6.61288487746031));
#10898=CARTESIAN_POINT('Ctrl Pts',(-24.7,-5.95765793366989,6.61288487746031));
#10899=CARTESIAN_POINT('Ctrl Pts',(-24.,-5.78747965455828,6.61288487746031));
#10900=CARTESIAN_POINT('Ctrl Pts',(-24.7,-5.78747965455828,6.61288487746031));
#10901=CARTESIAN_POINT('Ctrl Pts',(-24.,-5.50101288472041,6.49376008208219));
#10902=CARTESIAN_POINT('Ctrl Pts',(-24.7,-5.50101288472041,6.49376008208219));
#10903=CARTESIAN_POINT('Ctrl Pts',(-24.,-5.37337917538671,6.3434359355336));
#10904=CARTESIAN_POINT('Ctrl Pts',(-24.7,-5.37337917538671,6.3434359355336));
#10905=CARTESIAN_POINT('',(-24.,-5.37337917538671,6.3434359355336));
#10906=CARTESIAN_POINT('Ctrl Pts',(-24.,-5.95765793366989,6.61288487746031));
#10907=CARTESIAN_POINT('Ctrl Pts',(-24.,-5.78747965455828,6.61288487746031));
#10908=CARTESIAN_POINT('Ctrl Pts',(-24.,-5.50101288472041,6.49376008208219));
#10909=CARTESIAN_POINT('Ctrl Pts',(-24.,-5.37337917538671,6.3434359355336));
#10910=CARTESIAN_POINT('',(-24.7,-5.37337917538671,6.3434359355336));
#10911=CARTESIAN_POINT('Ctrl Pts',(-24.,-5.37337917538671,6.3434359355336));
#10912=CARTESIAN_POINT('Ctrl Pts',(-24.7,-5.37337917538671,6.3434359355336));
#10913=CARTESIAN_POINT('Ctrl Pts',(-24.,-5.25425438000859,6.21012961689618));
#10914=CARTESIAN_POINT('Ctrl Pts',(-24.7,-5.25425438000858,6.21012961689618));
#10915=CARTESIAN_POINT('Ctrl Pts',(-24.,-5.10393023346,5.7534845679467));
#10916=CARTESIAN_POINT('Ctrl Pts',(-24.7,-5.10393023346,5.7534845679467));
#10917=CARTESIAN_POINT('Ctrl Pts',(-24.,-5.10393023346,5.44432736089395));
#10918=CARTESIAN_POINT('Ctrl Pts',(-24.7,-5.10393023346,5.44432736089395));
#10919=CARTESIAN_POINT('',(-24.,-5.10393023346,5.44432736089395));
#10920=CARTESIAN_POINT('Ctrl Pts',(-24.,-5.37337917538671,6.3434359355336));
#10921=CARTESIAN_POINT('Ctrl Pts',(-24.,-5.25425438000859,6.21012961689618));
#10922=CARTESIAN_POINT('Ctrl Pts',(-24.,-5.10393023346,5.7534845679467));
#10923=CARTESIAN_POINT('Ctrl Pts',(-24.,-5.10393023346,5.44432736089395));
#10924=CARTESIAN_POINT('',(-24.7,-5.10393023346,5.44432736089395));
#10925=CARTESIAN_POINT('Ctrl Pts',(-24.,-5.10393023346,5.44432736089395));
#10926=CARTESIAN_POINT('Ctrl Pts',(-24.7,-5.10393023346,5.44432736089395));
#10927=CARTESIAN_POINT('Ctrl Pts',(-24.,-5.10393023346,5.11815232593004));
#10928=CARTESIAN_POINT('Ctrl Pts',(-24.7,-5.10393023346,5.11815232593004));
#10929=CARTESIAN_POINT('Ctrl Pts',(-24.,-5.25992698931231,4.67285249558801));
#10930=CARTESIAN_POINT('Ctrl Pts',(-24.7,-5.25992698931231,4.67285249558801));
#10931=CARTESIAN_POINT('Ctrl Pts',(-24.,-5.38756069864601,4.53670987229872));
#10932=CARTESIAN_POINT('Ctrl Pts',(-24.7,-5.38756069864601,4.53670987229872));
#10933=CARTESIAN_POINT('',(-24.,-5.38756069864601,4.53670987229872));
#10934=CARTESIAN_POINT('Ctrl Pts',(-24.,-5.10393023346,5.44432736089395));
#10935=CARTESIAN_POINT('Ctrl Pts',(-24.,-5.10393023346,5.11815232593004));
#10936=CARTESIAN_POINT('Ctrl Pts',(-24.,-5.25992698931231,4.67285249558801));
#10937=CARTESIAN_POINT('Ctrl Pts',(-24.,-5.38756069864601,4.53670987229872));
#10938=CARTESIAN_POINT('',(-24.7,-5.38756069864601,4.53670987229872));
#10939=CARTESIAN_POINT('Ctrl Pts',(-24.,-5.38756069864601,4.53670987229872));
#10940=CARTESIAN_POINT('Ctrl Pts',(-24.7,-5.38756069864601,4.53670987229872));
#10941=CARTESIAN_POINT('Ctrl Pts',(-24.,-5.50952179867599,4.4034035536613));
#10942=CARTESIAN_POINT('Ctrl Pts',(-24.7,-5.50952179867599,4.4034035536613));
#10943=CARTESIAN_POINT('Ctrl Pts',(-24.,-5.81300639642502,4.28711506293503));
#10944=CARTESIAN_POINT('Ctrl Pts',(-24.7,-5.81300639642502,4.28711506293503));
#10945=CARTESIAN_POINT('Ctrl Pts',(-24.,-5.96333054297361,4.28711506293503));
#10946=CARTESIAN_POINT('Ctrl Pts',(-24.7,-5.96333054297361,4.28711506293503));
#10947=CARTESIAN_POINT('',(-24.,-5.96333054297361,4.28711506293503));
#10948=CARTESIAN_POINT('Ctrl Pts',(-24.,-5.38756069864601,4.53670987229872));
#10949=CARTESIAN_POINT('Ctrl Pts',(-24.,-5.50952179867599,4.4034035536613));
#10950=CARTESIAN_POINT('Ctrl Pts',(-24.,-5.81300639642502,4.28711506293503));
#10951=CARTESIAN_POINT('Ctrl Pts',(-24.,-5.96333054297361,4.28711506293503));
#10952=CARTESIAN_POINT('',(-24.7,-5.96333054297361,4.28711506293503));
#10953=CARTESIAN_POINT('Ctrl Pts',(-24.,-5.96333054297361,4.28711506293503));
#10954=CARTESIAN_POINT('Ctrl Pts',(-24.7,-5.96333054297361,4.28711506293503));
#10955=CARTESIAN_POINT('Ctrl Pts',(-24.,-6.11932729882591,4.28711506293503));
#10956=CARTESIAN_POINT('Ctrl Pts',(-24.7,-6.11932729882591,4.28711506293503));
#10957=CARTESIAN_POINT('Ctrl Pts',(-24.,-6.40295776401192,4.4034035536613));
#10958=CARTESIAN_POINT('Ctrl Pts',(-24.7,-6.40295776401192,4.4034035536613));
#10959=CARTESIAN_POINT('Ctrl Pts',(-24.,-6.49939212217517,4.4743111699578));
#10960=CARTESIAN_POINT('Ctrl Pts',(-24.7,-6.49939212217516,4.4743111699578));
#10961=CARTESIAN_POINT('',(-24.,-6.49939212217517,4.4743111699578));
#10962=CARTESIAN_POINT('Ctrl Pts',(-24.,-5.96333054297361,4.28711506293503));
#10963=CARTESIAN_POINT('Ctrl Pts',(-24.,-6.11932729882591,4.28711506293503));
#10964=CARTESIAN_POINT('Ctrl Pts',(-24.,-6.40295776401192,4.4034035536613));
#10965=CARTESIAN_POINT('Ctrl Pts',(-24.,-6.49939212217517,4.4743111699578));
#10966=CARTESIAN_POINT('',(-24.7,-6.49939212217516,4.4743111699578));
#10967=CARTESIAN_POINT('Ctrl Pts',(-24.,-6.49939212217517,4.4743111699578));
#10968=CARTESIAN_POINT('Ctrl Pts',(-24.7,-6.49939212217516,4.4743111699578));
#10969=CARTESIAN_POINT('Ctrl Pts',(-24.,-6.60433539429399,4.5452187862543));
#10970=CARTESIAN_POINT('Ctrl Pts',(-24.7,-6.60433539429399,4.5452187862543));
#10971=CARTESIAN_POINT('Ctrl Pts',(-24.,-6.76600475945001,4.69554293280289));
#10972=CARTESIAN_POINT('Ctrl Pts',(-24.7,-6.76600475945001,4.69554293280289));
#10973=CARTESIAN_POINT('Ctrl Pts',(-24.,-6.82556715713908,4.75510533049195));
#10974=CARTESIAN_POINT('Ctrl Pts',(-24.7,-6.82556715713908,4.75510533049195));
#10975=CARTESIAN_POINT('',(-24.,-6.82556715713908,4.75510533049195));
#10976=CARTESIAN_POINT('Ctrl Pts',(-24.,-6.49939212217517,4.4743111699578));
#10977=CARTESIAN_POINT('Ctrl Pts',(-24.,-6.60433539429399,4.5452187862543));
#10978=CARTESIAN_POINT('Ctrl Pts',(-24.,-6.76600475945001,4.69554293280289));
#10979=CARTESIAN_POINT('Ctrl Pts',(-24.,-6.82556715713908,4.75510533049195));
#10980=CARTESIAN_POINT('',(-24.7,-6.82556715713908,4.75510533049195));
#10981=CARTESIAN_POINT('Origin',(-24.7,-6.86102096528733,4.75510533049195));
#10982=CARTESIAN_POINT('',(-24.,-6.89647477343558,4.75510533049195));
#10983=CARTESIAN_POINT('',(-24.,-6.82556715713908,4.75510533049195));
#10984=CARTESIAN_POINT('',(-24.7,-6.89647477343558,4.75510533049195));
#10985=CARTESIAN_POINT('Origin',(-24.7,-6.89647477343558,4.34384115597224));
#10986=CARTESIAN_POINT('',(-24.,-6.89647477343558,3.93257698145252));
#10987=CARTESIAN_POINT('',(-24.,-6.89647477343558,4.75510533049195));
#10988=CARTESIAN_POINT('',(-24.7,-6.89647477343558,3.93257698145252));
#10989=CARTESIAN_POINT('Ctrl Pts',(-24.,-6.89647477343558,3.93257698145252));
#10990=CARTESIAN_POINT('Ctrl Pts',(-24.7,-6.89647477343558,3.93257698145252));
#10991=CARTESIAN_POINT('Ctrl Pts',(-24.,-6.80854932922792,3.88719610702276));
#10992=CARTESIAN_POINT('Ctrl Pts',(-24.7,-6.80854932922792,3.88719610702276));
#10993=CARTESIAN_POINT('Ctrl Pts',(-24.,-6.58164495707911,3.77374392094836));
#10994=CARTESIAN_POINT('Ctrl Pts',(-24.7,-6.58164495707911,3.77374392094836));
#10995=CARTESIAN_POINT('Ctrl Pts',(-24.,-6.45968385704912,3.73403565582232));
#10996=CARTESIAN_POINT('Ctrl Pts',(-24.7,-6.45968385704912,3.73403565582232));
#10997=CARTESIAN_POINT('',(-24.,-6.45968385704912,3.73403565582232));
#10998=CARTESIAN_POINT('Ctrl Pts',(-24.,-6.89647477343558,3.93257698145252));
#10999=CARTESIAN_POINT('Ctrl Pts',(-24.,-6.80854932922792,3.88719610702276));
#11000=CARTESIAN_POINT('Ctrl Pts',(-24.,-6.58164495707911,3.77374392094836));
#11001=CARTESIAN_POINT('Ctrl Pts',(-24.,-6.45968385704912,3.73403565582232));
#11002=CARTESIAN_POINT('',(-24.7,-6.45968385704912,3.73403565582232));
#11003=CARTESIAN_POINT('Ctrl Pts',(-24.,-6.45968385704912,3.73403565582232));
#11004=CARTESIAN_POINT('Ctrl Pts',(-24.7,-6.45968385704912,3.73403565582232));
#11005=CARTESIAN_POINT('Ctrl Pts',(-24.,-6.3121960151524,3.68298217208884));
#11006=CARTESIAN_POINT('Ctrl Pts',(-24.7,-6.3121960151524,3.68298217208884));
#11007=CARTESIAN_POINT('Ctrl Pts',(-24.,-6.05409229183313,3.63192868835535));
#11008=CARTESIAN_POINT('Ctrl Pts',(-24.7,-6.05409229183313,3.63192868835535));
#11009=CARTESIAN_POINT('Ctrl Pts',(-24.,-5.83002422433618,3.63192868835535));
#11010=CARTESIAN_POINT('Ctrl Pts',(-24.7,-5.83002422433618,3.63192868835535));
#11011=CARTESIAN_POINT('Ctrl Pts',(-24.,-6.45968385704912,3.73403565582232));
#11012=CARTESIAN_POINT('Ctrl Pts',(-24.,-6.3121960151524,3.68298217208884));
#11013=CARTESIAN_POINT('Ctrl Pts',(-24.,-6.05409229183313,3.63192868835535));
#11014=CARTESIAN_POINT('Ctrl Pts',(-24.,-5.83002422433618,3.63192868835535));
#11015=CARTESIAN_POINT('Origin',(-24.7,-0.310575230533143,3.7));
#11016=CARTESIAN_POINT('',(-24.,-0.682131139926817,3.7));
#11017=CARTESIAN_POINT('',(-24.,0.0609806788605277,3.7));
#11018=CARTESIAN_POINT('',(-24.,-0.682131139926817,3.7));
#11019=CARTESIAN_POINT('',(-24.7,0.0609806788605292,3.7));
#11020=CARTESIAN_POINT('',(-24.7,-0.682131139926815,3.7));
#11021=CARTESIAN_POINT('Origin',(-24.7,0.0609806788605291,4.35376822225375));
#11022=CARTESIAN_POINT('',(-24.,0.0609806788605275,5.0075364445075));
#11023=CARTESIAN_POINT('',(-24.,0.0609806788605277,3.7));
#11024=CARTESIAN_POINT('',(-24.7,0.060980678860529,5.0075364445075));
#11025=CARTESIAN_POINT('Ctrl Pts',(-24.,0.0609806788605275,5.0075364445075));
#11026=CARTESIAN_POINT('Ctrl Pts',(-24.7,0.060980678860529,5.0075364445075));
#11027=CARTESIAN_POINT('Ctrl Pts',(-24.,0.0609806788605275,5.16920580966353));
#11028=CARTESIAN_POINT('Ctrl Pts',(-24.7,0.060980678860529,5.16920580966353));
#11029=CARTESIAN_POINT('Ctrl Pts',(-24.,0.0836711160754081,5.48687193067186));
#11030=CARTESIAN_POINT('Ctrl Pts',(-24.7,0.0836711160754096,5.48687193067186));
#11031=CARTESIAN_POINT('Ctrl Pts',(-24.,0.114870467245869,5.56061585162022));
#11032=CARTESIAN_POINT('Ctrl Pts',(-24.7,0.114870467245871,5.56061585162022));
#11033=CARTESIAN_POINT('',(-24.,0.114870467245869,5.56061585162022));
#11034=CARTESIAN_POINT('Ctrl Pts',(-24.,0.0609806788605275,5.0075364445075));
#11035=CARTESIAN_POINT('Ctrl Pts',(-24.,0.0609806788605275,5.16920580966353));
#11036=CARTESIAN_POINT('Ctrl Pts',(-24.,0.0836711160754081,5.48687193067186));
#11037=CARTESIAN_POINT('Ctrl Pts',(-24.,0.114870467245869,5.56061585162022));
#11038=CARTESIAN_POINT('',(-24.7,0.114870467245871,5.56061585162022));
#11039=CARTESIAN_POINT('Ctrl Pts',(-24.,0.114870467245869,5.56061585162022));
#11040=CARTESIAN_POINT('Ctrl Pts',(-24.7,0.114870467245871,5.56061585162022));
#11041=CARTESIAN_POINT('Ctrl Pts',(-24.,0.154578732371911,5.65137760047974));
#11042=CARTESIAN_POINT('Ctrl Pts',(-24.7,0.154578732371912,5.65137760047974));
#11043=CARTESIAN_POINT('Ctrl Pts',(-24.,0.299230269616775,5.72795782607996));
#11044=CARTESIAN_POINT('Ctrl Pts',(-24.7,0.299230269616777,5.72795782607996));
#11045=CARTESIAN_POINT('Ctrl Pts',(-24.,0.418355064994899,5.72795782607996));
#11046=CARTESIAN_POINT('Ctrl Pts',(-24.7,0.418355064994901,5.72795782607996));
#11047=CARTESIAN_POINT('',(-24.,0.418355064994899,5.72795782607996));
#11048=CARTESIAN_POINT('Ctrl Pts',(-24.,0.114870467245869,5.56061585162022));
#11049=CARTESIAN_POINT('Ctrl Pts',(-24.,0.154578732371911,5.65137760047974));
#11050=CARTESIAN_POINT('Ctrl Pts',(-24.,0.299230269616775,5.72795782607996));
#11051=CARTESIAN_POINT('Ctrl Pts',(-24.,0.418355064994899,5.72795782607996));
#11052=CARTESIAN_POINT('',(-24.7,0.418355064994901,5.72795782607996));
#11053=CARTESIAN_POINT('Ctrl Pts',(-24.,0.418355064994899,5.72795782607996));
#11054=CARTESIAN_POINT('Ctrl Pts',(-24.7,0.418355064994901,5.72795782607996));
#11055=CARTESIAN_POINT('Ctrl Pts',(-24.,0.509116813854422,5.72795782607996));
#11056=CARTESIAN_POINT('Ctrl Pts',(-24.7,0.509116813854424,5.72795782607996));
#11057=CARTESIAN_POINT('Ctrl Pts',(-24.,0.696312920877188,5.65137760047974));
#11058=CARTESIAN_POINT('Ctrl Pts',(-24.7,0.69631292087719,5.65137760047974));
#11059=CARTESIAN_POINT('Ctrl Pts',(-24.,0.801256192996012,5.5691247655758));
#11060=CARTESIAN_POINT('Ctrl Pts',(-24.7,0.801256192996013,5.5691247655758));
#11061=CARTESIAN_POINT('',(-24.,0.801256192996012,5.5691247655758));
#11062=CARTESIAN_POINT('Ctrl Pts',(-24.,0.418355064994899,5.72795782607996));
#11063=CARTESIAN_POINT('Ctrl Pts',(-24.,0.509116813854422,5.72795782607996));
#11064=CARTESIAN_POINT('Ctrl Pts',(-24.,0.696312920877188,5.65137760047974));
#11065=CARTESIAN_POINT('Ctrl Pts',(-24.,0.801256192996012,5.5691247655758));
#11066=CARTESIAN_POINT('',(-24.7,0.801256192996013,5.5691247655758));
#11067=CARTESIAN_POINT('Origin',(-24.7,0.801256192996013,4.6345623827879));
#11068=CARTESIAN_POINT('',(-24.,0.801256192996012,3.7));
#11069=CARTESIAN_POINT('',(-24.,0.801256192996012,5.5691247655758));
#11070=CARTESIAN_POINT('',(-24.7,0.801256192996014,3.7));
#11071=CARTESIAN_POINT('Origin',(-24.7,1.17139395006376,3.7));
#11072=CARTESIAN_POINT('',(-24.,1.5415317071315,3.7));
#11073=CARTESIAN_POINT('',(-24.,0.801256192996012,3.7));
#11074=CARTESIAN_POINT('',(-24.7,1.5415317071315,3.7));
#11075=CARTESIAN_POINT('Origin',(-24.7,1.5415317071315,5.02029981544087));
#11076=CARTESIAN_POINT('',(-24.,1.5415317071315,6.34059963088174));
#11077=CARTESIAN_POINT('',(-24.,1.5415317071315,3.7));
#11078=CARTESIAN_POINT('',(-24.7,1.5415317071315,6.34059963088174));
#11079=CARTESIAN_POINT('Origin',(-24.7,1.17139395006376,6.34059963088174));
#11080=CARTESIAN_POINT('',(-24.,0.801256192996012,6.34059963088174));
#11081=CARTESIAN_POINT('',(-24.,1.5415317071315,6.34059963088174));
#11082=CARTESIAN_POINT('',(-24.7,0.801256192996013,6.34059963088174));
#11083=CARTESIAN_POINT('Origin',(-24.7,0.801256192996013,6.19452994131095));
#11084=CARTESIAN_POINT('',(-24.,0.801256192996012,6.04846025174016));
#11085=CARTESIAN_POINT('',(-24.,0.801256192996012,6.34059963088174));
#11086=CARTESIAN_POINT('',(-24.7,0.801256192996013,6.04846025174016));
#11087=CARTESIAN_POINT('Ctrl Pts',(-24.,0.801256192996012,6.04846025174016));
#11088=CARTESIAN_POINT('Ctrl Pts',(-24.7,0.801256192996013,6.04846025174016));
#11089=CARTESIAN_POINT('Ctrl Pts',(-24.,0.619732695276966,6.21863853085176));
#11090=CARTESIAN_POINT('Ctrl Pts',(-24.7,0.619732695276967,6.21863853085176));
#11091=CARTESIAN_POINT('Ctrl Pts',(-24.,0.273703527750034,6.41150724717825));
#11092=CARTESIAN_POINT('Ctrl Pts',(-24.7,0.273703527750036,6.41150724717825));
#11093=CARTESIAN_POINT('Ctrl Pts',(-24.,0.0666532881642475,6.41150724717825));
#11094=CARTESIAN_POINT('Ctrl Pts',(-24.7,0.066653288164249,6.41150724717825));
#11095=CARTESIAN_POINT('',(-24.,0.0666532881642475,6.41150724717825));
#11096=CARTESIAN_POINT('Ctrl Pts',(-24.,0.801256192996012,6.04846025174016));
#11097=CARTESIAN_POINT('Ctrl Pts',(-24.,0.619732695276966,6.21863853085176));
#11098=CARTESIAN_POINT('Ctrl Pts',(-24.,0.273703527750034,6.41150724717825));
#11099=CARTESIAN_POINT('Ctrl Pts',(-24.,0.0666532881642475,6.41150724717825));
#11100=CARTESIAN_POINT('',(-24.7,0.066653288164249,6.41150724717825));
#11101=CARTESIAN_POINT('Ctrl Pts',(-24.,0.0666532881642475,6.41150724717825));
#11102=CARTESIAN_POINT('Ctrl Pts',(-24.7,0.066653288164249,6.41150724717825));
#11103=CARTESIAN_POINT('Ctrl Pts',(-24.,-0.296393707273844,6.41150724717825));
#11104=CARTESIAN_POINT('Ctrl Pts',(-24.7,-0.296393707273843,6.41150724717825));
#11105=CARTESIAN_POINT('Ctrl Pts',(-24.,-0.682131139926817,5.90097240984343));
#11106=CARTESIAN_POINT('Ctrl Pts',(-24.7,-0.682131139926816,5.90097240984343));
#11107=CARTESIAN_POINT('Ctrl Pts',(-24.,-0.682131139926817,5.41880061902722));
#11108=CARTESIAN_POINT('Ctrl Pts',(-24.7,-0.682131139926815,5.41880061902722));
#11109=CARTESIAN_POINT('',(-24.,-0.682131139926817,5.41880061902721));
#11110=CARTESIAN_POINT('Ctrl Pts',(-24.,0.0666532881642475,6.41150724717825));
#11111=CARTESIAN_POINT('Ctrl Pts',(-24.,-0.296393707273844,6.41150724717825));
#11112=CARTESIAN_POINT('Ctrl Pts',(-24.,-0.682131139926817,5.90097240984343));
#11113=CARTESIAN_POINT('Ctrl Pts',(-24.,-0.682131139926817,5.41880061902722));
#11114=CARTESIAN_POINT('',(-24.7,-0.682131139926815,5.41880061902721));
#11115=CARTESIAN_POINT('Origin',(-24.7,-0.682131139926815,4.55940030951361));
#11116=CARTESIAN_POINT('',(-24.,-0.682131139926817,5.41880061902721));
#11117=CARTESIAN_POINT('Ctrl Pts',(-24.,2.89728545099255,3.6290923837035));
#11118=CARTESIAN_POINT('Ctrl Pts',(-24.7,2.89728545099255,3.6290923837035));
#11119=CARTESIAN_POINT('Ctrl Pts',(-24.,3.56665334883154,3.6290923837035));
#11120=CARTESIAN_POINT('Ctrl Pts',(-24.7,3.56665334883154,3.6290923837035));
#11121=CARTESIAN_POINT('Ctrl Pts',(-24.,4.28423842575214,4.34384115597224));
#11122=CARTESIAN_POINT('Ctrl Pts',(-24.7,4.28423842575214,4.34384115597224));
#11123=CARTESIAN_POINT('Ctrl Pts',(-24.,4.28423842575214,5.00470013985564));
#11124=CARTESIAN_POINT('Ctrl Pts',(-24.7,4.28423842575214,5.00470013985564));
#11125=CARTESIAN_POINT('',(-24.,2.89728545099255,3.6290923837035));
#11126=CARTESIAN_POINT('',(-24.,4.28423842575214,5.00470013985564));
#11127=CARTESIAN_POINT('Ctrl Pts',(-24.,2.89728545099255,3.6290923837035));
#11128=CARTESIAN_POINT('Ctrl Pts',(-24.,3.56665334883154,3.6290923837035));
#11129=CARTESIAN_POINT('Ctrl Pts',(-24.,4.28423842575214,4.34384115597224));
#11130=CARTESIAN_POINT('Ctrl Pts',(-24.,4.28423842575214,5.00470013985564));
#11131=CARTESIAN_POINT('',(-24.7,4.28423842575214,5.00470013985564));
#11132=CARTESIAN_POINT('',(-24.7,2.89728545099255,3.6290923837035));
#11133=CARTESIAN_POINT('Ctrl Pts',(-24.,4.28423842575214,5.00470013985564));
#11134=CARTESIAN_POINT('Ctrl Pts',(-24.7,4.28423842575214,5.00470013985564));
#11135=CARTESIAN_POINT('Ctrl Pts',(-24.,4.28423842575214,5.65137760047974));
#11136=CARTESIAN_POINT('Ctrl Pts',(-24.7,4.28423842575214,5.65137760047974));
#11137=CARTESIAN_POINT('Ctrl Pts',(-24.,3.61770683256502,6.42285246578569));
#11138=CARTESIAN_POINT('Ctrl Pts',(-24.7,3.61770683256502,6.42285246578569));
#11139=CARTESIAN_POINT('Ctrl Pts',(-24.,3.01641024637068,6.42285246578569));
#11140=CARTESIAN_POINT('Ctrl Pts',(-24.7,3.01641024637068,6.42285246578569));
#11141=CARTESIAN_POINT('',(-24.,3.01641024637068,6.42285246578569));
#11142=CARTESIAN_POINT('Ctrl Pts',(-24.,4.28423842575214,5.00470013985564));
#11143=CARTESIAN_POINT('Ctrl Pts',(-24.,4.28423842575214,5.65137760047974));
#11144=CARTESIAN_POINT('Ctrl Pts',(-24.,3.61770683256502,6.42285246578569));
#11145=CARTESIAN_POINT('Ctrl Pts',(-24.,3.01641024637068,6.42285246578569));
#11146=CARTESIAN_POINT('',(-24.7,3.01641024637068,6.42285246578569));
#11147=CARTESIAN_POINT('Ctrl Pts',(-24.,3.01641024637068,6.42285246578569));
#11148=CARTESIAN_POINT('Ctrl Pts',(-24.7,3.01641024637068,6.42285246578569));
#11149=CARTESIAN_POINT('Ctrl Pts',(-24.,2.47183975321354,6.42285246578569));
#11150=CARTESIAN_POINT('Ctrl Pts',(-24.7,2.47183975321354,6.42285246578569));
#11151=CARTESIAN_POINT('Ctrl Pts',(-24.,1.92159665075268,5.76766609120601));
#11152=CARTESIAN_POINT('Ctrl Pts',(-24.7,1.92159665075268,5.76766609120601));
#11153=CARTESIAN_POINT('Ctrl Pts',(-24.,1.92159665075268,5.16069689570795));
#11154=CARTESIAN_POINT('Ctrl Pts',(-24.7,1.92159665075268,5.16069689570795));
#11155=CARTESIAN_POINT('',(-24.,1.92159665075268,5.16069689570795));
#11156=CARTESIAN_POINT('Ctrl Pts',(-24.,3.01641024637068,6.42285246578569));
#11157=CARTESIAN_POINT('Ctrl Pts',(-24.,2.47183975321354,6.42285246578569));
#11158=CARTESIAN_POINT('Ctrl Pts',(-24.,1.92159665075268,5.76766609120601));
#11159=CARTESIAN_POINT('Ctrl Pts',(-24.,1.92159665075268,5.16069689570795));
#11160=CARTESIAN_POINT('',(-24.7,1.92159665075268,5.16069689570795));
#11161=CARTESIAN_POINT('Origin',(-24.7,1.92159665075268,5.01179090148529));
#11162=CARTESIAN_POINT('',(-24.,1.92159665075268,4.86288490726264));
#11163=CARTESIAN_POINT('',(-24.,1.92159665075268,5.16069689570795));
#11164=CARTESIAN_POINT('',(-24.7,1.92159665075268,4.86288490726264));
#11165=CARTESIAN_POINT('Origin',(-24.7,2.73277978118467,4.86288490726264));
#11166=CARTESIAN_POINT('',(-24.,3.54396291161665,4.86288490726264));
#11167=CARTESIAN_POINT('',(-24.,1.92159665075268,4.86288490726264));
#11168=CARTESIAN_POINT('',(-24.7,3.54396291161666,4.86288490726264));
#11169=CARTESIAN_POINT('Ctrl Pts',(-24.,3.54396291161665,4.86288490726264));
#11170=CARTESIAN_POINT('Ctrl Pts',(-24.7,3.54396291161666,4.86288490726264));
#11171=CARTESIAN_POINT('Ctrl Pts',(-24.,3.53261769300921,4.67852510489173));
#11172=CARTESIAN_POINT('Ctrl Pts',(-24.7,3.53261769300922,4.67852510489173));
#11173=CARTESIAN_POINT('Ctrl Pts',(-24.,3.41632920228295,4.43460290483176));
#11174=CARTESIAN_POINT('Ctrl Pts',(-24.7,3.41632920228295,4.43460290483176));
#11175=CARTESIAN_POINT('Ctrl Pts',(-24.,3.31705853946785,4.3608589838834));
#11176=CARTESIAN_POINT('Ctrl Pts',(-24.7,3.31705853946785,4.3608589838834));
#11177=CARTESIAN_POINT('',(-24.,3.31705853946785,4.3608589838834));
#11178=CARTESIAN_POINT('Ctrl Pts',(-24.,3.54396291161665,4.86288490726264));
#11179=CARTESIAN_POINT('Ctrl Pts',(-24.,3.53261769300921,4.67852510489173));
#11180=CARTESIAN_POINT('Ctrl Pts',(-24.,3.41632920228295,4.43460290483176));
#11181=CARTESIAN_POINT('Ctrl Pts',(-24.,3.31705853946785,4.3608589838834));
#11182=CARTESIAN_POINT('',(-24.7,3.31705853946785,4.3608589838834));
#11183=CARTESIAN_POINT('Ctrl Pts',(-24.,3.31705853946785,4.3608589838834));
#11184=CARTESIAN_POINT('Ctrl Pts',(-24.7,3.31705853946785,4.3608589838834));
#11185=CARTESIAN_POINT('Ctrl Pts',(-24.,3.22346048595646,4.28711506293504));
#11186=CARTESIAN_POINT('Ctrl Pts',(-24.7,3.22346048595647,4.28711506293504));
#11187=CARTESIAN_POINT('Ctrl Pts',(-24.,2.96819306728906,4.22471636059412));
#11188=CARTESIAN_POINT('Ctrl Pts',(-24.7,2.96819306728906,4.22471636059412));
#11189=CARTESIAN_POINT('Ctrl Pts',(-24.,2.81786892074047,4.22471636059412));
#11190=CARTESIAN_POINT('Ctrl Pts',(-24.7,2.81786892074047,4.22471636059412));
#11191=CARTESIAN_POINT('',(-24.,2.81786892074047,4.22471636059412));
#11192=CARTESIAN_POINT('Ctrl Pts',(-24.,3.31705853946785,4.3608589838834));
#11193=CARTESIAN_POINT('Ctrl Pts',(-24.,3.22346048595646,4.28711506293504));
#11194=CARTESIAN_POINT('Ctrl Pts',(-24.,2.96819306728906,4.22471636059412));
#11195=CARTESIAN_POINT('Ctrl Pts',(-24.,2.81786892074047,4.22471636059412));
#11196=CARTESIAN_POINT('',(-24.7,2.81786892074047,4.22471636059412));
#11197=CARTESIAN_POINT('Ctrl Pts',(-24.,2.81786892074047,4.22471636059412));
#11198=CARTESIAN_POINT('Ctrl Pts',(-24.7,2.81786892074047,4.22471636059412));
#11199=CARTESIAN_POINT('Ctrl Pts',(-24.,2.69023521140677,4.22471636059412));
#11200=CARTESIAN_POINT('Ctrl Pts',(-24.7,2.69023521140677,4.22471636059412));
#11201=CARTESIAN_POINT('Ctrl Pts',(-24.,2.44064040204308,4.28711506293504));
#11202=CARTESIAN_POINT('Ctrl Pts',(-24.7,2.44064040204308,4.28711506293504));
#11203=CARTESIAN_POINT('Ctrl Pts',(-24.,2.33569712992426,4.34100485132038));
#11204=CARTESIAN_POINT('Ctrl Pts',(-24.7,2.33569712992426,4.34100485132038));
#11205=CARTESIAN_POINT('',(-24.,2.33569712992425,4.34100485132038));
#11206=CARTESIAN_POINT('Ctrl Pts',(-24.,2.81786892074047,4.22471636059412));
#11207=CARTESIAN_POINT('Ctrl Pts',(-24.,2.69023521140677,4.22471636059412));
#11208=CARTESIAN_POINT('Ctrl Pts',(-24.,2.44064040204308,4.28711506293504));
#11209=CARTESIAN_POINT('Ctrl Pts',(-24.,2.33569712992426,4.34100485132038));
#11210=CARTESIAN_POINT('',(-24.7,2.33569712992426,4.34100485132038));
#11211=CARTESIAN_POINT('Ctrl Pts',(-24.,2.33569712992426,4.34100485132038));
#11212=CARTESIAN_POINT('Ctrl Pts',(-24.7,2.33569712992426,4.34100485132038));
#11213=CARTESIAN_POINT('Ctrl Pts',(-24.,2.24493538106473,4.38354942109828));
#11214=CARTESIAN_POINT('Ctrl Pts',(-24.7,2.24493538106473,4.38354942109828));
#11215=CARTESIAN_POINT('Ctrl Pts',(-24.,2.09177492986429,4.48849269321711));
#11216=CARTESIAN_POINT('Ctrl Pts',(-24.7,2.09177492986429,4.48849269321711));
#11217=CARTESIAN_POINT('Ctrl Pts',(-24.,2.04355775078267,4.52820095834315));
#11218=CARTESIAN_POINT('Ctrl Pts',(-24.7,2.04355775078267,4.52820095834315));
#11219=CARTESIAN_POINT('',(-24.,2.04355775078267,4.52820095834315));
#11220=CARTESIAN_POINT('Ctrl Pts',(-24.,2.33569712992426,4.34100485132038));
#11221=CARTESIAN_POINT('Ctrl Pts',(-24.,2.24493538106473,4.38354942109828));
#11222=CARTESIAN_POINT('Ctrl Pts',(-24.,2.09177492986429,4.48849269321711));
#11223=CARTESIAN_POINT('Ctrl Pts',(-24.,2.04355775078267,4.52820095834315));
#11224=CARTESIAN_POINT('',(-24.7,2.04355775078267,4.52820095834315));
#11225=CARTESIAN_POINT('Origin',(-24.7,2.00384948565663,4.52820095834315));
#11226=CARTESIAN_POINT('',(-24.,1.96414122053058,4.52820095834315));
#11227=CARTESIAN_POINT('',(-24.,2.04355775078267,4.52820095834315));
#11228=CARTESIAN_POINT('',(-24.7,1.96414122053058,4.52820095834315));
#11229=CARTESIAN_POINT('Origin',(-24.7,1.96414122053058,4.18784440011994));
#11230=CARTESIAN_POINT('',(-24.,1.96414122053058,3.84748784189672));
#11231=CARTESIAN_POINT('',(-24.,1.96414122053058,4.52820095834315));
#11232=CARTESIAN_POINT('',(-24.7,1.96414122053058,3.84748784189672));
#11233=CARTESIAN_POINT('Ctrl Pts',(-24.,1.96414122053058,3.84748784189672));
#11234=CARTESIAN_POINT('Ctrl Pts',(-24.7,1.96414122053058,3.84748784189672));
#11235=CARTESIAN_POINT('Ctrl Pts',(-24.,2.05490296939011,3.80777957677068));
#11236=CARTESIAN_POINT('Ctrl Pts',(-24.7,2.05490296939011,3.80777957677068));
#11237=CARTESIAN_POINT('Ctrl Pts',(-24.,2.20522711593869,3.73970826512604));
#11238=CARTESIAN_POINT('Ctrl Pts',(-24.7,2.20522711593869,3.73970826512604));
#11239=CARTESIAN_POINT('Ctrl Pts',(-24.,2.33569712992426,3.70567260930372));
#11240=CARTESIAN_POINT('Ctrl Pts',(-24.7,2.33569712992426,3.70567260930372));
#11241=CARTESIAN_POINT('',(-24.,2.33569712992426,3.70567260930372));
#11242=CARTESIAN_POINT('Ctrl Pts',(-24.,1.96414122053058,3.84748784189672));
#11243=CARTESIAN_POINT('Ctrl Pts',(-24.,2.05490296939011,3.80777957677068));
#11244=CARTESIAN_POINT('Ctrl Pts',(-24.,2.20522711593869,3.73970826512604));
#11245=CARTESIAN_POINT('Ctrl Pts',(-24.,2.33569712992426,3.70567260930372));
#11246=CARTESIAN_POINT('',(-24.7,2.33569712992426,3.70567260930372));
#11247=CARTESIAN_POINT('Ctrl Pts',(-24.,2.33569712992426,3.70567260930372));
#11248=CARTESIAN_POINT('Ctrl Pts',(-24.7,2.33569712992426,3.70567260930372));
#11249=CARTESIAN_POINT('Ctrl Pts',(-24.,2.45765822995424,3.66880064882954));
#11250=CARTESIAN_POINT('Ctrl Pts',(-24.7,2.45765822995424,3.66880064882954));
#11251=CARTESIAN_POINT('Ctrl Pts',(-24.,2.71292564862165,3.6290923837035));
#11252=CARTESIAN_POINT('Ctrl Pts',(-24.7,2.71292564862165,3.6290923837035));
#11253=CARTESIAN_POINT('Ctrl Pts',(-24.,2.89728545099255,3.6290923837035));
#11254=CARTESIAN_POINT('Ctrl Pts',(-24.7,2.89728545099255,3.6290923837035));
#11255=CARTESIAN_POINT('Ctrl Pts',(-24.,2.33569712992426,3.70567260930372));
#11256=CARTESIAN_POINT('Ctrl Pts',(-24.,2.45765822995424,3.66880064882954));
#11257=CARTESIAN_POINT('Ctrl Pts',(-24.,2.71292564862165,3.6290923837035));
#11258=CARTESIAN_POINT('Ctrl Pts',(-24.,2.89728545099255,3.6290923837035));
#11259=CARTESIAN_POINT('Ctrl Pts',(-24.,4.51114284258028,5.05575362358912));
#11260=CARTESIAN_POINT('Ctrl Pts',(-24.7,4.51114284258028,5.05575362358912));
#11261=CARTESIAN_POINT('Ctrl Pts',(-24.,4.51114284258028,4.42325768622432));
#11262=CARTESIAN_POINT('Ctrl Pts',(-24.7,4.51114284258028,4.42325768622432));
#11263=CARTESIAN_POINT('Ctrl Pts',(-24.,5.08691268690788,3.64894651626652));
#11264=CARTESIAN_POINT('Ctrl Pts',(-24.7,5.08691268690788,3.64894651626652));
#11265=CARTESIAN_POINT('Ctrl Pts',(-24.,5.50952208003503,3.64894651626652));
#11266=CARTESIAN_POINT('Ctrl Pts',(-24.7,5.50952208003503,3.64894651626652));
#11267=CARTESIAN_POINT('',(-24.,4.51114284258028,5.05575362358912));
#11268=CARTESIAN_POINT('',(-24.,5.50952208003503,3.64894651626652));
#11269=CARTESIAN_POINT('Ctrl Pts',(-24.,4.51114284258028,5.05575362358912));
#11270=CARTESIAN_POINT('Ctrl Pts',(-24.,4.51114284258028,4.42325768622432));
#11271=CARTESIAN_POINT('Ctrl Pts',(-24.,5.08691268690788,3.64894651626652));
#11272=CARTESIAN_POINT('Ctrl Pts',(-24.,5.50952208003503,3.64894651626652));
#11273=CARTESIAN_POINT('',(-24.7,5.50952208003503,3.64894651626652));
#11274=CARTESIAN_POINT('',(-24.7,4.51114284258028,5.05575362358912));
#11275=CARTESIAN_POINT('Ctrl Pts',(-24.,5.50952208003503,3.64894651626652));
#11276=CARTESIAN_POINT('Ctrl Pts',(-24.7,5.50952208003503,3.64894651626652));
#11277=CARTESIAN_POINT('Ctrl Pts',(-24.,5.68820927310222,3.64894651626652));
#11278=CARTESIAN_POINT('Ctrl Pts',(-24.7,5.68820927310222,3.64894651626652));
#11279=CARTESIAN_POINT('Ctrl Pts',(-24.,5.94914930107335,3.73687196047418));
#11280=CARTESIAN_POINT('Ctrl Pts',(-24.7,5.94914930107335,3.73687196047418));
#11281=CARTESIAN_POINT('Ctrl Pts',(-24.,6.09663714297007,3.83330631863743));
#11282=CARTESIAN_POINT('Ctrl Pts',(-24.7,6.09663714297007,3.83330631863743));
#11283=CARTESIAN_POINT('',(-24.,6.09663714297007,3.83330631863743));
#11284=CARTESIAN_POINT('Ctrl Pts',(-24.,5.50952208003503,3.64894651626652));
#11285=CARTESIAN_POINT('Ctrl Pts',(-24.,5.68820927310222,3.64894651626652));
#11286=CARTESIAN_POINT('Ctrl Pts',(-24.,5.94914930107335,3.73687196047418));
#11287=CARTESIAN_POINT('Ctrl Pts',(-24.,6.09663714297007,3.83330631863743));
#11288=CARTESIAN_POINT('',(-24.7,6.09663714297008,3.83330631863743));
#11289=CARTESIAN_POINT('Origin',(-24.7,6.09663714297007,3.28306321617657));
#11290=CARTESIAN_POINT('',(-24.,6.09663714297007,2.73282011371571));
#11291=CARTESIAN_POINT('',(-24.,6.09663714297007,3.83330631863743));
#11292=CARTESIAN_POINT('',(-24.7,6.09663714297007,2.73282011371571));
#11293=CARTESIAN_POINT('Origin',(-24.7,6.46677490003781,2.73282011371571));
#11294=CARTESIAN_POINT('',(-24.,6.83691265710556,2.73282011371571));
#11295=CARTESIAN_POINT('',(-24.,6.09663714297007,2.73282011371571));
#11296=CARTESIAN_POINT('',(-24.7,6.83691265710556,2.73282011371571));
#11297=CARTESIAN_POINT('Origin',(-24.7,6.83691265710556,4.53670987229873));
#11298=CARTESIAN_POINT('',(-24.,6.83691265710556,6.34059963088175));
#11299=CARTESIAN_POINT('',(-24.,6.83691265710556,2.73282011371571));
#11300=CARTESIAN_POINT('',(-24.7,6.83691265710556,6.34059963088175));
#11301=CARTESIAN_POINT('Origin',(-24.7,6.46677490003781,6.34059963088175));
#11302=CARTESIAN_POINT('',(-24.,6.09663714297007,6.34059963088175));
#11303=CARTESIAN_POINT('',(-24.,6.83691265710556,6.34059963088175));
#11304=CARTESIAN_POINT('',(-24.7,6.09663714297007,6.34059963088175));
#11305=CARTESIAN_POINT('Origin',(-24.7,6.09663714297007,6.2016207029406));
#11306=CARTESIAN_POINT('',(-24.,6.09663714297007,6.06264177499946));
#11307=CARTESIAN_POINT('',(-24.,6.09663714297007,6.34059963088175));
#11308=CARTESIAN_POINT('',(-24.7,6.09663714297007,6.06264177499946));
#11309=CARTESIAN_POINT('Ctrl Pts',(-24.,6.09663714297007,6.06264177499946));
#11310=CARTESIAN_POINT('Ctrl Pts',(-24.7,6.09663714297007,6.06264177499946));
#11311=CARTESIAN_POINT('Ctrl Pts',(-24.,5.93496777781405,6.21863853085176));
#11312=CARTESIAN_POINT('Ctrl Pts',(-24.7,5.93496777781405,6.21863853085176));
#11313=CARTESIAN_POINT('Ctrl Pts',(-24.,5.59744752424269,6.41150724717825));
#11314=CARTESIAN_POINT('Ctrl Pts',(-24.7,5.5974475242427,6.41150724717825));
#11315=CARTESIAN_POINT('Ctrl Pts',(-24.,5.37337945674575,6.41150724717825));
#11316=CARTESIAN_POINT('Ctrl Pts',(-24.7,5.37337945674575,6.41150724717825));
#11317=CARTESIAN_POINT('',(-24.,5.37337945674575,6.41150724717825));
#11318=CARTESIAN_POINT('Ctrl Pts',(-24.,6.09663714297007,6.06264177499946));
#11319=CARTESIAN_POINT('Ctrl Pts',(-24.,5.93496777781405,6.21863853085176));
#11320=CARTESIAN_POINT('Ctrl Pts',(-24.,5.59744752424269,6.41150724717825));
#11321=CARTESIAN_POINT('Ctrl Pts',(-24.,5.37337945674575,6.41150724717825));
#11322=CARTESIAN_POINT('',(-24.7,5.37337945674575,6.41150724717825));
#11323=CARTESIAN_POINT('Ctrl Pts',(-24.,5.37337945674575,6.41150724717825));
#11324=CARTESIAN_POINT('Ctrl Pts',(-24.7,5.37337945674575,6.41150724717825));
#11325=CARTESIAN_POINT('Ctrl Pts',(-24.,4.96211528222603,6.41150724717825));
#11326=CARTESIAN_POINT('Ctrl Pts',(-24.7,4.96211528222604,6.41150724717825));
#11327=CARTESIAN_POINT('Ctrl Pts',(-24.,4.51114284258028,5.6825769516502));
#11328=CARTESIAN_POINT('Ctrl Pts',(-24.7,4.51114284258028,5.6825769516502));
#11329=CARTESIAN_POINT('Ctrl Pts',(-24.,4.51114284258028,5.05575362358912));
#11330=CARTESIAN_POINT('Ctrl Pts',(-24.7,4.51114284258028,5.05575362358912));
#11331=CARTESIAN_POINT('Ctrl Pts',(-24.,5.37337945674575,6.41150724717825));
#11332=CARTESIAN_POINT('Ctrl Pts',(-24.,4.96211528222603,6.41150724717825));
#11333=CARTESIAN_POINT('Ctrl Pts',(-24.,4.51114284258028,5.6825769516502));
#11334=CARTESIAN_POINT('Ctrl Pts',(-24.,4.51114284258028,5.05575362358912));
#11335=CARTESIAN_POINT('Ctrl Pts',(-24.,7.23115908534446,5.01888166311494));
#11336=CARTESIAN_POINT('Ctrl Pts',(-24.7,7.23115908534446,5.01888166311494));
#11337=CARTESIAN_POINT('Ctrl Pts',(-24.,7.23115908534446,4.36653159318712));
#11338=CARTESIAN_POINT('Ctrl Pts',(-24.7,7.23115908534446,4.36653159318712));
#11339=CARTESIAN_POINT('Ctrl Pts',(-24.,7.87216393666484,3.61774716509606));
#11340=CARTESIAN_POINT('Ctrl Pts',(-24.7,7.87216393666484,3.61774716509606));
#11341=CARTESIAN_POINT('Ctrl Pts',(-24.,8.45644269494802,3.61774716509606));
#11342=CARTESIAN_POINT('Ctrl Pts',(-24.7,8.45644269494802,3.61774716509606));
#11343=CARTESIAN_POINT('',(-24.,7.23115908534446,5.01888166311494));
#11344=CARTESIAN_POINT('',(-24.,8.45644269494802,3.61774716509606));
#11345=CARTESIAN_POINT('Ctrl Pts',(-24.,7.23115908534446,5.01888166311494));
#11346=CARTESIAN_POINT('Ctrl Pts',(-24.,7.23115908534446,4.36653159318712));
#11347=CARTESIAN_POINT('Ctrl Pts',(-24.,7.87216393666484,3.61774716509606));
#11348=CARTESIAN_POINT('Ctrl Pts',(-24.,8.45644269494802,3.61774716509606));
#11349=CARTESIAN_POINT('',(-24.7,8.45644269494802,3.61774716509606));
#11350=CARTESIAN_POINT('',(-24.7,7.23115908534446,5.01888166311494));
#11351=CARTESIAN_POINT('Ctrl Pts',(-24.,8.45644269494802,3.61774716509606));
#11352=CARTESIAN_POINT('Ctrl Pts',(-24.7,8.45644269494802,3.61774716509606));
#11353=CARTESIAN_POINT('Ctrl Pts',(-24.,9.03788514857934,3.61774716509606));
#11354=CARTESIAN_POINT('Ctrl Pts',(-24.7,9.03788514857934,3.61774716509606));
#11355=CARTESIAN_POINT('Ctrl Pts',(-24.,9.68172630455158,4.36653159318712));
#11356=CARTESIAN_POINT('Ctrl Pts',(-24.7,9.68172630455158,4.36653159318712));
#11357=CARTESIAN_POINT('Ctrl Pts',(-24.,9.68172630455158,5.01888166311494));
#11358=CARTESIAN_POINT('Ctrl Pts',(-24.7,9.68172630455158,5.01888166311494));
#11359=CARTESIAN_POINT('',(-24.,9.68172630455158,5.01888166311494));
#11360=CARTESIAN_POINT('Ctrl Pts',(-24.,8.45644269494802,3.61774716509606));
#11361=CARTESIAN_POINT('Ctrl Pts',(-24.,9.03788514857934,3.61774716509606));
#11362=CARTESIAN_POINT('Ctrl Pts',(-24.,9.68172630455158,4.36653159318712));
#11363=CARTESIAN_POINT('Ctrl Pts',(-24.,9.68172630455158,5.01888166311494));
#11364=CARTESIAN_POINT('',(-24.7,9.68172630455158,5.01888166311494));
#11365=CARTESIAN_POINT('Ctrl Pts',(-24.,9.68172630455158,5.01888166311494));
#11366=CARTESIAN_POINT('Ctrl Pts',(-24.7,9.68172630455158,5.01888166311494));
#11367=CARTESIAN_POINT('Ctrl Pts',(-24.,9.68172630455158,5.67690434234649));
#11368=CARTESIAN_POINT('Ctrl Pts',(-24.7,9.68172630455158,5.67690434234649));
#11369=CARTESIAN_POINT('Ctrl Pts',(-24.,9.03788514857934,6.42285246578569));
#11370=CARTESIAN_POINT('Ctrl Pts',(-24.7,9.03788514857934,6.42285246578569));
#11371=CARTESIAN_POINT('Ctrl Pts',(-24.,8.45644269494802,6.42285246578569));
#11372=CARTESIAN_POINT('Ctrl Pts',(-24.7,8.45644269494802,6.42285246578569));
#11373=CARTESIAN_POINT('',(-24.,8.45644269494802,6.42285246578569));
#11374=CARTESIAN_POINT('Ctrl Pts',(-24.,9.68172630455158,5.01888166311494));
#11375=CARTESIAN_POINT('Ctrl Pts',(-24.,9.68172630455158,5.67690434234649));
#11376=CARTESIAN_POINT('Ctrl Pts',(-24.,9.03788514857934,6.42285246578569));
#11377=CARTESIAN_POINT('Ctrl Pts',(-24.,8.45644269494802,6.42285246578569));
#11378=CARTESIAN_POINT('',(-24.7,8.45644269494802,6.42285246578569));
#11379=CARTESIAN_POINT('Ctrl Pts',(-24.,8.45644269494802,6.42285246578569));
#11380=CARTESIAN_POINT('Ctrl Pts',(-24.7,8.45644269494802,6.42285246578569));
#11381=CARTESIAN_POINT('Ctrl Pts',(-24.,7.87216393666484,6.42285246578569));
#11382=CARTESIAN_POINT('Ctrl Pts',(-24.7,7.87216393666484,6.42285246578569));
#11383=CARTESIAN_POINT('Ctrl Pts',(-24.,7.23115908534446,5.67406803769463));
#11384=CARTESIAN_POINT('Ctrl Pts',(-24.7,7.23115908534446,5.67406803769463));
#11385=CARTESIAN_POINT('Ctrl Pts',(-24.,7.23115908534446,5.01888166311494));
#11386=CARTESIAN_POINT('Ctrl Pts',(-24.7,7.23115908534446,5.01888166311494));
#11387=CARTESIAN_POINT('Ctrl Pts',(-24.,8.45644269494802,6.42285246578569));
#11388=CARTESIAN_POINT('Ctrl Pts',(-24.,7.87216393666484,6.42285246578569));
#11389=CARTESIAN_POINT('Ctrl Pts',(-24.,7.23115908534446,5.67406803769463));
#11390=CARTESIAN_POINT('Ctrl Pts',(-24.,7.23115908534446,5.01888166311494));
#11391=CARTESIAN_POINT('Ctrl Pts',(-24.,-2.54274705216603,3.62625607905163));
#11392=CARTESIAN_POINT('Ctrl Pts',(-24.7,-2.54274705216602,3.62625607905163));
#11393=CARTESIAN_POINT('Ctrl Pts',(-24.,-1.91025111480122,3.62625607905163));
#11394=CARTESIAN_POINT('Ctrl Pts',(-24.7,-1.91025111480122,3.62625607905163));
#11395=CARTESIAN_POINT('Ctrl Pts',(-24.,-1.22670169370294,4.30696919549806));
#11396=CARTESIAN_POINT('Ctrl Pts',(-24.7,-1.22670169370294,4.30696919549806));
#11397=CARTESIAN_POINT('Ctrl Pts',(-24.,-1.22670169370294,4.9649918747296));
#11398=CARTESIAN_POINT('Ctrl Pts',(-24.7,-1.22670169370294,4.9649918747296));
#11399=CARTESIAN_POINT('',(-24.,-2.54274705216603,3.62625607905163));
#11400=CARTESIAN_POINT('',(-24.,-1.22670169370294,4.9649918747296));
#11401=CARTESIAN_POINT('Ctrl Pts',(-24.,-2.54274705216603,3.62625607905163));
#11402=CARTESIAN_POINT('Ctrl Pts',(-24.,-1.91025111480122,3.62625607905163));
#11403=CARTESIAN_POINT('Ctrl Pts',(-24.,-1.22670169370294,4.30696919549806));
#11404=CARTESIAN_POINT('Ctrl Pts',(-24.,-1.22670169370294,4.9649918747296));
#11405=CARTESIAN_POINT('',(-24.7,-1.22670169370294,4.9649918747296));
#11406=CARTESIAN_POINT('',(-24.7,-2.54274705216602,3.62625607905163));
#11407=CARTESIAN_POINT('Origin',(-24.7,-1.22670169370294,6.08249590756247));
#11408=CARTESIAN_POINT('',(-24.,-1.22670169370294,7.19999994039535));
#11409=CARTESIAN_POINT('',(-24.,-1.22670169370294,4.9649918747296));
#11410=CARTESIAN_POINT('',(-24.7,-1.22670169370294,7.19999994039535));
#11411=CARTESIAN_POINT('Origin',(-24.7,-1.62236619263742,7.19999994039535));
#11412=CARTESIAN_POINT('',(-24.,-2.01803069157191,7.19999994039535));
#11413=CARTESIAN_POINT('',(-24.,-1.22670169370294,7.19999994039535));
#11414=CARTESIAN_POINT('',(-24.7,-2.01803069157191,7.19999994039535));
#11415=CARTESIAN_POINT('Origin',(-24.7,-2.01803069157191,6.10802264942921));
#11416=CARTESIAN_POINT('',(-24.,-2.01803069157191,5.01604535846308));
#11417=CARTESIAN_POINT('',(-24.,-2.01803069157191,7.19999994039535));
#11418=CARTESIAN_POINT('',(-24.7,-2.01803069157191,5.01604535846308));
#11419=CARTESIAN_POINT('Ctrl Pts',(-24.,-2.01803069157191,5.01604535846308));
#11420=CARTESIAN_POINT('Ctrl Pts',(-24.7,-2.01803069157191,5.01604535846308));
#11421=CARTESIAN_POINT('Ctrl Pts',(-24.,-2.01803069157191,4.65016205837313));
#11422=CARTESIAN_POINT('Ctrl Pts',(-24.7,-2.01803069157191,4.65016205837313));
#11423=CARTESIAN_POINT('Ctrl Pts',(-24.,-2.26478919628374,4.29278767223876));
#11424=CARTESIAN_POINT('Ctrl Pts',(-24.7,-2.26478919628373,4.29278767223876));
#11425=CARTESIAN_POINT('Ctrl Pts',(-24.,-2.54274705216603,4.29278767223876));
#11426=CARTESIAN_POINT('Ctrl Pts',(-24.7,-2.54274705216602,4.29278767223876));
#11427=CARTESIAN_POINT('',(-24.,-2.54274705216603,4.29278767223876));
#11428=CARTESIAN_POINT('Ctrl Pts',(-24.,-2.01803069157191,5.01604535846308));
#11429=CARTESIAN_POINT('Ctrl Pts',(-24.,-2.01803069157191,4.65016205837313));
#11430=CARTESIAN_POINT('Ctrl Pts',(-24.,-2.26478919628374,4.29278767223876));
#11431=CARTESIAN_POINT('Ctrl Pts',(-24.,-2.54274705216603,4.29278767223876));
#11432=CARTESIAN_POINT('',(-24.7,-2.54274705216602,4.29278767223876));
#11433=CARTESIAN_POINT('Ctrl Pts',(-24.,-2.54274705216603,4.29278767223876));
#11434=CARTESIAN_POINT('Ctrl Pts',(-24.7,-2.54274705216602,4.29278767223876));
#11435=CARTESIAN_POINT('Ctrl Pts',(-24.,-2.81503229874459,4.29278767223876));
#11436=CARTESIAN_POINT('Ctrl Pts',(-24.7,-2.81503229874459,4.29278767223876));
#11437=CARTESIAN_POINT('Ctrl Pts',(-24.,-3.070299717412,4.63598053511383));
#11438=CARTESIAN_POINT('Ctrl Pts',(-24.7,-3.070299717412,4.63598053511383));
#11439=CARTESIAN_POINT('Ctrl Pts',(-24.,-3.070299717412,5.01604535846308));
#11440=CARTESIAN_POINT('Ctrl Pts',(-24.7,-3.070299717412,5.01604535846308));
#11441=CARTESIAN_POINT('',(-24.,-3.070299717412,5.01604535846308));
#11442=CARTESIAN_POINT('Ctrl Pts',(-24.,-2.54274705216603,4.29278767223876));
#11443=CARTESIAN_POINT('Ctrl Pts',(-24.,-2.81503229874459,4.29278767223876));
#11444=CARTESIAN_POINT('Ctrl Pts',(-24.,-3.070299717412,4.63598053511383));
#11445=CARTESIAN_POINT('Ctrl Pts',(-24.,-3.070299717412,5.01604535846308));
#11446=CARTESIAN_POINT('',(-24.7,-3.070299717412,5.01604535846308));
#11447=CARTESIAN_POINT('Origin',(-24.7,-3.070299717412,6.10802264942921));
#11448=CARTESIAN_POINT('',(-24.,-3.070299717412,7.19999994039535));
#11449=CARTESIAN_POINT('',(-24.,-3.070299717412,5.01604535846308));
#11450=CARTESIAN_POINT('',(-24.7,-3.070299717412,7.19999994039535));
#11451=CARTESIAN_POINT('Origin',(-24.7,-3.46596421634648,7.19999994039535));
#11452=CARTESIAN_POINT('',(-24.,-3.86162871528097,7.19999994039535));
#11453=CARTESIAN_POINT('',(-24.,-3.070299717412,7.19999994039535));
#11454=CARTESIAN_POINT('',(-24.7,-3.86162871528097,7.19999994039535));
#11455=CARTESIAN_POINT('Origin',(-24.7,-3.86162871528097,6.0839140598884));
#11456=CARTESIAN_POINT('',(-24.,-3.86162871528097,4.96782817938146));
#11457=CARTESIAN_POINT('',(-24.,-3.86162871528097,7.19999994039535));
#11458=CARTESIAN_POINT('',(-24.7,-3.86162871528097,4.96782817938146));
#11459=CARTESIAN_POINT('Ctrl Pts',(-24.,-3.86162871528097,4.96782817938146));
#11460=CARTESIAN_POINT('Ctrl Pts',(-24.7,-3.86162871528097,4.96782817938146));
#11461=CARTESIAN_POINT('Ctrl Pts',(-24.,-3.86162871528097,4.32115071875736));
#11462=CARTESIAN_POINT('Ctrl Pts',(-24.7,-3.86162871528097,4.32115071875736));
#11463=CARTESIAN_POINT('Ctrl Pts',(-24.,-3.19509712209385,3.62625607905163));
#11464=CARTESIAN_POINT('Ctrl Pts',(-24.7,-3.19509712209384,3.62625607905163));
#11465=CARTESIAN_POINT('Ctrl Pts',(-24.,-2.54274705216603,3.62625607905163));
#11466=CARTESIAN_POINT('Ctrl Pts',(-24.7,-2.54274705216602,3.62625607905163));
#11467=CARTESIAN_POINT('Ctrl Pts',(-24.,-3.86162871528097,4.96782817938146));
#11468=CARTESIAN_POINT('Ctrl Pts',(-24.,-3.86162871528097,4.32115071875736));
#11469=CARTESIAN_POINT('Ctrl Pts',(-24.,-3.19509712209385,3.62625607905163));
#11470=CARTESIAN_POINT('Ctrl Pts',(-24.,-2.54274705216603,3.62625607905163));
#11471=CARTESIAN_POINT('Origin',(-24.7,-8.51175048688919,3.69999999999999));
#11472=CARTESIAN_POINT('',(-24.,-9.66754463252218,3.69999999999999));
#11473=CARTESIAN_POINT('',(-24.,-7.3559563412562,3.69999999999999));
#11474=CARTESIAN_POINT('',(-24.,-9.66754463252218,3.69999999999999));
#11475=CARTESIAN_POINT('',(-24.7,-7.3559563412562,3.69999999999999));
#11476=CARTESIAN_POINT('',(-24.7,-9.66754463252217,3.69999999999999));
#11477=CARTESIAN_POINT('Origin',(-24.7,-7.3559563412562,3.98504861751193));
#11478=CARTESIAN_POINT('',(-24.,-7.3559563412562,4.27009723502387));
#11479=CARTESIAN_POINT('',(-24.,-7.3559563412562,3.69999999999999));
#11480=CARTESIAN_POINT('',(-24.7,-7.3559563412562,4.27009723502387));
#11481=CARTESIAN_POINT('Ctrl Pts',(-24.,-7.3559563412562,4.27009723502387));
#11482=CARTESIAN_POINT('Ctrl Pts',(-24.7,-7.3559563412562,4.27009723502387));
#11483=CARTESIAN_POINT('Ctrl Pts',(-24.,-7.65093202504965,4.531037262995));
#11484=CARTESIAN_POINT('Ctrl Pts',(-24.7,-7.65093202504965,4.531037262995));
#11485=CARTESIAN_POINT('Ctrl Pts',(-24.,-8.11608598795471,4.99051861659634));
#11486=CARTESIAN_POINT('Ctrl Pts',(-24.7,-8.1160859879547,4.99051861659634));
#11487=CARTESIAN_POINT('Ctrl Pts',(-24.,-8.29477318102189,5.19756885618212));
#11488=CARTESIAN_POINT('Ctrl Pts',(-24.7,-8.29477318102189,5.19756885618212));
#11489=CARTESIAN_POINT('',(-24.,-8.29477318102189,5.19756885618213));
#11490=CARTESIAN_POINT('Ctrl Pts',(-24.,-7.3559563412562,4.27009723502387));
#11491=CARTESIAN_POINT('Ctrl Pts',(-24.,-7.65093202504965,4.531037262995));
#11492=CARTESIAN_POINT('Ctrl Pts',(-24.,-8.11608598795471,4.99051861659634));
#11493=CARTESIAN_POINT('Ctrl Pts',(-24.,-8.29477318102189,5.19756885618212));
#11494=CARTESIAN_POINT('',(-24.7,-8.29477318102189,5.19756885618213));
#11495=CARTESIAN_POINT('Ctrl Pts',(-24.,-8.29477318102189,5.19756885618212));
#11496=CARTESIAN_POINT('Ctrl Pts',(-24.7,-8.29477318102189,5.19756885618212));
#11497=CARTESIAN_POINT('Ctrl Pts',(-24.,-8.52451385782256,5.46701779810883));
#11498=CARTESIAN_POINT('Ctrl Pts',(-24.7,-8.52451385782256,5.46701779810883));
#11499=CARTESIAN_POINT('Ctrl Pts',(-24.,-8.73156409740835,5.87828197262855));
#11500=CARTESIAN_POINT('Ctrl Pts',(-24.7,-8.73156409740835,5.87828197262855));
#11501=CARTESIAN_POINT('Ctrl Pts',(-24.,-8.73156409740835,6.09384112616991));
#11502=CARTESIAN_POINT('Ctrl Pts',(-24.7,-8.73156409740835,6.09384112616991));
#11503=CARTESIAN_POINT('',(-24.,-8.73156409740835,6.09384112616991));
#11504=CARTESIAN_POINT('Ctrl Pts',(-24.,-8.29477318102189,5.19756885618212));
#11505=CARTESIAN_POINT('Ctrl Pts',(-24.,-8.52451385782256,5.46701779810883));
#11506=CARTESIAN_POINT('Ctrl Pts',(-24.,-8.73156409740835,5.87828197262855));
#11507=CARTESIAN_POINT('Ctrl Pts',(-24.,-8.73156409740835,6.09384112616991));
#11508=CARTESIAN_POINT('',(-24.7,-8.73156409740835,6.09384112616991));
#11509=CARTESIAN_POINT('Ctrl Pts',(-24.,-8.73156409740835,6.09384112616991));
#11510=CARTESIAN_POINT('Ctrl Pts',(-24.7,-8.73156409740835,6.09384112616991));
#11511=CARTESIAN_POINT('Ctrl Pts',(-24.,-8.73156409740835,6.33776332622988));
#11512=CARTESIAN_POINT('Ctrl Pts',(-24.7,-8.73156409740835,6.33776332622988));
#11513=CARTESIAN_POINT('Ctrl Pts',(-24.,-8.47062406943722,6.59870335420101));
#11514=CARTESIAN_POINT('Ctrl Pts',(-24.7,-8.47062406943722,6.59870335420101));
#11515=CARTESIAN_POINT('Ctrl Pts',(-24.,-8.23521078333283,6.59870335420101));
#11516=CARTESIAN_POINT('Ctrl Pts',(-24.7,-8.23521078333283,6.59870335420101));
#11517=CARTESIAN_POINT('',(-24.,-8.23521078333283,6.59870335420101));
#11518=CARTESIAN_POINT('Ctrl Pts',(-24.,-8.73156409740835,6.09384112616991));
#11519=CARTESIAN_POINT('Ctrl Pts',(-24.,-8.73156409740835,6.33776332622988));
#11520=CARTESIAN_POINT('Ctrl Pts',(-24.,-8.47062406943722,6.59870335420101));
#11521=CARTESIAN_POINT('Ctrl Pts',(-24.,-8.23521078333283,6.59870335420101));
#11522=CARTESIAN_POINT('',(-24.7,-8.23521078333283,6.59870335420101));
#11523=CARTESIAN_POINT('Ctrl Pts',(-24.,-8.23521078333283,6.59870335420101));
#11524=CARTESIAN_POINT('Ctrl Pts',(-24.7,-8.23521078333283,6.59870335420101));
#11525=CARTESIAN_POINT('Ctrl Pts',(-24.,-8.11608598795471,6.59870335420101));
#11526=CARTESIAN_POINT('Ctrl Pts',(-24.7,-8.1160859879547,6.59870335420101));
#11527=CARTESIAN_POINT('Ctrl Pts',(-24.,-7.90052683441334,6.53346834720823));
#11528=CARTESIAN_POINT('Ctrl Pts',(-24.7,-7.90052683441334,6.53346834720823));
#11529=CARTESIAN_POINT('Ctrl Pts',(-24.,-7.79274725764266,6.48241486347475));
#11530=CARTESIAN_POINT('Ctrl Pts',(-24.7,-7.79274725764266,6.48241486347475));
#11531=CARTESIAN_POINT('',(-24.,-7.79274725764266,6.48241486347474));
#11532=CARTESIAN_POINT('Ctrl Pts',(-24.,-8.23521078333283,6.59870335420101));
#11533=CARTESIAN_POINT('Ctrl Pts',(-24.,-8.11608598795471,6.59870335420101));
#11534=CARTESIAN_POINT('Ctrl Pts',(-24.,-7.90052683441334,6.53346834720823));
#11535=CARTESIAN_POINT('Ctrl Pts',(-24.,-7.79274725764266,6.48241486347475));
#11536=CARTESIAN_POINT('',(-24.7,-7.79274725764266,6.48241486347474));
#11537=CARTESIAN_POINT('Ctrl Pts',(-24.,-7.79274725764266,6.48241486347475));
#11538=CARTESIAN_POINT('Ctrl Pts',(-24.7,-7.79274725764266,6.48241486347475));
#11539=CARTESIAN_POINT('Ctrl Pts',(-24.,-7.68496768087197,6.4285250750894));
#11540=CARTESIAN_POINT('Ctrl Pts',(-24.7,-7.68496768087197,6.4285250750894));
#11541=CARTESIAN_POINT('Ctrl Pts',(-24.,-7.53180722967153,6.315072889015));
#11542=CARTESIAN_POINT('Ctrl Pts',(-24.7,-7.53180722967153,6.315072889015));
#11543=CARTESIAN_POINT('Ctrl Pts',(-24.,-7.49493526919735,6.2867098424964));
#11544=CARTESIAN_POINT('Ctrl Pts',(-24.7,-7.49493526919735,6.2867098424964));
#11545=CARTESIAN_POINT('',(-24.,-7.49493526919735,6.2867098424964));
#11546=CARTESIAN_POINT('Ctrl Pts',(-24.,-7.79274725764266,6.48241486347475));
#11547=CARTESIAN_POINT('Ctrl Pts',(-24.,-7.68496768087197,6.4285250750894));
#11548=CARTESIAN_POINT('Ctrl Pts',(-24.,-7.53180722967153,6.315072889015));
#11549=CARTESIAN_POINT('Ctrl Pts',(-24.,-7.49493526919735,6.2867098424964));
#11550=CARTESIAN_POINT('',(-24.7,-7.49493526919735,6.2867098424964));
#11551=CARTESIAN_POINT('Origin',(-24.7,-7.46373591802688,6.2867098424964));
#11552=CARTESIAN_POINT('',(-24.,-7.43253656685642,6.2867098424964));
#11553=CARTESIAN_POINT('',(-24.,-7.49493526919735,6.2867098424964));
#11554=CARTESIAN_POINT('',(-24.7,-7.43253656685642,6.2867098424964));
#11555=CARTESIAN_POINT('Origin',(-24.7,-7.43253656685642,6.66819281817158));
#11556=CARTESIAN_POINT('',(-24.,-7.43253656685642,7.04967579384677));
#11557=CARTESIAN_POINT('',(-24.,-7.43253656685642,6.2867098424964));
#11558=CARTESIAN_POINT('',(-24.7,-7.43253656685642,7.04967579384677));
#11559=CARTESIAN_POINT('Ctrl Pts',(-24.,-7.43253656685642,7.04967579384677));
#11560=CARTESIAN_POINT('Ctrl Pts',(-24.7,-7.43253656685642,7.04967579384677));
#11561=CARTESIAN_POINT('Ctrl Pts',(-24.,-7.56584288549385,7.12058341014327));
#11562=CARTESIAN_POINT('Ctrl Pts',(-24.7,-7.56584288549385,7.12058341014327));
#11563=CARTESIAN_POINT('Ctrl Pts',(-24.,-8.13310381586587,7.26807125203999));
#11564=CARTESIAN_POINT('Ctrl Pts',(-24.7,-8.13310381586587,7.26807125203999));
#11565=CARTESIAN_POINT('Ctrl Pts',(-24.,-8.394043843837,7.26807125203999));
#11566=CARTESIAN_POINT('Ctrl Pts',(-24.7,-8.39404384383699,7.26807125203999));
#11567=CARTESIAN_POINT('',(-24.,-8.394043843837,7.26807125203999));
#11568=CARTESIAN_POINT('Ctrl Pts',(-24.,-7.43253656685642,7.04967579384677));
#11569=CARTESIAN_POINT('Ctrl Pts',(-24.,-7.56584288549385,7.12058341014327));
#11570=CARTESIAN_POINT('Ctrl Pts',(-24.,-8.13310381586587,7.26807125203999));
#11571=CARTESIAN_POINT('Ctrl Pts',(-24.,-8.394043843837,7.26807125203999));
#11572=CARTESIAN_POINT('',(-24.7,-8.39404384383699,7.26807125203999));
#11573=CARTESIAN_POINT('Ctrl Pts',(-24.,-8.394043843837,7.26807125203999));
#11574=CARTESIAN_POINT('Ctrl Pts',(-24.7,-8.39404384383699,7.26807125203999));
#11575=CARTESIAN_POINT('Ctrl Pts',(-24.,-8.95563216490529,7.26807125203999));
#11576=CARTESIAN_POINT('Ctrl Pts',(-24.7,-8.95563216490529,7.26807125203999));
#11577=CARTESIAN_POINT('Ctrl Pts',(-24.,-9.53140200923289,6.71215554027541));
#11578=CARTESIAN_POINT('Ctrl Pts',(-24.7,-9.53140200923289,6.71215554027541));
#11579=CARTESIAN_POINT('Ctrl Pts',(-24.,-9.53140200923289,6.21012961689618));
#11580=CARTESIAN_POINT('Ctrl Pts',(-24.7,-9.53140200923289,6.21012961689618));
#11581=CARTESIAN_POINT('',(-24.,-9.53140200923289,6.21012961689618));
#11582=CARTESIAN_POINT('Ctrl Pts',(-24.,-8.394043843837,7.26807125203999));
#11583=CARTESIAN_POINT('Ctrl Pts',(-24.,-8.95563216490529,7.26807125203999));
#11584=CARTESIAN_POINT('Ctrl Pts',(-24.,-9.53140200923289,6.71215554027541));
#11585=CARTESIAN_POINT('Ctrl Pts',(-24.,-9.53140200923289,6.21012961689618));
#11586=CARTESIAN_POINT('',(-24.7,-9.53140200923289,6.21012961689618));
#11587=CARTESIAN_POINT('Ctrl Pts',(-24.,-9.53140200923289,6.21012961689618));
#11588=CARTESIAN_POINT('Ctrl Pts',(-24.7,-9.53140200923289,6.21012961689618));
#11589=CARTESIAN_POINT('Ctrl Pts',(-24.,-9.53140200923289,5.90097240984343));
#11590=CARTESIAN_POINT('Ctrl Pts',(-24.7,-9.53140200923289,5.90097240984343));
#11591=CARTESIAN_POINT('Ctrl Pts',(-24.,-9.27046198126176,5.30534843295281));
#11592=CARTESIAN_POINT('Ctrl Pts',(-24.7,-9.27046198126176,5.30534843295281));
#11593=CARTESIAN_POINT('Ctrl Pts',(-24.,-8.96414107886087,4.9649918747296));
#11594=CARTESIAN_POINT('Ctrl Pts',(-24.7,-8.96414107886087,4.9649918747296));
#11595=CARTESIAN_POINT('',(-24.,-8.96414107886087,4.9649918747296));
#11596=CARTESIAN_POINT('Ctrl Pts',(-24.,-9.53140200923289,6.21012961689618));
#11597=CARTESIAN_POINT('Ctrl Pts',(-24.,-9.53140200923289,5.90097240984343));
#11598=CARTESIAN_POINT('Ctrl Pts',(-24.,-9.27046198126176,5.30534843295281));
#11599=CARTESIAN_POINT('Ctrl Pts',(-24.,-8.96414107886087,4.9649918747296));
#11600=CARTESIAN_POINT('',(-24.7,-8.96414107886087,4.9649918747296));
#11601=CARTESIAN_POINT('Ctrl Pts',(-24.,-8.96414107886087,4.9649918747296));
#11602=CARTESIAN_POINT('Ctrl Pts',(-24.7,-8.96414107886087,4.9649918747296));
#11603=CARTESIAN_POINT('Ctrl Pts',(-24.,-8.77410866718625,4.75510533049195));
#11604=CARTESIAN_POINT('Ctrl Pts',(-24.7,-8.77410866718625,4.75510533049195));
#11605=CARTESIAN_POINT('Ctrl Pts',(-24.,-8.41389797640002,4.42893029552804));
#11606=CARTESIAN_POINT('Ctrl Pts',(-24.7,-8.41389797640001,4.42893029552804));
#11607=CARTESIAN_POINT('Ctrl Pts',(-24.,-8.33448144614793,4.3608589838834));
#11608=CARTESIAN_POINT('Ctrl Pts',(-24.7,-8.33448144614793,4.3608589838834));
#11609=CARTESIAN_POINT('',(-24.,-8.33448144614793,4.3608589838834));
#11610=CARTESIAN_POINT('Ctrl Pts',(-24.,-8.96414107886087,4.9649918747296));
#11611=CARTESIAN_POINT('Ctrl Pts',(-24.,-8.77410866718625,4.75510533049195));
#11612=CARTESIAN_POINT('Ctrl Pts',(-24.,-8.41389797640002,4.42893029552804));
#11613=CARTESIAN_POINT('Ctrl Pts',(-24.,-8.33448144614793,4.3608589838834));
#11614=CARTESIAN_POINT('',(-24.7,-8.33448144614793,4.3608589838834));
#11615=CARTESIAN_POINT('Origin',(-24.7,-9.00101303933505,4.3608589838834));
#11616=CARTESIAN_POINT('',(-24.,-9.66754463252218,4.3608589838834));
#11617=CARTESIAN_POINT('',(-24.,-8.33448144614793,4.3608589838834));
#11618=CARTESIAN_POINT('',(-24.7,-9.66754463252217,4.3608589838834));
#11619=CARTESIAN_POINT('Origin',(-24.7,-9.66754463252217,4.0304294919417));
#11620=CARTESIAN_POINT('',(-24.,-9.66754463252218,4.3608589838834));
#11621=CARTESIAN_POINT('Origin',(-12.35,16.7,16.8));
#11622=CARTESIAN_POINT('',(-20.9584970647278,16.9,16.6));
#11623=CARTESIAN_POINT('Origin',(-19.8024514423085,17.7732029099446,16.8));
#11624=CARTESIAN_POINT('Origin',(-16.8079281888042,16.8079281888042,12.6));
#11625=CARTESIAN_POINT('Origin',(-16.8079281888042,-16.8079281888042,12.6));
#11626=CARTESIAN_POINT('Origin',(-24.,24.7,0.));
#11627=CARTESIAN_POINT('Origin',(-24.,24.7,0.));
#11628=CARTESIAN_POINT('Origin',(-24.,24.7,0.));
#11629=CARTESIAN_POINT('',(-24.,2.65052694628073,5.35923822133815));
#11630=CARTESIAN_POINT('',(-24.,3.07313633940788,5.89529980053971));
#11631=CARTESIAN_POINT('Ctrl Pts',(-24.,2.65052694628073,5.35923822133815));
#11632=CARTESIAN_POINT('Ctrl Pts',(-24.,2.65619955558445,5.62017824930928));
#11633=CARTESIAN_POINT('Ctrl Pts',(-24.,2.86324979517023,5.89529980053971));
#11634=CARTESIAN_POINT('Ctrl Pts',(-24.,3.07313633940788,5.89529980053971));
#11635=CARTESIAN_POINT('',(-24.,3.54679921626851,5.35923822133815));
#11636=CARTESIAN_POINT('',(-24.,13.8993315406373,5.35923822133815));
#11637=CARTESIAN_POINT('Ctrl Pts',(-24.,3.07313633940788,5.89529980053971));
#11638=CARTESIAN_POINT('Ctrl Pts',(-24.,3.28869549294925,5.89529980053971));
#11639=CARTESIAN_POINT('Ctrl Pts',(-24.,3.53261769300921,5.60599672604998));
#11640=CARTESIAN_POINT('Ctrl Pts',(-24.,3.54679921626851,5.35923822133815));
#11641=CARTESIAN_POINT('Origin',(-24.,24.7,0.));
#11642=CARTESIAN_POINT('',(-24.,5.27127248927878,5.03873579567796));
#11643=CARTESIAN_POINT('',(-24.,5.70806340566524,5.77050239585787));
#11644=CARTESIAN_POINT('Ctrl Pts',(-24.,5.27127248927878,5.03873579567796));
#11645=CARTESIAN_POINT('Ctrl Pts',(-24.,5.27127248927878,5.42447322833094));
#11646=CARTESIAN_POINT('Ctrl Pts',(-24.,5.48399533816829,5.77050239585787));
#11647=CARTESIAN_POINT('Ctrl Pts',(-24.,5.70806340566524,5.77050239585787));
#11648=CARTESIAN_POINT('',(-24.,5.80166145917662,4.25307940711272));
#11649=CARTESIAN_POINT('Ctrl Pts',(-24.,5.80166145917662,4.25307940711272));
#11650=CARTESIAN_POINT('Ctrl Pts',(-24.,5.53221251724991,4.25307940711272));
#11651=CARTESIAN_POINT('Ctrl Pts',(-24.,5.27127248927878,4.64448944906941));
#11652=CARTESIAN_POINT('Ctrl Pts',(-24.,5.27127248927878,5.03873579567796));
#11653=CARTESIAN_POINT('',(-24.,6.09663714297007,4.3041328908462));
#11654=CARTESIAN_POINT('Ctrl Pts',(-24.,6.09663714297007,4.3041328908462));
#11655=CARTESIAN_POINT('Ctrl Pts',(-24.,6.03707474528101,4.2757698443276));
#11656=CARTESIAN_POINT('Ctrl Pts',(-24.,5.89809581733987,4.25307940711272));
#11657=CARTESIAN_POINT('Ctrl Pts',(-24.,5.80166145917662,4.25307940711272));
#11658=CARTESIAN_POINT('',(-24.,6.09663714297007,5.62868716326486));
#11659=CARTESIAN_POINT('',(-24.,6.09663714297008,2.48320501352776));
#11660=CARTESIAN_POINT('Ctrl Pts',(-24.,5.70806340566524,5.77050239585787));
#11661=CARTESIAN_POINT('Ctrl Pts',(-24.,5.80733406848034,5.77050239585787));
#11662=CARTESIAN_POINT('Ctrl Pts',(-24.,6.00303908945869,5.69959477956137));
#11663=CARTESIAN_POINT('Ctrl Pts',(-24.,6.09663714297007,5.62868716326486));
#11664=CARTESIAN_POINT('Origin',(-24.,24.7,0.));
#11665=CARTESIAN_POINT('',(-24.,7.99128873204296,5.01320905381123));
#11666=CARTESIAN_POINT('',(-24.,8.12175874602853,5.65705020978347));
#11667=CARTESIAN_POINT('Ctrl Pts',(-24.,7.99128873204296,5.01320905381123));
#11668=CARTESIAN_POINT('Ctrl Pts',(-24.,7.99128873204296,5.24862233991561));
#11669=CARTESIAN_POINT('Ctrl Pts',(-24.,8.0593600436876,5.56345215627208));
#11670=CARTESIAN_POINT('Ctrl Pts',(-24.,8.12175874602853,5.65705020978347));
#11671=CARTESIAN_POINT('',(-24.,8.12459505068039,4.37787681179456));
#11672=CARTESIAN_POINT('Ctrl Pts',(-24.,8.12459505068039,4.37787681179456));
#11673=CARTESIAN_POINT('Ctrl Pts',(-24.,8.0593600436876,4.47714747460967));
#11674=CARTESIAN_POINT('Ctrl Pts',(-24.,7.99128873204296,4.76361424444754));
#11675=CARTESIAN_POINT('Ctrl Pts',(-24.,7.99128873204296,5.01320905381123));
#11676=CARTESIAN_POINT('',(-24.,8.4507700856443,4.20769853268296));
#11677=CARTESIAN_POINT('Ctrl Pts',(-24.,8.4507700856443,4.20769853268296));
#11678=CARTESIAN_POINT('Ctrl Pts',(-24.,8.36284464143663,4.20769853268296));
#11679=CARTESIAN_POINT('Ctrl Pts',(-24.,8.17848483906573,4.29278767223876));
#11680=CARTESIAN_POINT('Ctrl Pts',(-24.,8.12459505068039,4.37787681179456));
#11681=CARTESIAN_POINT('',(-24.,8.79396294851937,4.38354942109828));
#11682=CARTESIAN_POINT('Ctrl Pts',(-24.,8.79396294851937,4.38354942109828));
#11683=CARTESIAN_POINT('Ctrl Pts',(-24.,8.73440055083031,4.29278767223876));
#11684=CARTESIAN_POINT('Ctrl Pts',(-24.,8.55854966241498,4.20769853268296));
#11685=CARTESIAN_POINT('Ctrl Pts',(-24.,8.4507700856443,4.20769853268296));
#11686=CARTESIAN_POINT('',(-24.,8.92159665785307,5.01320905381123));
#11687=CARTESIAN_POINT('Ctrl Pts',(-24.,8.92159665785307,5.01320905381123));
#11688=CARTESIAN_POINT('Ctrl Pts',(-24.,8.92159665785307,4.77212315840312));
#11689=CARTESIAN_POINT('Ctrl Pts',(-24.,8.85068904155657,4.47431116995781));
#11690=CARTESIAN_POINT('Ctrl Pts',(-24.,8.79396294851937,4.38354942109828));
#11691=CARTESIAN_POINT('',(-24.,8.78261772991193,5.66839542839091));
#11692=CARTESIAN_POINT('Ctrl Pts',(-24.,8.78261772991193,5.66839542839091));
#11693=CARTESIAN_POINT('Ctrl Pts',(-24.,8.84501643225285,5.57763367953138));
#11694=CARTESIAN_POINT('Ctrl Pts',(-24.,8.92159665785307,5.25713125387119));
#11695=CARTESIAN_POINT('Ctrl Pts',(-24.,8.92159665785307,5.01320905381123));
#11696=CARTESIAN_POINT('',(-24.,8.45644269494802,5.83290109819879));
#11697=CARTESIAN_POINT('Ctrl Pts',(-24.,8.45644269494802,5.83290109819879));
#11698=CARTESIAN_POINT('Ctrl Pts',(-24.,8.55571335776312,5.83290109819879));
#11699=CARTESIAN_POINT('Ctrl Pts',(-24.,8.71454641826729,5.76482978655415));
#11700=CARTESIAN_POINT('Ctrl Pts',(-24.,8.78261772991193,5.66839542839091));
#11701=CARTESIAN_POINT('Ctrl Pts',(-24.,8.12175874602853,5.65705020978347));
#11702=CARTESIAN_POINT('Ctrl Pts',(-24.,8.18699375302131,5.75632087259857));
#11703=CARTESIAN_POINT('Ctrl Pts',(-24.,8.35149942282919,5.83290109819879));
#11704=CARTESIAN_POINT('Ctrl Pts',(-24.,8.45644269494802,5.83290109819879));
#11705=CARTESIAN_POINT('Origin',(-24.,24.7,0.));
#11706=CARTESIAN_POINT('Origin',(-24.,24.7,0.));
#11707=CARTESIAN_POINT('Ctrl Pts',(-24.,2.65052694628073,5.35923822133815));
#11708=CARTESIAN_POINT('Ctrl Pts',(-24.7,2.65052694628073,5.35923822133815));
#11709=CARTESIAN_POINT('Ctrl Pts',(-24.,2.65619955558445,5.62017824930928));
#11710=CARTESIAN_POINT('Ctrl Pts',(-24.7,2.65619955558445,5.62017824930928));
#11711=CARTESIAN_POINT('Ctrl Pts',(-24.,2.86324979517023,5.89529980053971));
#11712=CARTESIAN_POINT('Ctrl Pts',(-24.7,2.86324979517023,5.89529980053971));
#11713=CARTESIAN_POINT('Ctrl Pts',(-24.,3.07313633940788,5.89529980053971));
#11714=CARTESIAN_POINT('Ctrl Pts',(-24.7,3.07313633940788,5.89529980053971));
#11715=CARTESIAN_POINT('',(-24.7,3.07313633940788,5.89529980053971));
#11716=CARTESIAN_POINT('',(-24.7,3.07313633940788,5.89529980053971));
#11717=CARTESIAN_POINT('',(-24.7,2.65052694628073,5.35923822133815));
#11718=CARTESIAN_POINT('Ctrl Pts',(-24.7,2.65052694628073,5.35923822133815));
#11719=CARTESIAN_POINT('Ctrl Pts',(-24.7,2.65619955558445,5.62017824930928));
#11720=CARTESIAN_POINT('Ctrl Pts',(-24.7,2.86324979517023,5.89529980053971));
#11721=CARTESIAN_POINT('Ctrl Pts',(-24.7,3.07313633940788,5.89529980053971));
#11722=CARTESIAN_POINT('',(-24.7,2.65052694628073,5.35923822133815));
#11723=CARTESIAN_POINT('Origin',(-24.7,3.09866308127462,5.35923822133815));
#11724=CARTESIAN_POINT('',(-24.7,3.54679921626852,5.35923822133815));
#11725=CARTESIAN_POINT('',(-24.7,13.8993315406373,5.35923822133815));
#11726=CARTESIAN_POINT('',(-24.7,3.54679921626852,5.35923822133815));
#11727=CARTESIAN_POINT('Ctrl Pts',(-24.,3.07313633940788,5.89529980053971));
#11728=CARTESIAN_POINT('Ctrl Pts',(-24.7,3.07313633940788,5.89529980053971));
#11729=CARTESIAN_POINT('Ctrl Pts',(-24.,3.28869549294925,5.89529980053971));
#11730=CARTESIAN_POINT('Ctrl Pts',(-24.7,3.28869549294925,5.89529980053971));
#11731=CARTESIAN_POINT('Ctrl Pts',(-24.,3.53261769300921,5.60599672604998));
#11732=CARTESIAN_POINT('Ctrl Pts',(-24.7,3.53261769300922,5.60599672604998));
#11733=CARTESIAN_POINT('Ctrl Pts',(-24.,3.54679921626851,5.35923822133815));
#11734=CARTESIAN_POINT('Ctrl Pts',(-24.7,3.54679921626852,5.35923822133815));
#11735=CARTESIAN_POINT('Ctrl Pts',(-24.7,3.07313633940788,5.89529980053971));
#11736=CARTESIAN_POINT('Ctrl Pts',(-24.7,3.28869549294925,5.89529980053971));
#11737=CARTESIAN_POINT('Ctrl Pts',(-24.7,3.53261769300922,5.60599672604998));
#11738=CARTESIAN_POINT('Ctrl Pts',(-24.7,3.54679921626852,5.35923822133815));
#11739=CARTESIAN_POINT('Ctrl Pts',(-24.,5.27127248927878,5.03873579567796));
#11740=CARTESIAN_POINT('Ctrl Pts',(-24.7,5.27127248927879,5.03873579567796));
#11741=CARTESIAN_POINT('Ctrl Pts',(-24.,5.27127248927878,5.42447322833094));
#11742=CARTESIAN_POINT('Ctrl Pts',(-24.7,5.27127248927879,5.42447322833094));
#11743=CARTESIAN_POINT('Ctrl Pts',(-24.,5.48399533816829,5.77050239585787));
#11744=CARTESIAN_POINT('Ctrl Pts',(-24.7,5.48399533816829,5.77050239585787));
#11745=CARTESIAN_POINT('Ctrl Pts',(-24.,5.70806340566524,5.77050239585787));
#11746=CARTESIAN_POINT('Ctrl Pts',(-24.7,5.70806340566524,5.77050239585787));
#11747=CARTESIAN_POINT('',(-24.7,5.70806340566524,5.77050239585787));
#11748=CARTESIAN_POINT('',(-24.7,5.70806340566524,5.77050239585787));
#11749=CARTESIAN_POINT('',(-24.7,5.27127248927879,5.03873579567796));
#11750=CARTESIAN_POINT('Ctrl Pts',(-24.7,5.27127248927879,5.03873579567796));
#11751=CARTESIAN_POINT('Ctrl Pts',(-24.7,5.27127248927879,5.42447322833094));
#11752=CARTESIAN_POINT('Ctrl Pts',(-24.7,5.48399533816829,5.77050239585787));
#11753=CARTESIAN_POINT('Ctrl Pts',(-24.7,5.70806340566524,5.77050239585787));
#11754=CARTESIAN_POINT('',(-24.7,5.27127248927879,5.03873579567796));
#11755=CARTESIAN_POINT('Ctrl Pts',(-24.,5.80166145917662,4.25307940711272));
#11756=CARTESIAN_POINT('Ctrl Pts',(-24.7,5.80166145917662,4.25307940711272));
#11757=CARTESIAN_POINT('Ctrl Pts',(-24.,5.53221251724991,4.25307940711272));
#11758=CARTESIAN_POINT('Ctrl Pts',(-24.7,5.53221251724992,4.25307940711272));
#11759=CARTESIAN_POINT('Ctrl Pts',(-24.,5.27127248927878,4.64448944906941));
#11760=CARTESIAN_POINT('Ctrl Pts',(-24.7,5.27127248927879,4.64448944906941));
#11761=CARTESIAN_POINT('Ctrl Pts',(-24.,5.27127248927878,5.03873579567796));
#11762=CARTESIAN_POINT('Ctrl Pts',(-24.7,5.27127248927879,5.03873579567796));
#11763=CARTESIAN_POINT('',(-24.7,5.80166145917662,4.25307940711272));
#11764=CARTESIAN_POINT('Ctrl Pts',(-24.7,5.80166145917662,4.25307940711272));
#11765=CARTESIAN_POINT('Ctrl Pts',(-24.7,5.53221251724992,4.25307940711272));
#11766=CARTESIAN_POINT('Ctrl Pts',(-24.7,5.27127248927879,4.64448944906941));
#11767=CARTESIAN_POINT('Ctrl Pts',(-24.7,5.27127248927879,5.03873579567796));
#11768=CARTESIAN_POINT('',(-24.7,5.80166145917662,4.25307940711272));
#11769=CARTESIAN_POINT('Ctrl Pts',(-24.,6.09663714297007,4.3041328908462));
#11770=CARTESIAN_POINT('Ctrl Pts',(-24.7,6.09663714297007,4.3041328908462));
#11771=CARTESIAN_POINT('Ctrl Pts',(-24.,6.03707474528101,4.2757698443276));
#11772=CARTESIAN_POINT('Ctrl Pts',(-24.7,6.03707474528101,4.2757698443276));
#11773=CARTESIAN_POINT('Ctrl Pts',(-24.,5.89809581733987,4.25307940711272));
#11774=CARTESIAN_POINT('Ctrl Pts',(-24.7,5.89809581733987,4.25307940711272));
#11775=CARTESIAN_POINT('Ctrl Pts',(-24.,5.80166145917662,4.25307940711272));
#11776=CARTESIAN_POINT('Ctrl Pts',(-24.7,5.80166145917662,4.25307940711272));
#11777=CARTESIAN_POINT('',(-24.7,6.09663714297007,4.3041328908462));
#11778=CARTESIAN_POINT('Ctrl Pts',(-24.7,6.09663714297007,4.3041328908462));
#11779=CARTESIAN_POINT('Ctrl Pts',(-24.7,6.03707474528101,4.2757698443276));
#11780=CARTESIAN_POINT('Ctrl Pts',(-24.7,5.89809581733987,4.25307940711272));
#11781=CARTESIAN_POINT('Ctrl Pts',(-24.7,5.80166145917662,4.25307940711272));
#11782=CARTESIAN_POINT('',(-24.7,6.09663714297007,4.3041328908462));
#11783=CARTESIAN_POINT('Origin',(-24.7,6.09663714297007,4.96641002705553));
#11784=CARTESIAN_POINT('',(-24.7,6.09663714297007,5.62868716326486));
#11785=CARTESIAN_POINT('',(-24.7,6.09663714297008,2.48320501352776));
#11786=CARTESIAN_POINT('',(-24.7,6.09663714297007,5.62868716326486));
#11787=CARTESIAN_POINT('Ctrl Pts',(-24.,5.70806340566524,5.77050239585787));
#11788=CARTESIAN_POINT('Ctrl Pts',(-24.7,5.70806340566524,5.77050239585787));
#11789=CARTESIAN_POINT('Ctrl Pts',(-24.,5.80733406848034,5.77050239585787));
#11790=CARTESIAN_POINT('Ctrl Pts',(-24.7,5.80733406848034,5.77050239585787));
#11791=CARTESIAN_POINT('Ctrl Pts',(-24.,6.00303908945869,5.69959477956137));
#11792=CARTESIAN_POINT('Ctrl Pts',(-24.7,6.00303908945869,5.69959477956137));
#11793=CARTESIAN_POINT('Ctrl Pts',(-24.,6.09663714297007,5.62868716326486));
#11794=CARTESIAN_POINT('Ctrl Pts',(-24.7,6.09663714297007,5.62868716326486));
#11795=CARTESIAN_POINT('Ctrl Pts',(-24.7,5.70806340566524,5.77050239585787));
#11796=CARTESIAN_POINT('Ctrl Pts',(-24.7,5.80733406848034,5.77050239585787));
#11797=CARTESIAN_POINT('Ctrl Pts',(-24.7,6.00303908945869,5.69959477956137));
#11798=CARTESIAN_POINT('Ctrl Pts',(-24.7,6.09663714297007,5.62868716326486));
#11799=CARTESIAN_POINT('Ctrl Pts',(-24.,7.99128873204296,5.01320905381123));
#11800=CARTESIAN_POINT('Ctrl Pts',(-24.7,7.99128873204296,5.01320905381123));
#11801=CARTESIAN_POINT('Ctrl Pts',(-24.,7.99128873204296,5.24862233991561));
#11802=CARTESIAN_POINT('Ctrl Pts',(-24.7,7.99128873204296,5.24862233991561));
#11803=CARTESIAN_POINT('Ctrl Pts',(-24.,8.0593600436876,5.56345215627208));
#11804=CARTESIAN_POINT('Ctrl Pts',(-24.7,8.05936004368761,5.56345215627208));
#11805=CARTESIAN_POINT('Ctrl Pts',(-24.,8.12175874602853,5.65705020978347));
#11806=CARTESIAN_POINT('Ctrl Pts',(-24.7,8.12175874602853,5.65705020978347));
#11807=CARTESIAN_POINT('',(-24.7,8.12175874602853,5.65705020978347));
#11808=CARTESIAN_POINT('',(-24.7,8.12175874602853,5.65705020978347));
#11809=CARTESIAN_POINT('',(-24.7,7.99128873204296,5.01320905381123));
#11810=CARTESIAN_POINT('Ctrl Pts',(-24.7,7.99128873204296,5.01320905381123));
#11811=CARTESIAN_POINT('Ctrl Pts',(-24.7,7.99128873204296,5.24862233991561));
#11812=CARTESIAN_POINT('Ctrl Pts',(-24.7,8.05936004368761,5.56345215627208));
#11813=CARTESIAN_POINT('Ctrl Pts',(-24.7,8.12175874602853,5.65705020978347));
#11814=CARTESIAN_POINT('',(-24.7,7.99128873204296,5.01320905381123));
#11815=CARTESIAN_POINT('Ctrl Pts',(-24.,8.12459505068039,4.37787681179456));
#11816=CARTESIAN_POINT('Ctrl Pts',(-24.7,8.12459505068039,4.37787681179456));
#11817=CARTESIAN_POINT('Ctrl Pts',(-24.,8.0593600436876,4.47714747460967));
#11818=CARTESIAN_POINT('Ctrl Pts',(-24.7,8.05936004368761,4.47714747460967));
#11819=CARTESIAN_POINT('Ctrl Pts',(-24.,7.99128873204296,4.76361424444754));
#11820=CARTESIAN_POINT('Ctrl Pts',(-24.7,7.99128873204296,4.76361424444754));
#11821=CARTESIAN_POINT('Ctrl Pts',(-24.,7.99128873204296,5.01320905381123));
#11822=CARTESIAN_POINT('Ctrl Pts',(-24.7,7.99128873204296,5.01320905381123));
#11823=CARTESIAN_POINT('',(-24.7,8.12459505068039,4.37787681179456));
#11824=CARTESIAN_POINT('Ctrl Pts',(-24.7,8.12459505068039,4.37787681179456));
#11825=CARTESIAN_POINT('Ctrl Pts',(-24.7,8.05936004368761,4.47714747460967));
#11826=CARTESIAN_POINT('Ctrl Pts',(-24.7,7.99128873204296,4.76361424444754));
#11827=CARTESIAN_POINT('Ctrl Pts',(-24.7,7.99128873204296,5.01320905381123));
#11828=CARTESIAN_POINT('',(-24.7,8.12459505068039,4.37787681179456));
#11829=CARTESIAN_POINT('Ctrl Pts',(-24.,8.4507700856443,4.20769853268296));
#11830=CARTESIAN_POINT('Ctrl Pts',(-24.7,8.4507700856443,4.20769853268296));
#11831=CARTESIAN_POINT('Ctrl Pts',(-24.,8.36284464143663,4.20769853268296));
#11832=CARTESIAN_POINT('Ctrl Pts',(-24.7,8.36284464143664,4.20769853268296));
#11833=CARTESIAN_POINT('Ctrl Pts',(-24.,8.17848483906573,4.29278767223876));
#11834=CARTESIAN_POINT('Ctrl Pts',(-24.7,8.17848483906573,4.29278767223876));
#11835=CARTESIAN_POINT('Ctrl Pts',(-24.,8.12459505068039,4.37787681179456));
#11836=CARTESIAN_POINT('Ctrl Pts',(-24.7,8.12459505068039,4.37787681179456));
#11837=CARTESIAN_POINT('',(-24.7,8.4507700856443,4.20769853268296));
#11838=CARTESIAN_POINT('Ctrl Pts',(-24.7,8.4507700856443,4.20769853268296));
#11839=CARTESIAN_POINT('Ctrl Pts',(-24.7,8.36284464143664,4.20769853268296));
#11840=CARTESIAN_POINT('Ctrl Pts',(-24.7,8.17848483906573,4.29278767223876));
#11841=CARTESIAN_POINT('Ctrl Pts',(-24.7,8.12459505068039,4.37787681179456));
#11842=CARTESIAN_POINT('',(-24.7,8.4507700856443,4.20769853268296));
#11843=CARTESIAN_POINT('Ctrl Pts',(-24.,8.79396294851937,4.38354942109828));
#11844=CARTESIAN_POINT('Ctrl Pts',(-24.7,8.79396294851937,4.38354942109828));
#11845=CARTESIAN_POINT('Ctrl Pts',(-24.,8.73440055083031,4.29278767223876));
#11846=CARTESIAN_POINT('Ctrl Pts',(-24.7,8.73440055083031,4.29278767223876));
#11847=CARTESIAN_POINT('Ctrl Pts',(-24.,8.55854966241498,4.20769853268296));
#11848=CARTESIAN_POINT('Ctrl Pts',(-24.7,8.55854966241498,4.20769853268296));
#11849=CARTESIAN_POINT('Ctrl Pts',(-24.,8.4507700856443,4.20769853268296));
#11850=CARTESIAN_POINT('Ctrl Pts',(-24.7,8.4507700856443,4.20769853268296));
#11851=CARTESIAN_POINT('',(-24.7,8.79396294851937,4.38354942109828));
#11852=CARTESIAN_POINT('Ctrl Pts',(-24.7,8.79396294851937,4.38354942109828));
#11853=CARTESIAN_POINT('Ctrl Pts',(-24.7,8.73440055083031,4.29278767223876));
#11854=CARTESIAN_POINT('Ctrl Pts',(-24.7,8.55854966241498,4.20769853268296));
#11855=CARTESIAN_POINT('Ctrl Pts',(-24.7,8.4507700856443,4.20769853268296));
#11856=CARTESIAN_POINT('',(-24.7,8.79396294851937,4.38354942109828));
#11857=CARTESIAN_POINT('Ctrl Pts',(-24.,8.92159665785307,5.01320905381123));
#11858=CARTESIAN_POINT('Ctrl Pts',(-24.7,8.92159665785307,5.01320905381123));
#11859=CARTESIAN_POINT('Ctrl Pts',(-24.,8.92159665785307,4.77212315840312));
#11860=CARTESIAN_POINT('Ctrl Pts',(-24.7,8.92159665785307,4.77212315840312));
#11861=CARTESIAN_POINT('Ctrl Pts',(-24.,8.85068904155657,4.47431116995781));
#11862=CARTESIAN_POINT('Ctrl Pts',(-24.7,8.85068904155657,4.47431116995781));
#11863=CARTESIAN_POINT('Ctrl Pts',(-24.,8.79396294851937,4.38354942109828));
#11864=CARTESIAN_POINT('Ctrl Pts',(-24.7,8.79396294851937,4.38354942109828));
#11865=CARTESIAN_POINT('',(-24.7,8.92159665785307,5.01320905381123));
#11866=CARTESIAN_POINT('Ctrl Pts',(-24.7,8.92159665785307,5.01320905381123));
#11867=CARTESIAN_POINT('Ctrl Pts',(-24.7,8.92159665785307,4.77212315840312));
#11868=CARTESIAN_POINT('Ctrl Pts',(-24.7,8.85068904155657,4.47431116995781));
#11869=CARTESIAN_POINT('Ctrl Pts',(-24.7,8.79396294851937,4.38354942109828));
#11870=CARTESIAN_POINT('',(-24.7,8.92159665785307,5.01320905381123));
#11871=CARTESIAN_POINT('Ctrl Pts',(-24.,8.78261772991193,5.66839542839091));
#11872=CARTESIAN_POINT('Ctrl Pts',(-24.7,8.78261772991193,5.66839542839091));
#11873=CARTESIAN_POINT('Ctrl Pts',(-24.,8.84501643225285,5.57763367953138));
#11874=CARTESIAN_POINT('Ctrl Pts',(-24.7,8.84501643225285,5.57763367953138));
#11875=CARTESIAN_POINT('Ctrl Pts',(-24.,8.92159665785307,5.25713125387119));
#11876=CARTESIAN_POINT('Ctrl Pts',(-24.7,8.92159665785307,5.25713125387119));
#11877=CARTESIAN_POINT('Ctrl Pts',(-24.,8.92159665785307,5.01320905381123));
#11878=CARTESIAN_POINT('Ctrl Pts',(-24.7,8.92159665785307,5.01320905381123));
#11879=CARTESIAN_POINT('',(-24.7,8.78261772991193,5.66839542839091));
#11880=CARTESIAN_POINT('Ctrl Pts',(-24.7,8.78261772991193,5.66839542839091));
#11881=CARTESIAN_POINT('Ctrl Pts',(-24.7,8.84501643225285,5.57763367953138));
#11882=CARTESIAN_POINT('Ctrl Pts',(-24.7,8.92159665785307,5.25713125387119));
#11883=CARTESIAN_POINT('Ctrl Pts',(-24.7,8.92159665785307,5.01320905381123));
#11884=CARTESIAN_POINT('',(-24.7,8.78261772991193,5.66839542839091));
#11885=CARTESIAN_POINT('Ctrl Pts',(-24.,8.45644269494802,5.83290109819879));
#11886=CARTESIAN_POINT('Ctrl Pts',(-24.7,8.45644269494802,5.83290109819879));
#11887=CARTESIAN_POINT('Ctrl Pts',(-24.,8.55571335776312,5.83290109819879));
#11888=CARTESIAN_POINT('Ctrl Pts',(-24.7,8.55571335776312,5.83290109819879));
#11889=CARTESIAN_POINT('Ctrl Pts',(-24.,8.71454641826729,5.76482978655415));
#11890=CARTESIAN_POINT('Ctrl Pts',(-24.7,8.71454641826729,5.76482978655415));
#11891=CARTESIAN_POINT('Ctrl Pts',(-24.,8.78261772991193,5.66839542839091));
#11892=CARTESIAN_POINT('Ctrl Pts',(-24.7,8.78261772991193,5.66839542839091));
#11893=CARTESIAN_POINT('',(-24.7,8.45644269494802,5.83290109819879));
#11894=CARTESIAN_POINT('Ctrl Pts',(-24.7,8.45644269494802,5.83290109819879));
#11895=CARTESIAN_POINT('Ctrl Pts',(-24.7,8.55571335776312,5.83290109819879));
#11896=CARTESIAN_POINT('Ctrl Pts',(-24.7,8.71454641826729,5.76482978655415));
#11897=CARTESIAN_POINT('Ctrl Pts',(-24.7,8.78261772991193,5.66839542839091));
#11898=CARTESIAN_POINT('',(-24.7,8.45644269494802,5.83290109819879));
#11899=CARTESIAN_POINT('Ctrl Pts',(-24.,8.12175874602853,5.65705020978347));
#11900=CARTESIAN_POINT('Ctrl Pts',(-24.7,8.12175874602853,5.65705020978347));
#11901=CARTESIAN_POINT('Ctrl Pts',(-24.,8.18699375302131,5.75632087259857));
#11902=CARTESIAN_POINT('Ctrl Pts',(-24.7,8.18699375302131,5.75632087259857));
#11903=CARTESIAN_POINT('Ctrl Pts',(-24.,8.35149942282919,5.83290109819879));
#11904=CARTESIAN_POINT('Ctrl Pts',(-24.7,8.35149942282919,5.83290109819879));
#11905=CARTESIAN_POINT('Ctrl Pts',(-24.,8.45644269494802,5.83290109819879));
#11906=CARTESIAN_POINT('Ctrl Pts',(-24.7,8.45644269494802,5.83290109819879));
#11907=CARTESIAN_POINT('Ctrl Pts',(-24.7,8.12175874602853,5.65705020978347));
#11908=CARTESIAN_POINT('Ctrl Pts',(-24.7,8.18699375302131,5.75632087259857));
#11909=CARTESIAN_POINT('Ctrl Pts',(-24.7,8.35149942282919,5.83290109819879));
#11910=CARTESIAN_POINT('Ctrl Pts',(-24.7,8.45644269494802,5.83290109819879));
#11911=CARTESIAN_POINT('Origin',(-24.6999999999999,24.7,0.));
#11912=CARTESIAN_POINT('Origin',(-24.6999999999999,24.7,0.));
#11913=CARTESIAN_POINT('Origin',(-24.6999999999999,24.7,0.));
#11914=UNCERTAINTY_MEASURE_WITH_UNIT(LENGTH_MEASURE(0.01),#11918,
'DISTANCE_ACCURACY_VALUE',
'Maximum model space distance between geometric entities at asserted c
onnectivities');
#11915=UNCERTAINTY_MEASURE_WITH_UNIT(LENGTH_MEASURE(0.01),#11918,
'DISTANCE_ACCURACY_VALUE',
'Maximum model space distance between geometric entities at asserted c
onnectivities');
#11916=(
GEOMETRIC_REPRESENTATION_CONTEXT(3)
GLOBAL_UNCERTAINTY_ASSIGNED_CONTEXT((#11914))
GLOBAL_UNIT_ASSIGNED_CONTEXT((#11918,#11920,#11921))
REPRESENTATION_CONTEXT('','3D')
);
#11917=(
GEOMETRIC_REPRESENTATION_CONTEXT(3)
GLOBAL_UNCERTAINTY_ASSIGNED_CONTEXT((#11915))
GLOBAL_UNIT_ASSIGNED_CONTEXT((#11918,#11920,#11921))
REPRESENTATION_CONTEXT('','3D')
);
#11918=(
LENGTH_UNIT()
NAMED_UNIT(*)
SI_UNIT(.MILLI.,.METRE.)
);
#11919=(
LENGTH_UNIT()
NAMED_UNIT(*)
SI_UNIT(.CENTI.,.METRE.)
);
#11920=(
NAMED_UNIT(*)
PLANE_ANGLE_UNIT()
SI_UNIT($,.RADIAN.)
);
#11921=(
NAMED_UNIT(*)
SI_UNIT($,.STERADIAN.)
SOLID_ANGLE_UNIT()
);
#11922=SHAPE_DEFINITION_REPRESENTATION(#11923,#11924);
#11923=PRODUCT_DEFINITION_SHAPE('',$,#11926);
#11924=SHAPE_REPRESENTATION('',(#6436),#11916);
#11925=PRODUCT_DEFINITION_CONTEXT('part definition',#11930,'design');
#11926=PRODUCT_DEFINITION('PRT - 2021 - INSDICSPL+EMIFIL_WLS488UPP',
'PRT - 2021 - INSDICSPL+EMIFIL_WLS488UPP',#11927,#11925);
#11927=PRODUCT_DEFINITION_FORMATION('',$,#11932);
#11928=PRODUCT_RELATED_PRODUCT_CATEGORY(
'PRT - 2021 - INSDICSPL+EMIFIL_WLS488UPP',
'PRT - 2021 - INSDICSPL+EMIFIL_WLS488UPP',(#11932));
#11929=APPLICATION_PROTOCOL_DEFINITION('international standard',
'automotive_design',2009,#11930);
#11930=APPLICATION_CONTEXT(
'Core Data for Automotive Mechanical Design Process');
#11931=PRODUCT_CONTEXT('part definition',#11930,'mechanical');
#11932=PRODUCT('PRT - 2021 - INSDICSPL+EMIFIL_WLS488UPP',
'PRT - 2021 - INSDICSPL+EMIFIL_WLS488UPP',
'Insert beam splitter and filter upper part',(#11931));
#11933=PRESENTATION_STYLE_ASSIGNMENT((#11935));
#11934=PRESENTATION_STYLE_ASSIGNMENT((#11936));
#11935=SURFACE_STYLE_USAGE(.BOTH.,#11941);
#11936=SURFACE_STYLE_USAGE(.BOTH.,#11942);
#11937=SURFACE_STYLE_RENDERING_WITH_PROPERTIES($,#11949,(#11939));
#11938=SURFACE_STYLE_RENDERING_WITH_PROPERTIES($,#11950,(#11940));
#11939=SURFACE_STYLE_TRANSPARENT(0.);
#11940=SURFACE_STYLE_TRANSPARENT(0.);
#11941=SURFACE_SIDE_STYLE('',(#11943,#11937));
#11942=SURFACE_SIDE_STYLE('',(#11944,#11938));
#11943=SURFACE_STYLE_FILL_AREA(#11945);
#11944=SURFACE_STYLE_FILL_AREA(#11946);
#11945=FILL_AREA_STYLE('',(#11947));
#11946=FILL_AREA_STYLE('',(#11948));
#11947=FILL_AREA_STYLE_COLOUR('',#11949);
#11948=FILL_AREA_STYLE_COLOUR('',#11950);
#11949=COLOUR_RGB('',0.92156862745098,0.92156862745098,0.92156862745098);
#11950=COLOUR_RGB('',0.,0.,0.);
ENDSEC;
END-ISO-10303-21;
