ISO-10303-21;
HEADER;
/* Generated by software containing ST-Developer
 * from STEP Tools, Inc. (www.steptools.com) 
 */

FILE_DESCRIPTION(
/* description */ ('Base plate XYZ stage'),
/* implementation_level */ '2;1');

FILE_NAME(
/* name */ 'PRT - 1017 - BASXYZSTG - V04 - A.stp',
/* time_stamp */ '2026-09-22T14:46:40+02:00',
/* author */ ('benir'),
/* organization */ (''),
/* preprocessor_version */ 'ST-DEVELOPER v20',
/* originating_system */ 'Autodesk Inventor 2025',
/* authorisation */ '');

FILE_SCHEMA (('AUTOMOTIVE_DESIGN { 1 0 10303 214 3 1 1 }'));
ENDSEC;

DATA;
#10=MECHANICAL_DESIGN_GEOMETRIC_PRESENTATION_REPRESENTATION('',(#13),#4024);
#11=SHAPE_REPRESENTATION_RELATIONSHIP('SRR','None',#4031,#12);
#12=ADVANCED_BREP_SHAPE_REPRESENTATION('',(#14),#4023);
#13=STYLED_ITEM('',(#4040),#14);
#14=MANIFOLD_SOLID_BREP('additional puzzle piece',#2318);
#15=FACE_BOUND('',#428,.T.);
#16=FACE_BOUND('',#429,.T.);
#17=FACE_BOUND('',#430,.T.);
#18=FACE_BOUND('',#431,.T.);
#19=FACE_BOUND('',#432,.T.);
#20=FACE_BOUND('',#435,.T.);
#21=FACE_BOUND('',#436,.T.);
#22=FACE_BOUND('',#437,.T.);
#23=FACE_BOUND('',#438,.T.);
#24=FACE_BOUND('',#439,.T.);
#25=FACE_BOUND('',#440,.T.);
#26=FACE_BOUND('',#441,.T.);
#27=FACE_BOUND('',#442,.T.);
#28=FACE_BOUND('',#443,.T.);
#29=FACE_BOUND('',#444,.T.);
#30=FACE_BOUND('',#445,.T.);
#31=FACE_BOUND('',#446,.T.);
#32=FACE_BOUND('',#447,.T.);
#33=FACE_BOUND('',#448,.T.);
#34=FACE_BOUND('',#449,.T.);
#35=FACE_BOUND('',#450,.T.);
#36=FACE_BOUND('',#498,.T.);
#37=FACE_BOUND('',#499,.T.);
#38=FACE_BOUND('',#500,.T.);
#39=FACE_BOUND('',#501,.T.);
#40=FACE_BOUND('',#502,.T.);
#41=FACE_BOUND('',#503,.T.);
#42=FACE_BOUND('',#525,.T.);
#43=FACE_BOUND('',#528,.T.);
#44=FACE_BOUND('',#531,.T.);
#45=FACE_BOUND('',#534,.T.);
#46=FACE_BOUND('',#537,.T.);
#47=FACE_BOUND('',#546,.T.);
#48=FACE_BOUND('',#556,.T.);
#49=FACE_BOUND('',#560,.T.);
#50=FACE_BOUND('',#570,.T.);
#51=FACE_BOUND('',#574,.T.);
#52=FACE_BOUND('',#584,.T.);
#53=FACE_BOUND('',#588,.T.);
#54=FACE_BOUND('',#599,.T.);
#55=CYLINDRICAL_SURFACE('',#2352,0.5);
#56=CYLINDRICAL_SURFACE('',#2397,1.7);
#57=CYLINDRICAL_SURFACE('',#2401,1.7);
#58=CYLINDRICAL_SURFACE('',#2405,1.7);
#59=CYLINDRICAL_SURFACE('',#2410,1.4);
#60=CYLINDRICAL_SURFACE('',#2414,1.7);
#61=CYLINDRICAL_SURFACE('',#2419,1.4);
#62=CYLINDRICAL_SURFACE('',#2423,1.7);
#63=CYLINDRICAL_SURFACE('',#2428,1.4);
#64=CYLINDRICAL_SURFACE('',#2433,1.4);
#65=CYLINDRICAL_SURFACE('',#2438,1.4);
#66=CYLINDRICAL_SURFACE('',#2443,1.4);
#67=CYLINDRICAL_SURFACE('',#2454,1.4);
#68=CYLINDRICAL_SURFACE('',#2459,1.4);
#69=CYLINDRICAL_SURFACE('',#2464,1.4);
#70=CYLINDRICAL_SURFACE('',#2469,1.4);
#71=CYLINDRICAL_SURFACE('',#2485,0.5);
#72=CYLINDRICAL_SURFACE('',#2505,0.5);
#73=CYLINDRICAL_SURFACE('',#2507,0.5);
#74=CYLINDRICAL_SURFACE('',#2508,0.5);
#75=CYLINDRICAL_SURFACE('',#2510,0.5);
#76=CYLINDRICAL_SURFACE('',#2512,0.5);
#77=CYLINDRICAL_SURFACE('',#2514,0.5);
#78=CYLINDRICAL_SURFACE('',#2516,0.5);
#79=CYLINDRICAL_SURFACE('',#2520,3.);
#80=CYLINDRICAL_SURFACE('',#2523,3.);
#81=CYLINDRICAL_SURFACE('',#2526,3.);
#82=CYLINDRICAL_SURFACE('',#2529,3.);
#83=CYLINDRICAL_SURFACE('',#2532,3.);
#84=CYLINDRICAL_SURFACE('',#2545,2.45);
#85=CYLINDRICAL_SURFACE('',#2547,2.8);
#86=CYLINDRICAL_SURFACE('',#2549,2.8);
#87=CYLINDRICAL_SURFACE('',#2551,2.8);
#88=CYLINDRICAL_SURFACE('',#2553,2.65);
#89=CYLINDRICAL_SURFACE('',#2565,2.45);
#90=CYLINDRICAL_SURFACE('',#2567,2.8);
#91=CYLINDRICAL_SURFACE('',#2569,2.8);
#92=CYLINDRICAL_SURFACE('',#2571,2.8);
#93=CYLINDRICAL_SURFACE('',#2573,2.65);
#94=CYLINDRICAL_SURFACE('',#2585,2.45);
#95=CYLINDRICAL_SURFACE('',#2587,2.8);
#96=CYLINDRICAL_SURFACE('',#2589,2.8);
#97=CYLINDRICAL_SURFACE('',#2591,2.8);
#98=CYLINDRICAL_SURFACE('',#2593,2.65);
#99=CYLINDRICAL_SURFACE('',#2605,2.45);
#100=CYLINDRICAL_SURFACE('',#2607,2.8);
#101=CYLINDRICAL_SURFACE('',#2609,2.8);
#102=CYLINDRICAL_SURFACE('',#2611,2.8);
#103=CYLINDRICAL_SURFACE('',#2613,2.65);
#104=CIRCLE('',#2344,0.5);
#105=CIRCLE('',#2345,0.299999999999999);
#106=CIRCLE('',#2348,0.5);
#107=CIRCLE('',#2349,0.299999999999999);
#108=CIRCLE('',#2353,0.5);
#109=CIRCLE('',#2356,1.6);
#110=CIRCLE('',#2357,1.6);
#111=CIRCLE('',#2358,0.5);
#112=CIRCLE('',#2359,0.5);
#113=CIRCLE('',#2360,0.5);
#114=CIRCLE('',#2361,0.5);
#115=CIRCLE('',#2362,1.6);
#116=CIRCLE('',#2363,1.6);
#117=CIRCLE('',#2365,2.2);
#118=CIRCLE('',#2366,1.7);
#119=CIRCLE('',#2368,0.0999999999999984);
#120=CIRCLE('',#2369,0.0999999999999984);
#121=CIRCLE('',#2370,0.0999999999999984);
#122=CIRCLE('',#2371,2.2);
#123=CIRCLE('',#2372,1.9);
#124=CIRCLE('',#2373,1.9);
#125=CIRCLE('',#2374,1.9);
#126=CIRCLE('',#2375,1.9);
#127=CIRCLE('',#2376,0.5);
#128=CIRCLE('',#2377,0.5);
#129=CIRCLE('',#2378,0.5);
#130=CIRCLE('',#2379,0.5);
#131=CIRCLE('',#2380,2.8);
#132=CIRCLE('',#2381,2.8);
#133=CIRCLE('',#2382,2.8);
#134=CIRCLE('',#2383,2.8);
#135=CIRCLE('',#2384,2.8);
#136=CIRCLE('',#2385,2.8);
#137=CIRCLE('',#2386,2.8);
#138=CIRCLE('',#2387,2.8);
#139=CIRCLE('',#2388,2.8);
#140=CIRCLE('',#2389,2.8);
#141=CIRCLE('',#2390,2.8);
#142=CIRCLE('',#2391,2.8);
#143=CIRCLE('',#2392,1.9);
#144=CIRCLE('',#2393,1.9);
#145=CIRCLE('',#2394,2.2);
#146=CIRCLE('',#2395,2.2);
#147=CIRCLE('',#2396,2.2);
#148=CIRCLE('',#2398,1.7);
#149=CIRCLE('',#2400,1.7);
#150=CIRCLE('',#2402,1.7);
#151=CIRCLE('',#2404,1.7);
#152=CIRCLE('',#2406,1.7);
#153=CIRCLE('',#2408,1.4);
#154=CIRCLE('',#2409,1.4);
#155=CIRCLE('',#2411,1.4);
#156=CIRCLE('',#2413,1.7);
#157=CIRCLE('',#2415,1.7);
#158=CIRCLE('',#2417,1.4);
#159=CIRCLE('',#2418,1.4);
#160=CIRCLE('',#2420,1.4);
#161=CIRCLE('',#2422,1.7);
#162=CIRCLE('',#2424,1.7);
#163=CIRCLE('',#2426,1.4);
#164=CIRCLE('',#2427,1.4);
#165=CIRCLE('',#2429,1.4);
#166=CIRCLE('',#2431,1.4);
#167=CIRCLE('',#2432,1.4);
#168=CIRCLE('',#2434,1.4);
#169=CIRCLE('',#2436,1.4);
#170=CIRCLE('',#2437,1.4);
#171=CIRCLE('',#2439,1.4);
#172=CIRCLE('',#2441,1.4);
#173=CIRCLE('',#2442,1.4);
#174=CIRCLE('',#2444,1.4);
#175=CIRCLE('',#2452,1.4);
#176=CIRCLE('',#2453,1.4);
#177=CIRCLE('',#2455,1.4);
#178=CIRCLE('',#2457,1.4);
#179=CIRCLE('',#2458,1.4);
#180=CIRCLE('',#2460,1.4);
#181=CIRCLE('',#2462,1.4);
#182=CIRCLE('',#2463,1.4);
#183=CIRCLE('',#2465,1.4);
#184=CIRCLE('',#2467,1.4);
#185=CIRCLE('',#2468,1.4);
#186=CIRCLE('',#2470,1.4);
#187=CIRCLE('',#2473,0.5);
#188=CIRCLE('',#2474,0.0999999999999984);
#189=CIRCLE('',#2477,0.5);
#190=CIRCLE('',#2478,0.0999999999999984);
#191=CIRCLE('',#2481,0.5);
#192=CIRCLE('',#2482,0.0999999999999984);
#193=CIRCLE('',#2486,0.5);
#194=CIRCLE('',#2490,0.5);
#195=CIRCLE('',#2491,3.);
#196=CIRCLE('',#2492,3.);
#197=CIRCLE('',#2493,3.);
#198=CIRCLE('',#2494,3.);
#199=CIRCLE('',#2495,3.);
#200=CIRCLE('',#2498,0.5);
#201=CIRCLE('',#2501,0.5);
#202=CIRCLE('',#2519,3.);
#203=CIRCLE('',#2522,3.);
#204=CIRCLE('',#2525,3.);
#205=CIRCLE('',#2528,3.);
#206=CIRCLE('',#2531,3.);
#207=CIRCLE('',#2539,2.95);
#208=CIRCLE('',#2540,2.45);
#209=CIRCLE('',#2542,2.8);
#210=CIRCLE('',#2543,2.8);
#211=CIRCLE('',#2544,2.8);
#212=CIRCLE('',#2546,2.45);
#213=CIRCLE('',#2554,2.65);
#214=CIRCLE('',#2555,2.65);
#215=CIRCLE('',#2559,2.95);
#216=CIRCLE('',#2560,2.45);
#217=CIRCLE('',#2562,2.8);
#218=CIRCLE('',#2563,2.8);
#219=CIRCLE('',#2564,2.8);
#220=CIRCLE('',#2566,2.45);
#221=CIRCLE('',#2574,2.65);
#222=CIRCLE('',#2575,2.65);
#223=CIRCLE('',#2579,2.95);
#224=CIRCLE('',#2580,2.45);
#225=CIRCLE('',#2582,2.8);
#226=CIRCLE('',#2583,2.8);
#227=CIRCLE('',#2584,2.8);
#228=CIRCLE('',#2586,2.45);
#229=CIRCLE('',#2594,2.65);
#230=CIRCLE('',#2595,2.65);
#231=CIRCLE('',#2599,2.45);
#232=CIRCLE('',#2600,2.95);
#233=CIRCLE('',#2602,2.8);
#234=CIRCLE('',#2603,2.8);
#235=CIRCLE('',#2604,2.8);
#236=CIRCLE('',#2606,2.45);
#237=CIRCLE('',#2614,2.65);
#238=CIRCLE('',#2615,2.65);
#239=CONICAL_SURFACE('',#2343,0.4,0.78539816339745);
#240=CONICAL_SURFACE('',#2347,0.4,0.78539816339745);
#241=CONICAL_SURFACE('',#2364,1.95,0.785398163397451);
#242=CONICAL_SURFACE('',#2399,1.95,0.785398163397453);
#243=CONICAL_SURFACE('',#2403,1.95,0.785398163397451);
#244=CONICAL_SURFACE('',#2407,1.65,0.785398163397446);
#245=CONICAL_SURFACE('',#2412,1.95,0.785398163397451);
#246=CONICAL_SURFACE('',#2416,1.65,0.785398163397448);
#247=CONICAL_SURFACE('',#2421,1.95,0.785398163397453);
#248=CONICAL_SURFACE('',#2425,1.65,0.785398163397446);
#249=CONICAL_SURFACE('',#2430,1.65,0.785398163397446);
#250=CONICAL_SURFACE('',#2435,1.65,0.785398163397448);
#251=CONICAL_SURFACE('',#2440,1.65,0.785398163397448);
#252=CONICAL_SURFACE('',#2445,0.7,1.02974425867665);
#253=CONICAL_SURFACE('',#2446,0.7,1.02974425867665);
#254=CONICAL_SURFACE('',#2447,0.7,1.02974425867665);
#255=CONICAL_SURFACE('',#2448,0.7,1.02974425867665);
#256=CONICAL_SURFACE('',#2449,0.7,1.02974425867665);
#257=CONICAL_SURFACE('',#2450,0.7,1.02974425867665);
#258=CONICAL_SURFACE('',#2451,1.5,0.523598775598299);
#259=CONICAL_SURFACE('',#2456,1.5,0.523598775598299);
#260=CONICAL_SURFACE('',#2461,1.5,0.523598775598299);
#261=CONICAL_SURFACE('',#2466,1.5,0.523598775598299);
#262=CONICAL_SURFACE('',#2472,0.299999999999999,0.78539816339745);
#263=CONICAL_SURFACE('',#2476,0.299999999999999,0.78539816339745);
#264=CONICAL_SURFACE('',#2480,0.299999999999999,0.78539816339745);
#265=CONICAL_SURFACE('',#2497,0.299999999999999,0.78539816339745);
#266=CONICAL_SURFACE('',#2500,0.299999999999999,0.78539816339745);
#267=CONICAL_SURFACE('',#2503,0.299999999999999,0.78539816339745);
#268=CONICAL_SURFACE('',#2533,0.7,1.0471975511966);
#269=CONICAL_SURFACE('',#2534,0.7,1.0471975511966);
#270=CONICAL_SURFACE('',#2535,0.7,1.0471975511966);
#271=CONICAL_SURFACE('',#2536,0.7,1.0471975511966);
#272=CONICAL_SURFACE('',#2538,2.7,0.785398163397449);
#273=CONICAL_SURFACE('',#2558,2.7,0.785398163397449);
#274=CONICAL_SURFACE('',#2578,2.7,0.785398163397449);
#275=CONICAL_SURFACE('',#2598,2.7,0.785398163397449);
#276=FACE_OUTER_BOUND('',#418,.T.);
#277=FACE_OUTER_BOUND('',#419,.T.);
#278=FACE_OUTER_BOUND('',#420,.T.);
#279=FACE_OUTER_BOUND('',#421,.T.);
#280=FACE_OUTER_BOUND('',#422,.T.);
#281=FACE_OUTER_BOUND('',#423,.T.);
#282=FACE_OUTER_BOUND('',#424,.T.);
#283=FACE_OUTER_BOUND('',#425,.T.);
#284=FACE_OUTER_BOUND('',#426,.T.);
#285=FACE_OUTER_BOUND('',#427,.T.);
#286=FACE_OUTER_BOUND('',#433,.T.);
#287=FACE_OUTER_BOUND('',#434,.T.);
#288=FACE_OUTER_BOUND('',#451,.T.);
#289=FACE_OUTER_BOUND('',#452,.T.);
#290=FACE_OUTER_BOUND('',#453,.T.);
#291=FACE_OUTER_BOUND('',#454,.T.);
#292=FACE_OUTER_BOUND('',#455,.T.);
#293=FACE_OUTER_BOUND('',#456,.T.);
#294=FACE_OUTER_BOUND('',#457,.T.);
#295=FACE_OUTER_BOUND('',#458,.T.);
#296=FACE_OUTER_BOUND('',#459,.T.);
#297=FACE_OUTER_BOUND('',#460,.T.);
#298=FACE_OUTER_BOUND('',#461,.T.);
#299=FACE_OUTER_BOUND('',#462,.T.);
#300=FACE_OUTER_BOUND('',#463,.T.);
#301=FACE_OUTER_BOUND('',#464,.T.);
#302=FACE_OUTER_BOUND('',#465,.T.);
#303=FACE_OUTER_BOUND('',#466,.T.);
#304=FACE_OUTER_BOUND('',#467,.T.);
#305=FACE_OUTER_BOUND('',#468,.T.);
#306=FACE_OUTER_BOUND('',#469,.T.);
#307=FACE_OUTER_BOUND('',#470,.T.);
#308=FACE_OUTER_BOUND('',#471,.T.);
#309=FACE_OUTER_BOUND('',#472,.T.);
#310=FACE_OUTER_BOUND('',#473,.T.);
#311=FACE_OUTER_BOUND('',#474,.T.);
#312=FACE_OUTER_BOUND('',#475,.T.);
#313=FACE_OUTER_BOUND('',#476,.T.);
#314=FACE_OUTER_BOUND('',#477,.T.);
#315=FACE_OUTER_BOUND('',#478,.T.);
#316=FACE_OUTER_BOUND('',#479,.T.);
#317=FACE_OUTER_BOUND('',#480,.T.);
#318=FACE_OUTER_BOUND('',#481,.T.);
#319=FACE_OUTER_BOUND('',#482,.T.);
#320=FACE_OUTER_BOUND('',#483,.T.);
#321=FACE_OUTER_BOUND('',#484,.T.);
#322=FACE_OUTER_BOUND('',#485,.T.);
#323=FACE_OUTER_BOUND('',#486,.T.);
#324=FACE_OUTER_BOUND('',#487,.T.);
#325=FACE_OUTER_BOUND('',#488,.T.);
#326=FACE_OUTER_BOUND('',#489,.T.);
#327=FACE_OUTER_BOUND('',#490,.T.);
#328=FACE_OUTER_BOUND('',#491,.T.);
#329=FACE_OUTER_BOUND('',#492,.T.);
#330=FACE_OUTER_BOUND('',#493,.T.);
#331=FACE_OUTER_BOUND('',#494,.T.);
#332=FACE_OUTER_BOUND('',#495,.T.);
#333=FACE_OUTER_BOUND('',#496,.T.);
#334=FACE_OUTER_BOUND('',#497,.T.);
#335=FACE_OUTER_BOUND('',#504,.T.);
#336=FACE_OUTER_BOUND('',#505,.T.);
#337=FACE_OUTER_BOUND('',#506,.T.);
#338=FACE_OUTER_BOUND('',#507,.T.);
#339=FACE_OUTER_BOUND('',#508,.T.);
#340=FACE_OUTER_BOUND('',#509,.T.);
#341=FACE_OUTER_BOUND('',#510,.T.);
#342=FACE_OUTER_BOUND('',#511,.T.);
#343=FACE_OUTER_BOUND('',#512,.T.);
#344=FACE_OUTER_BOUND('',#513,.T.);
#345=FACE_OUTER_BOUND('',#514,.T.);
#346=FACE_OUTER_BOUND('',#515,.T.);
#347=FACE_OUTER_BOUND('',#516,.T.);
#348=FACE_OUTER_BOUND('',#517,.T.);
#349=FACE_OUTER_BOUND('',#518,.T.);
#350=FACE_OUTER_BOUND('',#519,.T.);
#351=FACE_OUTER_BOUND('',#520,.T.);
#352=FACE_OUTER_BOUND('',#521,.T.);
#353=FACE_OUTER_BOUND('',#522,.T.);
#354=FACE_OUTER_BOUND('',#523,.T.);
#355=FACE_OUTER_BOUND('',#524,.T.);
#356=FACE_OUTER_BOUND('',#526,.T.);
#357=FACE_OUTER_BOUND('',#527,.T.);
#358=FACE_OUTER_BOUND('',#529,.T.);
#359=FACE_OUTER_BOUND('',#530,.T.);
#360=FACE_OUTER_BOUND('',#532,.T.);
#361=FACE_OUTER_BOUND('',#533,.T.);
#362=FACE_OUTER_BOUND('',#535,.T.);
#363=FACE_OUTER_BOUND('',#536,.T.);
#364=FACE_OUTER_BOUND('',#538,.T.);
#365=FACE_OUTER_BOUND('',#539,.T.);
#366=FACE_OUTER_BOUND('',#540,.T.);
#367=FACE_OUTER_BOUND('',#541,.T.);
#368=FACE_OUTER_BOUND('',#542,.T.);
#369=FACE_OUTER_BOUND('',#543,.T.);
#370=FACE_OUTER_BOUND('',#544,.T.);
#371=FACE_OUTER_BOUND('',#545,.T.);
#372=FACE_OUTER_BOUND('',#547,.T.);
#373=FACE_OUTER_BOUND('',#548,.T.);
#374=FACE_OUTER_BOUND('',#549,.T.);
#375=FACE_OUTER_BOUND('',#550,.T.);
#376=FACE_OUTER_BOUND('',#551,.T.);
#377=FACE_OUTER_BOUND('',#552,.T.);
#378=FACE_OUTER_BOUND('',#553,.T.);
#379=FACE_OUTER_BOUND('',#554,.T.);
#380=FACE_OUTER_BOUND('',#555,.T.);
#381=FACE_OUTER_BOUND('',#557,.T.);
#382=FACE_OUTER_BOUND('',#558,.T.);
#383=FACE_OUTER_BOUND('',#559,.T.);
#384=FACE_OUTER_BOUND('',#561,.T.);
#385=FACE_OUTER_BOUND('',#562,.T.);
#386=FACE_OUTER_BOUND('',#563,.T.);
#387=FACE_OUTER_BOUND('',#564,.T.);
#388=FACE_OUTER_BOUND('',#565,.T.);
#389=FACE_OUTER_BOUND('',#566,.T.);
#390=FACE_OUTER_BOUND('',#567,.T.);
#391=FACE_OUTER_BOUND('',#568,.T.);
#392=FACE_OUTER_BOUND('',#569,.T.);
#393=FACE_OUTER_BOUND('',#571,.T.);
#394=FACE_OUTER_BOUND('',#572,.T.);
#395=FACE_OUTER_BOUND('',#573,.T.);
#396=FACE_OUTER_BOUND('',#575,.T.);
#397=FACE_OUTER_BOUND('',#576,.T.);
#398=FACE_OUTER_BOUND('',#577,.T.);
#399=FACE_OUTER_BOUND('',#578,.T.);
#400=FACE_OUTER_BOUND('',#579,.T.);
#401=FACE_OUTER_BOUND('',#580,.T.);
#402=FACE_OUTER_BOUND('',#581,.T.);
#403=FACE_OUTER_BOUND('',#582,.T.);
#404=FACE_OUTER_BOUND('',#583,.T.);
#405=FACE_OUTER_BOUND('',#585,.T.);
#406=FACE_OUTER_BOUND('',#586,.T.);
#407=FACE_OUTER_BOUND('',#587,.T.);
#408=FACE_OUTER_BOUND('',#589,.T.);
#409=FACE_OUTER_BOUND('',#590,.T.);
#410=FACE_OUTER_BOUND('',#591,.T.);
#411=FACE_OUTER_BOUND('',#592,.T.);
#412=FACE_OUTER_BOUND('',#593,.T.);
#413=FACE_OUTER_BOUND('',#594,.T.);
#414=FACE_OUTER_BOUND('',#595,.T.);
#415=FACE_OUTER_BOUND('',#596,.T.);
#416=FACE_OUTER_BOUND('',#597,.T.);
#417=FACE_OUTER_BOUND('',#598,.T.);
#418=EDGE_LOOP('',(#1486,#1487,#1488,#1489));
#419=EDGE_LOOP('',(#1490,#1491,#1492,#1493));
#420=EDGE_LOOP('',(#1494,#1495,#1496,#1497));
#421=EDGE_LOOP('',(#1498,#1499,#1500,#1501));
#422=EDGE_LOOP('',(#1502,#1503,#1504,#1505));
#423=EDGE_LOOP('',(#1506,#1507,#1508,#1509));
#424=EDGE_LOOP('',(#1510,#1511,#1512,#1513));
#425=EDGE_LOOP('',(#1514,#1515,#1516,#1517));
#426=EDGE_LOOP('',(#1518,#1519,#1520,#1521));
#427=EDGE_LOOP('',(#1522,#1523,#1524,#1525,#1526,#1527));
#428=EDGE_LOOP('',(#1528));
#429=EDGE_LOOP('',(#1529));
#430=EDGE_LOOP('',(#1530,#1531,#1532,#1533,#1534,#1535,#1536,#1537));
#431=EDGE_LOOP('',(#1538));
#432=EDGE_LOOP('',(#1539));
#433=EDGE_LOOP('',(#1540,#1541,#1542,#1543));
#434=EDGE_LOOP('',(#1544,#1545,#1546,#1547,#1548,#1549,#1550));
#435=EDGE_LOOP('',(#1551));
#436=EDGE_LOOP('',(#1552));
#437=EDGE_LOOP('',(#1553));
#438=EDGE_LOOP('',(#1554));
#439=EDGE_LOOP('',(#1555));
#440=EDGE_LOOP('',(#1556,#1557,#1558,#1559,#1560,#1561,#1562,#1563));
#441=EDGE_LOOP('',(#1564,#1565,#1566,#1567,#1568,#1569));
#442=EDGE_LOOP('',(#1570,#1571,#1572,#1573,#1574,#1575));
#443=EDGE_LOOP('',(#1576,#1577,#1578,#1579,#1580,#1581));
#444=EDGE_LOOP('',(#1582,#1583,#1584,#1585,#1586,#1587));
#445=EDGE_LOOP('',(#1588));
#446=EDGE_LOOP('',(#1589));
#447=EDGE_LOOP('',(#1590));
#448=EDGE_LOOP('',(#1591));
#449=EDGE_LOOP('',(#1592));
#450=EDGE_LOOP('',(#1593));
#451=EDGE_LOOP('',(#1594,#1595,#1596,#1597));
#452=EDGE_LOOP('',(#1598,#1599,#1600,#1601));
#453=EDGE_LOOP('',(#1602,#1603,#1604,#1605));
#454=EDGE_LOOP('',(#1606,#1607,#1608,#1609));
#455=EDGE_LOOP('',(#1610,#1611,#1612,#1613));
#456=EDGE_LOOP('',(#1614,#1615,#1616,#1617,#1618));
#457=EDGE_LOOP('',(#1619,#1620,#1621,#1622,#1623));
#458=EDGE_LOOP('',(#1624,#1625,#1626,#1627));
#459=EDGE_LOOP('',(#1628,#1629,#1630,#1631));
#460=EDGE_LOOP('',(#1632,#1633,#1634,#1635,#1636));
#461=EDGE_LOOP('',(#1637,#1638,#1639,#1640,#1641));
#462=EDGE_LOOP('',(#1642,#1643,#1644,#1645));
#463=EDGE_LOOP('',(#1646,#1647,#1648,#1649));
#464=EDGE_LOOP('',(#1650,#1651,#1652,#1653,#1654));
#465=EDGE_LOOP('',(#1655,#1656,#1657,#1658,#1659));
#466=EDGE_LOOP('',(#1660,#1661,#1662,#1663,#1664));
#467=EDGE_LOOP('',(#1665,#1666,#1667,#1668,#1669));
#468=EDGE_LOOP('',(#1670,#1671,#1672,#1673,#1674));
#469=EDGE_LOOP('',(#1675,#1676,#1677,#1678,#1679));
#470=EDGE_LOOP('',(#1680,#1681,#1682,#1683,#1684));
#471=EDGE_LOOP('',(#1685,#1686,#1687,#1688,#1689));
#472=EDGE_LOOP('',(#1690,#1691,#1692));
#473=EDGE_LOOP('',(#1693,#1694,#1695));
#474=EDGE_LOOP('',(#1696,#1697,#1698));
#475=EDGE_LOOP('',(#1699,#1700,#1701));
#476=EDGE_LOOP('',(#1702,#1703,#1704));
#477=EDGE_LOOP('',(#1705,#1706,#1707));
#478=EDGE_LOOP('',(#1708,#1709,#1710,#1711,#1712));
#479=EDGE_LOOP('',(#1713,#1714,#1715,#1716,#1717));
#480=EDGE_LOOP('',(#1718,#1719,#1720,#1721,#1722));
#481=EDGE_LOOP('',(#1723,#1724,#1725,#1726,#1727));
#482=EDGE_LOOP('',(#1728,#1729,#1730,#1731,#1732));
#483=EDGE_LOOP('',(#1733,#1734,#1735,#1736,#1737));
#484=EDGE_LOOP('',(#1738,#1739,#1740,#1741,#1742));
#485=EDGE_LOOP('',(#1743,#1744,#1745,#1746,#1747));
#486=EDGE_LOOP('',(#1748,#1749,#1750,#1751));
#487=EDGE_LOOP('',(#1752,#1753,#1754,#1755));
#488=EDGE_LOOP('',(#1756,#1757,#1758,#1759));
#489=EDGE_LOOP('',(#1760,#1761,#1762,#1763));
#490=EDGE_LOOP('',(#1764,#1765,#1766,#1767));
#491=EDGE_LOOP('',(#1768,#1769,#1770,#1771));
#492=EDGE_LOOP('',(#1772,#1773,#1774,#1775));
#493=EDGE_LOOP('',(#1776,#1777,#1778,#1779));
#494=EDGE_LOOP('',(#1780,#1781,#1782,#1783));
#495=EDGE_LOOP('',(#1784,#1785,#1786,#1787));
#496=EDGE_LOOP('',(#1788,#1789,#1790,#1791));
#497=EDGE_LOOP('',(#1792,#1793,#1794,#1795,#1796,#1797,#1798));
#498=EDGE_LOOP('',(#1799,#1800,#1801,#1802,#1803,#1804));
#499=EDGE_LOOP('',(#1805));
#500=EDGE_LOOP('',(#1806));
#501=EDGE_LOOP('',(#1807));
#502=EDGE_LOOP('',(#1808));
#503=EDGE_LOOP('',(#1809));
#504=EDGE_LOOP('',(#1810,#1811,#1812,#1813));
#505=EDGE_LOOP('',(#1814,#1815,#1816,#1817));
#506=EDGE_LOOP('',(#1818,#1819,#1820,#1821));
#507=EDGE_LOOP('',(#1822,#1823,#1824,#1825));
#508=EDGE_LOOP('',(#1826,#1827,#1828,#1829));
#509=EDGE_LOOP('',(#1830,#1831,#1832,#1833));
#510=EDGE_LOOP('',(#1834,#1835,#1836,#1837));
#511=EDGE_LOOP('',(#1838,#1839,#1840,#1841));
#512=EDGE_LOOP('',(#1842,#1843,#1844,#1845));
#513=EDGE_LOOP('',(#1846,#1847,#1848,#1849));
#514=EDGE_LOOP('',(#1850,#1851,#1852,#1853));
#515=EDGE_LOOP('',(#1854,#1855,#1856,#1857));
#516=EDGE_LOOP('',(#1858,#1859,#1860,#1861));
#517=EDGE_LOOP('',(#1862,#1863,#1864,#1865));
#518=EDGE_LOOP('',(#1866,#1867,#1868,#1869));
#519=EDGE_LOOP('',(#1870,#1871,#1872,#1873));
#520=EDGE_LOOP('',(#1874,#1875,#1876,#1877));
#521=EDGE_LOOP('',(#1878,#1879,#1880,#1881));
#522=EDGE_LOOP('',(#1882,#1883,#1884,#1885));
#523=EDGE_LOOP('',(#1886,#1887,#1888,#1889));
#524=EDGE_LOOP('',(#1890));
#525=EDGE_LOOP('',(#1891));
#526=EDGE_LOOP('',(#1892,#1893,#1894,#1895));
#527=EDGE_LOOP('',(#1896));
#528=EDGE_LOOP('',(#1897));
#529=EDGE_LOOP('',(#1898,#1899,#1900,#1901));
#530=EDGE_LOOP('',(#1902));
#531=EDGE_LOOP('',(#1903));
#532=EDGE_LOOP('',(#1904,#1905,#1906,#1907));
#533=EDGE_LOOP('',(#1908));
#534=EDGE_LOOP('',(#1909));
#535=EDGE_LOOP('',(#1910,#1911,#1912,#1913));
#536=EDGE_LOOP('',(#1914));
#537=EDGE_LOOP('',(#1915));
#538=EDGE_LOOP('',(#1916,#1917,#1918,#1919));
#539=EDGE_LOOP('',(#1920,#1921,#1922));
#540=EDGE_LOOP('',(#1923,#1924,#1925));
#541=EDGE_LOOP('',(#1926,#1927,#1928));
#542=EDGE_LOOP('',(#1929,#1930,#1931));
#543=EDGE_LOOP('',(#1932,#1933,#1934,#1935));
#544=EDGE_LOOP('',(#1936,#1937,#1938,#1939));
#545=EDGE_LOOP('',(#1940,#1941,#1942,#1943,#1944,#1945));
#546=EDGE_LOOP('',(#1946));
#547=EDGE_LOOP('',(#1947,#1948,#1949,#1950));
#548=EDGE_LOOP('',(#1951,#1952,#1953,#1954));
#549=EDGE_LOOP('',(#1955,#1956,#1957,#1958));
#550=EDGE_LOOP('',(#1959,#1960,#1961,#1962));
#551=EDGE_LOOP('',(#1963,#1964,#1965,#1966));
#552=EDGE_LOOP('',(#1967,#1968,#1969,#1970));
#553=EDGE_LOOP('',(#1971,#1972,#1973,#1974));
#554=EDGE_LOOP('',(#1975,#1976,#1977,#1978));
#555=EDGE_LOOP('',(#1979));
#556=EDGE_LOOP('',(#1980));
#557=EDGE_LOOP('',(#1981));
#558=EDGE_LOOP('',(#1982,#1983,#1984,#1985));
#559=EDGE_LOOP('',(#1986,#1987,#1988,#1989,#1990,#1991));
#560=EDGE_LOOP('',(#1992));
#561=EDGE_LOOP('',(#1993,#1994,#1995,#1996));
#562=EDGE_LOOP('',(#1997,#1998,#1999,#2000));
#563=EDGE_LOOP('',(#2001,#2002,#2003,#2004));
#564=EDGE_LOOP('',(#2005,#2006,#2007,#2008));
#565=EDGE_LOOP('',(#2009,#2010,#2011,#2012));
#566=EDGE_LOOP('',(#2013,#2014,#2015,#2016));
#567=EDGE_LOOP('',(#2017,#2018,#2019,#2020));
#568=EDGE_LOOP('',(#2021,#2022,#2023,#2024));
#569=EDGE_LOOP('',(#2025));
#570=EDGE_LOOP('',(#2026));
#571=EDGE_LOOP('',(#2027));
#572=EDGE_LOOP('',(#2028,#2029,#2030,#2031));
#573=EDGE_LOOP('',(#2032,#2033,#2034,#2035,#2036,#2037));
#574=EDGE_LOOP('',(#2038));
#575=EDGE_LOOP('',(#2039,#2040,#2041,#2042));
#576=EDGE_LOOP('',(#2043,#2044,#2045,#2046));
#577=EDGE_LOOP('',(#2047,#2048,#2049,#2050));
#578=EDGE_LOOP('',(#2051,#2052,#2053,#2054));
#579=EDGE_LOOP('',(#2055,#2056,#2057,#2058));
#580=EDGE_LOOP('',(#2059,#2060,#2061,#2062));
#581=EDGE_LOOP('',(#2063,#2064,#2065,#2066));
#582=EDGE_LOOP('',(#2067,#2068,#2069,#2070));
#583=EDGE_LOOP('',(#2071));
#584=EDGE_LOOP('',(#2072));
#585=EDGE_LOOP('',(#2073));
#586=EDGE_LOOP('',(#2074,#2075,#2076,#2077));
#587=EDGE_LOOP('',(#2078,#2079,#2080,#2081,#2082,#2083));
#588=EDGE_LOOP('',(#2084));
#589=EDGE_LOOP('',(#2085,#2086,#2087,#2088));
#590=EDGE_LOOP('',(#2089,#2090,#2091,#2092));
#591=EDGE_LOOP('',(#2093,#2094,#2095,#2096));
#592=EDGE_LOOP('',(#2097,#2098,#2099,#2100));
#593=EDGE_LOOP('',(#2101,#2102,#2103,#2104));
#594=EDGE_LOOP('',(#2105,#2106,#2107,#2108));
#595=EDGE_LOOP('',(#2109,#2110,#2111,#2112));
#596=EDGE_LOOP('',(#2113,#2114,#2115,#2116));
#597=EDGE_LOOP('',(#2117));
#598=EDGE_LOOP('',(#2118));
#599=EDGE_LOOP('',(#2119));
#600=LINE('',#3360,#782);
#601=LINE('',#3362,#783);
#602=LINE('',#3364,#784);
#603=LINE('',#3365,#785);
#604=LINE('',#3369,#786);
#605=LINE('',#3371,#787);
#606=LINE('',#3373,#788);
#607=LINE('',#3374,#789);
#608=LINE('',#3379,#790);
#609=LINE('',#3382,#791);
#610=LINE('',#3383,#792);
#611=LINE('',#3388,#793);
#612=LINE('',#3391,#794);
#613=LINE('',#3392,#795);
#614=LINE('',#3395,#796);
#615=LINE('',#3397,#797);
#616=LINE('',#3398,#798);
#617=LINE('',#3401,#799);
#618=LINE('',#3405,#800);
#619=LINE('',#3406,#801);
#620=LINE('',#3414,#802);
#621=LINE('',#3418,#803);
#622=LINE('',#3422,#804);
#623=LINE('',#3426,#805);
#624=LINE('',#3436,#806);
#625=LINE('',#3441,#807);
#626=LINE('',#3445,#808);
#627=LINE('',#3449,#809);
#628=LINE('',#3452,#810);
#629=LINE('',#3465,#811);
#630=LINE('',#3469,#812);
#631=LINE('',#3473,#813);
#632=LINE('',#3477,#814);
#633=LINE('',#3483,#815);
#634=LINE('',#3487,#816);
#635=LINE('',#3490,#817);
#636=LINE('',#3495,#818);
#637=LINE('',#3499,#819);
#638=LINE('',#3502,#820);
#639=LINE('',#3507,#821);
#640=LINE('',#3511,#822);
#641=LINE('',#3514,#823);
#642=LINE('',#3519,#824);
#643=LINE('',#3523,#825);
#644=LINE('',#3526,#826);
#645=LINE('',#3540,#827);
#646=LINE('',#3543,#828);
#647=LINE('',#3548,#829);
#648=LINE('',#3551,#830);
#649=LINE('',#3556,#831);
#650=LINE('',#3559,#832);
#651=LINE('',#3565,#833);
#652=LINE('',#3569,#834);
#653=LINE('',#3574,#835);
#654=LINE('',#3577,#836);
#655=LINE('',#3583,#837);
#656=LINE('',#3587,#838);
#657=LINE('',#3592,#839);
#658=LINE('',#3595,#840);
#659=LINE('',#3601,#841);
#660=LINE('',#3605,#842);
#661=LINE('',#3611,#843);
#662=LINE('',#3615,#844);
#663=LINE('',#3621,#845);
#664=LINE('',#3625,#846);
#665=LINE('',#3631,#847);
#666=LINE('',#3635,#848);
#667=LINE('',#3638,#849);
#668=LINE('',#3641,#850);
#669=LINE('',#3644,#851);
#670=LINE('',#3647,#852);
#671=LINE('',#3650,#853);
#672=LINE('',#3653,#854);
#673=LINE('',#3659,#855);
#674=LINE('',#3663,#856);
#675=LINE('',#3669,#857);
#676=LINE('',#3673,#858);
#677=LINE('',#3679,#859);
#678=LINE('',#3683,#860);
#679=LINE('',#3689,#861);
#680=LINE('',#3694,#862);
#681=LINE('',#3696,#863);
#682=LINE('',#3698,#864);
#683=LINE('',#3699,#865);
#684=LINE('',#3703,#866);
#685=LINE('',#3709,#867);
#686=LINE('',#3710,#868);
#687=LINE('',#3711,#869);
#688=LINE('',#3715,#870);
#689=LINE('',#3721,#871);
#690=LINE('',#3722,#872);
#691=LINE('',#3723,#873);
#692=LINE('',#3727,#874);
#693=LINE('',#3731,#875);
#694=LINE('',#3732,#876);
#695=LINE('',#3735,#877);
#696=LINE('',#3737,#878);
#697=LINE('',#3738,#879);
#698=LINE('',#3741,#880);
#699=LINE('',#3745,#881);
#700=LINE('',#3746,#882);
#701=LINE('',#3749,#883);
#702=LINE('',#3750,#884);
#703=LINE('',#3753,#885);
#704=LINE('',#3755,#886);
#705=LINE('',#3768,#887);
#706=LINE('',#3769,#888);
#707=LINE('',#3773,#889);
#708=LINE('',#3776,#890);
#709=LINE('',#3777,#891);
#710=LINE('',#3780,#892);
#711=LINE('',#3782,#893);
#712=LINE('',#3784,#894);
#713=LINE('',#3787,#895);
#714=LINE('',#3789,#896);
#715=LINE('',#3792,#897);
#716=LINE('',#3793,#898);
#717=LINE('',#3795,#899);
#718=LINE('',#3797,#900);
#719=LINE('',#3798,#901);
#720=LINE('',#3801,#902);
#721=LINE('',#3803,#903);
#722=LINE('',#3805,#904);
#723=LINE('',#3808,#905);
#724=LINE('',#3809,#906);
#725=LINE('',#3815,#907);
#726=LINE('',#3820,#908);
#727=LINE('',#3825,#909);
#728=LINE('',#3830,#910);
#729=LINE('',#3835,#911);
#730=LINE('',#3838,#912);
#731=LINE('',#3841,#913);
#732=LINE('',#3844,#914);
#733=LINE('',#3847,#915);
#734=LINE('',#3853,#916);
#735=LINE('',#3858,#917);
#736=LINE('',#3862,#918);
#737=LINE('',#3866,#919);
#738=LINE('',#3870,#920);
#739=LINE('',#3873,#921);
#740=LINE('',#3874,#922);
#741=LINE('',#3876,#923);
#742=LINE('',#3878,#924);
#743=LINE('',#3880,#925);
#744=LINE('',#3882,#926);
#745=LINE('',#3888,#927);
#746=LINE('',#3896,#928);
#747=LINE('',#3901,#929);
#748=LINE('',#3905,#930);
#749=LINE('',#3909,#931);
#750=LINE('',#3913,#932);
#751=LINE('',#3916,#933);
#752=LINE('',#3917,#934);
#753=LINE('',#3919,#935);
#754=LINE('',#3921,#936);
#755=LINE('',#3923,#937);
#756=LINE('',#3925,#938);
#757=LINE('',#3931,#939);
#758=LINE('',#3939,#940);
#759=LINE('',#3944,#941);
#760=LINE('',#3948,#942);
#761=LINE('',#3952,#943);
#762=LINE('',#3956,#944);
#763=LINE('',#3959,#945);
#764=LINE('',#3960,#946);
#765=LINE('',#3962,#947);
#766=LINE('',#3964,#948);
#767=LINE('',#3966,#949);
#768=LINE('',#3968,#950);
#769=LINE('',#3974,#951);
#770=LINE('',#3982,#952);
#771=LINE('',#3987,#953);
#772=LINE('',#3991,#954);
#773=LINE('',#3995,#955);
#774=LINE('',#3999,#956);
#775=LINE('',#4002,#957);
#776=LINE('',#4003,#958);
#777=LINE('',#4005,#959);
#778=LINE('',#4007,#960);
#779=LINE('',#4009,#961);
#780=LINE('',#4011,#962);
#781=LINE('',#4017,#963);
#782=VECTOR('',#2622,10.);
#783=VECTOR('',#2623,10.);
#784=VECTOR('',#2624,10.);
#785=VECTOR('',#2625,10.);
#786=VECTOR('',#2628,10.);
#787=VECTOR('',#2629,10.);
#788=VECTOR('',#2630,10.);
#789=VECTOR('',#2631,10.);
#790=VECTOR('',#2636,10.);
#791=VECTOR('',#2641,10.);
#792=VECTOR('',#2642,10.);
#793=VECTOR('',#2647,10.);
#794=VECTOR('',#2652,10.);
#795=VECTOR('',#2653,10.);
#796=VECTOR('',#2656,10.);
#797=VECTOR('',#2657,10.);
#798=VECTOR('',#2658,10.);
#799=VECTOR('',#2661,10.);
#800=VECTOR('',#2666,10.);
#801=VECTOR('',#2667,10.);
#802=VECTOR('',#2674,10.);
#803=VECTOR('',#2677,10.);
#804=VECTOR('',#2680,10.);
#805=VECTOR('',#2683,10.);
#806=VECTOR('',#2694,1.95);
#807=VECTOR('',#2699,10.);
#808=VECTOR('',#2702,10.);
#809=VECTOR('',#2705,10.);
#810=VECTOR('',#2708,10.);
#811=VECTOR('',#2719,10.);
#812=VECTOR('',#2722,10.);
#813=VECTOR('',#2725,10.);
#814=VECTOR('',#2728,10.);
#815=VECTOR('',#2733,10.);
#816=VECTOR('',#2736,10.);
#817=VECTOR('',#2739,10.);
#818=VECTOR('',#2742,10.);
#819=VECTOR('',#2745,10.);
#820=VECTOR('',#2748,10.);
#821=VECTOR('',#2751,10.);
#822=VECTOR('',#2754,10.);
#823=VECTOR('',#2757,10.);
#824=VECTOR('',#2760,10.);
#825=VECTOR('',#2763,10.);
#826=VECTOR('',#2766,10.);
#827=VECTOR('',#2781,1.7);
#828=VECTOR('',#2784,1.95);
#829=VECTOR('',#2791,1.7);
#830=VECTOR('',#2794,1.95);
#831=VECTOR('',#2801,1.7);
#832=VECTOR('',#2804,1.65);
#833=VECTOR('',#2811,1.4);
#834=VECTOR('',#2816,1.95);
#835=VECTOR('',#2823,1.7);
#836=VECTOR('',#2826,1.65);
#837=VECTOR('',#2833,1.4);
#838=VECTOR('',#2838,1.95);
#839=VECTOR('',#2845,1.7);
#840=VECTOR('',#2848,1.65);
#841=VECTOR('',#2855,1.4);
#842=VECTOR('',#2860,1.65);
#843=VECTOR('',#2867,1.4);
#844=VECTOR('',#2872,1.65);
#845=VECTOR('',#2879,1.4);
#846=VECTOR('',#2884,1.65);
#847=VECTOR('',#2891,1.4);
#848=VECTOR('',#2896,0.7);
#849=VECTOR('',#2899,0.7);
#850=VECTOR('',#2902,0.7);
#851=VECTOR('',#2905,0.7);
#852=VECTOR('',#2908,0.7);
#853=VECTOR('',#2911,0.7);
#854=VECTOR('',#2914,1.5);
#855=VECTOR('',#2921,1.4);
#856=VECTOR('',#2926,1.5);
#857=VECTOR('',#2933,1.4);
#858=VECTOR('',#2938,1.5);
#859=VECTOR('',#2945,1.4);
#860=VECTOR('',#2950,1.5);
#861=VECTOR('',#2957,1.4);
#862=VECTOR('',#2962,10.);
#863=VECTOR('',#2963,10.);
#864=VECTOR('',#2964,10.);
#865=VECTOR('',#2965,10.);
#866=VECTOR('',#2968,10.);
#867=VECTOR('',#2975,10.);
#868=VECTOR('',#2976,10.);
#869=VECTOR('',#2977,10.);
#870=VECTOR('',#2980,10.);
#871=VECTOR('',#2987,10.);
#872=VECTOR('',#2988,10.);
#873=VECTOR('',#2989,10.);
#874=VECTOR('',#2992,10.);
#875=VECTOR('',#2999,10.);
#876=VECTOR('',#3000,10.);
#877=VECTOR('',#3003,10.);
#878=VECTOR('',#3004,10.);
#879=VECTOR('',#3005,10.);
#880=VECTOR('',#3008,10.);
#881=VECTOR('',#3013,10.);
#882=VECTOR('',#3014,10.);
#883=VECTOR('',#3017,10.);
#884=VECTOR('',#3018,10.);
#885=VECTOR('',#3021,10.);
#886=VECTOR('',#3022,10.);
#887=VECTOR('',#3037,10.);
#888=VECTOR('',#3038,10.);
#889=VECTOR('',#3043,10.);
#890=VECTOR('',#3046,10.);
#891=VECTOR('',#3047,10.);
#892=VECTOR('',#3052,10.);
#893=VECTOR('',#3055,10.);
#894=VECTOR('',#3058,10.);
#895=VECTOR('',#3063,10.);
#896=VECTOR('',#3066,10.);
#897=VECTOR('',#3071,10.);
#898=VECTOR('',#3072,10.);
#899=VECTOR('',#3075,10.);
#900=VECTOR('',#3078,10.);
#901=VECTOR('',#3079,10.);
#902=VECTOR('',#3084,10.);
#903=VECTOR('',#3087,10.);
#904=VECTOR('',#3090,10.);
#905=VECTOR('',#3095,10.);
#906=VECTOR('',#3096,10.);
#907=VECTOR('',#3105,3.);
#908=VECTOR('',#3112,3.);
#909=VECTOR('',#3119,3.);
#910=VECTOR('',#3126,3.);
#911=VECTOR('',#3133,3.);
#912=VECTOR('',#3136,0.7);
#913=VECTOR('',#3139,0.7);
#914=VECTOR('',#3142,0.7);
#915=VECTOR('',#3145,0.7);
#916=VECTOR('',#3152,2.7);
#917=VECTOR('',#3157,10.);
#918=VECTOR('',#3160,10.);
#919=VECTOR('',#3163,10.);
#920=VECTOR('',#3168,2.45);
#921=VECTOR('',#3173,10.);
#922=VECTOR('',#3174,10.);
#923=VECTOR('',#3177,10.);
#924=VECTOR('',#3180,10.);
#925=VECTOR('',#3183,10.);
#926=VECTOR('',#3186,10.);
#927=VECTOR('',#3193,2.65);
#928=VECTOR('',#3204,2.7);
#929=VECTOR('',#3209,10.);
#930=VECTOR('',#3212,10.);
#931=VECTOR('',#3215,10.);
#932=VECTOR('',#3220,2.45);
#933=VECTOR('',#3225,10.);
#934=VECTOR('',#3226,10.);
#935=VECTOR('',#3229,10.);
#936=VECTOR('',#3232,10.);
#937=VECTOR('',#3235,10.);
#938=VECTOR('',#3238,10.);
#939=VECTOR('',#3245,2.65);
#940=VECTOR('',#3256,2.7);
#941=VECTOR('',#3261,10.);
#942=VECTOR('',#3264,10.);
#943=VECTOR('',#3267,10.);
#944=VECTOR('',#3272,2.45);
#945=VECTOR('',#3277,10.);
#946=VECTOR('',#3278,10.);
#947=VECTOR('',#3281,10.);
#948=VECTOR('',#3284,10.);
#949=VECTOR('',#3287,10.);
#950=VECTOR('',#3290,10.);
#951=VECTOR('',#3297,2.65);
#952=VECTOR('',#3308,2.7);
#953=VECTOR('',#3313,10.);
#954=VECTOR('',#3316,10.);
#955=VECTOR('',#3319,10.);
#956=VECTOR('',#3324,2.45);
#957=VECTOR('',#3329,10.);
#958=VECTOR('',#3330,10.);
#959=VECTOR('',#3333,10.);
#960=VECTOR('',#3336,10.);
#961=VECTOR('',#3339,10.);
#962=VECTOR('',#3342,10.);
#963=VECTOR('',#3349,2.65);
#964=VERTEX_POINT('',#3358);
#965=VERTEX_POINT('',#3359);
#966=VERTEX_POINT('',#3361);
#967=VERTEX_POINT('',#3363);
#968=VERTEX_POINT('',#3367);
#969=VERTEX_POINT('',#3368);
#970=VERTEX_POINT('',#3370);
#971=VERTEX_POINT('',#3372);
#972=VERTEX_POINT('',#3376);
#973=VERTEX_POINT('',#3378);
#974=VERTEX_POINT('',#3385);
#975=VERTEX_POINT('',#3387);
#976=VERTEX_POINT('',#3394);
#977=VERTEX_POINT('',#3396);
#978=VERTEX_POINT('',#3400);
#979=VERTEX_POINT('',#3404);
#980=VERTEX_POINT('',#3408);
#981=VERTEX_POINT('',#3410);
#982=VERTEX_POINT('',#3412);
#983=VERTEX_POINT('',#3413);
#984=VERTEX_POINT('',#3415);
#985=VERTEX_POINT('',#3417);
#986=VERTEX_POINT('',#3419);
#987=VERTEX_POINT('',#3421);
#988=VERTEX_POINT('',#3423);
#989=VERTEX_POINT('',#3425);
#990=VERTEX_POINT('',#3428);
#991=VERTEX_POINT('',#3430);
#992=VERTEX_POINT('',#3433);
#993=VERTEX_POINT('',#3435);
#994=VERTEX_POINT('',#3439);
#995=VERTEX_POINT('',#3440);
#996=VERTEX_POINT('',#3442);
#997=VERTEX_POINT('',#3444);
#998=VERTEX_POINT('',#3446);
#999=VERTEX_POINT('',#3448);
#1000=VERTEX_POINT('',#3450);
#1001=VERTEX_POINT('',#3453);
#1002=VERTEX_POINT('',#3455);
#1003=VERTEX_POINT('',#3457);
#1004=VERTEX_POINT('',#3459);
#1005=VERTEX_POINT('',#3461);
#1006=VERTEX_POINT('',#3463);
#1007=VERTEX_POINT('',#3464);
#1008=VERTEX_POINT('',#3466);
#1009=VERTEX_POINT('',#3468);
#1010=VERTEX_POINT('',#3470);
#1011=VERTEX_POINT('',#3472);
#1012=VERTEX_POINT('',#3474);
#1013=VERTEX_POINT('',#3476);
#1014=VERTEX_POINT('',#3479);
#1015=VERTEX_POINT('',#3480);
#1016=VERTEX_POINT('',#3482);
#1017=VERTEX_POINT('',#3484);
#1018=VERTEX_POINT('',#3486);
#1019=VERTEX_POINT('',#3488);
#1020=VERTEX_POINT('',#3491);
#1021=VERTEX_POINT('',#3492);
#1022=VERTEX_POINT('',#3494);
#1023=VERTEX_POINT('',#3496);
#1024=VERTEX_POINT('',#3498);
#1025=VERTEX_POINT('',#3500);
#1026=VERTEX_POINT('',#3503);
#1027=VERTEX_POINT('',#3504);
#1028=VERTEX_POINT('',#3506);
#1029=VERTEX_POINT('',#3508);
#1030=VERTEX_POINT('',#3510);
#1031=VERTEX_POINT('',#3512);
#1032=VERTEX_POINT('',#3515);
#1033=VERTEX_POINT('',#3516);
#1034=VERTEX_POINT('',#3518);
#1035=VERTEX_POINT('',#3520);
#1036=VERTEX_POINT('',#3522);
#1037=VERTEX_POINT('',#3524);
#1038=VERTEX_POINT('',#3527);
#1039=VERTEX_POINT('',#3529);
#1040=VERTEX_POINT('',#3531);
#1041=VERTEX_POINT('',#3533);
#1042=VERTEX_POINT('',#3535);
#1043=VERTEX_POINT('',#3538);
#1044=VERTEX_POINT('',#3542);
#1045=VERTEX_POINT('',#3546);
#1046=VERTEX_POINT('',#3550);
#1047=VERTEX_POINT('',#3554);
#1048=VERTEX_POINT('',#3558);
#1049=VERTEX_POINT('',#3560);
#1050=VERTEX_POINT('',#3564);
#1051=VERTEX_POINT('',#3568);
#1052=VERTEX_POINT('',#3572);
#1053=VERTEX_POINT('',#3576);
#1054=VERTEX_POINT('',#3578);
#1055=VERTEX_POINT('',#3582);
#1056=VERTEX_POINT('',#3586);
#1057=VERTEX_POINT('',#3590);
#1058=VERTEX_POINT('',#3594);
#1059=VERTEX_POINT('',#3596);
#1060=VERTEX_POINT('',#3600);
#1061=VERTEX_POINT('',#3604);
#1062=VERTEX_POINT('',#3606);
#1063=VERTEX_POINT('',#3610);
#1064=VERTEX_POINT('',#3614);
#1065=VERTEX_POINT('',#3616);
#1066=VERTEX_POINT('',#3620);
#1067=VERTEX_POINT('',#3624);
#1068=VERTEX_POINT('',#3626);
#1069=VERTEX_POINT('',#3630);
#1070=VERTEX_POINT('',#3634);
#1071=VERTEX_POINT('',#3637);
#1072=VERTEX_POINT('',#3640);
#1073=VERTEX_POINT('',#3643);
#1074=VERTEX_POINT('',#3646);
#1075=VERTEX_POINT('',#3649);
#1076=VERTEX_POINT('',#3652);
#1077=VERTEX_POINT('',#3654);
#1078=VERTEX_POINT('',#3658);
#1079=VERTEX_POINT('',#3662);
#1080=VERTEX_POINT('',#3664);
#1081=VERTEX_POINT('',#3668);
#1082=VERTEX_POINT('',#3672);
#1083=VERTEX_POINT('',#3674);
#1084=VERTEX_POINT('',#3678);
#1085=VERTEX_POINT('',#3682);
#1086=VERTEX_POINT('',#3684);
#1087=VERTEX_POINT('',#3688);
#1088=VERTEX_POINT('',#3692);
#1089=VERTEX_POINT('',#3693);
#1090=VERTEX_POINT('',#3695);
#1091=VERTEX_POINT('',#3697);
#1092=VERTEX_POINT('',#3701);
#1093=VERTEX_POINT('',#3702);
#1094=VERTEX_POINT('',#3707);
#1095=VERTEX_POINT('',#3708);
#1096=VERTEX_POINT('',#3713);
#1097=VERTEX_POINT('',#3714);
#1098=VERTEX_POINT('',#3719);
#1099=VERTEX_POINT('',#3720);
#1100=VERTEX_POINT('',#3725);
#1101=VERTEX_POINT('',#3726);
#1102=VERTEX_POINT('',#3734);
#1103=VERTEX_POINT('',#3736);
#1104=VERTEX_POINT('',#3740);
#1105=VERTEX_POINT('',#3744);
#1106=VERTEX_POINT('',#3748);
#1107=VERTEX_POINT('',#3752);
#1108=VERTEX_POINT('',#3754);
#1109=VERTEX_POINT('',#3757);
#1110=VERTEX_POINT('',#3759);
#1111=VERTEX_POINT('',#3761);
#1112=VERTEX_POINT('',#3763);
#1113=VERTEX_POINT('',#3765);
#1114=VERTEX_POINT('',#3771);
#1115=VERTEX_POINT('',#3775);
#1116=VERTEX_POINT('',#3812);
#1117=VERTEX_POINT('',#3817);
#1118=VERTEX_POINT('',#3822);
#1119=VERTEX_POINT('',#3827);
#1120=VERTEX_POINT('',#3832);
#1121=VERTEX_POINT('',#3837);
#1122=VERTEX_POINT('',#3840);
#1123=VERTEX_POINT('',#3843);
#1124=VERTEX_POINT('',#3846);
#1125=VERTEX_POINT('',#3850);
#1126=VERTEX_POINT('',#3852);
#1127=VERTEX_POINT('',#3856);
#1128=VERTEX_POINT('',#3857);
#1129=VERTEX_POINT('',#3859);
#1130=VERTEX_POINT('',#3861);
#1131=VERTEX_POINT('',#3863);
#1132=VERTEX_POINT('',#3865);
#1133=VERTEX_POINT('',#3869);
#1134=VERTEX_POINT('',#3885);
#1135=VERTEX_POINT('',#3887);
#1136=VERTEX_POINT('',#3893);
#1137=VERTEX_POINT('',#3895);
#1138=VERTEX_POINT('',#3899);
#1139=VERTEX_POINT('',#3900);
#1140=VERTEX_POINT('',#3902);
#1141=VERTEX_POINT('',#3904);
#1142=VERTEX_POINT('',#3906);
#1143=VERTEX_POINT('',#3908);
#1144=VERTEX_POINT('',#3912);
#1145=VERTEX_POINT('',#3928);
#1146=VERTEX_POINT('',#3930);
#1147=VERTEX_POINT('',#3936);
#1148=VERTEX_POINT('',#3938);
#1149=VERTEX_POINT('',#3942);
#1150=VERTEX_POINT('',#3943);
#1151=VERTEX_POINT('',#3945);
#1152=VERTEX_POINT('',#3947);
#1153=VERTEX_POINT('',#3949);
#1154=VERTEX_POINT('',#3951);
#1155=VERTEX_POINT('',#3955);
#1156=VERTEX_POINT('',#3971);
#1157=VERTEX_POINT('',#3973);
#1158=VERTEX_POINT('',#3979);
#1159=VERTEX_POINT('',#3981);
#1160=VERTEX_POINT('',#3985);
#1161=VERTEX_POINT('',#3986);
#1162=VERTEX_POINT('',#3988);
#1163=VERTEX_POINT('',#3990);
#1164=VERTEX_POINT('',#3992);
#1165=VERTEX_POINT('',#3994);
#1166=VERTEX_POINT('',#3998);
#1167=VERTEX_POINT('',#4014);
#1168=VERTEX_POINT('',#4016);
#1169=EDGE_CURVE('',#964,#965,#600,.T.);
#1170=EDGE_CURVE('',#965,#966,#601,.T.);
#1171=EDGE_CURVE('',#966,#967,#602,.T.);
#1172=EDGE_CURVE('',#967,#964,#603,.T.);
#1173=EDGE_CURVE('',#968,#969,#604,.T.);
#1174=EDGE_CURVE('',#969,#970,#605,.T.);
#1175=EDGE_CURVE('',#970,#971,#606,.T.);
#1176=EDGE_CURVE('',#971,#968,#607,.T.);
#1177=EDGE_CURVE('',#969,#972,#104,.T.);
#1178=EDGE_CURVE('',#972,#973,#608,.T.);
#1179=EDGE_CURVE('',#973,#970,#105,.T.);
#1180=EDGE_CURVE('',#967,#973,#609,.T.);
#1181=EDGE_CURVE('',#972,#964,#610,.T.);
#1182=EDGE_CURVE('',#965,#974,#106,.T.);
#1183=EDGE_CURVE('',#974,#975,#611,.T.);
#1184=EDGE_CURVE('',#975,#966,#107,.T.);
#1185=EDGE_CURVE('',#971,#975,#612,.T.);
#1186=EDGE_CURVE('',#974,#968,#613,.T.);
#1187=EDGE_CURVE('',#976,#972,#614,.T.);
#1188=EDGE_CURVE('',#976,#977,#615,.T.);
#1189=EDGE_CURVE('',#964,#977,#616,.T.);
#1190=EDGE_CURVE('',#969,#978,#617,.T.);
#1191=EDGE_CURVE('',#978,#976,#108,.F.);
#1192=EDGE_CURVE('',#968,#979,#618,.T.);
#1193=EDGE_CURVE('',#979,#978,#619,.T.);
#1194=EDGE_CURVE('',#980,#980,#109,.T.);
#1195=EDGE_CURVE('',#981,#981,#110,.T.);
#1196=EDGE_CURVE('',#982,#983,#620,.T.);
#1197=EDGE_CURVE('',#984,#983,#111,.T.);
#1198=EDGE_CURVE('',#984,#985,#621,.T.);
#1199=EDGE_CURVE('',#986,#985,#112,.T.);
#1200=EDGE_CURVE('',#986,#987,#622,.T.);
#1201=EDGE_CURVE('',#988,#987,#113,.T.);
#1202=EDGE_CURVE('',#988,#989,#623,.T.);
#1203=EDGE_CURVE('',#982,#989,#114,.T.);
#1204=EDGE_CURVE('',#990,#990,#115,.T.);
#1205=EDGE_CURVE('',#991,#991,#116,.T.);
#1206=EDGE_CURVE('',#992,#992,#117,.T.);
#1207=EDGE_CURVE('',#992,#993,#624,.T.);
#1208=EDGE_CURVE('',#993,#993,#118,.T.);
#1209=EDGE_CURVE('',#994,#995,#625,.T.);
#1210=EDGE_CURVE('',#996,#994,#119,.T.);
#1211=EDGE_CURVE('',#997,#996,#626,.T.);
#1212=EDGE_CURVE('',#998,#997,#120,.T.);
#1213=EDGE_CURVE('',#999,#998,#627,.T.);
#1214=EDGE_CURVE('',#1000,#999,#121,.T.);
#1215=EDGE_CURVE('',#995,#1000,#628,.T.);
#1216=EDGE_CURVE('',#1001,#1001,#122,.T.);
#1217=EDGE_CURVE('',#1002,#1002,#123,.T.);
#1218=EDGE_CURVE('',#1003,#1003,#124,.T.);
#1219=EDGE_CURVE('',#1004,#1004,#125,.T.);
#1220=EDGE_CURVE('',#1005,#1005,#126,.T.);
#1221=EDGE_CURVE('',#1006,#1007,#629,.T.);
#1222=EDGE_CURVE('',#1008,#1007,#127,.T.);
#1223=EDGE_CURVE('',#1008,#1009,#630,.T.);
#1224=EDGE_CURVE('',#1010,#1009,#128,.T.);
#1225=EDGE_CURVE('',#1010,#1011,#631,.T.);
#1226=EDGE_CURVE('',#1012,#1011,#129,.T.);
#1227=EDGE_CURVE('',#1012,#1013,#632,.T.);
#1228=EDGE_CURVE('',#1006,#1013,#130,.T.);
#1229=EDGE_CURVE('',#1014,#1015,#131,.T.);
#1230=EDGE_CURVE('',#1015,#1016,#633,.T.);
#1231=EDGE_CURVE('',#1016,#1017,#132,.T.);
#1232=EDGE_CURVE('',#1017,#1018,#634,.T.);
#1233=EDGE_CURVE('',#1018,#1019,#133,.T.);
#1234=EDGE_CURVE('',#1019,#1014,#635,.T.);
#1235=EDGE_CURVE('',#1020,#1021,#134,.T.);
#1236=EDGE_CURVE('',#1021,#1022,#636,.T.);
#1237=EDGE_CURVE('',#1022,#1023,#135,.T.);
#1238=EDGE_CURVE('',#1023,#1024,#637,.T.);
#1239=EDGE_CURVE('',#1024,#1025,#136,.T.);
#1240=EDGE_CURVE('',#1025,#1020,#638,.T.);
#1241=EDGE_CURVE('',#1026,#1027,#137,.T.);
#1242=EDGE_CURVE('',#1027,#1028,#639,.T.);
#1243=EDGE_CURVE('',#1028,#1029,#138,.T.);
#1244=EDGE_CURVE('',#1029,#1030,#640,.T.);
#1245=EDGE_CURVE('',#1030,#1031,#139,.T.);
#1246=EDGE_CURVE('',#1031,#1026,#641,.T.);
#1247=EDGE_CURVE('',#1032,#1033,#140,.T.);
#1248=EDGE_CURVE('',#1033,#1034,#642,.T.);
#1249=EDGE_CURVE('',#1034,#1035,#141,.T.);
#1250=EDGE_CURVE('',#1035,#1036,#643,.T.);
#1251=EDGE_CURVE('',#1036,#1037,#142,.T.);
#1252=EDGE_CURVE('',#1037,#1032,#644,.T.);
#1253=EDGE_CURVE('',#1038,#1038,#143,.T.);
#1254=EDGE_CURVE('',#1039,#1039,#144,.T.);
#1255=EDGE_CURVE('',#1040,#1040,#145,.T.);
#1256=EDGE_CURVE('',#1041,#1041,#146,.T.);
#1257=EDGE_CURVE('',#1042,#1042,#147,.T.);
#1258=EDGE_CURVE('',#1043,#1043,#148,.T.);
#1259=EDGE_CURVE('',#1043,#993,#645,.T.);
#1260=EDGE_CURVE('',#1001,#1044,#646,.T.);
#1261=EDGE_CURVE('',#1044,#1044,#149,.T.);
#1262=EDGE_CURVE('',#1045,#1045,#150,.T.);
#1263=EDGE_CURVE('',#1045,#1044,#647,.T.);
#1264=EDGE_CURVE('',#1042,#1046,#648,.T.);
#1265=EDGE_CURVE('',#1046,#1046,#151,.T.);
#1266=EDGE_CURVE('',#1047,#1047,#152,.T.);
#1267=EDGE_CURVE('',#1047,#1046,#649,.T.);
#1268=EDGE_CURVE('',#1002,#1048,#650,.T.);
#1269=EDGE_CURVE('',#1048,#1049,#153,.T.);
#1270=EDGE_CURVE('',#1049,#1048,#154,.T.);
#1271=EDGE_CURVE('',#1049,#1050,#651,.T.);
#1272=EDGE_CURVE('',#1050,#1050,#155,.T.);
#1273=EDGE_CURVE('',#1041,#1051,#652,.T.);
#1274=EDGE_CURVE('',#1051,#1051,#156,.T.);
#1275=EDGE_CURVE('',#1052,#1052,#157,.T.);
#1276=EDGE_CURVE('',#1052,#1051,#653,.T.);
#1277=EDGE_CURVE('',#1003,#1053,#654,.T.);
#1278=EDGE_CURVE('',#1053,#1054,#158,.T.);
#1279=EDGE_CURVE('',#1054,#1053,#159,.T.);
#1280=EDGE_CURVE('',#1054,#1055,#655,.T.);
#1281=EDGE_CURVE('',#1055,#1055,#160,.T.);
#1282=EDGE_CURVE('',#1040,#1056,#656,.T.);
#1283=EDGE_CURVE('',#1056,#1056,#161,.T.);
#1284=EDGE_CURVE('',#1057,#1057,#162,.T.);
#1285=EDGE_CURVE('',#1057,#1056,#657,.T.);
#1286=EDGE_CURVE('',#1004,#1058,#658,.T.);
#1287=EDGE_CURVE('',#1058,#1059,#163,.T.);
#1288=EDGE_CURVE('',#1059,#1058,#164,.T.);
#1289=EDGE_CURVE('',#1059,#1060,#659,.T.);
#1290=EDGE_CURVE('',#1060,#1060,#165,.T.);
#1291=EDGE_CURVE('',#1039,#1061,#660,.T.);
#1292=EDGE_CURVE('',#1061,#1062,#166,.T.);
#1293=EDGE_CURVE('',#1062,#1061,#167,.T.);
#1294=EDGE_CURVE('',#1062,#1063,#661,.T.);
#1295=EDGE_CURVE('',#1063,#1063,#168,.T.);
#1296=EDGE_CURVE('',#1005,#1064,#662,.T.);
#1297=EDGE_CURVE('',#1064,#1065,#169,.T.);
#1298=EDGE_CURVE('',#1065,#1064,#170,.T.);
#1299=EDGE_CURVE('',#1065,#1066,#663,.T.);
#1300=EDGE_CURVE('',#1066,#1066,#171,.T.);
#1301=EDGE_CURVE('',#1038,#1067,#664,.T.);
#1302=EDGE_CURVE('',#1067,#1068,#172,.T.);
#1303=EDGE_CURVE('',#1068,#1067,#173,.T.);
#1304=EDGE_CURVE('',#1068,#1069,#665,.T.);
#1305=EDGE_CURVE('',#1069,#1069,#174,.T.);
#1306=EDGE_CURVE('',#1069,#1070,#666,.T.);
#1307=EDGE_CURVE('',#1060,#1071,#667,.T.);
#1308=EDGE_CURVE('',#1063,#1072,#668,.T.);
#1309=EDGE_CURVE('',#1055,#1073,#669,.T.);
#1310=EDGE_CURVE('',#1050,#1074,#670,.T.);
#1311=EDGE_CURVE('',#1066,#1075,#671,.T.);
#1312=EDGE_CURVE('',#980,#1076,#672,.T.);
#1313=EDGE_CURVE('',#1076,#1077,#175,.T.);
#1314=EDGE_CURVE('',#1077,#1076,#176,.T.);
#1315=EDGE_CURVE('',#1077,#1078,#673,.T.);
#1316=EDGE_CURVE('',#1078,#1078,#177,.T.);
#1317=EDGE_CURVE('',#991,#1079,#674,.T.);
#1318=EDGE_CURVE('',#1079,#1080,#178,.T.);
#1319=EDGE_CURVE('',#1080,#1079,#179,.T.);
#1320=EDGE_CURVE('',#1080,#1081,#675,.T.);
#1321=EDGE_CURVE('',#1081,#1081,#180,.T.);
#1322=EDGE_CURVE('',#981,#1082,#676,.T.);
#1323=EDGE_CURVE('',#1082,#1083,#181,.T.);
#1324=EDGE_CURVE('',#1083,#1082,#182,.T.);
#1325=EDGE_CURVE('',#1083,#1084,#677,.T.);
#1326=EDGE_CURVE('',#1084,#1084,#183,.T.);
#1327=EDGE_CURVE('',#990,#1085,#678,.T.);
#1328=EDGE_CURVE('',#1085,#1086,#184,.T.);
#1329=EDGE_CURVE('',#1086,#1085,#185,.T.);
#1330=EDGE_CURVE('',#1086,#1087,#679,.T.);
#1331=EDGE_CURVE('',#1087,#1087,#186,.T.);
#1332=EDGE_CURVE('',#1088,#1089,#680,.T.);
#1333=EDGE_CURVE('',#1089,#1090,#681,.T.);
#1334=EDGE_CURVE('',#1090,#1091,#682,.T.);
#1335=EDGE_CURVE('',#1088,#1091,#683,.T.);
#1336=EDGE_CURVE('',#1092,#1093,#684,.T.);
#1337=EDGE_CURVE('',#1093,#1090,#187,.T.);
#1338=EDGE_CURVE('',#1089,#1092,#188,.T.);
#1339=EDGE_CURVE('',#1094,#1095,#685,.T.);
#1340=EDGE_CURVE('',#1095,#1093,#686,.T.);
#1341=EDGE_CURVE('',#1092,#1094,#687,.T.);
#1342=EDGE_CURVE('',#1096,#1097,#688,.T.);
#1343=EDGE_CURVE('',#1097,#1095,#189,.T.);
#1344=EDGE_CURVE('',#1094,#1096,#190,.T.);
#1345=EDGE_CURVE('',#1098,#1099,#689,.T.);
#1346=EDGE_CURVE('',#1099,#1097,#690,.T.);
#1347=EDGE_CURVE('',#1096,#1098,#691,.T.);
#1348=EDGE_CURVE('',#1100,#1101,#692,.T.);
#1349=EDGE_CURVE('',#1101,#1099,#191,.T.);
#1350=EDGE_CURVE('',#1098,#1100,#192,.T.);
#1351=EDGE_CURVE('',#1091,#1101,#693,.T.);
#1352=EDGE_CURVE('',#1100,#1088,#694,.T.);
#1353=EDGE_CURVE('',#1102,#1099,#695,.T.);
#1354=EDGE_CURVE('',#1103,#1102,#696,.T.);
#1355=EDGE_CURVE('',#1097,#1103,#697,.T.);
#1356=EDGE_CURVE('',#1101,#1104,#698,.T.);
#1357=EDGE_CURVE('',#1102,#1104,#193,.T.);
#1358=EDGE_CURVE('',#1091,#1105,#699,.T.);
#1359=EDGE_CURVE('',#1104,#1105,#700,.T.);
#1360=EDGE_CURVE('',#1106,#1090,#701,.T.);
#1361=EDGE_CURVE('',#1105,#1106,#702,.T.);
#1362=EDGE_CURVE('',#977,#1107,#703,.T.);
#1363=EDGE_CURVE('',#1108,#979,#704,.T.);
#1364=EDGE_CURVE('',#1107,#1108,#194,.F.);
#1365=EDGE_CURVE('',#1109,#1109,#195,.T.);
#1366=EDGE_CURVE('',#1110,#1110,#196,.T.);
#1367=EDGE_CURVE('',#1111,#1111,#197,.T.);
#1368=EDGE_CURVE('',#1112,#1112,#198,.T.);
#1369=EDGE_CURVE('',#1113,#1113,#199,.T.);
#1370=EDGE_CURVE('',#1106,#994,#705,.T.);
#1371=EDGE_CURVE('',#995,#1105,#706,.T.);
#1372=EDGE_CURVE('',#1106,#1114,#200,.T.);
#1373=EDGE_CURVE('',#1114,#996,#707,.T.);
#1374=EDGE_CURVE('',#1115,#997,#708,.T.);
#1375=EDGE_CURVE('',#1114,#1115,#709,.T.);
#1376=EDGE_CURVE('',#1115,#1103,#201,.T.);
#1377=EDGE_CURVE('',#1103,#998,#710,.T.);
#1378=EDGE_CURVE('',#1102,#999,#711,.T.);
#1379=EDGE_CURVE('',#1104,#1000,#712,.T.);
#1380=EDGE_CURVE('',#1115,#1095,#713,.T.);
#1381=EDGE_CURVE('',#1093,#1114,#714,.T.);
#1382=EDGE_CURVE('',#983,#1006,#715,.T.);
#1383=EDGE_CURVE('',#1013,#984,#716,.T.);
#1384=EDGE_CURVE('',#1007,#982,#717,.T.);
#1385=EDGE_CURVE('',#985,#1012,#718,.T.);
#1386=EDGE_CURVE('',#1011,#986,#719,.T.);
#1387=EDGE_CURVE('',#989,#1008,#720,.T.);
#1388=EDGE_CURVE('',#1009,#988,#721,.T.);
#1389=EDGE_CURVE('',#987,#1010,#722,.T.);
#1390=EDGE_CURVE('',#965,#1107,#723,.T.);
#1391=EDGE_CURVE('',#1108,#974,#724,.T.);
#1392=EDGE_CURVE('',#1116,#1116,#202,.T.);
#1393=EDGE_CURVE('',#1113,#1116,#725,.T.);
#1394=EDGE_CURVE('',#1117,#1117,#203,.T.);
#1395=EDGE_CURVE('',#1112,#1117,#726,.T.);
#1396=EDGE_CURVE('',#1118,#1118,#204,.T.);
#1397=EDGE_CURVE('',#1111,#1118,#727,.T.);
#1398=EDGE_CURVE('',#1119,#1119,#205,.T.);
#1399=EDGE_CURVE('',#1110,#1119,#728,.T.);
#1400=EDGE_CURVE('',#1120,#1120,#206,.T.);
#1401=EDGE_CURVE('',#1109,#1120,#729,.T.);
#1402=EDGE_CURVE('',#1087,#1121,#730,.T.);
#1403=EDGE_CURVE('',#1078,#1122,#731,.T.);
#1404=EDGE_CURVE('',#1081,#1123,#732,.T.);
#1405=EDGE_CURVE('',#1084,#1124,#733,.T.);
#1406=EDGE_CURVE('',#1125,#1125,#207,.T.);
#1407=EDGE_CURVE('',#1125,#1126,#734,.T.);
#1408=EDGE_CURVE('',#1126,#1126,#208,.T.);
#1409=EDGE_CURVE('',#1127,#1128,#735,.T.);
#1410=EDGE_CURVE('',#1128,#1129,#209,.T.);
#1411=EDGE_CURVE('',#1129,#1130,#736,.T.);
#1412=EDGE_CURVE('',#1130,#1131,#210,.T.);
#1413=EDGE_CURVE('',#1131,#1132,#737,.T.);
#1414=EDGE_CURVE('',#1132,#1127,#211,.T.);
#1415=EDGE_CURVE('',#1126,#1133,#738,.T.);
#1416=EDGE_CURVE('',#1133,#1133,#212,.T.);
#1417=EDGE_CURVE('',#1032,#1127,#739,.T.);
#1418=EDGE_CURVE('',#1033,#1132,#740,.T.);
#1419=EDGE_CURVE('',#1034,#1131,#741,.T.);
#1420=EDGE_CURVE('',#1035,#1130,#742,.T.);
#1421=EDGE_CURVE('',#1036,#1129,#743,.T.);
#1422=EDGE_CURVE('',#1037,#1128,#744,.T.);
#1423=EDGE_CURVE('',#1134,#1134,#213,.T.);
#1424=EDGE_CURVE('',#1134,#1135,#745,.T.);
#1425=EDGE_CURVE('',#1135,#1135,#214,.T.);
#1426=EDGE_CURVE('',#1136,#1136,#215,.T.);
#1427=EDGE_CURVE('',#1136,#1137,#746,.T.);
#1428=EDGE_CURVE('',#1137,#1137,#216,.T.);
#1429=EDGE_CURVE('',#1138,#1139,#747,.T.);
#1430=EDGE_CURVE('',#1139,#1140,#217,.T.);
#1431=EDGE_CURVE('',#1140,#1141,#748,.T.);
#1432=EDGE_CURVE('',#1141,#1142,#218,.T.);
#1433=EDGE_CURVE('',#1142,#1143,#749,.T.);
#1434=EDGE_CURVE('',#1143,#1138,#219,.T.);
#1435=EDGE_CURVE('',#1137,#1144,#750,.T.);
#1436=EDGE_CURVE('',#1144,#1144,#220,.T.);
#1437=EDGE_CURVE('',#1026,#1138,#751,.T.);
#1438=EDGE_CURVE('',#1027,#1143,#752,.T.);
#1439=EDGE_CURVE('',#1028,#1142,#753,.T.);
#1440=EDGE_CURVE('',#1029,#1141,#754,.T.);
#1441=EDGE_CURVE('',#1030,#1140,#755,.T.);
#1442=EDGE_CURVE('',#1031,#1139,#756,.T.);
#1443=EDGE_CURVE('',#1145,#1145,#221,.T.);
#1444=EDGE_CURVE('',#1145,#1146,#757,.T.);
#1445=EDGE_CURVE('',#1146,#1146,#222,.T.);
#1446=EDGE_CURVE('',#1147,#1147,#223,.T.);
#1447=EDGE_CURVE('',#1147,#1148,#758,.T.);
#1448=EDGE_CURVE('',#1148,#1148,#224,.T.);
#1449=EDGE_CURVE('',#1149,#1150,#759,.T.);
#1450=EDGE_CURVE('',#1151,#1149,#225,.T.);
#1451=EDGE_CURVE('',#1152,#1151,#760,.T.);
#1452=EDGE_CURVE('',#1153,#1152,#226,.T.);
#1453=EDGE_CURVE('',#1154,#1153,#761,.T.);
#1454=EDGE_CURVE('',#1150,#1154,#227,.T.);
#1455=EDGE_CURVE('',#1148,#1155,#762,.T.);
#1456=EDGE_CURVE('',#1155,#1155,#228,.T.);
#1457=EDGE_CURVE('',#1020,#1151,#763,.T.);
#1458=EDGE_CURVE('',#1021,#1149,#764,.T.);
#1459=EDGE_CURVE('',#1025,#1152,#765,.T.);
#1460=EDGE_CURVE('',#1024,#1153,#766,.T.);
#1461=EDGE_CURVE('',#1023,#1154,#767,.T.);
#1462=EDGE_CURVE('',#1022,#1150,#768,.T.);
#1463=EDGE_CURVE('',#1156,#1156,#229,.T.);
#1464=EDGE_CURVE('',#1156,#1157,#769,.T.);
#1465=EDGE_CURVE('',#1157,#1157,#230,.T.);
#1466=EDGE_CURVE('',#1158,#1158,#231,.T.);
#1467=EDGE_CURVE('',#1158,#1159,#770,.T.);
#1468=EDGE_CURVE('',#1159,#1159,#232,.T.);
#1469=EDGE_CURVE('',#1160,#1161,#771,.T.);
#1470=EDGE_CURVE('',#1162,#1160,#233,.T.);
#1471=EDGE_CURVE('',#1163,#1162,#772,.T.);
#1472=EDGE_CURVE('',#1164,#1163,#234,.T.);
#1473=EDGE_CURVE('',#1165,#1164,#773,.T.);
#1474=EDGE_CURVE('',#1161,#1165,#235,.T.);
#1475=EDGE_CURVE('',#1158,#1166,#774,.T.);
#1476=EDGE_CURVE('',#1166,#1166,#236,.T.);
#1477=EDGE_CURVE('',#1014,#1162,#775,.T.);
#1478=EDGE_CURVE('',#1015,#1160,#776,.T.);
#1479=EDGE_CURVE('',#1019,#1163,#777,.T.);
#1480=EDGE_CURVE('',#1018,#1164,#778,.T.);
#1481=EDGE_CURVE('',#1017,#1165,#779,.T.);
#1482=EDGE_CURVE('',#1016,#1161,#780,.T.);
#1483=EDGE_CURVE('',#1167,#1167,#237,.T.);
#1484=EDGE_CURVE('',#1167,#1168,#781,.T.);
#1485=EDGE_CURVE('',#1168,#1168,#238,.T.);
#1486=ORIENTED_EDGE('',*,*,#1169,.T.);
#1487=ORIENTED_EDGE('',*,*,#1170,.T.);
#1488=ORIENTED_EDGE('',*,*,#1171,.T.);
#1489=ORIENTED_EDGE('',*,*,#1172,.T.);
#1490=ORIENTED_EDGE('',*,*,#1173,.T.);
#1491=ORIENTED_EDGE('',*,*,#1174,.T.);
#1492=ORIENTED_EDGE('',*,*,#1175,.T.);
#1493=ORIENTED_EDGE('',*,*,#1176,.T.);
#1494=ORIENTED_EDGE('',*,*,#1174,.F.);
#1495=ORIENTED_EDGE('',*,*,#1177,.T.);
#1496=ORIENTED_EDGE('',*,*,#1178,.T.);
#1497=ORIENTED_EDGE('',*,*,#1179,.T.);
#1498=ORIENTED_EDGE('',*,*,#1180,.T.);
#1499=ORIENTED_EDGE('',*,*,#1178,.F.);
#1500=ORIENTED_EDGE('',*,*,#1181,.T.);
#1501=ORIENTED_EDGE('',*,*,#1172,.F.);
#1502=ORIENTED_EDGE('',*,*,#1170,.F.);
#1503=ORIENTED_EDGE('',*,*,#1182,.T.);
#1504=ORIENTED_EDGE('',*,*,#1183,.T.);
#1505=ORIENTED_EDGE('',*,*,#1184,.T.);
#1506=ORIENTED_EDGE('',*,*,#1185,.T.);
#1507=ORIENTED_EDGE('',*,*,#1183,.F.);
#1508=ORIENTED_EDGE('',*,*,#1186,.T.);
#1509=ORIENTED_EDGE('',*,*,#1176,.F.);
#1510=ORIENTED_EDGE('',*,*,#1181,.F.);
#1511=ORIENTED_EDGE('',*,*,#1187,.F.);
#1512=ORIENTED_EDGE('',*,*,#1188,.T.);
#1513=ORIENTED_EDGE('',*,*,#1189,.F.);
#1514=ORIENTED_EDGE('',*,*,#1177,.F.);
#1515=ORIENTED_EDGE('',*,*,#1190,.T.);
#1516=ORIENTED_EDGE('',*,*,#1191,.T.);
#1517=ORIENTED_EDGE('',*,*,#1187,.T.);
#1518=ORIENTED_EDGE('',*,*,#1173,.F.);
#1519=ORIENTED_EDGE('',*,*,#1192,.T.);
#1520=ORIENTED_EDGE('',*,*,#1193,.T.);
#1521=ORIENTED_EDGE('',*,*,#1190,.F.);
#1522=ORIENTED_EDGE('',*,*,#1175,.F.);
#1523=ORIENTED_EDGE('',*,*,#1179,.F.);
#1524=ORIENTED_EDGE('',*,*,#1180,.F.);
#1525=ORIENTED_EDGE('',*,*,#1171,.F.);
#1526=ORIENTED_EDGE('',*,*,#1184,.F.);
#1527=ORIENTED_EDGE('',*,*,#1185,.F.);
#1528=ORIENTED_EDGE('',*,*,#1194,.F.);
#1529=ORIENTED_EDGE('',*,*,#1195,.F.);
#1530=ORIENTED_EDGE('',*,*,#1196,.T.);
#1531=ORIENTED_EDGE('',*,*,#1197,.F.);
#1532=ORIENTED_EDGE('',*,*,#1198,.T.);
#1533=ORIENTED_EDGE('',*,*,#1199,.F.);
#1534=ORIENTED_EDGE('',*,*,#1200,.T.);
#1535=ORIENTED_EDGE('',*,*,#1201,.F.);
#1536=ORIENTED_EDGE('',*,*,#1202,.T.);
#1537=ORIENTED_EDGE('',*,*,#1203,.F.);
#1538=ORIENTED_EDGE('',*,*,#1204,.F.);
#1539=ORIENTED_EDGE('',*,*,#1205,.F.);
#1540=ORIENTED_EDGE('',*,*,#1206,.T.);
#1541=ORIENTED_EDGE('',*,*,#1207,.T.);
#1542=ORIENTED_EDGE('',*,*,#1208,.T.);
#1543=ORIENTED_EDGE('',*,*,#1207,.F.);
#1544=ORIENTED_EDGE('',*,*,#1209,.F.);
#1545=ORIENTED_EDGE('',*,*,#1210,.F.);
#1546=ORIENTED_EDGE('',*,*,#1211,.F.);
#1547=ORIENTED_EDGE('',*,*,#1212,.F.);
#1548=ORIENTED_EDGE('',*,*,#1213,.F.);
#1549=ORIENTED_EDGE('',*,*,#1214,.F.);
#1550=ORIENTED_EDGE('',*,*,#1215,.F.);
#1551=ORIENTED_EDGE('',*,*,#1216,.F.);
#1552=ORIENTED_EDGE('',*,*,#1217,.F.);
#1553=ORIENTED_EDGE('',*,*,#1218,.F.);
#1554=ORIENTED_EDGE('',*,*,#1219,.F.);
#1555=ORIENTED_EDGE('',*,*,#1220,.F.);
#1556=ORIENTED_EDGE('',*,*,#1221,.T.);
#1557=ORIENTED_EDGE('',*,*,#1222,.F.);
#1558=ORIENTED_EDGE('',*,*,#1223,.T.);
#1559=ORIENTED_EDGE('',*,*,#1224,.F.);
#1560=ORIENTED_EDGE('',*,*,#1225,.T.);
#1561=ORIENTED_EDGE('',*,*,#1226,.F.);
#1562=ORIENTED_EDGE('',*,*,#1227,.T.);
#1563=ORIENTED_EDGE('',*,*,#1228,.F.);
#1564=ORIENTED_EDGE('',*,*,#1229,.T.);
#1565=ORIENTED_EDGE('',*,*,#1230,.T.);
#1566=ORIENTED_EDGE('',*,*,#1231,.T.);
#1567=ORIENTED_EDGE('',*,*,#1232,.T.);
#1568=ORIENTED_EDGE('',*,*,#1233,.T.);
#1569=ORIENTED_EDGE('',*,*,#1234,.T.);
#1570=ORIENTED_EDGE('',*,*,#1235,.T.);
#1571=ORIENTED_EDGE('',*,*,#1236,.T.);
#1572=ORIENTED_EDGE('',*,*,#1237,.T.);
#1573=ORIENTED_EDGE('',*,*,#1238,.T.);
#1574=ORIENTED_EDGE('',*,*,#1239,.T.);
#1575=ORIENTED_EDGE('',*,*,#1240,.T.);
#1576=ORIENTED_EDGE('',*,*,#1241,.T.);
#1577=ORIENTED_EDGE('',*,*,#1242,.T.);
#1578=ORIENTED_EDGE('',*,*,#1243,.T.);
#1579=ORIENTED_EDGE('',*,*,#1244,.T.);
#1580=ORIENTED_EDGE('',*,*,#1245,.T.);
#1581=ORIENTED_EDGE('',*,*,#1246,.T.);
#1582=ORIENTED_EDGE('',*,*,#1247,.T.);
#1583=ORIENTED_EDGE('',*,*,#1248,.T.);
#1584=ORIENTED_EDGE('',*,*,#1249,.T.);
#1585=ORIENTED_EDGE('',*,*,#1250,.T.);
#1586=ORIENTED_EDGE('',*,*,#1251,.T.);
#1587=ORIENTED_EDGE('',*,*,#1252,.T.);
#1588=ORIENTED_EDGE('',*,*,#1253,.F.);
#1589=ORIENTED_EDGE('',*,*,#1254,.F.);
#1590=ORIENTED_EDGE('',*,*,#1255,.F.);
#1591=ORIENTED_EDGE('',*,*,#1256,.F.);
#1592=ORIENTED_EDGE('',*,*,#1257,.F.);
#1593=ORIENTED_EDGE('',*,*,#1206,.F.);
#1594=ORIENTED_EDGE('',*,*,#1258,.T.);
#1595=ORIENTED_EDGE('',*,*,#1259,.T.);
#1596=ORIENTED_EDGE('',*,*,#1208,.F.);
#1597=ORIENTED_EDGE('',*,*,#1259,.F.);
#1598=ORIENTED_EDGE('',*,*,#1216,.T.);
#1599=ORIENTED_EDGE('',*,*,#1260,.T.);
#1600=ORIENTED_EDGE('',*,*,#1261,.T.);
#1601=ORIENTED_EDGE('',*,*,#1260,.F.);
#1602=ORIENTED_EDGE('',*,*,#1262,.T.);
#1603=ORIENTED_EDGE('',*,*,#1263,.T.);
#1604=ORIENTED_EDGE('',*,*,#1261,.F.);
#1605=ORIENTED_EDGE('',*,*,#1263,.F.);
#1606=ORIENTED_EDGE('',*,*,#1257,.T.);
#1607=ORIENTED_EDGE('',*,*,#1264,.T.);
#1608=ORIENTED_EDGE('',*,*,#1265,.T.);
#1609=ORIENTED_EDGE('',*,*,#1264,.F.);
#1610=ORIENTED_EDGE('',*,*,#1266,.T.);
#1611=ORIENTED_EDGE('',*,*,#1267,.T.);
#1612=ORIENTED_EDGE('',*,*,#1265,.F.);
#1613=ORIENTED_EDGE('',*,*,#1267,.F.);
#1614=ORIENTED_EDGE('',*,*,#1217,.T.);
#1615=ORIENTED_EDGE('',*,*,#1268,.T.);
#1616=ORIENTED_EDGE('',*,*,#1269,.T.);
#1617=ORIENTED_EDGE('',*,*,#1270,.T.);
#1618=ORIENTED_EDGE('',*,*,#1268,.F.);
#1619=ORIENTED_EDGE('',*,*,#1269,.F.);
#1620=ORIENTED_EDGE('',*,*,#1270,.F.);
#1621=ORIENTED_EDGE('',*,*,#1271,.T.);
#1622=ORIENTED_EDGE('',*,*,#1272,.F.);
#1623=ORIENTED_EDGE('',*,*,#1271,.F.);
#1624=ORIENTED_EDGE('',*,*,#1256,.T.);
#1625=ORIENTED_EDGE('',*,*,#1273,.T.);
#1626=ORIENTED_EDGE('',*,*,#1274,.T.);
#1627=ORIENTED_EDGE('',*,*,#1273,.F.);
#1628=ORIENTED_EDGE('',*,*,#1275,.T.);
#1629=ORIENTED_EDGE('',*,*,#1276,.T.);
#1630=ORIENTED_EDGE('',*,*,#1274,.F.);
#1631=ORIENTED_EDGE('',*,*,#1276,.F.);
#1632=ORIENTED_EDGE('',*,*,#1218,.T.);
#1633=ORIENTED_EDGE('',*,*,#1277,.T.);
#1634=ORIENTED_EDGE('',*,*,#1278,.T.);
#1635=ORIENTED_EDGE('',*,*,#1279,.T.);
#1636=ORIENTED_EDGE('',*,*,#1277,.F.);
#1637=ORIENTED_EDGE('',*,*,#1278,.F.);
#1638=ORIENTED_EDGE('',*,*,#1279,.F.);
#1639=ORIENTED_EDGE('',*,*,#1280,.T.);
#1640=ORIENTED_EDGE('',*,*,#1281,.F.);
#1641=ORIENTED_EDGE('',*,*,#1280,.F.);
#1642=ORIENTED_EDGE('',*,*,#1255,.T.);
#1643=ORIENTED_EDGE('',*,*,#1282,.T.);
#1644=ORIENTED_EDGE('',*,*,#1283,.T.);
#1645=ORIENTED_EDGE('',*,*,#1282,.F.);
#1646=ORIENTED_EDGE('',*,*,#1284,.T.);
#1647=ORIENTED_EDGE('',*,*,#1285,.T.);
#1648=ORIENTED_EDGE('',*,*,#1283,.F.);
#1649=ORIENTED_EDGE('',*,*,#1285,.F.);
#1650=ORIENTED_EDGE('',*,*,#1219,.T.);
#1651=ORIENTED_EDGE('',*,*,#1286,.T.);
#1652=ORIENTED_EDGE('',*,*,#1287,.T.);
#1653=ORIENTED_EDGE('',*,*,#1288,.T.);
#1654=ORIENTED_EDGE('',*,*,#1286,.F.);
#1655=ORIENTED_EDGE('',*,*,#1287,.F.);
#1656=ORIENTED_EDGE('',*,*,#1288,.F.);
#1657=ORIENTED_EDGE('',*,*,#1289,.T.);
#1658=ORIENTED_EDGE('',*,*,#1290,.F.);
#1659=ORIENTED_EDGE('',*,*,#1289,.F.);
#1660=ORIENTED_EDGE('',*,*,#1254,.T.);
#1661=ORIENTED_EDGE('',*,*,#1291,.T.);
#1662=ORIENTED_EDGE('',*,*,#1292,.T.);
#1663=ORIENTED_EDGE('',*,*,#1293,.T.);
#1664=ORIENTED_EDGE('',*,*,#1291,.F.);
#1665=ORIENTED_EDGE('',*,*,#1292,.F.);
#1666=ORIENTED_EDGE('',*,*,#1293,.F.);
#1667=ORIENTED_EDGE('',*,*,#1294,.T.);
#1668=ORIENTED_EDGE('',*,*,#1295,.F.);
#1669=ORIENTED_EDGE('',*,*,#1294,.F.);
#1670=ORIENTED_EDGE('',*,*,#1220,.T.);
#1671=ORIENTED_EDGE('',*,*,#1296,.T.);
#1672=ORIENTED_EDGE('',*,*,#1297,.T.);
#1673=ORIENTED_EDGE('',*,*,#1298,.T.);
#1674=ORIENTED_EDGE('',*,*,#1296,.F.);
#1675=ORIENTED_EDGE('',*,*,#1297,.F.);
#1676=ORIENTED_EDGE('',*,*,#1298,.F.);
#1677=ORIENTED_EDGE('',*,*,#1299,.T.);
#1678=ORIENTED_EDGE('',*,*,#1300,.F.);
#1679=ORIENTED_EDGE('',*,*,#1299,.F.);
#1680=ORIENTED_EDGE('',*,*,#1253,.T.);
#1681=ORIENTED_EDGE('',*,*,#1301,.T.);
#1682=ORIENTED_EDGE('',*,*,#1302,.T.);
#1683=ORIENTED_EDGE('',*,*,#1303,.T.);
#1684=ORIENTED_EDGE('',*,*,#1301,.F.);
#1685=ORIENTED_EDGE('',*,*,#1302,.F.);
#1686=ORIENTED_EDGE('',*,*,#1303,.F.);
#1687=ORIENTED_EDGE('',*,*,#1304,.T.);
#1688=ORIENTED_EDGE('',*,*,#1305,.F.);
#1689=ORIENTED_EDGE('',*,*,#1304,.F.);
#1690=ORIENTED_EDGE('',*,*,#1305,.T.);
#1691=ORIENTED_EDGE('',*,*,#1306,.T.);
#1692=ORIENTED_EDGE('',*,*,#1306,.F.);
#1693=ORIENTED_EDGE('',*,*,#1290,.T.);
#1694=ORIENTED_EDGE('',*,*,#1307,.T.);
#1695=ORIENTED_EDGE('',*,*,#1307,.F.);
#1696=ORIENTED_EDGE('',*,*,#1295,.T.);
#1697=ORIENTED_EDGE('',*,*,#1308,.T.);
#1698=ORIENTED_EDGE('',*,*,#1308,.F.);
#1699=ORIENTED_EDGE('',*,*,#1281,.T.);
#1700=ORIENTED_EDGE('',*,*,#1309,.T.);
#1701=ORIENTED_EDGE('',*,*,#1309,.F.);
#1702=ORIENTED_EDGE('',*,*,#1272,.T.);
#1703=ORIENTED_EDGE('',*,*,#1310,.T.);
#1704=ORIENTED_EDGE('',*,*,#1310,.F.);
#1705=ORIENTED_EDGE('',*,*,#1300,.T.);
#1706=ORIENTED_EDGE('',*,*,#1311,.T.);
#1707=ORIENTED_EDGE('',*,*,#1311,.F.);
#1708=ORIENTED_EDGE('',*,*,#1194,.T.);
#1709=ORIENTED_EDGE('',*,*,#1312,.T.);
#1710=ORIENTED_EDGE('',*,*,#1313,.T.);
#1711=ORIENTED_EDGE('',*,*,#1314,.T.);
#1712=ORIENTED_EDGE('',*,*,#1312,.F.);
#1713=ORIENTED_EDGE('',*,*,#1313,.F.);
#1714=ORIENTED_EDGE('',*,*,#1314,.F.);
#1715=ORIENTED_EDGE('',*,*,#1315,.T.);
#1716=ORIENTED_EDGE('',*,*,#1316,.T.);
#1717=ORIENTED_EDGE('',*,*,#1315,.F.);
#1718=ORIENTED_EDGE('',*,*,#1205,.T.);
#1719=ORIENTED_EDGE('',*,*,#1317,.T.);
#1720=ORIENTED_EDGE('',*,*,#1318,.T.);
#1721=ORIENTED_EDGE('',*,*,#1319,.T.);
#1722=ORIENTED_EDGE('',*,*,#1317,.F.);
#1723=ORIENTED_EDGE('',*,*,#1318,.F.);
#1724=ORIENTED_EDGE('',*,*,#1319,.F.);
#1725=ORIENTED_EDGE('',*,*,#1320,.T.);
#1726=ORIENTED_EDGE('',*,*,#1321,.T.);
#1727=ORIENTED_EDGE('',*,*,#1320,.F.);
#1728=ORIENTED_EDGE('',*,*,#1195,.T.);
#1729=ORIENTED_EDGE('',*,*,#1322,.T.);
#1730=ORIENTED_EDGE('',*,*,#1323,.T.);
#1731=ORIENTED_EDGE('',*,*,#1324,.T.);
#1732=ORIENTED_EDGE('',*,*,#1322,.F.);
#1733=ORIENTED_EDGE('',*,*,#1323,.F.);
#1734=ORIENTED_EDGE('',*,*,#1324,.F.);
#1735=ORIENTED_EDGE('',*,*,#1325,.T.);
#1736=ORIENTED_EDGE('',*,*,#1326,.T.);
#1737=ORIENTED_EDGE('',*,*,#1325,.F.);
#1738=ORIENTED_EDGE('',*,*,#1204,.T.);
#1739=ORIENTED_EDGE('',*,*,#1327,.T.);
#1740=ORIENTED_EDGE('',*,*,#1328,.T.);
#1741=ORIENTED_EDGE('',*,*,#1329,.T.);
#1742=ORIENTED_EDGE('',*,*,#1327,.F.);
#1743=ORIENTED_EDGE('',*,*,#1328,.F.);
#1744=ORIENTED_EDGE('',*,*,#1329,.F.);
#1745=ORIENTED_EDGE('',*,*,#1330,.T.);
#1746=ORIENTED_EDGE('',*,*,#1331,.T.);
#1747=ORIENTED_EDGE('',*,*,#1330,.F.);
#1748=ORIENTED_EDGE('',*,*,#1332,.T.);
#1749=ORIENTED_EDGE('',*,*,#1333,.T.);
#1750=ORIENTED_EDGE('',*,*,#1334,.T.);
#1751=ORIENTED_EDGE('',*,*,#1335,.F.);
#1752=ORIENTED_EDGE('',*,*,#1336,.T.);
#1753=ORIENTED_EDGE('',*,*,#1337,.T.);
#1754=ORIENTED_EDGE('',*,*,#1333,.F.);
#1755=ORIENTED_EDGE('',*,*,#1338,.T.);
#1756=ORIENTED_EDGE('',*,*,#1339,.T.);
#1757=ORIENTED_EDGE('',*,*,#1340,.T.);
#1758=ORIENTED_EDGE('',*,*,#1336,.F.);
#1759=ORIENTED_EDGE('',*,*,#1341,.T.);
#1760=ORIENTED_EDGE('',*,*,#1342,.T.);
#1761=ORIENTED_EDGE('',*,*,#1343,.T.);
#1762=ORIENTED_EDGE('',*,*,#1339,.F.);
#1763=ORIENTED_EDGE('',*,*,#1344,.T.);
#1764=ORIENTED_EDGE('',*,*,#1345,.T.);
#1765=ORIENTED_EDGE('',*,*,#1346,.T.);
#1766=ORIENTED_EDGE('',*,*,#1342,.F.);
#1767=ORIENTED_EDGE('',*,*,#1347,.T.);
#1768=ORIENTED_EDGE('',*,*,#1348,.T.);
#1769=ORIENTED_EDGE('',*,*,#1349,.T.);
#1770=ORIENTED_EDGE('',*,*,#1345,.F.);
#1771=ORIENTED_EDGE('',*,*,#1350,.T.);
#1772=ORIENTED_EDGE('',*,*,#1351,.T.);
#1773=ORIENTED_EDGE('',*,*,#1348,.F.);
#1774=ORIENTED_EDGE('',*,*,#1352,.T.);
#1775=ORIENTED_EDGE('',*,*,#1335,.T.);
#1776=ORIENTED_EDGE('',*,*,#1346,.F.);
#1777=ORIENTED_EDGE('',*,*,#1353,.F.);
#1778=ORIENTED_EDGE('',*,*,#1354,.F.);
#1779=ORIENTED_EDGE('',*,*,#1355,.F.);
#1780=ORIENTED_EDGE('',*,*,#1349,.F.);
#1781=ORIENTED_EDGE('',*,*,#1356,.T.);
#1782=ORIENTED_EDGE('',*,*,#1357,.F.);
#1783=ORIENTED_EDGE('',*,*,#1353,.T.);
#1784=ORIENTED_EDGE('',*,*,#1351,.F.);
#1785=ORIENTED_EDGE('',*,*,#1358,.T.);
#1786=ORIENTED_EDGE('',*,*,#1359,.F.);
#1787=ORIENTED_EDGE('',*,*,#1356,.F.);
#1788=ORIENTED_EDGE('',*,*,#1334,.F.);
#1789=ORIENTED_EDGE('',*,*,#1360,.F.);
#1790=ORIENTED_EDGE('',*,*,#1361,.F.);
#1791=ORIENTED_EDGE('',*,*,#1358,.F.);
#1792=ORIENTED_EDGE('',*,*,#1332,.F.);
#1793=ORIENTED_EDGE('',*,*,#1352,.F.);
#1794=ORIENTED_EDGE('',*,*,#1350,.F.);
#1795=ORIENTED_EDGE('',*,*,#1347,.F.);
#1796=ORIENTED_EDGE('',*,*,#1344,.F.);
#1797=ORIENTED_EDGE('',*,*,#1341,.F.);
#1798=ORIENTED_EDGE('',*,*,#1338,.F.);
#1799=ORIENTED_EDGE('',*,*,#1362,.F.);
#1800=ORIENTED_EDGE('',*,*,#1188,.F.);
#1801=ORIENTED_EDGE('',*,*,#1191,.F.);
#1802=ORIENTED_EDGE('',*,*,#1193,.F.);
#1803=ORIENTED_EDGE('',*,*,#1363,.F.);
#1804=ORIENTED_EDGE('',*,*,#1364,.F.);
#1805=ORIENTED_EDGE('',*,*,#1365,.T.);
#1806=ORIENTED_EDGE('',*,*,#1366,.T.);
#1807=ORIENTED_EDGE('',*,*,#1367,.T.);
#1808=ORIENTED_EDGE('',*,*,#1368,.T.);
#1809=ORIENTED_EDGE('',*,*,#1369,.T.);
#1810=ORIENTED_EDGE('',*,*,#1361,.T.);
#1811=ORIENTED_EDGE('',*,*,#1370,.T.);
#1812=ORIENTED_EDGE('',*,*,#1209,.T.);
#1813=ORIENTED_EDGE('',*,*,#1371,.T.);
#1814=ORIENTED_EDGE('',*,*,#1370,.F.);
#1815=ORIENTED_EDGE('',*,*,#1372,.T.);
#1816=ORIENTED_EDGE('',*,*,#1373,.T.);
#1817=ORIENTED_EDGE('',*,*,#1210,.T.);
#1818=ORIENTED_EDGE('',*,*,#1374,.T.);
#1819=ORIENTED_EDGE('',*,*,#1211,.T.);
#1820=ORIENTED_EDGE('',*,*,#1373,.F.);
#1821=ORIENTED_EDGE('',*,*,#1375,.T.);
#1822=ORIENTED_EDGE('',*,*,#1374,.F.);
#1823=ORIENTED_EDGE('',*,*,#1376,.T.);
#1824=ORIENTED_EDGE('',*,*,#1377,.T.);
#1825=ORIENTED_EDGE('',*,*,#1212,.T.);
#1826=ORIENTED_EDGE('',*,*,#1378,.T.);
#1827=ORIENTED_EDGE('',*,*,#1213,.T.);
#1828=ORIENTED_EDGE('',*,*,#1377,.F.);
#1829=ORIENTED_EDGE('',*,*,#1354,.T.);
#1830=ORIENTED_EDGE('',*,*,#1378,.F.);
#1831=ORIENTED_EDGE('',*,*,#1357,.T.);
#1832=ORIENTED_EDGE('',*,*,#1379,.T.);
#1833=ORIENTED_EDGE('',*,*,#1214,.T.);
#1834=ORIENTED_EDGE('',*,*,#1215,.T.);
#1835=ORIENTED_EDGE('',*,*,#1379,.F.);
#1836=ORIENTED_EDGE('',*,*,#1359,.T.);
#1837=ORIENTED_EDGE('',*,*,#1371,.F.);
#1838=ORIENTED_EDGE('',*,*,#1343,.F.);
#1839=ORIENTED_EDGE('',*,*,#1355,.T.);
#1840=ORIENTED_EDGE('',*,*,#1376,.F.);
#1841=ORIENTED_EDGE('',*,*,#1380,.T.);
#1842=ORIENTED_EDGE('',*,*,#1340,.F.);
#1843=ORIENTED_EDGE('',*,*,#1380,.F.);
#1844=ORIENTED_EDGE('',*,*,#1375,.F.);
#1845=ORIENTED_EDGE('',*,*,#1381,.F.);
#1846=ORIENTED_EDGE('',*,*,#1337,.F.);
#1847=ORIENTED_EDGE('',*,*,#1381,.T.);
#1848=ORIENTED_EDGE('',*,*,#1372,.F.);
#1849=ORIENTED_EDGE('',*,*,#1360,.T.);
#1850=ORIENTED_EDGE('',*,*,#1197,.T.);
#1851=ORIENTED_EDGE('',*,*,#1382,.T.);
#1852=ORIENTED_EDGE('',*,*,#1228,.T.);
#1853=ORIENTED_EDGE('',*,*,#1383,.T.);
#1854=ORIENTED_EDGE('',*,*,#1382,.F.);
#1855=ORIENTED_EDGE('',*,*,#1196,.F.);
#1856=ORIENTED_EDGE('',*,*,#1384,.F.);
#1857=ORIENTED_EDGE('',*,*,#1221,.F.);
#1858=ORIENTED_EDGE('',*,*,#1199,.T.);
#1859=ORIENTED_EDGE('',*,*,#1385,.T.);
#1860=ORIENTED_EDGE('',*,*,#1226,.T.);
#1861=ORIENTED_EDGE('',*,*,#1386,.T.);
#1862=ORIENTED_EDGE('',*,*,#1383,.F.);
#1863=ORIENTED_EDGE('',*,*,#1227,.F.);
#1864=ORIENTED_EDGE('',*,*,#1385,.F.);
#1865=ORIENTED_EDGE('',*,*,#1198,.F.);
#1866=ORIENTED_EDGE('',*,*,#1203,.T.);
#1867=ORIENTED_EDGE('',*,*,#1387,.T.);
#1868=ORIENTED_EDGE('',*,*,#1222,.T.);
#1869=ORIENTED_EDGE('',*,*,#1384,.T.);
#1870=ORIENTED_EDGE('',*,*,#1387,.F.);
#1871=ORIENTED_EDGE('',*,*,#1202,.F.);
#1872=ORIENTED_EDGE('',*,*,#1388,.F.);
#1873=ORIENTED_EDGE('',*,*,#1223,.F.);
#1874=ORIENTED_EDGE('',*,*,#1201,.T.);
#1875=ORIENTED_EDGE('',*,*,#1389,.T.);
#1876=ORIENTED_EDGE('',*,*,#1224,.T.);
#1877=ORIENTED_EDGE('',*,*,#1388,.T.);
#1878=ORIENTED_EDGE('',*,*,#1386,.F.);
#1879=ORIENTED_EDGE('',*,*,#1225,.F.);
#1880=ORIENTED_EDGE('',*,*,#1389,.F.);
#1881=ORIENTED_EDGE('',*,*,#1200,.F.);
#1882=ORIENTED_EDGE('',*,*,#1182,.F.);
#1883=ORIENTED_EDGE('',*,*,#1390,.T.);
#1884=ORIENTED_EDGE('',*,*,#1364,.T.);
#1885=ORIENTED_EDGE('',*,*,#1391,.T.);
#1886=ORIENTED_EDGE('',*,*,#1169,.F.);
#1887=ORIENTED_EDGE('',*,*,#1189,.T.);
#1888=ORIENTED_EDGE('',*,*,#1362,.T.);
#1889=ORIENTED_EDGE('',*,*,#1390,.F.);
#1890=ORIENTED_EDGE('',*,*,#1392,.T.);
#1891=ORIENTED_EDGE('',*,*,#1258,.F.);
#1892=ORIENTED_EDGE('',*,*,#1369,.F.);
#1893=ORIENTED_EDGE('',*,*,#1393,.T.);
#1894=ORIENTED_EDGE('',*,*,#1392,.F.);
#1895=ORIENTED_EDGE('',*,*,#1393,.F.);
#1896=ORIENTED_EDGE('',*,*,#1394,.T.);
#1897=ORIENTED_EDGE('',*,*,#1262,.F.);
#1898=ORIENTED_EDGE('',*,*,#1368,.F.);
#1899=ORIENTED_EDGE('',*,*,#1395,.T.);
#1900=ORIENTED_EDGE('',*,*,#1394,.F.);
#1901=ORIENTED_EDGE('',*,*,#1395,.F.);
#1902=ORIENTED_EDGE('',*,*,#1396,.T.);
#1903=ORIENTED_EDGE('',*,*,#1284,.F.);
#1904=ORIENTED_EDGE('',*,*,#1367,.F.);
#1905=ORIENTED_EDGE('',*,*,#1397,.T.);
#1906=ORIENTED_EDGE('',*,*,#1396,.F.);
#1907=ORIENTED_EDGE('',*,*,#1397,.F.);
#1908=ORIENTED_EDGE('',*,*,#1398,.T.);
#1909=ORIENTED_EDGE('',*,*,#1275,.F.);
#1910=ORIENTED_EDGE('',*,*,#1366,.F.);
#1911=ORIENTED_EDGE('',*,*,#1399,.T.);
#1912=ORIENTED_EDGE('',*,*,#1398,.F.);
#1913=ORIENTED_EDGE('',*,*,#1399,.F.);
#1914=ORIENTED_EDGE('',*,*,#1400,.T.);
#1915=ORIENTED_EDGE('',*,*,#1266,.F.);
#1916=ORIENTED_EDGE('',*,*,#1365,.F.);
#1917=ORIENTED_EDGE('',*,*,#1401,.T.);
#1918=ORIENTED_EDGE('',*,*,#1400,.F.);
#1919=ORIENTED_EDGE('',*,*,#1401,.F.);
#1920=ORIENTED_EDGE('',*,*,#1331,.F.);
#1921=ORIENTED_EDGE('',*,*,#1402,.T.);
#1922=ORIENTED_EDGE('',*,*,#1402,.F.);
#1923=ORIENTED_EDGE('',*,*,#1316,.F.);
#1924=ORIENTED_EDGE('',*,*,#1403,.T.);
#1925=ORIENTED_EDGE('',*,*,#1403,.F.);
#1926=ORIENTED_EDGE('',*,*,#1321,.F.);
#1927=ORIENTED_EDGE('',*,*,#1404,.T.);
#1928=ORIENTED_EDGE('',*,*,#1404,.F.);
#1929=ORIENTED_EDGE('',*,*,#1326,.F.);
#1930=ORIENTED_EDGE('',*,*,#1405,.T.);
#1931=ORIENTED_EDGE('',*,*,#1405,.F.);
#1932=ORIENTED_EDGE('',*,*,#1186,.F.);
#1933=ORIENTED_EDGE('',*,*,#1391,.F.);
#1934=ORIENTED_EDGE('',*,*,#1363,.T.);
#1935=ORIENTED_EDGE('',*,*,#1192,.F.);
#1936=ORIENTED_EDGE('',*,*,#1406,.T.);
#1937=ORIENTED_EDGE('',*,*,#1407,.T.);
#1938=ORIENTED_EDGE('',*,*,#1408,.T.);
#1939=ORIENTED_EDGE('',*,*,#1407,.F.);
#1940=ORIENTED_EDGE('',*,*,#1409,.T.);
#1941=ORIENTED_EDGE('',*,*,#1410,.T.);
#1942=ORIENTED_EDGE('',*,*,#1411,.T.);
#1943=ORIENTED_EDGE('',*,*,#1412,.T.);
#1944=ORIENTED_EDGE('',*,*,#1413,.T.);
#1945=ORIENTED_EDGE('',*,*,#1414,.T.);
#1946=ORIENTED_EDGE('',*,*,#1406,.F.);
#1947=ORIENTED_EDGE('',*,*,#1408,.F.);
#1948=ORIENTED_EDGE('',*,*,#1415,.T.);
#1949=ORIENTED_EDGE('',*,*,#1416,.T.);
#1950=ORIENTED_EDGE('',*,*,#1415,.F.);
#1951=ORIENTED_EDGE('',*,*,#1247,.F.);
#1952=ORIENTED_EDGE('',*,*,#1417,.T.);
#1953=ORIENTED_EDGE('',*,*,#1414,.F.);
#1954=ORIENTED_EDGE('',*,*,#1418,.F.);
#1955=ORIENTED_EDGE('',*,*,#1248,.F.);
#1956=ORIENTED_EDGE('',*,*,#1418,.T.);
#1957=ORIENTED_EDGE('',*,*,#1413,.F.);
#1958=ORIENTED_EDGE('',*,*,#1419,.F.);
#1959=ORIENTED_EDGE('',*,*,#1249,.F.);
#1960=ORIENTED_EDGE('',*,*,#1419,.T.);
#1961=ORIENTED_EDGE('',*,*,#1412,.F.);
#1962=ORIENTED_EDGE('',*,*,#1420,.F.);
#1963=ORIENTED_EDGE('',*,*,#1250,.F.);
#1964=ORIENTED_EDGE('',*,*,#1420,.T.);
#1965=ORIENTED_EDGE('',*,*,#1411,.F.);
#1966=ORIENTED_EDGE('',*,*,#1421,.F.);
#1967=ORIENTED_EDGE('',*,*,#1251,.F.);
#1968=ORIENTED_EDGE('',*,*,#1421,.T.);
#1969=ORIENTED_EDGE('',*,*,#1410,.F.);
#1970=ORIENTED_EDGE('',*,*,#1422,.F.);
#1971=ORIENTED_EDGE('',*,*,#1252,.F.);
#1972=ORIENTED_EDGE('',*,*,#1422,.T.);
#1973=ORIENTED_EDGE('',*,*,#1409,.F.);
#1974=ORIENTED_EDGE('',*,*,#1417,.F.);
#1975=ORIENTED_EDGE('',*,*,#1423,.T.);
#1976=ORIENTED_EDGE('',*,*,#1424,.T.);
#1977=ORIENTED_EDGE('',*,*,#1425,.F.);
#1978=ORIENTED_EDGE('',*,*,#1424,.F.);
#1979=ORIENTED_EDGE('',*,*,#1425,.T.);
#1980=ORIENTED_EDGE('',*,*,#1416,.F.);
#1981=ORIENTED_EDGE('',*,*,#1423,.F.);
#1982=ORIENTED_EDGE('',*,*,#1426,.T.);
#1983=ORIENTED_EDGE('',*,*,#1427,.T.);
#1984=ORIENTED_EDGE('',*,*,#1428,.T.);
#1985=ORIENTED_EDGE('',*,*,#1427,.F.);
#1986=ORIENTED_EDGE('',*,*,#1429,.T.);
#1987=ORIENTED_EDGE('',*,*,#1430,.T.);
#1988=ORIENTED_EDGE('',*,*,#1431,.T.);
#1989=ORIENTED_EDGE('',*,*,#1432,.T.);
#1990=ORIENTED_EDGE('',*,*,#1433,.T.);
#1991=ORIENTED_EDGE('',*,*,#1434,.T.);
#1992=ORIENTED_EDGE('',*,*,#1426,.F.);
#1993=ORIENTED_EDGE('',*,*,#1428,.F.);
#1994=ORIENTED_EDGE('',*,*,#1435,.T.);
#1995=ORIENTED_EDGE('',*,*,#1436,.T.);
#1996=ORIENTED_EDGE('',*,*,#1435,.F.);
#1997=ORIENTED_EDGE('',*,*,#1241,.F.);
#1998=ORIENTED_EDGE('',*,*,#1437,.T.);
#1999=ORIENTED_EDGE('',*,*,#1434,.F.);
#2000=ORIENTED_EDGE('',*,*,#1438,.F.);
#2001=ORIENTED_EDGE('',*,*,#1242,.F.);
#2002=ORIENTED_EDGE('',*,*,#1438,.T.);
#2003=ORIENTED_EDGE('',*,*,#1433,.F.);
#2004=ORIENTED_EDGE('',*,*,#1439,.F.);
#2005=ORIENTED_EDGE('',*,*,#1243,.F.);
#2006=ORIENTED_EDGE('',*,*,#1439,.T.);
#2007=ORIENTED_EDGE('',*,*,#1432,.F.);
#2008=ORIENTED_EDGE('',*,*,#1440,.F.);
#2009=ORIENTED_EDGE('',*,*,#1244,.F.);
#2010=ORIENTED_EDGE('',*,*,#1440,.T.);
#2011=ORIENTED_EDGE('',*,*,#1431,.F.);
#2012=ORIENTED_EDGE('',*,*,#1441,.F.);
#2013=ORIENTED_EDGE('',*,*,#1245,.F.);
#2014=ORIENTED_EDGE('',*,*,#1441,.T.);
#2015=ORIENTED_EDGE('',*,*,#1430,.F.);
#2016=ORIENTED_EDGE('',*,*,#1442,.F.);
#2017=ORIENTED_EDGE('',*,*,#1246,.F.);
#2018=ORIENTED_EDGE('',*,*,#1442,.T.);
#2019=ORIENTED_EDGE('',*,*,#1429,.F.);
#2020=ORIENTED_EDGE('',*,*,#1437,.F.);
#2021=ORIENTED_EDGE('',*,*,#1443,.T.);
#2022=ORIENTED_EDGE('',*,*,#1444,.T.);
#2023=ORIENTED_EDGE('',*,*,#1445,.F.);
#2024=ORIENTED_EDGE('',*,*,#1444,.F.);
#2025=ORIENTED_EDGE('',*,*,#1445,.T.);
#2026=ORIENTED_EDGE('',*,*,#1436,.F.);
#2027=ORIENTED_EDGE('',*,*,#1443,.F.);
#2028=ORIENTED_EDGE('',*,*,#1446,.F.);
#2029=ORIENTED_EDGE('',*,*,#1447,.T.);
#2030=ORIENTED_EDGE('',*,*,#1448,.F.);
#2031=ORIENTED_EDGE('',*,*,#1447,.F.);
#2032=ORIENTED_EDGE('',*,*,#1449,.F.);
#2033=ORIENTED_EDGE('',*,*,#1450,.F.);
#2034=ORIENTED_EDGE('',*,*,#1451,.F.);
#2035=ORIENTED_EDGE('',*,*,#1452,.F.);
#2036=ORIENTED_EDGE('',*,*,#1453,.F.);
#2037=ORIENTED_EDGE('',*,*,#1454,.F.);
#2038=ORIENTED_EDGE('',*,*,#1446,.T.);
#2039=ORIENTED_EDGE('',*,*,#1448,.T.);
#2040=ORIENTED_EDGE('',*,*,#1455,.T.);
#2041=ORIENTED_EDGE('',*,*,#1456,.F.);
#2042=ORIENTED_EDGE('',*,*,#1455,.F.);
#2043=ORIENTED_EDGE('',*,*,#1235,.F.);
#2044=ORIENTED_EDGE('',*,*,#1457,.T.);
#2045=ORIENTED_EDGE('',*,*,#1450,.T.);
#2046=ORIENTED_EDGE('',*,*,#1458,.F.);
#2047=ORIENTED_EDGE('',*,*,#1240,.F.);
#2048=ORIENTED_EDGE('',*,*,#1459,.T.);
#2049=ORIENTED_EDGE('',*,*,#1451,.T.);
#2050=ORIENTED_EDGE('',*,*,#1457,.F.);
#2051=ORIENTED_EDGE('',*,*,#1239,.F.);
#2052=ORIENTED_EDGE('',*,*,#1460,.T.);
#2053=ORIENTED_EDGE('',*,*,#1452,.T.);
#2054=ORIENTED_EDGE('',*,*,#1459,.F.);
#2055=ORIENTED_EDGE('',*,*,#1238,.F.);
#2056=ORIENTED_EDGE('',*,*,#1461,.T.);
#2057=ORIENTED_EDGE('',*,*,#1453,.T.);
#2058=ORIENTED_EDGE('',*,*,#1460,.F.);
#2059=ORIENTED_EDGE('',*,*,#1237,.F.);
#2060=ORIENTED_EDGE('',*,*,#1462,.T.);
#2061=ORIENTED_EDGE('',*,*,#1454,.T.);
#2062=ORIENTED_EDGE('',*,*,#1461,.F.);
#2063=ORIENTED_EDGE('',*,*,#1236,.F.);
#2064=ORIENTED_EDGE('',*,*,#1458,.T.);
#2065=ORIENTED_EDGE('',*,*,#1449,.T.);
#2066=ORIENTED_EDGE('',*,*,#1462,.F.);
#2067=ORIENTED_EDGE('',*,*,#1463,.F.);
#2068=ORIENTED_EDGE('',*,*,#1464,.T.);
#2069=ORIENTED_EDGE('',*,*,#1465,.T.);
#2070=ORIENTED_EDGE('',*,*,#1464,.F.);
#2071=ORIENTED_EDGE('',*,*,#1465,.F.);
#2072=ORIENTED_EDGE('',*,*,#1456,.T.);
#2073=ORIENTED_EDGE('',*,*,#1463,.T.);
#2074=ORIENTED_EDGE('',*,*,#1466,.T.);
#2075=ORIENTED_EDGE('',*,*,#1467,.T.);
#2076=ORIENTED_EDGE('',*,*,#1468,.T.);
#2077=ORIENTED_EDGE('',*,*,#1467,.F.);
#2078=ORIENTED_EDGE('',*,*,#1469,.F.);
#2079=ORIENTED_EDGE('',*,*,#1470,.F.);
#2080=ORIENTED_EDGE('',*,*,#1471,.F.);
#2081=ORIENTED_EDGE('',*,*,#1472,.F.);
#2082=ORIENTED_EDGE('',*,*,#1473,.F.);
#2083=ORIENTED_EDGE('',*,*,#1474,.F.);
#2084=ORIENTED_EDGE('',*,*,#1468,.F.);
#2085=ORIENTED_EDGE('',*,*,#1466,.F.);
#2086=ORIENTED_EDGE('',*,*,#1475,.T.);
#2087=ORIENTED_EDGE('',*,*,#1476,.F.);
#2088=ORIENTED_EDGE('',*,*,#1475,.F.);
#2089=ORIENTED_EDGE('',*,*,#1229,.F.);
#2090=ORIENTED_EDGE('',*,*,#1477,.T.);
#2091=ORIENTED_EDGE('',*,*,#1470,.T.);
#2092=ORIENTED_EDGE('',*,*,#1478,.F.);
#2093=ORIENTED_EDGE('',*,*,#1234,.F.);
#2094=ORIENTED_EDGE('',*,*,#1479,.T.);
#2095=ORIENTED_EDGE('',*,*,#1471,.T.);
#2096=ORIENTED_EDGE('',*,*,#1477,.F.);
#2097=ORIENTED_EDGE('',*,*,#1233,.F.);
#2098=ORIENTED_EDGE('',*,*,#1480,.T.);
#2099=ORIENTED_EDGE('',*,*,#1472,.T.);
#2100=ORIENTED_EDGE('',*,*,#1479,.F.);
#2101=ORIENTED_EDGE('',*,*,#1232,.F.);
#2102=ORIENTED_EDGE('',*,*,#1481,.T.);
#2103=ORIENTED_EDGE('',*,*,#1473,.T.);
#2104=ORIENTED_EDGE('',*,*,#1480,.F.);
#2105=ORIENTED_EDGE('',*,*,#1231,.F.);
#2106=ORIENTED_EDGE('',*,*,#1482,.T.);
#2107=ORIENTED_EDGE('',*,*,#1474,.T.);
#2108=ORIENTED_EDGE('',*,*,#1481,.F.);
#2109=ORIENTED_EDGE('',*,*,#1230,.F.);
#2110=ORIENTED_EDGE('',*,*,#1478,.T.);
#2111=ORIENTED_EDGE('',*,*,#1469,.T.);
#2112=ORIENTED_EDGE('',*,*,#1482,.F.);
#2113=ORIENTED_EDGE('',*,*,#1483,.F.);
#2114=ORIENTED_EDGE('',*,*,#1484,.T.);
#2115=ORIENTED_EDGE('',*,*,#1485,.T.);
#2116=ORIENTED_EDGE('',*,*,#1484,.F.);
#2117=ORIENTED_EDGE('',*,*,#1483,.T.);
#2118=ORIENTED_EDGE('',*,*,#1485,.F.);
#2119=ORIENTED_EDGE('',*,*,#1476,.T.);
#2120=PLANE('',#2341);
#2121=PLANE('',#2342);
#2122=PLANE('',#2346);
#2123=PLANE('',#2350);
#2124=PLANE('',#2351);
#2125=PLANE('',#2354);
#2126=PLANE('',#2355);
#2127=PLANE('',#2367);
#2128=PLANE('',#2471);
#2129=PLANE('',#2475);
#2130=PLANE('',#2479);
#2131=PLANE('',#2483);
#2132=PLANE('',#2484);
#2133=PLANE('',#2487);
#2134=PLANE('',#2488);
#2135=PLANE('',#2489);
#2136=PLANE('',#2496);
#2137=PLANE('',#2499);
#2138=PLANE('',#2502);
#2139=PLANE('',#2504);
#2140=PLANE('',#2506);
#2141=PLANE('',#2509);
#2142=PLANE('',#2511);
#2143=PLANE('',#2513);
#2144=PLANE('',#2515);
#2145=PLANE('',#2517);
#2146=PLANE('',#2518);
#2147=PLANE('',#2521);
#2148=PLANE('',#2524);
#2149=PLANE('',#2527);
#2150=PLANE('',#2530);
#2151=PLANE('',#2537);
#2152=PLANE('',#2541);
#2153=PLANE('',#2548);
#2154=PLANE('',#2550);
#2155=PLANE('',#2552);
#2156=PLANE('',#2556);
#2157=PLANE('',#2557);
#2158=PLANE('',#2561);
#2159=PLANE('',#2568);
#2160=PLANE('',#2570);
#2161=PLANE('',#2572);
#2162=PLANE('',#2576);
#2163=PLANE('',#2577);
#2164=PLANE('',#2581);
#2165=PLANE('',#2588);
#2166=PLANE('',#2590);
#2167=PLANE('',#2592);
#2168=PLANE('',#2596);
#2169=PLANE('',#2597);
#2170=PLANE('',#2601);
#2171=PLANE('',#2608);
#2172=PLANE('',#2610);
#2173=PLANE('',#2612);
#2174=PLANE('',#2616);
#2175=PLANE('',#2617);
#2176=ADVANCED_FACE('',(#276),#2120,.T.);
#2177=ADVANCED_FACE('',(#277),#2121,.T.);
#2178=ADVANCED_FACE('',(#278),#239,.T.);
#2179=ADVANCED_FACE('',(#279),#2122,.T.);
#2180=ADVANCED_FACE('',(#280),#240,.T.);
#2181=ADVANCED_FACE('',(#281),#2123,.T.);
#2182=ADVANCED_FACE('',(#282),#2124,.F.);
#2183=ADVANCED_FACE('',(#283),#55,.T.);
#2184=ADVANCED_FACE('',(#284),#2125,.F.);
#2185=ADVANCED_FACE('',(#285,#15,#16,#17,#18,#19),#2126,.F.);
#2186=ADVANCED_FACE('',(#286),#241,.F.);
#2187=ADVANCED_FACE('',(#287,#20,#21,#22,#23,#24,#25,#26,#27,#28,#29,#30,
#31,#32,#33,#34,#35),#2127,.T.);
#2188=ADVANCED_FACE('',(#288),#56,.F.);
#2189=ADVANCED_FACE('',(#289),#242,.F.);
#2190=ADVANCED_FACE('',(#290),#57,.F.);
#2191=ADVANCED_FACE('',(#291),#243,.F.);
#2192=ADVANCED_FACE('',(#292),#58,.F.);
#2193=ADVANCED_FACE('',(#293),#244,.F.);
#2194=ADVANCED_FACE('',(#294),#59,.F.);
#2195=ADVANCED_FACE('',(#295),#245,.F.);
#2196=ADVANCED_FACE('',(#296),#60,.F.);
#2197=ADVANCED_FACE('',(#297),#246,.F.);
#2198=ADVANCED_FACE('',(#298),#61,.F.);
#2199=ADVANCED_FACE('',(#299),#247,.F.);
#2200=ADVANCED_FACE('',(#300),#62,.F.);
#2201=ADVANCED_FACE('',(#301),#248,.F.);
#2202=ADVANCED_FACE('',(#302),#63,.F.);
#2203=ADVANCED_FACE('',(#303),#249,.F.);
#2204=ADVANCED_FACE('',(#304),#64,.F.);
#2205=ADVANCED_FACE('',(#305),#250,.F.);
#2206=ADVANCED_FACE('',(#306),#65,.F.);
#2207=ADVANCED_FACE('',(#307),#251,.F.);
#2208=ADVANCED_FACE('',(#308),#66,.F.);
#2209=ADVANCED_FACE('',(#309),#252,.F.);
#2210=ADVANCED_FACE('',(#310),#253,.F.);
#2211=ADVANCED_FACE('',(#311),#254,.F.);
#2212=ADVANCED_FACE('',(#312),#255,.F.);
#2213=ADVANCED_FACE('',(#313),#256,.F.);
#2214=ADVANCED_FACE('',(#314),#257,.F.);
#2215=ADVANCED_FACE('',(#315),#258,.F.);
#2216=ADVANCED_FACE('',(#316),#67,.F.);
#2217=ADVANCED_FACE('',(#317),#259,.F.);
#2218=ADVANCED_FACE('',(#318),#68,.F.);
#2219=ADVANCED_FACE('',(#319),#260,.F.);
#2220=ADVANCED_FACE('',(#320),#69,.F.);
#2221=ADVANCED_FACE('',(#321),#261,.F.);
#2222=ADVANCED_FACE('',(#322),#70,.F.);
#2223=ADVANCED_FACE('',(#323),#2128,.T.);
#2224=ADVANCED_FACE('',(#324),#262,.T.);
#2225=ADVANCED_FACE('',(#325),#2129,.T.);
#2226=ADVANCED_FACE('',(#326),#263,.T.);
#2227=ADVANCED_FACE('',(#327),#2130,.T.);
#2228=ADVANCED_FACE('',(#328),#264,.T.);
#2229=ADVANCED_FACE('',(#329),#2131,.T.);
#2230=ADVANCED_FACE('',(#330),#2132,.T.);
#2231=ADVANCED_FACE('',(#331),#71,.T.);
#2232=ADVANCED_FACE('',(#332),#2133,.T.);
#2233=ADVANCED_FACE('',(#333),#2134,.T.);
#2234=ADVANCED_FACE('',(#334,#36,#37,#38,#39,#40,#41),#2135,.F.);
#2235=ADVANCED_FACE('',(#335),#2136,.T.);
#2236=ADVANCED_FACE('',(#336),#265,.T.);
#2237=ADVANCED_FACE('',(#337),#2137,.T.);
#2238=ADVANCED_FACE('',(#338),#266,.T.);
#2239=ADVANCED_FACE('',(#339),#2138,.T.);
#2240=ADVANCED_FACE('',(#340),#267,.T.);
#2241=ADVANCED_FACE('',(#341),#2139,.T.);
#2242=ADVANCED_FACE('',(#342),#72,.T.);
#2243=ADVANCED_FACE('',(#343),#2140,.T.);
#2244=ADVANCED_FACE('',(#344),#73,.T.);
#2245=ADVANCED_FACE('',(#345),#74,.F.);
#2246=ADVANCED_FACE('',(#346),#2141,.F.);
#2247=ADVANCED_FACE('',(#347),#75,.F.);
#2248=ADVANCED_FACE('',(#348),#2142,.F.);
#2249=ADVANCED_FACE('',(#349),#76,.F.);
#2250=ADVANCED_FACE('',(#350),#2143,.F.);
#2251=ADVANCED_FACE('',(#351),#77,.F.);
#2252=ADVANCED_FACE('',(#352),#2144,.F.);
#2253=ADVANCED_FACE('',(#353),#78,.T.);
#2254=ADVANCED_FACE('',(#354),#2145,.F.);
#2255=ADVANCED_FACE('',(#355,#42),#2146,.F.);
#2256=ADVANCED_FACE('',(#356),#79,.F.);
#2257=ADVANCED_FACE('',(#357,#43),#2147,.F.);
#2258=ADVANCED_FACE('',(#358),#80,.F.);
#2259=ADVANCED_FACE('',(#359,#44),#2148,.F.);
#2260=ADVANCED_FACE('',(#360),#81,.F.);
#2261=ADVANCED_FACE('',(#361,#45),#2149,.F.);
#2262=ADVANCED_FACE('',(#362),#82,.F.);
#2263=ADVANCED_FACE('',(#363,#46),#2150,.F.);
#2264=ADVANCED_FACE('',(#364),#83,.F.);
#2265=ADVANCED_FACE('',(#365),#268,.F.);
#2266=ADVANCED_FACE('',(#366),#269,.F.);
#2267=ADVANCED_FACE('',(#367),#270,.F.);
#2268=ADVANCED_FACE('',(#368),#271,.F.);
#2269=ADVANCED_FACE('',(#369),#2151,.F.);
#2270=ADVANCED_FACE('',(#370),#272,.F.);
#2271=ADVANCED_FACE('',(#371,#47),#2152,.T.);
#2272=ADVANCED_FACE('',(#372),#84,.F.);
#2273=ADVANCED_FACE('',(#373),#85,.F.);
#2274=ADVANCED_FACE('',(#374),#2153,.T.);
#2275=ADVANCED_FACE('',(#375),#86,.F.);
#2276=ADVANCED_FACE('',(#376),#2154,.T.);
#2277=ADVANCED_FACE('',(#377),#87,.F.);
#2278=ADVANCED_FACE('',(#378),#2155,.T.);
#2279=ADVANCED_FACE('',(#379),#88,.F.);
#2280=ADVANCED_FACE('',(#380,#48),#2156,.F.);
#2281=ADVANCED_FACE('',(#381),#2157,.T.);
#2282=ADVANCED_FACE('',(#382),#273,.F.);
#2283=ADVANCED_FACE('',(#383,#49),#2158,.T.);
#2284=ADVANCED_FACE('',(#384),#89,.F.);
#2285=ADVANCED_FACE('',(#385),#90,.F.);
#2286=ADVANCED_FACE('',(#386),#2159,.T.);
#2287=ADVANCED_FACE('',(#387),#91,.F.);
#2288=ADVANCED_FACE('',(#388),#2160,.T.);
#2289=ADVANCED_FACE('',(#389),#92,.F.);
#2290=ADVANCED_FACE('',(#390),#2161,.T.);
#2291=ADVANCED_FACE('',(#391),#93,.F.);
#2292=ADVANCED_FACE('',(#392,#50),#2162,.F.);
#2293=ADVANCED_FACE('',(#393),#2163,.T.);
#2294=ADVANCED_FACE('',(#394),#274,.F.);
#2295=ADVANCED_FACE('',(#395,#51),#2164,.F.);
#2296=ADVANCED_FACE('',(#396),#94,.F.);
#2297=ADVANCED_FACE('',(#397),#95,.F.);
#2298=ADVANCED_FACE('',(#398),#2165,.F.);
#2299=ADVANCED_FACE('',(#399),#96,.F.);
#2300=ADVANCED_FACE('',(#400),#2166,.F.);
#2301=ADVANCED_FACE('',(#401),#97,.F.);
#2302=ADVANCED_FACE('',(#402),#2167,.F.);
#2303=ADVANCED_FACE('',(#403),#98,.F.);
#2304=ADVANCED_FACE('',(#404,#52),#2168,.T.);
#2305=ADVANCED_FACE('',(#405),#2169,.F.);
#2306=ADVANCED_FACE('',(#406),#275,.F.);
#2307=ADVANCED_FACE('',(#407,#53),#2170,.F.);
#2308=ADVANCED_FACE('',(#408),#99,.F.);
#2309=ADVANCED_FACE('',(#409),#100,.F.);
#2310=ADVANCED_FACE('',(#410),#2171,.F.);
#2311=ADVANCED_FACE('',(#411),#101,.F.);
#2312=ADVANCED_FACE('',(#412),#2172,.F.);
#2313=ADVANCED_FACE('',(#413),#102,.F.);
#2314=ADVANCED_FACE('',(#414),#2173,.F.);
#2315=ADVANCED_FACE('',(#415),#103,.F.);
#2316=ADVANCED_FACE('',(#416),#2174,.F.);
#2317=ADVANCED_FACE('',(#417,#54),#2175,.T.);
#2318=CLOSED_SHELL('',(#2176,#2177,#2178,#2179,#2180,#2181,#2182,#2183,
#2184,#2185,#2186,#2187,#2188,#2189,#2190,#2191,#2192,#2193,#2194,#2195,
#2196,#2197,#2198,#2199,#2200,#2201,#2202,#2203,#2204,#2205,#2206,#2207,
#2208,#2209,#2210,#2211,#2212,#2213,#2214,#2215,#2216,#2217,#2218,#2219,
#2220,#2221,#2222,#2223,#2224,#2225,#2226,#2227,#2228,#2229,#2230,#2231,
#2232,#2233,#2234,#2235,#2236,#2237,#2238,#2239,#2240,#2241,#2242,#2243,
#2244,#2245,#2246,#2247,#2248,#2249,#2250,#2251,#2252,#2253,#2254,#2255,
#2256,#2257,#2258,#2259,#2260,#2261,#2262,#2263,#2264,#2265,#2266,#2267,
#2268,#2269,#2270,#2271,#2272,#2273,#2274,#2275,#2276,#2277,#2278,#2279,
#2280,#2281,#2282,#2283,#2284,#2285,#2286,#2287,#2288,#2289,#2290,#2291,
#2292,#2293,#2294,#2295,#2296,#2297,#2298,#2299,#2300,#2301,#2302,#2303,
#2304,#2305,#2306,#2307,#2308,#2309,#2310,#2311,#2312,#2313,#2314,#2315,
#2316,#2317));
#2319=DERIVED_UNIT_ELEMENT(#2322,1.);
#2320=DERIVED_UNIT_ELEMENT(#4026,-3.);
#2321=DIMENSIONAL_EXPONENTS(0.,1.,0.,0.,0.,0.,0.);
#2322=(
CONVERSION_BASED_UNIT('gram',#2324)
MASS_UNIT()
NAMED_UNIT(#2321)
);
#2323=(
MASS_UNIT()
NAMED_UNIT(*)
SI_UNIT(.KILO.,.GRAM.)
);
#2324=MASS_MEASURE_WITH_UNIT(MASS_MEASURE(0.001),#2323);
#2325=DERIVED_UNIT((#2319,#2320));
#2326=MEASURE_REPRESENTATION_ITEM('density measure',
POSITIVE_RATIO_MEASURE(1.),#2325);
#2327=PROPERTY_DEFINITION_REPRESENTATION(#2332,#2329);
#2328=PROPERTY_DEFINITION_REPRESENTATION(#2333,#2330);
#2329=REPRESENTATION('material name',(#2331),#4023);
#2330=REPRESENTATION('density',(#2326),#4023);
#2331=DESCRIPTIVE_REPRESENTATION_ITEM('Generisch','Generisch');
#2332=PROPERTY_DEFINITION('material property','material name',#4033);
#2333=PROPERTY_DEFINITION('material property','density of part',#4033);
#2334=DATE_TIME_ROLE('creation_date');
#2335=APPLIED_DATE_AND_TIME_ASSIGNMENT(#2336,#2334,(#4033));
#2336=DATE_AND_TIME(#2337,#2338);
#2337=CALENDAR_DATE(2024,9,12);
#2338=LOCAL_TIME(0,0,0.,#2339);
#2339=COORDINATED_UNIVERSAL_TIME_OFFSET(0,0,.BEHIND.);
#2340=AXIS2_PLACEMENT_3D('',#3356,#2618,#2619);
#2341=AXIS2_PLACEMENT_3D('',#3357,#2620,#2621);
#2342=AXIS2_PLACEMENT_3D('',#3366,#2626,#2627);
#2343=AXIS2_PLACEMENT_3D('',#3375,#2632,#2633);
#2344=AXIS2_PLACEMENT_3D('',#3377,#2634,#2635);
#2345=AXIS2_PLACEMENT_3D('',#3380,#2637,#2638);
#2346=AXIS2_PLACEMENT_3D('',#3381,#2639,#2640);
#2347=AXIS2_PLACEMENT_3D('',#3384,#2643,#2644);
#2348=AXIS2_PLACEMENT_3D('',#3386,#2645,#2646);
#2349=AXIS2_PLACEMENT_3D('',#3389,#2648,#2649);
#2350=AXIS2_PLACEMENT_3D('',#3390,#2650,#2651);
#2351=AXIS2_PLACEMENT_3D('',#3393,#2654,#2655);
#2352=AXIS2_PLACEMENT_3D('',#3399,#2659,#2660);
#2353=AXIS2_PLACEMENT_3D('',#3402,#2662,#2663);
#2354=AXIS2_PLACEMENT_3D('',#3403,#2664,#2665);
#2355=AXIS2_PLACEMENT_3D('',#3407,#2668,#2669);
#2356=AXIS2_PLACEMENT_3D('',#3409,#2670,#2671);
#2357=AXIS2_PLACEMENT_3D('',#3411,#2672,#2673);
#2358=AXIS2_PLACEMENT_3D('',#3416,#2675,#2676);
#2359=AXIS2_PLACEMENT_3D('',#3420,#2678,#2679);
#2360=AXIS2_PLACEMENT_3D('',#3424,#2681,#2682);
#2361=AXIS2_PLACEMENT_3D('',#3427,#2684,#2685);
#2362=AXIS2_PLACEMENT_3D('',#3429,#2686,#2687);
#2363=AXIS2_PLACEMENT_3D('',#3431,#2688,#2689);
#2364=AXIS2_PLACEMENT_3D('',#3432,#2690,#2691);
#2365=AXIS2_PLACEMENT_3D('',#3434,#2692,#2693);
#2366=AXIS2_PLACEMENT_3D('',#3437,#2695,#2696);
#2367=AXIS2_PLACEMENT_3D('',#3438,#2697,#2698);
#2368=AXIS2_PLACEMENT_3D('',#3443,#2700,#2701);
#2369=AXIS2_PLACEMENT_3D('',#3447,#2703,#2704);
#2370=AXIS2_PLACEMENT_3D('',#3451,#2706,#2707);
#2371=AXIS2_PLACEMENT_3D('',#3454,#2709,#2710);
#2372=AXIS2_PLACEMENT_3D('',#3456,#2711,#2712);
#2373=AXIS2_PLACEMENT_3D('',#3458,#2713,#2714);
#2374=AXIS2_PLACEMENT_3D('',#3460,#2715,#2716);
#2375=AXIS2_PLACEMENT_3D('',#3462,#2717,#2718);
#2376=AXIS2_PLACEMENT_3D('',#3467,#2720,#2721);
#2377=AXIS2_PLACEMENT_3D('',#3471,#2723,#2724);
#2378=AXIS2_PLACEMENT_3D('',#3475,#2726,#2727);
#2379=AXIS2_PLACEMENT_3D('',#3478,#2729,#2730);
#2380=AXIS2_PLACEMENT_3D('',#3481,#2731,#2732);
#2381=AXIS2_PLACEMENT_3D('',#3485,#2734,#2735);
#2382=AXIS2_PLACEMENT_3D('',#3489,#2737,#2738);
#2383=AXIS2_PLACEMENT_3D('',#3493,#2740,#2741);
#2384=AXIS2_PLACEMENT_3D('',#3497,#2743,#2744);
#2385=AXIS2_PLACEMENT_3D('',#3501,#2746,#2747);
#2386=AXIS2_PLACEMENT_3D('',#3505,#2749,#2750);
#2387=AXIS2_PLACEMENT_3D('',#3509,#2752,#2753);
#2388=AXIS2_PLACEMENT_3D('',#3513,#2755,#2756);
#2389=AXIS2_PLACEMENT_3D('',#3517,#2758,#2759);
#2390=AXIS2_PLACEMENT_3D('',#3521,#2761,#2762);
#2391=AXIS2_PLACEMENT_3D('',#3525,#2764,#2765);
#2392=AXIS2_PLACEMENT_3D('',#3528,#2767,#2768);
#2393=AXIS2_PLACEMENT_3D('',#3530,#2769,#2770);
#2394=AXIS2_PLACEMENT_3D('',#3532,#2771,#2772);
#2395=AXIS2_PLACEMENT_3D('',#3534,#2773,#2774);
#2396=AXIS2_PLACEMENT_3D('',#3536,#2775,#2776);
#2397=AXIS2_PLACEMENT_3D('',#3537,#2777,#2778);
#2398=AXIS2_PLACEMENT_3D('',#3539,#2779,#2780);
#2399=AXIS2_PLACEMENT_3D('',#3541,#2782,#2783);
#2400=AXIS2_PLACEMENT_3D('',#3544,#2785,#2786);
#2401=AXIS2_PLACEMENT_3D('',#3545,#2787,#2788);
#2402=AXIS2_PLACEMENT_3D('',#3547,#2789,#2790);
#2403=AXIS2_PLACEMENT_3D('',#3549,#2792,#2793);
#2404=AXIS2_PLACEMENT_3D('',#3552,#2795,#2796);
#2405=AXIS2_PLACEMENT_3D('',#3553,#2797,#2798);
#2406=AXIS2_PLACEMENT_3D('',#3555,#2799,#2800);
#2407=AXIS2_PLACEMENT_3D('',#3557,#2802,#2803);
#2408=AXIS2_PLACEMENT_3D('',#3561,#2805,#2806);
#2409=AXIS2_PLACEMENT_3D('',#3562,#2807,#2808);
#2410=AXIS2_PLACEMENT_3D('',#3563,#2809,#2810);
#2411=AXIS2_PLACEMENT_3D('',#3566,#2812,#2813);
#2412=AXIS2_PLACEMENT_3D('',#3567,#2814,#2815);
#2413=AXIS2_PLACEMENT_3D('',#3570,#2817,#2818);
#2414=AXIS2_PLACEMENT_3D('',#3571,#2819,#2820);
#2415=AXIS2_PLACEMENT_3D('',#3573,#2821,#2822);
#2416=AXIS2_PLACEMENT_3D('',#3575,#2824,#2825);
#2417=AXIS2_PLACEMENT_3D('',#3579,#2827,#2828);
#2418=AXIS2_PLACEMENT_3D('',#3580,#2829,#2830);
#2419=AXIS2_PLACEMENT_3D('',#3581,#2831,#2832);
#2420=AXIS2_PLACEMENT_3D('',#3584,#2834,#2835);
#2421=AXIS2_PLACEMENT_3D('',#3585,#2836,#2837);
#2422=AXIS2_PLACEMENT_3D('',#3588,#2839,#2840);
#2423=AXIS2_PLACEMENT_3D('',#3589,#2841,#2842);
#2424=AXIS2_PLACEMENT_3D('',#3591,#2843,#2844);
#2425=AXIS2_PLACEMENT_3D('',#3593,#2846,#2847);
#2426=AXIS2_PLACEMENT_3D('',#3597,#2849,#2850);
#2427=AXIS2_PLACEMENT_3D('',#3598,#2851,#2852);
#2428=AXIS2_PLACEMENT_3D('',#3599,#2853,#2854);
#2429=AXIS2_PLACEMENT_3D('',#3602,#2856,#2857);
#2430=AXIS2_PLACEMENT_3D('',#3603,#2858,#2859);
#2431=AXIS2_PLACEMENT_3D('',#3607,#2861,#2862);
#2432=AXIS2_PLACEMENT_3D('',#3608,#2863,#2864);
#2433=AXIS2_PLACEMENT_3D('',#3609,#2865,#2866);
#2434=AXIS2_PLACEMENT_3D('',#3612,#2868,#2869);
#2435=AXIS2_PLACEMENT_3D('',#3613,#2870,#2871);
#2436=AXIS2_PLACEMENT_3D('',#3617,#2873,#2874);
#2437=AXIS2_PLACEMENT_3D('',#3618,#2875,#2876);
#2438=AXIS2_PLACEMENT_3D('',#3619,#2877,#2878);
#2439=AXIS2_PLACEMENT_3D('',#3622,#2880,#2881);
#2440=AXIS2_PLACEMENT_3D('',#3623,#2882,#2883);
#2441=AXIS2_PLACEMENT_3D('',#3627,#2885,#2886);
#2442=AXIS2_PLACEMENT_3D('',#3628,#2887,#2888);
#2443=AXIS2_PLACEMENT_3D('',#3629,#2889,#2890);
#2444=AXIS2_PLACEMENT_3D('',#3632,#2892,#2893);
#2445=AXIS2_PLACEMENT_3D('',#3633,#2894,#2895);
#2446=AXIS2_PLACEMENT_3D('',#3636,#2897,#2898);
#2447=AXIS2_PLACEMENT_3D('',#3639,#2900,#2901);
#2448=AXIS2_PLACEMENT_3D('',#3642,#2903,#2904);
#2449=AXIS2_PLACEMENT_3D('',#3645,#2906,#2907);
#2450=AXIS2_PLACEMENT_3D('',#3648,#2909,#2910);
#2451=AXIS2_PLACEMENT_3D('',#3651,#2912,#2913);
#2452=AXIS2_PLACEMENT_3D('',#3655,#2915,#2916);
#2453=AXIS2_PLACEMENT_3D('',#3656,#2917,#2918);
#2454=AXIS2_PLACEMENT_3D('',#3657,#2919,#2920);
#2455=AXIS2_PLACEMENT_3D('',#3660,#2922,#2923);
#2456=AXIS2_PLACEMENT_3D('',#3661,#2924,#2925);
#2457=AXIS2_PLACEMENT_3D('',#3665,#2927,#2928);
#2458=AXIS2_PLACEMENT_3D('',#3666,#2929,#2930);
#2459=AXIS2_PLACEMENT_3D('',#3667,#2931,#2932);
#2460=AXIS2_PLACEMENT_3D('',#3670,#2934,#2935);
#2461=AXIS2_PLACEMENT_3D('',#3671,#2936,#2937);
#2462=AXIS2_PLACEMENT_3D('',#3675,#2939,#2940);
#2463=AXIS2_PLACEMENT_3D('',#3676,#2941,#2942);
#2464=AXIS2_PLACEMENT_3D('',#3677,#2943,#2944);
#2465=AXIS2_PLACEMENT_3D('',#3680,#2946,#2947);
#2466=AXIS2_PLACEMENT_3D('',#3681,#2948,#2949);
#2467=AXIS2_PLACEMENT_3D('',#3685,#2951,#2952);
#2468=AXIS2_PLACEMENT_3D('',#3686,#2953,#2954);
#2469=AXIS2_PLACEMENT_3D('',#3687,#2955,#2956);
#2470=AXIS2_PLACEMENT_3D('',#3690,#2958,#2959);
#2471=AXIS2_PLACEMENT_3D('',#3691,#2960,#2961);
#2472=AXIS2_PLACEMENT_3D('',#3700,#2966,#2967);
#2473=AXIS2_PLACEMENT_3D('',#3704,#2969,#2970);
#2474=AXIS2_PLACEMENT_3D('',#3705,#2971,#2972);
#2475=AXIS2_PLACEMENT_3D('',#3706,#2973,#2974);
#2476=AXIS2_PLACEMENT_3D('',#3712,#2978,#2979);
#2477=AXIS2_PLACEMENT_3D('',#3716,#2981,#2982);
#2478=AXIS2_PLACEMENT_3D('',#3717,#2983,#2984);
#2479=AXIS2_PLACEMENT_3D('',#3718,#2985,#2986);
#2480=AXIS2_PLACEMENT_3D('',#3724,#2990,#2991);
#2481=AXIS2_PLACEMENT_3D('',#3728,#2993,#2994);
#2482=AXIS2_PLACEMENT_3D('',#3729,#2995,#2996);
#2483=AXIS2_PLACEMENT_3D('',#3730,#2997,#2998);
#2484=AXIS2_PLACEMENT_3D('',#3733,#3001,#3002);
#2485=AXIS2_PLACEMENT_3D('',#3739,#3006,#3007);
#2486=AXIS2_PLACEMENT_3D('',#3742,#3009,#3010);
#2487=AXIS2_PLACEMENT_3D('',#3743,#3011,#3012);
#2488=AXIS2_PLACEMENT_3D('',#3747,#3015,#3016);
#2489=AXIS2_PLACEMENT_3D('',#3751,#3019,#3020);
#2490=AXIS2_PLACEMENT_3D('',#3756,#3023,#3024);
#2491=AXIS2_PLACEMENT_3D('',#3758,#3025,#3026);
#2492=AXIS2_PLACEMENT_3D('',#3760,#3027,#3028);
#2493=AXIS2_PLACEMENT_3D('',#3762,#3029,#3030);
#2494=AXIS2_PLACEMENT_3D('',#3764,#3031,#3032);
#2495=AXIS2_PLACEMENT_3D('',#3766,#3033,#3034);
#2496=AXIS2_PLACEMENT_3D('',#3767,#3035,#3036);
#2497=AXIS2_PLACEMENT_3D('',#3770,#3039,#3040);
#2498=AXIS2_PLACEMENT_3D('',#3772,#3041,#3042);
#2499=AXIS2_PLACEMENT_3D('',#3774,#3044,#3045);
#2500=AXIS2_PLACEMENT_3D('',#3778,#3048,#3049);
#2501=AXIS2_PLACEMENT_3D('',#3779,#3050,#3051);
#2502=AXIS2_PLACEMENT_3D('',#3781,#3053,#3054);
#2503=AXIS2_PLACEMENT_3D('',#3783,#3056,#3057);
#2504=AXIS2_PLACEMENT_3D('',#3785,#3059,#3060);
#2505=AXIS2_PLACEMENT_3D('',#3786,#3061,#3062);
#2506=AXIS2_PLACEMENT_3D('',#3788,#3064,#3065);
#2507=AXIS2_PLACEMENT_3D('',#3790,#3067,#3068);
#2508=AXIS2_PLACEMENT_3D('',#3791,#3069,#3070);
#2509=AXIS2_PLACEMENT_3D('',#3794,#3073,#3074);
#2510=AXIS2_PLACEMENT_3D('',#3796,#3076,#3077);
#2511=AXIS2_PLACEMENT_3D('',#3799,#3080,#3081);
#2512=AXIS2_PLACEMENT_3D('',#3800,#3082,#3083);
#2513=AXIS2_PLACEMENT_3D('',#3802,#3085,#3086);
#2514=AXIS2_PLACEMENT_3D('',#3804,#3088,#3089);
#2515=AXIS2_PLACEMENT_3D('',#3806,#3091,#3092);
#2516=AXIS2_PLACEMENT_3D('',#3807,#3093,#3094);
#2517=AXIS2_PLACEMENT_3D('',#3810,#3097,#3098);
#2518=AXIS2_PLACEMENT_3D('',#3811,#3099,#3100);
#2519=AXIS2_PLACEMENT_3D('',#3813,#3101,#3102);
#2520=AXIS2_PLACEMENT_3D('',#3814,#3103,#3104);
#2521=AXIS2_PLACEMENT_3D('',#3816,#3106,#3107);
#2522=AXIS2_PLACEMENT_3D('',#3818,#3108,#3109);
#2523=AXIS2_PLACEMENT_3D('',#3819,#3110,#3111);
#2524=AXIS2_PLACEMENT_3D('',#3821,#3113,#3114);
#2525=AXIS2_PLACEMENT_3D('',#3823,#3115,#3116);
#2526=AXIS2_PLACEMENT_3D('',#3824,#3117,#3118);
#2527=AXIS2_PLACEMENT_3D('',#3826,#3120,#3121);
#2528=AXIS2_PLACEMENT_3D('',#3828,#3122,#3123);
#2529=AXIS2_PLACEMENT_3D('',#3829,#3124,#3125);
#2530=AXIS2_PLACEMENT_3D('',#3831,#3127,#3128);
#2531=AXIS2_PLACEMENT_3D('',#3833,#3129,#3130);
#2532=AXIS2_PLACEMENT_3D('',#3834,#3131,#3132);
#2533=AXIS2_PLACEMENT_3D('',#3836,#3134,#3135);
#2534=AXIS2_PLACEMENT_3D('',#3839,#3137,#3138);
#2535=AXIS2_PLACEMENT_3D('',#3842,#3140,#3141);
#2536=AXIS2_PLACEMENT_3D('',#3845,#3143,#3144);
#2537=AXIS2_PLACEMENT_3D('',#3848,#3146,#3147);
#2538=AXIS2_PLACEMENT_3D('',#3849,#3148,#3149);
#2539=AXIS2_PLACEMENT_3D('',#3851,#3150,#3151);
#2540=AXIS2_PLACEMENT_3D('',#3854,#3153,#3154);
#2541=AXIS2_PLACEMENT_3D('',#3855,#3155,#3156);
#2542=AXIS2_PLACEMENT_3D('',#3860,#3158,#3159);
#2543=AXIS2_PLACEMENT_3D('',#3864,#3161,#3162);
#2544=AXIS2_PLACEMENT_3D('',#3867,#3164,#3165);
#2545=AXIS2_PLACEMENT_3D('',#3868,#3166,#3167);
#2546=AXIS2_PLACEMENT_3D('',#3871,#3169,#3170);
#2547=AXIS2_PLACEMENT_3D('',#3872,#3171,#3172);
#2548=AXIS2_PLACEMENT_3D('',#3875,#3175,#3176);
#2549=AXIS2_PLACEMENT_3D('',#3877,#3178,#3179);
#2550=AXIS2_PLACEMENT_3D('',#3879,#3181,#3182);
#2551=AXIS2_PLACEMENT_3D('',#3881,#3184,#3185);
#2552=AXIS2_PLACEMENT_3D('',#3883,#3187,#3188);
#2553=AXIS2_PLACEMENT_3D('',#3884,#3189,#3190);
#2554=AXIS2_PLACEMENT_3D('',#3886,#3191,#3192);
#2555=AXIS2_PLACEMENT_3D('',#3889,#3194,#3195);
#2556=AXIS2_PLACEMENT_3D('',#3890,#3196,#3197);
#2557=AXIS2_PLACEMENT_3D('',#3891,#3198,#3199);
#2558=AXIS2_PLACEMENT_3D('',#3892,#3200,#3201);
#2559=AXIS2_PLACEMENT_3D('',#3894,#3202,#3203);
#2560=AXIS2_PLACEMENT_3D('',#3897,#3205,#3206);
#2561=AXIS2_PLACEMENT_3D('',#3898,#3207,#3208);
#2562=AXIS2_PLACEMENT_3D('',#3903,#3210,#3211);
#2563=AXIS2_PLACEMENT_3D('',#3907,#3213,#3214);
#2564=AXIS2_PLACEMENT_3D('',#3910,#3216,#3217);
#2565=AXIS2_PLACEMENT_3D('',#3911,#3218,#3219);
#2566=AXIS2_PLACEMENT_3D('',#3914,#3221,#3222);
#2567=AXIS2_PLACEMENT_3D('',#3915,#3223,#3224);
#2568=AXIS2_PLACEMENT_3D('',#3918,#3227,#3228);
#2569=AXIS2_PLACEMENT_3D('',#3920,#3230,#3231);
#2570=AXIS2_PLACEMENT_3D('',#3922,#3233,#3234);
#2571=AXIS2_PLACEMENT_3D('',#3924,#3236,#3237);
#2572=AXIS2_PLACEMENT_3D('',#3926,#3239,#3240);
#2573=AXIS2_PLACEMENT_3D('',#3927,#3241,#3242);
#2574=AXIS2_PLACEMENT_3D('',#3929,#3243,#3244);
#2575=AXIS2_PLACEMENT_3D('',#3932,#3246,#3247);
#2576=AXIS2_PLACEMENT_3D('',#3933,#3248,#3249);
#2577=AXIS2_PLACEMENT_3D('',#3934,#3250,#3251);
#2578=AXIS2_PLACEMENT_3D('',#3935,#3252,#3253);
#2579=AXIS2_PLACEMENT_3D('',#3937,#3254,#3255);
#2580=AXIS2_PLACEMENT_3D('',#3940,#3257,#3258);
#2581=AXIS2_PLACEMENT_3D('',#3941,#3259,#3260);
#2582=AXIS2_PLACEMENT_3D('',#3946,#3262,#3263);
#2583=AXIS2_PLACEMENT_3D('',#3950,#3265,#3266);
#2584=AXIS2_PLACEMENT_3D('',#3953,#3268,#3269);
#2585=AXIS2_PLACEMENT_3D('',#3954,#3270,#3271);
#2586=AXIS2_PLACEMENT_3D('',#3957,#3273,#3274);
#2587=AXIS2_PLACEMENT_3D('',#3958,#3275,#3276);
#2588=AXIS2_PLACEMENT_3D('',#3961,#3279,#3280);
#2589=AXIS2_PLACEMENT_3D('',#3963,#3282,#3283);
#2590=AXIS2_PLACEMENT_3D('',#3965,#3285,#3286);
#2591=AXIS2_PLACEMENT_3D('',#3967,#3288,#3289);
#2592=AXIS2_PLACEMENT_3D('',#3969,#3291,#3292);
#2593=AXIS2_PLACEMENT_3D('',#3970,#3293,#3294);
#2594=AXIS2_PLACEMENT_3D('',#3972,#3295,#3296);
#2595=AXIS2_PLACEMENT_3D('',#3975,#3298,#3299);
#2596=AXIS2_PLACEMENT_3D('',#3976,#3300,#3301);
#2597=AXIS2_PLACEMENT_3D('',#3977,#3302,#3303);
#2598=AXIS2_PLACEMENT_3D('',#3978,#3304,#3305);
#2599=AXIS2_PLACEMENT_3D('',#3980,#3306,#3307);
#2600=AXIS2_PLACEMENT_3D('',#3983,#3309,#3310);
#2601=AXIS2_PLACEMENT_3D('',#3984,#3311,#3312);
#2602=AXIS2_PLACEMENT_3D('',#3989,#3314,#3315);
#2603=AXIS2_PLACEMENT_3D('',#3993,#3317,#3318);
#2604=AXIS2_PLACEMENT_3D('',#3996,#3320,#3321);
#2605=AXIS2_PLACEMENT_3D('',#3997,#3322,#3323);
#2606=AXIS2_PLACEMENT_3D('',#4000,#3325,#3326);
#2607=AXIS2_PLACEMENT_3D('',#4001,#3327,#3328);
#2608=AXIS2_PLACEMENT_3D('',#4004,#3331,#3332);
#2609=AXIS2_PLACEMENT_3D('',#4006,#3334,#3335);
#2610=AXIS2_PLACEMENT_3D('',#4008,#3337,#3338);
#2611=AXIS2_PLACEMENT_3D('',#4010,#3340,#3341);
#2612=AXIS2_PLACEMENT_3D('',#4012,#3343,#3344);
#2613=AXIS2_PLACEMENT_3D('',#4013,#3345,#3346);
#2614=AXIS2_PLACEMENT_3D('',#4015,#3347,#3348);
#2615=AXIS2_PLACEMENT_3D('',#4018,#3350,#3351);
#2616=AXIS2_PLACEMENT_3D('',#4019,#3352,#3353);
#2617=AXIS2_PLACEMENT_3D('',#4020,#3354,#3355);
#2618=DIRECTION('axis',(0.,0.,1.));
#2619=DIRECTION('refdir',(1.,0.,0.));
#2620=DIRECTION('center_axis',(-0.707106781186539,-1.52436161037258E-16,
-0.707106781186556));
#2621=DIRECTION('ref_axis',(-0.707106781186556,0.,0.707106781186539));
#2622=DIRECTION('',(-2.15577286334982E-16,1.,0.));
#2623=DIRECTION('',(0.707106781186563,1.57009245868374E-14,-0.707106781186532));
#2624=DIRECTION('',(2.15577286334982E-16,-1.,0.));
#2625=DIRECTION('',(-0.577350269189635,-0.577350269189622,0.577350269189621));
#2626=DIRECTION('center_axis',(0.707106781186555,-2.28654241555892E-16,
-0.70710678118654));
#2627=DIRECTION('ref_axis',(-0.70710678118654,0.,-0.707106781186555));
#2628=DIRECTION('',(-3.23365929502473E-16,-1.,0.));
#2629=DIRECTION('',(-0.70710678118654,-7.85046229341896E-15,-0.707106781186555));
#2630=DIRECTION('',(3.23365929502473E-16,1.,0.));
#2631=DIRECTION('',(0.577350269189626,0.57735026918962,0.577350269189632));
#2632=DIRECTION('center_axis',(0.,0.,1.));
#2633=DIRECTION('ref_axis',(0.707106781186551,-0.707106781186544,0.));
#2634=DIRECTION('center_axis',(0.,0.,-1.));
#2635=DIRECTION('ref_axis',(0.707106781186551,-0.707106781186544,0.));
#2636=DIRECTION('',(0.,0.707106781186548,-0.707106781186547));
#2637=DIRECTION('center_axis',(0.,0.,1.));
#2638=DIRECTION('ref_axis',(0.707106781186551,-0.707106781186544,0.));
#2639=DIRECTION('center_axis',(7.62180805186299E-17,-0.707106781186547,
-0.707106781186548));
#2640=DIRECTION('ref_axis',(-1.,0.,-1.07788643167491E-16));
#2641=DIRECTION('',(1.,1.07788643167491E-16,0.));
#2642=DIRECTION('',(-1.,-1.07788643167491E-16,0.));
#2643=DIRECTION('center_axis',(0.,0.,1.));
#2644=DIRECTION('ref_axis',(-0.707106781186547,0.707106781186547,0.));
#2645=DIRECTION('center_axis',(0.,0.,-1.));
#2646=DIRECTION('ref_axis',(-0.707106781186548,0.707106781186548,0.));
#2647=DIRECTION('',(0.,-0.70710678118654,-0.707106781186555));
#2648=DIRECTION('center_axis',(0.,0.,1.));
#2649=DIRECTION('ref_axis',(-0.707106781186547,0.707106781186547,0.));
#2650=DIRECTION('center_axis',(-1.52436161037261E-16,0.707106781186555,
-0.70710678118654));
#2651=DIRECTION('ref_axis',(-1.,0.,2.15577286334986E-16));
#2652=DIRECTION('',(-1.,-2.15577286334982E-16,0.));
#2653=DIRECTION('',(1.,2.15577286334982E-16,0.));
#2654=DIRECTION('center_axis',(-1.07788643167491E-16,1.,0.));
#2655=DIRECTION('ref_axis',(-1.,-1.07788643167491E-16,0.));
#2656=DIRECTION('',(0.,0.,-1.));
#2657=DIRECTION('',(-1.,-1.07788643167491E-16,0.));
#2658=DIRECTION('',(0.,0.,1.));
#2659=DIRECTION('center_axis',(0.,0.,1.));
#2660=DIRECTION('ref_axis',(0.707106781186551,-0.707106781186544,0.));
#2661=DIRECTION('',(0.,0.,1.));
#2662=DIRECTION('center_axis',(0.,0.,1.));
#2663=DIRECTION('ref_axis',(0.707106781186551,-0.707106781186544,0.));
#2664=DIRECTION('center_axis',(-1.,3.23365929502473E-16,0.));
#2665=DIRECTION('ref_axis',(-3.23365929502473E-16,-1.,0.));
#2666=DIRECTION('',(0.,0.,1.));
#2667=DIRECTION('',(-3.23365929502473E-16,-1.,0.));
#2668=DIRECTION('center_axis',(0.,0.,1.));
#2669=DIRECTION('ref_axis',(1.,0.,0.));
#2670=DIRECTION('center_axis',(0.,0.,-1.));
#2671=DIRECTION('ref_axis',(-1.,0.,0.));
#2672=DIRECTION('center_axis',(0.,0.,-1.));
#2673=DIRECTION('ref_axis',(-1.,0.,0.));
#2674=DIRECTION('',(1.,3.13623648124903E-12,0.));
#2675=DIRECTION('center_axis',(0.,0.,-1.));
#2676=DIRECTION('ref_axis',(0.707106781186549,-0.707106781186546,0.));
#2677=DIRECTION('',(3.13633219013046E-12,1.,0.));
#2678=DIRECTION('center_axis',(0.,0.,-1.));
#2679=DIRECTION('ref_axis',(0.707106781188766,0.707106781184329,0.));
#2680=DIRECTION('',(-1.,3.13599720902578E-12,0.));
#2681=DIRECTION('center_axis',(0.,0.,-1.));
#2682=DIRECTION('ref_axis',(-0.707106781186548,0.707106781186548,0.));
#2683=DIRECTION('',(3.13618862678864E-12,-1.,0.));
#2684=DIRECTION('center_axis',(0.,0.,-1.));
#2685=DIRECTION('ref_axis',(-0.707106781184329,-0.707106781188766,0.));
#2686=DIRECTION('center_axis',(0.,0.,-1.));
#2687=DIRECTION('ref_axis',(-1.,0.,0.));
#2688=DIRECTION('center_axis',(0.,0.,-1.));
#2689=DIRECTION('ref_axis',(-1.,0.,0.));
#2690=DIRECTION('center_axis',(0.,0.,1.));
#2691=DIRECTION('ref_axis',(1.,0.,0.));
#2692=DIRECTION('center_axis',(0.,0.,1.));
#2693=DIRECTION('ref_axis',(1.,0.,0.));
#2694=DIRECTION('',(0.707106781186549,8.65956056235495E-17,-0.707106781186546));
#2695=DIRECTION('center_axis',(0.,0.,-1.));
#2696=DIRECTION('ref_axis',(1.,0.,0.));
#2697=DIRECTION('center_axis',(0.,0.,1.));
#2698=DIRECTION('ref_axis',(1.,0.,0.));
#2699=DIRECTION('',(1.,4.56256037517187E-16,0.));
#2700=DIRECTION('center_axis',(0.,0.,-1.));
#2701=DIRECTION('ref_axis',(-0.707106781186547,0.707106781186547,0.));
#2702=DIRECTION('',(-4.56256037517188E-16,1.,0.));
#2703=DIRECTION('center_axis',(0.,0.,-1.));
#2704=DIRECTION('ref_axis',(-0.707106781186547,-0.707106781186547,0.));
#2705=DIRECTION('',(-1.,-7.60426729195313E-17,0.));
#2706=DIRECTION('center_axis',(0.,0.,-1.));
#2707=DIRECTION('ref_axis',(0.707106781186547,-0.707106781186547,0.));
#2708=DIRECTION('',(0.,-1.,0.));
#2709=DIRECTION('center_axis',(0.,0.,1.));
#2710=DIRECTION('ref_axis',(1.,0.,0.));
#2711=DIRECTION('center_axis',(0.,0.,1.));
#2712=DIRECTION('ref_axis',(-1.,0.,0.));
#2713=DIRECTION('center_axis',(0.,0.,1.));
#2714=DIRECTION('ref_axis',(-1.,0.,0.));
#2715=DIRECTION('center_axis',(0.,0.,1.));
#2716=DIRECTION('ref_axis',(-1.,0.,0.));
#2717=DIRECTION('center_axis',(0.,0.,1.));
#2718=DIRECTION('ref_axis',(-1.,0.,0.));
#2719=DIRECTION('',(-1.,-3.13623648124903E-12,0.));
#2720=DIRECTION('center_axis',(0.,0.,1.));
#2721=DIRECTION('ref_axis',(-0.707106781184329,-0.707106781188766,0.));
#2722=DIRECTION('',(-3.13618862678864E-12,1.,0.));
#2723=DIRECTION('center_axis',(0.,0.,1.));
#2724=DIRECTION('ref_axis',(-0.707106781186548,0.707106781186548,0.));
#2725=DIRECTION('',(1.,-3.13599720902578E-12,0.));
#2726=DIRECTION('center_axis',(0.,0.,1.));
#2727=DIRECTION('ref_axis',(0.707106781188766,0.707106781184329,0.));
#2728=DIRECTION('',(-3.13633219013046E-12,-1.,0.));
#2729=DIRECTION('center_axis',(0.,0.,1.));
#2730=DIRECTION('ref_axis',(0.707106781186549,-0.707106781186546,0.));
#2731=DIRECTION('center_axis',(0.,0.,-1.));
#2732=DIRECTION('ref_axis',(-0.5,-0.866025403784439,0.));
#2733=DIRECTION('',(0.866025403784438,0.5,0.));
#2734=DIRECTION('center_axis',(0.,0.,-1.));
#2735=DIRECTION('ref_axis',(-0.5,0.866025403784439,0.));
#2736=DIRECTION('',(0.,-1.,0.));
#2737=DIRECTION('center_axis',(0.,0.,-1.));
#2738=DIRECTION('ref_axis',(1.,0.,0.));
#2739=DIRECTION('',(-0.866025403784441,0.499999999999997,0.));
#2740=DIRECTION('center_axis',(0.,0.,-1.));
#2741=DIRECTION('ref_axis',(0.5,0.866025403784439,0.));
#2742=DIRECTION('',(-0.866025403784438,-0.5,0.));
#2743=DIRECTION('center_axis',(0.,0.,-1.));
#2744=DIRECTION('ref_axis',(0.5,-0.866025403784439,0.));
#2745=DIRECTION('',(1.22464679914735E-16,1.,0.));
#2746=DIRECTION('center_axis',(0.,0.,-1.));
#2747=DIRECTION('ref_axis',(-1.,1.22464679914735E-16,0.));
#2748=DIRECTION('',(0.86602540378444,-0.499999999999997,0.));
#2749=DIRECTION('center_axis',(0.,0.,-1.));
#2750=DIRECTION('ref_axis',(0.866025403784439,0.5,0.));
#2751=DIRECTION('',(0.499999999999996,-0.866025403784441,0.));
#2752=DIRECTION('center_axis',(0.,0.,-1.));
#2753=DIRECTION('ref_axis',(-2.22044604925031E-16,-1.,0.));
#2754=DIRECTION('',(-1.,2.22044604925031E-16,0.));
#2755=DIRECTION('center_axis',(0.,0.,-1.));
#2756=DIRECTION('ref_axis',(-0.866025403784439,0.5,0.));
#2757=DIRECTION('',(0.500000000000001,0.866025403784438,0.));
#2758=DIRECTION('center_axis',(0.,0.,-1.));
#2759=DIRECTION('ref_axis',(-0.866025403784439,-0.5,0.));
#2760=DIRECTION('',(-0.499999999999997,0.866025403784441,0.));
#2761=DIRECTION('center_axis',(0.,0.,-1.));
#2762=DIRECTION('ref_axis',(9.9579925010296E-17,1.,0.));
#2763=DIRECTION('',(1.,-9.9579925010296E-17,0.));
#2764=DIRECTION('center_axis',(0.,0.,-1.));
#2765=DIRECTION('ref_axis',(0.866025403784439,-0.5,0.));
#2766=DIRECTION('',(-0.5,-0.866025403784438,0.));
#2767=DIRECTION('center_axis',(0.,0.,1.));
#2768=DIRECTION('ref_axis',(-1.,0.,0.));
#2769=DIRECTION('center_axis',(0.,0.,1.));
#2770=DIRECTION('ref_axis',(-1.,0.,0.));
#2771=DIRECTION('center_axis',(0.,0.,1.));
#2772=DIRECTION('ref_axis',(1.,0.,0.));
#2773=DIRECTION('center_axis',(0.,0.,1.));
#2774=DIRECTION('ref_axis',(1.,0.,0.));
#2775=DIRECTION('center_axis',(0.,0.,1.));
#2776=DIRECTION('ref_axis',(1.,0.,0.));
#2777=DIRECTION('center_axis',(0.,0.,1.));
#2778=DIRECTION('ref_axis',(1.,0.,0.));
#2779=DIRECTION('center_axis',(0.,0.,-1.));
#2780=DIRECTION('ref_axis',(1.,0.,0.));
#2781=DIRECTION('',(0.,0.,1.));
#2782=DIRECTION('center_axis',(0.,0.,1.));
#2783=DIRECTION('ref_axis',(1.,0.,0.));
#2784=DIRECTION('',(0.707106781186551,8.65956056235497E-17,-0.707106781186544));
#2785=DIRECTION('center_axis',(0.,0.,-1.));
#2786=DIRECTION('ref_axis',(1.,0.,0.));
#2787=DIRECTION('center_axis',(0.,0.,1.));
#2788=DIRECTION('ref_axis',(1.,0.,0.));
#2789=DIRECTION('center_axis',(0.,0.,-1.));
#2790=DIRECTION('ref_axis',(1.,0.,0.));
#2791=DIRECTION('',(0.,0.,1.));
#2792=DIRECTION('center_axis',(0.,0.,1.));
#2793=DIRECTION('ref_axis',(1.,0.,0.));
#2794=DIRECTION('',(0.707106781186549,8.65956056235495E-17,-0.707106781186546));
#2795=DIRECTION('center_axis',(0.,0.,-1.));
#2796=DIRECTION('ref_axis',(1.,0.,0.));
#2797=DIRECTION('center_axis',(0.,0.,1.));
#2798=DIRECTION('ref_axis',(1.,0.,0.));
#2799=DIRECTION('center_axis',(0.,0.,-1.));
#2800=DIRECTION('ref_axis',(1.,0.,0.));
#2801=DIRECTION('',(0.,0.,1.));
#2802=DIRECTION('center_axis',(0.,0.,1.));
#2803=DIRECTION('ref_axis',(-1.,0.,0.));
#2804=DIRECTION('',(-0.707106781186546,-8.65956056235491E-17,-0.707106781186549));
#2805=DIRECTION('center_axis',(0.,0.,-1.));
#2806=DIRECTION('ref_axis',(-1.,0.,0.));
#2807=DIRECTION('center_axis',(0.,0.,-1.));
#2808=DIRECTION('ref_axis',(-1.,0.,0.));
#2809=DIRECTION('center_axis',(0.,0.,1.));
#2810=DIRECTION('ref_axis',(1.,0.,0.));
#2811=DIRECTION('',(0.,0.,-1.));
#2812=DIRECTION('center_axis',(0.,0.,1.));
#2813=DIRECTION('ref_axis',(1.,0.,0.));
#2814=DIRECTION('center_axis',(0.,0.,1.));
#2815=DIRECTION('ref_axis',(1.,0.,0.));
#2816=DIRECTION('',(0.707106781186549,8.65956056235495E-17,-0.707106781186546));
#2817=DIRECTION('center_axis',(0.,0.,-1.));
#2818=DIRECTION('ref_axis',(1.,0.,0.));
#2819=DIRECTION('center_axis',(0.,0.,1.));
#2820=DIRECTION('ref_axis',(1.,0.,0.));
#2821=DIRECTION('center_axis',(0.,0.,-1.));
#2822=DIRECTION('ref_axis',(1.,0.,0.));
#2823=DIRECTION('',(0.,0.,1.));
#2824=DIRECTION('center_axis',(0.,0.,1.));
#2825=DIRECTION('ref_axis',(-1.,0.,0.));
#2826=DIRECTION('',(-0.707106781186547,-8.65956056235493E-17,-0.707106781186548));
#2827=DIRECTION('center_axis',(0.,0.,-1.));
#2828=DIRECTION('ref_axis',(-1.,0.,0.));
#2829=DIRECTION('center_axis',(0.,0.,-1.));
#2830=DIRECTION('ref_axis',(-1.,0.,0.));
#2831=DIRECTION('center_axis',(0.,0.,1.));
#2832=DIRECTION('ref_axis',(1.,0.,0.));
#2833=DIRECTION('',(0.,0.,-1.));
#2834=DIRECTION('center_axis',(0.,0.,1.));
#2835=DIRECTION('ref_axis',(1.,0.,0.));
#2836=DIRECTION('center_axis',(0.,0.,1.));
#2837=DIRECTION('ref_axis',(1.,0.,0.));
#2838=DIRECTION('',(0.707106781186551,8.65956056235497E-17,-0.707106781186544));
#2839=DIRECTION('center_axis',(0.,0.,-1.));
#2840=DIRECTION('ref_axis',(1.,0.,0.));
#2841=DIRECTION('center_axis',(0.,0.,1.));
#2842=DIRECTION('ref_axis',(1.,0.,0.));
#2843=DIRECTION('center_axis',(0.,0.,-1.));
#2844=DIRECTION('ref_axis',(1.,0.,0.));
#2845=DIRECTION('',(0.,0.,1.));
#2846=DIRECTION('center_axis',(0.,0.,1.));
#2847=DIRECTION('ref_axis',(-1.,0.,0.));
#2848=DIRECTION('',(-0.707106781186546,-8.65956056235491E-17,-0.707106781186549));
#2849=DIRECTION('center_axis',(0.,0.,-1.));
#2850=DIRECTION('ref_axis',(-1.,0.,0.));
#2851=DIRECTION('center_axis',(0.,0.,-1.));
#2852=DIRECTION('ref_axis',(-1.,0.,0.));
#2853=DIRECTION('center_axis',(0.,0.,1.));
#2854=DIRECTION('ref_axis',(1.,0.,0.));
#2855=DIRECTION('',(0.,0.,-1.));
#2856=DIRECTION('center_axis',(0.,0.,1.));
#2857=DIRECTION('ref_axis',(1.,0.,0.));
#2858=DIRECTION('center_axis',(0.,0.,1.));
#2859=DIRECTION('ref_axis',(-1.,0.,0.));
#2860=DIRECTION('',(-0.707106781186546,-8.65956056235491E-17,-0.707106781186549));
#2861=DIRECTION('center_axis',(0.,0.,-1.));
#2862=DIRECTION('ref_axis',(-1.,0.,0.));
#2863=DIRECTION('center_axis',(0.,0.,-1.));
#2864=DIRECTION('ref_axis',(-1.,0.,0.));
#2865=DIRECTION('center_axis',(0.,0.,1.));
#2866=DIRECTION('ref_axis',(1.,0.,0.));
#2867=DIRECTION('',(0.,0.,-1.));
#2868=DIRECTION('center_axis',(0.,0.,1.));
#2869=DIRECTION('ref_axis',(1.,0.,0.));
#2870=DIRECTION('center_axis',(0.,0.,1.));
#2871=DIRECTION('ref_axis',(-1.,0.,0.));
#2872=DIRECTION('',(-0.707106781186547,-8.65956056235493E-17,-0.707106781186548));
#2873=DIRECTION('center_axis',(0.,0.,-1.));
#2874=DIRECTION('ref_axis',(-1.,0.,0.));
#2875=DIRECTION('center_axis',(0.,0.,-1.));
#2876=DIRECTION('ref_axis',(-1.,0.,0.));
#2877=DIRECTION('center_axis',(0.,0.,1.));
#2878=DIRECTION('ref_axis',(1.,0.,0.));
#2879=DIRECTION('',(0.,0.,-1.));
#2880=DIRECTION('center_axis',(0.,0.,1.));
#2881=DIRECTION('ref_axis',(1.,0.,0.));
#2882=DIRECTION('center_axis',(0.,0.,1.));
#2883=DIRECTION('ref_axis',(-1.,0.,0.));
#2884=DIRECTION('',(-0.707106781186547,-8.65956056235493E-17,-0.707106781186548));
#2885=DIRECTION('center_axis',(0.,0.,-1.));
#2886=DIRECTION('ref_axis',(-1.,0.,0.));
#2887=DIRECTION('center_axis',(0.,0.,-1.));
#2888=DIRECTION('ref_axis',(-1.,0.,0.));
#2889=DIRECTION('center_axis',(0.,0.,1.));
#2890=DIRECTION('ref_axis',(1.,0.,0.));
#2891=DIRECTION('',(0.,0.,-1.));
#2892=DIRECTION('center_axis',(0.,0.,1.));
#2893=DIRECTION('ref_axis',(1.,0.,0.));
#2894=DIRECTION('center_axis',(0.,0.,1.));
#2895=DIRECTION('ref_axis',(1.,0.,0.));
#2896=DIRECTION('',(0.857167300702112,1.04972719113862E-16,-0.515038074910054));
#2897=DIRECTION('center_axis',(0.,0.,1.));
#2898=DIRECTION('ref_axis',(1.,0.,0.));
#2899=DIRECTION('',(0.857167300702112,1.04972719113862E-16,-0.515038074910054));
#2900=DIRECTION('center_axis',(0.,0.,1.));
#2901=DIRECTION('ref_axis',(1.,0.,0.));
#2902=DIRECTION('',(0.857167300702112,1.04972719113862E-16,-0.515038074910054));
#2903=DIRECTION('center_axis',(0.,0.,1.));
#2904=DIRECTION('ref_axis',(1.,0.,0.));
#2905=DIRECTION('',(0.857167300702112,1.04972719113862E-16,-0.515038074910054));
#2906=DIRECTION('center_axis',(0.,0.,1.));
#2907=DIRECTION('ref_axis',(1.,0.,0.));
#2908=DIRECTION('',(0.857167300702112,1.04972719113862E-16,-0.515038074910054));
#2909=DIRECTION('center_axis',(0.,0.,1.));
#2910=DIRECTION('ref_axis',(1.,0.,0.));
#2911=DIRECTION('',(0.857167300702112,1.04972719113862E-16,-0.515038074910054));
#2912=DIRECTION('center_axis',(0.,0.,-1.));
#2913=DIRECTION('ref_axis',(-1.,0.,0.));
#2914=DIRECTION('',(-0.5,6.12323399573677E-17,0.866025403784438));
#2915=DIRECTION('center_axis',(0.,0.,1.));
#2916=DIRECTION('ref_axis',(-1.,0.,0.));
#2917=DIRECTION('center_axis',(0.,0.,1.));
#2918=DIRECTION('ref_axis',(-1.,0.,0.));
#2919=DIRECTION('center_axis',(0.,0.,1.));
#2920=DIRECTION('ref_axis',(1.,0.,0.));
#2921=DIRECTION('',(0.,0.,1.));
#2922=DIRECTION('center_axis',(0.,0.,1.));
#2923=DIRECTION('ref_axis',(1.,0.,0.));
#2924=DIRECTION('center_axis',(0.,0.,-1.));
#2925=DIRECTION('ref_axis',(-1.,0.,0.));
#2926=DIRECTION('',(-0.5,6.12323399573677E-17,0.866025403784438));
#2927=DIRECTION('center_axis',(0.,0.,1.));
#2928=DIRECTION('ref_axis',(-1.,0.,0.));
#2929=DIRECTION('center_axis',(0.,0.,1.));
#2930=DIRECTION('ref_axis',(-1.,0.,0.));
#2931=DIRECTION('center_axis',(0.,0.,1.));
#2932=DIRECTION('ref_axis',(1.,0.,0.));
#2933=DIRECTION('',(0.,0.,1.));
#2934=DIRECTION('center_axis',(0.,0.,1.));
#2935=DIRECTION('ref_axis',(1.,0.,0.));
#2936=DIRECTION('center_axis',(0.,0.,-1.));
#2937=DIRECTION('ref_axis',(-1.,0.,0.));
#2938=DIRECTION('',(-0.5,6.12323399573677E-17,0.866025403784438));
#2939=DIRECTION('center_axis',(0.,0.,1.));
#2940=DIRECTION('ref_axis',(-1.,0.,0.));
#2941=DIRECTION('center_axis',(0.,0.,1.));
#2942=DIRECTION('ref_axis',(-1.,0.,0.));
#2943=DIRECTION('center_axis',(0.,0.,1.));
#2944=DIRECTION('ref_axis',(1.,0.,0.));
#2945=DIRECTION('',(0.,0.,1.));
#2946=DIRECTION('center_axis',(0.,0.,1.));
#2947=DIRECTION('ref_axis',(1.,0.,0.));
#2948=DIRECTION('center_axis',(0.,0.,-1.));
#2949=DIRECTION('ref_axis',(-1.,0.,0.));
#2950=DIRECTION('',(-0.5,6.12323399573677E-17,0.866025403784438));
#2951=DIRECTION('center_axis',(0.,0.,1.));
#2952=DIRECTION('ref_axis',(-1.,0.,0.));
#2953=DIRECTION('center_axis',(0.,0.,1.));
#2954=DIRECTION('ref_axis',(-1.,0.,0.));
#2955=DIRECTION('center_axis',(0.,0.,1.));
#2956=DIRECTION('ref_axis',(1.,0.,0.));
#2957=DIRECTION('',(0.,0.,1.));
#2958=DIRECTION('center_axis',(0.,0.,1.));
#2959=DIRECTION('ref_axis',(1.,0.,0.));
#2960=DIRECTION('center_axis',(-3.22621738085707E-16,0.707106781186548,
-0.707106781186548));
#2961=DIRECTION('ref_axis',(-1.,0.,4.56256037517187E-16));
#2962=DIRECTION('',(-1.,-4.56256037517187E-16,0.));
#2963=DIRECTION('',(0.,0.707106781186544,0.707106781186551));
#2964=DIRECTION('',(1.,4.56256037517187E-16,0.));
#2965=DIRECTION('',(0.577350269189626,0.577350269189626,0.577350269189626));
#2966=DIRECTION('center_axis',(0.,0.,1.));
#2967=DIRECTION('ref_axis',(-0.707106781186547,0.707106781186547,0.));
#2968=DIRECTION('',(-0.707106781186548,0.,0.707106781186548));
#2969=DIRECTION('center_axis',(0.,0.,-1.));
#2970=DIRECTION('ref_axis',(-0.707106781186548,0.707106781186548,0.));
#2971=DIRECTION('center_axis',(0.,0.,1.));
#2972=DIRECTION('ref_axis',(-0.707106781186547,0.707106781186547,0.));
#2973=DIRECTION('center_axis',(-0.707106781186548,-3.22621738085707E-16,
-0.707106781186548));
#2974=DIRECTION('ref_axis',(-0.707106781186548,0.,0.707106781186548));
#2975=DIRECTION('',(-0.707106781186548,0.,0.707106781186548));
#2976=DIRECTION('',(-4.56256037517188E-16,1.,0.));
#2977=DIRECTION('',(4.56256037517188E-16,-1.,0.));
#2978=DIRECTION('center_axis',(0.,0.,1.));
#2979=DIRECTION('ref_axis',(-0.707106781186547,-0.707106781186547,0.));
#2980=DIRECTION('',(0.,-0.707106781186548,0.707106781186548));
#2981=DIRECTION('center_axis',(0.,0.,-1.));
#2982=DIRECTION('ref_axis',(-0.707106781186548,-0.707106781186548,0.));
#2983=DIRECTION('center_axis',(0.,0.,1.));
#2984=DIRECTION('ref_axis',(-0.707106781186547,-0.707106781186547,0.));
#2985=DIRECTION('center_axis',(5.37702896809515E-17,-0.707106781186551,
-0.707106781186544));
#2986=DIRECTION('ref_axis',(-1.,0.,-7.60426729195321E-17));
#2987=DIRECTION('',(0.,-0.707106781186544,0.707106781186551));
#2988=DIRECTION('',(-1.,-7.60426729195313E-17,0.));
#2989=DIRECTION('',(1.,7.60426729195313E-17,0.));
#2990=DIRECTION('center_axis',(0.,0.,1.));
#2991=DIRECTION('ref_axis',(0.707106781186547,-0.707106781186547,0.));
#2992=DIRECTION('',(0.707106781186548,0.,0.707106781186548));
#2993=DIRECTION('center_axis',(0.,0.,-1.));
#2994=DIRECTION('ref_axis',(0.707106781186548,-0.707106781186548,0.));
#2995=DIRECTION('center_axis',(0.,0.,1.));
#2996=DIRECTION('ref_axis',(0.707106781186547,-0.707106781186547,0.));
#2997=DIRECTION('center_axis',(0.707106781186548,0.,-0.707106781186548));
#2998=DIRECTION('ref_axis',(-0.707106781186548,0.,-0.707106781186548));
#2999=DIRECTION('',(0.,-1.,0.));
#3000=DIRECTION('',(0.,1.,0.));
#3001=DIRECTION('center_axis',(7.60426729195313E-17,-1.,0.));
#3002=DIRECTION('ref_axis',(1.,7.60426729195313E-17,0.));
#3003=DIRECTION('',(0.,0.,-1.));
#3004=DIRECTION('',(1.,7.60426729195313E-17,0.));
#3005=DIRECTION('',(0.,0.,1.));
#3006=DIRECTION('center_axis',(0.,0.,1.));
#3007=DIRECTION('ref_axis',(0.707106781186548,-0.707106781186548,0.));
#3008=DIRECTION('',(0.,0.,1.));
#3009=DIRECTION('center_axis',(0.,0.,1.));
#3010=DIRECTION('ref_axis',(0.707106781186548,-0.707106781186548,0.));
#3011=DIRECTION('center_axis',(1.,0.,0.));
#3012=DIRECTION('ref_axis',(0.,1.,0.));
#3013=DIRECTION('',(0.,0.,1.));
#3014=DIRECTION('',(0.,1.,0.));
#3015=DIRECTION('center_axis',(-4.56256037517187E-16,1.,0.));
#3016=DIRECTION('ref_axis',(-1.,-4.56256037517187E-16,0.));
#3017=DIRECTION('',(0.,0.,-1.));
#3018=DIRECTION('',(-1.,-4.56256037517187E-16,0.));
#3019=DIRECTION('center_axis',(0.,0.,1.));
#3020=DIRECTION('ref_axis',(1.,0.,0.));
#3021=DIRECTION('',(-2.15577286334982E-16,1.,0.));
#3022=DIRECTION('',(1.,2.15577286334982E-16,0.));
#3023=DIRECTION('center_axis',(0.,0.,1.));
#3024=DIRECTION('ref_axis',(-0.707106781186548,0.707106781186548,0.));
#3025=DIRECTION('center_axis',(0.,0.,1.));
#3026=DIRECTION('ref_axis',(1.,0.,0.));
#3027=DIRECTION('center_axis',(0.,0.,1.));
#3028=DIRECTION('ref_axis',(1.,0.,0.));
#3029=DIRECTION('center_axis',(0.,0.,1.));
#3030=DIRECTION('ref_axis',(1.,0.,0.));
#3031=DIRECTION('center_axis',(0.,0.,1.));
#3032=DIRECTION('ref_axis',(1.,0.,0.));
#3033=DIRECTION('center_axis',(0.,0.,1.));
#3034=DIRECTION('ref_axis',(1.,0.,0.));
#3035=DIRECTION('center_axis',(-3.22621738085707E-16,0.707106781186548,
0.707106781186548));
#3036=DIRECTION('ref_axis',(1.,0.,4.56256037517187E-16));
#3037=DIRECTION('',(0.,-0.707106781186544,0.707106781186551));
#3038=DIRECTION('',(0.577350269189626,0.577350269189626,-0.577350269189626));
#3039=DIRECTION('center_axis',(0.,0.,-1.));
#3040=DIRECTION('ref_axis',(-0.707106781186547,0.707106781186547,0.));
#3041=DIRECTION('center_axis',(0.,0.,1.));
#3042=DIRECTION('ref_axis',(-0.707106781186548,0.707106781186548,0.));
#3043=DIRECTION('',(0.707106781186548,0.,0.707106781186548));
#3044=DIRECTION('center_axis',(-0.707106781186548,-3.22621738085707E-16,
0.707106781186548));
#3045=DIRECTION('ref_axis',(0.707106781186548,0.,0.707106781186548));
#3046=DIRECTION('',(0.707106781186548,0.,0.707106781186548));
#3047=DIRECTION('',(4.56256037517188E-16,-1.,0.));
#3048=DIRECTION('center_axis',(0.,0.,-1.));
#3049=DIRECTION('ref_axis',(-0.707106781186547,-0.707106781186547,0.));
#3050=DIRECTION('center_axis',(0.,0.,1.));
#3051=DIRECTION('ref_axis',(-0.707106781186548,-0.707106781186548,0.));
#3052=DIRECTION('',(0.,0.707106781186548,0.707106781186548));
#3053=DIRECTION('center_axis',(5.37702896809512E-17,-0.707106781186548,
0.707106781186548));
#3054=DIRECTION('ref_axis',(1.,0.,-7.60426729195313E-17));
#3055=DIRECTION('',(0.,0.707106781186548,0.707106781186548));
#3056=DIRECTION('center_axis',(0.,0.,-1.));
#3057=DIRECTION('ref_axis',(0.707106781186547,-0.707106781186547,0.));
#3058=DIRECTION('',(-0.707106781186548,0.,0.707106781186548));
#3059=DIRECTION('center_axis',(0.707106781186548,0.,0.707106781186548));
#3060=DIRECTION('ref_axis',(0.707106781186548,0.,-0.707106781186548));
#3061=DIRECTION('center_axis',(0.,0.,1.));
#3062=DIRECTION('ref_axis',(-0.707106781186548,-0.707106781186548,0.));
#3063=DIRECTION('',(0.,0.,-1.));
#3064=DIRECTION('center_axis',(-1.,-4.56256037517188E-16,0.));
#3065=DIRECTION('ref_axis',(4.56256037517188E-16,-1.,0.));
#3066=DIRECTION('',(0.,0.,1.));
#3067=DIRECTION('center_axis',(0.,0.,1.));
#3068=DIRECTION('ref_axis',(-0.707106781186548,0.707106781186548,0.));
#3069=DIRECTION('center_axis',(0.,0.,1.));
#3070=DIRECTION('ref_axis',(0.707106781186549,-0.707106781186546,0.));
#3071=DIRECTION('',(0.,0.,1.));
#3072=DIRECTION('',(0.,0.,-1.));
#3073=DIRECTION('center_axis',(3.13623648124903E-12,-1.,0.));
#3074=DIRECTION('ref_axis',(1.,3.13623648124903E-12,0.));
#3075=DIRECTION('',(0.,0.,-1.));
#3076=DIRECTION('center_axis',(0.,0.,1.));
#3077=DIRECTION('ref_axis',(0.707106781188766,0.707106781184329,0.));
#3078=DIRECTION('',(0.,0.,1.));
#3079=DIRECTION('',(0.,0.,-1.));
#3080=DIRECTION('center_axis',(1.,-3.13633219013046E-12,0.));
#3081=DIRECTION('ref_axis',(3.13633219013046E-12,1.,0.));
#3082=DIRECTION('center_axis',(0.,0.,1.));
#3083=DIRECTION('ref_axis',(-0.707106781184329,-0.707106781188766,0.));
#3084=DIRECTION('',(0.,0.,1.));
#3085=DIRECTION('center_axis',(-1.,-3.13618862678864E-12,0.));
#3086=DIRECTION('ref_axis',(3.13618862678864E-12,-1.,0.));
#3087=DIRECTION('',(0.,0.,-1.));
#3088=DIRECTION('center_axis',(0.,0.,1.));
#3089=DIRECTION('ref_axis',(-0.707106781186548,0.707106781186548,0.));
#3090=DIRECTION('',(0.,0.,1.));
#3091=DIRECTION('center_axis',(3.13599720902578E-12,1.,0.));
#3092=DIRECTION('ref_axis',(-1.,3.13599720902578E-12,0.));
#3093=DIRECTION('center_axis',(0.,0.,1.));
#3094=DIRECTION('ref_axis',(-0.707106781186548,0.707106781186548,0.));
#3095=DIRECTION('',(0.,0.,1.));
#3096=DIRECTION('',(0.,0.,-1.));
#3097=DIRECTION('center_axis',(1.,2.15577286334982E-16,0.));
#3098=DIRECTION('ref_axis',(-2.15577286334982E-16,1.,0.));
#3099=DIRECTION('center_axis',(0.,0.,1.));
#3100=DIRECTION('ref_axis',(1.,0.,0.));
#3101=DIRECTION('center_axis',(0.,0.,-1.));
#3102=DIRECTION('ref_axis',(1.,0.,0.));
#3103=DIRECTION('center_axis',(0.,0.,1.));
#3104=DIRECTION('ref_axis',(1.,0.,0.));
#3105=DIRECTION('',(0.,0.,1.));
#3106=DIRECTION('center_axis',(0.,0.,1.));
#3107=DIRECTION('ref_axis',(1.,0.,0.));
#3108=DIRECTION('center_axis',(0.,0.,-1.));
#3109=DIRECTION('ref_axis',(1.,0.,0.));
#3110=DIRECTION('center_axis',(0.,0.,1.));
#3111=DIRECTION('ref_axis',(1.,0.,0.));
#3112=DIRECTION('',(0.,0.,1.));
#3113=DIRECTION('center_axis',(0.,0.,1.));
#3114=DIRECTION('ref_axis',(1.,0.,0.));
#3115=DIRECTION('center_axis',(0.,0.,-1.));
#3116=DIRECTION('ref_axis',(1.,0.,0.));
#3117=DIRECTION('center_axis',(0.,0.,1.));
#3118=DIRECTION('ref_axis',(1.,0.,0.));
#3119=DIRECTION('',(0.,0.,1.));
#3120=DIRECTION('center_axis',(0.,0.,1.));
#3121=DIRECTION('ref_axis',(1.,0.,0.));
#3122=DIRECTION('center_axis',(0.,0.,-1.));
#3123=DIRECTION('ref_axis',(1.,0.,0.));
#3124=DIRECTION('center_axis',(0.,0.,1.));
#3125=DIRECTION('ref_axis',(1.,0.,0.));
#3126=DIRECTION('',(0.,0.,1.));
#3127=DIRECTION('center_axis',(0.,0.,1.));
#3128=DIRECTION('ref_axis',(1.,0.,0.));
#3129=DIRECTION('center_axis',(0.,0.,-1.));
#3130=DIRECTION('ref_axis',(1.,0.,0.));
#3131=DIRECTION('center_axis',(0.,0.,1.));
#3132=DIRECTION('ref_axis',(1.,0.,0.));
#3133=DIRECTION('',(0.,0.,1.));
#3134=DIRECTION('center_axis',(0.,0.,-1.));
#3135=DIRECTION('ref_axis',(1.,0.,0.));
#3136=DIRECTION('',(0.866025403784439,1.06057523872491E-16,0.5));
#3137=DIRECTION('center_axis',(0.,0.,-1.));
#3138=DIRECTION('ref_axis',(1.,0.,0.));
#3139=DIRECTION('',(0.866025403784439,1.06057523872491E-16,0.5));
#3140=DIRECTION('center_axis',(0.,0.,-1.));
#3141=DIRECTION('ref_axis',(1.,0.,0.));
#3142=DIRECTION('',(0.866025403784439,1.06057523872491E-16,0.5));
#3143=DIRECTION('center_axis',(0.,0.,-1.));
#3144=DIRECTION('ref_axis',(1.,0.,0.));
#3145=DIRECTION('',(0.866025403784439,1.06057523872491E-16,0.5));
#3146=DIRECTION('center_axis',(2.15577286334982E-16,-1.,0.));
#3147=DIRECTION('ref_axis',(1.,2.15577286334982E-16,0.));
#3148=DIRECTION('center_axis',(0.,0.,1.));
#3149=DIRECTION('ref_axis',(-9.9579925010296E-17,-1.,0.));
#3150=DIRECTION('center_axis',(0.,0.,1.));
#3151=DIRECTION('ref_axis',(-9.9579925010296E-17,-1.,0.));
#3152=DIRECTION('',(1.61819653787211E-17,-0.707106781186548,-0.707106781186547));
#3153=DIRECTION('center_axis',(0.,0.,-1.));
#3154=DIRECTION('ref_axis',(-9.9579925010296E-17,-1.,0.));
#3155=DIRECTION('center_axis',(0.,0.,1.));
#3156=DIRECTION('ref_axis',(-9.9579925010296E-17,-1.,0.));
#3157=DIRECTION('',(0.5,0.866025403784438,0.));
#3158=DIRECTION('center_axis',(0.,0.,1.));
#3159=DIRECTION('ref_axis',(0.866025403784439,-0.5,0.));
#3160=DIRECTION('',(-1.,9.9579925010296E-17,0.));
#3161=DIRECTION('center_axis',(0.,0.,1.));
#3162=DIRECTION('ref_axis',(9.9579925010296E-17,1.,0.));
#3163=DIRECTION('',(0.499999999999997,-0.866025403784441,0.));
#3164=DIRECTION('center_axis',(0.,0.,1.));
#3165=DIRECTION('ref_axis',(-0.866025403784439,-0.5,0.));
#3166=DIRECTION('center_axis',(0.,0.,1.));
#3167=DIRECTION('ref_axis',(-9.9579925010296E-17,-1.,0.));
#3168=DIRECTION('',(0.,0.,-1.));
#3169=DIRECTION('center_axis',(0.,0.,-1.));
#3170=DIRECTION('ref_axis',(-9.9579925010296E-17,-1.,0.));
#3171=DIRECTION('center_axis',(0.,0.,1.));
#3172=DIRECTION('ref_axis',(-0.866025403784439,-0.5,0.));
#3173=DIRECTION('',(0.,0.,-1.));
#3174=DIRECTION('',(0.,0.,-1.));
#3175=DIRECTION('center_axis',(0.866025403784441,0.499999999999997,0.));
#3176=DIRECTION('ref_axis',(0.499999999999997,-0.866025403784441,0.));
#3177=DIRECTION('',(0.,0.,-1.));
#3178=DIRECTION('center_axis',(0.,0.,1.));
#3179=DIRECTION('ref_axis',(9.9579925010296E-17,1.,0.));
#3180=DIRECTION('',(0.,0.,-1.));
#3181=DIRECTION('center_axis',(-9.9579925010296E-17,-1.,0.));
#3182=DIRECTION('ref_axis',(-1.,9.9579925010296E-17,0.));
#3183=DIRECTION('',(0.,0.,-1.));
#3184=DIRECTION('center_axis',(0.,0.,1.));
#3185=DIRECTION('ref_axis',(0.866025403784439,-0.5,0.));
#3186=DIRECTION('',(0.,0.,-1.));
#3187=DIRECTION('center_axis',(-0.866025403784438,0.500000000000001,0.));
#3188=DIRECTION('ref_axis',(0.5,0.866025403784438,0.));
#3189=DIRECTION('center_axis',(0.,0.,-1.));
#3190=DIRECTION('ref_axis',(-9.9579925010296E-17,-1.,0.));
#3191=DIRECTION('center_axis',(0.,0.,-1.));
#3192=DIRECTION('ref_axis',(-9.9579925010296E-17,-1.,0.));
#3193=DIRECTION('',(0.,0.,1.));
#3194=DIRECTION('center_axis',(0.,0.,-1.));
#3195=DIRECTION('ref_axis',(-9.9579925010296E-17,-1.,0.));
#3196=DIRECTION('center_axis',(0.,0.,1.));
#3197=DIRECTION('ref_axis',(-9.9579925010296E-17,-1.,0.));
#3198=DIRECTION('center_axis',(0.,0.,1.));
#3199=DIRECTION('ref_axis',(-9.9579925010296E-17,-1.,0.));
#3200=DIRECTION('center_axis',(0.,0.,1.));
#3201=DIRECTION('ref_axis',(2.22044604925031E-16,1.,0.));
#3202=DIRECTION('center_axis',(0.,0.,1.));
#3203=DIRECTION('ref_axis',(2.22044604925031E-16,1.,0.));
#3204=DIRECTION('',(7.04136402448282E-17,0.707106781186548,-0.707106781186547));
#3205=DIRECTION('center_axis',(0.,0.,-1.));
#3206=DIRECTION('ref_axis',(2.22044604925031E-16,1.,0.));
#3207=DIRECTION('center_axis',(0.,0.,1.));
#3208=DIRECTION('ref_axis',(2.22044604925031E-16,1.,0.));
#3209=DIRECTION('',(-0.500000000000001,-0.866025403784438,0.));
#3210=DIRECTION('center_axis',(0.,0.,1.));
#3211=DIRECTION('ref_axis',(-0.866025403784439,0.5,0.));
#3212=DIRECTION('',(1.,-2.22044604925031E-16,0.));
#3213=DIRECTION('center_axis',(0.,0.,1.));
#3214=DIRECTION('ref_axis',(-2.22044604925031E-16,-1.,0.));
#3215=DIRECTION('',(-0.499999999999996,0.866025403784441,0.));
#3216=DIRECTION('center_axis',(0.,0.,1.));
#3217=DIRECTION('ref_axis',(0.866025403784439,0.5,0.));
#3218=DIRECTION('center_axis',(0.,0.,1.));
#3219=DIRECTION('ref_axis',(2.22044604925031E-16,1.,0.));
#3220=DIRECTION('',(0.,0.,-1.));
#3221=DIRECTION('center_axis',(0.,0.,-1.));
#3222=DIRECTION('ref_axis',(2.22044604925031E-16,1.,0.));
#3223=DIRECTION('center_axis',(0.,0.,1.));
#3224=DIRECTION('ref_axis',(0.866025403784439,0.5,0.));
#3225=DIRECTION('',(0.,0.,-1.));
#3226=DIRECTION('',(0.,0.,-1.));
#3227=DIRECTION('center_axis',(-0.866025403784441,-0.499999999999996,0.));
#3228=DIRECTION('ref_axis',(-0.499999999999996,0.866025403784441,0.));
#3229=DIRECTION('',(0.,0.,-1.));
#3230=DIRECTION('center_axis',(0.,0.,1.));
#3231=DIRECTION('ref_axis',(-2.22044604925031E-16,-1.,0.));
#3232=DIRECTION('',(0.,0.,-1.));
#3233=DIRECTION('center_axis',(2.22044604925031E-16,1.,0.));
#3234=DIRECTION('ref_axis',(1.,-2.22044604925031E-16,0.));
#3235=DIRECTION('',(0.,0.,-1.));
#3236=DIRECTION('center_axis',(0.,0.,1.));
#3237=DIRECTION('ref_axis',(-0.866025403784439,0.5,0.));
#3238=DIRECTION('',(0.,0.,-1.));
#3239=DIRECTION('center_axis',(0.866025403784438,-0.500000000000001,0.));
#3240=DIRECTION('ref_axis',(-0.500000000000001,-0.866025403784438,0.));
#3241=DIRECTION('center_axis',(0.,0.,-1.));
#3242=DIRECTION('ref_axis',(2.22044604925031E-16,1.,0.));
#3243=DIRECTION('center_axis',(0.,0.,-1.));
#3244=DIRECTION('ref_axis',(2.22044604925031E-16,1.,0.));
#3245=DIRECTION('',(0.,0.,1.));
#3246=DIRECTION('center_axis',(0.,0.,-1.));
#3247=DIRECTION('ref_axis',(2.22044604925031E-16,1.,0.));
#3248=DIRECTION('center_axis',(0.,0.,1.));
#3249=DIRECTION('ref_axis',(2.22044604925031E-16,1.,0.));
#3250=DIRECTION('center_axis',(0.,0.,1.));
#3251=DIRECTION('ref_axis',(2.22044604925031E-16,1.,0.));
#3252=DIRECTION('center_axis',(0.,0.,1.));
#3253=DIRECTION('ref_axis',(1.,-1.22464679914735E-16,0.));
#3254=DIRECTION('center_axis',(0.,0.,-1.));
#3255=DIRECTION('ref_axis',(1.,-1.22464679914735E-16,0.));
#3256=DIRECTION('',(0.707106781186548,-1.73191211247099E-16,-0.707106781186547));
#3257=DIRECTION('center_axis',(0.,0.,1.));
#3258=DIRECTION('ref_axis',(1.,-1.22464679914735E-16,0.));
#3259=DIRECTION('center_axis',(0.,0.,-1.));
#3260=DIRECTION('ref_axis',(1.,-1.22464679914735E-16,0.));
#3261=DIRECTION('',(-0.866025403784438,-0.5,0.));
#3262=DIRECTION('center_axis',(0.,0.,-1.));
#3263=DIRECTION('ref_axis',(0.5,0.866025403784439,0.));
#3264=DIRECTION('',(0.86602540378444,-0.499999999999997,0.));
#3265=DIRECTION('center_axis',(0.,0.,-1.));
#3266=DIRECTION('ref_axis',(-1.,1.22464679914735E-16,0.));
#3267=DIRECTION('',(1.22464679914735E-16,1.,0.));
#3268=DIRECTION('center_axis',(0.,0.,-1.));
#3269=DIRECTION('ref_axis',(0.5,-0.866025403784439,0.));
#3270=DIRECTION('center_axis',(0.,0.,-1.));
#3271=DIRECTION('ref_axis',(1.,-1.22464679914735E-16,0.));
#3272=DIRECTION('',(0.,0.,-1.));
#3273=DIRECTION('center_axis',(0.,0.,1.));
#3274=DIRECTION('ref_axis',(1.,-1.22464679914735E-16,0.));
#3275=DIRECTION('center_axis',(0.,0.,-1.));
#3276=DIRECTION('ref_axis',(0.5,0.866025403784439,0.));
#3277=DIRECTION('',(0.,0.,-1.));
#3278=DIRECTION('',(0.,0.,-1.));
#3279=DIRECTION('center_axis',(0.499999999999997,0.866025403784441,0.));
#3280=DIRECTION('ref_axis',(0.86602540378444,-0.499999999999997,0.));
#3281=DIRECTION('',(0.,0.,-1.));
#3282=DIRECTION('center_axis',(0.,0.,-1.));
#3283=DIRECTION('ref_axis',(-1.,1.22464679914735E-16,0.));
#3284=DIRECTION('',(0.,0.,-1.));
#3285=DIRECTION('center_axis',(-1.,1.22464679914735E-16,0.));
#3286=DIRECTION('ref_axis',(1.22464679914735E-16,1.,0.));
#3287=DIRECTION('',(0.,0.,-1.));
#3288=DIRECTION('center_axis',(0.,0.,-1.));
#3289=DIRECTION('ref_axis',(0.5,-0.866025403784439,0.));
#3290=DIRECTION('',(0.,0.,-1.));
#3291=DIRECTION('center_axis',(0.5,-0.866025403784439,0.));
#3292=DIRECTION('ref_axis',(-0.866025403784438,-0.5,0.));
#3293=DIRECTION('center_axis',(0.,0.,1.));
#3294=DIRECTION('ref_axis',(1.,-1.22464679914735E-16,0.));
#3295=DIRECTION('center_axis',(0.,0.,1.));
#3296=DIRECTION('ref_axis',(1.,-1.22464679914735E-16,0.));
#3297=DIRECTION('',(0.,0.,1.));
#3298=DIRECTION('center_axis',(0.,0.,1.));
#3299=DIRECTION('ref_axis',(1.,-1.22464679914735E-16,0.));
#3300=DIRECTION('center_axis',(0.,0.,-1.));
#3301=DIRECTION('ref_axis',(1.,-1.22464679914735E-16,0.));
#3302=DIRECTION('center_axis',(0.,0.,-1.));
#3303=DIRECTION('ref_axis',(1.,-1.22464679914735E-16,0.));
#3304=DIRECTION('center_axis',(0.,0.,1.));
#3305=DIRECTION('ref_axis',(-1.,0.,0.));
#3306=DIRECTION('center_axis',(0.,0.,-1.));
#3307=DIRECTION('ref_axis',(-1.,0.,0.));
#3308=DIRECTION('',(0.707106781186548,-8.65956056235493E-17,0.707106781186547));
#3309=DIRECTION('center_axis',(0.,0.,1.));
#3310=DIRECTION('ref_axis',(-1.,0.,0.));
#3311=DIRECTION('center_axis',(0.,0.,-1.));
#3312=DIRECTION('ref_axis',(-1.,0.,0.));
#3313=DIRECTION('',(0.866025403784438,0.5,0.));
#3314=DIRECTION('center_axis',(0.,0.,-1.));
#3315=DIRECTION('ref_axis',(-0.5,-0.866025403784439,0.));
#3316=DIRECTION('',(-0.866025403784441,0.499999999999997,0.));
#3317=DIRECTION('center_axis',(0.,0.,-1.));
#3318=DIRECTION('ref_axis',(1.,0.,0.));
#3319=DIRECTION('',(0.,-1.,0.));
#3320=DIRECTION('center_axis',(0.,0.,-1.));
#3321=DIRECTION('ref_axis',(-0.5,0.866025403784439,0.));
#3322=DIRECTION('center_axis',(0.,0.,-1.));
#3323=DIRECTION('ref_axis',(-1.,0.,0.));
#3324=DIRECTION('',(0.,0.,-1.));
#3325=DIRECTION('center_axis',(0.,0.,1.));
#3326=DIRECTION('ref_axis',(-1.,0.,0.));
#3327=DIRECTION('center_axis',(0.,0.,-1.));
#3328=DIRECTION('ref_axis',(-0.5,-0.866025403784439,0.));
#3329=DIRECTION('',(0.,0.,-1.));
#3330=DIRECTION('',(0.,0.,-1.));
#3331=DIRECTION('center_axis',(-0.499999999999997,-0.866025403784441,0.));
#3332=DIRECTION('ref_axis',(-0.866025403784441,0.499999999999997,0.));
#3333=DIRECTION('',(0.,0.,-1.));
#3334=DIRECTION('center_axis',(0.,0.,-1.));
#3335=DIRECTION('ref_axis',(1.,0.,0.));
#3336=DIRECTION('',(0.,0.,-1.));
#3337=DIRECTION('center_axis',(1.,0.,0.));
#3338=DIRECTION('ref_axis',(0.,-1.,0.));
#3339=DIRECTION('',(0.,0.,-1.));
#3340=DIRECTION('center_axis',(0.,0.,-1.));
#3341=DIRECTION('ref_axis',(-0.5,0.866025403784439,0.));
#3342=DIRECTION('',(0.,0.,-1.));
#3343=DIRECTION('center_axis',(-0.5,0.866025403784438,0.));
#3344=DIRECTION('ref_axis',(0.866025403784438,0.5,0.));
#3345=DIRECTION('center_axis',(0.,0.,1.));
#3346=DIRECTION('ref_axis',(-1.,0.,0.));
#3347=DIRECTION('center_axis',(0.,0.,1.));
#3348=DIRECTION('ref_axis',(-1.,0.,0.));
#3349=DIRECTION('',(0.,0.,1.));
#3350=DIRECTION('center_axis',(0.,0.,1.));
#3351=DIRECTION('ref_axis',(-1.,0.,0.));
#3352=DIRECTION('center_axis',(0.,0.,-1.));
#3353=DIRECTION('ref_axis',(-1.,0.,0.));
#3354=DIRECTION('center_axis',(0.,0.,-1.));
#3355=DIRECTION('ref_axis',(-1.,0.,0.));
#3356=CARTESIAN_POINT('',(0.,0.,0.));
#3357=CARTESIAN_POINT('Origin',(-24.8,-5.99999999999999,0.1));
#3358=CARTESIAN_POINT('',(-24.9,-16.3,0.2));
#3359=CARTESIAN_POINT('',(-24.9,24.4,0.2));
#3360=CARTESIAN_POINT('',(-24.9,-5.99999999999999,0.2));
#3361=CARTESIAN_POINT('',(-24.7,24.4,0.));
#3362=CARTESIAN_POINT('',(-24.9,24.4,0.2));
#3363=CARTESIAN_POINT('',(-24.7,-16.1,0.));
#3364=CARTESIAN_POINT('',(-24.7,-5.99999999999999,0.));
#3365=CARTESIAN_POINT('',(-24.7,-16.1,0.));
#3366=CARTESIAN_POINT('Origin',(16.2,14.6,0.1));
#3367=CARTESIAN_POINT('',(16.3,24.9,0.2));
#3368=CARTESIAN_POINT('',(16.3,-15.8,0.2));
#3369=CARTESIAN_POINT('',(16.3,14.6,0.2));
#3370=CARTESIAN_POINT('',(16.1,-15.8,0.));
#3371=CARTESIAN_POINT('',(16.3,-15.8,0.2));
#3372=CARTESIAN_POINT('',(16.1,24.7,0.));
#3373=CARTESIAN_POINT('',(16.1,14.6,0.));
#3374=CARTESIAN_POINT('',(16.1,24.7,0.));
#3375=CARTESIAN_POINT('Origin',(15.8,-15.8,0.1));
#3376=CARTESIAN_POINT('',(15.8,-16.3,0.2));
#3377=CARTESIAN_POINT('Origin',(15.8,-15.8,0.2));
#3378=CARTESIAN_POINT('',(15.8,-16.1,0.));
#3379=CARTESIAN_POINT('',(15.8,-16.3,0.2));
#3380=CARTESIAN_POINT('Origin',(15.8,-15.8,0.));
#3381=CARTESIAN_POINT('Origin',(5.99999999999999,-16.2,0.1));
#3382=CARTESIAN_POINT('',(5.99999999999999,-16.1,0.));
#3383=CARTESIAN_POINT('',(5.99999999999999,-16.3,0.2));
#3384=CARTESIAN_POINT('Origin',(-24.4,24.4,0.1));
#3385=CARTESIAN_POINT('',(-24.4,24.9,0.2));
#3386=CARTESIAN_POINT('Origin',(-24.4,24.4,0.2));
#3387=CARTESIAN_POINT('',(-24.4,24.7,0.));
#3388=CARTESIAN_POINT('',(-24.4,24.9,0.2));
#3389=CARTESIAN_POINT('Origin',(-24.4,24.4,0.));
#3390=CARTESIAN_POINT('Origin',(-14.6,24.8,0.1));
#3391=CARTESIAN_POINT('',(-14.6,24.7,0.));
#3392=CARTESIAN_POINT('',(-14.6,24.9,0.2));
#3393=CARTESIAN_POINT('Origin',(16.3,-16.3,0.));
#3394=CARTESIAN_POINT('',(15.8,-16.3,3.));
#3395=CARTESIAN_POINT('',(15.8,-16.3,0.));
#3396=CARTESIAN_POINT('',(-24.9,-16.3,3.));
#3397=CARTESIAN_POINT('',(16.3,-16.3,3.));
#3398=CARTESIAN_POINT('',(-24.9,-16.3,0.));
#3399=CARTESIAN_POINT('Origin',(15.8,-15.8,0.));
#3400=CARTESIAN_POINT('',(16.3,-15.8,3.));
#3401=CARTESIAN_POINT('',(16.3,-15.8,0.));
#3402=CARTESIAN_POINT('Origin',(15.8,-15.8,3.));
#3403=CARTESIAN_POINT('Origin',(16.3,24.9,0.));
#3404=CARTESIAN_POINT('',(16.3,24.9,3.));
#3405=CARTESIAN_POINT('',(16.3,24.9,0.));
#3406=CARTESIAN_POINT('',(16.3,24.9,3.));
#3407=CARTESIAN_POINT('Origin',(-4.30000000000001,4.30000000000003,0.));
#3408=CARTESIAN_POINT('',(13.6,20.,0.));
#3409=CARTESIAN_POINT('Origin',(12.,20.,0.));
#3410=CARTESIAN_POINT('',(-18.4,-12.,0.));
#3411=CARTESIAN_POINT('Origin',(-20.,-12.,0.));
#3412=CARTESIAN_POINT('',(-15.3999999999825,-7.30000000005082,0.));
#3413=CARTESIAN_POINT('',(6.79999999998276,-7.29999999998119,0.));
#3414=CARTESIAN_POINT('',(-10.0999999999731,-7.3000000000342,0.));
#3415=CARTESIAN_POINT('',(7.29999999998119,-6.79999999998276,0.));
#3416=CARTESIAN_POINT('Origin',(6.79999999998119,-6.79999999998119,0.));
#3417=CARTESIAN_POINT('',(7.30000000005082,15.3999999999825,0.));
#3418=CARTESIAN_POINT('',(7.29999999999781,-1.50000000000799,0.));
#3419=CARTESIAN_POINT('',(6.80000000005239,15.8999999999841,0.));
#3420=CARTESIAN_POINT('Origin',(6.80000000005082,15.3999999999841,0.));
#3421=CARTESIAN_POINT('',(-15.4000000000522,15.9000000000537,0.));
#3422=CARTESIAN_POINT('',(1.50000000004438,15.9000000000007,0.));
#3423=CARTESIAN_POINT('',(-15.9000000000537,15.4000000000522,0.));
#3424=CARTESIAN_POINT('Origin',(-15.4000000000537,15.4000000000537,0.));
#3425=CARTESIAN_POINT('',(-15.8999999999841,-6.80000000005239,0.));
#3426=CARTESIAN_POINT('',(-15.9000000000371,10.1000000000095,0.));
#3427=CARTESIAN_POINT('Origin',(-15.3999999999841,-6.80000000005082,0.));
#3428=CARTESIAN_POINT('',(-18.4,20.,0.));
#3429=CARTESIAN_POINT('Origin',(-20.,20.,0.));
#3430=CARTESIAN_POINT('',(13.6,-12.,0.));
#3431=CARTESIAN_POINT('Origin',(12.,-12.,0.));
#3432=CARTESIAN_POINT('Origin',(-29.5,20.5,13.35));
#3433=CARTESIAN_POINT('',(-31.7,20.5,13.6));
#3434=CARTESIAN_POINT('Origin',(-29.5,20.5,13.6));
#3435=CARTESIAN_POINT('',(-31.2,20.5,13.1));
#3436=CARTESIAN_POINT('',(-31.45,20.5,13.35));
#3437=CARTESIAN_POINT('Origin',(-29.5,20.5,13.1));
#3438=CARTESIAN_POINT('Origin',(-4.30000000000001,4.30000000000003,13.6));
#3439=CARTESIAN_POINT('',(-33.,33.1,13.6));
#3440=CARTESIAN_POINT('',(24.5,33.1,13.6));
#3441=CARTESIAN_POINT('',(10.3,33.1,13.6));
#3442=CARTESIAN_POINT('',(-33.1,33.,13.6));
#3443=CARTESIAN_POINT('Origin',(-33.,33.,13.6));
#3444=CARTESIAN_POINT('',(-33.1,-24.4,13.6));
#3445=CARTESIAN_POINT('',(-33.1,18.9,13.6));
#3446=CARTESIAN_POINT('',(-33.,-24.5,13.6));
#3447=CARTESIAN_POINT('Origin',(-33.,-24.4,13.6));
#3448=CARTESIAN_POINT('',(24.4,-24.5,13.6));
#3449=CARTESIAN_POINT('',(-18.9,-24.5,13.6));
#3450=CARTESIAN_POINT('',(24.5,-24.4,13.6));
#3451=CARTESIAN_POINT('Origin',(24.4,-24.4,13.6));
#3452=CARTESIAN_POINT('',(24.5,-10.3,13.6));
#3453=CARTESIAN_POINT('',(-22.7,29.5,13.6));
#3454=CARTESIAN_POINT('Origin',(-20.5,29.5,13.6));
#3455=CARTESIAN_POINT('',(23.9,-2.09349868356709E-15,13.6));
#3456=CARTESIAN_POINT('Origin',(22.,-2.32618157540509E-15,13.6));
#3457=CARTESIAN_POINT('',(1.9,-22.,13.6));
#3458=CARTESIAN_POINT('Origin',(0.,-22.,13.6));
#3459=CARTESIAN_POINT('',(-26.1,2.32682891837997E-16,13.6));
#3460=CARTESIAN_POINT('Origin',(-28.,0.,13.6));
#3461=CARTESIAN_POINT('',(1.9,22.,13.6));
#3462=CARTESIAN_POINT('Origin',(0.,22.,13.6));
#3463=CARTESIAN_POINT('',(6.79999999998276,-7.29999999998119,13.6));
#3464=CARTESIAN_POINT('',(-15.3999999999825,-7.30000000005082,13.6));
#3465=CARTESIAN_POINT('',(-10.0999999999731,-7.3000000000342,13.6));
#3466=CARTESIAN_POINT('',(-15.8999999999841,-6.80000000005239,13.6));
#3467=CARTESIAN_POINT('Origin',(-15.3999999999841,-6.80000000005082,13.6));
#3468=CARTESIAN_POINT('',(-15.9000000000537,15.4000000000522,13.6));
#3469=CARTESIAN_POINT('',(-15.9000000000371,10.1000000000095,13.6));
#3470=CARTESIAN_POINT('',(-15.4000000000522,15.9000000000537,13.6));
#3471=CARTESIAN_POINT('Origin',(-15.4000000000537,15.4000000000537,13.6));
#3472=CARTESIAN_POINT('',(6.80000000005239,15.8999999999841,13.6));
#3473=CARTESIAN_POINT('',(1.50000000004438,15.9000000000007,13.6));
#3474=CARTESIAN_POINT('',(7.30000000005082,15.3999999999825,13.6));
#3475=CARTESIAN_POINT('Origin',(6.80000000005082,15.3999999999841,13.6));
#3476=CARTESIAN_POINT('',(7.29999999998119,-6.79999999998276,13.6));
#3477=CARTESIAN_POINT('',(7.29999999999781,-1.50000000000799,13.6));
#3478=CARTESIAN_POINT('Origin',(6.79999999998119,-6.79999999998119,13.6));
#3479=CARTESIAN_POINT('',(18.85,-16.9248711305964,13.6));
#3480=CARTESIAN_POINT('',(18.85,-12.0751288694036,13.6));
#3481=CARTESIAN_POINT('Origin',(20.25,-14.5,13.6));
#3482=CARTESIAN_POINT('',(19.45,-11.7287187078898,13.6));
#3483=CARTESIAN_POINT('',(13.7140693977869,-15.0403597851306,13.6));
#3484=CARTESIAN_POINT('',(23.65,-14.1535898384862,13.6));
#3485=CARTESIAN_POINT('Origin',(20.85,-14.1535898384862,13.6));
#3486=CARTESIAN_POINT('',(23.65,-14.8464101615138,13.6));
#3487=CARTESIAN_POINT('',(23.65,-4.92679491924309,13.6));
#3488=CARTESIAN_POINT('',(19.45,-17.2712812921102,13.6));
#3489=CARTESIAN_POINT('Origin',(20.85,-14.8464101615138,13.6));
#3490=CARTESIAN_POINT('',(5.87343060221311,-9.43284529562638,13.6));
#3491=CARTESIAN_POINT('',(-18.85,16.9248711305964,13.6));
#3492=CARTESIAN_POINT('',(-18.85,12.0751288694036,13.6));
#3493=CARTESIAN_POINT('Origin',(-20.25,14.5,13.6));
#3494=CARTESIAN_POINT('',(-19.45,11.7287187078898,13.6));
#3495=CARTESIAN_POINT('',(-15.0771147796503,14.253405166994,13.6));
#3496=CARTESIAN_POINT('',(-23.65,14.1535898384862,13.6));
#3497=CARTESIAN_POINT('Origin',(-20.85,14.1535898384862,13.6));
#3498=CARTESIAN_POINT('',(-23.65,14.8464101615138,13.6));
#3499=CARTESIAN_POINT('',(-23.65,9.22679491924312,13.6));
#3500=CARTESIAN_POINT('',(-19.45,17.2712812921102,13.6));
#3501=CARTESIAN_POINT('Origin',(-20.85,14.8464101615138,13.6));
#3502=CARTESIAN_POINT('',(-10.9603852203497,12.3697999137629,13.6));
#3503=CARTESIAN_POINT('',(12.0751288694036,-18.85,13.6));
#3504=CARTESIAN_POINT('',(16.9248711305964,-18.85,13.6));
#3505=CARTESIAN_POINT('Origin',(14.5,-20.25,13.6));
#3506=CARTESIAN_POINT('',(17.2712812921102,-19.45,13.6));
#3507=CARTESIAN_POINT('',(9.43284529562638,-5.87343060221311,13.6));
#3508=CARTESIAN_POINT('',(14.8464101615138,-23.65,13.6));
#3509=CARTESIAN_POINT('Origin',(14.8464101615138,-20.85,13.6));
#3510=CARTESIAN_POINT('',(14.1535898384862,-23.65,13.6));
#3511=CARTESIAN_POINT('',(4.9267949192431,-23.65,13.6));
#3512=CARTESIAN_POINT('',(11.7287187078898,-19.45,13.6));
#3513=CARTESIAN_POINT('Origin',(14.1535898384862,-20.85,13.6));
#3514=CARTESIAN_POINT('',(15.0403597851306,-13.7140693977869,13.6));
#3515=CARTESIAN_POINT('',(-12.0751288694036,18.85,13.6));
#3516=CARTESIAN_POINT('',(-16.9248711305964,18.85,13.6));
#3517=CARTESIAN_POINT('Origin',(-14.5,20.25,13.6));
#3518=CARTESIAN_POINT('',(-17.2712812921102,19.45,13.6));
#3519=CARTESIAN_POINT('',(-12.3697999137629,10.9603852203497,13.6));
#3520=CARTESIAN_POINT('',(-14.8464101615138,23.65,13.6));
#3521=CARTESIAN_POINT('Origin',(-14.8464101615138,20.85,13.6));
#3522=CARTESIAN_POINT('',(-14.1535898384862,23.65,13.6));
#3523=CARTESIAN_POINT('',(-9.22679491924311,23.65,13.6));
#3524=CARTESIAN_POINT('',(-11.7287187078898,19.45,13.6));
#3525=CARTESIAN_POINT('Origin',(-14.1535898384862,20.85,13.6));
#3526=CARTESIAN_POINT('',(-14.253405166994,15.0771147796503,13.6));
#3527=CARTESIAN_POINT('',(1.9,28.,13.6));
#3528=CARTESIAN_POINT('Origin',(0.,28.,13.6));
#3529=CARTESIAN_POINT('',(-20.1,2.32682891837997E-16,13.6));
#3530=CARTESIAN_POINT('Origin',(-22.,0.,13.6));
#3531=CARTESIAN_POINT('',(-22.7,-20.5,13.6));
#3532=CARTESIAN_POINT('Origin',(-20.5,-20.5,13.6));
#3533=CARTESIAN_POINT('',(18.3,-20.5,13.6));
#3534=CARTESIAN_POINT('Origin',(20.5,-20.5,13.6));
#3535=CARTESIAN_POINT('',(18.3,20.5,13.6));
#3536=CARTESIAN_POINT('Origin',(20.5,20.5,13.6));
#3537=CARTESIAN_POINT('Origin',(-29.5,20.5,83.7023297166811));
#3538=CARTESIAN_POINT('',(-31.2,20.5,7.2));
#3539=CARTESIAN_POINT('Origin',(-29.5,20.5,7.2));
#3540=CARTESIAN_POINT('',(-31.2,20.5,83.7023297166811));
#3541=CARTESIAN_POINT('Origin',(-20.5,29.5,13.35));
#3542=CARTESIAN_POINT('',(-22.2,29.5,13.1));
#3543=CARTESIAN_POINT('',(-22.45,29.5,13.35));
#3544=CARTESIAN_POINT('Origin',(-20.5,29.5,13.1));
#3545=CARTESIAN_POINT('Origin',(-20.5,29.5,83.7023297166811));
#3546=CARTESIAN_POINT('',(-22.2,29.5,7.2));
#3547=CARTESIAN_POINT('Origin',(-20.5,29.5,7.2));
#3548=CARTESIAN_POINT('',(-22.2,29.5,83.7023297166811));
#3549=CARTESIAN_POINT('Origin',(20.5,20.5,13.35));
#3550=CARTESIAN_POINT('',(18.8,20.5,13.1));
#3551=CARTESIAN_POINT('',(18.55,20.5,13.35));
#3552=CARTESIAN_POINT('Origin',(20.5,20.5,13.1));
#3553=CARTESIAN_POINT('Origin',(20.5,20.5,83.7023297166811));
#3554=CARTESIAN_POINT('',(18.8,20.5,7.2));
#3555=CARTESIAN_POINT('Origin',(20.5,20.5,7.2));
#3556=CARTESIAN_POINT('',(18.8,20.5,83.7023297166811));
#3557=CARTESIAN_POINT('Origin',(22.,-2.32618157540509E-15,13.35));
#3558=CARTESIAN_POINT('',(23.4,-2.49763212728572E-15,13.1));
#3559=CARTESIAN_POINT('',(23.65,-2.12411485354578E-15,13.35));
#3560=CARTESIAN_POINT('',(20.6,-2.49763212728572E-15,13.1));
#3561=CARTESIAN_POINT('Origin',(22.,-2.32618157540509E-15,13.1));
#3562=CARTESIAN_POINT('Origin',(22.,-2.32618157540509E-15,13.1));
#3563=CARTESIAN_POINT('Origin',(22.,-2.32618157540509E-15,9.6));
#3564=CARTESIAN_POINT('',(20.6,-2.49763212728572E-15,5.6));
#3565=CARTESIAN_POINT('',(20.6,-2.49763212728572E-15,9.6));
#3566=CARTESIAN_POINT('Origin',(22.,-2.32618157540509E-15,5.6));
#3567=CARTESIAN_POINT('Origin',(20.5,-20.5,13.35));
#3568=CARTESIAN_POINT('',(18.8,-20.5,13.1));
#3569=CARTESIAN_POINT('',(18.55,-20.5,13.35));
#3570=CARTESIAN_POINT('Origin',(20.5,-20.5,13.1));
#3571=CARTESIAN_POINT('Origin',(20.5,-20.5,83.7023297166811));
#3572=CARTESIAN_POINT('',(18.8,-20.5,7.2));
#3573=CARTESIAN_POINT('Origin',(20.5,-20.5,7.2));
#3574=CARTESIAN_POINT('',(18.8,-20.5,83.7023297166811));
#3575=CARTESIAN_POINT('Origin',(0.,-22.,13.35));
#3576=CARTESIAN_POINT('',(1.4,-22.,13.1));
#3577=CARTESIAN_POINT('',(1.65,-22.,13.35));
#3578=CARTESIAN_POINT('',(-1.4,-22.,13.1));
#3579=CARTESIAN_POINT('Origin',(0.,-22.,13.1));
#3580=CARTESIAN_POINT('Origin',(0.,-22.,13.1));
#3581=CARTESIAN_POINT('Origin',(0.,-22.,9.6));
#3582=CARTESIAN_POINT('',(-1.4,-22.,5.6));
#3583=CARTESIAN_POINT('',(-1.4,-22.,9.6));
#3584=CARTESIAN_POINT('Origin',(0.,-22.,5.6));
#3585=CARTESIAN_POINT('Origin',(-20.5,-20.5,13.35));
#3586=CARTESIAN_POINT('',(-22.2,-20.5,13.1));
#3587=CARTESIAN_POINT('',(-22.45,-20.5,13.35));
#3588=CARTESIAN_POINT('Origin',(-20.5,-20.5,13.1));
#3589=CARTESIAN_POINT('Origin',(-20.5,-20.5,83.7023297166811));
#3590=CARTESIAN_POINT('',(-22.2,-20.5,7.2));
#3591=CARTESIAN_POINT('Origin',(-20.5,-20.5,7.2));
#3592=CARTESIAN_POINT('',(-22.2,-20.5,83.7023297166811));
#3593=CARTESIAN_POINT('Origin',(-28.,0.,13.35));
#3594=CARTESIAN_POINT('',(-26.6,-1.71450551880629E-16,13.1));
#3595=CARTESIAN_POINT('',(-26.35,2.02066721859313E-16,13.35));
#3596=CARTESIAN_POINT('',(-29.4,-1.71450551880629E-16,13.1));
#3597=CARTESIAN_POINT('Origin',(-28.,0.,13.1));
#3598=CARTESIAN_POINT('Origin',(-28.,0.,13.1));
#3599=CARTESIAN_POINT('Origin',(-28.,0.,9.6));
#3600=CARTESIAN_POINT('',(-29.4,-1.71450551880629E-16,5.6));
#3601=CARTESIAN_POINT('',(-29.4,-1.71450551880629E-16,9.6));
#3602=CARTESIAN_POINT('Origin',(-28.,0.,5.6));
#3603=CARTESIAN_POINT('Origin',(-22.,0.,13.35));
#3604=CARTESIAN_POINT('',(-20.6,-1.71450551880629E-16,13.1));
#3605=CARTESIAN_POINT('',(-20.35,2.02066721859313E-16,13.35));
#3606=CARTESIAN_POINT('',(-23.4,-1.71450551880629E-16,13.1));
#3607=CARTESIAN_POINT('Origin',(-22.,0.,13.1));
#3608=CARTESIAN_POINT('Origin',(-22.,0.,13.1));
#3609=CARTESIAN_POINT('Origin',(-22.,0.,9.6));
#3610=CARTESIAN_POINT('',(-23.4,-1.71450551880629E-16,5.6));
#3611=CARTESIAN_POINT('',(-23.4,-1.71450551880629E-16,9.6));
#3612=CARTESIAN_POINT('Origin',(-22.,0.,5.6));
#3613=CARTESIAN_POINT('Origin',(0.,22.,13.35));
#3614=CARTESIAN_POINT('',(1.4,22.,13.1));
#3615=CARTESIAN_POINT('',(1.65,22.,13.35));
#3616=CARTESIAN_POINT('',(-1.4,22.,13.1));
#3617=CARTESIAN_POINT('Origin',(0.,22.,13.1));
#3618=CARTESIAN_POINT('Origin',(0.,22.,13.1));
#3619=CARTESIAN_POINT('Origin',(0.,22.,9.6));
#3620=CARTESIAN_POINT('',(-1.4,22.,5.6));
#3621=CARTESIAN_POINT('',(-1.4,22.,9.6));
#3622=CARTESIAN_POINT('Origin',(0.,22.,5.6));
#3623=CARTESIAN_POINT('Origin',(0.,28.,13.35));
#3624=CARTESIAN_POINT('',(1.4,28.,13.1));
#3625=CARTESIAN_POINT('',(1.65,28.,13.35));
#3626=CARTESIAN_POINT('',(-1.4,28.,13.1));
#3627=CARTESIAN_POINT('Origin',(0.,28.,13.1));
#3628=CARTESIAN_POINT('Origin',(0.,28.,13.1));
#3629=CARTESIAN_POINT('Origin',(0.,28.,9.6));
#3630=CARTESIAN_POINT('',(-1.4,28.,5.6));
#3631=CARTESIAN_POINT('',(-1.4,28.,9.6));
#3632=CARTESIAN_POINT('Origin',(0.,28.,5.6));
#3633=CARTESIAN_POINT('Origin',(0.,28.,5.17939756668071));
#3634=CARTESIAN_POINT('',(0.,28.,4.75879513336142));
#3635=CARTESIAN_POINT('',(-0.7,28.,5.17939756668071));
#3636=CARTESIAN_POINT('Origin',(-28.,0.,5.17939756668071));
#3637=CARTESIAN_POINT('',(-28.,0.,4.75879513336142));
#3638=CARTESIAN_POINT('',(-28.7,-8.57252759403147E-17,5.17939756668071));
#3639=CARTESIAN_POINT('Origin',(-22.,0.,5.17939756668071));
#3640=CARTESIAN_POINT('',(-22.,0.,4.75879513336142));
#3641=CARTESIAN_POINT('',(-22.7,-8.57252759403147E-17,5.17939756668071));
#3642=CARTESIAN_POINT('Origin',(0.,-22.,5.17939756668071));
#3643=CARTESIAN_POINT('',(0.,-22.,4.75879513336142));
#3644=CARTESIAN_POINT('',(-0.7,-22.,5.17939756668071));
#3645=CARTESIAN_POINT('Origin',(22.,-2.32618157540509E-15,5.17939756668071));
#3646=CARTESIAN_POINT('',(22.,-2.32618157540509E-15,4.75879513336142));
#3647=CARTESIAN_POINT('',(21.3,-2.41190685134541E-15,5.17939756668071));
#3648=CARTESIAN_POINT('Origin',(0.,22.,5.17939756668071));
#3649=CARTESIAN_POINT('',(0.,22.,4.75879513336142));
#3650=CARTESIAN_POINT('',(-0.7,22.,5.17939756668071));
#3651=CARTESIAN_POINT('Origin',(12.,20.,0.173205080756888));
#3652=CARTESIAN_POINT('',(13.4,20.,0.346410161513775));
#3653=CARTESIAN_POINT('',(13.5,20.,0.173205080756888));
#3654=CARTESIAN_POINT('',(10.6,20.,0.346410161513775));
#3655=CARTESIAN_POINT('Origin',(12.,20.,0.346410161513775));
#3656=CARTESIAN_POINT('Origin',(12.,20.,0.346410161513775));
#3657=CARTESIAN_POINT('Origin',(12.,20.,4.5));
#3658=CARTESIAN_POINT('',(10.6,20.,9.));
#3659=CARTESIAN_POINT('',(10.6,20.,4.5));
#3660=CARTESIAN_POINT('Origin',(12.,20.,9.));
#3661=CARTESIAN_POINT('Origin',(12.,-12.,0.173205080756888));
#3662=CARTESIAN_POINT('',(13.4,-12.,0.346410161513775));
#3663=CARTESIAN_POINT('',(13.5,-12.,0.173205080756888));
#3664=CARTESIAN_POINT('',(10.6,-12.,0.346410161513775));
#3665=CARTESIAN_POINT('Origin',(12.,-12.,0.346410161513775));
#3666=CARTESIAN_POINT('Origin',(12.,-12.,0.346410161513775));
#3667=CARTESIAN_POINT('Origin',(12.,-12.,4.5));
#3668=CARTESIAN_POINT('',(10.6,-12.,9.));
#3669=CARTESIAN_POINT('',(10.6,-12.,4.5));
#3670=CARTESIAN_POINT('Origin',(12.,-12.,9.));
#3671=CARTESIAN_POINT('Origin',(-20.,-12.,0.173205080756888));
#3672=CARTESIAN_POINT('',(-18.6,-12.,0.346410161513775));
#3673=CARTESIAN_POINT('',(-18.5,-12.,0.173205080756888));
#3674=CARTESIAN_POINT('',(-21.4,-12.,0.346410161513775));
#3675=CARTESIAN_POINT('Origin',(-20.,-12.,0.346410161513775));
#3676=CARTESIAN_POINT('Origin',(-20.,-12.,0.346410161513775));
#3677=CARTESIAN_POINT('Origin',(-20.,-12.,4.5));
#3678=CARTESIAN_POINT('',(-21.4,-12.,9.));
#3679=CARTESIAN_POINT('',(-21.4,-12.,4.5));
#3680=CARTESIAN_POINT('Origin',(-20.,-12.,9.));
#3681=CARTESIAN_POINT('Origin',(-20.,20.,0.173205080756888));
#3682=CARTESIAN_POINT('',(-18.6,20.,0.346410161513775));
#3683=CARTESIAN_POINT('',(-18.5,20.,0.173205080756888));
#3684=CARTESIAN_POINT('',(-21.4,20.,0.346410161513775));
#3685=CARTESIAN_POINT('Origin',(-20.,20.,0.346410161513775));
#3686=CARTESIAN_POINT('Origin',(-20.,20.,0.346410161513775));
#3687=CARTESIAN_POINT('Origin',(-20.,20.,4.5));
#3688=CARTESIAN_POINT('',(-21.4,20.,9.));
#3689=CARTESIAN_POINT('',(-21.4,20.,4.5));
#3690=CARTESIAN_POINT('Origin',(-20.,20.,9.));
#3691=CARTESIAN_POINT('Origin',(10.3,33.3,3.2));
#3692=CARTESIAN_POINT('',(24.5,33.1,3.));
#3693=CARTESIAN_POINT('',(-33.,33.1,3.));
#3694=CARTESIAN_POINT('',(10.3,33.1,3.));
#3695=CARTESIAN_POINT('',(-33.,33.5,3.4));
#3696=CARTESIAN_POINT('',(-33.,33.1,3.));
#3697=CARTESIAN_POINT('',(24.9,33.5,3.4));
#3698=CARTESIAN_POINT('',(10.3,33.5,3.4));
#3699=CARTESIAN_POINT('',(24.5,33.1,3.));
#3700=CARTESIAN_POINT('Origin',(-33.,33.,3.2));
#3701=CARTESIAN_POINT('',(-33.1,33.,3.));
#3702=CARTESIAN_POINT('',(-33.5,33.,3.4));
#3703=CARTESIAN_POINT('',(-33.1,33.,3.));
#3704=CARTESIAN_POINT('Origin',(-33.,33.,3.4));
#3705=CARTESIAN_POINT('Origin',(-33.,33.,3.));
#3706=CARTESIAN_POINT('Origin',(-33.3,18.9,3.2));
#3707=CARTESIAN_POINT('',(-33.1,-24.4,3.));
#3708=CARTESIAN_POINT('',(-33.5,-24.4,3.4));
#3709=CARTESIAN_POINT('',(-33.1,-24.4,3.));
#3710=CARTESIAN_POINT('',(-33.5,18.9,3.4));
#3711=CARTESIAN_POINT('',(-33.1,18.9,3.));
#3712=CARTESIAN_POINT('Origin',(-33.,-24.4,3.2));
#3713=CARTESIAN_POINT('',(-33.,-24.5,3.));
#3714=CARTESIAN_POINT('',(-33.,-24.9,3.4));
#3715=CARTESIAN_POINT('',(-33.,-24.5,3.));
#3716=CARTESIAN_POINT('Origin',(-33.,-24.4,3.4));
#3717=CARTESIAN_POINT('Origin',(-33.,-24.4,3.));
#3718=CARTESIAN_POINT('Origin',(-18.9,-24.7,3.2));
#3719=CARTESIAN_POINT('',(24.4,-24.5,3.));
#3720=CARTESIAN_POINT('',(24.4,-24.9,3.4));
#3721=CARTESIAN_POINT('',(24.4,-24.5,3.));
#3722=CARTESIAN_POINT('',(-18.9,-24.9,3.4));
#3723=CARTESIAN_POINT('',(-18.9,-24.5,3.));
#3724=CARTESIAN_POINT('Origin',(24.4,-24.4,3.2));
#3725=CARTESIAN_POINT('',(24.5,-24.4,3.));
#3726=CARTESIAN_POINT('',(24.9,-24.4,3.4));
#3727=CARTESIAN_POINT('',(24.5,-24.4,3.));
#3728=CARTESIAN_POINT('Origin',(24.4,-24.4,3.4));
#3729=CARTESIAN_POINT('Origin',(24.4,-24.4,3.));
#3730=CARTESIAN_POINT('Origin',(24.7,-10.3,3.2));
#3731=CARTESIAN_POINT('',(24.9,-10.3,3.4));
#3732=CARTESIAN_POINT('',(24.5,-10.3,3.));
#3733=CARTESIAN_POINT('Origin',(-33.5,-24.9,0.));
#3734=CARTESIAN_POINT('',(24.4,-24.9,13.2));
#3735=CARTESIAN_POINT('',(24.4,-24.9,0.));
#3736=CARTESIAN_POINT('',(-33.,-24.9,13.2));
#3737=CARTESIAN_POINT('',(-18.9,-24.9,13.2));
#3738=CARTESIAN_POINT('',(-33.,-24.9,0.));
#3739=CARTESIAN_POINT('Origin',(24.4,-24.4,0.));
#3740=CARTESIAN_POINT('',(24.9,-24.4,13.2));
#3741=CARTESIAN_POINT('',(24.9,-24.4,0.));
#3742=CARTESIAN_POINT('Origin',(24.4,-24.4,13.2));
#3743=CARTESIAN_POINT('Origin',(24.9,-24.9,0.));
#3744=CARTESIAN_POINT('',(24.9,33.5,13.2));
#3745=CARTESIAN_POINT('',(24.9,33.5,0.));
#3746=CARTESIAN_POINT('',(24.9,-10.3,13.2));
#3747=CARTESIAN_POINT('Origin',(24.9,33.5,0.));
#3748=CARTESIAN_POINT('',(-33.,33.5,13.2));
#3749=CARTESIAN_POINT('',(-33.,33.5,0.));
#3750=CARTESIAN_POINT('',(10.3,33.5,13.2));
#3751=CARTESIAN_POINT('Origin',(-4.30000000000001,4.30000000000003,3.));
#3752=CARTESIAN_POINT('',(-24.9,24.4,3.));
#3753=CARTESIAN_POINT('',(-24.9,-16.3,3.));
#3754=CARTESIAN_POINT('',(-24.4,24.9,3.));
#3755=CARTESIAN_POINT('',(-24.9,24.9,3.));
#3756=CARTESIAN_POINT('Origin',(-24.4,24.4,3.));
#3757=CARTESIAN_POINT('',(17.5,20.5,3.00000000000001));
#3758=CARTESIAN_POINT('Origin',(20.5,20.5,3.00000000000001));
#3759=CARTESIAN_POINT('',(17.5,-20.5,3.00000000000001));
#3760=CARTESIAN_POINT('Origin',(20.5,-20.5,3.00000000000001));
#3761=CARTESIAN_POINT('',(-23.5,-20.5,3.00000000000001));
#3762=CARTESIAN_POINT('Origin',(-20.5,-20.5,3.00000000000001));
#3763=CARTESIAN_POINT('',(-23.5,29.5,3.00000000000001));
#3764=CARTESIAN_POINT('Origin',(-20.5,29.5,3.00000000000001));
#3765=CARTESIAN_POINT('',(-32.5,20.5,3.00000000000001));
#3766=CARTESIAN_POINT('Origin',(-29.5,20.5,3.00000000000001));
#3767=CARTESIAN_POINT('Origin',(10.3,33.3,13.4));
#3768=CARTESIAN_POINT('',(-33.,33.5,13.2));
#3769=CARTESIAN_POINT('',(24.5,33.1,13.6));
#3770=CARTESIAN_POINT('Origin',(-33.,33.,13.4));
#3771=CARTESIAN_POINT('',(-33.5,33.,13.2));
#3772=CARTESIAN_POINT('Origin',(-33.,33.,13.2));
#3773=CARTESIAN_POINT('',(-33.5,33.,13.2));
#3774=CARTESIAN_POINT('Origin',(-33.3,18.9,13.4));
#3775=CARTESIAN_POINT('',(-33.5,-24.4,13.2));
#3776=CARTESIAN_POINT('',(-33.5,-24.4,13.2));
#3777=CARTESIAN_POINT('',(-33.5,18.9,13.2));
#3778=CARTESIAN_POINT('Origin',(-33.,-24.4,13.4));
#3779=CARTESIAN_POINT('Origin',(-33.,-24.4,13.2));
#3780=CARTESIAN_POINT('',(-33.,-24.9,13.2));
#3781=CARTESIAN_POINT('Origin',(-18.9,-24.7,13.4));
#3782=CARTESIAN_POINT('',(24.4,-24.9,13.2));
#3783=CARTESIAN_POINT('Origin',(24.4,-24.4,13.4));
#3784=CARTESIAN_POINT('',(24.9,-24.4,13.2));
#3785=CARTESIAN_POINT('Origin',(24.7,-10.3,13.4));
#3786=CARTESIAN_POINT('Origin',(-33.,-24.4,0.));
#3787=CARTESIAN_POINT('',(-33.5,-24.4,0.));
#3788=CARTESIAN_POINT('Origin',(-33.5,33.5,0.));
#3789=CARTESIAN_POINT('',(-33.5,33.,0.));
#3790=CARTESIAN_POINT('Origin',(-33.,33.,0.));
#3791=CARTESIAN_POINT('Origin',(6.79999999998119,-6.79999999998119,0.));
#3792=CARTESIAN_POINT('',(6.79999999998276,-7.29999999998119,0.));
#3793=CARTESIAN_POINT('',(7.29999999998119,-6.79999999998276,0.));
#3794=CARTESIAN_POINT('Origin',(-15.8999999999825,-7.30000000005239,0.));
#3795=CARTESIAN_POINT('',(-15.3999999999825,-7.30000000005082,0.));
#3796=CARTESIAN_POINT('Origin',(6.80000000005082,15.3999999999841,0.));
#3797=CARTESIAN_POINT('',(7.30000000005082,15.3999999999825,0.));
#3798=CARTESIAN_POINT('',(6.80000000005239,15.8999999999841,0.));
#3799=CARTESIAN_POINT('Origin',(7.29999999997962,-7.29999999997963,0.));
#3800=CARTESIAN_POINT('Origin',(-15.3999999999841,-6.80000000005082,0.));
#3801=CARTESIAN_POINT('',(-15.8999999999841,-6.80000000005239,0.));
#3802=CARTESIAN_POINT('Origin',(-15.9000000000553,15.9000000000553,0.));
#3803=CARTESIAN_POINT('',(-15.9000000000537,15.4000000000522,0.));
#3804=CARTESIAN_POINT('Origin',(-15.4000000000537,15.4000000000537,0.));
#3805=CARTESIAN_POINT('',(-15.4000000000522,15.9000000000537,0.));
#3806=CARTESIAN_POINT('Origin',(7.30000000005239,15.8999999999825,0.));
#3807=CARTESIAN_POINT('Origin',(-24.4,24.4,0.));
#3808=CARTESIAN_POINT('',(-24.9,24.4,0.));
#3809=CARTESIAN_POINT('',(-24.4,24.9,0.));
#3810=CARTESIAN_POINT('Origin',(-24.9,-16.3,0.));
#3811=CARTESIAN_POINT('Origin',(-29.5,20.5,7.2));
#3812=CARTESIAN_POINT('',(-32.5,20.5,7.2));
#3813=CARTESIAN_POINT('Origin',(-29.5,20.5,7.2));
#3814=CARTESIAN_POINT('Origin',(-29.5,20.5,83.7023297166811));
#3815=CARTESIAN_POINT('',(-32.5,20.5,83.7023297166811));
#3816=CARTESIAN_POINT('Origin',(-20.5,29.5,7.2));
#3817=CARTESIAN_POINT('',(-23.5,29.5,7.2));
#3818=CARTESIAN_POINT('Origin',(-20.5,29.5,7.2));
#3819=CARTESIAN_POINT('Origin',(-20.5,29.5,83.7023297166811));
#3820=CARTESIAN_POINT('',(-23.5,29.5,83.7023297166811));
#3821=CARTESIAN_POINT('Origin',(-20.5,-20.5,7.2));
#3822=CARTESIAN_POINT('',(-23.5,-20.5,7.2));
#3823=CARTESIAN_POINT('Origin',(-20.5,-20.5,7.2));
#3824=CARTESIAN_POINT('Origin',(-20.5,-20.5,83.7023297166811));
#3825=CARTESIAN_POINT('',(-23.5,-20.5,83.7023297166811));
#3826=CARTESIAN_POINT('Origin',(20.5,-20.5,7.2));
#3827=CARTESIAN_POINT('',(17.5,-20.5,7.2));
#3828=CARTESIAN_POINT('Origin',(20.5,-20.5,7.2));
#3829=CARTESIAN_POINT('Origin',(20.5,-20.5,83.7023297166811));
#3830=CARTESIAN_POINT('',(17.5,-20.5,83.7023297166811));
#3831=CARTESIAN_POINT('Origin',(20.5,20.5,7.2));
#3832=CARTESIAN_POINT('',(17.5,20.5,7.2));
#3833=CARTESIAN_POINT('Origin',(20.5,20.5,7.2));
#3834=CARTESIAN_POINT('Origin',(20.5,20.5,83.7023297166811));
#3835=CARTESIAN_POINT('',(17.5,20.5,83.7023297166811));
#3836=CARTESIAN_POINT('Origin',(-20.,20.,9.40414518843274));
#3837=CARTESIAN_POINT('',(-20.,20.,9.80829037686548));
#3838=CARTESIAN_POINT('',(-20.7,20.,9.40414518843274));
#3839=CARTESIAN_POINT('Origin',(12.,20.,9.40414518843274));
#3840=CARTESIAN_POINT('',(12.,20.,9.80829037686548));
#3841=CARTESIAN_POINT('',(11.3,20.,9.40414518843274));
#3842=CARTESIAN_POINT('Origin',(12.,-12.,9.40414518843274));
#3843=CARTESIAN_POINT('',(12.,-12.,9.80829037686548));
#3844=CARTESIAN_POINT('',(11.3,-12.,9.40414518843274));
#3845=CARTESIAN_POINT('Origin',(-20.,-12.,9.40414518843274));
#3846=CARTESIAN_POINT('',(-20.,-12.,9.80829037686548));
#3847=CARTESIAN_POINT('',(-20.7,-12.,9.40414518843274));
#3848=CARTESIAN_POINT('Origin',(-24.9,24.9,0.));
#3849=CARTESIAN_POINT('Origin',(-14.5,20.65,10.55));
#3850=CARTESIAN_POINT('',(-14.5,23.6,10.8));
#3851=CARTESIAN_POINT('Origin',(-14.5,20.65,10.8));
#3852=CARTESIAN_POINT('',(-14.5,23.1,10.3));
#3853=CARTESIAN_POINT('',(-14.5,23.35,10.55));
#3854=CARTESIAN_POINT('Origin',(-14.5,20.65,10.3));
#3855=CARTESIAN_POINT('Origin',(-14.5,20.55,10.8));
#3856=CARTESIAN_POINT('',(-12.0751288694036,18.85,10.8));
#3857=CARTESIAN_POINT('',(-11.7287187078898,19.45,10.8));
#3858=CARTESIAN_POINT('',(-12.0751288694036,18.85,10.8));
#3859=CARTESIAN_POINT('',(-14.1535898384862,23.65,10.8));
#3860=CARTESIAN_POINT('Origin',(-14.1535898384862,20.85,10.8));
#3861=CARTESIAN_POINT('',(-14.8464101615138,23.65,10.8));
#3862=CARTESIAN_POINT('',(-14.1535898384862,23.65,10.8));
#3863=CARTESIAN_POINT('',(-17.2712812921102,19.45,10.8));
#3864=CARTESIAN_POINT('Origin',(-14.8464101615138,20.85,10.8));
#3865=CARTESIAN_POINT('',(-16.9248711305964,18.85,10.8));
#3866=CARTESIAN_POINT('',(-17.2712812921102,19.45,10.8));
#3867=CARTESIAN_POINT('Origin',(-14.5,20.25,10.8));
#3868=CARTESIAN_POINT('Origin',(-14.5,20.65,13.6));
#3869=CARTESIAN_POINT('',(-14.5,23.1,4.8));
#3870=CARTESIAN_POINT('',(-14.5,23.1,13.6));
#3871=CARTESIAN_POINT('Origin',(-14.5,20.65,4.8));
#3872=CARTESIAN_POINT('Origin',(-14.5,20.25,13.6));
#3873=CARTESIAN_POINT('',(-12.0751288694036,18.85,13.6));
#3874=CARTESIAN_POINT('',(-16.9248711305964,18.85,13.6));
#3875=CARTESIAN_POINT('Origin',(-17.2712812921102,19.45,13.6));
#3876=CARTESIAN_POINT('',(-17.2712812921102,19.45,13.6));
#3877=CARTESIAN_POINT('Origin',(-14.8464101615138,20.85,13.6));
#3878=CARTESIAN_POINT('',(-14.8464101615138,23.65,13.6));
#3879=CARTESIAN_POINT('Origin',(-14.1535898384862,23.65,13.6));
#3880=CARTESIAN_POINT('',(-14.1535898384862,23.65,13.6));
#3881=CARTESIAN_POINT('Origin',(-14.1535898384862,20.85,13.6));
#3882=CARTESIAN_POINT('',(-11.7287187078898,19.45,13.6));
#3883=CARTESIAN_POINT('Origin',(-12.0751288694036,18.85,13.6));
#3884=CARTESIAN_POINT('Origin',(-14.5,20.65,13.6));
#3885=CARTESIAN_POINT('',(-14.5,23.3,3.6));
#3886=CARTESIAN_POINT('Origin',(-14.5,20.65,3.6));
#3887=CARTESIAN_POINT('',(-14.5,23.3,4.8));
#3888=CARTESIAN_POINT('',(-14.5,23.3,13.6));
#3889=CARTESIAN_POINT('Origin',(-14.5,20.65,4.8));
#3890=CARTESIAN_POINT('Origin',(-14.5,20.65,4.8));
#3891=CARTESIAN_POINT('Origin',(-14.5,20.65,3.6));
#3892=CARTESIAN_POINT('Origin',(14.5,-20.65,10.55));
#3893=CARTESIAN_POINT('',(14.5,-23.6,10.8));
#3894=CARTESIAN_POINT('Origin',(14.5,-20.65,10.8));
#3895=CARTESIAN_POINT('',(14.5,-23.1,10.3));
#3896=CARTESIAN_POINT('',(14.5,-23.35,10.55));
#3897=CARTESIAN_POINT('Origin',(14.5,-20.65,10.3));
#3898=CARTESIAN_POINT('Origin',(14.5,-20.55,10.8));
#3899=CARTESIAN_POINT('',(12.0751288694036,-18.85,10.8));
#3900=CARTESIAN_POINT('',(11.7287187078898,-19.45,10.8));
#3901=CARTESIAN_POINT('',(12.0751288694036,-18.85,10.8));
#3902=CARTESIAN_POINT('',(14.1535898384862,-23.65,10.8));
#3903=CARTESIAN_POINT('Origin',(14.1535898384862,-20.85,10.8));
#3904=CARTESIAN_POINT('',(14.8464101615138,-23.65,10.8));
#3905=CARTESIAN_POINT('',(14.1535898384862,-23.65,10.8));
#3906=CARTESIAN_POINT('',(17.2712812921102,-19.45,10.8));
#3907=CARTESIAN_POINT('Origin',(14.8464101615138,-20.85,10.8));
#3908=CARTESIAN_POINT('',(16.9248711305964,-18.85,10.8));
#3909=CARTESIAN_POINT('',(17.2712812921102,-19.45,10.8));
#3910=CARTESIAN_POINT('Origin',(14.5,-20.25,10.8));
#3911=CARTESIAN_POINT('Origin',(14.5,-20.65,13.6));
#3912=CARTESIAN_POINT('',(14.5,-23.1,4.8));
#3913=CARTESIAN_POINT('',(14.5,-23.1,13.6));
#3914=CARTESIAN_POINT('Origin',(14.5,-20.65,4.8));
#3915=CARTESIAN_POINT('Origin',(14.5,-20.25,13.6));
#3916=CARTESIAN_POINT('',(12.0751288694036,-18.85,13.6));
#3917=CARTESIAN_POINT('',(16.9248711305964,-18.85,13.6));
#3918=CARTESIAN_POINT('Origin',(17.2712812921102,-19.45,13.6));
#3919=CARTESIAN_POINT('',(17.2712812921102,-19.45,13.6));
#3920=CARTESIAN_POINT('Origin',(14.8464101615138,-20.85,13.6));
#3921=CARTESIAN_POINT('',(14.8464101615138,-23.65,13.6));
#3922=CARTESIAN_POINT('Origin',(14.1535898384862,-23.65,13.6));
#3923=CARTESIAN_POINT('',(14.1535898384862,-23.65,13.6));
#3924=CARTESIAN_POINT('Origin',(14.1535898384862,-20.85,13.6));
#3925=CARTESIAN_POINT('',(11.7287187078898,-19.45,13.6));
#3926=CARTESIAN_POINT('Origin',(12.0751288694036,-18.85,13.6));
#3927=CARTESIAN_POINT('Origin',(14.5,-20.65,13.6));
#3928=CARTESIAN_POINT('',(14.5,-23.3,3.6));
#3929=CARTESIAN_POINT('Origin',(14.5,-20.65,3.6));
#3930=CARTESIAN_POINT('',(14.5,-23.3,4.8));
#3931=CARTESIAN_POINT('',(14.5,-23.3,13.6));
#3932=CARTESIAN_POINT('Origin',(14.5,-20.65,4.8));
#3933=CARTESIAN_POINT('Origin',(14.5,-20.65,4.8));
#3934=CARTESIAN_POINT('Origin',(14.5,-20.65,3.6));
#3935=CARTESIAN_POINT('Origin',(-20.65,14.5,10.55));
#3936=CARTESIAN_POINT('',(-23.6,14.5,10.8));
#3937=CARTESIAN_POINT('Origin',(-20.65,14.5,10.8));
#3938=CARTESIAN_POINT('',(-23.1,14.5,10.3));
#3939=CARTESIAN_POINT('',(-23.35,14.5,10.55));
#3940=CARTESIAN_POINT('Origin',(-20.65,14.5,10.3));
#3941=CARTESIAN_POINT('Origin',(-20.55,14.5,10.8));
#3942=CARTESIAN_POINT('',(-18.85,12.0751288694036,10.8));
#3943=CARTESIAN_POINT('',(-19.45,11.7287187078898,10.8));
#3944=CARTESIAN_POINT('',(-18.85,12.0751288694036,10.8));
#3945=CARTESIAN_POINT('',(-18.85,16.9248711305964,10.8));
#3946=CARTESIAN_POINT('Origin',(-20.25,14.5,10.8));
#3947=CARTESIAN_POINT('',(-19.45,17.2712812921102,10.8));
#3948=CARTESIAN_POINT('',(-19.45,17.2712812921102,10.8));
#3949=CARTESIAN_POINT('',(-23.65,14.8464101615138,10.8));
#3950=CARTESIAN_POINT('Origin',(-20.85,14.8464101615138,10.8));
#3951=CARTESIAN_POINT('',(-23.65,14.1535898384862,10.8));
#3952=CARTESIAN_POINT('',(-23.65,14.1535898384862,10.8));
#3953=CARTESIAN_POINT('Origin',(-20.85,14.1535898384862,10.8));
#3954=CARTESIAN_POINT('Origin',(-20.65,14.5,13.6));
#3955=CARTESIAN_POINT('',(-23.1,14.5,4.8));
#3956=CARTESIAN_POINT('',(-23.1,14.5,13.6));
#3957=CARTESIAN_POINT('Origin',(-20.65,14.5,4.8));
#3958=CARTESIAN_POINT('Origin',(-20.25,14.5,13.6));
#3959=CARTESIAN_POINT('',(-18.85,16.9248711305964,13.6));
#3960=CARTESIAN_POINT('',(-18.85,12.0751288694036,13.6));
#3961=CARTESIAN_POINT('Origin',(-19.45,17.2712812921102,13.6));
#3962=CARTESIAN_POINT('',(-19.45,17.2712812921102,13.6));
#3963=CARTESIAN_POINT('Origin',(-20.85,14.8464101615138,13.6));
#3964=CARTESIAN_POINT('',(-23.65,14.8464101615138,13.6));
#3965=CARTESIAN_POINT('Origin',(-23.65,14.1535898384862,13.6));
#3966=CARTESIAN_POINT('',(-23.65,14.1535898384862,13.6));
#3967=CARTESIAN_POINT('Origin',(-20.85,14.1535898384862,13.6));
#3968=CARTESIAN_POINT('',(-19.45,11.7287187078898,13.6));
#3969=CARTESIAN_POINT('Origin',(-18.85,12.0751288694036,13.6));
#3970=CARTESIAN_POINT('Origin',(-20.65,14.5,13.6));
#3971=CARTESIAN_POINT('',(-23.3,14.5,3.6));
#3972=CARTESIAN_POINT('Origin',(-20.65,14.5,3.6));
#3973=CARTESIAN_POINT('',(-23.3,14.5,4.8));
#3974=CARTESIAN_POINT('',(-23.3,14.5,13.6));
#3975=CARTESIAN_POINT('Origin',(-20.65,14.5,4.8));
#3976=CARTESIAN_POINT('Origin',(-20.65,14.5,4.8));
#3977=CARTESIAN_POINT('Origin',(-20.65,14.5,3.6));
#3978=CARTESIAN_POINT('Origin',(20.65,-14.5,10.55));
#3979=CARTESIAN_POINT('',(23.1,-14.5,10.3));
#3980=CARTESIAN_POINT('Origin',(20.65,-14.5,10.3));
#3981=CARTESIAN_POINT('',(23.6,-14.5,10.8));
#3982=CARTESIAN_POINT('',(23.35,-14.5,10.55));
#3983=CARTESIAN_POINT('Origin',(20.65,-14.5,10.8));
#3984=CARTESIAN_POINT('Origin',(20.55,-14.5,10.8));
#3985=CARTESIAN_POINT('',(18.85,-12.0751288694036,10.8));
#3986=CARTESIAN_POINT('',(19.45,-11.7287187078898,10.8));
#3987=CARTESIAN_POINT('',(18.85,-12.0751288694036,10.8));
#3988=CARTESIAN_POINT('',(18.85,-16.9248711305964,10.8));
#3989=CARTESIAN_POINT('Origin',(20.25,-14.5,10.8));
#3990=CARTESIAN_POINT('',(19.45,-17.2712812921102,10.8));
#3991=CARTESIAN_POINT('',(19.45,-17.2712812921102,10.8));
#3992=CARTESIAN_POINT('',(23.65,-14.8464101615138,10.8));
#3993=CARTESIAN_POINT('Origin',(20.85,-14.8464101615138,10.8));
#3994=CARTESIAN_POINT('',(23.65,-14.1535898384862,10.8));
#3995=CARTESIAN_POINT('',(23.65,-14.1535898384862,10.8));
#3996=CARTESIAN_POINT('Origin',(20.85,-14.1535898384862,10.8));
#3997=CARTESIAN_POINT('Origin',(20.65,-14.5,13.6));
#3998=CARTESIAN_POINT('',(23.1,-14.5,4.8));
#3999=CARTESIAN_POINT('',(23.1,-14.5,13.6));
#4000=CARTESIAN_POINT('Origin',(20.65,-14.5,4.8));
#4001=CARTESIAN_POINT('Origin',(20.25,-14.5,13.6));
#4002=CARTESIAN_POINT('',(18.85,-16.9248711305964,13.6));
#4003=CARTESIAN_POINT('',(18.85,-12.0751288694036,13.6));
#4004=CARTESIAN_POINT('Origin',(19.45,-17.2712812921102,13.6));
#4005=CARTESIAN_POINT('',(19.45,-17.2712812921102,13.6));
#4006=CARTESIAN_POINT('Origin',(20.85,-14.8464101615138,13.6));
#4007=CARTESIAN_POINT('',(23.65,-14.8464101615138,13.6));
#4008=CARTESIAN_POINT('Origin',(23.65,-14.1535898384862,13.6));
#4009=CARTESIAN_POINT('',(23.65,-14.1535898384862,13.6));
#4010=CARTESIAN_POINT('Origin',(20.85,-14.1535898384862,13.6));
#4011=CARTESIAN_POINT('',(19.45,-11.7287187078898,13.6));
#4012=CARTESIAN_POINT('Origin',(18.85,-12.0751288694036,13.6));
#4013=CARTESIAN_POINT('Origin',(20.65,-14.5,13.6));
#4014=CARTESIAN_POINT('',(23.3,-14.5,3.6));
#4015=CARTESIAN_POINT('Origin',(20.65,-14.5,3.6));
#4016=CARTESIAN_POINT('',(23.3,-14.5,4.8));
#4017=CARTESIAN_POINT('',(23.3,-14.5,13.6));
#4018=CARTESIAN_POINT('Origin',(20.65,-14.5,4.8));
#4019=CARTESIAN_POINT('Origin',(20.65,-14.5,3.6));
#4020=CARTESIAN_POINT('Origin',(20.65,-14.5,4.8));
#4021=UNCERTAINTY_MEASURE_WITH_UNIT(LENGTH_MEASURE(0.01),#4025,
'DISTANCE_ACCURACY_VALUE',
'Maximum model space distance between geometric entities at asserted c
onnectivities');
#4022=UNCERTAINTY_MEASURE_WITH_UNIT(LENGTH_MEASURE(0.01),#4025,
'DISTANCE_ACCURACY_VALUE',
'Maximum model space distance between geometric entities at asserted c
onnectivities');
#4023=(
GEOMETRIC_REPRESENTATION_CONTEXT(3)
GLOBAL_UNCERTAINTY_ASSIGNED_CONTEXT((#4021))
GLOBAL_UNIT_ASSIGNED_CONTEXT((#4025,#4027,#4028))
REPRESENTATION_CONTEXT('','3D')
);
#4024=(
GEOMETRIC_REPRESENTATION_CONTEXT(3)
GLOBAL_UNCERTAINTY_ASSIGNED_CONTEXT((#4022))
GLOBAL_UNIT_ASSIGNED_CONTEXT((#4025,#4027,#4028))
REPRESENTATION_CONTEXT('','3D')
);
#4025=(
LENGTH_UNIT()
NAMED_UNIT(*)
SI_UNIT(.MILLI.,.METRE.)
);
#4026=(
LENGTH_UNIT()
NAMED_UNIT(*)
SI_UNIT(.CENTI.,.METRE.)
);
#4027=(
NAMED_UNIT(*)
PLANE_ANGLE_UNIT()
SI_UNIT($,.RADIAN.)
);
#4028=(
NAMED_UNIT(*)
SI_UNIT($,.STERADIAN.)
SOLID_ANGLE_UNIT()
);
#4029=SHAPE_DEFINITION_REPRESENTATION(#4030,#4031);
#4030=PRODUCT_DEFINITION_SHAPE('',$,#4033);
#4031=SHAPE_REPRESENTATION('',(#2340),#4023);
#4032=PRODUCT_DEFINITION_CONTEXT('part definition',#4037,'design');
#4033=PRODUCT_DEFINITION('PRT - 1017 - BASXYZSTG - V04 - A',
'PRT - 1017 - BASXYZSTG - V04 - A',#4034,#4032);
#4034=PRODUCT_DEFINITION_FORMATION('A',$,#4039);
#4035=PRODUCT_RELATED_PRODUCT_CATEGORY(
'PRT - 1017 - BASXYZSTG - V04 - A','PRT - 1017 - BASXYZSTG - V04 - A',(#4039));
#4036=APPLICATION_PROTOCOL_DEFINITION('international standard',
'automotive_design',2009,#4037);
#4037=APPLICATION_CONTEXT(
'Core Data for Automotive Mechanical Design Process');
#4038=PRODUCT_CONTEXT('part definition',#4037,'mechanical');
#4039=PRODUCT('PRT - 1017 - BASXYZSTG - V04 - A',
'PRT - 1017 - BASXYZSTG - V04 - A','Base plate XYZ stage',(#4038));
#4040=PRESENTATION_STYLE_ASSIGNMENT((#4041));
#4041=SURFACE_STYLE_USAGE(.BOTH.,#4044);
#4042=SURFACE_STYLE_RENDERING_WITH_PROPERTIES($,#4048,(#4043));
#4043=SURFACE_STYLE_TRANSPARENT(0.);
#4044=SURFACE_SIDE_STYLE('',(#4045,#4042));
#4045=SURFACE_STYLE_FILL_AREA(#4046);
#4046=FILL_AREA_STYLE('',(#4047));
#4047=FILL_AREA_STYLE_COLOUR('',#4048);
#4048=COLOUR_RGB('',0.749019607843137,0.749019607843137,0.749019607843137);
ENDSEC;
END-ISO-10303-21;
