ISO-10303-21;
HEADER;
/* Generated by software containing ST-Developer
 * from STEP Tools, Inc. (www.steptools.com) 
 */

FILE_DESCRIPTION(
/* description */ (''),
/* implementation_level */ '2;1');

FILE_NAME(
/* name */ 'ASS - 4005 - LAS+CAS.stp',
/* time_stamp */ '2026-08-26T16:43:42+02:00',
/* author */ ('Gerstenberger'),
/* organization */ (''),
/* preprocessor_version */ 'ST-DEVELOPER v20',
/* originating_system */ 'Autodesk Inventor 2025',
/* authorisation */ '');

FILE_SCHEMA (('AUTOMOTIVE_DESIGN { 1 0 10303 214 3 1 1 }'));
ENDSEC;

DATA;
#10=MECHANICAL_DESIGN_GEOMETRIC_PRESENTATION_REPRESENTATION('',(#1018,#1019,
#1020,#1021,#1022,#1023,#1024,#1025,#1026,#1027,#1028,#1029,#1030,#1031,
#1032,#1033,#1034,#1035,#1036,#1037,#1038,#1039,#1040,#1041,#1042,#1043,
#1044,#1045,#1046,#1047,#1048,#1049,#1050,#1051,#1052,#1053,#1054,#1055,
#1056,#1057,#1058,#1059,#1060,#1061,#1062,#1063,#1064,#1065,#1066,#1067,
#1068,#1069,#1070,#1071,#1072,#1073,#1074,#1075,#1076,#1077,#1078,#1079,
#1080,#1081,#1082,#1083,#1084,#1085,#1086,#1087,#1088,#1089,#1090,#1091,
#1092,#1093,#1094,#1095,#1096,#1097,#1098,#1099,#1100,#1101,#1102,#1103,
#1104,#1105,#1106,#1107,#1108,#1109,#1110,#1111,#1112,#1113,#1114,#1115,
#1116,#1117,#1118,#1119,#1120,#1121,#1122,#1123,#1124,#1125,#1126,#1127,
#1128,#1129,#1130,#1131,#1132,#1133,#1134,#1135,#1136,#1137,#1138,#1139,
#1140,#1141,#1142,#1143,#1144,#1145,#1146,#1147,#1148,#1149,#1150,#1151,
#1152,#1153,#1154,#1155,#1156,#1157,#1158,#1159,#1160,#1161,#1162,#1163,
#1164,#1165,#1166,#1167,#1168,#1169,#1170,#1171,#1172,#1173,#1174,#1175,
#1176,#1177,#1178,#1179,#1180,#1181,#1182,#1183,#1184,#1185,#1186,#1187,
#1188,#1189,#1190,#1191,#1192,#1193,#1194,#1195,#1196,#1197,#1198,#1199,
#1200,#1201,#1202,#1203,#1204,#1205,#1206,#1207,#1208,#1209,#1210,#1211,
#1212,#1213,#1214,#1215,#1216,#1217,#1218,#1219,#1220,#1221,#1222,#1223,
#1224,#1225,#1226,#1227,#1228,#1229,#1230,#1231,#1232,#1233,#1234,#1235,
#1236,#1237,#1238,#1239,#1240,#1241,#1242,#1243,#1244,#1245,#1246,#1247,
#1248,#1249,#1250,#1251,#1252,#1253,#1254,#1255,#1256,#1257,#1258,#1259,
#1260,#1261,#1262,#1263,#1264,#1265,#1266,#1267,#1268,#1269,#1270,#1271,
#1272,#1273,#1274,#1275,#1276,#1277,#1278,#1279,#1280,#1281,#1282,#1283,
#1284,#1285,#1286,#1287,#1288,#1289,#1290,#1291,#1292,#1293,#1294,#1295,
#1296,#1297,#1298,#1299,#1300,#1301,#1302,#1303,#1304,#1305,#1306,#1307,
#1308,#1309,#1310,#1311,#1312,#1313,#1314,#1315,#1316,#1317,#1318,#1319,
#1320,#1321,#1322,#1323,#1324,#1325,#1326,#1327,#1328,#1329,#1330,#1331,
#1332,#1333,#1334,#1335,#1336,#1337,#1338,#1339,#1340,#1341,#1342,#1343,
#1344,#1345,#1346,#1347,#1348,#1349,#1350,#1351,#1352,#1353,#1354,#1355,
#1356,#1357),#18196);
#11=CONTEXT_DEPENDENT_OVER_RIDING_STYLED_ITEM('',(#18294),#18246,#1357,
(#66));
#12=CONTEXT_DEPENDENT_OVER_RIDING_STYLED_ITEM('',(#18294),#18246,#1357,
(#65));
#13=MAPPED_ITEM('',#14,#11709);
#14=REPRESENTATION_MAP(#11709,#18245);
#15=(
BOUNDED_CURVE()
B_SPLINE_CURVE(2,(#18120,#18121,#18122),.UNSPECIFIED.,.F.,.F.)
B_SPLINE_CURVE_WITH_KNOTS((3,3),(0.,0.146054517259736),.UNSPECIFIED.)
CURVE()
GEOMETRIC_REPRESENTATION_ITEM()
RATIONAL_B_SPLINE_CURVE((1.,1.15470053837924,1.))
REPRESENTATION_ITEM('')
);
#16=(
BOUNDED_CURVE()
B_SPLINE_CURVE(2,(#18127,#18128,#18129),.UNSPECIFIED.,.F.,.F.)
B_SPLINE_CURVE_WITH_KNOTS((3,3),(0.,0.146054517259736),.UNSPECIFIED.)
CURVE()
GEOMETRIC_REPRESENTATION_ITEM()
RATIONAL_B_SPLINE_CURVE((1.,1.15470053837924,1.))
REPRESENTATION_ITEM('')
);
#17=(
BOUNDED_CURVE()
B_SPLINE_CURVE(2,(#18133,#18134,#18135),.UNSPECIFIED.,.F.,.F.)
B_SPLINE_CURVE_WITH_KNOTS((3,3),(0.,0.146054517259736),.UNSPECIFIED.)
CURVE()
GEOMETRIC_REPRESENTATION_ITEM()
RATIONAL_B_SPLINE_CURVE((1.,1.15470053837925,1.))
REPRESENTATION_ITEM('')
);
#18=(
BOUNDED_CURVE()
B_SPLINE_CURVE(2,(#18139,#18140,#18141),.UNSPECIFIED.,.F.,.F.)
B_SPLINE_CURVE_WITH_KNOTS((3,3),(0.,0.146054517259736),.UNSPECIFIED.)
CURVE()
GEOMETRIC_REPRESENTATION_ITEM()
RATIONAL_B_SPLINE_CURVE((1.,1.15470053837924,1.))
REPRESENTATION_ITEM('')
);
#19=(
BOUNDED_CURVE()
B_SPLINE_CURVE(2,(#18145,#18146,#18147),.UNSPECIFIED.,.F.,.F.)
B_SPLINE_CURVE_WITH_KNOTS((3,3),(0.,0.0730272586298681),.UNSPECIFIED.)
CURVE()
GEOMETRIC_REPRESENTATION_ITEM()
RATIONAL_B_SPLINE_CURVE((1.,1.07735026918962,1.07735026918962))
REPRESENTATION_ITEM('')
);
#20=(
BOUNDED_CURVE()
B_SPLINE_CURVE(2,(#18150,#18151,#18152),.UNSPECIFIED.,.F.,.F.)
B_SPLINE_CURVE_WITH_KNOTS((3,3),(0.0730272586298681,0.146054517259736),
 .UNSPECIFIED.)
CURVE()
GEOMETRIC_REPRESENTATION_ITEM()
RATIONAL_B_SPLINE_CURVE((1.07735026918962,1.07735026918962,1.))
REPRESENTATION_ITEM('')
);
#21=(
BOUNDED_CURVE()
B_SPLINE_CURVE(2,(#18154,#18155,#18156),.UNSPECIFIED.,.F.,.F.)
B_SPLINE_CURVE_WITH_KNOTS((3,3),(0.,0.146054517259736),.UNSPECIFIED.)
CURVE()
GEOMETRIC_REPRESENTATION_ITEM()
RATIONAL_B_SPLINE_CURVE((1.,1.15470053837925,1.))
REPRESENTATION_ITEM('')
);
#22=TOROIDAL_SURFACE('',#11593,8.5,1.5);
#23=TOROIDAL_SURFACE('',#11634,2.25,0.3);
#24=TOROIDAL_SURFACE('',#11649,2.25,0.3);
#25=TOROIDAL_SURFACE('',#11651,2.25,0.3);
#26=TOROIDAL_SURFACE('',#11657,2.25,0.3);
#27=TOROIDAL_SURFACE('',#11666,1.6,0.1);
#28=TOROIDAL_SURFACE('',#11679,2.45,0.3);
#29=ITEM_DEFINED_TRANSFORMATION($,$,#11300,#11460);
#30=ITEM_DEFINED_TRANSFORMATION($,$,#11300,#11461);
#31=ITEM_DEFINED_TRANSFORMATION($,$,#11448,#11462);
#32=ITEM_DEFINED_TRANSFORMATION($,$,#11448,#11463);
#33=ITEM_DEFINED_TRANSFORMATION($,$,#11448,#11464);
#34=ITEM_DEFINED_TRANSFORMATION($,$,#11448,#11465);
#35=ITEM_DEFINED_TRANSFORMATION($,$,#11454,#11466);
#36=ITEM_DEFINED_TRANSFORMATION($,$,#11454,#11467);
#37=ITEM_DEFINED_TRANSFORMATION($,$,#11454,#11468);
#38=ITEM_DEFINED_TRANSFORMATION($,$,#11454,#11469);
#39=ITEM_DEFINED_TRANSFORMATION($,$,#10862,#11693);
#40=ITEM_DEFINED_TRANSFORMATION($,$,#10862,#11694);
#41=ITEM_DEFINED_TRANSFORMATION($,$,#11299,#11695);
#42=ITEM_DEFINED_TRANSFORMATION($,$,#11470,#11696);
#43=ITEM_DEFINED_TRANSFORMATION($,$,#11617,#11697);
#44=ITEM_DEFINED_TRANSFORMATION($,$,#11617,#11698);
#45=ITEM_DEFINED_TRANSFORMATION($,$,#11617,#11699);
#46=ITEM_DEFINED_TRANSFORMATION($,$,#11617,#11700);
#47=ITEM_DEFINED_TRANSFORMATION($,$,#11617,#11701);
#48=ITEM_DEFINED_TRANSFORMATION($,$,#11617,#11702);
#49=ITEM_DEFINED_TRANSFORMATION($,$,#11617,#11703);
#50=ITEM_DEFINED_TRANSFORMATION($,$,#11617,#11704);
#51=ITEM_DEFINED_TRANSFORMATION($,$,#11665,#11705);
#52=ITEM_DEFINED_TRANSFORMATION($,$,#11665,#11706);
#53=ITEM_DEFINED_TRANSFORMATION($,$,#11665,#11707);
#54=ITEM_DEFINED_TRANSFORMATION($,$,#11665,#11708);
#55=(
REPRESENTATION_RELATIONSHIP($,$,#18248,#18247)
REPRESENTATION_RELATIONSHIP_WITH_TRANSFORMATION(#29)
SHAPE_REPRESENTATION_RELATIONSHIP()
);
#56=(
REPRESENTATION_RELATIONSHIP($,$,#18248,#18247)
REPRESENTATION_RELATIONSHIP_WITH_TRANSFORMATION(#30)
SHAPE_REPRESENTATION_RELATIONSHIP()
);
#57=(
REPRESENTATION_RELATIONSHIP($,$,#18249,#18247)
REPRESENTATION_RELATIONSHIP_WITH_TRANSFORMATION(#31)
SHAPE_REPRESENTATION_RELATIONSHIP()
);
#58=(
REPRESENTATION_RELATIONSHIP($,$,#18249,#18247)
REPRESENTATION_RELATIONSHIP_WITH_TRANSFORMATION(#32)
SHAPE_REPRESENTATION_RELATIONSHIP()
);
#59=(
REPRESENTATION_RELATIONSHIP($,$,#18249,#18247)
REPRESENTATION_RELATIONSHIP_WITH_TRANSFORMATION(#33)
SHAPE_REPRESENTATION_RELATIONSHIP()
);
#60=(
REPRESENTATION_RELATIONSHIP($,$,#18249,#18247)
REPRESENTATION_RELATIONSHIP_WITH_TRANSFORMATION(#34)
SHAPE_REPRESENTATION_RELATIONSHIP()
);
#61=(
REPRESENTATION_RELATIONSHIP($,$,#18250,#18247)
REPRESENTATION_RELATIONSHIP_WITH_TRANSFORMATION(#35)
SHAPE_REPRESENTATION_RELATIONSHIP()
);
#62=(
REPRESENTATION_RELATIONSHIP($,$,#18250,#18247)
REPRESENTATION_RELATIONSHIP_WITH_TRANSFORMATION(#36)
SHAPE_REPRESENTATION_RELATIONSHIP()
);
#63=(
REPRESENTATION_RELATIONSHIP($,$,#18250,#18247)
REPRESENTATION_RELATIONSHIP_WITH_TRANSFORMATION(#37)
SHAPE_REPRESENTATION_RELATIONSHIP()
);
#64=(
REPRESENTATION_RELATIONSHIP($,$,#18250,#18247)
REPRESENTATION_RELATIONSHIP_WITH_TRANSFORMATION(#38)
SHAPE_REPRESENTATION_RELATIONSHIP()
);
#65=(
REPRESENTATION_RELATIONSHIP($,$,#18246,#18245)
REPRESENTATION_RELATIONSHIP_WITH_TRANSFORMATION(#39)
SHAPE_REPRESENTATION_RELATIONSHIP()
);
#66=(
REPRESENTATION_RELATIONSHIP($,$,#18246,#18245)
REPRESENTATION_RELATIONSHIP_WITH_TRANSFORMATION(#40)
SHAPE_REPRESENTATION_RELATIONSHIP()
);
#67=(
REPRESENTATION_RELATIONSHIP($,$,#18247,#18245)
REPRESENTATION_RELATIONSHIP_WITH_TRANSFORMATION(#41)
SHAPE_REPRESENTATION_RELATIONSHIP()
);
#68=(
REPRESENTATION_RELATIONSHIP($,$,#18251,#18245)
REPRESENTATION_RELATIONSHIP_WITH_TRANSFORMATION(#42)
SHAPE_REPRESENTATION_RELATIONSHIP()
);
#69=(
REPRESENTATION_RELATIONSHIP($,$,#18252,#18245)
REPRESENTATION_RELATIONSHIP_WITH_TRANSFORMATION(#43)
SHAPE_REPRESENTATION_RELATIONSHIP()
);
#70=(
REPRESENTATION_RELATIONSHIP($,$,#18252,#18245)
REPRESENTATION_RELATIONSHIP_WITH_TRANSFORMATION(#44)
SHAPE_REPRESENTATION_RELATIONSHIP()
);
#71=(
REPRESENTATION_RELATIONSHIP($,$,#18252,#18245)
REPRESENTATION_RELATIONSHIP_WITH_TRANSFORMATION(#45)
SHAPE_REPRESENTATION_RELATIONSHIP()
);
#72=(
REPRESENTATION_RELATIONSHIP($,$,#18252,#18245)
REPRESENTATION_RELATIONSHIP_WITH_TRANSFORMATION(#46)
SHAPE_REPRESENTATION_RELATIONSHIP()
);
#73=(
REPRESENTATION_RELATIONSHIP($,$,#18252,#18245)
REPRESENTATION_RELATIONSHIP_WITH_TRANSFORMATION(#47)
SHAPE_REPRESENTATION_RELATIONSHIP()
);
#74=(
REPRESENTATION_RELATIONSHIP($,$,#18252,#18245)
REPRESENTATION_RELATIONSHIP_WITH_TRANSFORMATION(#48)
SHAPE_REPRESENTATION_RELATIONSHIP()
);
#75=(
REPRESENTATION_RELATIONSHIP($,$,#18252,#18245)
REPRESENTATION_RELATIONSHIP_WITH_TRANSFORMATION(#49)
SHAPE_REPRESENTATION_RELATIONSHIP()
);
#76=(
REPRESENTATION_RELATIONSHIP($,$,#18252,#18245)
REPRESENTATION_RELATIONSHIP_WITH_TRANSFORMATION(#50)
SHAPE_REPRESENTATION_RELATIONSHIP()
);
#77=(
REPRESENTATION_RELATIONSHIP($,$,#18253,#18245)
REPRESENTATION_RELATIONSHIP_WITH_TRANSFORMATION(#51)
SHAPE_REPRESENTATION_RELATIONSHIP()
);
#78=(
REPRESENTATION_RELATIONSHIP($,$,#18253,#18245)
REPRESENTATION_RELATIONSHIP_WITH_TRANSFORMATION(#52)
SHAPE_REPRESENTATION_RELATIONSHIP()
);
#79=(
REPRESENTATION_RELATIONSHIP($,$,#18253,#18245)
REPRESENTATION_RELATIONSHIP_WITH_TRANSFORMATION(#53)
SHAPE_REPRESENTATION_RELATIONSHIP()
);
#80=(
REPRESENTATION_RELATIONSHIP($,$,#18253,#18245)
REPRESENTATION_RELATIONSHIP_WITH_TRANSFORMATION(#54)
SHAPE_REPRESENTATION_RELATIONSHIP()
);
#81=CONTEXT_DEPENDENT_SHAPE_REPRESENTATION(#55,#18216);
#82=CONTEXT_DEPENDENT_SHAPE_REPRESENTATION(#56,#18217);
#83=CONTEXT_DEPENDENT_SHAPE_REPRESENTATION(#57,#18218);
#84=CONTEXT_DEPENDENT_SHAPE_REPRESENTATION(#58,#18219);
#85=CONTEXT_DEPENDENT_SHAPE_REPRESENTATION(#59,#18220);
#86=CONTEXT_DEPENDENT_SHAPE_REPRESENTATION(#60,#18221);
#87=CONTEXT_DEPENDENT_SHAPE_REPRESENTATION(#61,#18222);
#88=CONTEXT_DEPENDENT_SHAPE_REPRESENTATION(#62,#18223);
#89=CONTEXT_DEPENDENT_SHAPE_REPRESENTATION(#63,#18224);
#90=CONTEXT_DEPENDENT_SHAPE_REPRESENTATION(#64,#18225);
#91=CONTEXT_DEPENDENT_SHAPE_REPRESENTATION(#65,#18229);
#92=CONTEXT_DEPENDENT_SHAPE_REPRESENTATION(#66,#18230);
#93=CONTEXT_DEPENDENT_SHAPE_REPRESENTATION(#67,#18231);
#94=CONTEXT_DEPENDENT_SHAPE_REPRESENTATION(#68,#18232);
#95=CONTEXT_DEPENDENT_SHAPE_REPRESENTATION(#69,#18233);
#96=CONTEXT_DEPENDENT_SHAPE_REPRESENTATION(#70,#18234);
#97=CONTEXT_DEPENDENT_SHAPE_REPRESENTATION(#71,#18235);
#98=CONTEXT_DEPENDENT_SHAPE_REPRESENTATION(#72,#18236);
#99=CONTEXT_DEPENDENT_SHAPE_REPRESENTATION(#73,#18237);
#100=CONTEXT_DEPENDENT_SHAPE_REPRESENTATION(#74,#18238);
#101=CONTEXT_DEPENDENT_SHAPE_REPRESENTATION(#75,#18239);
#102=CONTEXT_DEPENDENT_SHAPE_REPRESENTATION(#76,#18240);
#103=CONTEXT_DEPENDENT_SHAPE_REPRESENTATION(#77,#18241);
#104=CONTEXT_DEPENDENT_SHAPE_REPRESENTATION(#78,#18242);
#105=CONTEXT_DEPENDENT_SHAPE_REPRESENTATION(#79,#18243);
#106=CONTEXT_DEPENDENT_SHAPE_REPRESENTATION(#80,#18244);
#107=NEXT_ASSEMBLY_USAGE_OCCURRENCE('BUY - JST - Connector - XHP-6:2',
'BUY - JST - Connector - XHP-6:2','BUY - JST - Connector - XHP-6:2',#18257,
#18258,'BUY - JST - Connector - XHP-6:2');
#108=NEXT_ASSEMBLY_USAGE_OCCURRENCE('BUY - JST - Connector - XHP-6:1',
'BUY - JST - Connector - XHP-6:1','BUY - JST - Connector - XHP-6:1',#18257,
#18258,'BUY - JST - Connector - XHP-6:1');
#109=NEXT_ASSEMBLY_USAGE_OCCURRENCE(
'BUY - Strand AWG22 300 mm grn with 2 female XH ferules:1',
'BUY - Strand AWG22 300 mm grn with 2 female XH ferules:1',
'BUY - Strand AWG22 300 mm grn with 2 female XH ferules:1',#18257,#18259,
'BUY - Strand AWG22 300 mm grn with 2 female XH ferules:1');
#110=NEXT_ASSEMBLY_USAGE_OCCURRENCE(
'BUY - Strand AWG22 300 mm grn with 2 female XH ferules:2',
'BUY - Strand AWG22 300 mm grn with 2 female XH ferules:2',
'BUY - Strand AWG22 300 mm grn with 2 female XH ferules:2',#18257,#18259,
'BUY - Strand AWG22 300 mm grn with 2 female XH ferules:2');
#111=NEXT_ASSEMBLY_USAGE_OCCURRENCE(
'BUY - Strand AWG22 300 mm grn with 2 female XH ferules:3',
'BUY - Strand AWG22 300 mm grn with 2 female XH ferules:3',
'BUY - Strand AWG22 300 mm grn with 2 female XH ferules:3',#18257,#18259,
'BUY - Strand AWG22 300 mm grn with 2 female XH ferules:3');
#112=NEXT_ASSEMBLY_USAGE_OCCURRENCE(
'BUY - Strand AWG22 300 mm grn with 2 female XH ferules:4',
'BUY - Strand AWG22 300 mm grn with 2 female XH ferules:4',
'BUY - Strand AWG22 300 mm grn with 2 female XH ferules:4',#18257,#18259,
'BUY - Strand AWG22 300 mm grn with 2 female XH ferules:4');
#113=NEXT_ASSEMBLY_USAGE_OCCURRENCE('Strand AWG22 grn - phantom:1',
'Strand AWG22 grn - phantom:1','Strand AWG22 grn - phantom:1',#18257,#18260,
'Strand AWG22 grn - phantom:1');
#114=NEXT_ASSEMBLY_USAGE_OCCURRENCE('Strand AWG22 grn - phantom:2',
'Strand AWG22 grn - phantom:2','Strand AWG22 grn - phantom:2',#18257,#18260,
'Strand AWG22 grn - phantom:2');
#115=NEXT_ASSEMBLY_USAGE_OCCURRENCE('Strand AWG22 grn - phantom:3',
'Strand AWG22 grn - phantom:3','Strand AWG22 grn - phantom:3',#18257,#18260,
'Strand AWG22 grn - phantom:3');
#116=NEXT_ASSEMBLY_USAGE_OCCURRENCE('Strand AWG22 grn - phantom:4',
'Strand AWG22 grn - phantom:4','Strand AWG22 grn - phantom:4',#18257,#18260,
'Strand AWG22 grn - phantom:4');
#117=NEXT_ASSEMBLY_USAGE_OCCURRENCE('PRT - 3010 - CASHLFLAS:1',
'PRT - 3010 - CASHLFLAS:1','PRT - 3010 - CASHLFLAS:1',#18255,#18256,
'PRT - 3010 - CASHLFLAS:1');
#118=NEXT_ASSEMBLY_USAGE_OCCURRENCE('PRT - 3010 - CASHLFLAS:2',
'PRT - 3010 - CASHLFLAS:2','PRT - 3010 - CASHLFLAS:2',#18255,#18256,
'PRT - 3010 - CASHLFLAS:2');
#119=NEXT_ASSEMBLY_USAGE_OCCURRENCE(
'ELE - 1019 - Cable for LASER ASS-4005:1',
'ELE - 1019 - Cable for LASER ASS-4005:1',
'ELE - 1019 - Cable for LASER ASS-4005:1',#18255,#18257,
'ELE - 1019 - Cable for LASER ASS-4005:1');
#120=NEXT_ASSEMBLY_USAGE_OCCURRENCE(
'BUY - Laser 488 nm - Bosion Laser:1',
'BUY - Laser 488 nm - Bosion Laser:1',
'BUY - Laser 488 nm - Bosion Laser:1',#18255,#18261,
'BUY - Laser 488 nm - Bosion Laser:1');
#121=NEXT_ASSEMBLY_USAGE_OCCURRENCE(
'BUY - LEGO technic - 3_4 pin - art. no. 32002:1',
'BUY - LEGO technic - 3_4 pin - art. no. 32002:1',
'BUY - LEGO technic - 3_4 pin - art. no. 32002:1',#18255,#18262,
'BUY - LEGO technic - 3_4 pin - art. no. 32002:1');
#122=NEXT_ASSEMBLY_USAGE_OCCURRENCE(
'BUY - LEGO technic - 3_4 pin - art. no. 32002:2',
'BUY - LEGO technic - 3_4 pin - art. no. 32002:2',
'BUY - LEGO technic - 3_4 pin - art. no. 32002:2',#18255,#18262,
'BUY - LEGO technic - 3_4 pin - art. no. 32002:2');
#123=NEXT_ASSEMBLY_USAGE_OCCURRENCE(
'BUY - LEGO technic - 3_4 pin - art. no. 32002:3',
'BUY - LEGO technic - 3_4 pin - art. no. 32002:3',
'BUY - LEGO technic - 3_4 pin - art. no. 32002:3',#18255,#18262,
'BUY - LEGO technic - 3_4 pin - art. no. 32002:3');
#124=NEXT_ASSEMBLY_USAGE_OCCURRENCE(
'BUY - LEGO technic - 3_4 pin - art. no. 32002:4',
'BUY - LEGO technic - 3_4 pin - art. no. 32002:4',
'BUY - LEGO technic - 3_4 pin - art. no. 32002:4',#18255,#18262,
'BUY - LEGO technic - 3_4 pin - art. no. 32002:4');
#125=NEXT_ASSEMBLY_USAGE_OCCURRENCE(
'BUY - LEGO technic - 3_4 pin - art. no. 32002:5',
'BUY - LEGO technic - 3_4 pin - art. no. 32002:5',
'BUY - LEGO technic - 3_4 pin - art. no. 32002:5',#18255,#18262,
'BUY - LEGO technic - 3_4 pin - art. no. 32002:5');
#126=NEXT_ASSEMBLY_USAGE_OCCURRENCE(
'BUY - LEGO technic - 3_4 pin - art. no. 32002:6',
'BUY - LEGO technic - 3_4 pin - art. no. 32002:6',
'BUY - LEGO technic - 3_4 pin - art. no. 32002:6',#18255,#18262,
'BUY - LEGO technic - 3_4 pin - art. no. 32002:6');
#127=NEXT_ASSEMBLY_USAGE_OCCURRENCE(
'BUY - LEGO technic - 3_4 pin - art. no. 32002:7',
'BUY - LEGO technic - 3_4 pin - art. no. 32002:7',
'BUY - LEGO technic - 3_4 pin - art. no. 32002:7',#18255,#18262,
'BUY - LEGO technic - 3_4 pin - art. no. 32002:7');
#128=NEXT_ASSEMBLY_USAGE_OCCURRENCE(
'BUY - LEGO technic - 3_4 pin - art. no. 32002:8',
'BUY - LEGO technic - 3_4 pin - art. no. 32002:8',
'BUY - LEGO technic - 3_4 pin - art. no. 32002:8',#18255,#18262,
'BUY - LEGO technic - 3_4 pin - art. no. 32002:8');
#129=NEXT_ASSEMBLY_USAGE_OCCURRENCE(
'ISO 4762 - Cylinder head screw with hex socket - M3 x 40 - 8.8 - A2K:
1',
'ISO 4762 - Cylinder head screw with hex socket - M3 x 40 - 8.8 - A2K:
1',
'ISO 4762 - Cylinder head screw with hex socket - M3 x 40 - 8.8 - A2K:
1',#18255,#18263,
'ISO 4762 - Cylinder head screw with hex socket - M3 x 40 - 8.8 - A2K:
1');
#130=NEXT_ASSEMBLY_USAGE_OCCURRENCE(
'ISO 4762 - Cylinder head screw with hex socket - M3 x 40 - 8.8 - A2K:
2',
'ISO 4762 - Cylinder head screw with hex socket - M3 x 40 - 8.8 - A2K:
2',
'ISO 4762 - Cylinder head screw with hex socket - M3 x 40 - 8.8 - A2K:
2',#18255,#18263,
'ISO 4762 - Cylinder head screw with hex socket - M3 x 40 - 8.8 - A2K:
2');
#131=NEXT_ASSEMBLY_USAGE_OCCURRENCE(
'ISO 4762 - Cylinder head screw with hex socket - M3 x 40 - 8.8 - A2K:
3',
'ISO 4762 - Cylinder head screw with hex socket - M3 x 40 - 8.8 - A2K:
3',
'ISO 4762 - Cylinder head screw with hex socket - M3 x 40 - 8.8 - A2K:
3',#18255,#18263,
'ISO 4762 - Cylinder head screw with hex socket - M3 x 40 - 8.8 - A2K:
3');
#132=NEXT_ASSEMBLY_USAGE_OCCURRENCE(
'ISO 4762 - Cylinder head screw with hex socket - M3 x 40 - 8.8 - A2K:
4',
'ISO 4762 - Cylinder head screw with hex socket - M3 x 40 - 8.8 - A2K:
4',
'ISO 4762 - Cylinder head screw with hex socket - M3 x 40 - 8.8 - A2K:
4',#18255,#18263,
'ISO 4762 - Cylinder head screw with hex socket - M3 x 40 - 8.8 - A2K:
4');
#133=SHAPE_REPRESENTATION_RELATIONSHIP('SRR','None',#18246,#140);
#134=SHAPE_REPRESENTATION_RELATIONSHIP('SRR','None',#18248,#141);
#135=SHAPE_REPRESENTATION_RELATIONSHIP('SRR','None',#18249,#142);
#136=SHAPE_REPRESENTATION_RELATIONSHIP('SRR','None',#18250,#143);
#137=SHAPE_REPRESENTATION_RELATIONSHIP('SRR','None',#18251,#144);
#138=SHAPE_REPRESENTATION_RELATIONSHIP('SRR','None',#18252,#145);
#139=SHAPE_REPRESENTATION_RELATIONSHIP('SRR','None',#18253,#146);
#140=ADVANCED_BREP_SHAPE_REPRESENTATION('',(#147),#18188);
#141=ADVANCED_BREP_SHAPE_REPRESENTATION('',(#148),#18190);
#142=ADVANCED_BREP_SHAPE_REPRESENTATION('',(#149),#18191);
#143=ADVANCED_BREP_SHAPE_REPRESENTATION('',(#150),#18192);
#144=ADVANCED_BREP_SHAPE_REPRESENTATION('',(#151),#18193);
#145=ADVANCED_BREP_SHAPE_REPRESENTATION('',(#152),#18194);
#146=ADVANCED_BREP_SHAPE_REPRESENTATION('',(#153),#18195);
#147=MANIFOLD_SOLID_BREP('Case half for Laser',#10719);
#148=MANIFOLD_SOLID_BREP('Solid1',#10720);
#149=MANIFOLD_SOLID_BREP('Volumenk\X\F6rper2',#10721);
#150=MANIFOLD_SOLID_BREP('Volumenk\X\F6rper2',#10722);
#151=MANIFOLD_SOLID_BREP('Volumenk\X\F6rper2',#10723);
#152=MANIFOLD_SOLID_BREP('Volumenk\X\F6rper2',#10724);
#153=MANIFOLD_SOLID_BREP('Solid1',#10725);
#154=CYLINDRICAL_SURFACE('',#10923,0.3);
#155=CYLINDRICAL_SURFACE('',#10926,0.3);
#156=CYLINDRICAL_SURFACE('',#10929,0.3);
#157=CYLINDRICAL_SURFACE('',#10932,0.3);
#158=CYLINDRICAL_SURFACE('',#10998,0.3);
#159=CYLINDRICAL_SURFACE('',#11001,0.3);
#160=CYLINDRICAL_SURFACE('',#11004,0.3);
#161=CYLINDRICAL_SURFACE('',#11007,0.5);
#162=CYLINDRICAL_SURFACE('',#11045,0.3);
#163=CYLINDRICAL_SURFACE('',#11048,0.3);
#164=CYLINDRICAL_SURFACE('',#11051,0.5);
#165=CYLINDRICAL_SURFACE('',#11053,0.5);
#166=CYLINDRICAL_SURFACE('',#11070,0.5);
#167=CYLINDRICAL_SURFACE('',#11071,0.5);
#168=CYLINDRICAL_SURFACE('',#11072,0.3);
#169=CYLINDRICAL_SURFACE('',#11083,0.3);
#170=CYLINDRICAL_SURFACE('',#11086,0.3);
#171=CYLINDRICAL_SURFACE('',#11088,0.3);
#172=CYLINDRICAL_SURFACE('',#11094,0.3);
#173=CYLINDRICAL_SURFACE('',#11101,0.3);
#174=CYLINDRICAL_SURFACE('',#11102,0.3);
#175=CYLINDRICAL_SURFACE('',#11105,0.3);
#176=CYLINDRICAL_SURFACE('',#11107,0.3);
#177=CYLINDRICAL_SURFACE('',#11111,0.3);
#178=CYLINDRICAL_SURFACE('',#11113,0.3);
#179=CYLINDRICAL_SURFACE('',#11115,0.3);
#180=CYLINDRICAL_SURFACE('',#11117,0.3);
#181=CYLINDRICAL_SURFACE('',#11123,0.3);
#182=CYLINDRICAL_SURFACE('',#11125,0.3);
#183=CYLINDRICAL_SURFACE('',#11127,0.3);
#184=CYLINDRICAL_SURFACE('',#11128,0.3);
#185=CYLINDRICAL_SURFACE('',#11134,0.3);
#186=CYLINDRICAL_SURFACE('',#11136,0.3);
#187=CYLINDRICAL_SURFACE('',#11140,0.3);
#188=CYLINDRICAL_SURFACE('',#11144,0.3);
#189=CYLINDRICAL_SURFACE('',#11146,0.5);
#190=CYLINDRICAL_SURFACE('',#11147,0.5);
#191=CYLINDRICAL_SURFACE('',#11148,0.5);
#192=CYLINDRICAL_SURFACE('',#11151,1.4);
#193=CYLINDRICAL_SURFACE('',#11154,1.4);
#194=CYLINDRICAL_SURFACE('',#11157,1.4);
#195=CYLINDRICAL_SURFACE('',#11160,1.4);
#196=CYLINDRICAL_SURFACE('',#11163,1.4);
#197=CYLINDRICAL_SURFACE('',#11166,1.4);
#198=CYLINDRICAL_SURFACE('',#11167,0.4);
#199=CYLINDRICAL_SURFACE('',#11169,3.05);
#200=CYLINDRICAL_SURFACE('',#11171,0.4);
#201=CYLINDRICAL_SURFACE('',#11173,2.8);
#202=CYLINDRICAL_SURFACE('',#11175,0.400000000000006);
#203=CYLINDRICAL_SURFACE('',#11177,3.05);
#204=CYLINDRICAL_SURFACE('',#11179,2.8);
#205=CYLINDRICAL_SURFACE('',#11181,0.400000000000003);
#206=CYLINDRICAL_SURFACE('',#11183,2.8);
#207=CYLINDRICAL_SURFACE('',#11189,1.7);
#208=CYLINDRICAL_SURFACE('',#11193,1.7);
#209=CYLINDRICAL_SURFACE('',#11194,3.05);
#210=CYLINDRICAL_SURFACE('',#11199,3.05);
#211=CYLINDRICAL_SURFACE('',#11204,3.05);
#212=CYLINDRICAL_SURFACE('',#11209,3.05);
#213=CYLINDRICAL_SURFACE('',#11214,3.05);
#214=CYLINDRICAL_SURFACE('',#11228,3.05);
#215=CYLINDRICAL_SURFACE('',#11238,3.05);
#216=CYLINDRICAL_SURFACE('',#11249,3.05);
#217=CYLINDRICAL_SURFACE('',#11263,2.8);
#218=CYLINDRICAL_SURFACE('',#11264,2.8);
#219=CYLINDRICAL_SURFACE('',#11266,2.8);
#220=CYLINDRICAL_SURFACE('',#11269,2.8);
#221=CYLINDRICAL_SURFACE('',#11271,2.8);
#222=CYLINDRICAL_SURFACE('',#11273,2.8);
#223=CYLINDRICAL_SURFACE('',#11274,2.8);
#224=CYLINDRICAL_SURFACE('',#11277,2.8);
#225=CYLINDRICAL_SURFACE('',#11279,2.8);
#226=CYLINDRICAL_SURFACE('',#11281,2.8);
#227=CYLINDRICAL_SURFACE('',#11283,2.8);
#228=CYLINDRICAL_SURFACE('',#11286,2.45);
#229=CYLINDRICAL_SURFACE('',#11287,2.45);
#230=CYLINDRICAL_SURFACE('',#11288,2.45);
#231=CYLINDRICAL_SURFACE('',#11289,2.45);
#232=CYLINDRICAL_SURFACE('',#11301,0.5);
#233=CYLINDRICAL_SURFACE('',#11313,0.5);
#234=CYLINDRICAL_SURFACE('',#11325,0.5);
#235=CYLINDRICAL_SURFACE('',#11337,0.5);
#236=CYLINDRICAL_SURFACE('',#11349,0.5);
#237=CYLINDRICAL_SURFACE('',#11372,0.5);
#238=CYLINDRICAL_SURFACE('',#11451,0.8);
#239=CYLINDRICAL_SURFACE('',#11457,0.8);
#240=CYLINDRICAL_SURFACE('',#11480,2.25);
#241=CYLINDRICAL_SURFACE('',#11483,2.25);
#242=CYLINDRICAL_SURFACE('',#11486,2.25);
#243=CYLINDRICAL_SURFACE('',#11489,2.25);
#244=CYLINDRICAL_SURFACE('',#11492,1.2295);
#245=CYLINDRICAL_SURFACE('',#11496,1.2295);
#246=CYLINDRICAL_SURFACE('',#11573,2.25000000000582);
#247=CYLINDRICAL_SURFACE('',#11581,2.25000000000582);
#248=CYLINDRICAL_SURFACE('',#11601,3.6);
#249=CYLINDRICAL_SURFACE('',#11604,2.25000000000582);
#250=CYLINDRICAL_SURFACE('',#11607,2.25000000000582);
#251=CYLINDRICAL_SURFACE('',#11622,0.5);
#252=CYLINDRICAL_SURFACE('',#11623,0.5);
#253=CYLINDRICAL_SURFACE('',#11627,0.5);
#254=CYLINDRICAL_SURFACE('',#11629,0.5);
#255=CYLINDRICAL_SURFACE('',#11637,1.625);
#256=CYLINDRICAL_SURFACE('',#11646,2.45);
#257=CYLINDRICAL_SURFACE('',#11655,2.35);
#258=CYLINDRICAL_SURFACE('',#11660,2.45);
#259=CYLINDRICAL_SURFACE('',#11664,3.);
#260=CYLINDRICAL_SURFACE('',#11671,1.5);
#261=CYLINDRICAL_SURFACE('',#11685,2.75);
#262=CONICAL_SURFACE('',#10889,0.4,0.785398163397661);
#263=CONICAL_SURFACE('',#10893,0.2,0.785398163397448);
#264=CONICAL_SURFACE('',#10897,0.4,0.78539816339745);
#265=CONICAL_SURFACE('',#10901,0.4,0.785398163397426);
#266=CONICAL_SURFACE('',#10905,0.2,0.785398163397426);
#267=CONICAL_SURFACE('',#10909,0.4,0.785398163397428);
#268=CONICAL_SURFACE('',#10914,0.400000000000003,0.785398163397461);
#269=CONICAL_SURFACE('',#10918,0.400000000000002,0.785398163397446);
#270=CONICAL_SURFACE('',#10967,0.4,0.78539816339745);
#271=CONICAL_SURFACE('',#10971,0.400000000000001,0.785398163397442);
#272=CONICAL_SURFACE('',#10975,0.399999999999998,0.785398163397447);
#273=CONICAL_SURFACE('',#10979,0.199999999999998,0.785398163397453);
#274=CONICAL_SURFACE('',#10983,0.399999999999997,0.785398163397435);
#275=CONICAL_SURFACE('',#10987,0.4,0.78539816339745);
#276=CONICAL_SURFACE('',#10991,0.2,0.785398163397447);
#277=CONICAL_SURFACE('',#10995,0.399999999999999,0.785398163397442);
#278=CONICAL_SURFACE('',#11014,0.400000000000001,0.785398163397464);
#279=CONICAL_SURFACE('',#11018,0.399999999999999,0.78539816339744);
#280=CONICAL_SURFACE('',#11022,0.199999999999998,0.785398163397445);
#281=CONICAL_SURFACE('',#11026,0.399999999999999,0.785398163397464);
#282=CONICAL_SURFACE('',#11030,0.4,0.78539816339747);
#283=CONICAL_SURFACE('',#11034,0.2,0.785398163397366);
#284=CONICAL_SURFACE('',#11038,0.400000000000001,0.785398163397365);
#285=CONICAL_SURFACE('',#11042,0.4,0.785398163397472);
#286=CONICAL_SURFACE('',#11060,0.400000000000001,0.785398163397442);
#287=CONICAL_SURFACE('',#11062,0.400000000000001,0.785398163397464);
#288=CONICAL_SURFACE('',#11065,0.4,0.785398163397472);
#289=CONICAL_SURFACE('',#11068,0.4,0.78539816339745);
#290=CONICAL_SURFACE('',#11149,0.7,1.02974425867665);
#291=CONICAL_SURFACE('',#11152,0.7,1.02974425867665);
#292=CONICAL_SURFACE('',#11155,0.7,1.02974425867665);
#293=CONICAL_SURFACE('',#11158,0.7,1.02974425867665);
#294=CONICAL_SURFACE('',#11161,1.6,0.523598775598297);
#295=CONICAL_SURFACE('',#11164,1.6,0.523598775598295);
#296=CONICAL_SURFACE('',#11598,3.1,0.0872664625997164);
#297=CONICAL_SURFACE('',#11676,1.3466375,0.785398163397446);
#298=CONICAL_SURFACE('',#11692,0.721687836487032,1.04719755119659);
#299=CIRCLE('',#10883,0.3);
#300=CIRCLE('',#10884,0.3);
#301=CIRCLE('',#10885,0.5);
#302=CIRCLE('',#10886,0.5);
#303=CIRCLE('',#10890,0.3);
#304=CIRCLE('',#10891,0.500000000000001);
#305=CIRCLE('',#10894,0.3);
#306=CIRCLE('',#10895,0.0999999999999999);
#307=CIRCLE('',#10898,0.3);
#308=CIRCLE('',#10899,0.500000000000001);
#309=CIRCLE('',#10902,0.3);
#310=CIRCLE('',#10903,0.5);
#311=CIRCLE('',#10906,0.3);
#312=CIRCLE('',#10907,0.0999999999999998);
#313=CIRCLE('',#10910,0.3);
#314=CIRCLE('',#10911,0.500000000000001);
#315=CIRCLE('',#10915,0.3);
#316=CIRCLE('',#10916,0.500000000000005);
#317=CIRCLE('',#10919,0.3);
#318=CIRCLE('',#10920,0.500000000000004);
#319=CIRCLE('',#10924,0.3);
#320=CIRCLE('',#10927,0.3);
#321=CIRCLE('',#10930,0.3);
#322=CIRCLE('',#10933,0.3);
#323=CIRCLE('',#10936,0.299999999999999);
#324=CIRCLE('',#10937,0.299999999999999);
#325=CIRCLE('',#10938,0.300000000000002);
#326=CIRCLE('',#10939,0.300000000000002);
#327=CIRCLE('',#10940,0.400000000000006);
#328=CIRCLE('',#10941,3.05);
#329=CIRCLE('',#10942,0.400000000000003);
#330=CIRCLE('',#10943,2.8);
#331=CIRCLE('',#10944,2.8);
#332=CIRCLE('',#10945,2.8);
#333=CIRCLE('',#10946,2.8);
#334=CIRCLE('',#10947,2.8);
#335=CIRCLE('',#10948,2.8);
#336=CIRCLE('',#10949,2.8);
#337=CIRCLE('',#10950,2.8);
#338=CIRCLE('',#10951,2.8);
#339=CIRCLE('',#10952,2.8);
#340=CIRCLE('',#10953,0.4);
#341=CIRCLE('',#10954,2.8);
#342=CIRCLE('',#10955,2.8);
#343=CIRCLE('',#10956,2.8);
#344=CIRCLE('',#10957,2.8);
#345=CIRCLE('',#10958,0.4);
#346=CIRCLE('',#10959,3.05);
#347=CIRCLE('',#10960,1.4);
#348=CIRCLE('',#10961,1.4);
#349=CIRCLE('',#10962,1.4);
#350=CIRCLE('',#10963,1.4);
#351=CIRCLE('',#10964,1.4);
#352=CIRCLE('',#10965,1.4);
#353=CIRCLE('',#10968,0.5);
#354=CIRCLE('',#10969,0.299999999999999);
#355=CIRCLE('',#10972,0.5);
#356=CIRCLE('',#10973,0.300000000000002);
#357=CIRCLE('',#10976,0.5);
#358=CIRCLE('',#10977,0.299999999999996);
#359=CIRCLE('',#10980,0.3);
#360=CIRCLE('',#10981,0.0999999999999964);
#361=CIRCLE('',#10984,0.3);
#362=CIRCLE('',#10985,0.499999999999995);
#363=CIRCLE('',#10988,0.3);
#364=CIRCLE('',#10989,0.5);
#365=CIRCLE('',#10992,0.3);
#366=CIRCLE('',#10993,0.100000000000001);
#367=CIRCLE('',#10996,0.5);
#368=CIRCLE('',#10997,0.299999999999999);
#369=CIRCLE('',#10999,0.3);
#370=CIRCLE('',#11002,0.3);
#371=CIRCLE('',#11005,0.3);
#372=CIRCLE('',#11008,0.5);
#373=CIRCLE('',#11011,1.8);
#374=CIRCLE('',#11012,1.7);
#375=CIRCLE('',#11015,0.5);
#376=CIRCLE('',#11016,0.300000000000002);
#377=CIRCLE('',#11019,0.5);
#378=CIRCLE('',#11020,0.299999999999998);
#379=CIRCLE('',#11023,0.3);
#380=CIRCLE('',#11024,0.0999999999999965);
#381=CIRCLE('',#11027,0.3);
#382=CIRCLE('',#11028,0.499999999999998);
#383=CIRCLE('',#11031,0.3);
#384=CIRCLE('',#11032,0.5);
#385=CIRCLE('',#11035,0.3);
#386=CIRCLE('',#11036,0.0999999999999993);
#387=CIRCLE('',#11039,0.5);
#388=CIRCLE('',#11040,0.300000000000002);
#389=CIRCLE('',#11043,0.5);
#390=CIRCLE('',#11044,0.299999999999999);
#391=CIRCLE('',#11046,0.3);
#392=CIRCLE('',#11049,0.3);
#393=CIRCLE('',#11054,0.5);
#394=CIRCLE('',#11057,1.7);
#395=CIRCLE('',#11058,1.8);
#396=CIRCLE('',#11063,0.5);
#397=CIRCLE('',#11066,0.5);
#398=CIRCLE('',#11069,0.5);
#399=CIRCLE('',#11073,0.3);
#400=CIRCLE('',#11074,0.3);
#401=CIRCLE('',#11077,0.3);
#402=CIRCLE('',#11078,0.3);
#403=CIRCLE('',#11079,0.3);
#404=CIRCLE('',#11080,0.5);
#405=CIRCLE('',#11081,0.3);
#406=CIRCLE('',#11082,0.3);
#407=CIRCLE('',#11084,0.3);
#408=CIRCLE('',#11089,0.3);
#409=CIRCLE('',#11092,0.3);
#410=CIRCLE('',#11093,0.3);
#411=CIRCLE('',#11095,0.3);
#412=CIRCLE('',#11097,0.3);
#413=CIRCLE('',#11098,0.3);
#414=CIRCLE('',#11099,0.3);
#415=CIRCLE('',#11103,0.3);
#416=CIRCLE('',#11106,0.3);
#417=CIRCLE('',#11108,0.3);
#418=CIRCLE('',#11109,0.3);
#419=CIRCLE('',#11112,0.3);
#420=CIRCLE('',#11114,0.3);
#421=CIRCLE('',#11118,0.3);
#422=CIRCLE('',#11120,0.3);
#423=CIRCLE('',#11121,0.3);
#424=CIRCLE('',#11126,0.3);
#425=CIRCLE('',#11129,0.3);
#426=CIRCLE('',#11130,0.3);
#427=CIRCLE('',#11132,0.3);
#428=CIRCLE('',#11135,0.3);
#429=CIRCLE('',#11137,0.3);
#430=CIRCLE('',#11138,0.3);
#431=CIRCLE('',#11141,0.3);
#432=CIRCLE('',#11142,0.3);
#433=CIRCLE('',#11150,1.4);
#434=CIRCLE('',#11153,1.4);
#435=CIRCLE('',#11156,1.4);
#436=CIRCLE('',#11159,1.4);
#437=CIRCLE('',#11162,1.4);
#438=CIRCLE('',#11165,1.4);
#439=CIRCLE('',#11168,0.4);
#440=CIRCLE('',#11170,3.05);
#441=CIRCLE('',#11172,0.4);
#442=CIRCLE('',#11174,2.8);
#443=CIRCLE('',#11176,0.400000000000006);
#444=CIRCLE('',#11178,3.05);
#445=CIRCLE('',#11180,2.8);
#446=CIRCLE('',#11182,0.400000000000003);
#447=CIRCLE('',#11184,2.8);
#448=CIRCLE('',#11186,3.05);
#449=CIRCLE('',#11187,2.8);
#450=CIRCLE('',#11188,1.7);
#451=CIRCLE('',#11191,3.05);
#452=CIRCLE('',#11192,1.7);
#453=CIRCLE('',#11195,3.05);
#454=CIRCLE('',#11196,3.05);
#455=CIRCLE('',#11198,2.45);
#456=CIRCLE('',#11200,3.05);
#457=CIRCLE('',#11201,3.05);
#458=CIRCLE('',#11203,2.45);
#459=CIRCLE('',#11205,3.05);
#460=CIRCLE('',#11206,3.05);
#461=CIRCLE('',#11208,2.45);
#462=CIRCLE('',#11210,3.05);
#463=CIRCLE('',#11211,3.05);
#464=CIRCLE('',#11213,2.45);
#465=CIRCLE('',#11215,3.05);
#466=CIRCLE('',#11216,3.05);
#467=CIRCLE('',#11217,3.05);
#468=CIRCLE('',#11218,3.05);
#469=CIRCLE('',#11219,3.05);
#470=CIRCLE('',#11221,2.45);
#471=CIRCLE('',#11223,2.8);
#472=CIRCLE('',#11225,2.8);
#473=CIRCLE('',#11227,2.8);
#474=CIRCLE('',#11229,3.05);
#475=CIRCLE('',#11230,3.05);
#476=CIRCLE('',#11231,3.05);
#477=CIRCLE('',#11233,2.45);
#478=CIRCLE('',#11235,2.8);
#479=CIRCLE('',#11237,2.8);
#480=CIRCLE('',#11239,3.05);
#481=CIRCLE('',#11240,3.05);
#482=CIRCLE('',#11241,3.05);
#483=CIRCLE('',#11242,3.05);
#484=CIRCLE('',#11244,2.45);
#485=CIRCLE('',#11246,2.8);
#486=CIRCLE('',#11248,2.8);
#487=CIRCLE('',#11250,3.05);
#488=CIRCLE('',#11251,3.05);
#489=CIRCLE('',#11252,3.05);
#490=CIRCLE('',#11253,3.05);
#491=CIRCLE('',#11255,2.45);
#492=CIRCLE('',#11257,2.8);
#493=CIRCLE('',#11259,2.8);
#494=CIRCLE('',#11261,2.8);
#495=CIRCLE('',#11302,0.5);
#496=CIRCLE('',#11303,0.5);
#497=CIRCLE('',#11314,0.5);
#498=CIRCLE('',#11315,0.5);
#499=CIRCLE('',#11326,0.5);
#500=CIRCLE('',#11327,0.5);
#501=CIRCLE('',#11338,0.5);
#502=CIRCLE('',#11339,0.5);
#503=CIRCLE('',#11350,0.5);
#504=CIRCLE('',#11351,0.5);
#505=CIRCLE('',#11373,0.5);
#506=CIRCLE('',#11374,0.5);
#507=CIRCLE('',#11450,0.8);
#508=CIRCLE('',#11452,0.8);
#509=CIRCLE('',#11456,0.8);
#510=CIRCLE('',#11458,0.8);
#511=CIRCLE('',#11477,3.6);
#512=CIRCLE('',#11481,2.25);
#513=CIRCLE('',#11482,2.25);
#514=CIRCLE('',#11484,2.25);
#515=CIRCLE('',#11485,2.25);
#516=CIRCLE('',#11487,2.25);
#517=CIRCLE('',#11488,2.25);
#518=CIRCLE('',#11490,2.25);
#519=CIRCLE('',#11491,2.25);
#520=CIRCLE('',#11493,1.2295);
#521=CIRCLE('',#11494,1.2295);
#522=CIRCLE('',#11497,1.2295);
#523=CIRCLE('',#11498,1.2295);
#524=CIRCLE('',#11569,2.25000000000582);
#525=CIRCLE('',#11572,2.25000000000582);
#526=CIRCLE('',#11574,2.25000000000582);
#527=CIRCLE('',#11576,2.25000000000582);
#528=CIRCLE('',#11577,2.25000000000582);
#529=CIRCLE('',#11578,2.25000000000582);
#530=CIRCLE('',#11579,2.25000000000582);
#531=CIRCLE('',#11580,2.25000000000582);
#532=CIRCLE('',#11582,2.25000000000582);
#533=CIRCLE('',#11583,2.25000000000582);
#534=CIRCLE('',#11594,1.5);
#535=CIRCLE('',#11595,7.);
#536=CIRCLE('',#11596,1.5);
#537=CIRCLE('',#11599,3.6);
#538=CIRCLE('',#11600,2.6);
#539=CIRCLE('',#11605,2.25000000000582);
#540=CIRCLE('',#11606,2.25000000000582);
#541=CIRCLE('',#11608,2.25000000000582);
#542=CIRCLE('',#11609,2.25000000000582);
#543=CIRCLE('',#11631,2.35);
#544=CIRCLE('',#11632,1.625);
#545=CIRCLE('',#11633,1.625);
#546=CIRCLE('',#11635,2.35);
#547=CIRCLE('',#11636,2.35);
#548=CIRCLE('',#11638,1.625);
#549=CIRCLE('',#11639,1.625);
#550=CIRCLE('',#11640,1.625);
#551=CIRCLE('',#11641,1.625);
#552=CIRCLE('',#11643,2.45);
#553=CIRCLE('',#11645,2.45);
#554=CIRCLE('',#11647,2.45);
#555=CIRCLE('',#11648,2.45);
#556=CIRCLE('',#11650,2.45);
#557=CIRCLE('',#11653,3.);
#558=CIRCLE('',#11654,2.35);
#559=CIRCLE('',#11656,2.35);
#560=CIRCLE('',#11658,2.35);
#561=CIRCLE('',#11661,2.45);
#562=CIRCLE('',#11663,3.);
#563=CIRCLE('',#11667,1.6);
#564=CIRCLE('',#11668,0.1);
#565=CIRCLE('',#11669,1.5);
#566=CIRCLE('',#11670,1.5);
#567=CIRCLE('',#11672,1.5);
#568=CIRCLE('',#11673,1.5);
#569=CIRCLE('',#11675,2.75);
#570=CIRCLE('',#11677,1.193275);
#571=CIRCLE('',#11680,2.75);
#572=CIRCLE('',#11681,2.75);
#573=CIRCLE('',#11682,0.3);
#574=CIRCLE('',#11683,2.45);
#575=FACE_BOUND('',#1923,.T.);
#576=FACE_BOUND('',#1949,.T.);
#577=FACE_BOUND('',#1963,.T.);
#578=FACE_BOUND('',#1964,.T.);
#579=FACE_BOUND('',#1965,.T.);
#580=FACE_BOUND('',#1966,.T.);
#581=FACE_BOUND('',#1996,.T.);
#582=FACE_BOUND('',#1997,.T.);
#583=FACE_BOUND('',#1998,.T.);
#584=FACE_BOUND('',#1999,.T.);
#585=FACE_BOUND('',#2000,.T.);
#586=FACE_BOUND('',#2001,.T.);
#587=FACE_BOUND('',#2002,.T.);
#588=FACE_BOUND('',#2003,.T.);
#589=FACE_BOUND('',#2004,.T.);
#590=FACE_BOUND('',#2005,.T.);
#591=FACE_BOUND('',#2006,.T.);
#592=FACE_BOUND('',#2032,.T.);
#593=FACE_BOUND('',#2033,.T.);
#594=FACE_BOUND('',#2059,.T.);
#595=FACE_BOUND('',#2060,.T.);
#596=FACE_BOUND('',#2136,.T.);
#597=FACE_BOUND('',#2139,.T.);
#598=FACE_BOUND('',#2143,.T.);
#599=FACE_BOUND('',#2146,.T.);
#600=FACE_BOUND('',#2149,.T.);
#601=FACE_BOUND('',#2152,.T.);
#602=FACE_BOUND('',#2155,.T.);
#603=FACE_BOUND('',#2161,.T.);
#604=FACE_BOUND('',#2166,.T.);
#605=FACE_BOUND('',#2171,.T.);
#606=FACE_BOUND('',#2273,.T.);
#607=FACE_BOUND('',#2274,.T.);
#608=FACE_BOUND('',#2275,.T.);
#609=FACE_BOUND('',#2276,.T.);
#610=FACE_BOUND('',#2277,.T.);
#611=FACE_BOUND('',#2278,.T.);
#612=FACE_BOUND('',#2283,.T.);
#613=FACE_BOUND('',#2284,.T.);
#614=FACE_BOUND('',#2285,.T.);
#615=FACE_BOUND('',#2286,.T.);
#616=FACE_BOUND('',#2287,.T.);
#617=FACE_BOUND('',#2288,.T.);
#618=FACE_BOUND('',#2371,.T.);
#619=FACE_BOUND('',#2461,.T.);
#620=FACE_BOUND('',#2462,.T.);
#621=FACE_BOUND('',#2464,.T.);
#622=FACE_BOUND('',#2465,.T.);
#623=FACE_BOUND('',#2466,.T.);
#624=FACE_BOUND('',#2467,.T.);
#625=FACE_BOUND('',#2468,.T.);
#626=FACE_BOUND('',#2472,.T.);
#627=FACE_BOUND('',#2478,.T.);
#628=FACE_BOUND('',#2489,.T.);
#629=FACE_BOUND('',#2511,.T.);
#630=FACE_BOUND('',#2517,.T.);
#631=FACE_BOUND('',#2522,.T.);
#632=FACE_BOUND('',#2527,.T.);
#633=PLANE('',#10863);
#634=PLANE('',#10864);
#635=PLANE('',#10865);
#636=PLANE('',#10866);
#637=PLANE('',#10867);
#638=PLANE('',#10868);
#639=PLANE('',#10869);
#640=PLANE('',#10870);
#641=PLANE('',#10871);
#642=PLANE('',#10872);
#643=PLANE('',#10873);
#644=PLANE('',#10874);
#645=PLANE('',#10875);
#646=PLANE('',#10876);
#647=PLANE('',#10877);
#648=PLANE('',#10878);
#649=PLANE('',#10879);
#650=PLANE('',#10880);
#651=PLANE('',#10881);
#652=PLANE('',#10882);
#653=PLANE('',#10887);
#654=PLANE('',#10888);
#655=PLANE('',#10892);
#656=PLANE('',#10896);
#657=PLANE('',#10900);
#658=PLANE('',#10904);
#659=PLANE('',#10908);
#660=PLANE('',#10912);
#661=PLANE('',#10913);
#662=PLANE('',#10917);
#663=PLANE('',#10921);
#664=PLANE('',#10922);
#665=PLANE('',#10925);
#666=PLANE('',#10928);
#667=PLANE('',#10931);
#668=PLANE('',#10934);
#669=PLANE('',#10935);
#670=PLANE('',#10966);
#671=PLANE('',#10970);
#672=PLANE('',#10974);
#673=PLANE('',#10978);
#674=PLANE('',#10982);
#675=PLANE('',#10986);
#676=PLANE('',#10990);
#677=PLANE('',#10994);
#678=PLANE('',#11000);
#679=PLANE('',#11003);
#680=PLANE('',#11006);
#681=PLANE('',#11009);
#682=PLANE('',#11010);
#683=PLANE('',#11013);
#684=PLANE('',#11017);
#685=PLANE('',#11021);
#686=PLANE('',#11025);
#687=PLANE('',#11029);
#688=PLANE('',#11033);
#689=PLANE('',#11037);
#690=PLANE('',#11041);
#691=PLANE('',#11047);
#692=PLANE('',#11050);
#693=PLANE('',#11052);
#694=PLANE('',#11055);
#695=PLANE('',#11056);
#696=PLANE('',#11059);
#697=PLANE('',#11061);
#698=PLANE('',#11064);
#699=PLANE('',#11067);
#700=PLANE('',#11075);
#701=PLANE('',#11076);
#702=PLANE('',#11085);
#703=PLANE('',#11087);
#704=PLANE('',#11090);
#705=PLANE('',#11091);
#706=PLANE('',#11096);
#707=PLANE('',#11100);
#708=PLANE('',#11104);
#709=PLANE('',#11110);
#710=PLANE('',#11116);
#711=PLANE('',#11119);
#712=PLANE('',#11122);
#713=PLANE('',#11124);
#714=PLANE('',#11131);
#715=PLANE('',#11133);
#716=PLANE('',#11139);
#717=PLANE('',#11143);
#718=PLANE('',#11145);
#719=PLANE('',#11185);
#720=PLANE('',#11190);
#721=PLANE('',#11197);
#722=PLANE('',#11202);
#723=PLANE('',#11207);
#724=PLANE('',#11212);
#725=PLANE('',#11220);
#726=PLANE('',#11222);
#727=PLANE('',#11224);
#728=PLANE('',#11226);
#729=PLANE('',#11232);
#730=PLANE('',#11234);
#731=PLANE('',#11236);
#732=PLANE('',#11243);
#733=PLANE('',#11245);
#734=PLANE('',#11247);
#735=PLANE('',#11254);
#736=PLANE('',#11256);
#737=PLANE('',#11258);
#738=PLANE('',#11260);
#739=PLANE('',#11262);
#740=PLANE('',#11265);
#741=PLANE('',#11267);
#742=PLANE('',#11268);
#743=PLANE('',#11270);
#744=PLANE('',#11272);
#745=PLANE('',#11275);
#746=PLANE('',#11276);
#747=PLANE('',#11278);
#748=PLANE('',#11280);
#749=PLANE('',#11282);
#750=PLANE('',#11284);
#751=PLANE('',#11285);
#752=PLANE('',#11290);
#753=PLANE('',#11291);
#754=PLANE('',#11292);
#755=PLANE('',#11293);
#756=PLANE('',#11294);
#757=PLANE('',#11295);
#758=PLANE('',#11296);
#759=PLANE('',#11297);
#760=PLANE('',#11298);
#761=PLANE('',#11304);
#762=PLANE('',#11305);
#763=PLANE('',#11306);
#764=PLANE('',#11307);
#765=PLANE('',#11308);
#766=PLANE('',#11309);
#767=PLANE('',#11310);
#768=PLANE('',#11311);
#769=PLANE('',#11312);
#770=PLANE('',#11316);
#771=PLANE('',#11317);
#772=PLANE('',#11318);
#773=PLANE('',#11319);
#774=PLANE('',#11320);
#775=PLANE('',#11321);
#776=PLANE('',#11322);
#777=PLANE('',#11323);
#778=PLANE('',#11324);
#779=PLANE('',#11328);
#780=PLANE('',#11329);
#781=PLANE('',#11330);
#782=PLANE('',#11331);
#783=PLANE('',#11332);
#784=PLANE('',#11333);
#785=PLANE('',#11334);
#786=PLANE('',#11335);
#787=PLANE('',#11336);
#788=PLANE('',#11340);
#789=PLANE('',#11341);
#790=PLANE('',#11342);
#791=PLANE('',#11343);
#792=PLANE('',#11344);
#793=PLANE('',#11345);
#794=PLANE('',#11346);
#795=PLANE('',#11347);
#796=PLANE('',#11348);
#797=PLANE('',#11352);
#798=PLANE('',#11353);
#799=PLANE('',#11354);
#800=PLANE('',#11355);
#801=PLANE('',#11356);
#802=PLANE('',#11357);
#803=PLANE('',#11358);
#804=PLANE('',#11359);
#805=PLANE('',#11360);
#806=PLANE('',#11361);
#807=PLANE('',#11362);
#808=PLANE('',#11363);
#809=PLANE('',#11364);
#810=PLANE('',#11365);
#811=PLANE('',#11366);
#812=PLANE('',#11367);
#813=PLANE('',#11368);
#814=PLANE('',#11369);
#815=PLANE('',#11370);
#816=PLANE('',#11371);
#817=PLANE('',#11375);
#818=PLANE('',#11376);
#819=PLANE('',#11377);
#820=PLANE('',#11378);
#821=PLANE('',#11379);
#822=PLANE('',#11380);
#823=PLANE('',#11381);
#824=PLANE('',#11382);
#825=PLANE('',#11383);
#826=PLANE('',#11384);
#827=PLANE('',#11385);
#828=PLANE('',#11386);
#829=PLANE('',#11387);
#830=PLANE('',#11388);
#831=PLANE('',#11389);
#832=PLANE('',#11390);
#833=PLANE('',#11391);
#834=PLANE('',#11392);
#835=PLANE('',#11393);
#836=PLANE('',#11394);
#837=PLANE('',#11395);
#838=PLANE('',#11396);
#839=PLANE('',#11397);
#840=PLANE('',#11398);
#841=PLANE('',#11399);
#842=PLANE('',#11400);
#843=PLANE('',#11401);
#844=PLANE('',#11402);
#845=PLANE('',#11403);
#846=PLANE('',#11404);
#847=PLANE('',#11405);
#848=PLANE('',#11406);
#849=PLANE('',#11407);
#850=PLANE('',#11408);
#851=PLANE('',#11409);
#852=PLANE('',#11410);
#853=PLANE('',#11411);
#854=PLANE('',#11412);
#855=PLANE('',#11413);
#856=PLANE('',#11414);
#857=PLANE('',#11415);
#858=PLANE('',#11416);
#859=PLANE('',#11417);
#860=PLANE('',#11418);
#861=PLANE('',#11419);
#862=PLANE('',#11420);
#863=PLANE('',#11421);
#864=PLANE('',#11422);
#865=PLANE('',#11423);
#866=PLANE('',#11424);
#867=PLANE('',#11425);
#868=PLANE('',#11426);
#869=PLANE('',#11427);
#870=PLANE('',#11428);
#871=PLANE('',#11429);
#872=PLANE('',#11430);
#873=PLANE('',#11431);
#874=PLANE('',#11432);
#875=PLANE('',#11433);
#876=PLANE('',#11434);
#877=PLANE('',#11435);
#878=PLANE('',#11436);
#879=PLANE('',#11437);
#880=PLANE('',#11438);
#881=PLANE('',#11439);
#882=PLANE('',#11440);
#883=PLANE('',#11441);
#884=PLANE('',#11442);
#885=PLANE('',#11443);
#886=PLANE('',#11444);
#887=PLANE('',#11445);
#888=PLANE('',#11446);
#889=PLANE('',#11447);
#890=PLANE('',#11449);
#891=PLANE('',#11453);
#892=PLANE('',#11455);
#893=PLANE('',#11459);
#894=PLANE('',#11471);
#895=PLANE('',#11472);
#896=PLANE('',#11473);
#897=PLANE('',#11474);
#898=PLANE('',#11475);
#899=PLANE('',#11476);
#900=PLANE('',#11478);
#901=PLANE('',#11479);
#902=PLANE('',#11495);
#903=PLANE('',#11499);
#904=PLANE('',#11500);
#905=PLANE('',#11501);
#906=PLANE('',#11502);
#907=PLANE('',#11503);
#908=PLANE('',#11504);
#909=PLANE('',#11505);
#910=PLANE('',#11506);
#911=PLANE('',#11507);
#912=PLANE('',#11508);
#913=PLANE('',#11509);
#914=PLANE('',#11510);
#915=PLANE('',#11511);
#916=PLANE('',#11512);
#917=PLANE('',#11513);
#918=PLANE('',#11514);
#919=PLANE('',#11515);
#920=PLANE('',#11516);
#921=PLANE('',#11517);
#922=PLANE('',#11518);
#923=PLANE('',#11519);
#924=PLANE('',#11520);
#925=PLANE('',#11521);
#926=PLANE('',#11522);
#927=PLANE('',#11523);
#928=PLANE('',#11524);
#929=PLANE('',#11525);
#930=PLANE('',#11526);
#931=PLANE('',#11527);
#932=PLANE('',#11528);
#933=PLANE('',#11529);
#934=PLANE('',#11530);
#935=PLANE('',#11531);
#936=PLANE('',#11532);
#937=PLANE('',#11533);
#938=PLANE('',#11534);
#939=PLANE('',#11535);
#940=PLANE('',#11536);
#941=PLANE('',#11537);
#942=PLANE('',#11538);
#943=PLANE('',#11539);
#944=PLANE('',#11540);
#945=PLANE('',#11541);
#946=PLANE('',#11542);
#947=PLANE('',#11543);
#948=PLANE('',#11544);
#949=PLANE('',#11545);
#950=PLANE('',#11546);
#951=PLANE('',#11547);
#952=PLANE('',#11548);
#953=PLANE('',#11549);
#954=PLANE('',#11550);
#955=PLANE('',#11551);
#956=PLANE('',#11552);
#957=PLANE('',#11553);
#958=PLANE('',#11554);
#959=PLANE('',#11555);
#960=PLANE('',#11556);
#961=PLANE('',#11557);
#962=PLANE('',#11558);
#963=PLANE('',#11559);
#964=PLANE('',#11560);
#965=PLANE('',#11561);
#966=PLANE('',#11562);
#967=PLANE('',#11563);
#968=PLANE('',#11564);
#969=PLANE('',#11565);
#970=PLANE('',#11566);
#971=PLANE('',#11567);
#972=PLANE('',#11568);
#973=PLANE('',#11570);
#974=PLANE('',#11571);
#975=PLANE('',#11575);
#976=PLANE('',#11584);
#977=PLANE('',#11585);
#978=PLANE('',#11586);
#979=PLANE('',#11587);
#980=PLANE('',#11588);
#981=PLANE('',#11589);
#982=PLANE('',#11590);
#983=PLANE('',#11591);
#984=PLANE('',#11592);
#985=PLANE('',#11597);
#986=PLANE('',#11602);
#987=PLANE('',#11603);
#988=PLANE('',#11610);
#989=PLANE('',#11611);
#990=PLANE('',#11612);
#991=PLANE('',#11613);
#992=PLANE('',#11614);
#993=PLANE('',#11615);
#994=PLANE('',#11616);
#995=PLANE('',#11618);
#996=PLANE('',#11619);
#997=PLANE('',#11620);
#998=PLANE('',#11621);
#999=PLANE('',#11624);
#1000=PLANE('',#11625);
#1001=PLANE('',#11626);
#1002=PLANE('',#11628);
#1003=PLANE('',#11630);
#1004=PLANE('',#11642);
#1005=PLANE('',#11644);
#1006=PLANE('',#11652);
#1007=PLANE('',#11659);
#1008=PLANE('',#11662);
#1009=PLANE('',#11674);
#1010=PLANE('',#11678);
#1011=PLANE('',#11684);
#1012=PLANE('',#11686);
#1013=PLANE('',#11687);
#1014=PLANE('',#11688);
#1015=PLANE('',#11689);
#1016=PLANE('',#11690);
#1017=PLANE('',#11691);
#1018=STYLED_ITEM('',(#18295),#10163);
#1019=STYLED_ITEM('',(#18295),#10168);
#1020=STYLED_ITEM('',(#18295),#10188);
#1021=STYLED_ITEM('',(#18295),#10193);
#1022=STYLED_ITEM('',(#18295),#10201);
#1023=STYLED_ITEM('',(#18295),#10202);
#1024=STYLED_ITEM('',(#18295),#10203);
#1025=STYLED_ITEM('',(#18295),#10204);
#1026=STYLED_ITEM('',(#18295),#10205);
#1027=STYLED_ITEM('',(#18295),#10206);
#1028=STYLED_ITEM('',(#18295),#10207);
#1029=STYLED_ITEM('',(#18295),#10208);
#1030=STYLED_ITEM('',(#18295),#10209);
#1031=STYLED_ITEM('',(#18295),#10210);
#1032=STYLED_ITEM('',(#18295),#10211);
#1033=STYLED_ITEM('',(#18295),#10212);
#1034=STYLED_ITEM('',(#18295),#10213);
#1035=STYLED_ITEM('',(#18295),#10214);
#1036=STYLED_ITEM('',(#18295),#10215);
#1037=STYLED_ITEM('',(#18295),#10216);
#1038=STYLED_ITEM('',(#18295),#10217);
#1039=STYLED_ITEM('',(#18295),#10218);
#1040=STYLED_ITEM('',(#18295),#10219);
#1041=STYLED_ITEM('',(#18295),#10220);
#1042=STYLED_ITEM('',(#18295),#10221);
#1043=STYLED_ITEM('',(#18295),#10222);
#1044=STYLED_ITEM('',(#18295),#10223);
#1045=STYLED_ITEM('',(#18295),#10224);
#1046=STYLED_ITEM('',(#18295),#10225);
#1047=STYLED_ITEM('',(#18295),#10226);
#1048=STYLED_ITEM('',(#18295),#10227);
#1049=STYLED_ITEM('',(#18295),#10228);
#1050=STYLED_ITEM('',(#18295),#10229);
#1051=STYLED_ITEM('',(#18295),#10230);
#1052=STYLED_ITEM('',(#18295),#10231);
#1053=STYLED_ITEM('',(#18295),#10232);
#1054=STYLED_ITEM('',(#18295),#10233);
#1055=STYLED_ITEM('',(#18295),#10234);
#1056=STYLED_ITEM('',(#18295),#10235);
#1057=STYLED_ITEM('',(#18295),#10236);
#1058=STYLED_ITEM('',(#18295),#10237);
#1059=STYLED_ITEM('',(#18295),#10238);
#1060=STYLED_ITEM('',(#18295),#10239);
#1061=STYLED_ITEM('',(#18295),#10240);
#1062=STYLED_ITEM('',(#18295),#10241);
#1063=STYLED_ITEM('',(#18295),#10242);
#1064=STYLED_ITEM('',(#18295),#10243);
#1065=STYLED_ITEM('',(#18295),#10244);
#1066=STYLED_ITEM('',(#18295),#10245);
#1067=STYLED_ITEM('',(#18295),#10246);
#1068=STYLED_ITEM('',(#18295),#10247);
#1069=STYLED_ITEM('',(#18295),#10248);
#1070=STYLED_ITEM('',(#18295),#10249);
#1071=STYLED_ITEM('',(#18295),#10250);
#1072=STYLED_ITEM('',(#18295),#10251);
#1073=STYLED_ITEM('',(#18295),#10252);
#1074=STYLED_ITEM('',(#18295),#10253);
#1075=STYLED_ITEM('',(#18295),#10254);
#1076=STYLED_ITEM('',(#18295),#10255);
#1077=STYLED_ITEM('',(#18295),#10256);
#1078=STYLED_ITEM('',(#18295),#10257);
#1079=STYLED_ITEM('',(#18295),#10258);
#1080=STYLED_ITEM('',(#18295),#10259);
#1081=STYLED_ITEM('',(#18295),#10260);
#1082=STYLED_ITEM('',(#18295),#10261);
#1083=STYLED_ITEM('',(#18295),#10262);
#1084=STYLED_ITEM('',(#18295),#10263);
#1085=STYLED_ITEM('',(#18295),#10264);
#1086=STYLED_ITEM('',(#18295),#10265);
#1087=STYLED_ITEM('',(#18295),#10266);
#1088=STYLED_ITEM('',(#18295),#10267);
#1089=STYLED_ITEM('',(#18295),#10268);
#1090=STYLED_ITEM('',(#18295),#10269);
#1091=STYLED_ITEM('',(#18295),#10270);
#1092=STYLED_ITEM('',(#18295),#10271);
#1093=STYLED_ITEM('',(#18295),#10272);
#1094=STYLED_ITEM('',(#18295),#10273);
#1095=STYLED_ITEM('',(#18295),#10274);
#1096=STYLED_ITEM('',(#18295),#10275);
#1097=STYLED_ITEM('',(#18295),#10276);
#1098=STYLED_ITEM('',(#18295),#10277);
#1099=STYLED_ITEM('',(#18295),#10278);
#1100=STYLED_ITEM('',(#18295),#10279);
#1101=STYLED_ITEM('',(#18295),#10280);
#1102=STYLED_ITEM('',(#18295),#10281);
#1103=STYLED_ITEM('',(#18295),#10282);
#1104=STYLED_ITEM('',(#18295),#10283);
#1105=STYLED_ITEM('',(#18295),#10284);
#1106=STYLED_ITEM('',(#18295),#10285);
#1107=STYLED_ITEM('',(#18295),#10286);
#1108=STYLED_ITEM('',(#18295),#10287);
#1109=STYLED_ITEM('',(#18295),#10288);
#1110=STYLED_ITEM('',(#18295),#10289);
#1111=STYLED_ITEM('',(#18295),#10290);
#1112=STYLED_ITEM('',(#18295),#10291);
#1113=STYLED_ITEM('',(#18295),#10292);
#1114=STYLED_ITEM('',(#18295),#10293);
#1115=STYLED_ITEM('',(#18295),#10294);
#1116=STYLED_ITEM('',(#18295),#10295);
#1117=STYLED_ITEM('',(#18295),#10296);
#1118=STYLED_ITEM('',(#18295),#10297);
#1119=STYLED_ITEM('',(#18295),#10298);
#1120=STYLED_ITEM('',(#18295),#10299);
#1121=STYLED_ITEM('',(#18295),#10300);
#1122=STYLED_ITEM('',(#18295),#10301);
#1123=STYLED_ITEM('',(#18295),#10302);
#1124=STYLED_ITEM('',(#18295),#10303);
#1125=STYLED_ITEM('',(#18295),#10304);
#1126=STYLED_ITEM('',(#18295),#10305);
#1127=STYLED_ITEM('',(#18295),#10306);
#1128=STYLED_ITEM('',(#18295),#10307);
#1129=STYLED_ITEM('',(#18295),#10308);
#1130=STYLED_ITEM('',(#18295),#10309);
#1131=STYLED_ITEM('',(#18295),#10310);
#1132=STYLED_ITEM('',(#18295),#10311);
#1133=STYLED_ITEM('',(#18295),#10312);
#1134=STYLED_ITEM('',(#18295),#10313);
#1135=STYLED_ITEM('',(#18295),#10314);
#1136=STYLED_ITEM('',(#18295),#10315);
#1137=STYLED_ITEM('',(#18295),#10316);
#1138=STYLED_ITEM('',(#18295),#10317);
#1139=STYLED_ITEM('',(#18295),#10318);
#1140=STYLED_ITEM('',(#18295),#10319);
#1141=STYLED_ITEM('',(#18295),#10320);
#1142=STYLED_ITEM('',(#18295),#10321);
#1143=STYLED_ITEM('',(#18295),#10322);
#1144=STYLED_ITEM('',(#18295),#10323);
#1145=STYLED_ITEM('',(#18295),#10324);
#1146=STYLED_ITEM('',(#18295),#10325);
#1147=STYLED_ITEM('',(#18295),#10326);
#1148=STYLED_ITEM('',(#18295),#10327);
#1149=STYLED_ITEM('',(#18295),#10328);
#1150=STYLED_ITEM('',(#18295),#10329);
#1151=STYLED_ITEM('',(#18295),#10330);
#1152=STYLED_ITEM('',(#18295),#10331);
#1153=STYLED_ITEM('',(#18295),#10332);
#1154=STYLED_ITEM('',(#18295),#10333);
#1155=STYLED_ITEM('',(#18295),#10334);
#1156=STYLED_ITEM('',(#18295),#10335);
#1157=STYLED_ITEM('',(#18295),#10336);
#1158=STYLED_ITEM('',(#18295),#10337);
#1159=STYLED_ITEM('',(#18295),#10338);
#1160=STYLED_ITEM('',(#18295),#10339);
#1161=STYLED_ITEM('',(#18295),#10340);
#1162=STYLED_ITEM('',(#18295),#10341);
#1163=STYLED_ITEM('',(#18295),#10342);
#1164=STYLED_ITEM('',(#18295),#10343);
#1165=STYLED_ITEM('',(#18295),#10344);
#1166=STYLED_ITEM('',(#18295),#10345);
#1167=STYLED_ITEM('',(#18295),#10346);
#1168=STYLED_ITEM('',(#18295),#10347);
#1169=STYLED_ITEM('',(#18295),#10348);
#1170=STYLED_ITEM('',(#18295),#10349);
#1171=STYLED_ITEM('',(#18295),#10350);
#1172=STYLED_ITEM('',(#18295),#10351);
#1173=STYLED_ITEM('',(#18295),#10352);
#1174=STYLED_ITEM('',(#18295),#10353);
#1175=STYLED_ITEM('',(#18295),#10354);
#1176=STYLED_ITEM('',(#18295),#10355);
#1177=STYLED_ITEM('',(#18295),#10356);
#1178=STYLED_ITEM('',(#18295),#10357);
#1179=STYLED_ITEM('',(#18295),#10358);
#1180=STYLED_ITEM('',(#18295),#10359);
#1181=STYLED_ITEM('',(#18295),#10360);
#1182=STYLED_ITEM('',(#18295),#10361);
#1183=STYLED_ITEM('',(#18295),#10362);
#1184=STYLED_ITEM('',(#18295),#10363);
#1185=STYLED_ITEM('',(#18295),#10364);
#1186=STYLED_ITEM('',(#18295),#10365);
#1187=STYLED_ITEM('',(#18295),#10366);
#1188=STYLED_ITEM('',(#18295),#10367);
#1189=STYLED_ITEM('',(#18295),#10368);
#1190=STYLED_ITEM('',(#18295),#10369);
#1191=STYLED_ITEM('',(#18295),#10370);
#1192=STYLED_ITEM('',(#18295),#10371);
#1193=STYLED_ITEM('',(#18295),#10372);
#1194=STYLED_ITEM('',(#18295),#10373);
#1195=STYLED_ITEM('',(#18295),#10374);
#1196=STYLED_ITEM('',(#18295),#10375);
#1197=STYLED_ITEM('',(#18295),#10376);
#1198=STYLED_ITEM('',(#18295),#10377);
#1199=STYLED_ITEM('',(#18295),#10378);
#1200=STYLED_ITEM('',(#18295),#10379);
#1201=STYLED_ITEM('',(#18295),#10380);
#1202=STYLED_ITEM('',(#18295),#10381);
#1203=STYLED_ITEM('',(#18295),#10382);
#1204=STYLED_ITEM('',(#18295),#10383);
#1205=STYLED_ITEM('',(#18295),#10384);
#1206=STYLED_ITEM('',(#18295),#10385);
#1207=STYLED_ITEM('',(#18295),#10386);
#1208=STYLED_ITEM('',(#18295),#10387);
#1209=STYLED_ITEM('',(#18295),#10388);
#1210=STYLED_ITEM('',(#18295),#10389);
#1211=STYLED_ITEM('',(#18295),#10390);
#1212=STYLED_ITEM('',(#18295),#10391);
#1213=STYLED_ITEM('',(#18295),#10392);
#1214=STYLED_ITEM('',(#18295),#10393);
#1215=STYLED_ITEM('',(#18295),#10394);
#1216=STYLED_ITEM('',(#18295),#10395);
#1217=STYLED_ITEM('',(#18295),#10396);
#1218=STYLED_ITEM('',(#18295),#10397);
#1219=STYLED_ITEM('',(#18295),#10398);
#1220=STYLED_ITEM('',(#18295),#10399);
#1221=STYLED_ITEM('',(#18295),#10400);
#1222=STYLED_ITEM('',(#18295),#10401);
#1223=STYLED_ITEM('',(#18295),#10402);
#1224=STYLED_ITEM('',(#18295),#10403);
#1225=STYLED_ITEM('',(#18295),#10404);
#1226=STYLED_ITEM('',(#18295),#10405);
#1227=STYLED_ITEM('',(#18295),#10406);
#1228=STYLED_ITEM('',(#18295),#10407);
#1229=STYLED_ITEM('',(#18295),#10408);
#1230=STYLED_ITEM('',(#18295),#10409);
#1231=STYLED_ITEM('',(#18295),#10410);
#1232=STYLED_ITEM('',(#18295),#10411);
#1233=STYLED_ITEM('',(#18295),#10412);
#1234=STYLED_ITEM('',(#18295),#10413);
#1235=STYLED_ITEM('',(#18295),#10414);
#1236=STYLED_ITEM('',(#18295),#10415);
#1237=STYLED_ITEM('',(#18295),#10416);
#1238=STYLED_ITEM('',(#18295),#10417);
#1239=STYLED_ITEM('',(#18295),#10418);
#1240=STYLED_ITEM('',(#18295),#10419);
#1241=STYLED_ITEM('',(#18295),#10420);
#1242=STYLED_ITEM('',(#18295),#10421);
#1243=STYLED_ITEM('',(#18295),#147);
#1244=STYLED_ITEM('',(#18296),#148);
#1245=STYLED_ITEM('',(#18297),#149);
#1246=STYLED_ITEM('',(#18298),#150);
#1247=STYLED_ITEM('',(#18300),#10568);
#1248=STYLED_ITEM('',(#18296),#10569);
#1249=STYLED_ITEM('',(#18296),#10570);
#1250=STYLED_ITEM('',(#18300),#10575);
#1251=STYLED_ITEM('',(#18300),#10576);
#1252=STYLED_ITEM('',(#18300),#10577);
#1253=STYLED_ITEM('',(#18300),#10578);
#1254=STYLED_ITEM('',(#18300),#10579);
#1255=STYLED_ITEM('',(#18300),#10580);
#1256=STYLED_ITEM('',(#18300),#10581);
#1257=STYLED_ITEM('',(#18300),#10582);
#1258=STYLED_ITEM('',(#18300),#10583);
#1259=STYLED_ITEM('',(#18300),#10584);
#1260=STYLED_ITEM('',(#18300),#10585);
#1261=STYLED_ITEM('',(#18300),#10586);
#1262=STYLED_ITEM('',(#18300),#10587);
#1263=STYLED_ITEM('',(#18300),#10588);
#1264=STYLED_ITEM('',(#18300),#10589);
#1265=STYLED_ITEM('',(#18300),#10590);
#1266=STYLED_ITEM('',(#18300),#10591);
#1267=STYLED_ITEM('',(#18300),#10592);
#1268=STYLED_ITEM('',(#18300),#10593);
#1269=STYLED_ITEM('',(#18300),#10594);
#1270=STYLED_ITEM('',(#18300),#10595);
#1271=STYLED_ITEM('',(#18300),#10596);
#1272=STYLED_ITEM('',(#18300),#10597);
#1273=STYLED_ITEM('',(#18300),#10598);
#1274=STYLED_ITEM('',(#18300),#10599);
#1275=STYLED_ITEM('',(#18300),#10600);
#1276=STYLED_ITEM('',(#18300),#10601);
#1277=STYLED_ITEM('',(#18300),#10602);
#1278=STYLED_ITEM('',(#18300),#10603);
#1279=STYLED_ITEM('',(#18300),#10604);
#1280=STYLED_ITEM('',(#18300),#10605);
#1281=STYLED_ITEM('',(#18300),#10606);
#1282=STYLED_ITEM('',(#18300),#10607);
#1283=STYLED_ITEM('',(#18300),#10608);
#1284=STYLED_ITEM('',(#18300),#10609);
#1285=STYLED_ITEM('',(#18300),#10610);
#1286=STYLED_ITEM('',(#18300),#10611);
#1287=STYLED_ITEM('',(#18300),#10612);
#1288=STYLED_ITEM('',(#18300),#10613);
#1289=STYLED_ITEM('',(#18300),#10614);
#1290=STYLED_ITEM('',(#18300),#10615);
#1291=STYLED_ITEM('',(#18300),#10616);
#1292=STYLED_ITEM('',(#18300),#10617);
#1293=STYLED_ITEM('',(#18300),#10618);
#1294=STYLED_ITEM('',(#18300),#10619);
#1295=STYLED_ITEM('',(#18300),#10620);
#1296=STYLED_ITEM('',(#18300),#10621);
#1297=STYLED_ITEM('',(#18300),#10622);
#1298=STYLED_ITEM('',(#18300),#10623);
#1299=STYLED_ITEM('',(#18300),#10624);
#1300=STYLED_ITEM('',(#18300),#10625);
#1301=STYLED_ITEM('',(#18300),#10626);
#1302=STYLED_ITEM('',(#18300),#10627);
#1303=STYLED_ITEM('',(#18300),#10628);
#1304=STYLED_ITEM('',(#18300),#10629);
#1305=STYLED_ITEM('',(#18300),#10630);
#1306=STYLED_ITEM('',(#18300),#10631);
#1307=STYLED_ITEM('',(#18300),#10632);
#1308=STYLED_ITEM('',(#18300),#10633);
#1309=STYLED_ITEM('',(#18300),#10634);
#1310=STYLED_ITEM('',(#18300),#10635);
#1311=STYLED_ITEM('',(#18300),#10636);
#1312=STYLED_ITEM('',(#18300),#10637);
#1313=STYLED_ITEM('',(#18300),#10638);
#1314=STYLED_ITEM('',(#18300),#10639);
#1315=STYLED_ITEM('',(#18300),#10640);
#1316=STYLED_ITEM('',(#18300),#10641);
#1317=STYLED_ITEM('',(#18300),#10648);
#1318=STYLED_ITEM('',(#18296),#10654);
#1319=STYLED_ITEM('',(#18296),#10655);
#1320=STYLED_ITEM('',(#18300),#10657);
#1321=STYLED_ITEM('',(#18301),#10658);
#1322=STYLED_ITEM('',(#18302),#10662);
#1323=STYLED_ITEM('',(#18303),#10664);
#1324=STYLED_ITEM('',(#18304),#10665);
#1325=STYLED_ITEM('',(#18300),#10667);
#1326=STYLED_ITEM('',(#18296),#10676);
#1327=STYLED_ITEM('',(#18299),#151);
#1328=STYLED_ITEM('',(#18306),#10677);
#1329=STYLED_ITEM('',(#18307),#10678);
#1330=STYLED_ITEM('',(#18307),#10679);
#1331=STYLED_ITEM('',(#18307),#10680);
#1332=STYLED_ITEM('',(#18307),#10681);
#1333=STYLED_ITEM('',(#18307),#10682);
#1334=STYLED_ITEM('',(#18307),#10683);
#1335=STYLED_ITEM('',(#18307),#10684);
#1336=STYLED_ITEM('',(#18307),#10685);
#1337=STYLED_ITEM('',(#18307),#10686);
#1338=STYLED_ITEM('',(#18307),#10687);
#1339=STYLED_ITEM('',(#18307),#10688);
#1340=STYLED_ITEM('',(#18307),#10689);
#1341=STYLED_ITEM('',(#18307),#10690);
#1342=STYLED_ITEM('',(#18307),#10691);
#1343=STYLED_ITEM('',(#18307),#10692);
#1344=STYLED_ITEM('',(#18307),#10693);
#1345=STYLED_ITEM('',(#18307),#10694);
#1346=STYLED_ITEM('',(#18307),#10695);
#1347=STYLED_ITEM('',(#18307),#10696);
#1348=STYLED_ITEM('',(#18307),#10697);
#1349=STYLED_ITEM('',(#18307),#10698);
#1350=STYLED_ITEM('',(#18307),#10699);
#1351=STYLED_ITEM('',(#18307),#10700);
#1352=STYLED_ITEM('',(#18307),#10701);
#1353=STYLED_ITEM('',(#18307),#10702);
#1354=STYLED_ITEM('',(#18307),#10703);
#1355=STYLED_ITEM('',(#18305),#152);
#1356=STYLED_ITEM('',(#18308),#153);
#1357=STYLED_ITEM('',(#18309),#13);
#1358=FACE_OUTER_BOUND('',#1918,.T.);
#1359=FACE_OUTER_BOUND('',#1919,.T.);
#1360=FACE_OUTER_BOUND('',#1920,.T.);
#1361=FACE_OUTER_BOUND('',#1921,.T.);
#1362=FACE_OUTER_BOUND('',#1922,.T.);
#1363=FACE_OUTER_BOUND('',#1924,.T.);
#1364=FACE_OUTER_BOUND('',#1925,.T.);
#1365=FACE_OUTER_BOUND('',#1926,.T.);
#1366=FACE_OUTER_BOUND('',#1927,.T.);
#1367=FACE_OUTER_BOUND('',#1928,.T.);
#1368=FACE_OUTER_BOUND('',#1929,.T.);
#1369=FACE_OUTER_BOUND('',#1930,.T.);
#1370=FACE_OUTER_BOUND('',#1931,.T.);
#1371=FACE_OUTER_BOUND('',#1932,.T.);
#1372=FACE_OUTER_BOUND('',#1933,.T.);
#1373=FACE_OUTER_BOUND('',#1934,.T.);
#1374=FACE_OUTER_BOUND('',#1935,.T.);
#1375=FACE_OUTER_BOUND('',#1936,.T.);
#1376=FACE_OUTER_BOUND('',#1937,.T.);
#1377=FACE_OUTER_BOUND('',#1938,.T.);
#1378=FACE_OUTER_BOUND('',#1939,.T.);
#1379=FACE_OUTER_BOUND('',#1940,.T.);
#1380=FACE_OUTER_BOUND('',#1941,.T.);
#1381=FACE_OUTER_BOUND('',#1942,.T.);
#1382=FACE_OUTER_BOUND('',#1943,.T.);
#1383=FACE_OUTER_BOUND('',#1944,.T.);
#1384=FACE_OUTER_BOUND('',#1945,.T.);
#1385=FACE_OUTER_BOUND('',#1946,.T.);
#1386=FACE_OUTER_BOUND('',#1947,.T.);
#1387=FACE_OUTER_BOUND('',#1948,.T.);
#1388=FACE_OUTER_BOUND('',#1950,.T.);
#1389=FACE_OUTER_BOUND('',#1951,.T.);
#1390=FACE_OUTER_BOUND('',#1952,.T.);
#1391=FACE_OUTER_BOUND('',#1953,.T.);
#1392=FACE_OUTER_BOUND('',#1954,.T.);
#1393=FACE_OUTER_BOUND('',#1955,.T.);
#1394=FACE_OUTER_BOUND('',#1956,.T.);
#1395=FACE_OUTER_BOUND('',#1957,.T.);
#1396=FACE_OUTER_BOUND('',#1958,.T.);
#1397=FACE_OUTER_BOUND('',#1959,.T.);
#1398=FACE_OUTER_BOUND('',#1960,.T.);
#1399=FACE_OUTER_BOUND('',#1961,.T.);
#1400=FACE_OUTER_BOUND('',#1962,.T.);
#1401=FACE_OUTER_BOUND('',#1967,.T.);
#1402=FACE_OUTER_BOUND('',#1968,.T.);
#1403=FACE_OUTER_BOUND('',#1969,.T.);
#1404=FACE_OUTER_BOUND('',#1970,.T.);
#1405=FACE_OUTER_BOUND('',#1971,.T.);
#1406=FACE_OUTER_BOUND('',#1972,.T.);
#1407=FACE_OUTER_BOUND('',#1973,.T.);
#1408=FACE_OUTER_BOUND('',#1974,.T.);
#1409=FACE_OUTER_BOUND('',#1975,.T.);
#1410=FACE_OUTER_BOUND('',#1976,.T.);
#1411=FACE_OUTER_BOUND('',#1977,.T.);
#1412=FACE_OUTER_BOUND('',#1978,.T.);
#1413=FACE_OUTER_BOUND('',#1979,.T.);
#1414=FACE_OUTER_BOUND('',#1980,.T.);
#1415=FACE_OUTER_BOUND('',#1981,.T.);
#1416=FACE_OUTER_BOUND('',#1982,.T.);
#1417=FACE_OUTER_BOUND('',#1983,.T.);
#1418=FACE_OUTER_BOUND('',#1984,.T.);
#1419=FACE_OUTER_BOUND('',#1985,.T.);
#1420=FACE_OUTER_BOUND('',#1986,.T.);
#1421=FACE_OUTER_BOUND('',#1987,.T.);
#1422=FACE_OUTER_BOUND('',#1988,.T.);
#1423=FACE_OUTER_BOUND('',#1989,.T.);
#1424=FACE_OUTER_BOUND('',#1990,.T.);
#1425=FACE_OUTER_BOUND('',#1991,.T.);
#1426=FACE_OUTER_BOUND('',#1992,.T.);
#1427=FACE_OUTER_BOUND('',#1993,.T.);
#1428=FACE_OUTER_BOUND('',#1994,.T.);
#1429=FACE_OUTER_BOUND('',#1995,.T.);
#1430=FACE_OUTER_BOUND('',#2007,.T.);
#1431=FACE_OUTER_BOUND('',#2008,.T.);
#1432=FACE_OUTER_BOUND('',#2009,.T.);
#1433=FACE_OUTER_BOUND('',#2010,.T.);
#1434=FACE_OUTER_BOUND('',#2011,.T.);
#1435=FACE_OUTER_BOUND('',#2012,.T.);
#1436=FACE_OUTER_BOUND('',#2013,.T.);
#1437=FACE_OUTER_BOUND('',#2014,.T.);
#1438=FACE_OUTER_BOUND('',#2015,.T.);
#1439=FACE_OUTER_BOUND('',#2016,.T.);
#1440=FACE_OUTER_BOUND('',#2017,.T.);
#1441=FACE_OUTER_BOUND('',#2018,.T.);
#1442=FACE_OUTER_BOUND('',#2019,.T.);
#1443=FACE_OUTER_BOUND('',#2020,.T.);
#1444=FACE_OUTER_BOUND('',#2021,.T.);
#1445=FACE_OUTER_BOUND('',#2022,.T.);
#1446=FACE_OUTER_BOUND('',#2023,.T.);
#1447=FACE_OUTER_BOUND('',#2024,.T.);
#1448=FACE_OUTER_BOUND('',#2025,.T.);
#1449=FACE_OUTER_BOUND('',#2026,.T.);
#1450=FACE_OUTER_BOUND('',#2027,.T.);
#1451=FACE_OUTER_BOUND('',#2028,.T.);
#1452=FACE_OUTER_BOUND('',#2029,.T.);
#1453=FACE_OUTER_BOUND('',#2030,.T.);
#1454=FACE_OUTER_BOUND('',#2031,.T.);
#1455=FACE_OUTER_BOUND('',#2034,.T.);
#1456=FACE_OUTER_BOUND('',#2035,.T.);
#1457=FACE_OUTER_BOUND('',#2036,.T.);
#1458=FACE_OUTER_BOUND('',#2037,.T.);
#1459=FACE_OUTER_BOUND('',#2038,.T.);
#1460=FACE_OUTER_BOUND('',#2039,.T.);
#1461=FACE_OUTER_BOUND('',#2040,.T.);
#1462=FACE_OUTER_BOUND('',#2041,.T.);
#1463=FACE_OUTER_BOUND('',#2042,.T.);
#1464=FACE_OUTER_BOUND('',#2043,.T.);
#1465=FACE_OUTER_BOUND('',#2044,.T.);
#1466=FACE_OUTER_BOUND('',#2045,.T.);
#1467=FACE_OUTER_BOUND('',#2046,.T.);
#1468=FACE_OUTER_BOUND('',#2047,.T.);
#1469=FACE_OUTER_BOUND('',#2048,.T.);
#1470=FACE_OUTER_BOUND('',#2049,.T.);
#1471=FACE_OUTER_BOUND('',#2050,.T.);
#1472=FACE_OUTER_BOUND('',#2051,.T.);
#1473=FACE_OUTER_BOUND('',#2052,.T.);
#1474=FACE_OUTER_BOUND('',#2053,.T.);
#1475=FACE_OUTER_BOUND('',#2054,.T.);
#1476=FACE_OUTER_BOUND('',#2055,.T.);
#1477=FACE_OUTER_BOUND('',#2056,.T.);
#1478=FACE_OUTER_BOUND('',#2057,.T.);
#1479=FACE_OUTER_BOUND('',#2058,.T.);
#1480=FACE_OUTER_BOUND('',#2061,.T.);
#1481=FACE_OUTER_BOUND('',#2062,.T.);
#1482=FACE_OUTER_BOUND('',#2063,.T.);
#1483=FACE_OUTER_BOUND('',#2064,.T.);
#1484=FACE_OUTER_BOUND('',#2065,.T.);
#1485=FACE_OUTER_BOUND('',#2066,.T.);
#1486=FACE_OUTER_BOUND('',#2067,.T.);
#1487=FACE_OUTER_BOUND('',#2068,.T.);
#1488=FACE_OUTER_BOUND('',#2069,.T.);
#1489=FACE_OUTER_BOUND('',#2070,.T.);
#1490=FACE_OUTER_BOUND('',#2071,.T.);
#1491=FACE_OUTER_BOUND('',#2072,.T.);
#1492=FACE_OUTER_BOUND('',#2073,.T.);
#1493=FACE_OUTER_BOUND('',#2074,.T.);
#1494=FACE_OUTER_BOUND('',#2075,.T.);
#1495=FACE_OUTER_BOUND('',#2076,.T.);
#1496=FACE_OUTER_BOUND('',#2077,.T.);
#1497=FACE_OUTER_BOUND('',#2078,.T.);
#1498=FACE_OUTER_BOUND('',#2079,.T.);
#1499=FACE_OUTER_BOUND('',#2080,.T.);
#1500=FACE_OUTER_BOUND('',#2081,.T.);
#1501=FACE_OUTER_BOUND('',#2082,.T.);
#1502=FACE_OUTER_BOUND('',#2083,.T.);
#1503=FACE_OUTER_BOUND('',#2084,.T.);
#1504=FACE_OUTER_BOUND('',#2085,.T.);
#1505=FACE_OUTER_BOUND('',#2086,.T.);
#1506=FACE_OUTER_BOUND('',#2087,.T.);
#1507=FACE_OUTER_BOUND('',#2088,.T.);
#1508=FACE_OUTER_BOUND('',#2089,.T.);
#1509=FACE_OUTER_BOUND('',#2090,.T.);
#1510=FACE_OUTER_BOUND('',#2091,.T.);
#1511=FACE_OUTER_BOUND('',#2092,.T.);
#1512=FACE_OUTER_BOUND('',#2093,.T.);
#1513=FACE_OUTER_BOUND('',#2094,.T.);
#1514=FACE_OUTER_BOUND('',#2095,.T.);
#1515=FACE_OUTER_BOUND('',#2096,.T.);
#1516=FACE_OUTER_BOUND('',#2097,.T.);
#1517=FACE_OUTER_BOUND('',#2098,.T.);
#1518=FACE_OUTER_BOUND('',#2099,.T.);
#1519=FACE_OUTER_BOUND('',#2100,.T.);
#1520=FACE_OUTER_BOUND('',#2101,.T.);
#1521=FACE_OUTER_BOUND('',#2102,.T.);
#1522=FACE_OUTER_BOUND('',#2103,.T.);
#1523=FACE_OUTER_BOUND('',#2104,.T.);
#1524=FACE_OUTER_BOUND('',#2105,.T.);
#1525=FACE_OUTER_BOUND('',#2106,.T.);
#1526=FACE_OUTER_BOUND('',#2107,.T.);
#1527=FACE_OUTER_BOUND('',#2108,.T.);
#1528=FACE_OUTER_BOUND('',#2109,.T.);
#1529=FACE_OUTER_BOUND('',#2110,.T.);
#1530=FACE_OUTER_BOUND('',#2111,.T.);
#1531=FACE_OUTER_BOUND('',#2112,.T.);
#1532=FACE_OUTER_BOUND('',#2113,.T.);
#1533=FACE_OUTER_BOUND('',#2114,.T.);
#1534=FACE_OUTER_BOUND('',#2115,.T.);
#1535=FACE_OUTER_BOUND('',#2116,.T.);
#1536=FACE_OUTER_BOUND('',#2117,.T.);
#1537=FACE_OUTER_BOUND('',#2118,.T.);
#1538=FACE_OUTER_BOUND('',#2119,.T.);
#1539=FACE_OUTER_BOUND('',#2120,.T.);
#1540=FACE_OUTER_BOUND('',#2121,.T.);
#1541=FACE_OUTER_BOUND('',#2122,.T.);
#1542=FACE_OUTER_BOUND('',#2123,.T.);
#1543=FACE_OUTER_BOUND('',#2124,.T.);
#1544=FACE_OUTER_BOUND('',#2125,.T.);
#1545=FACE_OUTER_BOUND('',#2126,.T.);
#1546=FACE_OUTER_BOUND('',#2127,.T.);
#1547=FACE_OUTER_BOUND('',#2128,.T.);
#1548=FACE_OUTER_BOUND('',#2129,.T.);
#1549=FACE_OUTER_BOUND('',#2130,.T.);
#1550=FACE_OUTER_BOUND('',#2131,.T.);
#1551=FACE_OUTER_BOUND('',#2132,.T.);
#1552=FACE_OUTER_BOUND('',#2133,.T.);
#1553=FACE_OUTER_BOUND('',#2134,.T.);
#1554=FACE_OUTER_BOUND('',#2135,.T.);
#1555=FACE_OUTER_BOUND('',#2137,.T.);
#1556=FACE_OUTER_BOUND('',#2138,.T.);
#1557=FACE_OUTER_BOUND('',#2140,.T.);
#1558=FACE_OUTER_BOUND('',#2141,.T.);
#1559=FACE_OUTER_BOUND('',#2142,.T.);
#1560=FACE_OUTER_BOUND('',#2144,.T.);
#1561=FACE_OUTER_BOUND('',#2145,.T.);
#1562=FACE_OUTER_BOUND('',#2147,.T.);
#1563=FACE_OUTER_BOUND('',#2148,.T.);
#1564=FACE_OUTER_BOUND('',#2150,.T.);
#1565=FACE_OUTER_BOUND('',#2151,.T.);
#1566=FACE_OUTER_BOUND('',#2153,.T.);
#1567=FACE_OUTER_BOUND('',#2154,.T.);
#1568=FACE_OUTER_BOUND('',#2156,.T.);
#1569=FACE_OUTER_BOUND('',#2157,.T.);
#1570=FACE_OUTER_BOUND('',#2158,.T.);
#1571=FACE_OUTER_BOUND('',#2159,.T.);
#1572=FACE_OUTER_BOUND('',#2160,.T.);
#1573=FACE_OUTER_BOUND('',#2162,.T.);
#1574=FACE_OUTER_BOUND('',#2163,.T.);
#1575=FACE_OUTER_BOUND('',#2164,.T.);
#1576=FACE_OUTER_BOUND('',#2165,.T.);
#1577=FACE_OUTER_BOUND('',#2167,.T.);
#1578=FACE_OUTER_BOUND('',#2168,.T.);
#1579=FACE_OUTER_BOUND('',#2169,.T.);
#1580=FACE_OUTER_BOUND('',#2170,.T.);
#1581=FACE_OUTER_BOUND('',#2172,.T.);
#1582=FACE_OUTER_BOUND('',#2173,.T.);
#1583=FACE_OUTER_BOUND('',#2174,.T.);
#1584=FACE_OUTER_BOUND('',#2175,.T.);
#1585=FACE_OUTER_BOUND('',#2176,.T.);
#1586=FACE_OUTER_BOUND('',#2177,.T.);
#1587=FACE_OUTER_BOUND('',#2178,.T.);
#1588=FACE_OUTER_BOUND('',#2179,.T.);
#1589=FACE_OUTER_BOUND('',#2180,.T.);
#1590=FACE_OUTER_BOUND('',#2181,.T.);
#1591=FACE_OUTER_BOUND('',#2182,.T.);
#1592=FACE_OUTER_BOUND('',#2183,.T.);
#1593=FACE_OUTER_BOUND('',#2184,.T.);
#1594=FACE_OUTER_BOUND('',#2185,.T.);
#1595=FACE_OUTER_BOUND('',#2186,.T.);
#1596=FACE_OUTER_BOUND('',#2187,.T.);
#1597=FACE_OUTER_BOUND('',#2188,.T.);
#1598=FACE_OUTER_BOUND('',#2189,.T.);
#1599=FACE_OUTER_BOUND('',#2190,.T.);
#1600=FACE_OUTER_BOUND('',#2191,.T.);
#1601=FACE_OUTER_BOUND('',#2192,.T.);
#1602=FACE_OUTER_BOUND('',#2193,.T.);
#1603=FACE_OUTER_BOUND('',#2194,.T.);
#1604=FACE_OUTER_BOUND('',#2195,.T.);
#1605=FACE_OUTER_BOUND('',#2196,.T.);
#1606=FACE_OUTER_BOUND('',#2197,.T.);
#1607=FACE_OUTER_BOUND('',#2198,.T.);
#1608=FACE_OUTER_BOUND('',#2199,.T.);
#1609=FACE_OUTER_BOUND('',#2200,.T.);
#1610=FACE_OUTER_BOUND('',#2201,.T.);
#1611=FACE_OUTER_BOUND('',#2202,.T.);
#1612=FACE_OUTER_BOUND('',#2203,.T.);
#1613=FACE_OUTER_BOUND('',#2204,.T.);
#1614=FACE_OUTER_BOUND('',#2205,.T.);
#1615=FACE_OUTER_BOUND('',#2206,.T.);
#1616=FACE_OUTER_BOUND('',#2207,.T.);
#1617=FACE_OUTER_BOUND('',#2208,.T.);
#1618=FACE_OUTER_BOUND('',#2209,.T.);
#1619=FACE_OUTER_BOUND('',#2210,.T.);
#1620=FACE_OUTER_BOUND('',#2211,.T.);
#1621=FACE_OUTER_BOUND('',#2212,.T.);
#1622=FACE_OUTER_BOUND('',#2213,.T.);
#1623=FACE_OUTER_BOUND('',#2214,.T.);
#1624=FACE_OUTER_BOUND('',#2215,.T.);
#1625=FACE_OUTER_BOUND('',#2216,.T.);
#1626=FACE_OUTER_BOUND('',#2217,.T.);
#1627=FACE_OUTER_BOUND('',#2218,.T.);
#1628=FACE_OUTER_BOUND('',#2219,.T.);
#1629=FACE_OUTER_BOUND('',#2220,.T.);
#1630=FACE_OUTER_BOUND('',#2221,.T.);
#1631=FACE_OUTER_BOUND('',#2222,.T.);
#1632=FACE_OUTER_BOUND('',#2223,.T.);
#1633=FACE_OUTER_BOUND('',#2224,.T.);
#1634=FACE_OUTER_BOUND('',#2225,.T.);
#1635=FACE_OUTER_BOUND('',#2226,.T.);
#1636=FACE_OUTER_BOUND('',#2227,.T.);
#1637=FACE_OUTER_BOUND('',#2228,.T.);
#1638=FACE_OUTER_BOUND('',#2229,.T.);
#1639=FACE_OUTER_BOUND('',#2230,.T.);
#1640=FACE_OUTER_BOUND('',#2231,.T.);
#1641=FACE_OUTER_BOUND('',#2232,.T.);
#1642=FACE_OUTER_BOUND('',#2233,.T.);
#1643=FACE_OUTER_BOUND('',#2234,.T.);
#1644=FACE_OUTER_BOUND('',#2235,.T.);
#1645=FACE_OUTER_BOUND('',#2236,.T.);
#1646=FACE_OUTER_BOUND('',#2237,.T.);
#1647=FACE_OUTER_BOUND('',#2238,.T.);
#1648=FACE_OUTER_BOUND('',#2239,.T.);
#1649=FACE_OUTER_BOUND('',#2240,.T.);
#1650=FACE_OUTER_BOUND('',#2241,.T.);
#1651=FACE_OUTER_BOUND('',#2242,.T.);
#1652=FACE_OUTER_BOUND('',#2243,.T.);
#1653=FACE_OUTER_BOUND('',#2244,.T.);
#1654=FACE_OUTER_BOUND('',#2245,.T.);
#1655=FACE_OUTER_BOUND('',#2246,.T.);
#1656=FACE_OUTER_BOUND('',#2247,.T.);
#1657=FACE_OUTER_BOUND('',#2248,.T.);
#1658=FACE_OUTER_BOUND('',#2249,.T.);
#1659=FACE_OUTER_BOUND('',#2250,.T.);
#1660=FACE_OUTER_BOUND('',#2251,.T.);
#1661=FACE_OUTER_BOUND('',#2252,.T.);
#1662=FACE_OUTER_BOUND('',#2253,.T.);
#1663=FACE_OUTER_BOUND('',#2254,.T.);
#1664=FACE_OUTER_BOUND('',#2255,.T.);
#1665=FACE_OUTER_BOUND('',#2256,.T.);
#1666=FACE_OUTER_BOUND('',#2257,.T.);
#1667=FACE_OUTER_BOUND('',#2258,.T.);
#1668=FACE_OUTER_BOUND('',#2259,.T.);
#1669=FACE_OUTER_BOUND('',#2260,.T.);
#1670=FACE_OUTER_BOUND('',#2261,.T.);
#1671=FACE_OUTER_BOUND('',#2262,.T.);
#1672=FACE_OUTER_BOUND('',#2263,.T.);
#1673=FACE_OUTER_BOUND('',#2264,.T.);
#1674=FACE_OUTER_BOUND('',#2265,.T.);
#1675=FACE_OUTER_BOUND('',#2266,.T.);
#1676=FACE_OUTER_BOUND('',#2267,.T.);
#1677=FACE_OUTER_BOUND('',#2268,.T.);
#1678=FACE_OUTER_BOUND('',#2269,.T.);
#1679=FACE_OUTER_BOUND('',#2270,.T.);
#1680=FACE_OUTER_BOUND('',#2271,.T.);
#1681=FACE_OUTER_BOUND('',#2272,.T.);
#1682=FACE_OUTER_BOUND('',#2279,.T.);
#1683=FACE_OUTER_BOUND('',#2280,.T.);
#1684=FACE_OUTER_BOUND('',#2281,.T.);
#1685=FACE_OUTER_BOUND('',#2282,.T.);
#1686=FACE_OUTER_BOUND('',#2289,.T.);
#1687=FACE_OUTER_BOUND('',#2290,.T.);
#1688=FACE_OUTER_BOUND('',#2291,.T.);
#1689=FACE_OUTER_BOUND('',#2292,.T.);
#1690=FACE_OUTER_BOUND('',#2293,.T.);
#1691=FACE_OUTER_BOUND('',#2294,.T.);
#1692=FACE_OUTER_BOUND('',#2295,.T.);
#1693=FACE_OUTER_BOUND('',#2296,.T.);
#1694=FACE_OUTER_BOUND('',#2297,.T.);
#1695=FACE_OUTER_BOUND('',#2298,.T.);
#1696=FACE_OUTER_BOUND('',#2299,.T.);
#1697=FACE_OUTER_BOUND('',#2300,.T.);
#1698=FACE_OUTER_BOUND('',#2301,.T.);
#1699=FACE_OUTER_BOUND('',#2302,.T.);
#1700=FACE_OUTER_BOUND('',#2303,.T.);
#1701=FACE_OUTER_BOUND('',#2304,.T.);
#1702=FACE_OUTER_BOUND('',#2305,.T.);
#1703=FACE_OUTER_BOUND('',#2306,.T.);
#1704=FACE_OUTER_BOUND('',#2307,.T.);
#1705=FACE_OUTER_BOUND('',#2308,.T.);
#1706=FACE_OUTER_BOUND('',#2309,.T.);
#1707=FACE_OUTER_BOUND('',#2310,.T.);
#1708=FACE_OUTER_BOUND('',#2311,.T.);
#1709=FACE_OUTER_BOUND('',#2312,.T.);
#1710=FACE_OUTER_BOUND('',#2313,.T.);
#1711=FACE_OUTER_BOUND('',#2314,.T.);
#1712=FACE_OUTER_BOUND('',#2315,.T.);
#1713=FACE_OUTER_BOUND('',#2316,.T.);
#1714=FACE_OUTER_BOUND('',#2317,.T.);
#1715=FACE_OUTER_BOUND('',#2318,.T.);
#1716=FACE_OUTER_BOUND('',#2319,.T.);
#1717=FACE_OUTER_BOUND('',#2320,.T.);
#1718=FACE_OUTER_BOUND('',#2321,.T.);
#1719=FACE_OUTER_BOUND('',#2322,.T.);
#1720=FACE_OUTER_BOUND('',#2323,.T.);
#1721=FACE_OUTER_BOUND('',#2324,.T.);
#1722=FACE_OUTER_BOUND('',#2325,.T.);
#1723=FACE_OUTER_BOUND('',#2326,.T.);
#1724=FACE_OUTER_BOUND('',#2327,.T.);
#1725=FACE_OUTER_BOUND('',#2328,.T.);
#1726=FACE_OUTER_BOUND('',#2329,.T.);
#1727=FACE_OUTER_BOUND('',#2330,.T.);
#1728=FACE_OUTER_BOUND('',#2331,.T.);
#1729=FACE_OUTER_BOUND('',#2332,.T.);
#1730=FACE_OUTER_BOUND('',#2333,.T.);
#1731=FACE_OUTER_BOUND('',#2334,.T.);
#1732=FACE_OUTER_BOUND('',#2335,.T.);
#1733=FACE_OUTER_BOUND('',#2336,.T.);
#1734=FACE_OUTER_BOUND('',#2337,.T.);
#1735=FACE_OUTER_BOUND('',#2338,.T.);
#1736=FACE_OUTER_BOUND('',#2339,.T.);
#1737=FACE_OUTER_BOUND('',#2340,.T.);
#1738=FACE_OUTER_BOUND('',#2341,.T.);
#1739=FACE_OUTER_BOUND('',#2342,.T.);
#1740=FACE_OUTER_BOUND('',#2343,.T.);
#1741=FACE_OUTER_BOUND('',#2344,.T.);
#1742=FACE_OUTER_BOUND('',#2345,.T.);
#1743=FACE_OUTER_BOUND('',#2346,.T.);
#1744=FACE_OUTER_BOUND('',#2347,.T.);
#1745=FACE_OUTER_BOUND('',#2348,.T.);
#1746=FACE_OUTER_BOUND('',#2349,.T.);
#1747=FACE_OUTER_BOUND('',#2350,.T.);
#1748=FACE_OUTER_BOUND('',#2351,.T.);
#1749=FACE_OUTER_BOUND('',#2352,.T.);
#1750=FACE_OUTER_BOUND('',#2353,.T.);
#1751=FACE_OUTER_BOUND('',#2354,.T.);
#1752=FACE_OUTER_BOUND('',#2355,.T.);
#1753=FACE_OUTER_BOUND('',#2356,.T.);
#1754=FACE_OUTER_BOUND('',#2357,.T.);
#1755=FACE_OUTER_BOUND('',#2358,.T.);
#1756=FACE_OUTER_BOUND('',#2359,.T.);
#1757=FACE_OUTER_BOUND('',#2360,.T.);
#1758=FACE_OUTER_BOUND('',#2361,.T.);
#1759=FACE_OUTER_BOUND('',#2362,.T.);
#1760=FACE_OUTER_BOUND('',#2363,.T.);
#1761=FACE_OUTER_BOUND('',#2364,.T.);
#1762=FACE_OUTER_BOUND('',#2365,.T.);
#1763=FACE_OUTER_BOUND('',#2366,.T.);
#1764=FACE_OUTER_BOUND('',#2367,.T.);
#1765=FACE_OUTER_BOUND('',#2368,.T.);
#1766=FACE_OUTER_BOUND('',#2369,.T.);
#1767=FACE_OUTER_BOUND('',#2370,.T.);
#1768=FACE_OUTER_BOUND('',#2372,.T.);
#1769=FACE_OUTER_BOUND('',#2373,.T.);
#1770=FACE_OUTER_BOUND('',#2374,.T.);
#1771=FACE_OUTER_BOUND('',#2375,.T.);
#1772=FACE_OUTER_BOUND('',#2376,.T.);
#1773=FACE_OUTER_BOUND('',#2377,.T.);
#1774=FACE_OUTER_BOUND('',#2378,.T.);
#1775=FACE_OUTER_BOUND('',#2379,.T.);
#1776=FACE_OUTER_BOUND('',#2380,.T.);
#1777=FACE_OUTER_BOUND('',#2381,.T.);
#1778=FACE_OUTER_BOUND('',#2382,.T.);
#1779=FACE_OUTER_BOUND('',#2383,.T.);
#1780=FACE_OUTER_BOUND('',#2384,.T.);
#1781=FACE_OUTER_BOUND('',#2385,.T.);
#1782=FACE_OUTER_BOUND('',#2386,.T.);
#1783=FACE_OUTER_BOUND('',#2387,.T.);
#1784=FACE_OUTER_BOUND('',#2388,.T.);
#1785=FACE_OUTER_BOUND('',#2389,.T.);
#1786=FACE_OUTER_BOUND('',#2390,.T.);
#1787=FACE_OUTER_BOUND('',#2391,.T.);
#1788=FACE_OUTER_BOUND('',#2392,.T.);
#1789=FACE_OUTER_BOUND('',#2393,.T.);
#1790=FACE_OUTER_BOUND('',#2394,.T.);
#1791=FACE_OUTER_BOUND('',#2395,.T.);
#1792=FACE_OUTER_BOUND('',#2396,.T.);
#1793=FACE_OUTER_BOUND('',#2397,.T.);
#1794=FACE_OUTER_BOUND('',#2398,.T.);
#1795=FACE_OUTER_BOUND('',#2399,.T.);
#1796=FACE_OUTER_BOUND('',#2400,.T.);
#1797=FACE_OUTER_BOUND('',#2401,.T.);
#1798=FACE_OUTER_BOUND('',#2402,.T.);
#1799=FACE_OUTER_BOUND('',#2403,.T.);
#1800=FACE_OUTER_BOUND('',#2404,.T.);
#1801=FACE_OUTER_BOUND('',#2405,.T.);
#1802=FACE_OUTER_BOUND('',#2406,.T.);
#1803=FACE_OUTER_BOUND('',#2407,.T.);
#1804=FACE_OUTER_BOUND('',#2408,.T.);
#1805=FACE_OUTER_BOUND('',#2409,.T.);
#1806=FACE_OUTER_BOUND('',#2410,.T.);
#1807=FACE_OUTER_BOUND('',#2411,.T.);
#1808=FACE_OUTER_BOUND('',#2412,.T.);
#1809=FACE_OUTER_BOUND('',#2413,.T.);
#1810=FACE_OUTER_BOUND('',#2414,.T.);
#1811=FACE_OUTER_BOUND('',#2415,.T.);
#1812=FACE_OUTER_BOUND('',#2416,.T.);
#1813=FACE_OUTER_BOUND('',#2417,.T.);
#1814=FACE_OUTER_BOUND('',#2418,.T.);
#1815=FACE_OUTER_BOUND('',#2419,.T.);
#1816=FACE_OUTER_BOUND('',#2420,.T.);
#1817=FACE_OUTER_BOUND('',#2421,.T.);
#1818=FACE_OUTER_BOUND('',#2422,.T.);
#1819=FACE_OUTER_BOUND('',#2423,.T.);
#1820=FACE_OUTER_BOUND('',#2424,.T.);
#1821=FACE_OUTER_BOUND('',#2425,.T.);
#1822=FACE_OUTER_BOUND('',#2426,.T.);
#1823=FACE_OUTER_BOUND('',#2427,.T.);
#1824=FACE_OUTER_BOUND('',#2428,.T.);
#1825=FACE_OUTER_BOUND('',#2429,.T.);
#1826=FACE_OUTER_BOUND('',#2430,.T.);
#1827=FACE_OUTER_BOUND('',#2431,.T.);
#1828=FACE_OUTER_BOUND('',#2432,.T.);
#1829=FACE_OUTER_BOUND('',#2433,.T.);
#1830=FACE_OUTER_BOUND('',#2434,.T.);
#1831=FACE_OUTER_BOUND('',#2435,.T.);
#1832=FACE_OUTER_BOUND('',#2436,.T.);
#1833=FACE_OUTER_BOUND('',#2437,.T.);
#1834=FACE_OUTER_BOUND('',#2438,.T.);
#1835=FACE_OUTER_BOUND('',#2439,.T.);
#1836=FACE_OUTER_BOUND('',#2440,.T.);
#1837=FACE_OUTER_BOUND('',#2441,.T.);
#1838=FACE_OUTER_BOUND('',#2442,.T.);
#1839=FACE_OUTER_BOUND('',#2443,.T.);
#1840=FACE_OUTER_BOUND('',#2444,.T.);
#1841=FACE_OUTER_BOUND('',#2445,.T.);
#1842=FACE_OUTER_BOUND('',#2446,.T.);
#1843=FACE_OUTER_BOUND('',#2447,.T.);
#1844=FACE_OUTER_BOUND('',#2448,.T.);
#1845=FACE_OUTER_BOUND('',#2449,.T.);
#1846=FACE_OUTER_BOUND('',#2450,.T.);
#1847=FACE_OUTER_BOUND('',#2451,.T.);
#1848=FACE_OUTER_BOUND('',#2452,.T.);
#1849=FACE_OUTER_BOUND('',#2453,.T.);
#1850=FACE_OUTER_BOUND('',#2454,.T.);
#1851=FACE_OUTER_BOUND('',#2455,.T.);
#1852=FACE_OUTER_BOUND('',#2456,.T.);
#1853=FACE_OUTER_BOUND('',#2457,.T.);
#1854=FACE_OUTER_BOUND('',#2458,.T.);
#1855=FACE_OUTER_BOUND('',#2459,.T.);
#1856=FACE_OUTER_BOUND('',#2460,.T.);
#1857=FACE_OUTER_BOUND('',#2463,.T.);
#1858=FACE_OUTER_BOUND('',#2469,.T.);
#1859=FACE_OUTER_BOUND('',#2470,.T.);
#1860=FACE_OUTER_BOUND('',#2471,.T.);
#1861=FACE_OUTER_BOUND('',#2473,.T.);
#1862=FACE_OUTER_BOUND('',#2474,.T.);
#1863=FACE_OUTER_BOUND('',#2475,.T.);
#1864=FACE_OUTER_BOUND('',#2476,.T.);
#1865=FACE_OUTER_BOUND('',#2477,.T.);
#1866=FACE_OUTER_BOUND('',#2479,.T.);
#1867=FACE_OUTER_BOUND('',#2480,.T.);
#1868=FACE_OUTER_BOUND('',#2481,.T.);
#1869=FACE_OUTER_BOUND('',#2482,.T.);
#1870=FACE_OUTER_BOUND('',#2483,.T.);
#1871=FACE_OUTER_BOUND('',#2484,.T.);
#1872=FACE_OUTER_BOUND('',#2485,.T.);
#1873=FACE_OUTER_BOUND('',#2486,.T.);
#1874=FACE_OUTER_BOUND('',#2487,.T.);
#1875=FACE_OUTER_BOUND('',#2488,.T.);
#1876=FACE_OUTER_BOUND('',#2490,.T.);
#1877=FACE_OUTER_BOUND('',#2491,.T.);
#1878=FACE_OUTER_BOUND('',#2492,.T.);
#1879=FACE_OUTER_BOUND('',#2493,.T.);
#1880=FACE_OUTER_BOUND('',#2494,.T.);
#1881=FACE_OUTER_BOUND('',#2495,.T.);
#1882=FACE_OUTER_BOUND('',#2496,.T.);
#1883=FACE_OUTER_BOUND('',#2497,.T.);
#1884=FACE_OUTER_BOUND('',#2498,.T.);
#1885=FACE_OUTER_BOUND('',#2499,.T.);
#1886=FACE_OUTER_BOUND('',#2500,.T.);
#1887=FACE_OUTER_BOUND('',#2501,.T.);
#1888=FACE_OUTER_BOUND('',#2502,.T.);
#1889=FACE_OUTER_BOUND('',#2503,.T.);
#1890=FACE_OUTER_BOUND('',#2504,.T.);
#1891=FACE_OUTER_BOUND('',#2505,.T.);
#1892=FACE_OUTER_BOUND('',#2506,.T.);
#1893=FACE_OUTER_BOUND('',#2507,.T.);
#1894=FACE_OUTER_BOUND('',#2508,.T.);
#1895=FACE_OUTER_BOUND('',#2509,.T.);
#1896=FACE_OUTER_BOUND('',#2510,.T.);
#1897=FACE_OUTER_BOUND('',#2512,.T.);
#1898=FACE_OUTER_BOUND('',#2513,.T.);
#1899=FACE_OUTER_BOUND('',#2514,.T.);
#1900=FACE_OUTER_BOUND('',#2515,.T.);
#1901=FACE_OUTER_BOUND('',#2516,.T.);
#1902=FACE_OUTER_BOUND('',#2518,.T.);
#1903=FACE_OUTER_BOUND('',#2519,.T.);
#1904=FACE_OUTER_BOUND('',#2520,.T.);
#1905=FACE_OUTER_BOUND('',#2521,.T.);
#1906=FACE_OUTER_BOUND('',#2523,.T.);
#1907=FACE_OUTER_BOUND('',#2524,.T.);
#1908=FACE_OUTER_BOUND('',#2525,.T.);
#1909=FACE_OUTER_BOUND('',#2526,.T.);
#1910=FACE_OUTER_BOUND('',#2528,.T.);
#1911=FACE_OUTER_BOUND('',#2529,.T.);
#1912=FACE_OUTER_BOUND('',#2530,.T.);
#1913=FACE_OUTER_BOUND('',#2531,.T.);
#1914=FACE_OUTER_BOUND('',#2532,.T.);
#1915=FACE_OUTER_BOUND('',#2533,.T.);
#1916=FACE_OUTER_BOUND('',#2534,.T.);
#1917=FACE_OUTER_BOUND('',#2535,.T.);
#1918=EDGE_LOOP('',(#7218,#7219,#7220,#7221));
#1919=EDGE_LOOP('',(#7222,#7223,#7224,#7225));
#1920=EDGE_LOOP('',(#7226,#7227,#7228,#7229));
#1921=EDGE_LOOP('',(#7230,#7231,#7232,#7233));
#1922=EDGE_LOOP('',(#7234,#7235,#7236,#7237));
#1923=EDGE_LOOP('',(#7238,#7239,#7240,#7241));
#1924=EDGE_LOOP('',(#7242,#7243,#7244,#7245));
#1925=EDGE_LOOP('',(#7246,#7247,#7248,#7249));
#1926=EDGE_LOOP('',(#7250,#7251,#7252,#7253));
#1927=EDGE_LOOP('',(#7254,#7255,#7256,#7257));
#1928=EDGE_LOOP('',(#7258,#7259,#7260,#7261,#7262,#7263,#7264,#7265,#7266,
#7267,#7268,#7269,#7270,#7271,#7272));
#1929=EDGE_LOOP('',(#7273,#7274,#7275,#7276));
#1930=EDGE_LOOP('',(#7277,#7278,#7279,#7280));
#1931=EDGE_LOOP('',(#7281,#7282,#7283,#7284));
#1932=EDGE_LOOP('',(#7285,#7286,#7287,#7288));
#1933=EDGE_LOOP('',(#7289,#7290,#7291,#7292));
#1934=EDGE_LOOP('',(#7293,#7294,#7295,#7296));
#1935=EDGE_LOOP('',(#7297,#7298,#7299,#7300));
#1936=EDGE_LOOP('',(#7301,#7302,#7303,#7304));
#1937=EDGE_LOOP('',(#7305,#7306,#7307,#7308));
#1938=EDGE_LOOP('',(#7309,#7310,#7311,#7312));
#1939=EDGE_LOOP('',(#7313,#7314,#7315,#7316));
#1940=EDGE_LOOP('',(#7317,#7318,#7319,#7320));
#1941=EDGE_LOOP('',(#7321,#7322,#7323,#7324));
#1942=EDGE_LOOP('',(#7325,#7326,#7327,#7328));
#1943=EDGE_LOOP('',(#7329,#7330,#7331,#7332));
#1944=EDGE_LOOP('',(#7333,#7334,#7335,#7336));
#1945=EDGE_LOOP('',(#7337,#7338,#7339,#7340));
#1946=EDGE_LOOP('',(#7341,#7342,#7343,#7344));
#1947=EDGE_LOOP('',(#7345,#7346,#7347,#7348));
#1948=EDGE_LOOP('',(#7349,#7350,#7351,#7352));
#1949=EDGE_LOOP('',(#7353,#7354,#7355,#7356));
#1950=EDGE_LOOP('',(#7357,#7358,#7359,#7360));
#1951=EDGE_LOOP('',(#7361,#7362,#7363,#7364));
#1952=EDGE_LOOP('',(#7365,#7366,#7367,#7368));
#1953=EDGE_LOOP('',(#7369,#7370,#7371,#7372));
#1954=EDGE_LOOP('',(#7373,#7374,#7375,#7376,#7377,#7378,#7379));
#1955=EDGE_LOOP('',(#7380,#7381,#7382,#7383));
#1956=EDGE_LOOP('',(#7384,#7385,#7386,#7387));
#1957=EDGE_LOOP('',(#7388,#7389,#7390,#7391));
#1958=EDGE_LOOP('',(#7392,#7393,#7394,#7395));
#1959=EDGE_LOOP('',(#7396,#7397,#7398,#7399));
#1960=EDGE_LOOP('',(#7400,#7401,#7402,#7403));
#1961=EDGE_LOOP('',(#7404,#7405,#7406,#7407));
#1962=EDGE_LOOP('',(#7408,#7409,#7410,#7411,#7412,#7413,#7414,#7415));
#1963=EDGE_LOOP('',(#7416,#7417,#7418,#7419));
#1964=EDGE_LOOP('',(#7420,#7421,#7422,#7423,#7424,#7425,#7426,#7427,#7428,
#7429,#7430,#7431,#7432,#7433,#7434));
#1965=EDGE_LOOP('',(#7435,#7436,#7437,#7438));
#1966=EDGE_LOOP('',(#7439,#7440,#7441,#7442,#7443,#7444,#7445));
#1967=EDGE_LOOP('',(#7446,#7447,#7448,#7449));
#1968=EDGE_LOOP('',(#7450,#7451,#7452,#7453));
#1969=EDGE_LOOP('',(#7454,#7455,#7456,#7457));
#1970=EDGE_LOOP('',(#7458,#7459,#7460,#7461));
#1971=EDGE_LOOP('',(#7462,#7463,#7464,#7465));
#1972=EDGE_LOOP('',(#7466,#7467,#7468,#7469));
#1973=EDGE_LOOP('',(#7470,#7471,#7472,#7473));
#1974=EDGE_LOOP('',(#7474,#7475,#7476,#7477));
#1975=EDGE_LOOP('',(#7478,#7479,#7480,#7481));
#1976=EDGE_LOOP('',(#7482,#7483,#7484,#7485));
#1977=EDGE_LOOP('',(#7486,#7487,#7488,#7489));
#1978=EDGE_LOOP('',(#7490,#7491,#7492,#7493));
#1979=EDGE_LOOP('',(#7494,#7495,#7496,#7497));
#1980=EDGE_LOOP('',(#7498,#7499,#7500,#7501));
#1981=EDGE_LOOP('',(#7502,#7503,#7504,#7505));
#1982=EDGE_LOOP('',(#7506,#7507,#7508,#7509));
#1983=EDGE_LOOP('',(#7510,#7511,#7512,#7513));
#1984=EDGE_LOOP('',(#7514,#7515,#7516,#7517));
#1985=EDGE_LOOP('',(#7518,#7519,#7520,#7521));
#1986=EDGE_LOOP('',(#7522,#7523,#7524,#7525));
#1987=EDGE_LOOP('',(#7526,#7527,#7528,#7529));
#1988=EDGE_LOOP('',(#7530,#7531,#7532,#7533));
#1989=EDGE_LOOP('',(#7534,#7535,#7536,#7537));
#1990=EDGE_LOOP('',(#7538,#7539,#7540,#7541));
#1991=EDGE_LOOP('',(#7542,#7543,#7544,#7545));
#1992=EDGE_LOOP('',(#7546,#7547,#7548,#7549,#7550,#7551,#7552,#7553));
#1993=EDGE_LOOP('',(#7554,#7555,#7556,#7557));
#1994=EDGE_LOOP('',(#7558,#7559,#7560,#7561,#7562,#7563,#7564,#7565));
#1995=EDGE_LOOP('',(#7566,#7567,#7568,#7569,#7570,#7571,#7572,#7573));
#1996=EDGE_LOOP('',(#7574,#7575,#7576,#7577,#7578,#7579,#7580,#7581,#7582,
#7583));
#1997=EDGE_LOOP('',(#7584,#7585,#7586,#7587,#7588,#7589));
#1998=EDGE_LOOP('',(#7590,#7591,#7592,#7593,#7594,#7595));
#1999=EDGE_LOOP('',(#7596,#7597,#7598,#7599,#7600,#7601,#7602,#7603,#7604,
#7605));
#2000=EDGE_LOOP('',(#7606));
#2001=EDGE_LOOP('',(#7607));
#2002=EDGE_LOOP('',(#7608));
#2003=EDGE_LOOP('',(#7609));
#2004=EDGE_LOOP('',(#7610));
#2005=EDGE_LOOP('',(#7611));
#2006=EDGE_LOOP('',(#7612,#7613,#7614,#7615,#7616,#7617,#7618,#7619,#7620,
#7621,#7622,#7623,#7624,#7625,#7626,#7627,#7628,#7629));
#2007=EDGE_LOOP('',(#7630,#7631,#7632,#7633));
#2008=EDGE_LOOP('',(#7634,#7635,#7636,#7637));
#2009=EDGE_LOOP('',(#7638,#7639,#7640,#7641));
#2010=EDGE_LOOP('',(#7642,#7643,#7644,#7645));
#2011=EDGE_LOOP('',(#7646,#7647,#7648,#7649));
#2012=EDGE_LOOP('',(#7650,#7651,#7652,#7653));
#2013=EDGE_LOOP('',(#7654,#7655,#7656,#7657));
#2014=EDGE_LOOP('',(#7658,#7659,#7660,#7661));
#2015=EDGE_LOOP('',(#7662,#7663,#7664,#7665));
#2016=EDGE_LOOP('',(#7666,#7667,#7668,#7669));
#2017=EDGE_LOOP('',(#7670,#7671,#7672,#7673));
#2018=EDGE_LOOP('',(#7674,#7675,#7676,#7677));
#2019=EDGE_LOOP('',(#7678,#7679,#7680,#7681));
#2020=EDGE_LOOP('',(#7682,#7683,#7684,#7685));
#2021=EDGE_LOOP('',(#7686,#7687,#7688,#7689));
#2022=EDGE_LOOP('',(#7690,#7691,#7692,#7693));
#2023=EDGE_LOOP('',(#7694,#7695,#7696,#7697));
#2024=EDGE_LOOP('',(#7698,#7699,#7700,#7701,#7702,#7703,#7704,#7705,#7706,
#7707));
#2025=EDGE_LOOP('',(#7708,#7709,#7710,#7711));
#2026=EDGE_LOOP('',(#7712,#7713,#7714,#7715,#7716,#7717));
#2027=EDGE_LOOP('',(#7718,#7719,#7720,#7721));
#2028=EDGE_LOOP('',(#7722,#7723,#7724,#7725));
#2029=EDGE_LOOP('',(#7726,#7727,#7728,#7729));
#2030=EDGE_LOOP('',(#7730,#7731,#7732,#7733,#7734,#7735,#7736,#7737));
#2031=EDGE_LOOP('',(#7738,#7739,#7740,#7741,#7742,#7743,#7744,#7745,#7746,
#7747,#7748,#7749,#7750,#7751,#7752,#7753));
#2032=EDGE_LOOP('',(#7754));
#2033=EDGE_LOOP('',(#7755));
#2034=EDGE_LOOP('',(#7756,#7757,#7758,#7759));
#2035=EDGE_LOOP('',(#7760,#7761,#7762,#7763));
#2036=EDGE_LOOP('',(#7764,#7765,#7766,#7767));
#2037=EDGE_LOOP('',(#7768,#7769,#7770,#7771));
#2038=EDGE_LOOP('',(#7772,#7773,#7774,#7775));
#2039=EDGE_LOOP('',(#7776,#7777,#7778,#7779));
#2040=EDGE_LOOP('',(#7780,#7781,#7782,#7783));
#2041=EDGE_LOOP('',(#7784,#7785,#7786,#7787));
#2042=EDGE_LOOP('',(#7788,#7789,#7790,#7791));
#2043=EDGE_LOOP('',(#7792,#7793,#7794,#7795));
#2044=EDGE_LOOP('',(#7796,#7797,#7798,#7799));
#2045=EDGE_LOOP('',(#7800,#7801,#7802,#7803));
#2046=EDGE_LOOP('',(#7804,#7805,#7806,#7807));
#2047=EDGE_LOOP('',(#7808,#7809,#7810,#7811));
#2048=EDGE_LOOP('',(#7812,#7813,#7814,#7815));
#2049=EDGE_LOOP('',(#7816,#7817,#7818,#7819));
#2050=EDGE_LOOP('',(#7820,#7821,#7822,#7823));
#2051=EDGE_LOOP('',(#7824,#7825,#7826,#7827));
#2052=EDGE_LOOP('',(#7828,#7829,#7830,#7831));
#2053=EDGE_LOOP('',(#7832,#7833,#7834,#7835,#7836,#7837,#7838,#7839));
#2054=EDGE_LOOP('',(#7840,#7841,#7842,#7843));
#2055=EDGE_LOOP('',(#7844,#7845,#7846,#7847,#7848,#7849,#7850,#7851));
#2056=EDGE_LOOP('',(#7852,#7853,#7854,#7855));
#2057=EDGE_LOOP('',(#7856,#7857,#7858,#7859));
#2058=EDGE_LOOP('',(#7860,#7861,#7862,#7863,#7864,#7865,#7866,#7867,#7868,
#7869,#7870,#7871,#7872,#7873,#7874,#7875));
#2059=EDGE_LOOP('',(#7876));
#2060=EDGE_LOOP('',(#7877));
#2061=EDGE_LOOP('',(#7878,#7879,#7880,#7881));
#2062=EDGE_LOOP('',(#7882,#7883,#7884,#7885));
#2063=EDGE_LOOP('',(#7886,#7887,#7888,#7889));
#2064=EDGE_LOOP('',(#7890,#7891,#7892,#7893));
#2065=EDGE_LOOP('',(#7894,#7895,#7896,#7897));
#2066=EDGE_LOOP('',(#7898,#7899,#7900,#7901));
#2067=EDGE_LOOP('',(#7902,#7903,#7904,#7905));
#2068=EDGE_LOOP('',(#7906,#7907,#7908,#7909));
#2069=EDGE_LOOP('',(#7910,#7911,#7912,#7913));
#2070=EDGE_LOOP('',(#7914,#7915,#7916,#7917));
#2071=EDGE_LOOP('',(#7918,#7919,#7920,#7921));
#2072=EDGE_LOOP('',(#7922,#7923,#7924,#7925));
#2073=EDGE_LOOP('',(#7926,#7927,#7928,#7929,#7930,#7931,#7932,#7933,#7934,
#7935,#7936,#7937,#7938,#7939,#7940,#7941,#7942,#7943,#7944,#7945,#7946,
#7947,#7948,#7949));
#2074=EDGE_LOOP('',(#7950,#7951,#7952,#7953));
#2075=EDGE_LOOP('',(#7954,#7955,#7956,#7957,#7958,#7959,#7960,#7961));
#2076=EDGE_LOOP('',(#7962,#7963,#7964,#7965));
#2077=EDGE_LOOP('',(#7966,#7967,#7968,#7969,#7970,#7971,#7972,#7973));
#2078=EDGE_LOOP('',(#7974,#7975,#7976,#7977));
#2079=EDGE_LOOP('',(#7978,#7979,#7980,#7981));
#2080=EDGE_LOOP('',(#7982,#7983,#7984,#7985,#7986,#7987,#7988,#7989,#7990));
#2081=EDGE_LOOP('',(#7991,#7992,#7993,#7994));
#2082=EDGE_LOOP('',(#7995,#7996,#7997,#7998,#7999,#8000,#8001,#8002));
#2083=EDGE_LOOP('',(#8003,#8004,#8005,#8006));
#2084=EDGE_LOOP('',(#8007,#8008,#8009,#8010));
#2085=EDGE_LOOP('',(#8011,#8012,#8013,#8014));
#2086=EDGE_LOOP('',(#8015,#8016,#8017,#8018));
#2087=EDGE_LOOP('',(#8019,#8020,#8021,#8022));
#2088=EDGE_LOOP('',(#8023,#8024,#8025,#8026));
#2089=EDGE_LOOP('',(#8027,#8028,#8029,#8030,#8031,#8032,#8033,#8034));
#2090=EDGE_LOOP('',(#8035,#8036,#8037,#8038));
#2091=EDGE_LOOP('',(#8039,#8040,#8041,#8042));
#2092=EDGE_LOOP('',(#8043,#8044,#8045,#8046));
#2093=EDGE_LOOP('',(#8047,#8048,#8049,#8050,#8051,#8052,#8053,#8054));
#2094=EDGE_LOOP('',(#8055,#8056,#8057,#8058));
#2095=EDGE_LOOP('',(#8059,#8060,#8061,#8062,#8063,#8064,#8065,#8066));
#2096=EDGE_LOOP('',(#8067,#8068,#8069,#8070,#8071,#8072));
#2097=EDGE_LOOP('',(#8073,#8074,#8075,#8076));
#2098=EDGE_LOOP('',(#8077,#8078,#8079,#8080,#8081,#8082,#8083,#8084,#8085,
#8086));
#2099=EDGE_LOOP('',(#8087,#8088,#8089,#8090));
#2100=EDGE_LOOP('',(#8091,#8092,#8093,#8094));
#2101=EDGE_LOOP('',(#8095,#8096,#8097,#8098));
#2102=EDGE_LOOP('',(#8099,#8100,#8101,#8102,#8103,#8104,#8105,#8106));
#2103=EDGE_LOOP('',(#8107,#8108,#8109,#8110));
#2104=EDGE_LOOP('',(#8111,#8112,#8113,#8114));
#2105=EDGE_LOOP('',(#8115,#8116,#8117,#8118));
#2106=EDGE_LOOP('',(#8119,#8120,#8121,#8122));
#2107=EDGE_LOOP('',(#8123,#8124,#8125,#8126));
#2108=EDGE_LOOP('',(#8127,#8128,#8129,#8130,#8131,#8132,#8133,#8134,#8135));
#2109=EDGE_LOOP('',(#8136,#8137,#8138,#8139));
#2110=EDGE_LOOP('',(#8140,#8141,#8142,#8143));
#2111=EDGE_LOOP('',(#8144,#8145,#8146,#8147));
#2112=EDGE_LOOP('',(#8148,#8149,#8150,#8151));
#2113=EDGE_LOOP('',(#8152,#8153,#8154,#8155));
#2114=EDGE_LOOP('',(#8156,#8157,#8158));
#2115=EDGE_LOOP('',(#8159,#8160,#8161,#8162));
#2116=EDGE_LOOP('',(#8163,#8164,#8165));
#2117=EDGE_LOOP('',(#8166,#8167,#8168,#8169));
#2118=EDGE_LOOP('',(#8170,#8171,#8172));
#2119=EDGE_LOOP('',(#8173,#8174,#8175,#8176));
#2120=EDGE_LOOP('',(#8177,#8178,#8179));
#2121=EDGE_LOOP('',(#8180,#8181,#8182,#8183));
#2122=EDGE_LOOP('',(#8184,#8185,#8186,#8187));
#2123=EDGE_LOOP('',(#8188,#8189,#8190,#8191));
#2124=EDGE_LOOP('',(#8192,#8193,#8194,#8195));
#2125=EDGE_LOOP('',(#8196,#8197,#8198,#8199));
#2126=EDGE_LOOP('',(#8200,#8201,#8202,#8203));
#2127=EDGE_LOOP('',(#8204,#8205,#8206,#8207));
#2128=EDGE_LOOP('',(#8208,#8209,#8210,#8211));
#2129=EDGE_LOOP('',(#8212,#8213,#8214,#8215));
#2130=EDGE_LOOP('',(#8216,#8217,#8218,#8219));
#2131=EDGE_LOOP('',(#8220,#8221,#8222,#8223));
#2132=EDGE_LOOP('',(#8224,#8225,#8226,#8227));
#2133=EDGE_LOOP('',(#8228,#8229,#8230,#8231));
#2134=EDGE_LOOP('',(#8232,#8233,#8234,#8235));
#2135=EDGE_LOOP('',(#8236,#8237,#8238,#8239,#8240,#8241,#8242,#8243));
#2136=EDGE_LOOP('',(#8244));
#2137=EDGE_LOOP('',(#8245,#8246,#8247,#8248));
#2138=EDGE_LOOP('',(#8249,#8250,#8251,#8252,#8253,#8254,#8255,#8256));
#2139=EDGE_LOOP('',(#8257));
#2140=EDGE_LOOP('',(#8258,#8259,#8260,#8261));
#2141=EDGE_LOOP('',(#8262,#8263,#8264,#8265));
#2142=EDGE_LOOP('',(#8266));
#2143=EDGE_LOOP('',(#8267));
#2144=EDGE_LOOP('',(#8268,#8269,#8270,#8271));
#2145=EDGE_LOOP('',(#8272));
#2146=EDGE_LOOP('',(#8273));
#2147=EDGE_LOOP('',(#8274,#8275,#8276,#8277));
#2148=EDGE_LOOP('',(#8278));
#2149=EDGE_LOOP('',(#8279));
#2150=EDGE_LOOP('',(#8280,#8281,#8282,#8283));
#2151=EDGE_LOOP('',(#8284));
#2152=EDGE_LOOP('',(#8285));
#2153=EDGE_LOOP('',(#8286,#8287,#8288,#8289,#8290,#8291,#8292));
#2154=EDGE_LOOP('',(#8293));
#2155=EDGE_LOOP('',(#8294));
#2156=EDGE_LOOP('',(#8295,#8296,#8297,#8298));
#2157=EDGE_LOOP('',(#8299,#8300,#8301,#8302));
#2158=EDGE_LOOP('',(#8303,#8304,#8305,#8306,#8307));
#2159=EDGE_LOOP('',(#8308,#8309,#8310,#8311,#8312,#8313));
#2160=EDGE_LOOP('',(#8314));
#2161=EDGE_LOOP('',(#8315));
#2162=EDGE_LOOP('',(#8316,#8317,#8318,#8319));
#2163=EDGE_LOOP('',(#8320,#8321,#8322,#8323));
#2164=EDGE_LOOP('',(#8324,#8325,#8326,#8327,#8328,#8329,#8330));
#2165=EDGE_LOOP('',(#8331));
#2166=EDGE_LOOP('',(#8332));
#2167=EDGE_LOOP('',(#8333,#8334,#8335,#8336));
#2168=EDGE_LOOP('',(#8337,#8338,#8339,#8340,#8341));
#2169=EDGE_LOOP('',(#8342,#8343,#8344,#8345,#8346,#8347));
#2170=EDGE_LOOP('',(#8348));
#2171=EDGE_LOOP('',(#8349));
#2172=EDGE_LOOP('',(#8350,#8351,#8352,#8353));
#2173=EDGE_LOOP('',(#8354,#8355,#8356,#8357));
#2174=EDGE_LOOP('',(#8358,#8359,#8360,#8361));
#2175=EDGE_LOOP('',(#8362,#8363,#8364,#8365,#8366));
#2176=EDGE_LOOP('',(#8367,#8368,#8369,#8370));
#2177=EDGE_LOOP('',(#8371,#8372,#8373,#8374));
#2178=EDGE_LOOP('',(#8375,#8376,#8377,#8378,#8379));
#2179=EDGE_LOOP('',(#8380,#8381,#8382,#8383));
#2180=EDGE_LOOP('',(#8384,#8385,#8386,#8387,#8388));
#2181=EDGE_LOOP('',(#8389,#8390,#8391,#8392,#8393));
#2182=EDGE_LOOP('',(#8394,#8395,#8396,#8397));
#2183=EDGE_LOOP('',(#8398,#8399,#8400,#8401,#8402));
#2184=EDGE_LOOP('',(#8403,#8404,#8405,#8406));
#2185=EDGE_LOOP('',(#8407,#8408,#8409,#8410,#8411));
#2186=EDGE_LOOP('',(#8412,#8413,#8414,#8415));
#2187=EDGE_LOOP('',(#8416,#8417,#8418,#8419));
#2188=EDGE_LOOP('',(#8420,#8421,#8422,#8423,#8424));
#2189=EDGE_LOOP('',(#8425,#8426,#8427,#8428,#8429));
#2190=EDGE_LOOP('',(#8430,#8431,#8432,#8433));
#2191=EDGE_LOOP('',(#8434,#8435,#8436,#8437,#8438));
#2192=EDGE_LOOP('',(#8439,#8440,#8441,#8442));
#2193=EDGE_LOOP('',(#8443,#8444,#8445,#8446,#8447));
#2194=EDGE_LOOP('',(#8448,#8449,#8450,#8451));
#2195=EDGE_LOOP('',(#8452,#8453,#8454,#8455,#8456));
#2196=EDGE_LOOP('',(#8457,#8458,#8459,#8460));
#2197=EDGE_LOOP('',(#8461,#8462,#8463,#8464,#8465));
#2198=EDGE_LOOP('',(#8466,#8467,#8468,#8469));
#2199=EDGE_LOOP('',(#8470,#8471,#8472,#8473));
#2200=EDGE_LOOP('',(#8474,#8475,#8476,#8477));
#2201=EDGE_LOOP('',(#8478,#8479,#8480,#8481));
#2202=EDGE_LOOP('',(#8482,#8483,#8484,#8485));
#2203=EDGE_LOOP('',(#8486));
#2204=EDGE_LOOP('',(#8487));
#2205=EDGE_LOOP('',(#8488));
#2206=EDGE_LOOP('',(#8489));
#2207=EDGE_LOOP('',(#8490,#8491,#8492,#8493,#8494,#8495,#8496,#8497));
#2208=EDGE_LOOP('',(#8498,#8499,#8500,#8501,#8502,#8503,#8504,#8505));
#2209=EDGE_LOOP('',(#8506,#8507,#8508,#8509));
#2210=EDGE_LOOP('',(#8510,#8511,#8512,#8513));
#2211=EDGE_LOOP('',(#8514,#8515,#8516,#8517));
#2212=EDGE_LOOP('',(#8518,#8519,#8520,#8521));
#2213=EDGE_LOOP('',(#8522,#8523,#8524,#8525,#8526,#8527,#8528,#8529,#8530,
#8531,#8532,#8533,#8534,#8535));
#2214=EDGE_LOOP('',(#8536,#8537));
#2215=EDGE_LOOP('',(#8538,#8539,#8540,#8541,#8542));
#2216=EDGE_LOOP('',(#8543,#8544,#8545,#8546));
#2217=EDGE_LOOP('',(#8547,#8548,#8549,#8550));
#2218=EDGE_LOOP('',(#8551,#8552,#8553,#8554));
#2219=EDGE_LOOP('',(#8555,#8556,#8557,#8558,#8559));
#2220=EDGE_LOOP('',(#8560,#8561,#8562,#8563));
#2221=EDGE_LOOP('',(#8564,#8565,#8566,#8567));
#2222=EDGE_LOOP('',(#8568,#8569,#8570,#8571));
#2223=EDGE_LOOP('',(#8572,#8573,#8574,#8575,#8576,#8577,#8578,#8579,#8580,
#8581,#8582,#8583,#8584,#8585));
#2224=EDGE_LOOP('',(#8586,#8587));
#2225=EDGE_LOOP('',(#8588,#8589,#8590,#8591,#8592));
#2226=EDGE_LOOP('',(#8593,#8594,#8595,#8596));
#2227=EDGE_LOOP('',(#8597,#8598,#8599,#8600));
#2228=EDGE_LOOP('',(#8601,#8602,#8603,#8604));
#2229=EDGE_LOOP('',(#8605,#8606,#8607,#8608,#8609));
#2230=EDGE_LOOP('',(#8610,#8611,#8612,#8613));
#2231=EDGE_LOOP('',(#8614,#8615,#8616,#8617));
#2232=EDGE_LOOP('',(#8618,#8619,#8620,#8621));
#2233=EDGE_LOOP('',(#8622,#8623,#8624,#8625,#8626,#8627,#8628,#8629,#8630,
#8631,#8632,#8633,#8634,#8635));
#2234=EDGE_LOOP('',(#8636,#8637));
#2235=EDGE_LOOP('',(#8638,#8639,#8640,#8641,#8642));
#2236=EDGE_LOOP('',(#8643,#8644,#8645,#8646));
#2237=EDGE_LOOP('',(#8647,#8648,#8649,#8650));
#2238=EDGE_LOOP('',(#8651,#8652,#8653,#8654));
#2239=EDGE_LOOP('',(#8655,#8656,#8657,#8658,#8659));
#2240=EDGE_LOOP('',(#8660,#8661,#8662,#8663));
#2241=EDGE_LOOP('',(#8664,#8665,#8666,#8667));
#2242=EDGE_LOOP('',(#8668,#8669,#8670,#8671));
#2243=EDGE_LOOP('',(#8672,#8673,#8674,#8675,#8676,#8677,#8678,#8679,#8680,
#8681,#8682,#8683,#8684,#8685));
#2244=EDGE_LOOP('',(#8686,#8687));
#2245=EDGE_LOOP('',(#8688,#8689,#8690,#8691,#8692));
#2246=EDGE_LOOP('',(#8693,#8694,#8695,#8696));
#2247=EDGE_LOOP('',(#8697,#8698,#8699,#8700));
#2248=EDGE_LOOP('',(#8701,#8702,#8703,#8704));
#2249=EDGE_LOOP('',(#8705,#8706,#8707,#8708,#8709));
#2250=EDGE_LOOP('',(#8710,#8711,#8712,#8713));
#2251=EDGE_LOOP('',(#8714,#8715,#8716,#8717));
#2252=EDGE_LOOP('',(#8718,#8719,#8720,#8721));
#2253=EDGE_LOOP('',(#8722,#8723,#8724,#8725,#8726,#8727,#8728,#8729,#8730,
#8731,#8732,#8733,#8734,#8735));
#2254=EDGE_LOOP('',(#8736,#8737));
#2255=EDGE_LOOP('',(#8738,#8739,#8740,#8741,#8742));
#2256=EDGE_LOOP('',(#8743,#8744,#8745,#8746));
#2257=EDGE_LOOP('',(#8747,#8748,#8749,#8750));
#2258=EDGE_LOOP('',(#8751,#8752,#8753,#8754));
#2259=EDGE_LOOP('',(#8755,#8756,#8757,#8758,#8759));
#2260=EDGE_LOOP('',(#8760,#8761,#8762,#8763));
#2261=EDGE_LOOP('',(#8764,#8765,#8766,#8767));
#2262=EDGE_LOOP('',(#8768,#8769,#8770,#8771));
#2263=EDGE_LOOP('',(#8772,#8773,#8774,#8775,#8776,#8777,#8778,#8779));
#2264=EDGE_LOOP('',(#8780,#8781,#8782,#8783));
#2265=EDGE_LOOP('',(#8784,#8785,#8786,#8787,#8788,#8789,#8790,#8791));
#2266=EDGE_LOOP('',(#8792,#8793,#8794,#8795));
#2267=EDGE_LOOP('',(#8796,#8797,#8798,#8799,#8800,#8801,#8802,#8803));
#2268=EDGE_LOOP('',(#8804,#8805,#8806,#8807));
#2269=EDGE_LOOP('',(#8808,#8809,#8810,#8811,#8812,#8813,#8814,#8815));
#2270=EDGE_LOOP('',(#8816,#8817,#8818,#8819));
#2271=EDGE_LOOP('',(#8820,#8821,#8822,#8823,#8824,#8825,#8826,#8827));
#2272=EDGE_LOOP('',(#8828,#8829,#8830,#8831,#8832,#8833,#8834,#8835,#8836,
#8837,#8838));
#2273=EDGE_LOOP('',(#8839,#8840,#8841,#8842,#8843,#8844,#8845,#8846));
#2274=EDGE_LOOP('',(#8847,#8848,#8849,#8850,#8851,#8852,#8853,#8854));
#2275=EDGE_LOOP('',(#8855,#8856,#8857,#8858,#8859,#8860,#8861,#8862));
#2276=EDGE_LOOP('',(#8863,#8864,#8865,#8866,#8867,#8868,#8869,#8870));
#2277=EDGE_LOOP('',(#8871,#8872,#8873,#8874,#8875,#8876,#8877,#8878));
#2278=EDGE_LOOP('',(#8879,#8880,#8881,#8882,#8883,#8884,#8885,#8886));
#2279=EDGE_LOOP('',(#8887,#8888,#8889,#8890));
#2280=EDGE_LOOP('',(#8891,#8892,#8893,#8894,#8895,#8896,#8897,#8898,#8899,
#8900,#8901,#8902,#8903,#8904));
#2281=EDGE_LOOP('',(#8905,#8906));
#2282=EDGE_LOOP('',(#8907,#8908,#8909,#8910));
#2283=EDGE_LOOP('',(#8911,#8912,#8913,#8914));
#2284=EDGE_LOOP('',(#8915,#8916,#8917,#8918));
#2285=EDGE_LOOP('',(#8919,#8920,#8921,#8922));
#2286=EDGE_LOOP('',(#8923,#8924,#8925,#8926));
#2287=EDGE_LOOP('',(#8927,#8928,#8929,#8930));
#2288=EDGE_LOOP('',(#8931,#8932,#8933,#8934));
#2289=EDGE_LOOP('',(#8935,#8936,#8937,#8938));
#2290=EDGE_LOOP('',(#8939,#8940,#8941,#8942,#8943,#8944,#8945,#8946,#8947,
#8948,#8949,#8950,#8951,#8952,#8953,#8954,#8955,#8956,#8957,#8958,#8959,
#8960,#8961,#8962,#8963,#8964,#8965,#8966));
#2291=EDGE_LOOP('',(#8967,#8968,#8969,#8970));
#2292=EDGE_LOOP('',(#8971,#8972,#8973,#8974,#8975,#8976,#8977,#8978));
#2293=EDGE_LOOP('',(#8979,#8980,#8981,#8982,#8983,#8984,#8985,#8986));
#2294=EDGE_LOOP('',(#8987,#8988,#8989,#8990));
#2295=EDGE_LOOP('',(#8991,#8992,#8993,#8994,#8995));
#2296=EDGE_LOOP('',(#8996,#8997,#8998,#8999,#9000));
#2297=EDGE_LOOP('',(#9001,#9002,#9003,#9004,#9005));
#2298=EDGE_LOOP('',(#9006,#9007,#9008,#9009));
#2299=EDGE_LOOP('',(#9010,#9011,#9012,#9013));
#2300=EDGE_LOOP('',(#9014,#9015,#9016,#9017));
#2301=EDGE_LOOP('',(#9018,#9019,#9020,#9021,#9022));
#2302=EDGE_LOOP('',(#9023,#9024,#9025,#9026));
#2303=EDGE_LOOP('',(#9027,#9028,#9029,#9030));
#2304=EDGE_LOOP('',(#9031,#9032,#9033,#9034));
#2305=EDGE_LOOP('',(#9035,#9036,#9037,#9038));
#2306=EDGE_LOOP('',(#9039,#9040,#9041,#9042));
#2307=EDGE_LOOP('',(#9043,#9044,#9045,#9046));
#2308=EDGE_LOOP('',(#9047,#9048,#9049,#9050));
#2309=EDGE_LOOP('',(#9051,#9052,#9053,#9054));
#2310=EDGE_LOOP('',(#9055,#9056,#9057,#9058));
#2311=EDGE_LOOP('',(#9059,#9060,#9061,#9062));
#2312=EDGE_LOOP('',(#9063,#9064,#9065,#9066));
#2313=EDGE_LOOP('',(#9067,#9068,#9069,#9070));
#2314=EDGE_LOOP('',(#9071,#9072,#9073,#9074,#9075,#9076,#9077,#9078,#9079,
#9080,#9081,#9082));
#2315=EDGE_LOOP('',(#9083,#9084,#9085,#9086,#9087,#9088,#9089,#9090,#9091,
#9092,#9093,#9094,#9095,#9096,#9097,#9098,#9099,#9100,#9101,#9102));
#2316=EDGE_LOOP('',(#9103,#9104,#9105,#9106,#9107,#9108,#9109,#9110));
#2317=EDGE_LOOP('',(#9111,#9112,#9113,#9114));
#2318=EDGE_LOOP('',(#9115,#9116,#9117,#9118,#9119,#9120,#9121,#9122));
#2319=EDGE_LOOP('',(#9123,#9124,#9125,#9126));
#2320=EDGE_LOOP('',(#9127,#9128,#9129,#9130,#9131,#9132,#9133,#9134));
#2321=EDGE_LOOP('',(#9135,#9136,#9137,#9138));
#2322=EDGE_LOOP('',(#9139,#9140,#9141,#9142,#9143,#9144,#9145,#9146));
#2323=EDGE_LOOP('',(#9147,#9148,#9149,#9150));
#2324=EDGE_LOOP('',(#9151,#9152,#9153,#9154,#9155,#9156,#9157,#9158));
#2325=EDGE_LOOP('',(#9159,#9160,#9161,#9162));
#2326=EDGE_LOOP('',(#9163,#9164,#9165,#9166,#9167,#9168,#9169,#9170));
#2327=EDGE_LOOP('',(#9171,#9172,#9173,#9174));
#2328=EDGE_LOOP('',(#9175,#9176,#9177,#9178,#9179));
#2329=EDGE_LOOP('',(#9180,#9181,#9182,#9183));
#2330=EDGE_LOOP('',(#9184,#9185,#9186,#9187,#9188));
#2331=EDGE_LOOP('',(#9189,#9190,#9191,#9192,#9193,#9194,#9195,#9196));
#2332=EDGE_LOOP('',(#9197,#9198,#9199,#9200,#9201));
#2333=EDGE_LOOP('',(#9202,#9203,#9204,#9205));
#2334=EDGE_LOOP('',(#9206,#9207,#9208,#9209,#9210));
#2335=EDGE_LOOP('',(#9211,#9212,#9213,#9214,#9215,#9216,#9217,#9218));
#2336=EDGE_LOOP('',(#9219,#9220,#9221,#9222,#9223));
#2337=EDGE_LOOP('',(#9224,#9225,#9226,#9227));
#2338=EDGE_LOOP('',(#9228,#9229,#9230,#9231,#9232));
#2339=EDGE_LOOP('',(#9233,#9234,#9235,#9236,#9237,#9238,#9239,#9240));
#2340=EDGE_LOOP('',(#9241,#9242,#9243,#9244,#9245));
#2341=EDGE_LOOP('',(#9246,#9247,#9248,#9249));
#2342=EDGE_LOOP('',(#9250,#9251,#9252,#9253,#9254));
#2343=EDGE_LOOP('',(#9255,#9256,#9257,#9258,#9259,#9260,#9261,#9262));
#2344=EDGE_LOOP('',(#9263,#9264,#9265,#9266,#9267));
#2345=EDGE_LOOP('',(#9268,#9269,#9270,#9271));
#2346=EDGE_LOOP('',(#9272,#9273,#9274,#9275));
#2347=EDGE_LOOP('',(#9276,#9277,#9278,#9279,#9280));
#2348=EDGE_LOOP('',(#9281,#9282,#9283,#9284,#9285,#9286,#9287,#9288));
#2349=EDGE_LOOP('',(#9289,#9290,#9291,#9292));
#2350=EDGE_LOOP('',(#9293,#9294,#9295,#9296));
#2351=EDGE_LOOP('',(#9297,#9298,#9299,#9300));
#2352=EDGE_LOOP('',(#9301,#9302,#9303,#9304));
#2353=EDGE_LOOP('',(#9305,#9306,#9307,#9308,#9309,#9310,#9311,#9312,#9313,
#9314,#9315));
#2354=EDGE_LOOP('',(#9316,#9317,#9318,#9319));
#2355=EDGE_LOOP('',(#9320,#9321,#9322,#9323));
#2356=EDGE_LOOP('',(#9324,#9325,#9326,#9327,#9328,#9329));
#2357=EDGE_LOOP('',(#9330,#9331,#9332,#9333,#9334,#9335,#9336,#9337,#9338,
#9339,#9340,#9341,#9342,#9343,#9344,#9345,#9346,#9347,#9348,#9349,#9350,
#9351,#9352,#9353,#9354,#9355,#9356,#9357));
#2358=EDGE_LOOP('',(#9358,#9359,#9360,#9361,#9362,#9363));
#2359=EDGE_LOOP('',(#9364));
#2360=EDGE_LOOP('',(#9365,#9366,#9367,#9368));
#2361=EDGE_LOOP('',(#9369));
#2362=EDGE_LOOP('',(#9370));
#2363=EDGE_LOOP('',(#9371,#9372,#9373,#9374));
#2364=EDGE_LOOP('',(#9375));
#2365=EDGE_LOOP('',(#9376,#9377,#9378,#9379));
#2366=EDGE_LOOP('',(#9380,#9381,#9382,#9383));
#2367=EDGE_LOOP('',(#9384,#9385,#9386,#9387));
#2368=EDGE_LOOP('',(#9388,#9389,#9390,#9391));
#2369=EDGE_LOOP('',(#9392,#9393,#9394,#9395));
#2370=EDGE_LOOP('',(#9396,#9397,#9398,#9399,#9400,#9401,#9402,#9403,#9404,
#9405,#9406,#9407,#9408,#9409,#9410,#9411,#9412,#9413,#9414,#9415,#9416,
#9417,#9418,#9419,#9420,#9421,#9422,#9423,#9424,#9425,#9426,#9427,#9428,
#9429,#9430,#9431,#9432,#9433,#9434,#9435,#9436,#9437,#9438,#9439));
#2371=EDGE_LOOP('',(#9440));
#2372=EDGE_LOOP('',(#9441,#9442,#9443,#9444));
#2373=EDGE_LOOP('',(#9445,#9446,#9447,#9448));
#2374=EDGE_LOOP('',(#9449,#9450,#9451,#9452));
#2375=EDGE_LOOP('',(#9453,#9454,#9455,#9456));
#2376=EDGE_LOOP('',(#9457,#9458,#9459,#9460));
#2377=EDGE_LOOP('',(#9461,#9462,#9463,#9464));
#2378=EDGE_LOOP('',(#9465,#9466,#9467,#9468));
#2379=EDGE_LOOP('',(#9469));
#2380=EDGE_LOOP('',(#9470,#9471,#9472,#9473));
#2381=EDGE_LOOP('',(#9474));
#2382=EDGE_LOOP('',(#9475,#9476,#9477,#9478));
#2383=EDGE_LOOP('',(#9479,#9480,#9481,#9482,#9483));
#2384=EDGE_LOOP('',(#9484,#9485,#9486,#9487,#9488));
#2385=EDGE_LOOP('',(#9489,#9490,#9491,#9492));
#2386=EDGE_LOOP('',(#9493,#9494,#9495,#9496,#9497));
#2387=EDGE_LOOP('',(#9498,#9499,#9500,#9501,#9502));
#2388=EDGE_LOOP('',(#9503,#9504,#9505,#9506));
#2389=EDGE_LOOP('',(#9507,#9508,#9509,#9510,#9511));
#2390=EDGE_LOOP('',(#9512,#9513,#9514,#9515,#9516));
#2391=EDGE_LOOP('',(#9517,#9518,#9519,#9520));
#2392=EDGE_LOOP('',(#9521,#9522,#9523,#9524,#9525));
#2393=EDGE_LOOP('',(#9526,#9527,#9528,#9529,#9530));
#2394=EDGE_LOOP('',(#9531,#9532,#9533,#9534));
#2395=EDGE_LOOP('',(#9535,#9536,#9537,#9538,#9539));
#2396=EDGE_LOOP('',(#9540,#9541,#9542,#9543,#9544));
#2397=EDGE_LOOP('',(#9545,#9546,#9547,#9548));
#2398=EDGE_LOOP('',(#9549,#9550,#9551,#9552,#9553));
#2399=EDGE_LOOP('',(#9554,#9555,#9556,#9557,#9558));
#2400=EDGE_LOOP('',(#9559,#9560,#9561,#9562));
#2401=EDGE_LOOP('',(#9563,#9564,#9565,#9566,#9567));
#2402=EDGE_LOOP('',(#9568,#9569,#9570,#9571,#9572));
#2403=EDGE_LOOP('',(#9573,#9574,#9575,#9576));
#2404=EDGE_LOOP('',(#9577,#9578,#9579,#9580,#9581));
#2405=EDGE_LOOP('',(#9582,#9583,#9584,#9585,#9586));
#2406=EDGE_LOOP('',(#9587,#9588,#9589,#9590));
#2407=EDGE_LOOP('',(#9591,#9592,#9593,#9594,#9595));
#2408=EDGE_LOOP('',(#9596,#9597,#9598,#9599,#9600));
#2409=EDGE_LOOP('',(#9601,#9602,#9603,#9604));
#2410=EDGE_LOOP('',(#9605,#9606,#9607,#9608));
#2411=EDGE_LOOP('',(#9609,#9610,#9611,#9612));
#2412=EDGE_LOOP('',(#9613,#9614,#9615,#9616));
#2413=EDGE_LOOP('',(#9617,#9618,#9619,#9620));
#2414=EDGE_LOOP('',(#9621,#9622,#9623,#9624));
#2415=EDGE_LOOP('',(#9625,#9626,#9627,#9628));
#2416=EDGE_LOOP('',(#9629,#9630,#9631,#9632));
#2417=EDGE_LOOP('',(#9633,#9634,#9635,#9636));
#2418=EDGE_LOOP('',(#9637,#9638,#9639,#9640));
#2419=EDGE_LOOP('',(#9641,#9642,#9643,#9644));
#2420=EDGE_LOOP('',(#9645,#9646,#9647,#9648));
#2421=EDGE_LOOP('',(#9649,#9650,#9651,#9652));
#2422=EDGE_LOOP('',(#9653,#9654,#9655,#9656));
#2423=EDGE_LOOP('',(#9657,#9658,#9659,#9660));
#2424=EDGE_LOOP('',(#9661,#9662,#9663,#9664));
#2425=EDGE_LOOP('',(#9665,#9666,#9667,#9668));
#2426=EDGE_LOOP('',(#9669,#9670,#9671,#9672));
#2427=EDGE_LOOP('',(#9673,#9674,#9675,#9676));
#2428=EDGE_LOOP('',(#9677,#9678,#9679,#9680));
#2429=EDGE_LOOP('',(#9681,#9682,#9683,#9684));
#2430=EDGE_LOOP('',(#9685,#9686,#9687,#9688));
#2431=EDGE_LOOP('',(#9689,#9690,#9691,#9692));
#2432=EDGE_LOOP('',(#9693,#9694,#9695,#9696));
#2433=EDGE_LOOP('',(#9697,#9698,#9699,#9700));
#2434=EDGE_LOOP('',(#9701,#9702,#9703,#9704));
#2435=EDGE_LOOP('',(#9705,#9706,#9707,#9708));
#2436=EDGE_LOOP('',(#9709,#9710,#9711,#9712,#9713));
#2437=EDGE_LOOP('',(#9714,#9715,#9716,#9717,#9718));
#2438=EDGE_LOOP('',(#9719,#9720,#9721,#9722));
#2439=EDGE_LOOP('',(#9723,#9724,#9725,#9726));
#2440=EDGE_LOOP('',(#9727,#9728,#9729,#9730));
#2441=EDGE_LOOP('',(#9731,#9732,#9733,#9734));
#2442=EDGE_LOOP('',(#9735,#9736,#9737,#9738));
#2443=EDGE_LOOP('',(#9739,#9740,#9741,#9742));
#2444=EDGE_LOOP('',(#9743,#9744,#9745,#9746));
#2445=EDGE_LOOP('',(#9747));
#2446=EDGE_LOOP('',(#9748));
#2447=EDGE_LOOP('',(#9749));
#2448=EDGE_LOOP('',(#9750));
#2449=EDGE_LOOP('',(#9751,#9752,#9753,#9754,#9755,#9756));
#2450=EDGE_LOOP('',(#9757,#9758,#9759));
#2451=EDGE_LOOP('',(#9760,#9761,#9762,#9763,#9764,#9765,#9766,#9767));
#2452=EDGE_LOOP('',(#9768));
#2453=EDGE_LOOP('',(#9769,#9770,#9771,#9772,#9773));
#2454=EDGE_LOOP('',(#9774,#9775,#9776,#9777,#9778,#9779,#9780,#9781,#9782,
#9783));
#2455=EDGE_LOOP('',(#9784,#9785,#9786,#9787,#9788,#9789));
#2456=EDGE_LOOP('',(#9790));
#2457=EDGE_LOOP('',(#9791,#9792,#9793,#9794));
#2458=EDGE_LOOP('',(#9795,#9796,#9797,#9798));
#2459=EDGE_LOOP('',(#9799,#9800,#9801,#9802));
#2460=EDGE_LOOP('',(#9803,#9804,#9805,#9806,#9807,#9808,#9809,#9810));
#2461=EDGE_LOOP('',(#9811));
#2462=EDGE_LOOP('',(#9812));
#2463=EDGE_LOOP('',(#9813,#9814,#9815,#9816,#9817,#9818,#9819,#9820,#9821,
#9822,#9823,#9824,#9825,#9826,#9827,#9828,#9829,#9830,#9831,#9832,#9833,
#9834,#9835,#9836));
#2464=EDGE_LOOP('',(#9837));
#2465=EDGE_LOOP('',(#9838));
#2466=EDGE_LOOP('',(#9839));
#2467=EDGE_LOOP('',(#9840));
#2468=EDGE_LOOP('',(#9841,#9842,#9843,#9844));
#2469=EDGE_LOOP('',(#9845,#9846,#9847));
#2470=EDGE_LOOP('',(#9848,#9849,#9850,#9851,#9852,#9853));
#2471=EDGE_LOOP('',(#9854,#9855,#9856,#9857));
#2472=EDGE_LOOP('',(#9858,#9859,#9860,#9861));
#2473=EDGE_LOOP('',(#9862,#9863,#9864,#9865));
#2474=EDGE_LOOP('',(#9866));
#2475=EDGE_LOOP('',(#9867,#9868,#9869,#9870));
#2476=EDGE_LOOP('',(#9871,#9872,#9873,#9874));
#2477=EDGE_LOOP('',(#9875));
#2478=EDGE_LOOP('',(#9876));
#2479=EDGE_LOOP('',(#9877,#9878,#9879,#9880));
#2480=EDGE_LOOP('',(#9881,#9882,#9883,#9884,#9885));
#2481=EDGE_LOOP('',(#9886,#9887,#9888,#9889,#9890,#9891));
#2482=EDGE_LOOP('',(#9892,#9893,#9894,#9895,#9896,#9897));
#2483=EDGE_LOOP('',(#9898,#9899,#9900));
#2484=EDGE_LOOP('',(#9901,#9902,#9903));
#2485=EDGE_LOOP('',(#9904,#9905,#9906,#9907,#9908,#9909));
#2486=EDGE_LOOP('',(#9910));
#2487=EDGE_LOOP('',(#9911));
#2488=EDGE_LOOP('',(#9912,#9913,#9914,#9915));
#2489=EDGE_LOOP('',(#9916,#9917,#9918,#9919));
#2490=EDGE_LOOP('',(#9920,#9921,#9922,#9923,#9924));
#2491=EDGE_LOOP('',(#9925,#9926,#9927,#9928,#9929));
#2492=EDGE_LOOP('',(#9930,#9931,#9932,#9933,#9934));
#2493=EDGE_LOOP('',(#9935,#9936,#9937,#9938,#9939));
#2494=EDGE_LOOP('',(#9940,#9941,#9942,#9943));
#2495=EDGE_LOOP('',(#9944,#9945,#9946,#9947));
#2496=EDGE_LOOP('',(#9948,#9949,#9950,#9951,#9952));
#2497=EDGE_LOOP('',(#9953,#9954,#9955,#9956,#9957));
#2498=EDGE_LOOP('',(#9958,#9959,#9960,#9961,#9962));
#2499=EDGE_LOOP('',(#9963,#9964,#9965,#9966,#9967));
#2500=EDGE_LOOP('',(#9968,#9969,#9970,#9971,#9972));
#2501=EDGE_LOOP('',(#9973,#9974,#9975,#9976,#9977));
#2502=EDGE_LOOP('',(#9978,#9979,#9980,#9981,#9982));
#2503=EDGE_LOOP('',(#9983,#9984,#9985,#9986,#9987));
#2504=EDGE_LOOP('',(#9988,#9989,#9990,#9991,#9992,#9993,#9994,#9995,#9996,
#9997,#9998,#9999,#10000,#10001,#10002,#10003,#10004,#10005,#10006,#10007));
#2505=EDGE_LOOP('',(#10008,#10009,#10010,#10011));
#2506=EDGE_LOOP('',(#10012,#10013,#10014,#10015,#10016));
#2507=EDGE_LOOP('',(#10017,#10018,#10019,#10020,#10021,#10022));
#2508=EDGE_LOOP('',(#10023,#10024,#10025,#10026));
#2509=EDGE_LOOP('',(#10027,#10028,#10029,#10030));
#2510=EDGE_LOOP('',(#10031));
#2511=EDGE_LOOP('',(#10032));
#2512=EDGE_LOOP('',(#10033,#10034,#10035,#10036,#10037,#10038,#10039,#10040,
#10041,#10042,#10043,#10044));
#2513=EDGE_LOOP('',(#10045,#10046,#10047,#10048));
#2514=EDGE_LOOP('',(#10049,#10050,#10051,#10052));
#2515=EDGE_LOOP('',(#10053,#10054,#10055,#10056,#10057,#10058));
#2516=EDGE_LOOP('',(#10059));
#2517=EDGE_LOOP('',(#10060,#10061));
#2518=EDGE_LOOP('',(#10062,#10063,#10064,#10065));
#2519=EDGE_LOOP('',(#10066,#10067,#10068,#10069,#10070));
#2520=EDGE_LOOP('',(#10071,#10072,#10073,#10074,#10075,#10076));
#2521=EDGE_LOOP('',(#10077));
#2522=EDGE_LOOP('',(#10078));
#2523=EDGE_LOOP('',(#10079,#10080,#10081,#10082,#10083));
#2524=EDGE_LOOP('',(#10084));
#2525=EDGE_LOOP('',(#10085,#10086,#10087,#10088,#10089));
#2526=EDGE_LOOP('',(#10090));
#2527=EDGE_LOOP('',(#10091,#10092,#10093,#10094,#10095,#10096));
#2528=EDGE_LOOP('',(#10097,#10098,#10099,#10100,#10101));
#2529=EDGE_LOOP('',(#10102,#10103,#10104,#10105));
#2530=EDGE_LOOP('',(#10106,#10107,#10108,#10109));
#2531=EDGE_LOOP('',(#10110,#10111,#10112,#10113));
#2532=EDGE_LOOP('',(#10114,#10115,#10116,#10117));
#2533=EDGE_LOOP('',(#10118,#10119,#10120,#10121,#10122));
#2534=EDGE_LOOP('',(#10123,#10124,#10125,#10126));
#2535=EDGE_LOOP('',(#10127,#10128,#10129,#10130,#10131,#10132,#10133,#10134,
#10135));
#2536=LINE('',#14540,#3648);
#2537=LINE('',#14547,#3649);
#2538=LINE('',#14565,#3650);
#2539=LINE('',#14588,#3651);
#2540=LINE('',#14650,#3652);
#2541=LINE('',#14657,#3653);
#2542=LINE('',#14674,#3654);
#2543=LINE('',#14691,#3655);
#2544=LINE('',#14710,#3656);
#2545=LINE('',#14712,#3657);
#2546=LINE('',#14737,#3658);
#2547=LINE('',#14757,#3659);
#2548=LINE('',#14759,#3660);
#2549=LINE('',#14761,#3661);
#2550=LINE('',#14763,#3662);
#2551=LINE('',#14764,#3663);
#2552=LINE('',#14767,#3664);
#2553=LINE('',#14769,#3665);
#2554=LINE('',#14770,#3666);
#2555=LINE('',#14773,#3667);
#2556=LINE('',#14774,#3668);
#2557=LINE('',#14788,#3669);
#2558=LINE('',#14805,#3670);
#2559=LINE('',#14822,#3671);
#2560=LINE('',#14839,#3672);
#2561=LINE('',#14842,#3673);
#2562=LINE('',#14843,#3674);
#2563=LINE('',#14860,#3675);
#2564=LINE('',#14877,#3676);
#2565=LINE('',#14894,#3677);
#2566=LINE('',#14897,#3678);
#2567=LINE('',#14898,#3679);
#2568=LINE('',#14901,#3680);
#2569=LINE('',#14902,#3681);
#2570=LINE('',#14905,#3682);
#2571=LINE('',#14906,#3683);
#2572=LINE('',#14909,#3684);
#2573=LINE('',#14910,#3685);
#2574=LINE('',#14912,#3686);
#2575=LINE('',#14931,#3687);
#2576=LINE('',#14938,#3688);
#2577=LINE('',#14956,#3689);
#2578=LINE('',#14979,#3690);
#2579=LINE('',#15041,#3691);
#2580=LINE('',#15048,#3692);
#2581=LINE('',#15065,#3693);
#2582=LINE('',#15082,#3694);
#2583=LINE('',#15101,#3695);
#2584=LINE('',#15103,#3696);
#2585=LINE('',#15105,#3697);
#2586=LINE('',#15107,#3698);
#2587=LINE('',#15109,#3699);
#2588=LINE('',#15111,#3700);
#2589=LINE('',#15112,#3701);
#2590=LINE('',#15115,#3702);
#2591=LINE('',#15117,#3703);
#2592=LINE('',#15118,#3704);
#2593=LINE('',#15121,#3705);
#2594=LINE('',#15122,#3706);
#2595=LINE('',#15125,#3707);
#2596=LINE('',#15126,#3708);
#2597=LINE('',#15129,#3709);
#2598=LINE('',#15130,#3710);
#2599=LINE('',#15133,#3711);
#2600=LINE('',#15134,#3712);
#2601=LINE('',#15137,#3713);
#2602=LINE('',#15138,#3714);
#2603=LINE('',#15140,#3715);
#2604=LINE('',#15144,#3716);
#2605=LINE('',#15148,#3717);
#2606=LINE('',#15152,#3718);
#2607=LINE('',#15156,#3719);
#2608=LINE('',#15162,#3720);
#2609=LINE('',#15164,#3721);
#2610=LINE('',#15166,#3722);
#2611=LINE('',#15167,#3723);
#2612=LINE('',#15172,#3724);
#2613=LINE('',#15177,#3725);
#2614=LINE('',#15178,#3726);
#2615=LINE('',#15179,#3727);
#2616=LINE('',#15184,#3728);
#2617=LINE('',#15189,#3729);
#2618=LINE('',#15190,#3730);
#2619=LINE('',#15191,#3731);
#2620=LINE('',#15196,#3732);
#2621=LINE('',#15201,#3733);
#2622=LINE('',#15202,#3734);
#2623=LINE('',#15203,#3735);
#2624=LINE('',#15208,#3736);
#2625=LINE('',#15213,#3737);
#2626=LINE('',#15214,#3738);
#2627=LINE('',#15215,#3739);
#2628=LINE('',#15220,#3740);
#2629=LINE('',#15225,#3741);
#2630=LINE('',#15226,#3742);
#2631=LINE('',#15227,#3743);
#2632=LINE('',#15232,#3744);
#2633=LINE('',#15237,#3745);
#2634=LINE('',#15238,#3746);
#2635=LINE('',#15239,#3747);
#2636=LINE('',#15242,#3748);
#2637=LINE('',#15244,#3749);
#2638=LINE('',#15245,#3750);
#2639=LINE('',#15250,#3751);
#2640=LINE('',#15255,#3752);
#2641=LINE('',#15256,#3753);
#2642=LINE('',#15257,#3754);
#2643=LINE('',#15262,#3755);
#2644=LINE('',#15265,#3756);
#2645=LINE('',#15266,#3757);
#2646=LINE('',#15269,#3758);
#2647=LINE('',#15271,#3759);
#2648=LINE('',#15272,#3760);
#2649=LINE('',#15275,#3761);
#2650=LINE('',#15279,#3762);
#2651=LINE('',#15280,#3763);
#2652=LINE('',#15283,#3764);
#2653=LINE('',#15287,#3765);
#2654=LINE('',#15288,#3766);
#2655=LINE('',#15291,#3767);
#2656=LINE('',#15295,#3768);
#2657=LINE('',#15297,#3769);
#2658=LINE('',#15299,#3770);
#2659=LINE('',#15301,#3771);
#2660=LINE('',#15303,#3772);
#2661=LINE('',#15304,#3773);
#2662=LINE('',#15307,#3774);
#2663=LINE('',#15311,#3775);
#2664=LINE('',#15313,#3776);
#2665=LINE('',#15315,#3777);
#2666=LINE('',#15317,#3778);
#2667=LINE('',#15319,#3779);
#2668=LINE('',#15320,#3780);
#2669=LINE('',#15324,#3781);
#2670=LINE('',#15328,#3782);
#2671=LINE('',#15332,#3783);
#2672=LINE('',#15336,#3784);
#2673=LINE('',#15348,#3785);
#2674=LINE('',#15352,#3786);
#2675=LINE('',#15356,#3787);
#2676=LINE('',#15362,#3788);
#2677=LINE('',#15366,#3789);
#2678=LINE('',#15369,#3790);
#2679=LINE('',#15374,#3791);
#2680=LINE('',#15378,#3792);
#2681=LINE('',#15381,#3793);
#2682=LINE('',#15388,#3794);
#2683=LINE('',#15392,#3795);
#2684=LINE('',#15396,#3796);
#2685=LINE('',#15417,#3797);
#2686=LINE('',#15419,#3798);
#2687=LINE('',#15421,#3799);
#2688=LINE('',#15422,#3800);
#2689=LINE('',#15426,#3801);
#2690=LINE('',#15432,#3802);
#2691=LINE('',#15433,#3803);
#2692=LINE('',#15434,#3804);
#2693=LINE('',#15438,#3805);
#2694=LINE('',#15444,#3806);
#2695=LINE('',#15445,#3807);
#2696=LINE('',#15446,#3808);
#2697=LINE('',#15450,#3809);
#2698=LINE('',#15455,#3810);
#2699=LINE('',#15457,#3811);
#2700=LINE('',#15458,#3812);
#2701=LINE('',#15462,#3813);
#2702=LINE('',#15467,#3814);
#2703=LINE('',#15469,#3815);
#2704=LINE('',#15470,#3816);
#2705=LINE('',#15474,#3817);
#2706=LINE('',#15479,#3818);
#2707=LINE('',#15481,#3819);
#2708=LINE('',#15482,#3820);
#2709=LINE('',#15486,#3821);
#2710=LINE('',#15491,#3822);
#2711=LINE('',#15493,#3823);
#2712=LINE('',#15494,#3824);
#2713=LINE('',#15498,#3825);
#2714=LINE('',#15503,#3826);
#2715=LINE('',#15505,#3827);
#2716=LINE('',#15506,#3828);
#2717=LINE('',#15512,#3829);
#2718=LINE('',#15515,#3830);
#2719=LINE('',#15518,#3831);
#2720=LINE('',#15520,#3832);
#2721=LINE('',#15522,#3833);
#2722=LINE('',#15524,#3834);
#2723=LINE('',#15526,#3835);
#2724=LINE('',#15528,#3836);
#2725=LINE('',#15530,#3837);
#2726=LINE('',#15531,#3838);
#2727=LINE('',#15534,#3839);
#2728=LINE('',#15538,#3840);
#2729=LINE('',#15540,#3841);
#2730=LINE('',#15542,#3842);
#2731=LINE('',#15543,#3843);
#2732=LINE('',#15546,#3844);
#2733=LINE('',#15550,#3845);
#2734=LINE('',#15551,#3846);
#2735=LINE('',#15554,#3847);
#2736=LINE('',#15558,#3848);
#2737=LINE('',#15560,#3849);
#2738=LINE('',#15562,#3850);
#2739=LINE('',#15564,#3851);
#2740=LINE('',#15566,#3852);
#2741=LINE('',#15567,#3853);
#2742=LINE('',#15576,#3854);
#2743=LINE('',#15578,#3855);
#2744=LINE('',#15580,#3856);
#2745=LINE('',#15581,#3857);
#2746=LINE('',#15586,#3858);
#2747=LINE('',#15590,#3859);
#2748=LINE('',#15592,#3860);
#2749=LINE('',#15593,#3861);
#2750=LINE('',#15598,#3862);
#2751=LINE('',#15603,#3863);
#2752=LINE('',#15604,#3864);
#2753=LINE('',#15605,#3865);
#2754=LINE('',#15610,#3866);
#2755=LINE('',#15615,#3867);
#2756=LINE('',#15616,#3868);
#2757=LINE('',#15617,#3869);
#2758=LINE('',#15622,#3870);
#2759=LINE('',#15627,#3871);
#2760=LINE('',#15628,#3872);
#2761=LINE('',#15629,#3873);
#2762=LINE('',#15634,#3874);
#2763=LINE('',#15639,#3875);
#2764=LINE('',#15640,#3876);
#2765=LINE('',#15641,#3877);
#2766=LINE('',#15646,#3878);
#2767=LINE('',#15651,#3879);
#2768=LINE('',#15652,#3880);
#2769=LINE('',#15653,#3881);
#2770=LINE('',#15657,#3882);
#2771=LINE('',#15661,#3883);
#2772=LINE('',#15662,#3884);
#2773=LINE('',#15668,#3885);
#2774=LINE('',#15671,#3886);
#2775=LINE('',#15674,#3887);
#2776=LINE('',#15675,#3888);
#2777=LINE('',#15678,#3889);
#2778=LINE('',#15682,#3890);
#2779=LINE('',#15683,#3891);
#2780=LINE('',#15684,#3892);
#2781=LINE('',#15685,#3893);
#2782=LINE('',#15687,#3894);
#2783=LINE('',#15689,#3895);
#2784=LINE('',#15691,#3896);
#2785=LINE('',#15693,#3897);
#2786=LINE('',#15694,#3898);
#2787=LINE('',#15697,#3899);
#2788=LINE('',#15701,#3900);
#2789=LINE('',#15702,#3901);
#2790=LINE('',#15709,#3902);
#2791=LINE('',#15710,#3903);
#2792=LINE('',#15712,#3904);
#2793=LINE('',#15714,#3905);
#2794=LINE('',#15717,#3906);
#2795=LINE('',#15721,#3907);
#2796=LINE('',#15722,#3908);
#2797=LINE('',#15724,#3909);
#2798=LINE('',#15727,#3910);
#2799=LINE('',#15731,#3911);
#2800=LINE('',#15738,#3912);
#2801=LINE('',#15741,#3913);
#2802=LINE('',#15744,#3914);
#2803=LINE('',#15746,#3915);
#2804=LINE('',#15747,#3916);
#2805=LINE('',#15750,#3917);
#2806=LINE('',#15755,#3918);
#2807=LINE('',#15760,#3919);
#2808=LINE('',#15764,#3920);
#2809=LINE('',#15768,#3921);
#2810=LINE('',#15771,#3922);
#2811=LINE('',#15774,#3923);
#2812=LINE('',#15776,#3924);
#2813=LINE('',#15778,#3925);
#2814=LINE('',#15780,#3926);
#2815=LINE('',#15781,#3927);
#2816=LINE('',#15783,#3928);
#2817=LINE('',#15784,#3929);
#2818=LINE('',#15786,#3930);
#2819=LINE('',#15788,#3931);
#2820=LINE('',#15789,#3932);
#2821=LINE('',#15792,#3933);
#2822=LINE('',#15795,#3934);
#2823=LINE('',#15800,#3935);
#2824=LINE('',#15805,#3936);
#2825=LINE('',#15808,#3937);
#2826=LINE('',#15813,#3938);
#2827=LINE('',#15816,#3939);
#2828=LINE('',#15821,#3940);
#2829=LINE('',#15824,#3941);
#2830=LINE('',#15825,#3942);
#2831=LINE('',#15835,#3943);
#2832=LINE('',#15839,#3944);
#2833=LINE('',#15841,#3945);
#2834=LINE('',#15844,#3946);
#2835=LINE('',#15846,#3947);
#2836=LINE('',#15847,#3948);
#2837=LINE('',#15851,#3949);
#2838=LINE('',#15854,#3950);
#2839=LINE('',#15858,#3951);
#2840=LINE('',#15861,#3952);
#2841=LINE('',#15862,#3953);
#2842=LINE('',#15864,#3954);
#2843=LINE('',#15867,#3955);
#2844=LINE('',#15869,#3956);
#2845=LINE('',#15871,#3957);
#2846=LINE('',#15873,#3958);
#2847=LINE('',#15875,#3959);
#2848=LINE('',#15876,#3960);
#2849=LINE('',#15880,#3961);
#2850=LINE('',#15886,#3962);
#2851=LINE('',#15889,#3963);
#2852=LINE('',#15893,#3964);
#2853=LINE('',#15894,#3965);
#2854=LINE('',#15901,#3966);
#2855=LINE('',#15905,#3967);
#2856=LINE('',#15907,#3968);
#2857=LINE('',#15908,#3969);
#2858=LINE('',#15914,#3970);
#2859=LINE('',#15918,#3971);
#2860=LINE('',#15920,#3972);
#2861=LINE('',#15925,#3973);
#2862=LINE('',#15927,#3974);
#2863=LINE('',#15932,#3975);
#2864=LINE('',#15934,#3976);
#2865=LINE('',#15939,#3977);
#2866=LINE('',#15941,#3978);
#2867=LINE('',#15946,#3979);
#2868=LINE('',#15948,#3980);
#2869=LINE('',#15951,#3981);
#2870=LINE('',#15954,#3982);
#2871=LINE('',#15957,#3983);
#2872=LINE('',#15960,#3984);
#2873=LINE('',#15965,#3985);
#2874=LINE('',#15966,#3986);
#2875=LINE('',#15969,#3987);
#2876=LINE('',#15973,#3988);
#2877=LINE('',#15977,#3989);
#2878=LINE('',#15981,#3990);
#2879=LINE('',#15984,#3991);
#2880=LINE('',#15988,#3992);
#2881=LINE('',#15991,#3993);
#2882=LINE('',#15996,#3994);
#2883=LINE('',#16000,#3995);
#2884=LINE('',#16003,#3996);
#2885=LINE('',#16007,#3997);
#2886=LINE('',#16012,#3998);
#2887=LINE('',#16015,#3999);
#2888=LINE('',#16018,#4000);
#2889=LINE('',#16022,#4001);
#2890=LINE('',#16027,#4002);
#2891=LINE('',#16036,#4003);
#2892=LINE('',#16045,#4004);
#2893=LINE('',#16054,#4005);
#2894=LINE('',#16068,#4006);
#2895=LINE('',#16076,#4007);
#2896=LINE('',#16079,#4008);
#2897=LINE('',#16082,#4009);
#2898=LINE('',#16085,#4010);
#2899=LINE('',#16088,#4011);
#2900=LINE('',#16091,#4012);
#2901=LINE('',#16097,#4013);
#2902=LINE('',#16104,#4014);
#2903=LINE('',#16107,#4015);
#2904=LINE('',#16110,#4016);
#2905=LINE('',#16113,#4017);
#2906=LINE('',#16120,#4018);
#2907=LINE('',#16128,#4019);
#2908=LINE('',#16131,#4020);
#2909=LINE('',#16134,#4021);
#2910=LINE('',#16137,#4022);
#2911=LINE('',#16145,#4023);
#2912=LINE('',#16153,#4024);
#2913=LINE('',#16156,#4025);
#2914=LINE('',#16159,#4026);
#2915=LINE('',#16162,#4027);
#2916=LINE('',#16165,#4028);
#2917=LINE('',#16168,#4029);
#2918=LINE('',#16170,#4030);
#2919=LINE('',#16171,#4031);
#2920=LINE('',#16173,#4032);
#2921=LINE('',#16176,#4033);
#2922=LINE('',#16178,#4034);
#2923=LINE('',#16181,#4035);
#2924=LINE('',#16183,#4036);
#2925=LINE('',#16185,#4037);
#2926=LINE('',#16187,#4038);
#2927=LINE('',#16190,#4039);
#2928=LINE('',#16191,#4040);
#2929=LINE('',#16193,#4041);
#2930=LINE('',#16194,#4042);
#2931=LINE('',#16197,#4043);
#2932=LINE('',#16199,#4044);
#2933=LINE('',#16202,#4045);
#2934=LINE('',#16203,#4046);
#2935=LINE('',#16205,#4047);
#2936=LINE('',#16207,#4048);
#2937=LINE('',#16209,#4049);
#2938=LINE('',#16211,#4050);
#2939=LINE('',#16215,#4051);
#2940=LINE('',#16217,#4052);
#2941=LINE('',#16219,#4053);
#2942=LINE('',#16221,#4054);
#2943=LINE('',#16228,#4055);
#2944=LINE('',#16237,#4056);
#2945=LINE('',#16241,#4057);
#2946=LINE('',#16246,#4058);
#2947=LINE('',#16248,#4059);
#2948=LINE('',#16250,#4060);
#2949=LINE('',#16252,#4061);
#2950=LINE('',#16254,#4062);
#2951=LINE('',#16255,#4063);
#2952=LINE('',#16257,#4064);
#2953=LINE('',#16259,#4065);
#2954=LINE('',#16261,#4066);
#2955=LINE('',#16263,#4067);
#2956=LINE('',#16265,#4068);
#2957=LINE('',#16267,#4069);
#2958=LINE('',#16268,#4070);
#2959=LINE('',#16270,#4071);
#2960=LINE('',#16274,#4072);
#2961=LINE('',#16276,#4073);
#2962=LINE('',#16277,#4074);
#2963=LINE('',#16278,#4075);
#2964=LINE('',#16281,#4076);
#2965=LINE('',#16283,#4077);
#2966=LINE('',#16284,#4078);
#2967=LINE('',#16287,#4079);
#2968=LINE('',#16289,#4080);
#2969=LINE('',#16290,#4081);
#2970=LINE('',#16293,#4082);
#2971=LINE('',#16295,#4083);
#2972=LINE('',#16296,#4084);
#2973=LINE('',#16299,#4085);
#2974=LINE('',#16300,#4086);
#2975=LINE('',#16301,#4087);
#2976=LINE('',#16304,#4088);
#2977=LINE('',#16305,#4089);
#2978=LINE('',#16308,#4090);
#2979=LINE('',#16309,#4091);
#2980=LINE('',#16313,#4092);
#2981=LINE('',#16317,#4093);
#2982=LINE('',#16322,#4094);
#2983=LINE('',#16324,#4095);
#2984=LINE('',#16326,#4096);
#2985=LINE('',#16328,#4097);
#2986=LINE('',#16330,#4098);
#2987=LINE('',#16331,#4099);
#2988=LINE('',#16333,#4100);
#2989=LINE('',#16335,#4101);
#2990=LINE('',#16337,#4102);
#2991=LINE('',#16339,#4103);
#2992=LINE('',#16341,#4104);
#2993=LINE('',#16343,#4105);
#2994=LINE('',#16344,#4106);
#2995=LINE('',#16346,#4107);
#2996=LINE('',#16350,#4108);
#2997=LINE('',#16352,#4109);
#2998=LINE('',#16353,#4110);
#2999=LINE('',#16354,#4111);
#3000=LINE('',#16357,#4112);
#3001=LINE('',#16359,#4113);
#3002=LINE('',#16360,#4114);
#3003=LINE('',#16363,#4115);
#3004=LINE('',#16365,#4116);
#3005=LINE('',#16366,#4117);
#3006=LINE('',#16369,#4118);
#3007=LINE('',#16371,#4119);
#3008=LINE('',#16372,#4120);
#3009=LINE('',#16375,#4121);
#3010=LINE('',#16376,#4122);
#3011=LINE('',#16377,#4123);
#3012=LINE('',#16380,#4124);
#3013=LINE('',#16381,#4125);
#3014=LINE('',#16384,#4126);
#3015=LINE('',#16385,#4127);
#3016=LINE('',#16389,#4128);
#3017=LINE('',#16393,#4129);
#3018=LINE('',#16398,#4130);
#3019=LINE('',#16400,#4131);
#3020=LINE('',#16402,#4132);
#3021=LINE('',#16404,#4133);
#3022=LINE('',#16406,#4134);
#3023=LINE('',#16407,#4135);
#3024=LINE('',#16409,#4136);
#3025=LINE('',#16411,#4137);
#3026=LINE('',#16413,#4138);
#3027=LINE('',#16415,#4139);
#3028=LINE('',#16417,#4140);
#3029=LINE('',#16419,#4141);
#3030=LINE('',#16420,#4142);
#3031=LINE('',#16422,#4143);
#3032=LINE('',#16426,#4144);
#3033=LINE('',#16428,#4145);
#3034=LINE('',#16429,#4146);
#3035=LINE('',#16430,#4147);
#3036=LINE('',#16433,#4148);
#3037=LINE('',#16435,#4149);
#3038=LINE('',#16436,#4150);
#3039=LINE('',#16439,#4151);
#3040=LINE('',#16441,#4152);
#3041=LINE('',#16442,#4153);
#3042=LINE('',#16445,#4154);
#3043=LINE('',#16447,#4155);
#3044=LINE('',#16448,#4156);
#3045=LINE('',#16451,#4157);
#3046=LINE('',#16452,#4158);
#3047=LINE('',#16453,#4159);
#3048=LINE('',#16456,#4160);
#3049=LINE('',#16457,#4161);
#3050=LINE('',#16460,#4162);
#3051=LINE('',#16461,#4163);
#3052=LINE('',#16465,#4164);
#3053=LINE('',#16469,#4165);
#3054=LINE('',#16474,#4166);
#3055=LINE('',#16476,#4167);
#3056=LINE('',#16478,#4168);
#3057=LINE('',#16480,#4169);
#3058=LINE('',#16482,#4170);
#3059=LINE('',#16483,#4171);
#3060=LINE('',#16485,#4172);
#3061=LINE('',#16487,#4173);
#3062=LINE('',#16489,#4174);
#3063=LINE('',#16491,#4175);
#3064=LINE('',#16493,#4176);
#3065=LINE('',#16495,#4177);
#3066=LINE('',#16496,#4178);
#3067=LINE('',#16498,#4179);
#3068=LINE('',#16502,#4180);
#3069=LINE('',#16504,#4181);
#3070=LINE('',#16505,#4182);
#3071=LINE('',#16506,#4183);
#3072=LINE('',#16509,#4184);
#3073=LINE('',#16511,#4185);
#3074=LINE('',#16512,#4186);
#3075=LINE('',#16515,#4187);
#3076=LINE('',#16517,#4188);
#3077=LINE('',#16518,#4189);
#3078=LINE('',#16521,#4190);
#3079=LINE('',#16523,#4191);
#3080=LINE('',#16524,#4192);
#3081=LINE('',#16527,#4193);
#3082=LINE('',#16528,#4194);
#3083=LINE('',#16529,#4195);
#3084=LINE('',#16532,#4196);
#3085=LINE('',#16533,#4197);
#3086=LINE('',#16536,#4198);
#3087=LINE('',#16537,#4199);
#3088=LINE('',#16541,#4200);
#3089=LINE('',#16545,#4201);
#3090=LINE('',#16550,#4202);
#3091=LINE('',#16552,#4203);
#3092=LINE('',#16554,#4204);
#3093=LINE('',#16556,#4205);
#3094=LINE('',#16558,#4206);
#3095=LINE('',#16559,#4207);
#3096=LINE('',#16561,#4208);
#3097=LINE('',#16563,#4209);
#3098=LINE('',#16565,#4210);
#3099=LINE('',#16567,#4211);
#3100=LINE('',#16569,#4212);
#3101=LINE('',#16571,#4213);
#3102=LINE('',#16572,#4214);
#3103=LINE('',#16574,#4215);
#3104=LINE('',#16578,#4216);
#3105=LINE('',#16580,#4217);
#3106=LINE('',#16581,#4218);
#3107=LINE('',#16582,#4219);
#3108=LINE('',#16585,#4220);
#3109=LINE('',#16587,#4221);
#3110=LINE('',#16588,#4222);
#3111=LINE('',#16591,#4223);
#3112=LINE('',#16593,#4224);
#3113=LINE('',#16594,#4225);
#3114=LINE('',#16597,#4226);
#3115=LINE('',#16599,#4227);
#3116=LINE('',#16600,#4228);
#3117=LINE('',#16603,#4229);
#3118=LINE('',#16604,#4230);
#3119=LINE('',#16605,#4231);
#3120=LINE('',#16608,#4232);
#3121=LINE('',#16609,#4233);
#3122=LINE('',#16612,#4234);
#3123=LINE('',#16613,#4235);
#3124=LINE('',#16616,#4236);
#3125=LINE('',#16618,#4237);
#3126=LINE('',#16619,#4238);
#3127=LINE('',#16622,#4239);
#3128=LINE('',#16623,#4240);
#3129=LINE('',#16624,#4241);
#3130=LINE('',#16627,#4242);
#3131=LINE('',#16629,#4243);
#3132=LINE('',#16630,#4244);
#3133=LINE('',#16633,#4245);
#3134=LINE('',#16634,#4246);
#3135=LINE('',#16635,#4247);
#3136=LINE('',#16638,#4248);
#3137=LINE('',#16640,#4249);
#3138=LINE('',#16641,#4250);
#3139=LINE('',#16644,#4251);
#3140=LINE('',#16645,#4252);
#3141=LINE('',#16646,#4253);
#3142=LINE('',#16649,#4254);
#3143=LINE('',#16651,#4255);
#3144=LINE('',#16652,#4256);
#3145=LINE('',#16655,#4257);
#3146=LINE('',#16656,#4258);
#3147=LINE('',#16657,#4259);
#3148=LINE('',#16660,#4260);
#3149=LINE('',#16662,#4261);
#3150=LINE('',#16663,#4262);
#3151=LINE('',#16666,#4263);
#3152=LINE('',#16667,#4264);
#3153=LINE('',#16668,#4265);
#3154=LINE('',#16672,#4266);
#3155=LINE('',#16674,#4267);
#3156=LINE('',#16676,#4268);
#3157=LINE('',#16678,#4269);
#3158=LINE('',#16680,#4270);
#3159=LINE('',#16682,#4271);
#3160=LINE('',#16684,#4272);
#3161=LINE('',#16686,#4273);
#3162=LINE('',#16688,#4274);
#3163=LINE('',#16690,#4275);
#3164=LINE('',#16691,#4276);
#3165=LINE('',#16694,#4277);
#3166=LINE('',#16696,#4278);
#3167=LINE('',#16698,#4279);
#3168=LINE('',#16700,#4280);
#3169=LINE('',#16702,#4281);
#3170=LINE('',#16704,#4282);
#3171=LINE('',#16706,#4283);
#3172=LINE('',#16707,#4284);
#3173=LINE('',#16711,#4285);
#3174=LINE('',#16715,#4286);
#3175=LINE('',#16719,#4287);
#3176=LINE('',#16721,#4288);
#3177=LINE('',#16723,#4289);
#3178=LINE('',#16725,#4290);
#3179=LINE('',#16727,#4291);
#3180=LINE('',#16729,#4292);
#3181=LINE('',#16731,#4293);
#3182=LINE('',#16733,#4294);
#3183=LINE('',#16735,#4295);
#3184=LINE('',#16737,#4296);
#3185=LINE('',#16739,#4297);
#3186=LINE('',#16741,#4298);
#3187=LINE('',#16742,#4299);
#3188=LINE('',#16744,#4300);
#3189=LINE('',#16748,#4301);
#3190=LINE('',#16750,#4302);
#3191=LINE('',#16752,#4303);
#3192=LINE('',#16753,#4304);
#3193=LINE('',#16756,#4305);
#3194=LINE('',#16758,#4306);
#3195=LINE('',#16760,#4307);
#3196=LINE('',#16761,#4308);
#3197=LINE('',#16763,#4309);
#3198=LINE('',#16764,#4310);
#3199=LINE('',#16766,#4311);
#3200=LINE('',#16767,#4312);
#3201=LINE('',#16769,#4313);
#3202=LINE('',#16770,#4314);
#3203=LINE('',#16772,#4315);
#3204=LINE('',#16773,#4316);
#3205=LINE('',#16775,#4317);
#3206=LINE('',#16776,#4318);
#3207=LINE('',#16780,#4319);
#3208=LINE('',#16781,#4320);
#3209=LINE('',#16782,#4321);
#3210=LINE('',#16785,#4322);
#3211=LINE('',#16787,#4323);
#3212=LINE('',#16789,#4324);
#3213=LINE('',#16791,#4325);
#3214=LINE('',#16793,#4326);
#3215=LINE('',#16795,#4327);
#3216=LINE('',#16797,#4328);
#3217=LINE('',#16799,#4329);
#3218=LINE('',#16801,#4330);
#3219=LINE('',#16803,#4331);
#3220=LINE('',#16805,#4332);
#3221=LINE('',#16807,#4333);
#3222=LINE('',#16809,#4334);
#3223=LINE('',#16811,#4335);
#3224=LINE('',#16813,#4336);
#3225=LINE('',#16815,#4337);
#3226=LINE('',#16817,#4338);
#3227=LINE('',#16819,#4339);
#3228=LINE('',#16821,#4340);
#3229=LINE('',#16823,#4341);
#3230=LINE('',#16825,#4342);
#3231=LINE('',#16827,#4343);
#3232=LINE('',#16829,#4344);
#3233=LINE('',#16831,#4345);
#3234=LINE('',#16833,#4346);
#3235=LINE('',#16835,#4347);
#3236=LINE('',#16836,#4348);
#3237=LINE('',#16840,#4349);
#3238=LINE('',#16842,#4350);
#3239=LINE('',#16844,#4351);
#3240=LINE('',#16845,#4352);
#3241=LINE('',#16847,#4353);
#3242=LINE('',#16848,#4354);
#3243=LINE('',#16849,#4355);
#3244=LINE('',#16850,#4356);
#3245=LINE('',#16853,#4357);
#3246=LINE('',#16855,#4358);
#3247=LINE('',#16856,#4359);
#3248=LINE('',#16858,#4360);
#3249=LINE('',#16860,#4361);
#3250=LINE('',#16861,#4362);
#3251=LINE('',#16863,#4363);
#3252=LINE('',#16865,#4364);
#3253=LINE('',#16866,#4365);
#3254=LINE('',#16869,#4366);
#3255=LINE('',#16870,#4367);
#3256=LINE('',#16871,#4368);
#3257=LINE('',#16874,#4369);
#3258=LINE('',#16875,#4370);
#3259=LINE('',#16878,#4371);
#3260=LINE('',#16879,#4372);
#3261=LINE('',#16882,#4373);
#3262=LINE('',#16883,#4374);
#3263=LINE('',#16885,#4375);
#3264=LINE('',#16886,#4376);
#3265=LINE('',#16891,#4377);
#3266=LINE('',#16893,#4378);
#3267=LINE('',#16894,#4379);
#3268=LINE('',#16897,#4380);
#3269=LINE('',#16899,#4381);
#3270=LINE('',#16900,#4382);
#3271=LINE('',#16903,#4383);
#3272=LINE('',#16905,#4384);
#3273=LINE('',#16906,#4385);
#3274=LINE('',#16908,#4386);
#3275=LINE('',#16909,#4387);
#3276=LINE('',#16913,#4388);
#3277=LINE('',#16914,#4389);
#3278=LINE('',#16915,#4390);
#3279=LINE('',#16918,#4391);
#3280=LINE('',#16920,#4392);
#3281=LINE('',#16921,#4393);
#3282=LINE('',#16924,#4394);
#3283=LINE('',#16926,#4395);
#3284=LINE('',#16927,#4396);
#3285=LINE('',#16930,#4397);
#3286=LINE('',#16932,#4398);
#3287=LINE('',#16933,#4399);
#3288=LINE('',#16936,#4400);
#3289=LINE('',#16938,#4401);
#3290=LINE('',#16939,#4402);
#3291=LINE('',#16941,#4403);
#3292=LINE('',#16942,#4404);
#3293=LINE('',#16946,#4405);
#3294=LINE('',#16948,#4406);
#3295=LINE('',#16950,#4407);
#3296=LINE('',#16951,#4408);
#3297=LINE('',#16953,#4409);
#3298=LINE('',#16954,#4410);
#3299=LINE('',#16956,#4411);
#3300=LINE('',#16959,#4412);
#3301=LINE('',#16962,#4413);
#3302=LINE('',#16965,#4414);
#3303=LINE('',#16968,#4415);
#3304=LINE('',#16971,#4416);
#3305=LINE('',#16974,#4417);
#3306=LINE('',#16976,#4418);
#3307=LINE('',#16977,#4419);
#3308=LINE('',#16979,#4420);
#3309=LINE('',#16982,#4421);
#3310=LINE('',#16983,#4422);
#3311=LINE('',#16985,#4423);
#3312=LINE('',#16987,#4424);
#3313=LINE('',#16989,#4425);
#3314=LINE('',#16990,#4426);
#3315=LINE('',#16992,#4427);
#3316=LINE('',#16995,#4428);
#3317=LINE('',#16996,#4429);
#3318=LINE('',#16998,#4430);
#3319=LINE('',#17000,#4431);
#3320=LINE('',#17002,#4432);
#3321=LINE('',#17003,#4433);
#3322=LINE('',#17005,#4434);
#3323=LINE('',#17008,#4435);
#3324=LINE('',#17009,#4436);
#3325=LINE('',#17011,#4437);
#3326=LINE('',#17013,#4438);
#3327=LINE('',#17015,#4439);
#3328=LINE('',#17016,#4440);
#3329=LINE('',#17018,#4441);
#3330=LINE('',#17021,#4442);
#3331=LINE('',#17022,#4443);
#3332=LINE('',#17024,#4444);
#3333=LINE('',#17026,#4445);
#3334=LINE('',#17027,#4446);
#3335=LINE('',#17030,#4447);
#3336=LINE('',#17033,#4448);
#3337=LINE('',#17034,#4449);
#3338=LINE('',#17036,#4450);
#3339=LINE('',#17039,#4451);
#3340=LINE('',#17041,#4452);
#3341=LINE('',#17042,#4453);
#3342=LINE('',#17045,#4454);
#3343=LINE('',#17046,#4455);
#3344=LINE('',#17048,#4456);
#3345=LINE('',#17051,#4457);
#3346=LINE('',#17052,#4458);
#3347=LINE('',#17055,#4459);
#3348=LINE('',#17057,#4460);
#3349=LINE('',#17058,#4461);
#3350=LINE('',#17060,#4462);
#3351=LINE('',#17061,#4463);
#3352=LINE('',#17063,#4464);
#3353=LINE('',#17066,#4465);
#3354=LINE('',#17068,#4466);
#3355=LINE('',#17077,#4467);
#3356=LINE('',#17086,#4468);
#3357=LINE('',#17102,#4469);
#3358=LINE('',#17104,#4470);
#3359=LINE('',#17106,#4471);
#3360=LINE('',#17107,#4472);
#3361=LINE('',#17110,#4473);
#3362=LINE('',#17112,#4474);
#3363=LINE('',#17113,#4475);
#3364=LINE('',#17116,#4476);
#3365=LINE('',#17118,#4477);
#3366=LINE('',#17119,#4478);
#3367=LINE('',#17121,#4479);
#3368=LINE('',#17122,#4480);
#3369=LINE('',#17127,#4481);
#3370=LINE('',#17129,#4482);
#3371=LINE('',#17131,#4483);
#3372=LINE('',#17133,#4484);
#3373=LINE('',#17135,#4485);
#3374=LINE('',#17137,#4486);
#3375=LINE('',#17139,#4487);
#3376=LINE('',#17141,#4488);
#3377=LINE('',#17143,#4489);
#3378=LINE('',#17145,#4490);
#3379=LINE('',#17147,#4491);
#3380=LINE('',#17149,#4492);
#3381=LINE('',#17151,#4493);
#3382=LINE('',#17153,#4494);
#3383=LINE('',#17155,#4495);
#3384=LINE('',#17157,#4496);
#3385=LINE('',#17159,#4497);
#3386=LINE('',#17161,#4498);
#3387=LINE('',#17163,#4499);
#3388=LINE('',#17165,#4500);
#3389=LINE('',#17167,#4501);
#3390=LINE('',#17169,#4502);
#3391=LINE('',#17171,#4503);
#3392=LINE('',#17173,#4504);
#3393=LINE('',#17175,#4505);
#3394=LINE('',#17177,#4506);
#3395=LINE('',#17179,#4507);
#3396=LINE('',#17181,#4508);
#3397=LINE('',#17183,#4509);
#3398=LINE('',#17185,#4510);
#3399=LINE('',#17187,#4511);
#3400=LINE('',#17189,#4512);
#3401=LINE('',#17191,#4513);
#3402=LINE('',#17193,#4514);
#3403=LINE('',#17195,#4515);
#3404=LINE('',#17197,#4516);
#3405=LINE('',#17199,#4517);
#3406=LINE('',#17201,#4518);
#3407=LINE('',#17203,#4519);
#3408=LINE('',#17205,#4520);
#3409=LINE('',#17207,#4521);
#3410=LINE('',#17209,#4522);
#3411=LINE('',#17211,#4523);
#3412=LINE('',#17212,#4524);
#3413=LINE('',#17218,#4525);
#3414=LINE('',#17220,#4526);
#3415=LINE('',#17222,#4527);
#3416=LINE('',#17223,#4528);
#3417=LINE('',#17227,#4529);
#3418=LINE('',#17228,#4530);
#3419=LINE('',#17229,#4531);
#3420=LINE('',#17234,#4532);
#3421=LINE('',#17240,#4533);
#3422=LINE('',#17246,#4534);
#3423=LINE('',#17252,#4535);
#3424=LINE('',#17258,#4536);
#3425=LINE('',#17265,#4537);
#3426=LINE('',#17271,#4538);
#3427=LINE('',#17272,#4539);
#3428=LINE('',#17273,#4540);
#3429=LINE('',#17276,#4541);
#3430=LINE('',#17278,#4542);
#3431=LINE('',#17279,#4543);
#3432=LINE('',#17282,#4544);
#3433=LINE('',#17284,#4545);
#3434=LINE('',#17285,#4546);
#3435=LINE('',#17289,#4547);
#3436=LINE('',#17290,#4548);
#3437=LINE('',#17291,#4549);
#3438=LINE('',#17294,#4550);
#3439=LINE('',#17296,#4551);
#3440=LINE('',#17297,#4552);
#3441=LINE('',#17300,#4553);
#3442=LINE('',#17302,#4554);
#3443=LINE('',#17303,#4555);
#3444=LINE('',#17307,#4556);
#3445=LINE('',#17308,#4557);
#3446=LINE('',#17309,#4558);
#3447=LINE('',#17312,#4559);
#3448=LINE('',#17314,#4560);
#3449=LINE('',#17315,#4561);
#3450=LINE('',#17318,#4562);
#3451=LINE('',#17320,#4563);
#3452=LINE('',#17321,#4564);
#3453=LINE('',#17325,#4565);
#3454=LINE('',#17326,#4566);
#3455=LINE('',#17327,#4567);
#3456=LINE('',#17330,#4568);
#3457=LINE('',#17332,#4569);
#3458=LINE('',#17333,#4570);
#3459=LINE('',#17336,#4571);
#3460=LINE('',#17338,#4572);
#3461=LINE('',#17339,#4573);
#3462=LINE('',#17343,#4574);
#3463=LINE('',#17344,#4575);
#3464=LINE('',#17345,#4576);
#3465=LINE('',#17348,#4577);
#3466=LINE('',#17350,#4578);
#3467=LINE('',#17351,#4579);
#3468=LINE('',#17354,#4580);
#3469=LINE('',#17356,#4581);
#3470=LINE('',#17357,#4582);
#3471=LINE('',#17361,#4583);
#3472=LINE('',#17362,#4584);
#3473=LINE('',#17363,#4585);
#3474=LINE('',#17366,#4586);
#3475=LINE('',#17368,#4587);
#3476=LINE('',#17369,#4588);
#3477=LINE('',#17372,#4589);
#3478=LINE('',#17374,#4590);
#3479=LINE('',#17375,#4591);
#3480=LINE('',#17379,#4592);
#3481=LINE('',#17380,#4593);
#3482=LINE('',#17381,#4594);
#3483=LINE('',#17384,#4595);
#3484=LINE('',#17386,#4596);
#3485=LINE('',#17387,#4597);
#3486=LINE('',#17390,#4598);
#3487=LINE('',#17392,#4599);
#3488=LINE('',#17393,#4600);
#3489=LINE('',#17397,#4601);
#3490=LINE('',#17398,#4602);
#3491=LINE('',#17399,#4603);
#3492=LINE('',#17402,#4604);
#3493=LINE('',#17404,#4605);
#3494=LINE('',#17405,#4606);
#3495=LINE('',#17408,#4607);
#3496=LINE('',#17410,#4608);
#3497=LINE('',#17411,#4609);
#3498=LINE('',#17415,#4610);
#3499=LINE('',#17416,#4611);
#3500=LINE('',#17417,#4612);
#3501=LINE('',#17420,#4613);
#3502=LINE('',#17422,#4614);
#3503=LINE('',#17423,#4615);
#3504=LINE('',#17426,#4616);
#3505=LINE('',#17428,#4617);
#3506=LINE('',#17429,#4618);
#3507=LINE('',#17432,#4619);
#3508=LINE('',#17434,#4620);
#3509=LINE('',#17435,#4621);
#3510=LINE('',#17438,#4622);
#3511=LINE('',#17440,#4623);
#3512=LINE('',#17441,#4624);
#3513=LINE('',#17443,#4625);
#3514=LINE('',#17444,#4626);
#3515=LINE('',#17446,#4627);
#3516=LINE('',#17447,#4628);
#3517=LINE('',#17449,#4629);
#3518=LINE('',#17450,#4630);
#3519=LINE('',#17452,#4631);
#3520=LINE('',#17453,#4632);
#3521=LINE('',#17455,#4633);
#3522=LINE('',#17456,#4634);
#3523=LINE('',#17458,#4635);
#3524=LINE('',#17459,#4636);
#3525=LINE('',#17461,#4637);
#3526=LINE('',#17462,#4638);
#3527=LINE('',#17465,#4639);
#3528=LINE('',#17466,#4640);
#3529=LINE('',#17469,#4641);
#3530=LINE('',#17470,#4642);
#3531=LINE('',#17472,#4643);
#3532=LINE('',#17474,#4644);
#3533=LINE('',#17476,#4645);
#3534=LINE('',#17478,#4646);
#3535=LINE('',#17480,#4647);
#3536=LINE('',#17482,#4648);
#3537=LINE('',#17484,#4649);
#3538=LINE('',#17486,#4650);
#3539=LINE('',#17495,#4651);
#3540=LINE('',#17498,#4652);
#3541=LINE('',#17500,#4653);
#3542=LINE('',#17502,#4654);
#3543=LINE('',#17503,#4655);
#3544=LINE('',#17505,#4656);
#3545=LINE('',#17507,#4657);
#3546=LINE('',#17509,#4658);
#3547=LINE('',#17512,#4659);
#3548=LINE('',#17513,#4660);
#3549=LINE('',#17515,#4661);
#3550=LINE('',#17518,#4662);
#3551=LINE('',#17519,#4663);
#3552=LINE('',#17521,#4664);
#3553=LINE('',#17524,#4665);
#3554=LINE('',#17525,#4666);
#3555=LINE('',#17533,#4667);
#3556=LINE('',#17535,#4668);
#3557=LINE('',#17537,#4669);
#3558=LINE('',#17539,#4670);
#3559=LINE('',#17541,#4671);
#3560=LINE('',#17542,#4672);
#3561=LINE('',#17546,#4673);
#3562=LINE('',#17549,#4674);
#3563=LINE('',#17551,#4675);
#3564=LINE('',#17553,#4676);
#3565=LINE('',#17554,#4677);
#3566=LINE('',#17559,#4678);
#3567=LINE('',#17568,#4679);
#3568=LINE('',#17574,#4680);
#3569=LINE('',#17576,#4681);
#3570=LINE('',#17580,#4682);
#3571=LINE('',#17586,#4683);
#3572=LINE('',#17587,#4684);
#3573=LINE('',#17588,#4685);
#3574=LINE('',#17590,#4686);
#3575=LINE('',#17591,#4687);
#3576=LINE('',#17594,#4688);
#3577=LINE('',#17596,#4689);
#3578=LINE('',#17597,#4690);
#3579=LINE('',#17599,#4691);
#3580=LINE('',#17601,#4692);
#3581=LINE('',#17602,#4693);
#3582=LINE('',#17606,#4694);
#3583=LINE('',#17607,#4695);
#3584=LINE('',#17611,#4696);
#3585=LINE('',#17613,#4697);
#3586=LINE('',#17614,#4698);
#3587=LINE('',#17615,#4699);
#3588=LINE('',#17617,#4700);
#3589=LINE('',#17618,#4701);
#3590=LINE('',#17619,#4702);
#3591=LINE('',#17631,#4703);
#3592=LINE('',#17634,#4704);
#3593=LINE('',#17640,#4705);
#3594=LINE('',#17645,#4706);
#3595=LINE('',#17649,#4707);
#3596=LINE('',#17651,#4708);
#3597=LINE('',#17660,#4709);
#3598=LINE('',#17662,#4710);
#3599=LINE('',#17664,#4711);
#3600=LINE('',#17685,#4712);
#3601=LINE('',#17689,#4713);
#3602=LINE('',#17691,#4714);
#3603=LINE('',#17713,#4715);
#3604=LINE('',#17714,#4716);
#3605=LINE('',#17718,#4717);
#3606=LINE('',#17720,#4718);
#3607=LINE('',#17742,#4719);
#3608=LINE('',#17743,#4720);
#3609=LINE('',#17747,#4721);
#3610=LINE('',#17749,#4722);
#3611=LINE('',#17751,#4723);
#3612=LINE('',#17772,#4724);
#3613=LINE('',#17850,#4725);
#3614=LINE('',#17852,#4726);
#3615=LINE('',#17870,#4727);
#3616=LINE('',#17871,#4728);
#3617=LINE('',#17875,#4729);
#3618=LINE('',#17877,#4730);
#3619=LINE('',#17879,#4731);
#3620=LINE('',#17896,#4732);
#3621=LINE('',#17900,#4733);
#3622=LINE('',#17902,#4734);
#3623=LINE('',#17904,#4735);
#3624=LINE('',#17906,#4736);
#3625=LINE('',#17965,#4737);
#3626=LINE('',#17983,#4738);
#3627=LINE('',#17985,#4739);
#3628=LINE('',#17986,#4740);
#3629=LINE('',#18038,#4741);
#3630=LINE('',#18060,#4742);
#3631=LINE('',#18070,#4743);
#3632=LINE('',#18085,#4744);
#3633=LINE('',#18092,#4745);
#3634=LINE('',#18105,#4746);
#3635=LINE('',#18107,#4747);
#3636=LINE('',#18109,#4748);
#3637=LINE('',#18111,#4749);
#3638=LINE('',#18113,#4750);
#3639=LINE('',#18114,#4751);
#3640=LINE('',#18116,#4752);
#3641=LINE('',#18123,#4753);
#3642=LINE('',#18124,#4754);
#3643=LINE('',#18130,#4755);
#3644=LINE('',#18136,#4756);
#3645=LINE('',#18142,#4757);
#3646=LINE('',#18149,#4758);
#3647=LINE('',#18159,#4759);
#3648=VECTOR('',#11714,10.);
#3649=VECTOR('',#11715,10.);
#3650=VECTOR('',#11716,10.);
#3651=VECTOR('',#11717,10.);
#3652=VECTOR('',#11720,10.);
#3653=VECTOR('',#11721,10.);
#3654=VECTOR('',#11722,10.);
#3655=VECTOR('',#11723,10.);
#3656=VECTOR('',#11726,10.);
#3657=VECTOR('',#11727,10.);
#3658=VECTOR('',#11728,10.);
#3659=VECTOR('',#11729,10.);
#3660=VECTOR('',#11730,10.);
#3661=VECTOR('',#11731,10.);
#3662=VECTOR('',#11732,10.);
#3663=VECTOR('',#11733,10.);
#3664=VECTOR('',#11736,10.);
#3665=VECTOR('',#11737,10.);
#3666=VECTOR('',#11738,10.);
#3667=VECTOR('',#11741,10.);
#3668=VECTOR('',#11742,10.);
#3669=VECTOR('',#11743,10.);
#3670=VECTOR('',#11744,10.);
#3671=VECTOR('',#11745,10.);
#3672=VECTOR('',#11746,10.);
#3673=VECTOR('',#11749,10.);
#3674=VECTOR('',#11750,10.);
#3675=VECTOR('',#11751,10.);
#3676=VECTOR('',#11752,10.);
#3677=VECTOR('',#11753,10.);
#3678=VECTOR('',#11756,10.);
#3679=VECTOR('',#11757,10.);
#3680=VECTOR('',#11760,10.);
#3681=VECTOR('',#11761,10.);
#3682=VECTOR('',#11764,10.);
#3683=VECTOR('',#11765,10.);
#3684=VECTOR('',#11768,10.);
#3685=VECTOR('',#11769,10.);
#3686=VECTOR('',#11772,10.);
#3687=VECTOR('',#11773,10.);
#3688=VECTOR('',#11774,10.);
#3689=VECTOR('',#11775,10.);
#3690=VECTOR('',#11776,10.);
#3691=VECTOR('',#11779,10.);
#3692=VECTOR('',#11780,10.);
#3693=VECTOR('',#11781,10.);
#3694=VECTOR('',#11782,10.);
#3695=VECTOR('',#11785,10.);
#3696=VECTOR('',#11786,10.);
#3697=VECTOR('',#11787,10.);
#3698=VECTOR('',#11788,10.);
#3699=VECTOR('',#11789,10.);
#3700=VECTOR('',#11790,10.);
#3701=VECTOR('',#11791,10.);
#3702=VECTOR('',#11794,10.);
#3703=VECTOR('',#11795,10.);
#3704=VECTOR('',#11796,10.);
#3705=VECTOR('',#11799,10.);
#3706=VECTOR('',#11800,10.);
#3707=VECTOR('',#11803,10.);
#3708=VECTOR('',#11804,10.);
#3709=VECTOR('',#11807,10.);
#3710=VECTOR('',#11808,10.);
#3711=VECTOR('',#11811,10.);
#3712=VECTOR('',#11812,10.);
#3713=VECTOR('',#11815,10.);
#3714=VECTOR('',#11816,10.);
#3715=VECTOR('',#11819,10.);
#3716=VECTOR('',#11822,10.);
#3717=VECTOR('',#11825,10.);
#3718=VECTOR('',#11828,10.);
#3719=VECTOR('',#11831,10.);
#3720=VECTOR('',#11838,10.);
#3721=VECTOR('',#11839,10.);
#3722=VECTOR('',#11840,10.);
#3723=VECTOR('',#11841,10.);
#3724=VECTOR('',#11846,10.);
#3725=VECTOR('',#11851,10.);
#3726=VECTOR('',#11852,10.);
#3727=VECTOR('',#11853,10.);
#3728=VECTOR('',#11858,10.);
#3729=VECTOR('',#11863,10.);
#3730=VECTOR('',#11864,10.);
#3731=VECTOR('',#11865,10.);
#3732=VECTOR('',#11870,10.);
#3733=VECTOR('',#11875,10.);
#3734=VECTOR('',#11876,10.);
#3735=VECTOR('',#11877,10.);
#3736=VECTOR('',#11882,10.);
#3737=VECTOR('',#11887,10.);
#3738=VECTOR('',#11888,10.);
#3739=VECTOR('',#11889,10.);
#3740=VECTOR('',#11894,10.);
#3741=VECTOR('',#11899,10.);
#3742=VECTOR('',#11900,10.);
#3743=VECTOR('',#11901,10.);
#3744=VECTOR('',#11906,10.);
#3745=VECTOR('',#11911,10.);
#3746=VECTOR('',#11912,10.);
#3747=VECTOR('',#11913,10.);
#3748=VECTOR('',#11916,10.);
#3749=VECTOR('',#11917,10.);
#3750=VECTOR('',#11918,10.);
#3751=VECTOR('',#11923,10.);
#3752=VECTOR('',#11928,10.);
#3753=VECTOR('',#11929,10.);
#3754=VECTOR('',#11930,10.);
#3755=VECTOR('',#11935,10.);
#3756=VECTOR('',#11940,10.);
#3757=VECTOR('',#11941,10.);
#3758=VECTOR('',#11944,10.);
#3759=VECTOR('',#11945,10.);
#3760=VECTOR('',#11946,10.);
#3761=VECTOR('',#11949,10.);
#3762=VECTOR('',#11954,10.);
#3763=VECTOR('',#11955,10.);
#3764=VECTOR('',#11958,10.);
#3765=VECTOR('',#11963,10.);
#3766=VECTOR('',#11964,10.);
#3767=VECTOR('',#11967,10.);
#3768=VECTOR('',#11972,10.);
#3769=VECTOR('',#11973,10.);
#3770=VECTOR('',#11974,10.);
#3771=VECTOR('',#11975,10.);
#3772=VECTOR('',#11976,10.);
#3773=VECTOR('',#11977,10.);
#3774=VECTOR('',#11980,10.);
#3775=VECTOR('',#11985,10.);
#3776=VECTOR('',#11986,10.);
#3777=VECTOR('',#11987,10.);
#3778=VECTOR('',#11988,10.);
#3779=VECTOR('',#11989,10.);
#3780=VECTOR('',#11990,10.);
#3781=VECTOR('',#11993,10.);
#3782=VECTOR('',#11996,10.);
#3783=VECTOR('',#11999,10.);
#3784=VECTOR('',#12002,10.);
#3785=VECTOR('',#12013,10.);
#3786=VECTOR('',#12016,10.);
#3787=VECTOR('',#12019,10.);
#3788=VECTOR('',#12024,10.);
#3789=VECTOR('',#12027,10.);
#3790=VECTOR('',#12030,10.);
#3791=VECTOR('',#12033,10.);
#3792=VECTOR('',#12036,10.);
#3793=VECTOR('',#12039,10.);
#3794=VECTOR('',#12044,10.);
#3795=VECTOR('',#12047,10.);
#3796=VECTOR('',#12050,10.);
#3797=VECTOR('',#12071,10.);
#3798=VECTOR('',#12072,10.);
#3799=VECTOR('',#12073,10.);
#3800=VECTOR('',#12074,10.);
#3801=VECTOR('',#12077,10.);
#3802=VECTOR('',#12084,10.);
#3803=VECTOR('',#12085,10.);
#3804=VECTOR('',#12086,10.);
#3805=VECTOR('',#12089,10.);
#3806=VECTOR('',#12096,10.);
#3807=VECTOR('',#12097,10.);
#3808=VECTOR('',#12098,10.);
#3809=VECTOR('',#12101,10.);
#3810=VECTOR('',#12108,10.);
#3811=VECTOR('',#12109,10.);
#3812=VECTOR('',#12110,10.);
#3813=VECTOR('',#12113,10.);
#3814=VECTOR('',#12120,10.);
#3815=VECTOR('',#12121,10.);
#3816=VECTOR('',#12122,10.);
#3817=VECTOR('',#12125,10.);
#3818=VECTOR('',#12132,10.);
#3819=VECTOR('',#12133,10.);
#3820=VECTOR('',#12134,10.);
#3821=VECTOR('',#12137,10.);
#3822=VECTOR('',#12144,10.);
#3823=VECTOR('',#12145,10.);
#3824=VECTOR('',#12146,10.);
#3825=VECTOR('',#12149,10.);
#3826=VECTOR('',#12156,10.);
#3827=VECTOR('',#12157,10.);
#3828=VECTOR('',#12158,10.);
#3829=VECTOR('',#12167,10.);
#3830=VECTOR('',#12170,10.);
#3831=VECTOR('',#12173,10.);
#3832=VECTOR('',#12174,10.);
#3833=VECTOR('',#12175,10.);
#3834=VECTOR('',#12176,10.);
#3835=VECTOR('',#12177,10.);
#3836=VECTOR('',#12178,10.);
#3837=VECTOR('',#12179,10.);
#3838=VECTOR('',#12180,10.);
#3839=VECTOR('',#12183,10.);
#3840=VECTOR('',#12188,10.);
#3841=VECTOR('',#12189,10.);
#3842=VECTOR('',#12190,10.);
#3843=VECTOR('',#12191,10.);
#3844=VECTOR('',#12194,10.);
#3845=VECTOR('',#12199,10.);
#3846=VECTOR('',#12200,10.);
#3847=VECTOR('',#12203,10.);
#3848=VECTOR('',#12208,10.);
#3849=VECTOR('',#12209,10.);
#3850=VECTOR('',#12210,10.);
#3851=VECTOR('',#12211,10.);
#3852=VECTOR('',#12212,10.);
#3853=VECTOR('',#12213,10.);
#3854=VECTOR('',#12222,10.);
#3855=VECTOR('',#12223,10.);
#3856=VECTOR('',#12224,10.);
#3857=VECTOR('',#12225,10.);
#3858=VECTOR('',#12230,10.);
#3859=VECTOR('',#12235,10.);
#3860=VECTOR('',#12236,10.);
#3861=VECTOR('',#12237,10.);
#3862=VECTOR('',#12242,10.);
#3863=VECTOR('',#12247,10.);
#3864=VECTOR('',#12248,10.);
#3865=VECTOR('',#12249,10.);
#3866=VECTOR('',#12254,10.);
#3867=VECTOR('',#12259,10.);
#3868=VECTOR('',#12260,10.);
#3869=VECTOR('',#12261,10.);
#3870=VECTOR('',#12266,10.);
#3871=VECTOR('',#12271,10.);
#3872=VECTOR('',#12272,10.);
#3873=VECTOR('',#12273,10.);
#3874=VECTOR('',#12278,10.);
#3875=VECTOR('',#12283,10.);
#3876=VECTOR('',#12284,10.);
#3877=VECTOR('',#12285,10.);
#3878=VECTOR('',#12290,10.);
#3879=VECTOR('',#12295,10.);
#3880=VECTOR('',#12296,10.);
#3881=VECTOR('',#12297,10.);
#3882=VECTOR('',#12302,10.);
#3883=VECTOR('',#12307,10.);
#3884=VECTOR('',#12308,10.);
#3885=VECTOR('',#12317,10.);
#3886=VECTOR('',#12320,10.);
#3887=VECTOR('',#12323,10.);
#3888=VECTOR('',#12324,10.);
#3889=VECTOR('',#12327,10.);
#3890=VECTOR('',#12332,10.);
#3891=VECTOR('',#12333,10.);
#3892=VECTOR('',#12334,10.);
#3893=VECTOR('',#12335,10.);
#3894=VECTOR('',#12338,10.);
#3895=VECTOR('',#12341,10.);
#3896=VECTOR('',#12342,10.);
#3897=VECTOR('',#12343,10.);
#3898=VECTOR('',#12344,10.);
#3899=VECTOR('',#12347,10.);
#3900=VECTOR('',#12352,10.);
#3901=VECTOR('',#12353,10.);
#3902=VECTOR('',#12362,10.);
#3903=VECTOR('',#12363,10.);
#3904=VECTOR('',#12366,10.);
#3905=VECTOR('',#12369,10.);
#3906=VECTOR('',#12372,10.);
#3907=VECTOR('',#12377,10.);
#3908=VECTOR('',#12378,10.);
#3909=VECTOR('',#12381,10.);
#3910=VECTOR('',#12386,10.);
#3911=VECTOR('',#12393,10.);
#3912=VECTOR('',#12400,10.);
#3913=VECTOR('',#12403,10.);
#3914=VECTOR('',#12406,10.);
#3915=VECTOR('',#12407,10.);
#3916=VECTOR('',#12408,10.);
#3917=VECTOR('',#12411,10.);
#3918=VECTOR('',#12416,10.);
#3919=VECTOR('',#12421,10.);
#3920=VECTOR('',#12424,10.);
#3921=VECTOR('',#12429,10.);
#3922=VECTOR('',#12432,10.);
#3923=VECTOR('',#12435,10.);
#3924=VECTOR('',#12436,10.);
#3925=VECTOR('',#12437,10.);
#3926=VECTOR('',#12438,10.);
#3927=VECTOR('',#12439,10.);
#3928=VECTOR('',#12442,10.);
#3929=VECTOR('',#12443,10.);
#3930=VECTOR('',#12446,10.);
#3931=VECTOR('',#12447,10.);
#3932=VECTOR('',#12448,10.);
#3933=VECTOR('',#12451,10.);
#3934=VECTOR('',#12456,10.);
#3935=VECTOR('',#12461,10.);
#3936=VECTOR('',#12468,10.);
#3937=VECTOR('',#12471,10.);
#3938=VECTOR('',#12476,10.);
#3939=VECTOR('',#12481,10.);
#3940=VECTOR('',#12488,10.);
#3941=VECTOR('',#12491,10.);
#3942=VECTOR('',#12492,10.);
#3943=VECTOR('',#12509,10.);
#3944=VECTOR('',#12514,10.);
#3945=VECTOR('',#12517,10.);
#3946=VECTOR('',#12520,10.);
#3947=VECTOR('',#12521,10.);
#3948=VECTOR('',#12522,10.);
#3949=VECTOR('',#12527,10.);
#3950=VECTOR('',#12530,10.);
#3951=VECTOR('',#12533,10.);
#3952=VECTOR('',#12538,10.);
#3953=VECTOR('',#12539,10.);
#3954=VECTOR('',#12542,10.);
#3955=VECTOR('',#12545,10.);
#3956=VECTOR('',#12546,10.);
#3957=VECTOR('',#12547,10.);
#3958=VECTOR('',#12548,10.);
#3959=VECTOR('',#12549,10.);
#3960=VECTOR('',#12550,10.);
#3961=VECTOR('',#12557,10.);
#3962=VECTOR('',#12564,10.);
#3963=VECTOR('',#12567,10.);
#3964=VECTOR('',#12572,10.);
#3965=VECTOR('',#12573,10.);
#3966=VECTOR('',#12582,10.);
#3967=VECTOR('',#12587,10.);
#3968=VECTOR('',#12588,10.);
#3969=VECTOR('',#12589,10.);
#3970=VECTOR('',#12600,10.);
#3971=VECTOR('',#12607,10.);
#3972=VECTOR('',#12610,10.);
#3973=VECTOR('',#12615,0.7);
#3974=VECTOR('',#12618,1.4);
#3975=VECTOR('',#12623,0.7);
#3976=VECTOR('',#12626,1.4);
#3977=VECTOR('',#12631,0.7);
#3978=VECTOR('',#12634,1.4);
#3979=VECTOR('',#12639,0.7);
#3980=VECTOR('',#12642,1.4);
#3981=VECTOR('',#12645,1.6);
#3982=VECTOR('',#12650,1.4);
#3983=VECTOR('',#12653,1.6);
#3984=VECTOR('',#12658,1.4);
#3985=VECTOR('',#12663,0.4);
#3986=VECTOR('',#12664,0.4);
#3987=VECTOR('',#12667,0.4);
#3988=VECTOR('',#12672,0.4);
#3989=VECTOR('',#12677,10.);
#3990=VECTOR('',#12682,0.400000000000006);
#3991=VECTOR('',#12685,0.400000000000006);
#3992=VECTOR('',#12690,0.400000000000003);
#3993=VECTOR('',#12693,10.);
#3994=VECTOR('',#12700,0.400000000000003);
#3995=VECTOR('',#12705,10.);
#3996=VECTOR('',#12708,10.);
#3997=VECTOR('',#12711,10.);
#3998=VECTOR('',#12718,1.7);
#3999=VECTOR('',#12721,10.);
#4000=VECTOR('',#12724,10.);
#4001=VECTOR('',#12729,1.7);
#4002=VECTOR('',#12734,3.05);
#4003=VECTOR('',#12745,3.05);
#4004=VECTOR('',#12756,3.05);
#4005=VECTOR('',#12767,3.05);
#4006=VECTOR('',#12782,3.05);
#4007=VECTOR('',#12793,10.);
#4008=VECTOR('',#12796,10.);
#4009=VECTOR('',#12799,10.);
#4010=VECTOR('',#12802,10.);
#4011=VECTOR('',#12805,10.);
#4012=VECTOR('',#12808,10.);
#4013=VECTOR('',#12815,3.05);
#4014=VECTOR('',#12824,10.);
#4015=VECTOR('',#12827,10.);
#4016=VECTOR('',#12830,10.);
#4017=VECTOR('',#12833,10.);
#4018=VECTOR('',#12840,3.05);
#4019=VECTOR('',#12851,10.);
#4020=VECTOR('',#12854,10.);
#4021=VECTOR('',#12857,10.);
#4022=VECTOR('',#12860,10.);
#4023=VECTOR('',#12867,3.05);
#4024=VECTOR('',#12878,10.);
#4025=VECTOR('',#12881,10.);
#4026=VECTOR('',#12884,10.);
#4027=VECTOR('',#12887,10.);
#4028=VECTOR('',#12890,10.);
#4029=VECTOR('',#12893,10.);
#4030=VECTOR('',#12896,10.);
#4031=VECTOR('',#12897,10.);
#4032=VECTOR('',#12900,10.);
#4033=VECTOR('',#12905,10.);
#4034=VECTOR('',#12908,10.);
#4035=VECTOR('',#12913,10.);
#4036=VECTOR('',#12916,10.);
#4037=VECTOR('',#12919,10.);
#4038=VECTOR('',#12922,10.);
#4039=VECTOR('',#12927,10.);
#4040=VECTOR('',#12928,10.);
#4041=VECTOR('',#12931,10.);
#4042=VECTOR('',#12932,10.);
#4043=VECTOR('',#12937,10.);
#4044=VECTOR('',#12940,10.);
#4045=VECTOR('',#12945,10.);
#4046=VECTOR('',#12946,10.);
#4047=VECTOR('',#12949,10.);
#4048=VECTOR('',#12952,10.);
#4049=VECTOR('',#12955,10.);
#4050=VECTOR('',#12958,10.);
#4051=VECTOR('',#12965,2.45);
#4052=VECTOR('',#12968,2.45);
#4053=VECTOR('',#12971,2.45);
#4054=VECTOR('',#12974,2.45);
#4055=VECTOR('',#12987,10.);
#4056=VECTOR('',#13000,10.);
#4057=VECTOR('',#13003,10.);
#4058=VECTOR('',#13008,10.);
#4059=VECTOR('',#13009,10.);
#4060=VECTOR('',#13010,10.);
#4061=VECTOR('',#13011,10.);
#4062=VECTOR('',#13012,10.);
#4063=VECTOR('',#13013,10.);
#4064=VECTOR('',#13014,10.);
#4065=VECTOR('',#13015,10.);
#4066=VECTOR('',#13016,10.);
#4067=VECTOR('',#13017,10.);
#4068=VECTOR('',#13018,10.);
#4069=VECTOR('',#13019,10.);
#4070=VECTOR('',#13020,10.);
#4071=VECTOR('',#13023,10.);
#4072=VECTOR('',#13026,10.);
#4073=VECTOR('',#13027,10.);
#4074=VECTOR('',#13028,10.);
#4075=VECTOR('',#13029,10.);
#4076=VECTOR('',#13032,10.);
#4077=VECTOR('',#13033,10.);
#4078=VECTOR('',#13034,10.);
#4079=VECTOR('',#13037,10.);
#4080=VECTOR('',#13038,10.);
#4081=VECTOR('',#13039,10.);
#4082=VECTOR('',#13042,10.);
#4083=VECTOR('',#13043,10.);
#4084=VECTOR('',#13044,10.);
#4085=VECTOR('',#13047,10.);
#4086=VECTOR('',#13048,10.);
#4087=VECTOR('',#13049,10.);
#4088=VECTOR('',#13052,10.);
#4089=VECTOR('',#13053,10.);
#4090=VECTOR('',#13056,10.);
#4091=VECTOR('',#13057,10.);
#4092=VECTOR('',#13060,10.);
#4093=VECTOR('',#13063,10.);
#4094=VECTOR('',#13068,10.);
#4095=VECTOR('',#13069,10.);
#4096=VECTOR('',#13070,10.);
#4097=VECTOR('',#13071,10.);
#4098=VECTOR('',#13072,10.);
#4099=VECTOR('',#13073,10.);
#4100=VECTOR('',#13074,10.);
#4101=VECTOR('',#13075,10.);
#4102=VECTOR('',#13076,10.);
#4103=VECTOR('',#13077,10.);
#4104=VECTOR('',#13078,10.);
#4105=VECTOR('',#13079,10.);
#4106=VECTOR('',#13080,10.);
#4107=VECTOR('',#13083,10.);
#4108=VECTOR('',#13086,10.);
#4109=VECTOR('',#13087,10.);
#4110=VECTOR('',#13088,10.);
#4111=VECTOR('',#13089,10.);
#4112=VECTOR('',#13092,10.);
#4113=VECTOR('',#13093,10.);
#4114=VECTOR('',#13094,10.);
#4115=VECTOR('',#13097,10.);
#4116=VECTOR('',#13098,10.);
#4117=VECTOR('',#13099,10.);
#4118=VECTOR('',#13102,10.);
#4119=VECTOR('',#13103,10.);
#4120=VECTOR('',#13104,10.);
#4121=VECTOR('',#13107,10.);
#4122=VECTOR('',#13108,10.);
#4123=VECTOR('',#13109,10.);
#4124=VECTOR('',#13112,10.);
#4125=VECTOR('',#13113,10.);
#4126=VECTOR('',#13116,10.);
#4127=VECTOR('',#13117,10.);
#4128=VECTOR('',#13120,10.);
#4129=VECTOR('',#13123,10.);
#4130=VECTOR('',#13128,10.);
#4131=VECTOR('',#13129,10.);
#4132=VECTOR('',#13130,10.);
#4133=VECTOR('',#13131,10.);
#4134=VECTOR('',#13132,10.);
#4135=VECTOR('',#13133,10.);
#4136=VECTOR('',#13134,10.);
#4137=VECTOR('',#13135,10.);
#4138=VECTOR('',#13136,10.);
#4139=VECTOR('',#13137,10.);
#4140=VECTOR('',#13138,10.);
#4141=VECTOR('',#13139,10.);
#4142=VECTOR('',#13140,10.);
#4143=VECTOR('',#13143,10.);
#4144=VECTOR('',#13146,10.);
#4145=VECTOR('',#13147,10.);
#4146=VECTOR('',#13148,10.);
#4147=VECTOR('',#13149,10.);
#4148=VECTOR('',#13152,10.);
#4149=VECTOR('',#13153,10.);
#4150=VECTOR('',#13154,10.);
#4151=VECTOR('',#13157,10.);
#4152=VECTOR('',#13158,10.);
#4153=VECTOR('',#13159,10.);
#4154=VECTOR('',#13162,10.);
#4155=VECTOR('',#13163,10.);
#4156=VECTOR('',#13164,10.);
#4157=VECTOR('',#13167,10.);
#4158=VECTOR('',#13168,10.);
#4159=VECTOR('',#13169,10.);
#4160=VECTOR('',#13172,10.);
#4161=VECTOR('',#13173,10.);
#4162=VECTOR('',#13176,10.);
#4163=VECTOR('',#13177,10.);
#4164=VECTOR('',#13180,10.);
#4165=VECTOR('',#13183,10.);
#4166=VECTOR('',#13188,10.);
#4167=VECTOR('',#13189,10.);
#4168=VECTOR('',#13190,10.);
#4169=VECTOR('',#13191,10.);
#4170=VECTOR('',#13192,10.);
#4171=VECTOR('',#13193,10.);
#4172=VECTOR('',#13194,10.);
#4173=VECTOR('',#13195,10.);
#4174=VECTOR('',#13196,10.);
#4175=VECTOR('',#13197,10.);
#4176=VECTOR('',#13198,10.);
#4177=VECTOR('',#13199,10.);
#4178=VECTOR('',#13200,10.);
#4179=VECTOR('',#13203,10.);
#4180=VECTOR('',#13206,10.);
#4181=VECTOR('',#13207,10.);
#4182=VECTOR('',#13208,10.);
#4183=VECTOR('',#13209,10.);
#4184=VECTOR('',#13212,10.);
#4185=VECTOR('',#13213,10.);
#4186=VECTOR('',#13214,10.);
#4187=VECTOR('',#13217,10.);
#4188=VECTOR('',#13218,10.);
#4189=VECTOR('',#13219,10.);
#4190=VECTOR('',#13222,10.);
#4191=VECTOR('',#13223,10.);
#4192=VECTOR('',#13224,10.);
#4193=VECTOR('',#13227,10.);
#4194=VECTOR('',#13228,10.);
#4195=VECTOR('',#13229,10.);
#4196=VECTOR('',#13232,10.);
#4197=VECTOR('',#13233,10.);
#4198=VECTOR('',#13236,10.);
#4199=VECTOR('',#13237,10.);
#4200=VECTOR('',#13240,10.);
#4201=VECTOR('',#13243,10.);
#4202=VECTOR('',#13248,10.);
#4203=VECTOR('',#13249,10.);
#4204=VECTOR('',#13250,10.);
#4205=VECTOR('',#13251,10.);
#4206=VECTOR('',#13252,10.);
#4207=VECTOR('',#13253,10.);
#4208=VECTOR('',#13254,10.);
#4209=VECTOR('',#13255,10.);
#4210=VECTOR('',#13256,10.);
#4211=VECTOR('',#13257,10.);
#4212=VECTOR('',#13258,10.);
#4213=VECTOR('',#13259,10.);
#4214=VECTOR('',#13260,10.);
#4215=VECTOR('',#13263,10.);
#4216=VECTOR('',#13266,10.);
#4217=VECTOR('',#13267,10.);
#4218=VECTOR('',#13268,10.);
#4219=VECTOR('',#13269,10.);
#4220=VECTOR('',#13272,10.);
#4221=VECTOR('',#13273,10.);
#4222=VECTOR('',#13274,10.);
#4223=VECTOR('',#13277,10.);
#4224=VECTOR('',#13278,10.);
#4225=VECTOR('',#13279,10.);
#4226=VECTOR('',#13282,10.);
#4227=VECTOR('',#13283,10.);
#4228=VECTOR('',#13284,10.);
#4229=VECTOR('',#13287,10.);
#4230=VECTOR('',#13288,10.);
#4231=VECTOR('',#13289,10.);
#4232=VECTOR('',#13292,10.);
#4233=VECTOR('',#13293,10.);
#4234=VECTOR('',#13296,10.);
#4235=VECTOR('',#13297,10.);
#4236=VECTOR('',#13300,10.);
#4237=VECTOR('',#13301,10.);
#4238=VECTOR('',#13302,10.);
#4239=VECTOR('',#13305,10.);
#4240=VECTOR('',#13306,10.);
#4241=VECTOR('',#13307,10.);
#4242=VECTOR('',#13310,10.);
#4243=VECTOR('',#13311,10.);
#4244=VECTOR('',#13312,10.);
#4245=VECTOR('',#13315,10.);
#4246=VECTOR('',#13316,10.);
#4247=VECTOR('',#13317,10.);
#4248=VECTOR('',#13320,10.);
#4249=VECTOR('',#13321,10.);
#4250=VECTOR('',#13322,10.);
#4251=VECTOR('',#13325,10.);
#4252=VECTOR('',#13326,10.);
#4253=VECTOR('',#13327,10.);
#4254=VECTOR('',#13330,10.);
#4255=VECTOR('',#13331,10.);
#4256=VECTOR('',#13332,10.);
#4257=VECTOR('',#13335,10.);
#4258=VECTOR('',#13336,10.);
#4259=VECTOR('',#13337,10.);
#4260=VECTOR('',#13340,10.);
#4261=VECTOR('',#13341,10.);
#4262=VECTOR('',#13342,10.);
#4263=VECTOR('',#13345,10.);
#4264=VECTOR('',#13346,10.);
#4265=VECTOR('',#13347,10.);
#4266=VECTOR('',#13350,10.);
#4267=VECTOR('',#13351,10.);
#4268=VECTOR('',#13352,10.);
#4269=VECTOR('',#13353,10.);
#4270=VECTOR('',#13354,10.);
#4271=VECTOR('',#13355,10.);
#4272=VECTOR('',#13356,10.);
#4273=VECTOR('',#13357,10.);
#4274=VECTOR('',#13358,10.);
#4275=VECTOR('',#13359,10.);
#4276=VECTOR('',#13360,10.);
#4277=VECTOR('',#13361,10.);
#4278=VECTOR('',#13362,10.);
#4279=VECTOR('',#13363,10.);
#4280=VECTOR('',#13364,10.);
#4281=VECTOR('',#13365,10.);
#4282=VECTOR('',#13366,10.);
#4283=VECTOR('',#13367,10.);
#4284=VECTOR('',#13368,10.);
#4285=VECTOR('',#13371,10.);
#4286=VECTOR('',#13374,10.);
#4287=VECTOR('',#13379,10.);
#4288=VECTOR('',#13380,10.);
#4289=VECTOR('',#13381,10.);
#4290=VECTOR('',#13382,10.);
#4291=VECTOR('',#13383,10.);
#4292=VECTOR('',#13384,10.);
#4293=VECTOR('',#13385,10.);
#4294=VECTOR('',#13386,10.);
#4295=VECTOR('',#13387,10.);
#4296=VECTOR('',#13388,10.);
#4297=VECTOR('',#13389,10.);
#4298=VECTOR('',#13390,10.);
#4299=VECTOR('',#13391,10.);
#4300=VECTOR('',#13394,10.);
#4301=VECTOR('',#13397,10.);
#4302=VECTOR('',#13398,10.);
#4303=VECTOR('',#13399,10.);
#4304=VECTOR('',#13400,10.);
#4305=VECTOR('',#13401,10.);
#4306=VECTOR('',#13402,10.);
#4307=VECTOR('',#13403,10.);
#4308=VECTOR('',#13404,10.);
#4309=VECTOR('',#13405,10.);
#4310=VECTOR('',#13406,10.);
#4311=VECTOR('',#13407,10.);
#4312=VECTOR('',#13408,10.);
#4313=VECTOR('',#13409,10.);
#4314=VECTOR('',#13410,10.);
#4315=VECTOR('',#13411,10.);
#4316=VECTOR('',#13412,10.);
#4317=VECTOR('',#13413,10.);
#4318=VECTOR('',#13414,10.);
#4319=VECTOR('',#13417,10.);
#4320=VECTOR('',#13418,10.);
#4321=VECTOR('',#13419,10.);
#4322=VECTOR('',#13422,10.);
#4323=VECTOR('',#13423,10.);
#4324=VECTOR('',#13424,10.);
#4325=VECTOR('',#13425,10.);
#4326=VECTOR('',#13426,10.);
#4327=VECTOR('',#13427,10.);
#4328=VECTOR('',#13428,10.);
#4329=VECTOR('',#13429,10.);
#4330=VECTOR('',#13430,10.);
#4331=VECTOR('',#13431,10.);
#4332=VECTOR('',#13432,10.);
#4333=VECTOR('',#13433,10.);
#4334=VECTOR('',#13434,10.);
#4335=VECTOR('',#13435,10.);
#4336=VECTOR('',#13436,10.);
#4337=VECTOR('',#13437,10.);
#4338=VECTOR('',#13438,10.);
#4339=VECTOR('',#13439,10.);
#4340=VECTOR('',#13440,10.);
#4341=VECTOR('',#13441,10.);
#4342=VECTOR('',#13442,10.);
#4343=VECTOR('',#13443,10.);
#4344=VECTOR('',#13444,10.);
#4345=VECTOR('',#13445,10.);
#4346=VECTOR('',#13446,10.);
#4347=VECTOR('',#13447,10.);
#4348=VECTOR('',#13448,10.);
#4349=VECTOR('',#13451,10.);
#4350=VECTOR('',#13452,10.);
#4351=VECTOR('',#13453,10.);
#4352=VECTOR('',#13454,10.);
#4353=VECTOR('',#13457,10.);
#4354=VECTOR('',#13458,10.);
#4355=VECTOR('',#13459,10.);
#4356=VECTOR('',#13460,10.);
#4357=VECTOR('',#13463,10.);
#4358=VECTOR('',#13464,10.);
#4359=VECTOR('',#13465,10.);
#4360=VECTOR('',#13468,10.);
#4361=VECTOR('',#13471,10.);
#4362=VECTOR('',#13472,10.);
#4363=VECTOR('',#13475,10.);
#4364=VECTOR('',#13476,10.);
#4365=VECTOR('',#13477,10.);
#4366=VECTOR('',#13480,10.);
#4367=VECTOR('',#13481,10.);
#4368=VECTOR('',#13482,10.);
#4369=VECTOR('',#13485,10.);
#4370=VECTOR('',#13486,10.);
#4371=VECTOR('',#13489,10.);
#4372=VECTOR('',#13490,10.);
#4373=VECTOR('',#13493,10.);
#4374=VECTOR('',#13494,10.);
#4375=VECTOR('',#13497,10.);
#4376=VECTOR('',#13498,10.);
#4377=VECTOR('',#13505,10.);
#4378=VECTOR('',#13506,10.);
#4379=VECTOR('',#13507,10.);
#4380=VECTOR('',#13510,10.);
#4381=VECTOR('',#13511,10.);
#4382=VECTOR('',#13512,10.);
#4383=VECTOR('',#13515,10.);
#4384=VECTOR('',#13516,10.);
#4385=VECTOR('',#13517,10.);
#4386=VECTOR('',#13520,10.);
#4387=VECTOR('',#13521,10.);
#4388=VECTOR('',#13524,10.);
#4389=VECTOR('',#13525,10.);
#4390=VECTOR('',#13526,10.);
#4391=VECTOR('',#13529,10.);
#4392=VECTOR('',#13530,10.);
#4393=VECTOR('',#13531,10.);
#4394=VECTOR('',#13534,10.);
#4395=VECTOR('',#13535,10.);
#4396=VECTOR('',#13536,10.);
#4397=VECTOR('',#13539,10.);
#4398=VECTOR('',#13540,10.);
#4399=VECTOR('',#13541,10.);
#4400=VECTOR('',#13544,10.);
#4401=VECTOR('',#13545,10.);
#4402=VECTOR('',#13546,10.);
#4403=VECTOR('',#13549,10.);
#4404=VECTOR('',#13550,10.);
#4405=VECTOR('',#13555,10.);
#4406=VECTOR('',#13556,10.);
#4407=VECTOR('',#13557,10.);
#4408=VECTOR('',#13558,10.);
#4409=VECTOR('',#13559,10.);
#4410=VECTOR('',#13560,10.);
#4411=VECTOR('',#13563,10.);
#4412=VECTOR('',#13568,10.);
#4413=VECTOR('',#13573,10.);
#4414=VECTOR('',#13578,10.);
#4415=VECTOR('',#13583,10.);
#4416=VECTOR('',#13588,10.);
#4417=VECTOR('',#13593,10.);
#4418=VECTOR('',#13594,10.);
#4419=VECTOR('',#13595,10.);
#4420=VECTOR('',#13598,10.);
#4421=VECTOR('',#13601,10.);
#4422=VECTOR('',#13602,10.);
#4423=VECTOR('',#13605,10.);
#4424=VECTOR('',#13608,10.);
#4425=VECTOR('',#13609,10.);
#4426=VECTOR('',#13610,10.);
#4427=VECTOR('',#13613,10.);
#4428=VECTOR('',#13616,10.);
#4429=VECTOR('',#13617,10.);
#4430=VECTOR('',#13620,10.);
#4431=VECTOR('',#13623,10.);
#4432=VECTOR('',#13624,10.);
#4433=VECTOR('',#13625,10.);
#4434=VECTOR('',#13628,10.);
#4435=VECTOR('',#13631,10.);
#4436=VECTOR('',#13632,10.);
#4437=VECTOR('',#13635,10.);
#4438=VECTOR('',#13638,10.);
#4439=VECTOR('',#13639,10.);
#4440=VECTOR('',#13640,10.);
#4441=VECTOR('',#13643,10.);
#4442=VECTOR('',#13646,10.);
#4443=VECTOR('',#13647,10.);
#4444=VECTOR('',#13650,10.);
#4445=VECTOR('',#13653,10.);
#4446=VECTOR('',#13654,10.);
#4447=VECTOR('',#13659,10.);
#4448=VECTOR('',#13662,10.);
#4449=VECTOR('',#13663,10.);
#4450=VECTOR('',#13666,10.);
#4451=VECTOR('',#13669,10.);
#4452=VECTOR('',#13670,10.);
#4453=VECTOR('',#13671,10.);
#4454=VECTOR('',#13674,10.);
#4455=VECTOR('',#13675,10.);
#4456=VECTOR('',#13678,10.);
#4457=VECTOR('',#13681,10.);
#4458=VECTOR('',#13682,10.);
#4459=VECTOR('',#13685,10.);
#4460=VECTOR('',#13686,10.);
#4461=VECTOR('',#13687,10.);
#4462=VECTOR('',#13688,10.);
#4463=VECTOR('',#13689,10.);
#4464=VECTOR('',#13692,10.);
#4465=VECTOR('',#13697,10.);
#4466=VECTOR('',#13700,10.);
#4467=VECTOR('',#13713,0.8);
#4468=VECTOR('',#13726,0.8);
#4469=VECTOR('',#13753,10.);
#4470=VECTOR('',#13754,10.);
#4471=VECTOR('',#13755,10.);
#4472=VECTOR('',#13756,10.);
#4473=VECTOR('',#13759,10.);
#4474=VECTOR('',#13760,10.);
#4475=VECTOR('',#13761,10.);
#4476=VECTOR('',#13764,10.);
#4477=VECTOR('',#13765,10.);
#4478=VECTOR('',#13766,10.);
#4479=VECTOR('',#13769,10.);
#4480=VECTOR('',#13770,10.);
#4481=VECTOR('',#13775,10.);
#4482=VECTOR('',#13776,10.);
#4483=VECTOR('',#13777,10.);
#4484=VECTOR('',#13778,10.);
#4485=VECTOR('',#13779,10.);
#4486=VECTOR('',#13780,10.);
#4487=VECTOR('',#13781,10.);
#4488=VECTOR('',#13782,10.);
#4489=VECTOR('',#13783,10.);
#4490=VECTOR('',#13784,10.);
#4491=VECTOR('',#13785,10.);
#4492=VECTOR('',#13786,10.);
#4493=VECTOR('',#13787,10.);
#4494=VECTOR('',#13788,10.);
#4495=VECTOR('',#13789,10.);
#4496=VECTOR('',#13790,10.);
#4497=VECTOR('',#13791,10.);
#4498=VECTOR('',#13792,10.);
#4499=VECTOR('',#13793,10.);
#4500=VECTOR('',#13794,10.);
#4501=VECTOR('',#13795,10.);
#4502=VECTOR('',#13796,10.);
#4503=VECTOR('',#13797,10.);
#4504=VECTOR('',#13798,10.);
#4505=VECTOR('',#13799,10.);
#4506=VECTOR('',#13800,10.);
#4507=VECTOR('',#13801,10.);
#4508=VECTOR('',#13802,10.);
#4509=VECTOR('',#13803,10.);
#4510=VECTOR('',#13804,10.);
#4511=VECTOR('',#13805,10.);
#4512=VECTOR('',#13806,10.);
#4513=VECTOR('',#13807,10.);
#4514=VECTOR('',#13808,10.);
#4515=VECTOR('',#13809,10.);
#4516=VECTOR('',#13810,10.);
#4517=VECTOR('',#13811,10.);
#4518=VECTOR('',#13812,10.);
#4519=VECTOR('',#13813,10.);
#4520=VECTOR('',#13814,10.);
#4521=VECTOR('',#13815,10.);
#4522=VECTOR('',#13816,10.);
#4523=VECTOR('',#13817,10.);
#4524=VECTOR('',#13818,10.);
#4525=VECTOR('',#13823,10.);
#4526=VECTOR('',#13824,10.);
#4527=VECTOR('',#13825,10.);
#4528=VECTOR('',#13826,10.);
#4529=VECTOR('',#13829,10.);
#4530=VECTOR('',#13830,10.);
#4531=VECTOR('',#13831,10.);
#4532=VECTOR('',#13836,2.25);
#4533=VECTOR('',#13843,2.25);
#4534=VECTOR('',#13850,2.25);
#4535=VECTOR('',#13857,2.25);
#4536=VECTOR('',#13864,1.2295);
#4537=VECTOR('',#13873,1.2295);
#4538=VECTOR('',#13880,10.);
#4539=VECTOR('',#13881,10.);
#4540=VECTOR('',#13882,10.);
#4541=VECTOR('',#13885,10.);
#4542=VECTOR('',#13886,10.);
#4543=VECTOR('',#13887,10.);
#4544=VECTOR('',#13890,10.);
#4545=VECTOR('',#13891,10.);
#4546=VECTOR('',#13892,10.);
#4547=VECTOR('',#13895,10.);
#4548=VECTOR('',#13896,10.);
#4549=VECTOR('',#13897,10.);
#4550=VECTOR('',#13900,10.);
#4551=VECTOR('',#13901,10.);
#4552=VECTOR('',#13902,10.);
#4553=VECTOR('',#13905,10.);
#4554=VECTOR('',#13906,10.);
#4555=VECTOR('',#13907,10.);
#4556=VECTOR('',#13910,10.);
#4557=VECTOR('',#13911,10.);
#4558=VECTOR('',#13912,10.);
#4559=VECTOR('',#13915,10.);
#4560=VECTOR('',#13916,10.);
#4561=VECTOR('',#13917,10.);
#4562=VECTOR('',#13920,10.);
#4563=VECTOR('',#13921,10.);
#4564=VECTOR('',#13922,10.);
#4565=VECTOR('',#13925,10.);
#4566=VECTOR('',#13926,10.);
#4567=VECTOR('',#13927,10.);
#4568=VECTOR('',#13930,10.);
#4569=VECTOR('',#13931,10.);
#4570=VECTOR('',#13932,10.);
#4571=VECTOR('',#13935,10.);
#4572=VECTOR('',#13936,10.);
#4573=VECTOR('',#13937,10.);
#4574=VECTOR('',#13940,10.);
#4575=VECTOR('',#13941,10.);
#4576=VECTOR('',#13942,10.);
#4577=VECTOR('',#13945,10.);
#4578=VECTOR('',#13946,10.);
#4579=VECTOR('',#13947,10.);
#4580=VECTOR('',#13950,10.);
#4581=VECTOR('',#13951,10.);
#4582=VECTOR('',#13952,10.);
#4583=VECTOR('',#13955,10.);
#4584=VECTOR('',#13956,10.);
#4585=VECTOR('',#13957,10.);
#4586=VECTOR('',#13960,10.);
#4587=VECTOR('',#13961,10.);
#4588=VECTOR('',#13962,10.);
#4589=VECTOR('',#13965,10.);
#4590=VECTOR('',#13966,10.);
#4591=VECTOR('',#13967,10.);
#4592=VECTOR('',#13970,10.);
#4593=VECTOR('',#13971,10.);
#4594=VECTOR('',#13972,10.);
#4595=VECTOR('',#13975,10.);
#4596=VECTOR('',#13976,10.);
#4597=VECTOR('',#13977,10.);
#4598=VECTOR('',#13980,10.);
#4599=VECTOR('',#13981,10.);
#4600=VECTOR('',#13982,10.);
#4601=VECTOR('',#13985,10.);
#4602=VECTOR('',#13986,10.);
#4603=VECTOR('',#13987,10.);
#4604=VECTOR('',#13990,10.);
#4605=VECTOR('',#13991,10.);
#4606=VECTOR('',#13992,10.);
#4607=VECTOR('',#13995,10.);
#4608=VECTOR('',#13996,10.);
#4609=VECTOR('',#13997,10.);
#4610=VECTOR('',#14000,10.);
#4611=VECTOR('',#14001,10.);
#4612=VECTOR('',#14002,10.);
#4613=VECTOR('',#14005,10.);
#4614=VECTOR('',#14006,10.);
#4615=VECTOR('',#14007,10.);
#4616=VECTOR('',#14010,10.);
#4617=VECTOR('',#14011,10.);
#4618=VECTOR('',#14012,10.);
#4619=VECTOR('',#14015,10.);
#4620=VECTOR('',#14016,10.);
#4621=VECTOR('',#14017,10.);
#4622=VECTOR('',#14020,10.);
#4623=VECTOR('',#14021,10.);
#4624=VECTOR('',#14022,10.);
#4625=VECTOR('',#14025,10.);
#4626=VECTOR('',#14026,10.);
#4627=VECTOR('',#14029,10.);
#4628=VECTOR('',#14030,10.);
#4629=VECTOR('',#14033,10.);
#4630=VECTOR('',#14034,10.);
#4631=VECTOR('',#14037,10.);
#4632=VECTOR('',#14038,10.);
#4633=VECTOR('',#14041,10.);
#4634=VECTOR('',#14042,10.);
#4635=VECTOR('',#14045,10.);
#4636=VECTOR('',#14046,10.);
#4637=VECTOR('',#14049,10.);
#4638=VECTOR('',#14050,10.);
#4639=VECTOR('',#14053,10.);
#4640=VECTOR('',#14054,10.);
#4641=VECTOR('',#14057,10.);
#4642=VECTOR('',#14058,10.);
#4643=VECTOR('',#14061,10.);
#4644=VECTOR('',#14064,10.);
#4645=VECTOR('',#14067,10.);
#4646=VECTOR('',#14070,10.);
#4647=VECTOR('',#14073,10.);
#4648=VECTOR('',#14076,10.);
#4649=VECTOR('',#14079,10.);
#4650=VECTOR('',#14082,10.);
#4651=VECTOR('',#14099,10.);
#4652=VECTOR('',#14102,10.);
#4653=VECTOR('',#14103,10.);
#4654=VECTOR('',#14104,10.);
#4655=VECTOR('',#14105,10.);
#4656=VECTOR('',#14108,10.);
#4657=VECTOR('',#14111,10.);
#4658=VECTOR('',#14114,10.);
#4659=VECTOR('',#14117,10.);
#4660=VECTOR('',#14118,10.);
#4661=VECTOR('',#14121,10.);
#4662=VECTOR('',#14124,10.);
#4663=VECTOR('',#14125,10.);
#4664=VECTOR('',#14128,10.);
#4665=VECTOR('',#14131,10.);
#4666=VECTOR('',#14132,10.);
#4667=VECTOR('',#14143,10.);
#4668=VECTOR('',#14144,10.);
#4669=VECTOR('',#14145,10.);
#4670=VECTOR('',#14146,10.);
#4671=VECTOR('',#14147,10.);
#4672=VECTOR('',#14148,10.);
#4673=VECTOR('',#14153,10.);
#4674=VECTOR('',#14156,10.);
#4675=VECTOR('',#14157,10.);
#4676=VECTOR('',#14158,10.);
#4677=VECTOR('',#14159,10.);
#4678=VECTOR('',#14166,2.25000000000582);
#4679=VECTOR('',#14175,10.);
#4680=VECTOR('',#14180,10.);
#4681=VECTOR('',#14183,10.);
#4682=VECTOR('',#14188,2.25000000000582);
#4683=VECTOR('',#14195,10.);
#4684=VECTOR('',#14196,10.);
#4685=VECTOR('',#14197,10.);
#4686=VECTOR('',#14200,10.);
#4687=VECTOR('',#14201,10.);
#4688=VECTOR('',#14204,10.);
#4689=VECTOR('',#14205,10.);
#4690=VECTOR('',#14206,10.);
#4691=VECTOR('',#14209,10.);
#4692=VECTOR('',#14210,10.);
#4693=VECTOR('',#14211,10.);
#4694=VECTOR('',#14216,10.);
#4695=VECTOR('',#14217,10.);
#4696=VECTOR('',#14220,10.);
#4697=VECTOR('',#14221,10.);
#4698=VECTOR('',#14222,10.);
#4699=VECTOR('',#14223,10.);
#4700=VECTOR('',#14226,10.);
#4701=VECTOR('',#14227,10.);
#4702=VECTOR('',#14228,10.);
#4703=VECTOR('',#14243,3.1);
#4704=VECTOR('',#14248,3.6);
#4705=VECTOR('',#14257,2.25000000000582);
#4706=VECTOR('',#14264,2.25000000000582);
#4707=VECTOR('',#14271,10.);
#4708=VECTOR('',#14274,10.);
#4709=VECTOR('',#14287,10.);
#4710=VECTOR('',#14288,10.);
#4711=VECTOR('',#14289,10.);
#4712=VECTOR('',#14290,10.);
#4713=VECTOR('',#14293,10.);
#4714=VECTOR('',#14294,10.);
#4715=VECTOR('',#14295,10.);
#4716=VECTOR('',#14296,10.);
#4717=VECTOR('',#14299,10.);
#4718=VECTOR('',#14300,10.);
#4719=VECTOR('',#14301,10.);
#4720=VECTOR('',#14302,10.);
#4721=VECTOR('',#14305,10.);
#4722=VECTOR('',#14306,10.);
#4723=VECTOR('',#14307,10.);
#4724=VECTOR('',#14308,10.);
#4725=VECTOR('',#14315,10.);
#4726=VECTOR('',#14316,10.);
#4727=VECTOR('',#14317,10.);
#4728=VECTOR('',#14318,10.);
#4729=VECTOR('',#14321,10.);
#4730=VECTOR('',#14322,10.);
#4731=VECTOR('',#14323,10.);
#4732=VECTOR('',#14324,10.);
#4733=VECTOR('',#14327,10.);
#4734=VECTOR('',#14328,10.);
#4735=VECTOR('',#14329,10.);
#4736=VECTOR('',#14330,10.);
#4737=VECTOR('',#14335,10.);
#4738=VECTOR('',#14336,10.);
#4739=VECTOR('',#14337,10.);
#4740=VECTOR('',#14338,10.);
#4741=VECTOR('',#14357,1.625);
#4742=VECTOR('',#14396,2.35);
#4743=VECTOR('',#14413,3.);
#4744=VECTOR('',#14432,1.5);
#4745=VECTOR('',#14441,1.3466375);
#4746=VECTOR('',#14456,10.);
#4747=VECTOR('',#14457,10.);
#4748=VECTOR('',#14458,10.);
#4749=VECTOR('',#14459,10.);
#4750=VECTOR('',#14460,10.);
#4751=VECTOR('',#14461,10.);
#4752=VECTOR('',#14464,2.75);
#4753=VECTOR('',#14467,10.);
#4754=VECTOR('',#14468,10.);
#4755=VECTOR('',#14471,10.);
#4756=VECTOR('',#14474,10.);
#4757=VECTOR('',#14477,10.);
#4758=VECTOR('',#14480,10.);
#4759=VECTOR('',#14485,0.721687836487032);
#4760=B_SPLINE_CURVE_WITH_KNOTS('',2,(#14534,#14535,#14536,#14537,#14538),
 .UNSPECIFIED.,.F.,.F.,(3,1,1,3),(-3.,-2.,-1.,0.),.UNSPECIFIED.);
#4761=B_SPLINE_CURVE_WITH_KNOTS('',2,(#14542,#14543,#14544,#14545,#14546),
 .UNSPECIFIED.,.F.,.F.,(3,1,1,3),(-3.,-2.,-1.,0.),.UNSPECIFIED.);
#4762=B_SPLINE_CURVE_WITH_KNOTS('',2,(#14559,#14560,#14561,#14562,#14563),
 .UNSPECIFIED.,.F.,.F.,(3,1,1,3),(-3.,-2.,-1.,0.),.UNSPECIFIED.);
#4763=B_SPLINE_CURVE_WITH_KNOTS('',2,(#14566,#14567,#14568,#14569,#14570),
 .UNSPECIFIED.,.F.,.F.,(3,1,1,3),(-3.,-2.,-1.,0.),.UNSPECIFIED.);
#4764=B_SPLINE_CURVE_WITH_KNOTS('',2,(#14582,#14583,#14584,#14585,#14586),
 .UNSPECIFIED.,.F.,.F.,(3,1,1,3),(-3.,-2.,-1.,0.),.UNSPECIFIED.);
#4765=B_SPLINE_CURVE_WITH_KNOTS('',2,(#14589,#14590,#14591,#14592,#14593),
 .UNSPECIFIED.,.F.,.F.,(3,1,1,3),(-3.,-2.,-1.,0.),.UNSPECIFIED.);
#4766=B_SPLINE_CURVE_WITH_KNOTS('',2,(#14604,#14605,#14606,#14607,#14608),
 .UNSPECIFIED.,.F.,.F.,(3,1,1,3),(-3.,-2.,-1.,0.),.UNSPECIFIED.);
#4767=B_SPLINE_CURVE_WITH_KNOTS('',2,(#14609,#14610,#14611,#14612,#14613),
 .UNSPECIFIED.,.F.,.F.,(3,1,1,3),(-3.,-2.,-1.,0.),.UNSPECIFIED.);
#4768=B_SPLINE_CURVE_WITH_KNOTS('',2,(#14617,#14618,#14619,#14620,#14621),
 .UNSPECIFIED.,.F.,.F.,(3,1,1,3),(0.,1.,2.,3.),.UNSPECIFIED.);
#4769=B_SPLINE_CURVE_WITH_KNOTS('',2,(#14623,#14624,#14625,#14626,#14627),
 .UNSPECIFIED.,.F.,.F.,(3,1,1,3),(0.,1.,2.,3.),.UNSPECIFIED.);
#4770=B_SPLINE_CURVE_WITH_KNOTS('',2,(#14629,#14630,#14631,#14632,#14633),
 .UNSPECIFIED.,.F.,.F.,(3,1,1,3),(0.,1.,2.,3.),.UNSPECIFIED.);
#4771=B_SPLINE_CURVE_WITH_KNOTS('',2,(#14634,#14635,#14636,#14637,#14638),
 .UNSPECIFIED.,.F.,.F.,(3,1,1,3),(0.,1.,2.,3.),.UNSPECIFIED.);
#4772=B_SPLINE_CURVE_WITH_KNOTS('',2,(#14652,#14653,#14654,#14655,#14656),
 .UNSPECIFIED.,.F.,.F.,(3,1,1,3),(-3.,-2.,-1.,0.),.UNSPECIFIED.);
#4773=B_SPLINE_CURVE_WITH_KNOTS('',2,(#14669,#14670,#14671,#14672,#14673),
 .UNSPECIFIED.,.F.,.F.,(3,1,1,3),(-3.,-2.,-1.,0.),.UNSPECIFIED.);
#4774=B_SPLINE_CURVE_WITH_KNOTS('',2,(#14686,#14687,#14688,#14689,#14690),
 .UNSPECIFIED.,.F.,.F.,(3,1,1,3),(-3.,-2.,-1.,0.),.UNSPECIFIED.);
#4775=B_SPLINE_CURVE_WITH_KNOTS('',2,(#14702,#14703,#14704,#14705,#14706),
 .UNSPECIFIED.,.F.,.F.,(3,1,1,3),(-3.,-2.,-1.,0.),.UNSPECIFIED.);
#4776=B_SPLINE_CURVE_WITH_KNOTS('',2,(#14714,#14715,#14716,#14717),
 .UNSPECIFIED.,.F.,.F.,(3,1,3),(0.,1.,2.),.UNSPECIFIED.);
#4777=B_SPLINE_CURVE_WITH_KNOTS('',2,(#14719,#14720,#14721,#14722,#14723),
 .UNSPECIFIED.,.F.,.F.,(3,1,1,3),(0.,1.,2.,3.),.UNSPECIFIED.);
#4778=B_SPLINE_CURVE_WITH_KNOTS('',2,(#14725,#14726,#14727,#14728,#14729),
 .UNSPECIFIED.,.F.,.F.,(3,1,1,3),(0.,1.,2.,3.),.UNSPECIFIED.);
#4779=B_SPLINE_CURVE_WITH_KNOTS('',2,(#14731,#14732,#14733,#14734,#14735),
 .UNSPECIFIED.,.F.,.F.,(3,1,1,3),(0.,1.,2.,3.),.UNSPECIFIED.);
#4780=B_SPLINE_CURVE_WITH_KNOTS('',2,(#14739,#14740,#14741,#14742,#14743),
 .UNSPECIFIED.,.F.,.F.,(3,1,1,3),(0.,1.,2.,3.),.UNSPECIFIED.);
#4781=B_SPLINE_CURVE_WITH_KNOTS('',2,(#14745,#14746,#14747,#14748,#14749),
 .UNSPECIFIED.,.F.,.F.,(3,1,1,3),(0.,1.,2.,3.),.UNSPECIFIED.);
#4782=B_SPLINE_CURVE_WITH_KNOTS('',2,(#14751,#14752,#14753,#14754,#14755),
 .UNSPECIFIED.,.F.,.F.,(3,1,1,3),(0.,1.,2.,3.),.UNSPECIFIED.);
#4783=B_SPLINE_CURVE_WITH_KNOTS('',2,(#14784,#14785,#14786,#14787),
 .UNSPECIFIED.,.F.,.F.,(3,1,3),(-2.,-1.,0.),.UNSPECIFIED.);
#4784=B_SPLINE_CURVE_WITH_KNOTS('',2,(#14800,#14801,#14802,#14803,#14804),
 .UNSPECIFIED.,.F.,.F.,(3,1,1,3),(-3.,-2.,-1.,0.),.UNSPECIFIED.);
#4785=B_SPLINE_CURVE_WITH_KNOTS('',2,(#14817,#14818,#14819,#14820,#14821),
 .UNSPECIFIED.,.F.,.F.,(3,1,1,3),(-3.,-2.,-1.,0.),.UNSPECIFIED.);
#4786=B_SPLINE_CURVE_WITH_KNOTS('',2,(#14834,#14835,#14836,#14837,#14838),
 .UNSPECIFIED.,.F.,.F.,(3,1,1,3),(-3.,-2.,-1.,0.),.UNSPECIFIED.);
#4787=B_SPLINE_CURVE_WITH_KNOTS('',2,(#14855,#14856,#14857,#14858,#14859),
 .UNSPECIFIED.,.F.,.F.,(3,1,1,3),(-3.,-2.,-1.,0.),.UNSPECIFIED.);
#4788=B_SPLINE_CURVE_WITH_KNOTS('',2,(#14872,#14873,#14874,#14875,#14876),
 .UNSPECIFIED.,.F.,.F.,(3,1,1,3),(-3.,-2.,-1.,0.),.UNSPECIFIED.);
#4789=B_SPLINE_CURVE_WITH_KNOTS('',2,(#14889,#14890,#14891,#14892,#14893),
 .UNSPECIFIED.,.F.,.F.,(3,1,1,3),(-3.,-2.,-1.,0.),.UNSPECIFIED.);
#4790=B_SPLINE_CURVE_WITH_KNOTS('',2,(#14925,#14926,#14927,#14928,#14929),
 .UNSPECIFIED.,.F.,.F.,(3,1,1,3),(-3.,-2.,-1.,0.),.UNSPECIFIED.);
#4791=B_SPLINE_CURVE_WITH_KNOTS('',2,(#14933,#14934,#14935,#14936,#14937),
 .UNSPECIFIED.,.F.,.F.,(3,1,1,3),(-3.,-2.,-1.,0.),.UNSPECIFIED.);
#4792=B_SPLINE_CURVE_WITH_KNOTS('',2,(#14950,#14951,#14952,#14953,#14954),
 .UNSPECIFIED.,.F.,.F.,(3,1,1,3),(-3.,-2.,-1.,0.),.UNSPECIFIED.);
#4793=B_SPLINE_CURVE_WITH_KNOTS('',2,(#14957,#14958,#14959,#14960,#14961),
 .UNSPECIFIED.,.F.,.F.,(3,1,1,3),(-3.,-2.,-1.,0.),.UNSPECIFIED.);
#4794=B_SPLINE_CURVE_WITH_KNOTS('',2,(#14973,#14974,#14975,#14976,#14977),
 .UNSPECIFIED.,.F.,.F.,(3,1,1,3),(-3.,-2.,-1.,0.),.UNSPECIFIED.);
#4795=B_SPLINE_CURVE_WITH_KNOTS('',2,(#14980,#14981,#14982,#14983,#14984),
 .UNSPECIFIED.,.F.,.F.,(3,1,1,3),(-3.,-2.,-1.,0.),.UNSPECIFIED.);
#4796=B_SPLINE_CURVE_WITH_KNOTS('',2,(#14995,#14996,#14997,#14998,#14999),
 .UNSPECIFIED.,.F.,.F.,(3,1,1,3),(-3.,-2.,-1.,0.),.UNSPECIFIED.);
#4797=B_SPLINE_CURVE_WITH_KNOTS('',2,(#15000,#15001,#15002,#15003,#15004),
 .UNSPECIFIED.,.F.,.F.,(3,1,1,3),(-3.,-2.,-1.,0.),.UNSPECIFIED.);
#4798=B_SPLINE_CURVE_WITH_KNOTS('',2,(#15008,#15009,#15010,#15011,#15012),
 .UNSPECIFIED.,.F.,.F.,(3,1,1,3),(0.,1.,2.,3.),.UNSPECIFIED.);
#4799=B_SPLINE_CURVE_WITH_KNOTS('',2,(#15014,#15015,#15016,#15017,#15018),
 .UNSPECIFIED.,.F.,.F.,(3,1,1,3),(0.,1.,2.,3.),.UNSPECIFIED.);
#4800=B_SPLINE_CURVE_WITH_KNOTS('',2,(#15020,#15021,#15022,#15023,#15024),
 .UNSPECIFIED.,.F.,.F.,(3,1,1,3),(0.,1.,2.,3.),.UNSPECIFIED.);
#4801=B_SPLINE_CURVE_WITH_KNOTS('',2,(#15025,#15026,#15027,#15028,#15029),
 .UNSPECIFIED.,.F.,.F.,(3,1,1,3),(0.,1.,2.,3.),.UNSPECIFIED.);
#4802=B_SPLINE_CURVE_WITH_KNOTS('',2,(#15043,#15044,#15045,#15046,#15047),
 .UNSPECIFIED.,.F.,.F.,(3,1,1,3),(-3.,-2.,-1.,0.),.UNSPECIFIED.);
#4803=B_SPLINE_CURVE_WITH_KNOTS('',2,(#15060,#15061,#15062,#15063,#15064),
 .UNSPECIFIED.,.F.,.F.,(3,1,1,3),(-3.,-2.,-1.,0.),.UNSPECIFIED.);
#4804=B_SPLINE_CURVE_WITH_KNOTS('',2,(#15077,#15078,#15079,#15080,#15081),
 .UNSPECIFIED.,.F.,.F.,(3,1,1,3),(-3.,-2.,-1.,0.),.UNSPECIFIED.);
#4805=B_SPLINE_CURVE_WITH_KNOTS('',2,(#15093,#15094,#15095,#15096,#15097),
 .UNSPECIFIED.,.F.,.F.,(3,1,1,3),(-3.,-2.,-1.,0.),.UNSPECIFIED.);
#4806=B_SPLINE_CURVE_WITH_KNOTS('',3,(#17666,#17667,#17668,#17669,#17670,
#17671,#17672,#17673,#17674,#17675,#17676,#17677,#17678,#17679,#17680,#17681,
#17682,#17683,#17684),.UNSPECIFIED.,.F.,.F.,(4,2,2,2,3,2,2,2,4),(0.144874672979784,
0.146561690475219,0.157860553465261,0.169003990882563,0.180035859875352,
0.191067728868141,0.202211166285443,0.213510029275485,0.21519704677092),
 .UNSPECIFIED.);
#4807=B_SPLINE_CURVE_WITH_KNOTS('',3,(#17693,#17694,#17695,#17696,#17697,
#17698,#17699,#17700,#17701,#17702,#17703,#17704,#17705,#17706,#17707,#17708,
#17709,#17710,#17711),.UNSPECIFIED.,.F.,.F.,(4,2,2,2,3,2,2,2,4),(0.144874672979784,
0.146561690475219,0.157860553465261,0.169003990882563,0.180035859875352,
0.191067728868141,0.202211166285443,0.213510029275485,0.21519704677092),
 .UNSPECIFIED.);
#4808=B_SPLINE_CURVE_WITH_KNOTS('',3,(#17722,#17723,#17724,#17725,#17726,
#17727,#17728,#17729,#17730,#17731,#17732,#17733,#17734,#17735,#17736,#17737,
#17738,#17739,#17740),.UNSPECIFIED.,.F.,.F.,(4,2,2,2,3,2,2,2,4),(0.144874672979784,
0.146561690475218,0.157860553465261,0.169003990882562,0.180035859875351,
0.191067728868141,0.202211166285442,0.213510029275485,0.215197046770919),
 .UNSPECIFIED.);
#4809=B_SPLINE_CURVE_WITH_KNOTS('',3,(#17753,#17754,#17755,#17756,#17757,
#17758,#17759,#17760,#17761,#17762,#17763,#17764,#17765,#17766,#17767,#17768,
#17769,#17770,#17771),.UNSPECIFIED.,.F.,.F.,(4,2,2,2,3,2,2,2,4),(0.144874672979784,
0.146561690475218,0.157860553465261,0.169003990882562,0.180035859875351,
0.191067728868141,0.202211166285442,0.213510029275485,0.215197046770919),
 .UNSPECIFIED.);
#4810=B_SPLINE_CURVE_WITH_KNOTS('',3,(#17774,#17775,#17776,#17777,#17778,
#17779,#17780,#17781,#17782,#17783,#17784,#17785,#17786,#17787,#17788,#17789,
#17790,#17791),.UNSPECIFIED.,.F.,.F.,(4,2,2,2,2,2,2,2,4),(0.,0.0189710857849941,
0.0379421715699882,0.0569069741516786,0.075871776733369,0.0948365793150594,
0.11380138189675,0.132772467681744,0.151743553466738),.UNSPECIFIED.);
#4811=B_SPLINE_CURVE_WITH_KNOTS('',3,(#17792,#17793,#17794,#17795,#17796,
#17797,#17798,#17799,#17800,#17801,#17802,#17803,#17804,#17805,#17806,#17807,
#17808,#17809),.UNSPECIFIED.,.F.,.F.,(4,2,2,2,2,2,2,2,4),(-0.151173031313643,
-0.132275720817884,-0.113378410322125,-0.0944824629894732,-0.0755865156568215,
-0.0566905683241699,-0.0377946209915182,-0.0188973104957591,0.),
 .UNSPECIFIED.);
#4812=B_SPLINE_CURVE_WITH_KNOTS('',3,(#17811,#17812,#17813,#17814,#17815,
#17816,#17817,#17818,#17819,#17820,#17821,#17822,#17823,#17824,#17825,#17826,
#17827,#17828),.UNSPECIFIED.,.F.,.F.,(4,2,2,2,2,2,2,2,4),(-0.151743553466738,
-0.132772467681744,-0.11380138189675,-0.0948365793150594,-0.075871776733369,
-0.0569069741516786,-0.0379421715699882,-0.0189710857849941,0.),
 .UNSPECIFIED.);
#4813=B_SPLINE_CURVE_WITH_KNOTS('',3,(#17829,#17830,#17831,#17832,#17833,
#17834,#17835,#17836,#17837,#17838,#17839,#17840,#17841,#17842,#17843,#17844,
#17845,#17846),.UNSPECIFIED.,.F.,.F.,(4,2,2,2,2,2,2,2,4),(0.,0.0188973104957591,
0.0377946209915182,0.0566905683241698,0.0755865156568215,0.0944824629894731,
0.113378410322125,0.132275720817884,0.151173031313643),.UNSPECIFIED.);
#4814=B_SPLINE_CURVE_WITH_KNOTS('',3,(#17854,#17855,#17856,#17857,#17858,
#17859,#17860,#17861,#17862,#17863,#17864,#17865,#17866,#17867,#17868),
 .UNSPECIFIED.,.F.,.F.,(4,2,2,3,2,2,4),(-0.0239521551245069,-0.0221753064100905,
-0.011031868992789,0.,0.0110318689927891,0.0221753064100905,0.0239521551245068),
 .UNSPECIFIED.);
#4815=B_SPLINE_CURVE_WITH_KNOTS('',3,(#17881,#17882,#17883,#17884,#17885,
#17886,#17887,#17888,#17889,#17890,#17891,#17892,#17893,#17894,#17895),
 .UNSPECIFIED.,.F.,.F.,(4,2,2,3,2,2,4),(-0.0239521551245068,-0.0221753064100905,
-0.0110318689927891,0.,0.0110318689927891,0.0221753064100905,0.0239521551245069),
 .UNSPECIFIED.);
#4816=B_SPLINE_CURVE_WITH_KNOTS('',3,(#17907,#17908,#17909,#17910,#17911,
#17912,#17913,#17914,#17915,#17916,#17917,#17918,#17919,#17920,#17921),
 .UNSPECIFIED.,.F.,.F.,(4,2,2,3,2,2,4),(-0.0239521551245069,-0.0221753064100905,
-0.0110318689927891,0.,0.0110318689927891,0.0221753064100905,0.0239521551245068),
 .UNSPECIFIED.);
#4817=B_SPLINE_CURVE_WITH_KNOTS('',3,(#17923,#17924,#17925,#17926,#17927,
#17928,#17929,#17930,#17931,#17932,#17933,#17934,#17935,#17936,#17937,#17938,
#17939,#17940),.UNSPECIFIED.,.F.,.F.,(4,2,2,2,2,2,2,2,4),(-0.151743553466738,
-0.132772467681744,-0.11380138189675,-0.0948365793150594,-0.075871776733369,
-0.0569069741516786,-0.0379421715699882,-0.0189710857849941,0.),
 .UNSPECIFIED.);
#4818=B_SPLINE_CURVE_WITH_KNOTS('',3,(#17942,#17943,#17944,#17945,#17946,
#17947,#17948,#17949,#17950,#17951),.UNSPECIFIED.,.F.,.F.,(4,2,2,2,4),(0.0755661764094423,
0.0944571457451935,0.113348115080945,0.132240233949915,0.151132352818885),
 .UNSPECIFIED.);
#4819=B_SPLINE_CURVE_WITH_KNOTS('',3,(#17952,#17953,#17954,#17955,#17956,
#17957,#17958,#17959,#17960,#17961),.UNSPECIFIED.,.F.,.F.,(4,2,2,2,4),(0.,
0.01889211886897,0.0377842377379399,0.0566752070736911,0.0755661764094423),
 .UNSPECIFIED.);
#4820=B_SPLINE_CURVE_WITH_KNOTS('',3,(#17967,#17968,#17969,#17970,#17971,
#17972,#17973,#17974,#17975,#17976,#17977,#17978,#17979,#17980,#17981),
 .UNSPECIFIED.,.F.,.F.,(4,2,2,3,2,2,4),(-0.0239521551245068,-0.0221753064100905,
-0.011031868992789,0.,0.0110318689927891,0.0221753064100905,0.0239521551245069),
 .UNSPECIFIED.);
#4821=B_SPLINE_CURVE_WITH_KNOTS('',3,(#17989,#17990,#17991,#17992,#17993,
#17994,#17995,#17996,#17997,#17998),.UNSPECIFIED.,.F.,.F.,(4,2,2,2,4),(-0.0755661764094424,
-0.0566752070736911,-0.0377842377379399,-0.01889211886897,0.),
 .UNSPECIFIED.);
#4822=B_SPLINE_CURVE_WITH_KNOTS('',3,(#17999,#18000,#18001,#18002,#18003,
#18004,#18005,#18006,#18007,#18008),.UNSPECIFIED.,.F.,.F.,(4,2,2,2,4),(-0.151132352818885,
-0.132240233949915,-0.113348115080945,-0.0944571457451935,-0.0755661764094424),
 .UNSPECIFIED.);
#4823=B_SPLINE_CURVE_WITH_KNOTS('',3,(#18009,#18010,#18011,#18012,#18013,
#18014,#18015,#18016,#18017,#18018,#18019,#18020,#18021,#18022,#18023,#18024,
#18025,#18026),.UNSPECIFIED.,.F.,.F.,(4,2,2,2,2,2,2,2,4),(0.,0.0189710857849941,
0.0379421715699882,0.0569069741516786,0.075871776733369,0.0948365793150594,
0.11380138189675,0.132772467681744,0.151743553466738),.UNSPECIFIED.);
#4824=VERTEX_POINT('',#14532);
#4825=VERTEX_POINT('',#14533);
#4826=VERTEX_POINT('',#14539);
#4827=VERTEX_POINT('',#14541);
#4828=VERTEX_POINT('',#14558);
#4829=VERTEX_POINT('',#14564);
#4830=VERTEX_POINT('',#14581);
#4831=VERTEX_POINT('',#14587);
#4832=VERTEX_POINT('',#14615);
#4833=VERTEX_POINT('',#14616);
#4834=VERTEX_POINT('',#14622);
#4835=VERTEX_POINT('',#14628);
#4836=VERTEX_POINT('',#14649);
#4837=VERTEX_POINT('',#14651);
#4838=VERTEX_POINT('',#14668);
#4839=VERTEX_POINT('',#14685);
#4840=VERTEX_POINT('',#14708);
#4841=VERTEX_POINT('',#14709);
#4842=VERTEX_POINT('',#14711);
#4843=VERTEX_POINT('',#14713);
#4844=VERTEX_POINT('',#14718);
#4845=VERTEX_POINT('',#14724);
#4846=VERTEX_POINT('',#14730);
#4847=VERTEX_POINT('',#14736);
#4848=VERTEX_POINT('',#14738);
#4849=VERTEX_POINT('',#14744);
#4850=VERTEX_POINT('',#14750);
#4851=VERTEX_POINT('',#14756);
#4852=VERTEX_POINT('',#14758);
#4853=VERTEX_POINT('',#14760);
#4854=VERTEX_POINT('',#14762);
#4855=VERTEX_POINT('',#14766);
#4856=VERTEX_POINT('',#14768);
#4857=VERTEX_POINT('',#14772);
#4858=VERTEX_POINT('',#14783);
#4859=VERTEX_POINT('',#14799);
#4860=VERTEX_POINT('',#14816);
#4861=VERTEX_POINT('',#14833);
#4862=VERTEX_POINT('',#14841);
#4863=VERTEX_POINT('',#14854);
#4864=VERTEX_POINT('',#14871);
#4865=VERTEX_POINT('',#14888);
#4866=VERTEX_POINT('',#14896);
#4867=VERTEX_POINT('',#14900);
#4868=VERTEX_POINT('',#14904);
#4869=VERTEX_POINT('',#14908);
#4870=VERTEX_POINT('',#14923);
#4871=VERTEX_POINT('',#14924);
#4872=VERTEX_POINT('',#14930);
#4873=VERTEX_POINT('',#14932);
#4874=VERTEX_POINT('',#14949);
#4875=VERTEX_POINT('',#14955);
#4876=VERTEX_POINT('',#14972);
#4877=VERTEX_POINT('',#14978);
#4878=VERTEX_POINT('',#15006);
#4879=VERTEX_POINT('',#15007);
#4880=VERTEX_POINT('',#15013);
#4881=VERTEX_POINT('',#15019);
#4882=VERTEX_POINT('',#15040);
#4883=VERTEX_POINT('',#15042);
#4884=VERTEX_POINT('',#15059);
#4885=VERTEX_POINT('',#15076);
#4886=VERTEX_POINT('',#15099);
#4887=VERTEX_POINT('',#15100);
#4888=VERTEX_POINT('',#15102);
#4889=VERTEX_POINT('',#15104);
#4890=VERTEX_POINT('',#15106);
#4891=VERTEX_POINT('',#15108);
#4892=VERTEX_POINT('',#15110);
#4893=VERTEX_POINT('',#15114);
#4894=VERTEX_POINT('',#15116);
#4895=VERTEX_POINT('',#15120);
#4896=VERTEX_POINT('',#15124);
#4897=VERTEX_POINT('',#15128);
#4898=VERTEX_POINT('',#15132);
#4899=VERTEX_POINT('',#15136);
#4900=VERTEX_POINT('',#15142);
#4901=VERTEX_POINT('',#15143);
#4902=VERTEX_POINT('',#15145);
#4903=VERTEX_POINT('',#15147);
#4904=VERTEX_POINT('',#15149);
#4905=VERTEX_POINT('',#15151);
#4906=VERTEX_POINT('',#15153);
#4907=VERTEX_POINT('',#15155);
#4908=VERTEX_POINT('',#15160);
#4909=VERTEX_POINT('',#15161);
#4910=VERTEX_POINT('',#15163);
#4911=VERTEX_POINT('',#15165);
#4912=VERTEX_POINT('',#15169);
#4913=VERTEX_POINT('',#15171);
#4914=VERTEX_POINT('',#15175);
#4915=VERTEX_POINT('',#15176);
#4916=VERTEX_POINT('',#15181);
#4917=VERTEX_POINT('',#15183);
#4918=VERTEX_POINT('',#15187);
#4919=VERTEX_POINT('',#15188);
#4920=VERTEX_POINT('',#15193);
#4921=VERTEX_POINT('',#15195);
#4922=VERTEX_POINT('',#15199);
#4923=VERTEX_POINT('',#15200);
#4924=VERTEX_POINT('',#15205);
#4925=VERTEX_POINT('',#15207);
#4926=VERTEX_POINT('',#15211);
#4927=VERTEX_POINT('',#15212);
#4928=VERTEX_POINT('',#15217);
#4929=VERTEX_POINT('',#15219);
#4930=VERTEX_POINT('',#15223);
#4931=VERTEX_POINT('',#15224);
#4932=VERTEX_POINT('',#15229);
#4933=VERTEX_POINT('',#15231);
#4934=VERTEX_POINT('',#15235);
#4935=VERTEX_POINT('',#15236);
#4936=VERTEX_POINT('',#15241);
#4937=VERTEX_POINT('',#15243);
#4938=VERTEX_POINT('',#15247);
#4939=VERTEX_POINT('',#15249);
#4940=VERTEX_POINT('',#15253);
#4941=VERTEX_POINT('',#15254);
#4942=VERTEX_POINT('',#15259);
#4943=VERTEX_POINT('',#15261);
#4944=VERTEX_POINT('',#15268);
#4945=VERTEX_POINT('',#15270);
#4946=VERTEX_POINT('',#15274);
#4947=VERTEX_POINT('',#15278);
#4948=VERTEX_POINT('',#15282);
#4949=VERTEX_POINT('',#15286);
#4950=VERTEX_POINT('',#15290);
#4951=VERTEX_POINT('',#15294);
#4952=VERTEX_POINT('',#15296);
#4953=VERTEX_POINT('',#15298);
#4954=VERTEX_POINT('',#15300);
#4955=VERTEX_POINT('',#15302);
#4956=VERTEX_POINT('',#15306);
#4957=VERTEX_POINT('',#15310);
#4958=VERTEX_POINT('',#15312);
#4959=VERTEX_POINT('',#15314);
#4960=VERTEX_POINT('',#15316);
#4961=VERTEX_POINT('',#15318);
#4962=VERTEX_POINT('',#15322);
#4963=VERTEX_POINT('',#15323);
#4964=VERTEX_POINT('',#15325);
#4965=VERTEX_POINT('',#15327);
#4966=VERTEX_POINT('',#15329);
#4967=VERTEX_POINT('',#15331);
#4968=VERTEX_POINT('',#15333);
#4969=VERTEX_POINT('',#15335);
#4970=VERTEX_POINT('',#15338);
#4971=VERTEX_POINT('',#15339);
#4972=VERTEX_POINT('',#15341);
#4973=VERTEX_POINT('',#15343);
#4974=VERTEX_POINT('',#15345);
#4975=VERTEX_POINT('',#15347);
#4976=VERTEX_POINT('',#15349);
#4977=VERTEX_POINT('',#15351);
#4978=VERTEX_POINT('',#15353);
#4979=VERTEX_POINT('',#15355);
#4980=VERTEX_POINT('',#15358);
#4981=VERTEX_POINT('',#15359);
#4982=VERTEX_POINT('',#15361);
#4983=VERTEX_POINT('',#15363);
#4984=VERTEX_POINT('',#15365);
#4985=VERTEX_POINT('',#15367);
#4986=VERTEX_POINT('',#15370);
#4987=VERTEX_POINT('',#15371);
#4988=VERTEX_POINT('',#15373);
#4989=VERTEX_POINT('',#15375);
#4990=VERTEX_POINT('',#15377);
#4991=VERTEX_POINT('',#15379);
#4992=VERTEX_POINT('',#15382);
#4993=VERTEX_POINT('',#15383);
#4994=VERTEX_POINT('',#15385);
#4995=VERTEX_POINT('',#15387);
#4996=VERTEX_POINT('',#15389);
#4997=VERTEX_POINT('',#15391);
#4998=VERTEX_POINT('',#15393);
#4999=VERTEX_POINT('',#15395);
#5000=VERTEX_POINT('',#15397);
#5001=VERTEX_POINT('',#15399);
#5002=VERTEX_POINT('',#15402);
#5003=VERTEX_POINT('',#15404);
#5004=VERTEX_POINT('',#15406);
#5005=VERTEX_POINT('',#15408);
#5006=VERTEX_POINT('',#15410);
#5007=VERTEX_POINT('',#15412);
#5008=VERTEX_POINT('',#15415);
#5009=VERTEX_POINT('',#15416);
#5010=VERTEX_POINT('',#15418);
#5011=VERTEX_POINT('',#15420);
#5012=VERTEX_POINT('',#15424);
#5013=VERTEX_POINT('',#15425);
#5014=VERTEX_POINT('',#15430);
#5015=VERTEX_POINT('',#15431);
#5016=VERTEX_POINT('',#15436);
#5017=VERTEX_POINT('',#15437);
#5018=VERTEX_POINT('',#15442);
#5019=VERTEX_POINT('',#15443);
#5020=VERTEX_POINT('',#15448);
#5021=VERTEX_POINT('',#15449);
#5022=VERTEX_POINT('',#15454);
#5023=VERTEX_POINT('',#15456);
#5024=VERTEX_POINT('',#15460);
#5025=VERTEX_POINT('',#15461);
#5026=VERTEX_POINT('',#15466);
#5027=VERTEX_POINT('',#15468);
#5028=VERTEX_POINT('',#15472);
#5029=VERTEX_POINT('',#15473);
#5030=VERTEX_POINT('',#15478);
#5031=VERTEX_POINT('',#15480);
#5032=VERTEX_POINT('',#15484);
#5033=VERTEX_POINT('',#15485);
#5034=VERTEX_POINT('',#15490);
#5035=VERTEX_POINT('',#15492);
#5036=VERTEX_POINT('',#15496);
#5037=VERTEX_POINT('',#15497);
#5038=VERTEX_POINT('',#15502);
#5039=VERTEX_POINT('',#15504);
#5040=VERTEX_POINT('',#15511);
#5041=VERTEX_POINT('',#15513);
#5042=VERTEX_POINT('',#15517);
#5043=VERTEX_POINT('',#15519);
#5044=VERTEX_POINT('',#15521);
#5045=VERTEX_POINT('',#15523);
#5046=VERTEX_POINT('',#15525);
#5047=VERTEX_POINT('',#15527);
#5048=VERTEX_POINT('',#15529);
#5049=VERTEX_POINT('',#15533);
#5050=VERTEX_POINT('',#15537);
#5051=VERTEX_POINT('',#15539);
#5052=VERTEX_POINT('',#15541);
#5053=VERTEX_POINT('',#15545);
#5054=VERTEX_POINT('',#15549);
#5055=VERTEX_POINT('',#15553);
#5056=VERTEX_POINT('',#15557);
#5057=VERTEX_POINT('',#15559);
#5058=VERTEX_POINT('',#15561);
#5059=VERTEX_POINT('',#15563);
#5060=VERTEX_POINT('',#15565);
#5061=VERTEX_POINT('',#15569);
#5062=VERTEX_POINT('',#15571);
#5063=VERTEX_POINT('',#15574);
#5064=VERTEX_POINT('',#15575);
#5065=VERTEX_POINT('',#15577);
#5066=VERTEX_POINT('',#15579);
#5067=VERTEX_POINT('',#15583);
#5068=VERTEX_POINT('',#15585);
#5069=VERTEX_POINT('',#15589);
#5070=VERTEX_POINT('',#15591);
#5071=VERTEX_POINT('',#15595);
#5072=VERTEX_POINT('',#15597);
#5073=VERTEX_POINT('',#15601);
#5074=VERTEX_POINT('',#15602);
#5075=VERTEX_POINT('',#15607);
#5076=VERTEX_POINT('',#15609);
#5077=VERTEX_POINT('',#15613);
#5078=VERTEX_POINT('',#15614);
#5079=VERTEX_POINT('',#15619);
#5080=VERTEX_POINT('',#15621);
#5081=VERTEX_POINT('',#15625);
#5082=VERTEX_POINT('',#15626);
#5083=VERTEX_POINT('',#15631);
#5084=VERTEX_POINT('',#15633);
#5085=VERTEX_POINT('',#15637);
#5086=VERTEX_POINT('',#15638);
#5087=VERTEX_POINT('',#15643);
#5088=VERTEX_POINT('',#15645);
#5089=VERTEX_POINT('',#15649);
#5090=VERTEX_POINT('',#15650);
#5091=VERTEX_POINT('',#15656);
#5092=VERTEX_POINT('',#15660);
#5093=VERTEX_POINT('',#15667);
#5094=VERTEX_POINT('',#15669);
#5095=VERTEX_POINT('',#15673);
#5096=VERTEX_POINT('',#15677);
#5097=VERTEX_POINT('',#15681);
#5098=VERTEX_POINT('',#15690);
#5099=VERTEX_POINT('',#15692);
#5100=VERTEX_POINT('',#15696);
#5101=VERTEX_POINT('',#15700);
#5102=VERTEX_POINT('',#15704);
#5103=VERTEX_POINT('',#15706);
#5104=VERTEX_POINT('',#15716);
#5105=VERTEX_POINT('',#15720);
#5106=VERTEX_POINT('',#15734);
#5107=VERTEX_POINT('',#15735);
#5108=VERTEX_POINT('',#15737);
#5109=VERTEX_POINT('',#15739);
#5110=VERTEX_POINT('',#15743);
#5111=VERTEX_POINT('',#15745);
#5112=VERTEX_POINT('',#15749);
#5113=VERTEX_POINT('',#15752);
#5114=VERTEX_POINT('',#15754);
#5115=VERTEX_POINT('',#15757);
#5116=VERTEX_POINT('',#15759);
#5117=VERTEX_POINT('',#15761);
#5118=VERTEX_POINT('',#15763);
#5119=VERTEX_POINT('',#15767);
#5120=VERTEX_POINT('',#15769);
#5121=VERTEX_POINT('',#15773);
#5122=VERTEX_POINT('',#15775);
#5123=VERTEX_POINT('',#15777);
#5124=VERTEX_POINT('',#15779);
#5125=VERTEX_POINT('',#15787);
#5126=VERTEX_POINT('',#15791);
#5127=VERTEX_POINT('',#15797);
#5128=VERTEX_POINT('',#15799);
#5129=VERTEX_POINT('',#15803);
#5130=VERTEX_POINT('',#15807);
#5131=VERTEX_POINT('',#15810);
#5132=VERTEX_POINT('',#15812);
#5133=VERTEX_POINT('',#15819);
#5134=VERTEX_POINT('',#15823);
#5135=VERTEX_POINT('',#15833);
#5136=VERTEX_POINT('',#15837);
#5137=VERTEX_POINT('',#15843);
#5138=VERTEX_POINT('',#15845);
#5139=VERTEX_POINT('',#15849);
#5140=VERTEX_POINT('',#15853);
#5141=VERTEX_POINT('',#15855);
#5142=VERTEX_POINT('',#15857);
#5143=VERTEX_POINT('',#15866);
#5144=VERTEX_POINT('',#15868);
#5145=VERTEX_POINT('',#15870);
#5146=VERTEX_POINT('',#15872);
#5147=VERTEX_POINT('',#15874);
#5148=VERTEX_POINT('',#15882);
#5149=VERTEX_POINT('',#15884);
#5150=VERTEX_POINT('',#15888);
#5151=VERTEX_POINT('',#15892);
#5152=VERTEX_POINT('',#15898);
#5153=VERTEX_POINT('',#15900);
#5154=VERTEX_POINT('',#15904);
#5155=VERTEX_POINT('',#15906);
#5156=VERTEX_POINT('',#15922);
#5157=VERTEX_POINT('',#15924);
#5158=VERTEX_POINT('',#15929);
#5159=VERTEX_POINT('',#15931);
#5160=VERTEX_POINT('',#15936);
#5161=VERTEX_POINT('',#15938);
#5162=VERTEX_POINT('',#15943);
#5163=VERTEX_POINT('',#15945);
#5164=VERTEX_POINT('',#15950);
#5165=VERTEX_POINT('',#15956);
#5166=VERTEX_POINT('',#15962);
#5167=VERTEX_POINT('',#15963);
#5168=VERTEX_POINT('',#15968);
#5169=VERTEX_POINT('',#15972);
#5170=VERTEX_POINT('',#15976);
#5171=VERTEX_POINT('',#15980);
#5172=VERTEX_POINT('',#15982);
#5173=VERTEX_POINT('',#15986);
#5174=VERTEX_POINT('',#15990);
#5175=VERTEX_POINT('',#15994);
#5176=VERTEX_POINT('',#15998);
#5177=VERTEX_POINT('',#16002);
#5178=VERTEX_POINT('',#16004);
#5179=VERTEX_POINT('',#16006);
#5180=VERTEX_POINT('',#16009);
#5181=VERTEX_POINT('',#16014);
#5182=VERTEX_POINT('',#16016);
#5183=VERTEX_POINT('',#16019);
#5184=VERTEX_POINT('',#16024);
#5185=VERTEX_POINT('',#16026);
#5186=VERTEX_POINT('',#16030);
#5187=VERTEX_POINT('',#16033);
#5188=VERTEX_POINT('',#16035);
#5189=VERTEX_POINT('',#16039);
#5190=VERTEX_POINT('',#16042);
#5191=VERTEX_POINT('',#16044);
#5192=VERTEX_POINT('',#16048);
#5193=VERTEX_POINT('',#16051);
#5194=VERTEX_POINT('',#16053);
#5195=VERTEX_POINT('',#16057);
#5196=VERTEX_POINT('',#16060);
#5197=VERTEX_POINT('',#16061);
#5198=VERTEX_POINT('',#16063);
#5199=VERTEX_POINT('',#16065);
#5200=VERTEX_POINT('',#16067);
#5201=VERTEX_POINT('',#16072);
#5202=VERTEX_POINT('',#16075);
#5203=VERTEX_POINT('',#16077);
#5204=VERTEX_POINT('',#16081);
#5205=VERTEX_POINT('',#16083);
#5206=VERTEX_POINT('',#16087);
#5207=VERTEX_POINT('',#16089);
#5208=VERTEX_POINT('',#16093);
#5209=VERTEX_POINT('',#16096);
#5210=VERTEX_POINT('',#16100);
#5211=VERTEX_POINT('',#16103);
#5212=VERTEX_POINT('',#16105);
#5213=VERTEX_POINT('',#16109);
#5214=VERTEX_POINT('',#16111);
#5215=VERTEX_POINT('',#16115);
#5216=VERTEX_POINT('',#16117);
#5217=VERTEX_POINT('',#16119);
#5218=VERTEX_POINT('',#16124);
#5219=VERTEX_POINT('',#16127);
#5220=VERTEX_POINT('',#16129);
#5221=VERTEX_POINT('',#16133);
#5222=VERTEX_POINT('',#16135);
#5223=VERTEX_POINT('',#16139);
#5224=VERTEX_POINT('',#16140);
#5225=VERTEX_POINT('',#16142);
#5226=VERTEX_POINT('',#16144);
#5227=VERTEX_POINT('',#16149);
#5228=VERTEX_POINT('',#16152);
#5229=VERTEX_POINT('',#16154);
#5230=VERTEX_POINT('',#16158);
#5231=VERTEX_POINT('',#16160);
#5232=VERTEX_POINT('',#16164);
#5233=VERTEX_POINT('',#16166);
#5234=VERTEX_POINT('',#16235);
#5235=VERTEX_POINT('',#16236);
#5236=VERTEX_POINT('',#16238);
#5237=VERTEX_POINT('',#16240);
#5238=VERTEX_POINT('',#16244);
#5239=VERTEX_POINT('',#16245);
#5240=VERTEX_POINT('',#16247);
#5241=VERTEX_POINT('',#16249);
#5242=VERTEX_POINT('',#16251);
#5243=VERTEX_POINT('',#16253);
#5244=VERTEX_POINT('',#16256);
#5245=VERTEX_POINT('',#16258);
#5246=VERTEX_POINT('',#16260);
#5247=VERTEX_POINT('',#16262);
#5248=VERTEX_POINT('',#16264);
#5249=VERTEX_POINT('',#16266);
#5250=VERTEX_POINT('',#16272);
#5251=VERTEX_POINT('',#16273);
#5252=VERTEX_POINT('',#16275);
#5253=VERTEX_POINT('',#16280);
#5254=VERTEX_POINT('',#16282);
#5255=VERTEX_POINT('',#16286);
#5256=VERTEX_POINT('',#16288);
#5257=VERTEX_POINT('',#16292);
#5258=VERTEX_POINT('',#16294);
#5259=VERTEX_POINT('',#16298);
#5260=VERTEX_POINT('',#16303);
#5261=VERTEX_POINT('',#16307);
#5262=VERTEX_POINT('',#16311);
#5263=VERTEX_POINT('',#16312);
#5264=VERTEX_POINT('',#16314);
#5265=VERTEX_POINT('',#16316);
#5266=VERTEX_POINT('',#16320);
#5267=VERTEX_POINT('',#16321);
#5268=VERTEX_POINT('',#16323);
#5269=VERTEX_POINT('',#16325);
#5270=VERTEX_POINT('',#16327);
#5271=VERTEX_POINT('',#16329);
#5272=VERTEX_POINT('',#16332);
#5273=VERTEX_POINT('',#16334);
#5274=VERTEX_POINT('',#16336);
#5275=VERTEX_POINT('',#16338);
#5276=VERTEX_POINT('',#16340);
#5277=VERTEX_POINT('',#16342);
#5278=VERTEX_POINT('',#16348);
#5279=VERTEX_POINT('',#16349);
#5280=VERTEX_POINT('',#16351);
#5281=VERTEX_POINT('',#16356);
#5282=VERTEX_POINT('',#16358);
#5283=VERTEX_POINT('',#16362);
#5284=VERTEX_POINT('',#16364);
#5285=VERTEX_POINT('',#16368);
#5286=VERTEX_POINT('',#16370);
#5287=VERTEX_POINT('',#16374);
#5288=VERTEX_POINT('',#16379);
#5289=VERTEX_POINT('',#16383);
#5290=VERTEX_POINT('',#16387);
#5291=VERTEX_POINT('',#16388);
#5292=VERTEX_POINT('',#16390);
#5293=VERTEX_POINT('',#16392);
#5294=VERTEX_POINT('',#16396);
#5295=VERTEX_POINT('',#16397);
#5296=VERTEX_POINT('',#16399);
#5297=VERTEX_POINT('',#16401);
#5298=VERTEX_POINT('',#16403);
#5299=VERTEX_POINT('',#16405);
#5300=VERTEX_POINT('',#16408);
#5301=VERTEX_POINT('',#16410);
#5302=VERTEX_POINT('',#16412);
#5303=VERTEX_POINT('',#16414);
#5304=VERTEX_POINT('',#16416);
#5305=VERTEX_POINT('',#16418);
#5306=VERTEX_POINT('',#16424);
#5307=VERTEX_POINT('',#16425);
#5308=VERTEX_POINT('',#16427);
#5309=VERTEX_POINT('',#16432);
#5310=VERTEX_POINT('',#16434);
#5311=VERTEX_POINT('',#16438);
#5312=VERTEX_POINT('',#16440);
#5313=VERTEX_POINT('',#16444);
#5314=VERTEX_POINT('',#16446);
#5315=VERTEX_POINT('',#16450);
#5316=VERTEX_POINT('',#16455);
#5317=VERTEX_POINT('',#16459);
#5318=VERTEX_POINT('',#16463);
#5319=VERTEX_POINT('',#16464);
#5320=VERTEX_POINT('',#16466);
#5321=VERTEX_POINT('',#16468);
#5322=VERTEX_POINT('',#16472);
#5323=VERTEX_POINT('',#16473);
#5324=VERTEX_POINT('',#16475);
#5325=VERTEX_POINT('',#16477);
#5326=VERTEX_POINT('',#16479);
#5327=VERTEX_POINT('',#16481);
#5328=VERTEX_POINT('',#16484);
#5329=VERTEX_POINT('',#16486);
#5330=VERTEX_POINT('',#16488);
#5331=VERTEX_POINT('',#16490);
#5332=VERTEX_POINT('',#16492);
#5333=VERTEX_POINT('',#16494);
#5334=VERTEX_POINT('',#16500);
#5335=VERTEX_POINT('',#16501);
#5336=VERTEX_POINT('',#16503);
#5337=VERTEX_POINT('',#16508);
#5338=VERTEX_POINT('',#16510);
#5339=VERTEX_POINT('',#16514);
#5340=VERTEX_POINT('',#16516);
#5341=VERTEX_POINT('',#16520);
#5342=VERTEX_POINT('',#16522);
#5343=VERTEX_POINT('',#16526);
#5344=VERTEX_POINT('',#16531);
#5345=VERTEX_POINT('',#16535);
#5346=VERTEX_POINT('',#16539);
#5347=VERTEX_POINT('',#16540);
#5348=VERTEX_POINT('',#16542);
#5349=VERTEX_POINT('',#16544);
#5350=VERTEX_POINT('',#16548);
#5351=VERTEX_POINT('',#16549);
#5352=VERTEX_POINT('',#16551);
#5353=VERTEX_POINT('',#16553);
#5354=VERTEX_POINT('',#16555);
#5355=VERTEX_POINT('',#16557);
#5356=VERTEX_POINT('',#16560);
#5357=VERTEX_POINT('',#16562);
#5358=VERTEX_POINT('',#16564);
#5359=VERTEX_POINT('',#16566);
#5360=VERTEX_POINT('',#16568);
#5361=VERTEX_POINT('',#16570);
#5362=VERTEX_POINT('',#16576);
#5363=VERTEX_POINT('',#16577);
#5364=VERTEX_POINT('',#16579);
#5365=VERTEX_POINT('',#16584);
#5366=VERTEX_POINT('',#16586);
#5367=VERTEX_POINT('',#16590);
#5368=VERTEX_POINT('',#16592);
#5369=VERTEX_POINT('',#16596);
#5370=VERTEX_POINT('',#16598);
#5371=VERTEX_POINT('',#16602);
#5372=VERTEX_POINT('',#16607);
#5373=VERTEX_POINT('',#16611);
#5374=VERTEX_POINT('',#16615);
#5375=VERTEX_POINT('',#16617);
#5376=VERTEX_POINT('',#16621);
#5377=VERTEX_POINT('',#16626);
#5378=VERTEX_POINT('',#16628);
#5379=VERTEX_POINT('',#16632);
#5380=VERTEX_POINT('',#16637);
#5381=VERTEX_POINT('',#16639);
#5382=VERTEX_POINT('',#16643);
#5383=VERTEX_POINT('',#16648);
#5384=VERTEX_POINT('',#16650);
#5385=VERTEX_POINT('',#16654);
#5386=VERTEX_POINT('',#16659);
#5387=VERTEX_POINT('',#16661);
#5388=VERTEX_POINT('',#16665);
#5389=VERTEX_POINT('',#16670);
#5390=VERTEX_POINT('',#16671);
#5391=VERTEX_POINT('',#16673);
#5392=VERTEX_POINT('',#16675);
#5393=VERTEX_POINT('',#16677);
#5394=VERTEX_POINT('',#16679);
#5395=VERTEX_POINT('',#16681);
#5396=VERTEX_POINT('',#16683);
#5397=VERTEX_POINT('',#16685);
#5398=VERTEX_POINT('',#16687);
#5399=VERTEX_POINT('',#16689);
#5400=VERTEX_POINT('',#16692);
#5401=VERTEX_POINT('',#16693);
#5402=VERTEX_POINT('',#16695);
#5403=VERTEX_POINT('',#16697);
#5404=VERTEX_POINT('',#16699);
#5405=VERTEX_POINT('',#16701);
#5406=VERTEX_POINT('',#16703);
#5407=VERTEX_POINT('',#16705);
#5408=VERTEX_POINT('',#16709);
#5409=VERTEX_POINT('',#16710);
#5410=VERTEX_POINT('',#16712);
#5411=VERTEX_POINT('',#16714);
#5412=VERTEX_POINT('',#16718);
#5413=VERTEX_POINT('',#16720);
#5414=VERTEX_POINT('',#16722);
#5415=VERTEX_POINT('',#16724);
#5416=VERTEX_POINT('',#16726);
#5417=VERTEX_POINT('',#16728);
#5418=VERTEX_POINT('',#16730);
#5419=VERTEX_POINT('',#16732);
#5420=VERTEX_POINT('',#16734);
#5421=VERTEX_POINT('',#16736);
#5422=VERTEX_POINT('',#16738);
#5423=VERTEX_POINT('',#16740);
#5424=VERTEX_POINT('',#16746);
#5425=VERTEX_POINT('',#16747);
#5426=VERTEX_POINT('',#16749);
#5427=VERTEX_POINT('',#16751);
#5428=VERTEX_POINT('',#16754);
#5429=VERTEX_POINT('',#16755);
#5430=VERTEX_POINT('',#16757);
#5431=VERTEX_POINT('',#16759);
#5432=VERTEX_POINT('',#16762);
#5433=VERTEX_POINT('',#16765);
#5434=VERTEX_POINT('',#16768);
#5435=VERTEX_POINT('',#16771);
#5436=VERTEX_POINT('',#16774);
#5437=VERTEX_POINT('',#16778);
#5438=VERTEX_POINT('',#16779);
#5439=VERTEX_POINT('',#16784);
#5440=VERTEX_POINT('',#16786);
#5441=VERTEX_POINT('',#16788);
#5442=VERTEX_POINT('',#16790);
#5443=VERTEX_POINT('',#16792);
#5444=VERTEX_POINT('',#16794);
#5445=VERTEX_POINT('',#16796);
#5446=VERTEX_POINT('',#16798);
#5447=VERTEX_POINT('',#16800);
#5448=VERTEX_POINT('',#16802);
#5449=VERTEX_POINT('',#16804);
#5450=VERTEX_POINT('',#16806);
#5451=VERTEX_POINT('',#16808);
#5452=VERTEX_POINT('',#16810);
#5453=VERTEX_POINT('',#16812);
#5454=VERTEX_POINT('',#16814);
#5455=VERTEX_POINT('',#16816);
#5456=VERTEX_POINT('',#16818);
#5457=VERTEX_POINT('',#16820);
#5458=VERTEX_POINT('',#16822);
#5459=VERTEX_POINT('',#16824);
#5460=VERTEX_POINT('',#16826);
#5461=VERTEX_POINT('',#16828);
#5462=VERTEX_POINT('',#16830);
#5463=VERTEX_POINT('',#16832);
#5464=VERTEX_POINT('',#16834);
#5465=VERTEX_POINT('',#16838);
#5466=VERTEX_POINT('',#16839);
#5467=VERTEX_POINT('',#16841);
#5468=VERTEX_POINT('',#16843);
#5469=VERTEX_POINT('',#16852);
#5470=VERTEX_POINT('',#16854);
#5471=VERTEX_POINT('',#16864);
#5472=VERTEX_POINT('',#16868);
#5473=VERTEX_POINT('',#16873);
#5474=VERTEX_POINT('',#16877);
#5475=VERTEX_POINT('',#16881);
#5476=VERTEX_POINT('',#16890);
#5477=VERTEX_POINT('',#16892);
#5478=VERTEX_POINT('',#16896);
#5479=VERTEX_POINT('',#16898);
#5480=VERTEX_POINT('',#16902);
#5481=VERTEX_POINT('',#16904);
#5482=VERTEX_POINT('',#16911);
#5483=VERTEX_POINT('',#16912);
#5484=VERTEX_POINT('',#16917);
#5485=VERTEX_POINT('',#16919);
#5486=VERTEX_POINT('',#16923);
#5487=VERTEX_POINT('',#16925);
#5488=VERTEX_POINT('',#16929);
#5489=VERTEX_POINT('',#16931);
#5490=VERTEX_POINT('',#16935);
#5491=VERTEX_POINT('',#16937);
#5492=VERTEX_POINT('',#16945);
#5493=VERTEX_POINT('',#16947);
#5494=VERTEX_POINT('',#16949);
#5495=VERTEX_POINT('',#16952);
#5496=VERTEX_POINT('',#16975);
#5497=VERTEX_POINT('',#16981);
#5498=VERTEX_POINT('',#16988);
#5499=VERTEX_POINT('',#16994);
#5500=VERTEX_POINT('',#17001);
#5501=VERTEX_POINT('',#17007);
#5502=VERTEX_POINT('',#17014);
#5503=VERTEX_POINT('',#17020);
#5504=VERTEX_POINT('',#17032);
#5505=VERTEX_POINT('',#17038);
#5506=VERTEX_POINT('',#17040);
#5507=VERTEX_POINT('',#17044);
#5508=VERTEX_POINT('',#17050);
#5509=VERTEX_POINT('',#17054);
#5510=VERTEX_POINT('',#17056);
#5511=VERTEX_POINT('',#17059);
#5512=VERTEX_POINT('',#17072);
#5513=VERTEX_POINT('',#17075);
#5514=VERTEX_POINT('',#17081);
#5515=VERTEX_POINT('',#17084);
#5516=VERTEX_POINT('',#17100);
#5517=VERTEX_POINT('',#17101);
#5518=VERTEX_POINT('',#17103);
#5519=VERTEX_POINT('',#17105);
#5520=VERTEX_POINT('',#17109);
#5521=VERTEX_POINT('',#17111);
#5522=VERTEX_POINT('',#17115);
#5523=VERTEX_POINT('',#17117);
#5524=VERTEX_POINT('',#17125);
#5525=VERTEX_POINT('',#17126);
#5526=VERTEX_POINT('',#17128);
#5527=VERTEX_POINT('',#17130);
#5528=VERTEX_POINT('',#17132);
#5529=VERTEX_POINT('',#17134);
#5530=VERTEX_POINT('',#17136);
#5531=VERTEX_POINT('',#17138);
#5532=VERTEX_POINT('',#17140);
#5533=VERTEX_POINT('',#17142);
#5534=VERTEX_POINT('',#17144);
#5535=VERTEX_POINT('',#17146);
#5536=VERTEX_POINT('',#17148);
#5537=VERTEX_POINT('',#17150);
#5538=VERTEX_POINT('',#17152);
#5539=VERTEX_POINT('',#17154);
#5540=VERTEX_POINT('',#17156);
#5541=VERTEX_POINT('',#17158);
#5542=VERTEX_POINT('',#17160);
#5543=VERTEX_POINT('',#17162);
#5544=VERTEX_POINT('',#17164);
#5545=VERTEX_POINT('',#17166);
#5546=VERTEX_POINT('',#17168);
#5547=VERTEX_POINT('',#17170);
#5548=VERTEX_POINT('',#17172);
#5549=VERTEX_POINT('',#17174);
#5550=VERTEX_POINT('',#17176);
#5551=VERTEX_POINT('',#17178);
#5552=VERTEX_POINT('',#17180);
#5553=VERTEX_POINT('',#17182);
#5554=VERTEX_POINT('',#17184);
#5555=VERTEX_POINT('',#17186);
#5556=VERTEX_POINT('',#17188);
#5557=VERTEX_POINT('',#17190);
#5558=VERTEX_POINT('',#17192);
#5559=VERTEX_POINT('',#17194);
#5560=VERTEX_POINT('',#17196);
#5561=VERTEX_POINT('',#17198);
#5562=VERTEX_POINT('',#17200);
#5563=VERTEX_POINT('',#17202);
#5564=VERTEX_POINT('',#17204);
#5565=VERTEX_POINT('',#17206);
#5566=VERTEX_POINT('',#17208);
#5567=VERTEX_POINT('',#17210);
#5568=VERTEX_POINT('',#17213);
#5569=VERTEX_POINT('',#17216);
#5570=VERTEX_POINT('',#17217);
#5571=VERTEX_POINT('',#17219);
#5572=VERTEX_POINT('',#17221);
#5573=VERTEX_POINT('',#17225);
#5574=VERTEX_POINT('',#17226);
#5575=VERTEX_POINT('',#17231);
#5576=VERTEX_POINT('',#17233);
#5577=VERTEX_POINT('',#17237);
#5578=VERTEX_POINT('',#17239);
#5579=VERTEX_POINT('',#17243);
#5580=VERTEX_POINT('',#17245);
#5581=VERTEX_POINT('',#17249);
#5582=VERTEX_POINT('',#17251);
#5583=VERTEX_POINT('',#17255);
#5584=VERTEX_POINT('',#17257);
#5585=VERTEX_POINT('',#17262);
#5586=VERTEX_POINT('',#17264);
#5587=VERTEX_POINT('',#17269);
#5588=VERTEX_POINT('',#17270);
#5589=VERTEX_POINT('',#17275);
#5590=VERTEX_POINT('',#17277);
#5591=VERTEX_POINT('',#17281);
#5592=VERTEX_POINT('',#17283);
#5593=VERTEX_POINT('',#17287);
#5594=VERTEX_POINT('',#17288);
#5595=VERTEX_POINT('',#17293);
#5596=VERTEX_POINT('',#17295);
#5597=VERTEX_POINT('',#17299);
#5598=VERTEX_POINT('',#17301);
#5599=VERTEX_POINT('',#17305);
#5600=VERTEX_POINT('',#17306);
#5601=VERTEX_POINT('',#17311);
#5602=VERTEX_POINT('',#17313);
#5603=VERTEX_POINT('',#17317);
#5604=VERTEX_POINT('',#17319);
#5605=VERTEX_POINT('',#17323);
#5606=VERTEX_POINT('',#17324);
#5607=VERTEX_POINT('',#17329);
#5608=VERTEX_POINT('',#17331);
#5609=VERTEX_POINT('',#17335);
#5610=VERTEX_POINT('',#17337);
#5611=VERTEX_POINT('',#17341);
#5612=VERTEX_POINT('',#17342);
#5613=VERTEX_POINT('',#17347);
#5614=VERTEX_POINT('',#17349);
#5615=VERTEX_POINT('',#17353);
#5616=VERTEX_POINT('',#17355);
#5617=VERTEX_POINT('',#17359);
#5618=VERTEX_POINT('',#17360);
#5619=VERTEX_POINT('',#17365);
#5620=VERTEX_POINT('',#17367);
#5621=VERTEX_POINT('',#17371);
#5622=VERTEX_POINT('',#17373);
#5623=VERTEX_POINT('',#17377);
#5624=VERTEX_POINT('',#17378);
#5625=VERTEX_POINT('',#17383);
#5626=VERTEX_POINT('',#17385);
#5627=VERTEX_POINT('',#17389);
#5628=VERTEX_POINT('',#17391);
#5629=VERTEX_POINT('',#17395);
#5630=VERTEX_POINT('',#17396);
#5631=VERTEX_POINT('',#17401);
#5632=VERTEX_POINT('',#17403);
#5633=VERTEX_POINT('',#17407);
#5634=VERTEX_POINT('',#17409);
#5635=VERTEX_POINT('',#17413);
#5636=VERTEX_POINT('',#17414);
#5637=VERTEX_POINT('',#17419);
#5638=VERTEX_POINT('',#17421);
#5639=VERTEX_POINT('',#17425);
#5640=VERTEX_POINT('',#17427);
#5641=VERTEX_POINT('',#17431);
#5642=VERTEX_POINT('',#17433);
#5643=VERTEX_POINT('',#17437);
#5644=VERTEX_POINT('',#17439);
#5645=VERTEX_POINT('',#17464);
#5646=VERTEX_POINT('',#17468);
#5647=VERTEX_POINT('',#17497);
#5648=VERTEX_POINT('',#17499);
#5649=VERTEX_POINT('',#17501);
#5650=VERTEX_POINT('',#17511);
#5651=VERTEX_POINT('',#17517);
#5652=VERTEX_POINT('',#17523);
#5653=VERTEX_POINT('',#17531);
#5654=VERTEX_POINT('',#17532);
#5655=VERTEX_POINT('',#17534);
#5656=VERTEX_POINT('',#17536);
#5657=VERTEX_POINT('',#17538);
#5658=VERTEX_POINT('',#17540);
#5659=VERTEX_POINT('',#17544);
#5660=VERTEX_POINT('',#17548);
#5661=VERTEX_POINT('',#17550);
#5662=VERTEX_POINT('',#17552);
#5663=VERTEX_POINT('',#17556);
#5664=VERTEX_POINT('',#17562);
#5665=VERTEX_POINT('',#17563);
#5666=VERTEX_POINT('',#17565);
#5667=VERTEX_POINT('',#17567);
#5668=VERTEX_POINT('',#17569);
#5669=VERTEX_POINT('',#17571);
#5670=VERTEX_POINT('',#17573);
#5671=VERTEX_POINT('',#17578);
#5672=VERTEX_POINT('',#17584);
#5673=VERTEX_POINT('',#17585);
#5674=VERTEX_POINT('',#17593);
#5675=VERTEX_POINT('',#17595);
#5676=VERTEX_POINT('',#17600);
#5677=VERTEX_POINT('',#17605);
#5678=VERTEX_POINT('',#17609);
#5679=VERTEX_POINT('',#17610);
#5680=VERTEX_POINT('',#17612);
#5681=VERTEX_POINT('',#17621);
#5682=VERTEX_POINT('',#17623);
#5683=VERTEX_POINT('',#17628);
#5684=VERTEX_POINT('',#17630);
#5685=VERTEX_POINT('',#17638);
#5686=VERTEX_POINT('',#17643);
#5687=VERTEX_POINT('',#17658);
#5688=VERTEX_POINT('',#17659);
#5689=VERTEX_POINT('',#17661);
#5690=VERTEX_POINT('',#17663);
#5691=VERTEX_POINT('',#17665);
#5692=VERTEX_POINT('',#17687);
#5693=VERTEX_POINT('',#17688);
#5694=VERTEX_POINT('',#17690);
#5695=VERTEX_POINT('',#17692);
#5696=VERTEX_POINT('',#17712);
#5697=VERTEX_POINT('',#17716);
#5698=VERTEX_POINT('',#17717);
#5699=VERTEX_POINT('',#17719);
#5700=VERTEX_POINT('',#17721);
#5701=VERTEX_POINT('',#17741);
#5702=VERTEX_POINT('',#17745);
#5703=VERTEX_POINT('',#17746);
#5704=VERTEX_POINT('',#17748);
#5705=VERTEX_POINT('',#17750);
#5706=VERTEX_POINT('',#17752);
#5707=VERTEX_POINT('',#17848);
#5708=VERTEX_POINT('',#17849);
#5709=VERTEX_POINT('',#17851);
#5710=VERTEX_POINT('',#17853);
#5711=VERTEX_POINT('',#17869);
#5712=VERTEX_POINT('',#17873);
#5713=VERTEX_POINT('',#17874);
#5714=VERTEX_POINT('',#17876);
#5715=VERTEX_POINT('',#17878);
#5716=VERTEX_POINT('',#17880);
#5717=VERTEX_POINT('',#17898);
#5718=VERTEX_POINT('',#17899);
#5719=VERTEX_POINT('',#17901);
#5720=VERTEX_POINT('',#17903);
#5721=VERTEX_POINT('',#17905);
#5722=VERTEX_POINT('',#17941);
#5723=VERTEX_POINT('',#17963);
#5724=VERTEX_POINT('',#17964);
#5725=VERTEX_POINT('',#17966);
#5726=VERTEX_POINT('',#17982);
#5727=VERTEX_POINT('',#17984);
#5728=VERTEX_POINT('',#17988);
#5729=VERTEX_POINT('',#18029);
#5730=VERTEX_POINT('',#18033);
#5731=VERTEX_POINT('',#18037);
#5732=VERTEX_POINT('',#18054);
#5733=VERTEX_POINT('',#18056);
#5734=VERTEX_POINT('',#18067);
#5735=VERTEX_POINT('',#18073);
#5736=VERTEX_POINT('',#18075);
#5737=VERTEX_POINT('',#18077);
#5738=VERTEX_POINT('',#18081);
#5739=VERTEX_POINT('',#18082);
#5740=VERTEX_POINT('',#18087);
#5741=VERTEX_POINT('',#18090);
#5742=VERTEX_POINT('',#18095);
#5743=VERTEX_POINT('',#18096);
#5744=VERTEX_POINT('',#18099);
#5745=VERTEX_POINT('',#18103);
#5746=VERTEX_POINT('',#18104);
#5747=VERTEX_POINT('',#18106);
#5748=VERTEX_POINT('',#18108);
#5749=VERTEX_POINT('',#18110);
#5750=VERTEX_POINT('',#18112);
#5751=VERTEX_POINT('',#18118);
#5752=VERTEX_POINT('',#18119);
#5753=VERTEX_POINT('',#18126);
#5754=VERTEX_POINT('',#18132);
#5755=VERTEX_POINT('',#18138);
#5756=VERTEX_POINT('',#18144);
#5757=VERTEX_POINT('',#18148);
#5758=VERTEX_POINT('',#18158);
#5759=EDGE_CURVE('',#4824,#4825,#4760,.T.);
#5760=EDGE_CURVE('',#4825,#4826,#2536,.T.);
#5761=EDGE_CURVE('',#4827,#4826,#4761,.T.);
#5762=EDGE_CURVE('',#4824,#4827,#2537,.T.);
#5763=EDGE_CURVE('',#4825,#4828,#4762,.T.);
#5764=EDGE_CURVE('',#4828,#4829,#2538,.T.);
#5765=EDGE_CURVE('',#4826,#4829,#4763,.T.);
#5766=EDGE_CURVE('',#4828,#4830,#4764,.T.);
#5767=EDGE_CURVE('',#4830,#4831,#2539,.T.);
#5768=EDGE_CURVE('',#4829,#4831,#4765,.T.);
#5769=EDGE_CURVE('',#4830,#4824,#4766,.T.);
#5770=EDGE_CURVE('',#4831,#4827,#4767,.T.);
#5771=EDGE_CURVE('',#4832,#4833,#4768,.T.);
#5772=EDGE_CURVE('',#4833,#4834,#4769,.T.);
#5773=EDGE_CURVE('',#4834,#4835,#4770,.T.);
#5774=EDGE_CURVE('',#4835,#4832,#4771,.T.);
#5775=EDGE_CURVE('',#4832,#4836,#2540,.T.);
#5776=EDGE_CURVE('',#4837,#4836,#4772,.T.);
#5777=EDGE_CURVE('',#4833,#4837,#2541,.T.);
#5778=EDGE_CURVE('',#4838,#4837,#4773,.T.);
#5779=EDGE_CURVE('',#4834,#4838,#2542,.T.);
#5780=EDGE_CURVE('',#4839,#4838,#4774,.T.);
#5781=EDGE_CURVE('',#4835,#4839,#2543,.T.);
#5782=EDGE_CURVE('',#4836,#4839,#4775,.T.);
#5783=EDGE_CURVE('',#4840,#4841,#2544,.T.);
#5784=EDGE_CURVE('',#4841,#4842,#2545,.T.);
#5785=EDGE_CURVE('',#4842,#4843,#4776,.T.);
#5786=EDGE_CURVE('',#4843,#4844,#4777,.T.);
#5787=EDGE_CURVE('',#4844,#4845,#4778,.T.);
#5788=EDGE_CURVE('',#4845,#4846,#4779,.T.);
#5789=EDGE_CURVE('',#4846,#4847,#2546,.T.);
#5790=EDGE_CURVE('',#4847,#4848,#4780,.T.);
#5791=EDGE_CURVE('',#4848,#4849,#4781,.T.);
#5792=EDGE_CURVE('',#4849,#4850,#4782,.T.);
#5793=EDGE_CURVE('',#4850,#4851,#2547,.T.);
#5794=EDGE_CURVE('',#4851,#4852,#2548,.T.);
#5795=EDGE_CURVE('',#4852,#4853,#2549,.T.);
#5796=EDGE_CURVE('',#4853,#4854,#2550,.T.);
#5797=EDGE_CURVE('',#4854,#4840,#2551,.T.);
#5798=EDGE_CURVE('',#4840,#4855,#2552,.T.);
#5799=EDGE_CURVE('',#4856,#4855,#2553,.T.);
#5800=EDGE_CURVE('',#4841,#4856,#2554,.T.);
#5801=EDGE_CURVE('',#4857,#4856,#2555,.T.);
#5802=EDGE_CURVE('',#4842,#4857,#2556,.T.);
#5803=EDGE_CURVE('',#4858,#4857,#4783,.T.);
#5804=EDGE_CURVE('',#4843,#4858,#2557,.T.);
#5805=EDGE_CURVE('',#4859,#4858,#4784,.T.);
#5806=EDGE_CURVE('',#4844,#4859,#2558,.T.);
#5807=EDGE_CURVE('',#4860,#4859,#4785,.T.);
#5808=EDGE_CURVE('',#4845,#4860,#2559,.T.);
#5809=EDGE_CURVE('',#4861,#4860,#4786,.T.);
#5810=EDGE_CURVE('',#4846,#4861,#2560,.T.);
#5811=EDGE_CURVE('',#4862,#4861,#2561,.T.);
#5812=EDGE_CURVE('',#4847,#4862,#2562,.T.);
#5813=EDGE_CURVE('',#4863,#4862,#4787,.T.);
#5814=EDGE_CURVE('',#4848,#4863,#2563,.T.);
#5815=EDGE_CURVE('',#4864,#4863,#4788,.T.);
#5816=EDGE_CURVE('',#4849,#4864,#2564,.T.);
#5817=EDGE_CURVE('',#4865,#4864,#4789,.T.);
#5818=EDGE_CURVE('',#4850,#4865,#2565,.T.);
#5819=EDGE_CURVE('',#4866,#4865,#2566,.T.);
#5820=EDGE_CURVE('',#4851,#4866,#2567,.T.);
#5821=EDGE_CURVE('',#4867,#4866,#2568,.T.);
#5822=EDGE_CURVE('',#4852,#4867,#2569,.T.);
#5823=EDGE_CURVE('',#4868,#4867,#2570,.T.);
#5824=EDGE_CURVE('',#4853,#4868,#2571,.T.);
#5825=EDGE_CURVE('',#4869,#4868,#2572,.T.);
#5826=EDGE_CURVE('',#4854,#4869,#2573,.T.);
#5827=EDGE_CURVE('',#4855,#4869,#2574,.T.);
#5828=EDGE_CURVE('',#4870,#4871,#4790,.T.);
#5829=EDGE_CURVE('',#4871,#4872,#2575,.T.);
#5830=EDGE_CURVE('',#4873,#4872,#4791,.T.);
#5831=EDGE_CURVE('',#4870,#4873,#2576,.T.);
#5832=EDGE_CURVE('',#4871,#4874,#4792,.T.);
#5833=EDGE_CURVE('',#4874,#4875,#2577,.T.);
#5834=EDGE_CURVE('',#4872,#4875,#4793,.T.);
#5835=EDGE_CURVE('',#4874,#4876,#4794,.T.);
#5836=EDGE_CURVE('',#4876,#4877,#2578,.T.);
#5837=EDGE_CURVE('',#4875,#4877,#4795,.T.);
#5838=EDGE_CURVE('',#4876,#4870,#4796,.T.);
#5839=EDGE_CURVE('',#4877,#4873,#4797,.T.);
#5840=EDGE_CURVE('',#4878,#4879,#4798,.T.);
#5841=EDGE_CURVE('',#4879,#4880,#4799,.T.);
#5842=EDGE_CURVE('',#4880,#4881,#4800,.T.);
#5843=EDGE_CURVE('',#4881,#4878,#4801,.T.);
#5844=EDGE_CURVE('',#4878,#4882,#2579,.T.);
#5845=EDGE_CURVE('',#4883,#4882,#4802,.T.);
#5846=EDGE_CURVE('',#4879,#4883,#2580,.T.);
#5847=EDGE_CURVE('',#4884,#4883,#4803,.T.);
#5848=EDGE_CURVE('',#4880,#4884,#2581,.T.);
#5849=EDGE_CURVE('',#4885,#4884,#4804,.T.);
#5850=EDGE_CURVE('',#4881,#4885,#2582,.T.);
#5851=EDGE_CURVE('',#4882,#4885,#4805,.T.);
#5852=EDGE_CURVE('',#4886,#4887,#2583,.T.);
#5853=EDGE_CURVE('',#4887,#4888,#2584,.T.);
#5854=EDGE_CURVE('',#4888,#4889,#2585,.T.);
#5855=EDGE_CURVE('',#4889,#4890,#2586,.T.);
#5856=EDGE_CURVE('',#4890,#4891,#2587,.T.);
#5857=EDGE_CURVE('',#4891,#4892,#2588,.T.);
#5858=EDGE_CURVE('',#4892,#4886,#2589,.T.);
#5859=EDGE_CURVE('',#4886,#4893,#2590,.T.);
#5860=EDGE_CURVE('',#4894,#4893,#2591,.T.);
#5861=EDGE_CURVE('',#4887,#4894,#2592,.T.);
#5862=EDGE_CURVE('',#4895,#4894,#2593,.T.);
#5863=EDGE_CURVE('',#4888,#4895,#2594,.T.);
#5864=EDGE_CURVE('',#4896,#4895,#2595,.T.);
#5865=EDGE_CURVE('',#4889,#4896,#2596,.T.);
#5866=EDGE_CURVE('',#4897,#4896,#2597,.T.);
#5867=EDGE_CURVE('',#4890,#4897,#2598,.T.);
#5868=EDGE_CURVE('',#4898,#4897,#2599,.T.);
#5869=EDGE_CURVE('',#4891,#4898,#2600,.T.);
#5870=EDGE_CURVE('',#4899,#4898,#2601,.T.);
#5871=EDGE_CURVE('',#4892,#4899,#2602,.T.);
#5872=EDGE_CURVE('',#4893,#4899,#2603,.T.);
#5873=EDGE_CURVE('',#4900,#4901,#2604,.T.);
#5874=EDGE_CURVE('',#4902,#4901,#299,.T.);
#5875=EDGE_CURVE('',#4902,#4903,#2605,.T.);
#5876=EDGE_CURVE('',#4904,#4903,#300,.T.);
#5877=EDGE_CURVE('',#4904,#4905,#2606,.T.);
#5878=EDGE_CURVE('',#4906,#4905,#301,.F.);
#5879=EDGE_CURVE('',#4907,#4906,#2607,.T.);
#5880=EDGE_CURVE('',#4900,#4907,#302,.F.);
#5881=EDGE_CURVE('',#4908,#4909,#2608,.T.);
#5882=EDGE_CURVE('',#4908,#4910,#2609,.T.);
#5883=EDGE_CURVE('',#4910,#4911,#2610,.T.);
#5884=EDGE_CURVE('',#4911,#4909,#2611,.T.);
#5885=EDGE_CURVE('',#4910,#4912,#303,.T.);
#5886=EDGE_CURVE('',#4912,#4913,#2612,.T.);
#5887=EDGE_CURVE('',#4913,#4911,#304,.T.);
#5888=EDGE_CURVE('',#4914,#4915,#2613,.T.);
#5889=EDGE_CURVE('',#4915,#4913,#2614,.T.);
#5890=EDGE_CURVE('',#4912,#4914,#2615,.T.);
#5891=EDGE_CURVE('',#4914,#4916,#305,.T.);
#5892=EDGE_CURVE('',#4916,#4917,#2616,.T.);
#5893=EDGE_CURVE('',#4917,#4915,#306,.T.);
#5894=EDGE_CURVE('',#4918,#4919,#2617,.T.);
#5895=EDGE_CURVE('',#4919,#4917,#2618,.T.);
#5896=EDGE_CURVE('',#4916,#4918,#2619,.T.);
#5897=EDGE_CURVE('',#4918,#4920,#307,.T.);
#5898=EDGE_CURVE('',#4920,#4921,#2620,.T.);
#5899=EDGE_CURVE('',#4921,#4919,#308,.T.);
#5900=EDGE_CURVE('',#4922,#4923,#2621,.T.);
#5901=EDGE_CURVE('',#4923,#4921,#2622,.T.);
#5902=EDGE_CURVE('',#4920,#4922,#2623,.T.);
#5903=EDGE_CURVE('',#4922,#4924,#309,.T.);
#5904=EDGE_CURVE('',#4924,#4925,#2624,.T.);
#5905=EDGE_CURVE('',#4925,#4923,#310,.T.);
#5906=EDGE_CURVE('',#4926,#4927,#2625,.T.);
#5907=EDGE_CURVE('',#4927,#4925,#2626,.T.);
#5908=EDGE_CURVE('',#4924,#4926,#2627,.T.);
#5909=EDGE_CURVE('',#4926,#4928,#311,.T.);
#5910=EDGE_CURVE('',#4928,#4929,#2628,.T.);
#5911=EDGE_CURVE('',#4929,#4927,#312,.T.);
#5912=EDGE_CURVE('',#4930,#4931,#2629,.T.);
#5913=EDGE_CURVE('',#4931,#4929,#2630,.T.);
#5914=EDGE_CURVE('',#4928,#4930,#2631,.T.);
#5915=EDGE_CURVE('',#4930,#4932,#313,.T.);
#5916=EDGE_CURVE('',#4932,#4933,#2632,.T.);
#5917=EDGE_CURVE('',#4933,#4931,#314,.T.);
#5918=EDGE_CURVE('',#4934,#4935,#2633,.T.);
#5919=EDGE_CURVE('',#4935,#4933,#2634,.T.);
#5920=EDGE_CURVE('',#4932,#4934,#2635,.T.);
#5921=EDGE_CURVE('',#4934,#4936,#2636,.T.);
#5922=EDGE_CURVE('',#4936,#4937,#2637,.T.);
#5923=EDGE_CURVE('',#4937,#4935,#2638,.T.);
#5924=EDGE_CURVE('',#4936,#4938,#315,.T.);
#5925=EDGE_CURVE('',#4938,#4939,#2639,.T.);
#5926=EDGE_CURVE('',#4939,#4937,#316,.T.);
#5927=EDGE_CURVE('',#4940,#4941,#2640,.T.);
#5928=EDGE_CURVE('',#4941,#4939,#2641,.T.);
#5929=EDGE_CURVE('',#4938,#4940,#2642,.T.);
#5930=EDGE_CURVE('',#4940,#4942,#317,.T.);
#5931=EDGE_CURVE('',#4942,#4943,#2643,.T.);
#5932=EDGE_CURVE('',#4943,#4941,#318,.T.);
#5933=EDGE_CURVE('',#4909,#4943,#2644,.T.);
#5934=EDGE_CURVE('',#4942,#4908,#2645,.T.);
#5935=EDGE_CURVE('',#4944,#4924,#2646,.T.);
#5936=EDGE_CURVE('',#4945,#4944,#2647,.T.);
#5937=EDGE_CURVE('',#4926,#4945,#2648,.T.);
#5938=EDGE_CURVE('',#4922,#4946,#2649,.T.);
#5939=EDGE_CURVE('',#4946,#4944,#319,.T.);
#5940=EDGE_CURVE('',#4947,#4920,#2650,.T.);
#5941=EDGE_CURVE('',#4946,#4947,#2651,.T.);
#5942=EDGE_CURVE('',#4918,#4948,#2652,.T.);
#5943=EDGE_CURVE('',#4948,#4947,#320,.T.);
#5944=EDGE_CURVE('',#4949,#4916,#2653,.T.);
#5945=EDGE_CURVE('',#4948,#4949,#2654,.T.);
#5946=EDGE_CURVE('',#4914,#4950,#2655,.T.);
#5947=EDGE_CURVE('',#4950,#4949,#321,.T.);
#5948=EDGE_CURVE('',#4951,#4912,#2656,.T.);
#5949=EDGE_CURVE('',#4952,#4951,#2657,.T.);
#5950=EDGE_CURVE('',#4953,#4952,#2658,.T.);
#5951=EDGE_CURVE('',#4953,#4954,#2659,.T.);
#5952=EDGE_CURVE('',#4955,#4954,#2660,.T.);
#5953=EDGE_CURVE('',#4955,#4950,#2661,.T.);
#5954=EDGE_CURVE('',#4910,#4956,#2662,.T.);
#5955=EDGE_CURVE('',#4956,#4951,#322,.T.);
#5956=EDGE_CURVE('',#4908,#4957,#2663,.T.);
#5957=EDGE_CURVE('',#4957,#4958,#2664,.T.);
#5958=EDGE_CURVE('',#4959,#4958,#2665,.T.);
#5959=EDGE_CURVE('',#4960,#4959,#2666,.T.);
#5960=EDGE_CURVE('',#4961,#4960,#2667,.T.);
#5961=EDGE_CURVE('',#4961,#4956,#2668,.T.);
#5962=EDGE_CURVE('',#4962,#4963,#2669,.T.);
#5963=EDGE_CURVE('',#4964,#4962,#323,.T.);
#5964=EDGE_CURVE('',#4965,#4964,#2670,.T.);
#5965=EDGE_CURVE('',#4966,#4965,#324,.T.);
#5966=EDGE_CURVE('',#4967,#4966,#2671,.T.);
#5967=EDGE_CURVE('',#4968,#4967,#325,.T.);
#5968=EDGE_CURVE('',#4969,#4968,#2672,.T.);
#5969=EDGE_CURVE('',#4963,#4969,#326,.T.);
#5970=EDGE_CURVE('',#4970,#4971,#327,.T.);
#5971=EDGE_CURVE('',#4970,#4972,#328,.T.);
#5972=EDGE_CURVE('',#4973,#4972,#329,.T.);
#5973=EDGE_CURVE('',#4973,#4974,#330,.T.);
#5974=EDGE_CURVE('',#4974,#4975,#2673,.T.);
#5975=EDGE_CURVE('',#4975,#4976,#331,.T.);
#5976=EDGE_CURVE('',#4976,#4977,#2674,.T.);
#5977=EDGE_CURVE('',#4977,#4978,#332,.T.);
#5978=EDGE_CURVE('',#4978,#4979,#2675,.T.);
#5979=EDGE_CURVE('',#4979,#4971,#333,.T.);
#5980=EDGE_CURVE('',#4980,#4981,#334,.T.);
#5981=EDGE_CURVE('',#4981,#4982,#2676,.T.);
#5982=EDGE_CURVE('',#4982,#4983,#335,.T.);
#5983=EDGE_CURVE('',#4983,#4984,#2677,.T.);
#5984=EDGE_CURVE('',#4984,#4985,#336,.T.);
#5985=EDGE_CURVE('',#4985,#4980,#2678,.T.);
#5986=EDGE_CURVE('',#4986,#4987,#337,.T.);
#5987=EDGE_CURVE('',#4987,#4988,#2679,.T.);
#5988=EDGE_CURVE('',#4988,#4989,#338,.T.);
#5989=EDGE_CURVE('',#4989,#4990,#2680,.T.);
#5990=EDGE_CURVE('',#4990,#4991,#339,.T.);
#5991=EDGE_CURVE('',#4991,#4986,#2681,.T.);
#5992=EDGE_CURVE('',#4992,#4993,#340,.T.);
#5993=EDGE_CURVE('',#4992,#4994,#341,.T.);
#5994=EDGE_CURVE('',#4994,#4995,#2682,.T.);
#5995=EDGE_CURVE('',#4995,#4996,#342,.T.);
#5996=EDGE_CURVE('',#4996,#4997,#2683,.T.);
#5997=EDGE_CURVE('',#4997,#4998,#343,.T.);
#5998=EDGE_CURVE('',#4998,#4999,#2684,.T.);
#5999=EDGE_CURVE('',#4999,#5000,#344,.T.);
#6000=EDGE_CURVE('',#5001,#5000,#345,.T.);
#6001=EDGE_CURVE('',#5001,#4993,#346,.T.);
#6002=EDGE_CURVE('',#5002,#5002,#347,.T.);
#6003=EDGE_CURVE('',#5003,#5003,#348,.T.);
#6004=EDGE_CURVE('',#5004,#5004,#349,.T.);
#6005=EDGE_CURVE('',#5005,#5005,#350,.T.);
#6006=EDGE_CURVE('',#5006,#5006,#351,.T.);
#6007=EDGE_CURVE('',#5007,#5007,#352,.T.);
#6008=EDGE_CURVE('',#5008,#5009,#2685,.T.);
#6009=EDGE_CURVE('',#5009,#5010,#2686,.T.);
#6010=EDGE_CURVE('',#5010,#5011,#2687,.T.);
#6011=EDGE_CURVE('',#5011,#5008,#2688,.T.);
#6012=EDGE_CURVE('',#5012,#5013,#2689,.T.);
#6013=EDGE_CURVE('',#5013,#5009,#353,.T.);
#6014=EDGE_CURVE('',#5008,#5012,#354,.T.);
#6015=EDGE_CURVE('',#5014,#5015,#2690,.T.);
#6016=EDGE_CURVE('',#5015,#5013,#2691,.T.);
#6017=EDGE_CURVE('',#5012,#5014,#2692,.T.);
#6018=EDGE_CURVE('',#5016,#5017,#2693,.T.);
#6019=EDGE_CURVE('',#5017,#5015,#355,.T.);
#6020=EDGE_CURVE('',#5014,#5016,#356,.T.);
#6021=EDGE_CURVE('',#5018,#5019,#2694,.T.);
#6022=EDGE_CURVE('',#5019,#5017,#2695,.T.);
#6023=EDGE_CURVE('',#5016,#5018,#2696,.T.);
#6024=EDGE_CURVE('',#5020,#5021,#2697,.T.);
#6025=EDGE_CURVE('',#5021,#5019,#357,.T.);
#6026=EDGE_CURVE('',#5018,#5020,#358,.T.);
#6027=EDGE_CURVE('',#5020,#5022,#2698,.T.);
#6028=EDGE_CURVE('',#5022,#5023,#2699,.T.);
#6029=EDGE_CURVE('',#5023,#5021,#2700,.T.);
#6030=EDGE_CURVE('',#5024,#5025,#2701,.T.);
#6031=EDGE_CURVE('',#5025,#5023,#359,.T.);
#6032=EDGE_CURVE('',#5022,#5024,#360,.T.);
#6033=EDGE_CURVE('',#5024,#5026,#2702,.T.);
#6034=EDGE_CURVE('',#5026,#5027,#2703,.T.);
#6035=EDGE_CURVE('',#5027,#5025,#2704,.T.);
#6036=EDGE_CURVE('',#5028,#5029,#2705,.T.);
#6037=EDGE_CURVE('',#5029,#5027,#361,.T.);
#6038=EDGE_CURVE('',#5026,#5028,#362,.T.);
#6039=EDGE_CURVE('',#5028,#5030,#2706,.T.);
#6040=EDGE_CURVE('',#5030,#5031,#2707,.T.);
#6041=EDGE_CURVE('',#5031,#5029,#2708,.T.);
#6042=EDGE_CURVE('',#5032,#5033,#2709,.T.);
#6043=EDGE_CURVE('',#5033,#5031,#363,.T.);
#6044=EDGE_CURVE('',#5030,#5032,#364,.T.);
#6045=EDGE_CURVE('',#5032,#5034,#2710,.T.);
#6046=EDGE_CURVE('',#5034,#5035,#2711,.T.);
#6047=EDGE_CURVE('',#5035,#5033,#2712,.T.);
#6048=EDGE_CURVE('',#5036,#5037,#2713,.T.);
#6049=EDGE_CURVE('',#5037,#5035,#365,.T.);
#6050=EDGE_CURVE('',#5034,#5036,#366,.T.);
#6051=EDGE_CURVE('',#5036,#5038,#2714,.T.);
#6052=EDGE_CURVE('',#5038,#5039,#2715,.T.);
#6053=EDGE_CURVE('',#5039,#5037,#2716,.T.);
#6054=EDGE_CURVE('',#5010,#5039,#367,.T.);
#6055=EDGE_CURVE('',#5038,#5011,#368,.T.);
#6056=EDGE_CURVE('',#5029,#5040,#2717,.T.);
#6057=EDGE_CURVE('',#5041,#5040,#369,.T.);
#6058=EDGE_CURVE('',#5041,#5027,#2718,.T.);
#6059=EDGE_CURVE('',#5042,#5031,#2719,.T.);
#6060=EDGE_CURVE('',#5042,#5043,#2720,.T.);
#6061=EDGE_CURVE('',#5044,#5043,#2721,.T.);
#6062=EDGE_CURVE('',#5045,#5044,#2722,.T.);
#6063=EDGE_CURVE('',#5046,#5045,#2723,.T.);
#6064=EDGE_CURVE('',#5046,#5047,#2724,.T.);
#6065=EDGE_CURVE('',#5048,#5047,#2725,.T.);
#6066=EDGE_CURVE('',#5040,#5048,#2726,.T.);
#6067=EDGE_CURVE('',#5033,#5049,#2727,.T.);
#6068=EDGE_CURVE('',#5042,#5049,#370,.T.);
#6069=EDGE_CURVE('',#5050,#5035,#2728,.T.);
#6070=EDGE_CURVE('',#5051,#5050,#2729,.T.);
#6071=EDGE_CURVE('',#5052,#5051,#2730,.T.);
#6072=EDGE_CURVE('',#5052,#5049,#2731,.T.);
#6073=EDGE_CURVE('',#5037,#5053,#2732,.T.);
#6074=EDGE_CURVE('',#5053,#5050,#371,.F.);
#6075=EDGE_CURVE('',#5054,#5039,#2733,.T.);
#6076=EDGE_CURVE('',#5053,#5054,#2734,.T.);
#6077=EDGE_CURVE('',#5010,#5055,#2735,.T.);
#6078=EDGE_CURVE('',#5055,#5054,#372,.F.);
#6079=EDGE_CURVE('',#5056,#5009,#2736,.T.);
#6080=EDGE_CURVE('',#5057,#5056,#2737,.T.);
#6081=EDGE_CURVE('',#5058,#5057,#2738,.T.);
#6082=EDGE_CURVE('',#5059,#5058,#2739,.T.);
#6083=EDGE_CURVE('',#5060,#5059,#2740,.T.);
#6084=EDGE_CURVE('',#5060,#5055,#2741,.T.);
#6085=EDGE_CURVE('',#5061,#5061,#373,.T.);
#6086=EDGE_CURVE('',#5062,#5062,#374,.T.);
#6087=EDGE_CURVE('',#5063,#5064,#2742,.T.);
#6088=EDGE_CURVE('',#5064,#5065,#2743,.T.);
#6089=EDGE_CURVE('',#5065,#5066,#2744,.T.);
#6090=EDGE_CURVE('',#5066,#5063,#2745,.T.);
#6091=EDGE_CURVE('',#5063,#5067,#375,.T.);
#6092=EDGE_CURVE('',#5067,#5068,#2746,.T.);
#6093=EDGE_CURVE('',#5068,#5064,#376,.T.);
#6094=EDGE_CURVE('',#5067,#5069,#2747,.T.);
#6095=EDGE_CURVE('',#5069,#5070,#2748,.T.);
#6096=EDGE_CURVE('',#5070,#5068,#2749,.T.);
#6097=EDGE_CURVE('',#5069,#5071,#377,.T.);
#6098=EDGE_CURVE('',#5071,#5072,#2750,.T.);
#6099=EDGE_CURVE('',#5072,#5070,#378,.T.);
#6100=EDGE_CURVE('',#5073,#5074,#2751,.T.);
#6101=EDGE_CURVE('',#5074,#5072,#2752,.T.);
#6102=EDGE_CURVE('',#5071,#5073,#2753,.T.);
#6103=EDGE_CURVE('',#5073,#5075,#379,.T.);
#6104=EDGE_CURVE('',#5075,#5076,#2754,.T.);
#6105=EDGE_CURVE('',#5076,#5074,#380,.T.);
#6106=EDGE_CURVE('',#5077,#5078,#2755,.T.);
#6107=EDGE_CURVE('',#5078,#5076,#2756,.T.);
#6108=EDGE_CURVE('',#5075,#5077,#2757,.T.);
#6109=EDGE_CURVE('',#5077,#5079,#381,.T.);
#6110=EDGE_CURVE('',#5079,#5080,#2758,.T.);
#6111=EDGE_CURVE('',#5080,#5078,#382,.T.);
#6112=EDGE_CURVE('',#5081,#5082,#2759,.T.);
#6113=EDGE_CURVE('',#5082,#5080,#2760,.T.);
#6114=EDGE_CURVE('',#5079,#5081,#2761,.T.);
#6115=EDGE_CURVE('',#5081,#5083,#383,.T.);
#6116=EDGE_CURVE('',#5083,#5084,#2762,.T.);
#6117=EDGE_CURVE('',#5084,#5082,#384,.T.);
#6118=EDGE_CURVE('',#5085,#5086,#2763,.T.);
#6119=EDGE_CURVE('',#5086,#5084,#2764,.T.);
#6120=EDGE_CURVE('',#5083,#5085,#2765,.T.);
#6121=EDGE_CURVE('',#5085,#5087,#385,.T.);
#6122=EDGE_CURVE('',#5087,#5088,#2766,.T.);
#6123=EDGE_CURVE('',#5088,#5086,#386,.T.);
#6124=EDGE_CURVE('',#5089,#5090,#2767,.T.);
#6125=EDGE_CURVE('',#5090,#5088,#2768,.T.);
#6126=EDGE_CURVE('',#5087,#5089,#2769,.T.);
#6127=EDGE_CURVE('',#5089,#5059,#387,.T.);
#6128=EDGE_CURVE('',#5059,#5091,#2770,.T.);
#6129=EDGE_CURVE('',#5091,#5090,#388,.T.);
#6130=EDGE_CURVE('',#5058,#5092,#2771,.T.);
#6131=EDGE_CURVE('',#5092,#5091,#2772,.T.);
#6132=EDGE_CURVE('',#5058,#5066,#389,.T.);
#6133=EDGE_CURVE('',#5065,#5092,#390,.T.);
#6134=EDGE_CURVE('',#5077,#5093,#2773,.T.);
#6135=EDGE_CURVE('',#5094,#5093,#391,.T.);
#6136=EDGE_CURVE('',#5094,#5079,#2774,.T.);
#6137=EDGE_CURVE('',#5095,#5075,#2775,.T.);
#6138=EDGE_CURVE('',#5093,#5095,#2776,.T.);
#6139=EDGE_CURVE('',#5073,#5096,#2777,.T.);
#6140=EDGE_CURVE('',#5096,#5095,#392,.F.);
#6141=EDGE_CURVE('',#5097,#4934,#2778,.T.);
#6142=EDGE_CURVE('',#5097,#5096,#2779,.T.);
#6143=EDGE_CURVE('',#4905,#5071,#2780,.T.);
#6144=EDGE_CURVE('',#4936,#4904,#2781,.T.);
#6145=EDGE_CURVE('',#5069,#4906,#2782,.T.);
#6146=EDGE_CURVE('',#4907,#5019,#2783,.T.);
#6147=EDGE_CURVE('',#5098,#5067,#2784,.T.);
#6148=EDGE_CURVE('',#5099,#5098,#2785,.T.);
#6149=EDGE_CURVE('',#5017,#5099,#2786,.T.);
#6150=EDGE_CURVE('',#5063,#5100,#2787,.T.);
#6151=EDGE_CURVE('',#5098,#5100,#393,.T.);
#6152=EDGE_CURVE('',#5101,#5066,#2788,.T.);
#6153=EDGE_CURVE('',#5100,#5101,#2789,.T.);
#6154=EDGE_CURVE('',#5102,#5102,#394,.T.);
#6155=EDGE_CURVE('',#5103,#5103,#395,.T.);
#6156=EDGE_CURVE('',#4963,#5100,#2790,.T.);
#6157=EDGE_CURVE('',#5101,#4962,#2791,.T.);
#6158=EDGE_CURVE('',#4969,#5098,#2792,.T.);
#6159=EDGE_CURVE('',#4968,#5099,#2793,.T.);
#6160=EDGE_CURVE('',#4967,#5104,#2794,.T.);
#6161=EDGE_CURVE('',#5104,#5099,#396,.T.);
#6162=EDGE_CURVE('',#4966,#5105,#2795,.T.);
#6163=EDGE_CURVE('',#5105,#5104,#2796,.T.);
#6164=EDGE_CURVE('',#4965,#5056,#2797,.T.);
#6165=EDGE_CURVE('',#5056,#5105,#397,.T.);
#6166=EDGE_CURVE('',#4964,#5057,#2798,.T.);
#6167=EDGE_CURVE('',#5101,#5057,#398,.T.);
#6168=EDGE_CURVE('',#5013,#5105,#2799,.T.);
#6169=EDGE_CURVE('',#5106,#5107,#399,.T.);
#6170=EDGE_CURVE('',#5107,#5108,#2800,.T.);
#6171=EDGE_CURVE('',#5108,#5109,#400,.F.);
#6172=EDGE_CURVE('',#5109,#5106,#2801,.T.);
#6173=EDGE_CURVE('',#5110,#5107,#2802,.T.);
#6174=EDGE_CURVE('',#5111,#5110,#2803,.T.);
#6175=EDGE_CURVE('',#5108,#5111,#2804,.T.);
#6176=EDGE_CURVE('',#5112,#5106,#2805,.T.);
#6177=EDGE_CURVE('',#4945,#5112,#401,.T.);
#6178=EDGE_CURVE('',#5113,#4955,#402,.T.);
#6179=EDGE_CURVE('',#5113,#5114,#2806,.T.);
#6180=EDGE_CURVE('',#5051,#5114,#403,.T.);
#6181=EDGE_CURVE('',#5115,#5060,#404,.F.);
#6182=EDGE_CURVE('',#5115,#5116,#2807,.T.);
#6183=EDGE_CURVE('',#5117,#5116,#405,.F.);
#6184=EDGE_CURVE('',#5117,#5118,#2808,.T.);
#6185=EDGE_CURVE('',#5110,#5118,#406,.T.);
#6186=EDGE_CURVE('',#4930,#5119,#2809,.T.);
#6187=EDGE_CURVE('',#5119,#5120,#407,.T.);
#6188=EDGE_CURVE('',#5120,#4932,#2810,.T.);
#6189=EDGE_CURVE('',#5120,#5121,#2811,.T.);
#6190=EDGE_CURVE('',#5122,#5121,#2812,.T.);
#6191=EDGE_CURVE('',#5123,#5122,#2813,.T.);
#6192=EDGE_CURVE('',#5124,#5123,#2814,.T.);
#6193=EDGE_CURVE('',#5124,#5097,#2815,.T.);
#6194=EDGE_CURVE('',#4940,#4902,#2816,.T.);
#6195=EDGE_CURVE('',#4901,#4942,#2817,.T.);
#6196=EDGE_CURVE('',#5021,#4900,#2818,.T.);
#6197=EDGE_CURVE('',#5125,#5023,#2819,.T.);
#6198=EDGE_CURVE('',#4957,#5125,#2820,.T.);
#6199=EDGE_CURVE('',#5025,#5126,#2821,.T.);
#6200=EDGE_CURVE('',#5126,#5125,#408,.F.);
#6201=EDGE_CURVE('',#5126,#5041,#2822,.T.);
#6202=EDGE_CURVE('',#5048,#5127,#409,.T.);
#6203=EDGE_CURVE('',#5127,#5128,#2823,.T.);
#6204=EDGE_CURVE('',#4958,#5128,#410,.F.);
#6205=EDGE_CURVE('',#5129,#4959,#411,.T.);
#6206=EDGE_CURVE('',#5128,#5129,#2824,.T.);
#6207=EDGE_CURVE('',#5129,#5130,#2825,.T.);
#6208=EDGE_CURVE('',#5047,#5130,#412,.T.);
#6209=EDGE_CURVE('',#5131,#5046,#413,.T.);
#6210=EDGE_CURVE('',#5131,#5132,#2826,.T.);
#6211=EDGE_CURVE('',#4960,#5132,#414,.T.);
#6212=EDGE_CURVE('',#5130,#5127,#2827,.T.);
#6213=EDGE_CURVE('',#5133,#5045,#415,.T.);
#6214=EDGE_CURVE('',#5133,#5131,#2828,.T.);
#6215=EDGE_CURVE('',#5134,#5133,#2829,.T.);
#6216=EDGE_CURVE('',#5132,#5134,#2830,.T.);
#6217=EDGE_CURVE('',#5134,#4961,#416,.F.);
#6218=EDGE_CURVE('',#5044,#4952,#417,.T.);
#6219=EDGE_CURVE('',#5043,#4953,#418,.T.);
#6220=EDGE_CURVE('',#4954,#5135,#419,.F.);
#6221=EDGE_CURVE('',#5135,#5113,#2831,.T.);
#6222=EDGE_CURVE('',#5052,#5136,#420,.T.);
#6223=EDGE_CURVE('',#5114,#5136,#2832,.T.);
#6224=EDGE_CURVE('',#5112,#4928,#2833,.T.);
#6225=EDGE_CURVE('',#5109,#5137,#2834,.T.);
#6226=EDGE_CURVE('',#5138,#5137,#2835,.T.);
#6227=EDGE_CURVE('',#5119,#5138,#2836,.T.);
#6228=EDGE_CURVE('',#5111,#5139,#421,.T.);
#6229=EDGE_CURVE('',#5118,#5139,#2837,.T.);
#6230=EDGE_CURVE('',#5140,#5139,#2838,.T.);
#6231=EDGE_CURVE('',#5140,#5141,#422,.T.);
#6232=EDGE_CURVE('',#5141,#5142,#2839,.T.);
#6233=EDGE_CURVE('',#5137,#5142,#423,.T.);
#6234=EDGE_CURVE('',#5140,#5083,#2840,.T.);
#6235=EDGE_CURVE('',#5085,#5117,#2841,.T.);
#6236=EDGE_CURVE('',#5081,#5141,#2842,.T.);
#6237=EDGE_CURVE('',#5143,#5094,#2843,.T.);
#6238=EDGE_CURVE('',#5144,#5143,#2844,.T.);
#6239=EDGE_CURVE('',#5145,#5144,#2845,.T.);
#6240=EDGE_CURVE('',#5146,#5145,#2846,.T.);
#6241=EDGE_CURVE('',#5147,#5146,#2847,.T.);
#6242=EDGE_CURVE('',#5142,#5147,#2848,.T.);
#6243=EDGE_CURVE('',#5138,#5147,#424,.T.);
#6244=EDGE_CURVE('',#5116,#5087,#2849,.T.);
#6245=EDGE_CURVE('',#5146,#5148,#425,.T.);
#6246=EDGE_CURVE('',#5145,#5149,#426,.T.);
#6247=EDGE_CURVE('',#5149,#5148,#2850,.T.);
#6248=EDGE_CURVE('',#5148,#5150,#2851,.T.);
#6249=EDGE_CURVE('',#5121,#5150,#427,.F.);
#6250=EDGE_CURVE('',#5151,#5149,#2852,.T.);
#6251=EDGE_CURVE('',#5150,#5151,#2853,.T.);
#6252=EDGE_CURVE('',#5151,#5122,#428,.T.);
#6253=EDGE_CURVE('',#5152,#5143,#429,.T.);
#6254=EDGE_CURVE('',#5152,#5153,#2854,.T.);
#6255=EDGE_CURVE('',#5153,#5144,#430,.T.);
#6256=EDGE_CURVE('',#5154,#5152,#2855,.T.);
#6257=EDGE_CURVE('',#5155,#5154,#2856,.T.);
#6258=EDGE_CURVE('',#5153,#5155,#2857,.T.);
#6259=EDGE_CURVE('',#5123,#5155,#431,.T.);
#6260=EDGE_CURVE('',#5154,#5124,#432,.F.);
#6261=EDGE_CURVE('',#4903,#4938,#2858,.T.);
#6262=EDGE_CURVE('',#5104,#5015,#2859,.T.);
#6263=EDGE_CURVE('',#5089,#5115,#2860,.T.);
#6264=EDGE_CURVE('',#5156,#5156,#433,.T.);
#6265=EDGE_CURVE('',#5156,#5157,#2861,.T.);
#6266=EDGE_CURVE('',#5007,#5156,#2862,.T.);
#6267=EDGE_CURVE('',#5158,#5158,#434,.T.);
#6268=EDGE_CURVE('',#5158,#5159,#2863,.T.);
#6269=EDGE_CURVE('',#5006,#5158,#2864,.T.);
#6270=EDGE_CURVE('',#5160,#5160,#435,.T.);
#6271=EDGE_CURVE('',#5160,#5161,#2865,.T.);
#6272=EDGE_CURVE('',#5005,#5160,#2866,.T.);
#6273=EDGE_CURVE('',#5162,#5162,#436,.T.);
#6274=EDGE_CURVE('',#5162,#5163,#2867,.T.);
#6275=EDGE_CURVE('',#5004,#5162,#2868,.T.);
#6276=EDGE_CURVE('',#5103,#5164,#2869,.T.);
#6277=EDGE_CURVE('',#5164,#5164,#437,.T.);
#6278=EDGE_CURVE('',#5002,#5164,#2870,.T.);
#6279=EDGE_CURVE('',#5061,#5165,#2871,.T.);
#6280=EDGE_CURVE('',#5165,#5165,#438,.T.);
#6281=EDGE_CURVE('',#5003,#5165,#2872,.T.);
#6282=EDGE_CURVE('',#5166,#5167,#439,.T.);
#6283=EDGE_CURVE('',#5166,#4992,#2873,.T.);
#6284=EDGE_CURVE('',#4993,#5167,#2874,.T.);
#6285=EDGE_CURVE('',#5168,#5001,#2875,.T.);
#6286=EDGE_CURVE('',#5167,#5168,#440,.T.);
#6287=EDGE_CURVE('',#5000,#5169,#2876,.T.);
#6288=EDGE_CURVE('',#5169,#5168,#441,.F.);
#6289=EDGE_CURVE('',#4999,#5170,#2877,.T.);
#6290=EDGE_CURVE('',#5170,#5169,#442,.T.);
#6291=EDGE_CURVE('',#4971,#5171,#2878,.T.);
#6292=EDGE_CURVE('',#5171,#5172,#443,.F.);
#6293=EDGE_CURVE('',#5172,#4970,#2879,.T.);
#6294=EDGE_CURVE('',#5173,#5172,#444,.T.);
#6295=EDGE_CURVE('',#4972,#5173,#2880,.T.);
#6296=EDGE_CURVE('',#4979,#5174,#2881,.T.);
#6297=EDGE_CURVE('',#5174,#5171,#445,.T.);
#6298=EDGE_CURVE('',#5173,#5175,#446,.F.);
#6299=EDGE_CURVE('',#5175,#4973,#2882,.T.);
#6300=EDGE_CURVE('',#5175,#5176,#447,.T.);
#6301=EDGE_CURVE('',#4974,#5176,#2883,.T.);
#6302=EDGE_CURVE('',#5177,#5170,#2884,.T.);
#6303=EDGE_CURVE('',#5177,#5178,#448,.T.);
#6304=EDGE_CURVE('',#5179,#5178,#2885,.T.);
#6305=EDGE_CURVE('',#5166,#5179,#449,.T.);
#6306=EDGE_CURVE('',#5180,#5180,#450,.T.);
#6307=EDGE_CURVE('',#5180,#5102,#2886,.T.);
#6308=EDGE_CURVE('',#5181,#5174,#2887,.T.);
#6309=EDGE_CURVE('',#5181,#5182,#451,.T.);
#6310=EDGE_CURVE('',#5176,#5182,#2888,.T.);
#6311=EDGE_CURVE('',#5183,#5183,#452,.T.);
#6312=EDGE_CURVE('',#5183,#5062,#2889,.T.);
#6313=EDGE_CURVE('',#5184,#5184,#453,.T.);
#6314=EDGE_CURVE('',#5184,#5185,#2890,.T.);
#6315=EDGE_CURVE('',#5185,#5185,#454,.T.);
#6316=EDGE_CURVE('',#5186,#5186,#455,.T.);
#6317=EDGE_CURVE('',#5187,#5187,#456,.T.);
#6318=EDGE_CURVE('',#5187,#5188,#2891,.T.);
#6319=EDGE_CURVE('',#5188,#5188,#457,.T.);
#6320=EDGE_CURVE('',#5189,#5189,#458,.T.);
#6321=EDGE_CURVE('',#5190,#5190,#459,.T.);
#6322=EDGE_CURVE('',#5190,#5191,#2892,.T.);
#6323=EDGE_CURVE('',#5191,#5191,#460,.T.);
#6324=EDGE_CURVE('',#5192,#5192,#461,.T.);
#6325=EDGE_CURVE('',#5193,#5193,#462,.T.);
#6326=EDGE_CURVE('',#5193,#5194,#2893,.T.);
#6327=EDGE_CURVE('',#5194,#5194,#463,.T.);
#6328=EDGE_CURVE('',#5195,#5195,#464,.T.);
#6329=EDGE_CURVE('',#5196,#5197,#465,.T.);
#6330=EDGE_CURVE('',#5198,#5196,#466,.T.);
#6331=EDGE_CURVE('',#5199,#5198,#467,.T.);
#6332=EDGE_CURVE('',#5199,#5200,#2894,.T.);
#6333=EDGE_CURVE('',#5200,#5200,#468,.T.);
#6334=EDGE_CURVE('',#5197,#5199,#469,.T.);
#6335=EDGE_CURVE('',#5201,#5201,#470,.T.);
#6336=EDGE_CURVE('',#5202,#5196,#2895,.T.);
#6337=EDGE_CURVE('',#5203,#5202,#471,.T.);
#6338=EDGE_CURVE('',#5198,#5203,#2896,.T.);
#6339=EDGE_CURVE('',#5204,#5197,#2897,.T.);
#6340=EDGE_CURVE('',#5205,#5204,#472,.T.);
#6341=EDGE_CURVE('',#5196,#5205,#2898,.T.);
#6342=EDGE_CURVE('',#5206,#5198,#2899,.T.);
#6343=EDGE_CURVE('',#5207,#5206,#473,.T.);
#6344=EDGE_CURVE('',#5197,#5207,#2900,.T.);
#6345=EDGE_CURVE('',#5208,#5177,#474,.T.);
#6346=EDGE_CURVE('',#5178,#5208,#475,.T.);
#6347=EDGE_CURVE('',#5178,#5209,#2901,.T.);
#6348=EDGE_CURVE('',#5209,#5209,#476,.T.);
#6349=EDGE_CURVE('',#5210,#5210,#477,.T.);
#6350=EDGE_CURVE('',#5211,#5208,#2902,.T.);
#6351=EDGE_CURVE('',#5212,#5211,#478,.T.);
#6352=EDGE_CURVE('',#5178,#5212,#2903,.T.);
#6353=EDGE_CURVE('',#5213,#5177,#2904,.T.);
#6354=EDGE_CURVE('',#5214,#5213,#479,.T.);
#6355=EDGE_CURVE('',#5208,#5214,#2905,.T.);
#6356=EDGE_CURVE('',#5182,#5215,#480,.T.);
#6357=EDGE_CURVE('',#5216,#5181,#481,.T.);
#6358=EDGE_CURVE('',#5216,#5217,#2906,.T.);
#6359=EDGE_CURVE('',#5217,#5217,#482,.T.);
#6360=EDGE_CURVE('',#5215,#5216,#483,.T.);
#6361=EDGE_CURVE('',#5218,#5218,#484,.T.);
#6362=EDGE_CURVE('',#5219,#5215,#2907,.T.);
#6363=EDGE_CURVE('',#5220,#5219,#485,.T.);
#6364=EDGE_CURVE('',#5182,#5220,#2908,.T.);
#6365=EDGE_CURVE('',#5221,#5181,#2909,.T.);
#6366=EDGE_CURVE('',#5222,#5221,#486,.T.);
#6367=EDGE_CURVE('',#5215,#5222,#2910,.T.);
#6368=EDGE_CURVE('',#5223,#5224,#487,.T.);
#6369=EDGE_CURVE('',#5225,#5223,#488,.T.);
#6370=EDGE_CURVE('',#5225,#5226,#2911,.T.);
#6371=EDGE_CURVE('',#5226,#5226,#489,.T.);
#6372=EDGE_CURVE('',#5224,#5225,#490,.T.);
#6373=EDGE_CURVE('',#5227,#5227,#491,.T.);
#6374=EDGE_CURVE('',#5228,#5223,#2912,.T.);
#6375=EDGE_CURVE('',#5229,#5228,#492,.T.);
#6376=EDGE_CURVE('',#5225,#5229,#2913,.T.);
#6377=EDGE_CURVE('',#5230,#5224,#2914,.T.);
#6378=EDGE_CURVE('',#5231,#5230,#493,.T.);
#6379=EDGE_CURVE('',#5223,#5231,#2915,.T.);
#6380=EDGE_CURVE('',#5232,#5225,#2916,.T.);
#6381=EDGE_CURVE('',#5233,#5232,#494,.T.);
#6382=EDGE_CURVE('',#5224,#5233,#2917,.T.);
#6383=EDGE_CURVE('',#4995,#5212,#2918,.T.);
#6384=EDGE_CURVE('',#5179,#4994,#2919,.T.);
#6385=EDGE_CURVE('',#4996,#5211,#2920,.T.);
#6386=EDGE_CURVE('',#4998,#5213,#2921,.T.);
#6387=EDGE_CURVE('',#4997,#5214,#2922,.T.);
#6388=EDGE_CURVE('',#5221,#4978,#2923,.T.);
#6389=EDGE_CURVE('',#4977,#5222,#2924,.T.);
#6390=EDGE_CURVE('',#4976,#5219,#2925,.T.);
#6391=EDGE_CURVE('',#4975,#5220,#2926,.T.);
#6392=EDGE_CURVE('',#5204,#4987,#2927,.T.);
#6393=EDGE_CURVE('',#4986,#5205,#2928,.T.);
#6394=EDGE_CURVE('',#4989,#5206,#2929,.T.);
#6395=EDGE_CURVE('',#4988,#5207,#2930,.T.);
#6396=EDGE_CURVE('',#4991,#5202,#2931,.T.);
#6397=EDGE_CURVE('',#4990,#5203,#2932,.T.);
#6398=EDGE_CURVE('',#5232,#4981,#2933,.T.);
#6399=EDGE_CURVE('',#4980,#5233,#2934,.T.);
#6400=EDGE_CURVE('',#4982,#5229,#2935,.T.);
#6401=EDGE_CURVE('',#4983,#5228,#2936,.T.);
#6402=EDGE_CURVE('',#4985,#5230,#2937,.T.);
#6403=EDGE_CURVE('',#4984,#5231,#2938,.T.);
#6404=EDGE_CURVE('',#5227,#5195,#2939,.T.);
#6405=EDGE_CURVE('',#5210,#5186,#2940,.T.);
#6406=EDGE_CURVE('',#5218,#5192,#2941,.T.);
#6407=EDGE_CURVE('',#5201,#5189,#2942,.T.);
#6408=EDGE_CURVE('',#5135,#5136,#2943,.T.);
#6409=EDGE_CURVE('',#5234,#5235,#2944,.T.);
#6410=EDGE_CURVE('',#5236,#5234,#495,.T.);
#6411=EDGE_CURVE('',#5237,#5236,#2945,.T.);
#6412=EDGE_CURVE('',#5237,#5235,#496,.T.);
#6413=EDGE_CURVE('',#5238,#5239,#2946,.T.);
#6414=EDGE_CURVE('',#5240,#5238,#2947,.T.);
#6415=EDGE_CURVE('',#5241,#5240,#2948,.T.);
#6416=EDGE_CURVE('',#5242,#5241,#2949,.T.);
#6417=EDGE_CURVE('',#5243,#5242,#2950,.T.);
#6418=EDGE_CURVE('',#5235,#5243,#2951,.T.);
#6419=EDGE_CURVE('',#5244,#5237,#2952,.T.);
#6420=EDGE_CURVE('',#5245,#5244,#2953,.T.);
#6421=EDGE_CURVE('',#5246,#5245,#2954,.T.);
#6422=EDGE_CURVE('',#5247,#5246,#2955,.T.);
#6423=EDGE_CURVE('',#5248,#5247,#2956,.T.);
#6424=EDGE_CURVE('',#5249,#5248,#2957,.T.);
#6425=EDGE_CURVE('',#5239,#5249,#2958,.T.);
#6426=EDGE_CURVE('',#5236,#5234,#2959,.T.);
#6427=EDGE_CURVE('',#5250,#5251,#2960,.T.);
#6428=EDGE_CURVE('',#5250,#5252,#2961,.T.);
#6429=EDGE_CURVE('',#5248,#5252,#2962,.T.);
#6430=EDGE_CURVE('',#5251,#5247,#2963,.T.);
#6431=EDGE_CURVE('',#5253,#5250,#2964,.T.);
#6432=EDGE_CURVE('',#5253,#5254,#2965,.T.);
#6433=EDGE_CURVE('',#5252,#5254,#2966,.T.);
#6434=EDGE_CURVE('',#5255,#5253,#2967,.T.);
#6435=EDGE_CURVE('',#5255,#5256,#2968,.T.);
#6436=EDGE_CURVE('',#5254,#5256,#2969,.T.);
#6437=EDGE_CURVE('',#5257,#5255,#2970,.T.);
#6438=EDGE_CURVE('',#5257,#5258,#2971,.T.);
#6439=EDGE_CURVE('',#5256,#5258,#2972,.T.);
#6440=EDGE_CURVE('',#5259,#5257,#2973,.T.);
#6441=EDGE_CURVE('',#5259,#5240,#2974,.T.);
#6442=EDGE_CURVE('',#5258,#5238,#2975,.T.);
#6443=EDGE_CURVE('',#5260,#5259,#2976,.T.);
#6444=EDGE_CURVE('',#5260,#5241,#2977,.T.);
#6445=EDGE_CURVE('',#5251,#5261,#2978,.T.);
#6446=EDGE_CURVE('',#5261,#5246,#2979,.T.);
#6447=EDGE_CURVE('',#5262,#5263,#2980,.T.);
#6448=EDGE_CURVE('',#5264,#5262,#497,.T.);
#6449=EDGE_CURVE('',#5265,#5264,#2981,.T.);
#6450=EDGE_CURVE('',#5265,#5263,#498,.T.);
#6451=EDGE_CURVE('',#5266,#5267,#2982,.T.);
#6452=EDGE_CURVE('',#5268,#5266,#2983,.T.);
#6453=EDGE_CURVE('',#5269,#5268,#2984,.T.);
#6454=EDGE_CURVE('',#5270,#5269,#2985,.T.);
#6455=EDGE_CURVE('',#5271,#5270,#2986,.T.);
#6456=EDGE_CURVE('',#5263,#5271,#2987,.T.);
#6457=EDGE_CURVE('',#5272,#5265,#2988,.T.);
#6458=EDGE_CURVE('',#5273,#5272,#2989,.T.);
#6459=EDGE_CURVE('',#5274,#5273,#2990,.T.);
#6460=EDGE_CURVE('',#5275,#5274,#2991,.T.);
#6461=EDGE_CURVE('',#5276,#5275,#2992,.T.);
#6462=EDGE_CURVE('',#5277,#5276,#2993,.T.);
#6463=EDGE_CURVE('',#5267,#5277,#2994,.T.);
#6464=EDGE_CURVE('',#5264,#5262,#2995,.T.);
#6465=EDGE_CURVE('',#5278,#5279,#2996,.T.);
#6466=EDGE_CURVE('',#5278,#5280,#2997,.T.);
#6467=EDGE_CURVE('',#5276,#5280,#2998,.T.);
#6468=EDGE_CURVE('',#5279,#5275,#2999,.T.);
#6469=EDGE_CURVE('',#5281,#5278,#3000,.T.);
#6470=EDGE_CURVE('',#5281,#5282,#3001,.T.);
#6471=EDGE_CURVE('',#5280,#5282,#3002,.T.);
#6472=EDGE_CURVE('',#5283,#5281,#3003,.T.);
#6473=EDGE_CURVE('',#5283,#5284,#3004,.T.);
#6474=EDGE_CURVE('',#5282,#5284,#3005,.T.);
#6475=EDGE_CURVE('',#5285,#5283,#3006,.T.);
#6476=EDGE_CURVE('',#5285,#5286,#3007,.T.);
#6477=EDGE_CURVE('',#5284,#5286,#3008,.T.);
#6478=EDGE_CURVE('',#5287,#5285,#3009,.T.);
#6479=EDGE_CURVE('',#5287,#5268,#3010,.T.);
#6480=EDGE_CURVE('',#5286,#5266,#3011,.T.);
#6481=EDGE_CURVE('',#5288,#5287,#3012,.T.);
#6482=EDGE_CURVE('',#5288,#5269,#3013,.T.);
#6483=EDGE_CURVE('',#5279,#5289,#3014,.T.);
#6484=EDGE_CURVE('',#5289,#5274,#3015,.T.);
#6485=EDGE_CURVE('',#5290,#5291,#3016,.T.);
#6486=EDGE_CURVE('',#5292,#5290,#499,.T.);
#6487=EDGE_CURVE('',#5293,#5292,#3017,.T.);
#6488=EDGE_CURVE('',#5293,#5291,#500,.T.);
#6489=EDGE_CURVE('',#5294,#5295,#3018,.T.);
#6490=EDGE_CURVE('',#5296,#5294,#3019,.T.);
#6491=EDGE_CURVE('',#5297,#5296,#3020,.T.);
#6492=EDGE_CURVE('',#5298,#5297,#3021,.T.);
#6493=EDGE_CURVE('',#5299,#5298,#3022,.T.);
#6494=EDGE_CURVE('',#5291,#5299,#3023,.T.);
#6495=EDGE_CURVE('',#5300,#5293,#3024,.T.);
#6496=EDGE_CURVE('',#5301,#5300,#3025,.T.);
#6497=EDGE_CURVE('',#5302,#5301,#3026,.T.);
#6498=EDGE_CURVE('',#5303,#5302,#3027,.T.);
#6499=EDGE_CURVE('',#5304,#5303,#3028,.T.);
#6500=EDGE_CURVE('',#5305,#5304,#3029,.T.);
#6501=EDGE_CURVE('',#5295,#5305,#3030,.T.);
#6502=EDGE_CURVE('',#5292,#5290,#3031,.T.);
#6503=EDGE_CURVE('',#5306,#5307,#3032,.T.);
#6504=EDGE_CURVE('',#5306,#5308,#3033,.T.);
#6505=EDGE_CURVE('',#5304,#5308,#3034,.T.);
#6506=EDGE_CURVE('',#5307,#5303,#3035,.T.);
#6507=EDGE_CURVE('',#5309,#5306,#3036,.T.);
#6508=EDGE_CURVE('',#5309,#5310,#3037,.T.);
#6509=EDGE_CURVE('',#5308,#5310,#3038,.T.);
#6510=EDGE_CURVE('',#5311,#5309,#3039,.T.);
#6511=EDGE_CURVE('',#5311,#5312,#3040,.T.);
#6512=EDGE_CURVE('',#5310,#5312,#3041,.T.);
#6513=EDGE_CURVE('',#5313,#5311,#3042,.T.);
#6514=EDGE_CURVE('',#5313,#5314,#3043,.T.);
#6515=EDGE_CURVE('',#5312,#5314,#3044,.T.);
#6516=EDGE_CURVE('',#5315,#5313,#3045,.T.);
#6517=EDGE_CURVE('',#5315,#5296,#3046,.T.);
#6518=EDGE_CURVE('',#5314,#5294,#3047,.T.);
#6519=EDGE_CURVE('',#5316,#5315,#3048,.T.);
#6520=EDGE_CURVE('',#5316,#5297,#3049,.T.);
#6521=EDGE_CURVE('',#5307,#5317,#3050,.T.);
#6522=EDGE_CURVE('',#5317,#5302,#3051,.T.);
#6523=EDGE_CURVE('',#5318,#5319,#3052,.T.);
#6524=EDGE_CURVE('',#5320,#5318,#501,.T.);
#6525=EDGE_CURVE('',#5321,#5320,#3053,.T.);
#6526=EDGE_CURVE('',#5321,#5319,#502,.T.);
#6527=EDGE_CURVE('',#5322,#5323,#3054,.T.);
#6528=EDGE_CURVE('',#5324,#5322,#3055,.T.);
#6529=EDGE_CURVE('',#5325,#5324,#3056,.T.);
#6530=EDGE_CURVE('',#5326,#5325,#3057,.T.);
#6531=EDGE_CURVE('',#5327,#5326,#3058,.T.);
#6532=EDGE_CURVE('',#5319,#5327,#3059,.T.);
#6533=EDGE_CURVE('',#5328,#5321,#3060,.T.);
#6534=EDGE_CURVE('',#5329,#5328,#3061,.T.);
#6535=EDGE_CURVE('',#5330,#5329,#3062,.T.);
#6536=EDGE_CURVE('',#5331,#5330,#3063,.T.);
#6537=EDGE_CURVE('',#5332,#5331,#3064,.T.);
#6538=EDGE_CURVE('',#5333,#5332,#3065,.T.);
#6539=EDGE_CURVE('',#5323,#5333,#3066,.T.);
#6540=EDGE_CURVE('',#5320,#5318,#3067,.T.);
#6541=EDGE_CURVE('',#5334,#5335,#3068,.T.);
#6542=EDGE_CURVE('',#5334,#5336,#3069,.T.);
#6543=EDGE_CURVE('',#5332,#5336,#3070,.T.);
#6544=EDGE_CURVE('',#5335,#5331,#3071,.T.);
#6545=EDGE_CURVE('',#5337,#5334,#3072,.T.);
#6546=EDGE_CURVE('',#5337,#5338,#3073,.T.);
#6547=EDGE_CURVE('',#5336,#5338,#3074,.T.);
#6548=EDGE_CURVE('',#5339,#5337,#3075,.T.);
#6549=EDGE_CURVE('',#5339,#5340,#3076,.T.);
#6550=EDGE_CURVE('',#5338,#5340,#3077,.T.);
#6551=EDGE_CURVE('',#5341,#5339,#3078,.T.);
#6552=EDGE_CURVE('',#5341,#5342,#3079,.T.);
#6553=EDGE_CURVE('',#5340,#5342,#3080,.T.);
#6554=EDGE_CURVE('',#5343,#5341,#3081,.T.);
#6555=EDGE_CURVE('',#5343,#5324,#3082,.T.);
#6556=EDGE_CURVE('',#5342,#5322,#3083,.T.);
#6557=EDGE_CURVE('',#5344,#5343,#3084,.T.);
#6558=EDGE_CURVE('',#5344,#5325,#3085,.T.);
#6559=EDGE_CURVE('',#5335,#5345,#3086,.T.);
#6560=EDGE_CURVE('',#5345,#5330,#3087,.T.);
#6561=EDGE_CURVE('',#5346,#5347,#3088,.T.);
#6562=EDGE_CURVE('',#5348,#5346,#503,.T.);
#6563=EDGE_CURVE('',#5349,#5348,#3089,.T.);
#6564=EDGE_CURVE('',#5349,#5347,#504,.T.);
#6565=EDGE_CURVE('',#5350,#5351,#3090,.T.);
#6566=EDGE_CURVE('',#5352,#5350,#3091,.T.);
#6567=EDGE_CURVE('',#5353,#5352,#3092,.T.);
#6568=EDGE_CURVE('',#5354,#5353,#3093,.T.);
#6569=EDGE_CURVE('',#5355,#5354,#3094,.T.);
#6570=EDGE_CURVE('',#5347,#5355,#3095,.T.);
#6571=EDGE_CURVE('',#5356,#5349,#3096,.T.);
#6572=EDGE_CURVE('',#5357,#5356,#3097,.T.);
#6573=EDGE_CURVE('',#5358,#5357,#3098,.T.);
#6574=EDGE_CURVE('',#5359,#5358,#3099,.T.);
#6575=EDGE_CURVE('',#5360,#5359,#3100,.T.);
#6576=EDGE_CURVE('',#5361,#5360,#3101,.T.);
#6577=EDGE_CURVE('',#5351,#5361,#3102,.T.);
#6578=EDGE_CURVE('',#5348,#5346,#3103,.T.);
#6579=EDGE_CURVE('',#5362,#5363,#3104,.T.);
#6580=EDGE_CURVE('',#5362,#5364,#3105,.T.);
#6581=EDGE_CURVE('',#5360,#5364,#3106,.T.);
#6582=EDGE_CURVE('',#5363,#5359,#3107,.T.);
#6583=EDGE_CURVE('',#5365,#5362,#3108,.T.);
#6584=EDGE_CURVE('',#5365,#5366,#3109,.T.);
#6585=EDGE_CURVE('',#5364,#5366,#3110,.T.);
#6586=EDGE_CURVE('',#5367,#5365,#3111,.T.);
#6587=EDGE_CURVE('',#5367,#5368,#3112,.T.);
#6588=EDGE_CURVE('',#5366,#5368,#3113,.T.);
#6589=EDGE_CURVE('',#5369,#5367,#3114,.T.);
#6590=EDGE_CURVE('',#5369,#5370,#3115,.T.);
#6591=EDGE_CURVE('',#5368,#5370,#3116,.T.);
#6592=EDGE_CURVE('',#5371,#5369,#3117,.T.);
#6593=EDGE_CURVE('',#5371,#5352,#3118,.T.);
#6594=EDGE_CURVE('',#5370,#5350,#3119,.T.);
#6595=EDGE_CURVE('',#5372,#5371,#3120,.T.);
#6596=EDGE_CURVE('',#5372,#5353,#3121,.T.);
#6597=EDGE_CURVE('',#5363,#5373,#3122,.T.);
#6598=EDGE_CURVE('',#5373,#5358,#3123,.T.);
#6599=EDGE_CURVE('',#5374,#5242,#3124,.T.);
#6600=EDGE_CURVE('',#5375,#5374,#3125,.T.);
#6601=EDGE_CURVE('',#5375,#5243,#3126,.T.);
#6602=EDGE_CURVE('',#5376,#5245,#3127,.T.);
#6603=EDGE_CURVE('',#5374,#5376,#3128,.T.);
#6604=EDGE_CURVE('',#5261,#5260,#3129,.T.);
#6605=EDGE_CURVE('',#5377,#5270,#3130,.T.);
#6606=EDGE_CURVE('',#5378,#5377,#3131,.T.);
#6607=EDGE_CURVE('',#5378,#5271,#3132,.T.);
#6608=EDGE_CURVE('',#5379,#5273,#3133,.T.);
#6609=EDGE_CURVE('',#5377,#5379,#3134,.T.);
#6610=EDGE_CURVE('',#5289,#5288,#3135,.T.);
#6611=EDGE_CURVE('',#5380,#5298,#3136,.T.);
#6612=EDGE_CURVE('',#5381,#5380,#3137,.T.);
#6613=EDGE_CURVE('',#5381,#5299,#3138,.T.);
#6614=EDGE_CURVE('',#5382,#5301,#3139,.T.);
#6615=EDGE_CURVE('',#5380,#5382,#3140,.T.);
#6616=EDGE_CURVE('',#5317,#5316,#3141,.T.);
#6617=EDGE_CURVE('',#5383,#5326,#3142,.T.);
#6618=EDGE_CURVE('',#5384,#5383,#3143,.T.);
#6619=EDGE_CURVE('',#5384,#5327,#3144,.T.);
#6620=EDGE_CURVE('',#5385,#5329,#3145,.T.);
#6621=EDGE_CURVE('',#5383,#5385,#3146,.T.);
#6622=EDGE_CURVE('',#5345,#5344,#3147,.T.);
#6623=EDGE_CURVE('',#5386,#5354,#3148,.T.);
#6624=EDGE_CURVE('',#5387,#5386,#3149,.T.);
#6625=EDGE_CURVE('',#5387,#5355,#3150,.T.);
#6626=EDGE_CURVE('',#5388,#5357,#3151,.T.);
#6627=EDGE_CURVE('',#5386,#5388,#3152,.T.);
#6628=EDGE_CURVE('',#5373,#5372,#3153,.T.);
#6629=EDGE_CURVE('',#5389,#5390,#3154,.T.);
#6630=EDGE_CURVE('',#5390,#5391,#3155,.T.);
#6631=EDGE_CURVE('',#5391,#5392,#3156,.T.);
#6632=EDGE_CURVE('',#5392,#5393,#3157,.T.);
#6633=EDGE_CURVE('',#5393,#5394,#3158,.T.);
#6634=EDGE_CURVE('',#5394,#5395,#3159,.T.);
#6635=EDGE_CURVE('',#5396,#5395,#3160,.T.);
#6636=EDGE_CURVE('',#5397,#5396,#3161,.T.);
#6637=EDGE_CURVE('',#5397,#5398,#3162,.T.);
#6638=EDGE_CURVE('',#5398,#5399,#3163,.T.);
#6639=EDGE_CURVE('',#5399,#5389,#3164,.T.);
#6640=EDGE_CURVE('',#5400,#5401,#3165,.T.);
#6641=EDGE_CURVE('',#5401,#5402,#3166,.T.);
#6642=EDGE_CURVE('',#5402,#5403,#3167,.T.);
#6643=EDGE_CURVE('',#5403,#5404,#3168,.T.);
#6644=EDGE_CURVE('',#5404,#5405,#3169,.T.);
#6645=EDGE_CURVE('',#5405,#5406,#3170,.T.);
#6646=EDGE_CURVE('',#5406,#5407,#3171,.T.);
#6647=EDGE_CURVE('',#5407,#5400,#3172,.T.);
#6648=EDGE_CURVE('',#5408,#5409,#3173,.T.);
#6649=EDGE_CURVE('',#5410,#5408,#505,.T.);
#6650=EDGE_CURVE('',#5411,#5410,#3174,.T.);
#6651=EDGE_CURVE('',#5409,#5411,#506,.T.);
#6652=EDGE_CURVE('',#5412,#5411,#3175,.T.);
#6653=EDGE_CURVE('',#5413,#5412,#3176,.T.);
#6654=EDGE_CURVE('',#5414,#5413,#3177,.T.);
#6655=EDGE_CURVE('',#5415,#5414,#3178,.T.);
#6656=EDGE_CURVE('',#5416,#5415,#3179,.T.);
#6657=EDGE_CURVE('',#5417,#5416,#3180,.T.);
#6658=EDGE_CURVE('',#5418,#5417,#3181,.T.);
#6659=EDGE_CURVE('',#5419,#5418,#3182,.T.);
#6660=EDGE_CURVE('',#5420,#5419,#3183,.T.);
#6661=EDGE_CURVE('',#5421,#5420,#3184,.T.);
#6662=EDGE_CURVE('',#5422,#5421,#3185,.T.);
#6663=EDGE_CURVE('',#5423,#5422,#3186,.T.);
#6664=EDGE_CURVE('',#5409,#5423,#3187,.T.);
#6665=EDGE_CURVE('',#5410,#5408,#3188,.T.);
#6666=EDGE_CURVE('',#5424,#5425,#3189,.T.);
#6667=EDGE_CURVE('',#5425,#5426,#3190,.T.);
#6668=EDGE_CURVE('',#5426,#5427,#3191,.T.);
#6669=EDGE_CURVE('',#5427,#5424,#3192,.T.);
#6670=EDGE_CURVE('',#5428,#5429,#3193,.T.);
#6671=EDGE_CURVE('',#5429,#5430,#3194,.T.);
#6672=EDGE_CURVE('',#5430,#5431,#3195,.T.);
#6673=EDGE_CURVE('',#5431,#5428,#3196,.T.);
#6674=EDGE_CURVE('',#5388,#5432,#3197,.T.);
#6675=EDGE_CURVE('',#5432,#5387,#3198,.T.);
#6676=EDGE_CURVE('',#5385,#5433,#3199,.T.);
#6677=EDGE_CURVE('',#5433,#5384,#3200,.T.);
#6678=EDGE_CURVE('',#5382,#5434,#3201,.T.);
#6679=EDGE_CURVE('',#5434,#5381,#3202,.T.);
#6680=EDGE_CURVE('',#5379,#5435,#3203,.T.);
#6681=EDGE_CURVE('',#5435,#5378,#3204,.T.);
#6682=EDGE_CURVE('',#5376,#5436,#3205,.T.);
#6683=EDGE_CURVE('',#5436,#5375,#3206,.T.);
#6684=EDGE_CURVE('',#5437,#5438,#3207,.T.);
#6685=EDGE_CURVE('',#5425,#5437,#3208,.T.);
#6686=EDGE_CURVE('',#5424,#5438,#3209,.T.);
#6687=EDGE_CURVE('',#5438,#5439,#3210,.T.);
#6688=EDGE_CURVE('',#5439,#5440,#3211,.T.);
#6689=EDGE_CURVE('',#5440,#5441,#3212,.T.);
#6690=EDGE_CURVE('',#5441,#5442,#3213,.T.);
#6691=EDGE_CURVE('',#5442,#5443,#3214,.T.);
#6692=EDGE_CURVE('',#5443,#5444,#3215,.T.);
#6693=EDGE_CURVE('',#5444,#5445,#3216,.T.);
#6694=EDGE_CURVE('',#5445,#5446,#3217,.T.);
#6695=EDGE_CURVE('',#5446,#5447,#3218,.T.);
#6696=EDGE_CURVE('',#5447,#5448,#3219,.T.);
#6697=EDGE_CURVE('',#5448,#5449,#3220,.T.);
#6698=EDGE_CURVE('',#5449,#5450,#3221,.T.);
#6699=EDGE_CURVE('',#5450,#5451,#3222,.T.);
#6700=EDGE_CURVE('',#5451,#5452,#3223,.T.);
#6701=EDGE_CURVE('',#5452,#5453,#3224,.T.);
#6702=EDGE_CURVE('',#5453,#5454,#3225,.T.);
#6703=EDGE_CURVE('',#5454,#5455,#3226,.T.);
#6704=EDGE_CURVE('',#5455,#5456,#3227,.T.);
#6705=EDGE_CURVE('',#5456,#5457,#3228,.T.);
#6706=EDGE_CURVE('',#5457,#5458,#3229,.T.);
#6707=EDGE_CURVE('',#5458,#5459,#3230,.T.);
#6708=EDGE_CURVE('',#5459,#5460,#3231,.T.);
#6709=EDGE_CURVE('',#5460,#5461,#3232,.T.);
#6710=EDGE_CURVE('',#5461,#5462,#3233,.T.);
#6711=EDGE_CURVE('',#5462,#5463,#3234,.T.);
#6712=EDGE_CURVE('',#5463,#5464,#3235,.T.);
#6713=EDGE_CURVE('',#5464,#5437,#3236,.T.);
#6714=EDGE_CURVE('',#5465,#5466,#3237,.T.);
#6715=EDGE_CURVE('',#5465,#5467,#3238,.T.);
#6716=EDGE_CURVE('',#5467,#5468,#3239,.T.);
#6717=EDGE_CURVE('',#5466,#5468,#3240,.T.);
#6718=EDGE_CURVE('',#5401,#5421,#3241,.T.);
#6719=EDGE_CURVE('',#5400,#5414,#3242,.T.);
#6720=EDGE_CURVE('',#5431,#5413,#3243,.T.);
#6721=EDGE_CURVE('',#5430,#5422,#3244,.T.);
#6722=EDGE_CURVE('',#5469,#5350,#3245,.T.);
#6723=EDGE_CURVE('',#5470,#5469,#3246,.T.);
#6724=EDGE_CURVE('',#5360,#5470,#3247,.T.);
#6725=EDGE_CURVE('',#5429,#5423,#3248,.T.);
#6726=EDGE_CURVE('',#5469,#5444,#3249,.T.);
#6727=EDGE_CURVE('',#5445,#5351,#3250,.T.);
#6728=EDGE_CURVE('',#5442,#5417,#3251,.T.);
#6729=EDGE_CURVE('',#5416,#5471,#3252,.T.);
#6730=EDGE_CURVE('',#5443,#5471,#3253,.T.);
#6731=EDGE_CURVE('',#5406,#5472,#3254,.T.);
#6732=EDGE_CURVE('',#5416,#5472,#3255,.T.);
#6733=EDGE_CURVE('',#5407,#5415,#3256,.T.);
#6734=EDGE_CURVE('',#5405,#5473,#3257,.T.);
#6735=EDGE_CURVE('',#5472,#5473,#3258,.T.);
#6736=EDGE_CURVE('',#5404,#5474,#3259,.T.);
#6737=EDGE_CURVE('',#5473,#5474,#3260,.T.);
#6738=EDGE_CURVE('',#5403,#5475,#3261,.T.);
#6739=EDGE_CURVE('',#5474,#5475,#3262,.T.);
#6740=EDGE_CURVE('',#5402,#5420,#3263,.T.);
#6741=EDGE_CURVE('',#5475,#5419,#3264,.T.);
#6742=EDGE_CURVE('',#5476,#5394,#3265,.T.);
#6743=EDGE_CURVE('',#5476,#5477,#3266,.T.);
#6744=EDGE_CURVE('',#5477,#5395,#3267,.T.);
#6745=EDGE_CURVE('',#5478,#5476,#3268,.T.);
#6746=EDGE_CURVE('',#5478,#5479,#3269,.T.);
#6747=EDGE_CURVE('',#5479,#5477,#3270,.T.);
#6748=EDGE_CURVE('',#5480,#5478,#3271,.T.);
#6749=EDGE_CURVE('',#5480,#5481,#3272,.T.);
#6750=EDGE_CURVE('',#5481,#5479,#3273,.T.);
#6751=EDGE_CURVE('',#5466,#5480,#3274,.T.);
#6752=EDGE_CURVE('',#5468,#5481,#3275,.T.);
#6753=EDGE_CURVE('',#5482,#5483,#3276,.T.);
#6754=EDGE_CURVE('',#5483,#5467,#3277,.T.);
#6755=EDGE_CURVE('',#5482,#5465,#3278,.T.);
#6756=EDGE_CURVE('',#5397,#5484,#3279,.T.);
#6757=EDGE_CURVE('',#5485,#5396,#3280,.T.);
#6758=EDGE_CURVE('',#5484,#5485,#3281,.T.);
#6759=EDGE_CURVE('',#5486,#5485,#3282,.T.);
#6760=EDGE_CURVE('',#5487,#5486,#3283,.T.);
#6761=EDGE_CURVE('',#5484,#5487,#3284,.T.);
#6762=EDGE_CURVE('',#5487,#5488,#3285,.T.);
#6763=EDGE_CURVE('',#5489,#5486,#3286,.T.);
#6764=EDGE_CURVE('',#5488,#5489,#3287,.T.);
#6765=EDGE_CURVE('',#5488,#5490,#3288,.T.);
#6766=EDGE_CURVE('',#5491,#5489,#3289,.T.);
#6767=EDGE_CURVE('',#5490,#5491,#3290,.T.);
#6768=EDGE_CURVE('',#5490,#5482,#3291,.T.);
#6769=EDGE_CURVE('',#5483,#5491,#3292,.T.);
#6770=EDGE_CURVE('',#5492,#5427,#3293,.T.);
#6771=EDGE_CURVE('',#5493,#5426,#3294,.T.);
#6772=EDGE_CURVE('',#5494,#5493,#3295,.T.);
#6773=EDGE_CURVE('',#5398,#5494,#3296,.T.);
#6774=EDGE_CURVE('',#5393,#5495,#3297,.T.);
#6775=EDGE_CURVE('',#5492,#5495,#3298,.T.);
#6776=EDGE_CURVE('',#5436,#5244,#3299,.T.);
#6777=EDGE_CURVE('',#5435,#5272,#3300,.T.);
#6778=EDGE_CURVE('',#5434,#5300,#3301,.T.);
#6779=EDGE_CURVE('',#5433,#5328,#3302,.T.);
#6780=EDGE_CURVE('',#5432,#5356,#3303,.T.);
#6781=EDGE_CURVE('',#5428,#5412,#3304,.T.);
#6782=EDGE_CURVE('',#5462,#5249,#3305,.T.);
#6783=EDGE_CURVE('',#5248,#5496,#3306,.T.);
#6784=EDGE_CURVE('',#5463,#5496,#3307,.T.);
#6785=EDGE_CURVE('',#5461,#5239,#3308,.T.);
#6786=EDGE_CURVE('',#5497,#5460,#3309,.T.);
#6787=EDGE_CURVE('',#5497,#5238,#3310,.T.);
#6788=EDGE_CURVE('',#5496,#5497,#3311,.T.);
#6789=EDGE_CURVE('',#5458,#5277,#3312,.T.);
#6790=EDGE_CURVE('',#5276,#5498,#3313,.T.);
#6791=EDGE_CURVE('',#5459,#5498,#3314,.T.);
#6792=EDGE_CURVE('',#5457,#5267,#3315,.T.);
#6793=EDGE_CURVE('',#5499,#5456,#3316,.T.);
#6794=EDGE_CURVE('',#5499,#5266,#3317,.T.);
#6795=EDGE_CURVE('',#5498,#5499,#3318,.T.);
#6796=EDGE_CURVE('',#5454,#5305,#3319,.T.);
#6797=EDGE_CURVE('',#5304,#5500,#3320,.T.);
#6798=EDGE_CURVE('',#5455,#5500,#3321,.T.);
#6799=EDGE_CURVE('',#5453,#5295,#3322,.T.);
#6800=EDGE_CURVE('',#5501,#5452,#3323,.T.);
#6801=EDGE_CURVE('',#5501,#5294,#3324,.T.);
#6802=EDGE_CURVE('',#5500,#5501,#3325,.T.);
#6803=EDGE_CURVE('',#5450,#5333,#3326,.T.);
#6804=EDGE_CURVE('',#5332,#5502,#3327,.T.);
#6805=EDGE_CURVE('',#5451,#5502,#3328,.T.);
#6806=EDGE_CURVE('',#5449,#5323,#3329,.T.);
#6807=EDGE_CURVE('',#5503,#5448,#3330,.T.);
#6808=EDGE_CURVE('',#5503,#5322,#3331,.T.);
#6809=EDGE_CURVE('',#5502,#5503,#3332,.T.);
#6810=EDGE_CURVE('',#5446,#5361,#3333,.T.);
#6811=EDGE_CURVE('',#5447,#5470,#3334,.T.);
#6812=EDGE_CURVE('',#5441,#5418,#3335,.T.);
#6813=EDGE_CURVE('',#5504,#5440,#3336,.T.);
#6814=EDGE_CURVE('',#5504,#5419,#3337,.T.);
#6815=EDGE_CURVE('',#5471,#5504,#3338,.T.);
#6816=EDGE_CURVE('',#5505,#5389,#3339,.T.);
#6817=EDGE_CURVE('',#5506,#5505,#3340,.T.);
#6818=EDGE_CURVE('',#5390,#5506,#3341,.T.);
#6819=EDGE_CURVE('',#5507,#5399,#3342,.T.);
#6820=EDGE_CURVE('',#5505,#5507,#3343,.T.);
#6821=EDGE_CURVE('',#5507,#5494,#3344,.T.);
#6822=EDGE_CURVE('',#5508,#5506,#3345,.T.);
#6823=EDGE_CURVE('',#5391,#5508,#3346,.T.);
#6824=EDGE_CURVE('',#5509,#5493,#3347,.T.);
#6825=EDGE_CURVE('',#5510,#5509,#3348,.T.);
#6826=EDGE_CURVE('',#5492,#5510,#3349,.T.);
#6827=EDGE_CURVE('',#5495,#5511,#3350,.T.);
#6828=EDGE_CURVE('',#5511,#5508,#3351,.T.);
#6829=EDGE_CURVE('',#5392,#5511,#3352,.T.);
#6830=EDGE_CURVE('',#5510,#5439,#3353,.T.);
#6831=EDGE_CURVE('',#5509,#5464,#3354,.T.);
#6832=EDGE_CURVE('',#5512,#5512,#507,.T.);
#6833=EDGE_CURVE('',#5513,#5513,#508,.T.);
#6834=EDGE_CURVE('',#5513,#5512,#3355,.T.);
#6835=EDGE_CURVE('',#5514,#5514,#509,.T.);
#6836=EDGE_CURVE('',#5515,#5515,#510,.T.);
#6837=EDGE_CURVE('',#5515,#5514,#3356,.T.);
#6838=EDGE_CURVE('',#5516,#5517,#3357,.T.);
#6839=EDGE_CURVE('',#5518,#5517,#3358,.T.);
#6840=EDGE_CURVE('',#5519,#5518,#3359,.T.);
#6841=EDGE_CURVE('',#5516,#5519,#3360,.T.);
#6842=EDGE_CURVE('',#5520,#5516,#3361,.T.);
#6843=EDGE_CURVE('',#5521,#5519,#3362,.T.);
#6844=EDGE_CURVE('',#5521,#5520,#3363,.T.);
#6845=EDGE_CURVE('',#5522,#5520,#3364,.T.);
#6846=EDGE_CURVE('',#5523,#5521,#3365,.T.);
#6847=EDGE_CURVE('',#5523,#5522,#3366,.T.);
#6848=EDGE_CURVE('',#5517,#5522,#3367,.T.);
#6849=EDGE_CURVE('',#5518,#5523,#3368,.T.);
#6850=EDGE_CURVE('',#5524,#5525,#3369,.T.);
#6851=EDGE_CURVE('',#5526,#5525,#3370,.T.);
#6852=EDGE_CURVE('',#5526,#5527,#3371,.T.);
#6853=EDGE_CURVE('',#5527,#5528,#3372,.T.);
#6854=EDGE_CURVE('',#5528,#5529,#3373,.T.);
#6855=EDGE_CURVE('',#5530,#5529,#3374,.T.);
#6856=EDGE_CURVE('',#5530,#5531,#3375,.T.);
#6857=EDGE_CURVE('',#5531,#5532,#3376,.T.);
#6858=EDGE_CURVE('',#5532,#5533,#3377,.T.);
#6859=EDGE_CURVE('',#5534,#5533,#3378,.T.);
#6860=EDGE_CURVE('',#5534,#5535,#3379,.T.);
#6861=EDGE_CURVE('',#5535,#5536,#3380,.T.);
#6862=EDGE_CURVE('',#5536,#5537,#3381,.T.);
#6863=EDGE_CURVE('',#5538,#5537,#3382,.T.);
#6864=EDGE_CURVE('',#5538,#5539,#3383,.T.);
#6865=EDGE_CURVE('',#5539,#5540,#3384,.T.);
#6866=EDGE_CURVE('',#5540,#5541,#3385,.T.);
#6867=EDGE_CURVE('',#5542,#5541,#3386,.T.);
#6868=EDGE_CURVE('',#5542,#5543,#3387,.T.);
#6869=EDGE_CURVE('',#5543,#5544,#3388,.T.);
#6870=EDGE_CURVE('',#5544,#5545,#3389,.T.);
#6871=EDGE_CURVE('',#5546,#5545,#3390,.T.);
#6872=EDGE_CURVE('',#5546,#5547,#3391,.T.);
#6873=EDGE_CURVE('',#5547,#5548,#3392,.T.);
#6874=EDGE_CURVE('',#5548,#5549,#3393,.T.);
#6875=EDGE_CURVE('',#5550,#5549,#3394,.T.);
#6876=EDGE_CURVE('',#5550,#5551,#3395,.T.);
#6877=EDGE_CURVE('',#5551,#5552,#3396,.T.);
#6878=EDGE_CURVE('',#5552,#5553,#3397,.T.);
#6879=EDGE_CURVE('',#5554,#5553,#3398,.T.);
#6880=EDGE_CURVE('',#5554,#5555,#3399,.T.);
#6881=EDGE_CURVE('',#5555,#5556,#3400,.T.);
#6882=EDGE_CURVE('',#5556,#5557,#3401,.T.);
#6883=EDGE_CURVE('',#5558,#5557,#3402,.T.);
#6884=EDGE_CURVE('',#5558,#5559,#3403,.T.);
#6885=EDGE_CURVE('',#5559,#5560,#3404,.T.);
#6886=EDGE_CURVE('',#5560,#5561,#3405,.T.);
#6887=EDGE_CURVE('',#5562,#5561,#3406,.T.);
#6888=EDGE_CURVE('',#5563,#5562,#3407,.T.);
#6889=EDGE_CURVE('',#5564,#5563,#3408,.T.);
#6890=EDGE_CURVE('',#5565,#5564,#3409,.T.);
#6891=EDGE_CURVE('',#5566,#5565,#3410,.T.);
#6892=EDGE_CURVE('',#5566,#5567,#3411,.T.);
#6893=EDGE_CURVE('',#5567,#5524,#3412,.T.);
#6894=EDGE_CURVE('',#5568,#5568,#511,.T.);
#6895=EDGE_CURVE('',#5569,#5570,#3413,.T.);
#6896=EDGE_CURVE('',#5571,#5570,#3414,.T.);
#6897=EDGE_CURVE('',#5572,#5571,#3415,.T.);
#6898=EDGE_CURVE('',#5572,#5569,#3416,.T.);
#6899=EDGE_CURVE('',#5573,#5574,#3417,.T.);
#6900=EDGE_CURVE('',#5570,#5574,#3418,.T.);
#6901=EDGE_CURVE('',#5569,#5573,#3419,.T.);
#6902=EDGE_CURVE('',#5575,#5575,#512,.T.);
#6903=EDGE_CURVE('',#5575,#5576,#3420,.T.);
#6904=EDGE_CURVE('',#5576,#5576,#513,.T.);
#6905=EDGE_CURVE('',#5577,#5577,#514,.T.);
#6906=EDGE_CURVE('',#5577,#5578,#3421,.T.);
#6907=EDGE_CURVE('',#5578,#5578,#515,.T.);
#6908=EDGE_CURVE('',#5579,#5579,#516,.T.);
#6909=EDGE_CURVE('',#5579,#5580,#3422,.T.);
#6910=EDGE_CURVE('',#5580,#5580,#517,.T.);
#6911=EDGE_CURVE('',#5581,#5581,#518,.T.);
#6912=EDGE_CURVE('',#5581,#5582,#3423,.T.);
#6913=EDGE_CURVE('',#5582,#5582,#519,.T.);
#6914=EDGE_CURVE('',#5583,#5583,#520,.T.);
#6915=EDGE_CURVE('',#5583,#5584,#3424,.T.);
#6916=EDGE_CURVE('',#5584,#5584,#521,.T.);
#6917=EDGE_CURVE('',#5585,#5585,#522,.T.);
#6918=EDGE_CURVE('',#5585,#5586,#3425,.T.);
#6919=EDGE_CURVE('',#5586,#5586,#523,.T.);
#6920=EDGE_CURVE('',#5587,#5588,#3426,.T.);
#6921=EDGE_CURVE('',#5588,#5524,#3427,.T.);
#6922=EDGE_CURVE('',#5587,#5567,#3428,.T.);
#6923=EDGE_CURVE('',#5589,#5588,#3429,.T.);
#6924=EDGE_CURVE('',#5590,#5589,#3430,.T.);
#6925=EDGE_CURVE('',#5525,#5590,#3431,.T.);
#6926=EDGE_CURVE('',#5591,#5566,#3432,.T.);
#6927=EDGE_CURVE('',#5592,#5591,#3433,.T.);
#6928=EDGE_CURVE('',#5587,#5592,#3434,.T.);
#6929=EDGE_CURVE('',#5593,#5594,#3435,.T.);
#6930=EDGE_CURVE('',#5594,#5528,#3436,.T.);
#6931=EDGE_CURVE('',#5593,#5527,#3437,.T.);
#6932=EDGE_CURVE('',#5595,#5594,#3438,.T.);
#6933=EDGE_CURVE('',#5596,#5595,#3439,.T.);
#6934=EDGE_CURVE('',#5529,#5596,#3440,.T.);
#6935=EDGE_CURVE('',#5597,#5526,#3441,.T.);
#6936=EDGE_CURVE('',#5598,#5597,#3442,.T.);
#6937=EDGE_CURVE('',#5593,#5598,#3443,.T.);
#6938=EDGE_CURVE('',#5599,#5600,#3444,.T.);
#6939=EDGE_CURVE('',#5600,#5532,#3445,.T.);
#6940=EDGE_CURVE('',#5599,#5531,#3446,.T.);
#6941=EDGE_CURVE('',#5601,#5600,#3447,.T.);
#6942=EDGE_CURVE('',#5602,#5601,#3448,.T.);
#6943=EDGE_CURVE('',#5533,#5602,#3449,.T.);
#6944=EDGE_CURVE('',#5603,#5530,#3450,.T.);
#6945=EDGE_CURVE('',#5604,#5603,#3451,.T.);
#6946=EDGE_CURVE('',#5599,#5604,#3452,.T.);
#6947=EDGE_CURVE('',#5605,#5606,#3453,.T.);
#6948=EDGE_CURVE('',#5606,#5536,#3454,.T.);
#6949=EDGE_CURVE('',#5605,#5535,#3455,.T.);
#6950=EDGE_CURVE('',#5607,#5606,#3456,.T.);
#6951=EDGE_CURVE('',#5608,#5607,#3457,.T.);
#6952=EDGE_CURVE('',#5537,#5608,#3458,.T.);
#6953=EDGE_CURVE('',#5609,#5534,#3459,.T.);
#6954=EDGE_CURVE('',#5610,#5609,#3460,.T.);
#6955=EDGE_CURVE('',#5605,#5610,#3461,.T.);
#6956=EDGE_CURVE('',#5611,#5612,#3462,.T.);
#6957=EDGE_CURVE('',#5612,#5540,#3463,.T.);
#6958=EDGE_CURVE('',#5611,#5539,#3464,.T.);
#6959=EDGE_CURVE('',#5613,#5612,#3465,.T.);
#6960=EDGE_CURVE('',#5614,#5613,#3466,.T.);
#6961=EDGE_CURVE('',#5541,#5614,#3467,.T.);
#6962=EDGE_CURVE('',#5615,#5538,#3468,.T.);
#6963=EDGE_CURVE('',#5616,#5615,#3469,.T.);
#6964=EDGE_CURVE('',#5611,#5616,#3470,.T.);
#6965=EDGE_CURVE('',#5617,#5618,#3471,.T.);
#6966=EDGE_CURVE('',#5618,#5544,#3472,.T.);
#6967=EDGE_CURVE('',#5617,#5543,#3473,.T.);
#6968=EDGE_CURVE('',#5619,#5618,#3474,.T.);
#6969=EDGE_CURVE('',#5620,#5619,#3475,.T.);
#6970=EDGE_CURVE('',#5545,#5620,#3476,.T.);
#6971=EDGE_CURVE('',#5621,#5542,#3477,.T.);
#6972=EDGE_CURVE('',#5622,#5621,#3478,.T.);
#6973=EDGE_CURVE('',#5617,#5622,#3479,.T.);
#6974=EDGE_CURVE('',#5623,#5624,#3480,.T.);
#6975=EDGE_CURVE('',#5624,#5548,#3481,.T.);
#6976=EDGE_CURVE('',#5623,#5547,#3482,.T.);
#6977=EDGE_CURVE('',#5625,#5624,#3483,.T.);
#6978=EDGE_CURVE('',#5626,#5625,#3484,.T.);
#6979=EDGE_CURVE('',#5549,#5626,#3485,.T.);
#6980=EDGE_CURVE('',#5627,#5546,#3486,.T.);
#6981=EDGE_CURVE('',#5628,#5627,#3487,.T.);
#6982=EDGE_CURVE('',#5623,#5628,#3488,.T.);
#6983=EDGE_CURVE('',#5629,#5630,#3489,.T.);
#6984=EDGE_CURVE('',#5630,#5552,#3490,.T.);
#6985=EDGE_CURVE('',#5629,#5551,#3491,.T.);
#6986=EDGE_CURVE('',#5631,#5630,#3492,.T.);
#6987=EDGE_CURVE('',#5632,#5631,#3493,.T.);
#6988=EDGE_CURVE('',#5553,#5632,#3494,.T.);
#6989=EDGE_CURVE('',#5633,#5550,#3495,.T.);
#6990=EDGE_CURVE('',#5634,#5633,#3496,.T.);
#6991=EDGE_CURVE('',#5629,#5634,#3497,.T.);
#6992=EDGE_CURVE('',#5635,#5636,#3498,.T.);
#6993=EDGE_CURVE('',#5636,#5556,#3499,.T.);
#6994=EDGE_CURVE('',#5635,#5555,#3500,.T.);
#6995=EDGE_CURVE('',#5637,#5636,#3501,.T.);
#6996=EDGE_CURVE('',#5638,#5637,#3502,.T.);
#6997=EDGE_CURVE('',#5557,#5638,#3503,.T.);
#6998=EDGE_CURVE('',#5639,#5554,#3504,.T.);
#6999=EDGE_CURVE('',#5640,#5639,#3505,.T.);
#7000=EDGE_CURVE('',#5635,#5640,#3506,.T.);
#7001=EDGE_CURVE('',#5641,#5592,#3507,.T.);
#7002=EDGE_CURVE('',#5642,#5641,#3508,.T.);
#7003=EDGE_CURVE('',#5642,#5587,#3509,.T.);
#7004=EDGE_CURVE('',#5636,#5643,#3510,.T.);
#7005=EDGE_CURVE('',#5643,#5644,#3511,.T.);
#7006=EDGE_CURVE('',#5637,#5644,#3512,.T.);
#7007=EDGE_CURVE('',#5630,#5635,#3513,.T.);
#7008=EDGE_CURVE('',#5631,#5640,#3514,.T.);
#7009=EDGE_CURVE('',#5624,#5629,#3515,.T.);
#7010=EDGE_CURVE('',#5625,#5634,#3516,.T.);
#7011=EDGE_CURVE('',#5618,#5623,#3517,.T.);
#7012=EDGE_CURVE('',#5619,#5628,#3518,.T.);
#7013=EDGE_CURVE('',#5612,#5617,#3519,.T.);
#7014=EDGE_CURVE('',#5613,#5622,#3520,.T.);
#7015=EDGE_CURVE('',#5606,#5611,#3521,.T.);
#7016=EDGE_CURVE('',#5607,#5616,#3522,.T.);
#7017=EDGE_CURVE('',#5600,#5605,#3523,.T.);
#7018=EDGE_CURVE('',#5601,#5610,#3524,.T.);
#7019=EDGE_CURVE('',#5594,#5599,#3525,.T.);
#7020=EDGE_CURVE('',#5595,#5604,#3526,.T.);
#7021=EDGE_CURVE('',#5645,#5591,#3527,.T.);
#7022=EDGE_CURVE('',#5645,#5641,#3528,.T.);
#7023=EDGE_CURVE('',#5644,#5646,#3529,.T.);
#7024=EDGE_CURVE('',#5638,#5646,#3530,.T.);
#7025=EDGE_CURVE('',#5632,#5639,#3531,.T.);
#7026=EDGE_CURVE('',#5626,#5633,#3532,.T.);
#7027=EDGE_CURVE('',#5620,#5627,#3533,.T.);
#7028=EDGE_CURVE('',#5614,#5621,#3534,.T.);
#7029=EDGE_CURVE('',#5608,#5615,#3535,.T.);
#7030=EDGE_CURVE('',#5602,#5609,#3536,.T.);
#7031=EDGE_CURVE('',#5596,#5603,#3537,.T.);
#7032=EDGE_CURVE('',#5646,#5558,#3538,.T.);
#7033=EDGE_CURVE('',#5565,#5645,#3539,.T.);
#7034=EDGE_CURVE('',#5647,#5560,#3540,.T.);
#7035=EDGE_CURVE('',#5648,#5647,#3541,.T.);
#7036=EDGE_CURVE('',#5649,#5648,#3542,.T.);
#7037=EDGE_CURVE('',#5561,#5649,#3543,.T.);
#7038=EDGE_CURVE('',#5643,#5559,#3544,.T.);
#7039=EDGE_CURVE('',#5643,#5647,#3545,.T.);
#7040=EDGE_CURVE('',#5590,#5597,#3546,.T.);
#7041=EDGE_CURVE('',#5649,#5650,#3547,.T.);
#7042=EDGE_CURVE('',#5650,#5562,#3548,.T.);
#7043=EDGE_CURVE('',#5589,#5598,#3549,.T.);
#7044=EDGE_CURVE('',#5648,#5651,#3550,.T.);
#7045=EDGE_CURVE('',#5650,#5651,#3551,.T.);
#7046=EDGE_CURVE('',#5588,#5593,#3552,.T.);
#7047=EDGE_CURVE('',#5647,#5652,#3553,.T.);
#7048=EDGE_CURVE('',#5651,#5652,#3554,.T.);
#7049=EDGE_CURVE('',#5653,#5654,#3555,.T.);
#7050=EDGE_CURVE('',#5655,#5653,#3556,.T.);
#7051=EDGE_CURVE('',#5656,#5655,#3557,.T.);
#7052=EDGE_CURVE('',#5657,#5656,#3558,.T.);
#7053=EDGE_CURVE('',#5657,#5658,#3559,.T.);
#7054=EDGE_CURVE('',#5658,#5654,#3560,.T.);
#7055=EDGE_CURVE('',#5659,#5653,#524,.T.);
#7056=EDGE_CURVE('',#5654,#5659,#3561,.T.);
#7057=EDGE_CURVE('',#5660,#5564,#3562,.T.);
#7058=EDGE_CURVE('',#5661,#5660,#3563,.T.);
#7059=EDGE_CURVE('',#5661,#5662,#3564,.T.);
#7060=EDGE_CURVE('',#5642,#5662,#3565,.T.);
#7061=EDGE_CURVE('',#5663,#5663,#525,.T.);
#7062=EDGE_CURVE('',#5663,#5653,#3566,.T.);
#7063=EDGE_CURVE('',#5653,#5659,#526,.T.);
#7064=EDGE_CURVE('',#5664,#5665,#527,.T.);
#7065=EDGE_CURVE('',#5665,#5666,#528,.T.);
#7066=EDGE_CURVE('',#5666,#5667,#3567,.T.);
#7067=EDGE_CURVE('',#5667,#5668,#529,.T.);
#7068=EDGE_CURVE('',#5668,#5669,#530,.T.);
#7069=EDGE_CURVE('',#5669,#5670,#3568,.T.);
#7070=EDGE_CURVE('',#5670,#5655,#531,.T.);
#7071=EDGE_CURVE('',#5659,#5664,#3569,.T.);
#7072=EDGE_CURVE('',#5671,#5671,#532,.T.);
#7073=EDGE_CURVE('',#5671,#5665,#3570,.T.);
#7074=EDGE_CURVE('',#5666,#5664,#533,.T.);
#7075=EDGE_CURVE('',#5672,#5673,#3571,.T.);
#7076=EDGE_CURVE('',#5574,#5672,#3572,.T.);
#7077=EDGE_CURVE('',#5573,#5673,#3573,.T.);
#7078=EDGE_CURVE('',#5672,#5571,#3574,.T.);
#7079=EDGE_CURVE('',#5673,#5572,#3575,.T.);
#7080=EDGE_CURVE('',#5674,#5661,#3576,.T.);
#7081=EDGE_CURVE('',#5675,#5674,#3577,.T.);
#7082=EDGE_CURVE('',#5675,#5662,#3578,.T.);
#7083=EDGE_CURVE('',#5675,#5652,#3579,.T.);
#7084=EDGE_CURVE('',#5674,#5676,#3580,.T.);
#7085=EDGE_CURVE('',#5563,#5676,#3581,.T.);
#7086=EDGE_CURVE('',#5677,#5666,#3582,.T.);
#7087=EDGE_CURVE('',#5664,#5677,#3583,.T.);
#7088=EDGE_CURVE('',#5678,#5679,#3584,.T.);
#7089=EDGE_CURVE('',#5680,#5679,#3585,.T.);
#7090=EDGE_CURVE('',#5667,#5680,#3586,.T.);
#7091=EDGE_CURVE('',#5678,#5677,#3587,.T.);
#7092=EDGE_CURVE('',#5676,#5660,#3588,.T.);
#7093=EDGE_CURVE('',#5658,#5678,#3589,.T.);
#7094=EDGE_CURVE('',#5679,#5657,#3590,.T.);
#7095=EDGE_CURVE('',#5681,#5681,#534,.T.);
#7096=EDGE_CURVE('',#5681,#5682,#535,.T.);
#7097=EDGE_CURVE('',#5682,#5682,#536,.T.);
#7098=EDGE_CURVE('',#5683,#5683,#537,.T.);
#7099=EDGE_CURVE('',#5683,#5684,#3591,.T.);
#7100=EDGE_CURVE('',#5684,#5684,#538,.T.);
#7101=EDGE_CURVE('',#5683,#5568,#3592,.T.);
#7102=EDGE_CURVE('',#5685,#5685,#539,.T.);
#7103=EDGE_CURVE('',#5685,#5655,#3593,.T.);
#7104=EDGE_CURVE('',#5655,#5670,#540,.T.);
#7105=EDGE_CURVE('',#5686,#5686,#541,.T.);
#7106=EDGE_CURVE('',#5686,#5668,#3594,.T.);
#7107=EDGE_CURVE('',#5669,#5667,#542,.T.);
#7108=EDGE_CURVE('',#5680,#5669,#3595,.T.);
#7109=EDGE_CURVE('',#5670,#5656,#3596,.T.);
#7110=EDGE_CURVE('',#5687,#5688,#3597,.T.);
#7111=EDGE_CURVE('',#5687,#5689,#3598,.T.);
#7112=EDGE_CURVE('',#5690,#5689,#3599,.T.);
#7113=EDGE_CURVE('',#5691,#5690,#4806,.T.);
#7114=EDGE_CURVE('',#5688,#5691,#3600,.T.);
#7115=EDGE_CURVE('',#5692,#5693,#3601,.T.);
#7116=EDGE_CURVE('',#5694,#5692,#3602,.T.);
#7117=EDGE_CURVE('',#5695,#5694,#4807,.T.);
#7118=EDGE_CURVE('',#5696,#5695,#3603,.T.);
#7119=EDGE_CURVE('',#5696,#5693,#3604,.T.);
#7120=EDGE_CURVE('',#5697,#5698,#3605,.T.);
#7121=EDGE_CURVE('',#5699,#5697,#3606,.T.);
#7122=EDGE_CURVE('',#5700,#5699,#4808,.T.);
#7123=EDGE_CURVE('',#5701,#5700,#3607,.T.);
#7124=EDGE_CURVE('',#5701,#5698,#3608,.T.);
#7125=EDGE_CURVE('',#5702,#5703,#3609,.T.);
#7126=EDGE_CURVE('',#5702,#5704,#3610,.T.);
#7127=EDGE_CURVE('',#5705,#5704,#3611,.T.);
#7128=EDGE_CURVE('',#5706,#5705,#4809,.T.);
#7129=EDGE_CURVE('',#5703,#5706,#3612,.T.);
#7130=EDGE_CURVE('',#5698,#5687,#4810,.T.);
#7131=EDGE_CURVE('',#5689,#5701,#4811,.T.);
#7132=EDGE_CURVE('',#5693,#5702,#4812,.T.);
#7133=EDGE_CURVE('',#5704,#5696,#4813,.T.);
#7134=EDGE_CURVE('',#5707,#5708,#3613,.T.);
#7135=EDGE_CURVE('',#5709,#5707,#3614,.T.);
#7136=EDGE_CURVE('',#5710,#5709,#4814,.T.);
#7137=EDGE_CURVE('',#5711,#5710,#3615,.T.);
#7138=EDGE_CURVE('',#5711,#5708,#3616,.T.);
#7139=EDGE_CURVE('',#5712,#5713,#3617,.T.);
#7140=EDGE_CURVE('',#5714,#5712,#3618,.T.);
#7141=EDGE_CURVE('',#5715,#5714,#3619,.T.);
#7142=EDGE_CURVE('',#5716,#5715,#4815,.T.);
#7143=EDGE_CURVE('',#5713,#5716,#3620,.T.);
#7144=EDGE_CURVE('',#5717,#5718,#3621,.T.);
#7145=EDGE_CURVE('',#5719,#5717,#3622,.T.);
#7146=EDGE_CURVE('',#5720,#5719,#3623,.T.);
#7147=EDGE_CURVE('',#5721,#5720,#3624,.T.);
#7148=EDGE_CURVE('',#5718,#5721,#4816,.T.);
#7149=EDGE_CURVE('',#5708,#5712,#4817,.T.);
#7150=EDGE_CURVE('',#5722,#5711,#4818,.T.);
#7151=EDGE_CURVE('',#5714,#5722,#4819,.T.);
#7152=EDGE_CURVE('',#5723,#5724,#3625,.T.);
#7153=EDGE_CURVE('',#5725,#5723,#4820,.T.);
#7154=EDGE_CURVE('',#5726,#5725,#3626,.T.);
#7155=EDGE_CURVE('',#5727,#5726,#3627,.T.);
#7156=EDGE_CURVE('',#5727,#5724,#3628,.T.);
#7157=EDGE_CURVE('',#5728,#5717,#4821,.T.);
#7158=EDGE_CURVE('',#5724,#5728,#4822,.T.);
#7159=EDGE_CURVE('',#5719,#5727,#4823,.T.);
#7160=EDGE_CURVE('',#5706,#5699,#543,.T.);
#7161=EDGE_CURVE('',#5729,#5697,#544,.T.);
#7162=EDGE_CURVE('',#5703,#5729,#545,.T.);
#7163=EDGE_CURVE('',#5705,#5730,#546,.T.);
#7164=EDGE_CURVE('',#5730,#5700,#547,.T.);
#7165=EDGE_CURVE('',#5729,#5731,#3629,.T.);
#7166=EDGE_CURVE('',#5720,#5731,#548,.T.);
#7167=EDGE_CURVE('',#5707,#5726,#549,.T.);
#7168=EDGE_CURVE('',#5731,#5713,#550,.T.);
#7169=EDGE_CURVE('',#5688,#5692,#551,.T.);
#7170=EDGE_CURVE('',#5709,#5725,#552,.T.);
#7171=EDGE_CURVE('',#5721,#5716,#553,.T.);
#7172=EDGE_CURVE('',#5718,#5715,#554,.T.);
#7173=EDGE_CURVE('',#5728,#5722,#555,.T.);
#7174=EDGE_CURVE('',#5710,#5723,#556,.T.);
#7175=EDGE_CURVE('',#5732,#5732,#557,.T.);
#7176=EDGE_CURVE('',#5733,#5733,#558,.T.);
#7177=EDGE_CURVE('',#5690,#5695,#559,.T.);
#7178=EDGE_CURVE('',#5730,#5733,#3630,.T.);
#7179=EDGE_CURVE('',#5691,#5694,#560,.T.);
#7180=EDGE_CURVE('',#5722,#5728,#561,.T.);
#7181=EDGE_CURVE('',#5734,#5734,#562,.T.);
#7182=EDGE_CURVE('',#5732,#5734,#3631,.T.);
#7183=EDGE_CURVE('',#5735,#5735,#563,.T.);
#7184=EDGE_CURVE('',#5735,#5736,#564,.T.);
#7185=EDGE_CURVE('',#5736,#5737,#565,.T.);
#7186=EDGE_CURVE('',#5737,#5736,#566,.T.);
#7187=EDGE_CURVE('',#5738,#5739,#567,.T.);
#7188=EDGE_CURVE('',#5739,#5738,#568,.T.);
#7189=EDGE_CURVE('',#5739,#5737,#3632,.T.);
#7190=EDGE_CURVE('',#5740,#5740,#569,.T.);
#7191=EDGE_CURVE('',#5741,#5741,#570,.T.);
#7192=EDGE_CURVE('',#5741,#5738,#3633,.T.);
#7193=EDGE_CURVE('',#5742,#5743,#571,.T.);
#7194=EDGE_CURVE('',#5743,#5742,#572,.T.);
#7195=EDGE_CURVE('',#5742,#5744,#573,.T.);
#7196=EDGE_CURVE('',#5744,#5744,#574,.T.);
#7197=EDGE_CURVE('',#5745,#5746,#3634,.T.);
#7198=EDGE_CURVE('',#5746,#5747,#3635,.T.);
#7199=EDGE_CURVE('',#5747,#5748,#3636,.T.);
#7200=EDGE_CURVE('',#5748,#5749,#3637,.T.);
#7201=EDGE_CURVE('',#5749,#5750,#3638,.T.);
#7202=EDGE_CURVE('',#5750,#5745,#3639,.T.);
#7203=EDGE_CURVE('',#5740,#5743,#3640,.T.);
#7204=EDGE_CURVE('',#5751,#5752,#15,.T.);
#7205=EDGE_CURVE('',#5751,#5750,#3641,.T.);
#7206=EDGE_CURVE('',#5752,#5749,#3642,.T.);
#7207=EDGE_CURVE('',#5753,#5751,#16,.T.);
#7208=EDGE_CURVE('',#5753,#5745,#3643,.T.);
#7209=EDGE_CURVE('',#5754,#5753,#17,.T.);
#7210=EDGE_CURVE('',#5754,#5746,#3644,.T.);
#7211=EDGE_CURVE('',#5755,#5754,#18,.T.);
#7212=EDGE_CURVE('',#5747,#5755,#3645,.T.);
#7213=EDGE_CURVE('',#5752,#5756,#19,.T.);
#7214=EDGE_CURVE('',#5757,#5748,#3646,.T.);
#7215=EDGE_CURVE('',#5756,#5757,#20,.T.);
#7216=EDGE_CURVE('',#5757,#5755,#21,.T.);
#7217=EDGE_CURVE('',#5758,#5756,#3647,.T.);
#7218=ORIENTED_EDGE('',*,*,#5759,.T.);
#7219=ORIENTED_EDGE('',*,*,#5760,.T.);
#7220=ORIENTED_EDGE('',*,*,#5761,.F.);
#7221=ORIENTED_EDGE('',*,*,#5762,.F.);
#7222=ORIENTED_EDGE('',*,*,#5763,.T.);
#7223=ORIENTED_EDGE('',*,*,#5764,.T.);
#7224=ORIENTED_EDGE('',*,*,#5765,.F.);
#7225=ORIENTED_EDGE('',*,*,#5760,.F.);
#7226=ORIENTED_EDGE('',*,*,#5766,.T.);
#7227=ORIENTED_EDGE('',*,*,#5767,.T.);
#7228=ORIENTED_EDGE('',*,*,#5768,.F.);
#7229=ORIENTED_EDGE('',*,*,#5764,.F.);
#7230=ORIENTED_EDGE('',*,*,#5769,.T.);
#7231=ORIENTED_EDGE('',*,*,#5762,.T.);
#7232=ORIENTED_EDGE('',*,*,#5770,.F.);
#7233=ORIENTED_EDGE('',*,*,#5767,.F.);
#7234=ORIENTED_EDGE('',*,*,#5771,.T.);
#7235=ORIENTED_EDGE('',*,*,#5772,.T.);
#7236=ORIENTED_EDGE('',*,*,#5773,.T.);
#7237=ORIENTED_EDGE('',*,*,#5774,.T.);
#7238=ORIENTED_EDGE('',*,*,#5759,.F.);
#7239=ORIENTED_EDGE('',*,*,#5769,.F.);
#7240=ORIENTED_EDGE('',*,*,#5766,.F.);
#7241=ORIENTED_EDGE('',*,*,#5763,.F.);
#7242=ORIENTED_EDGE('',*,*,#5771,.F.);
#7243=ORIENTED_EDGE('',*,*,#5775,.T.);
#7244=ORIENTED_EDGE('',*,*,#5776,.F.);
#7245=ORIENTED_EDGE('',*,*,#5777,.F.);
#7246=ORIENTED_EDGE('',*,*,#5772,.F.);
#7247=ORIENTED_EDGE('',*,*,#5777,.T.);
#7248=ORIENTED_EDGE('',*,*,#5778,.F.);
#7249=ORIENTED_EDGE('',*,*,#5779,.F.);
#7250=ORIENTED_EDGE('',*,*,#5773,.F.);
#7251=ORIENTED_EDGE('',*,*,#5779,.T.);
#7252=ORIENTED_EDGE('',*,*,#5780,.F.);
#7253=ORIENTED_EDGE('',*,*,#5781,.F.);
#7254=ORIENTED_EDGE('',*,*,#5774,.F.);
#7255=ORIENTED_EDGE('',*,*,#5781,.T.);
#7256=ORIENTED_EDGE('',*,*,#5782,.F.);
#7257=ORIENTED_EDGE('',*,*,#5775,.F.);
#7258=ORIENTED_EDGE('',*,*,#5783,.T.);
#7259=ORIENTED_EDGE('',*,*,#5784,.T.);
#7260=ORIENTED_EDGE('',*,*,#5785,.T.);
#7261=ORIENTED_EDGE('',*,*,#5786,.T.);
#7262=ORIENTED_EDGE('',*,*,#5787,.T.);
#7263=ORIENTED_EDGE('',*,*,#5788,.T.);
#7264=ORIENTED_EDGE('',*,*,#5789,.T.);
#7265=ORIENTED_EDGE('',*,*,#5790,.T.);
#7266=ORIENTED_EDGE('',*,*,#5791,.T.);
#7267=ORIENTED_EDGE('',*,*,#5792,.T.);
#7268=ORIENTED_EDGE('',*,*,#5793,.T.);
#7269=ORIENTED_EDGE('',*,*,#5794,.T.);
#7270=ORIENTED_EDGE('',*,*,#5795,.T.);
#7271=ORIENTED_EDGE('',*,*,#5796,.T.);
#7272=ORIENTED_EDGE('',*,*,#5797,.T.);
#7273=ORIENTED_EDGE('',*,*,#5783,.F.);
#7274=ORIENTED_EDGE('',*,*,#5798,.T.);
#7275=ORIENTED_EDGE('',*,*,#5799,.F.);
#7276=ORIENTED_EDGE('',*,*,#5800,.F.);
#7277=ORIENTED_EDGE('',*,*,#5784,.F.);
#7278=ORIENTED_EDGE('',*,*,#5800,.T.);
#7279=ORIENTED_EDGE('',*,*,#5801,.F.);
#7280=ORIENTED_EDGE('',*,*,#5802,.F.);
#7281=ORIENTED_EDGE('',*,*,#5785,.F.);
#7282=ORIENTED_EDGE('',*,*,#5802,.T.);
#7283=ORIENTED_EDGE('',*,*,#5803,.F.);
#7284=ORIENTED_EDGE('',*,*,#5804,.F.);
#7285=ORIENTED_EDGE('',*,*,#5786,.F.);
#7286=ORIENTED_EDGE('',*,*,#5804,.T.);
#7287=ORIENTED_EDGE('',*,*,#5805,.F.);
#7288=ORIENTED_EDGE('',*,*,#5806,.F.);
#7289=ORIENTED_EDGE('',*,*,#5787,.F.);
#7290=ORIENTED_EDGE('',*,*,#5806,.T.);
#7291=ORIENTED_EDGE('',*,*,#5807,.F.);
#7292=ORIENTED_EDGE('',*,*,#5808,.F.);
#7293=ORIENTED_EDGE('',*,*,#5788,.F.);
#7294=ORIENTED_EDGE('',*,*,#5808,.T.);
#7295=ORIENTED_EDGE('',*,*,#5809,.F.);
#7296=ORIENTED_EDGE('',*,*,#5810,.F.);
#7297=ORIENTED_EDGE('',*,*,#5789,.F.);
#7298=ORIENTED_EDGE('',*,*,#5810,.T.);
#7299=ORIENTED_EDGE('',*,*,#5811,.F.);
#7300=ORIENTED_EDGE('',*,*,#5812,.F.);
#7301=ORIENTED_EDGE('',*,*,#5790,.F.);
#7302=ORIENTED_EDGE('',*,*,#5812,.T.);
#7303=ORIENTED_EDGE('',*,*,#5813,.F.);
#7304=ORIENTED_EDGE('',*,*,#5814,.F.);
#7305=ORIENTED_EDGE('',*,*,#5791,.F.);
#7306=ORIENTED_EDGE('',*,*,#5814,.T.);
#7307=ORIENTED_EDGE('',*,*,#5815,.F.);
#7308=ORIENTED_EDGE('',*,*,#5816,.F.);
#7309=ORIENTED_EDGE('',*,*,#5792,.F.);
#7310=ORIENTED_EDGE('',*,*,#5816,.T.);
#7311=ORIENTED_EDGE('',*,*,#5817,.F.);
#7312=ORIENTED_EDGE('',*,*,#5818,.F.);
#7313=ORIENTED_EDGE('',*,*,#5793,.F.);
#7314=ORIENTED_EDGE('',*,*,#5818,.T.);
#7315=ORIENTED_EDGE('',*,*,#5819,.F.);
#7316=ORIENTED_EDGE('',*,*,#5820,.F.);
#7317=ORIENTED_EDGE('',*,*,#5794,.F.);
#7318=ORIENTED_EDGE('',*,*,#5820,.T.);
#7319=ORIENTED_EDGE('',*,*,#5821,.F.);
#7320=ORIENTED_EDGE('',*,*,#5822,.F.);
#7321=ORIENTED_EDGE('',*,*,#5795,.F.);
#7322=ORIENTED_EDGE('',*,*,#5822,.T.);
#7323=ORIENTED_EDGE('',*,*,#5823,.F.);
#7324=ORIENTED_EDGE('',*,*,#5824,.F.);
#7325=ORIENTED_EDGE('',*,*,#5796,.F.);
#7326=ORIENTED_EDGE('',*,*,#5824,.T.);
#7327=ORIENTED_EDGE('',*,*,#5825,.F.);
#7328=ORIENTED_EDGE('',*,*,#5826,.F.);
#7329=ORIENTED_EDGE('',*,*,#5797,.F.);
#7330=ORIENTED_EDGE('',*,*,#5826,.T.);
#7331=ORIENTED_EDGE('',*,*,#5827,.F.);
#7332=ORIENTED_EDGE('',*,*,#5798,.F.);
#7333=ORIENTED_EDGE('',*,*,#5828,.T.);
#7334=ORIENTED_EDGE('',*,*,#5829,.T.);
#7335=ORIENTED_EDGE('',*,*,#5830,.F.);
#7336=ORIENTED_EDGE('',*,*,#5831,.F.);
#7337=ORIENTED_EDGE('',*,*,#5832,.T.);
#7338=ORIENTED_EDGE('',*,*,#5833,.T.);
#7339=ORIENTED_EDGE('',*,*,#5834,.F.);
#7340=ORIENTED_EDGE('',*,*,#5829,.F.);
#7341=ORIENTED_EDGE('',*,*,#5835,.T.);
#7342=ORIENTED_EDGE('',*,*,#5836,.T.);
#7343=ORIENTED_EDGE('',*,*,#5837,.F.);
#7344=ORIENTED_EDGE('',*,*,#5833,.F.);
#7345=ORIENTED_EDGE('',*,*,#5838,.T.);
#7346=ORIENTED_EDGE('',*,*,#5831,.T.);
#7347=ORIENTED_EDGE('',*,*,#5839,.F.);
#7348=ORIENTED_EDGE('',*,*,#5836,.F.);
#7349=ORIENTED_EDGE('',*,*,#5840,.T.);
#7350=ORIENTED_EDGE('',*,*,#5841,.T.);
#7351=ORIENTED_EDGE('',*,*,#5842,.T.);
#7352=ORIENTED_EDGE('',*,*,#5843,.T.);
#7353=ORIENTED_EDGE('',*,*,#5828,.F.);
#7354=ORIENTED_EDGE('',*,*,#5838,.F.);
#7355=ORIENTED_EDGE('',*,*,#5835,.F.);
#7356=ORIENTED_EDGE('',*,*,#5832,.F.);
#7357=ORIENTED_EDGE('',*,*,#5840,.F.);
#7358=ORIENTED_EDGE('',*,*,#5844,.T.);
#7359=ORIENTED_EDGE('',*,*,#5845,.F.);
#7360=ORIENTED_EDGE('',*,*,#5846,.F.);
#7361=ORIENTED_EDGE('',*,*,#5841,.F.);
#7362=ORIENTED_EDGE('',*,*,#5846,.T.);
#7363=ORIENTED_EDGE('',*,*,#5847,.F.);
#7364=ORIENTED_EDGE('',*,*,#5848,.F.);
#7365=ORIENTED_EDGE('',*,*,#5842,.F.);
#7366=ORIENTED_EDGE('',*,*,#5848,.T.);
#7367=ORIENTED_EDGE('',*,*,#5849,.F.);
#7368=ORIENTED_EDGE('',*,*,#5850,.F.);
#7369=ORIENTED_EDGE('',*,*,#5843,.F.);
#7370=ORIENTED_EDGE('',*,*,#5850,.T.);
#7371=ORIENTED_EDGE('',*,*,#5851,.F.);
#7372=ORIENTED_EDGE('',*,*,#5844,.F.);
#7373=ORIENTED_EDGE('',*,*,#5852,.T.);
#7374=ORIENTED_EDGE('',*,*,#5853,.T.);
#7375=ORIENTED_EDGE('',*,*,#5854,.T.);
#7376=ORIENTED_EDGE('',*,*,#5855,.T.);
#7377=ORIENTED_EDGE('',*,*,#5856,.T.);
#7378=ORIENTED_EDGE('',*,*,#5857,.T.);
#7379=ORIENTED_EDGE('',*,*,#5858,.T.);
#7380=ORIENTED_EDGE('',*,*,#5852,.F.);
#7381=ORIENTED_EDGE('',*,*,#5859,.T.);
#7382=ORIENTED_EDGE('',*,*,#5860,.F.);
#7383=ORIENTED_EDGE('',*,*,#5861,.F.);
#7384=ORIENTED_EDGE('',*,*,#5853,.F.);
#7385=ORIENTED_EDGE('',*,*,#5861,.T.);
#7386=ORIENTED_EDGE('',*,*,#5862,.F.);
#7387=ORIENTED_EDGE('',*,*,#5863,.F.);
#7388=ORIENTED_EDGE('',*,*,#5854,.F.);
#7389=ORIENTED_EDGE('',*,*,#5863,.T.);
#7390=ORIENTED_EDGE('',*,*,#5864,.F.);
#7391=ORIENTED_EDGE('',*,*,#5865,.F.);
#7392=ORIENTED_EDGE('',*,*,#5855,.F.);
#7393=ORIENTED_EDGE('',*,*,#5865,.T.);
#7394=ORIENTED_EDGE('',*,*,#5866,.F.);
#7395=ORIENTED_EDGE('',*,*,#5867,.F.);
#7396=ORIENTED_EDGE('',*,*,#5856,.F.);
#7397=ORIENTED_EDGE('',*,*,#5867,.T.);
#7398=ORIENTED_EDGE('',*,*,#5868,.F.);
#7399=ORIENTED_EDGE('',*,*,#5869,.F.);
#7400=ORIENTED_EDGE('',*,*,#5857,.F.);
#7401=ORIENTED_EDGE('',*,*,#5869,.T.);
#7402=ORIENTED_EDGE('',*,*,#5870,.F.);
#7403=ORIENTED_EDGE('',*,*,#5871,.F.);
#7404=ORIENTED_EDGE('',*,*,#5858,.F.);
#7405=ORIENTED_EDGE('',*,*,#5871,.T.);
#7406=ORIENTED_EDGE('',*,*,#5872,.F.);
#7407=ORIENTED_EDGE('',*,*,#5859,.F.);
#7408=ORIENTED_EDGE('',*,*,#5873,.T.);
#7409=ORIENTED_EDGE('',*,*,#5874,.F.);
#7410=ORIENTED_EDGE('',*,*,#5875,.T.);
#7411=ORIENTED_EDGE('',*,*,#5876,.F.);
#7412=ORIENTED_EDGE('',*,*,#5877,.T.);
#7413=ORIENTED_EDGE('',*,*,#5878,.F.);
#7414=ORIENTED_EDGE('',*,*,#5879,.F.);
#7415=ORIENTED_EDGE('',*,*,#5880,.F.);
#7416=ORIENTED_EDGE('',*,*,#5776,.T.);
#7417=ORIENTED_EDGE('',*,*,#5782,.T.);
#7418=ORIENTED_EDGE('',*,*,#5780,.T.);
#7419=ORIENTED_EDGE('',*,*,#5778,.T.);
#7420=ORIENTED_EDGE('',*,*,#5799,.T.);
#7421=ORIENTED_EDGE('',*,*,#5827,.T.);
#7422=ORIENTED_EDGE('',*,*,#5825,.T.);
#7423=ORIENTED_EDGE('',*,*,#5823,.T.);
#7424=ORIENTED_EDGE('',*,*,#5821,.T.);
#7425=ORIENTED_EDGE('',*,*,#5819,.T.);
#7426=ORIENTED_EDGE('',*,*,#5817,.T.);
#7427=ORIENTED_EDGE('',*,*,#5815,.T.);
#7428=ORIENTED_EDGE('',*,*,#5813,.T.);
#7429=ORIENTED_EDGE('',*,*,#5811,.T.);
#7430=ORIENTED_EDGE('',*,*,#5809,.T.);
#7431=ORIENTED_EDGE('',*,*,#5807,.T.);
#7432=ORIENTED_EDGE('',*,*,#5805,.T.);
#7433=ORIENTED_EDGE('',*,*,#5803,.T.);
#7434=ORIENTED_EDGE('',*,*,#5801,.T.);
#7435=ORIENTED_EDGE('',*,*,#5845,.T.);
#7436=ORIENTED_EDGE('',*,*,#5851,.T.);
#7437=ORIENTED_EDGE('',*,*,#5849,.T.);
#7438=ORIENTED_EDGE('',*,*,#5847,.T.);
#7439=ORIENTED_EDGE('',*,*,#5860,.T.);
#7440=ORIENTED_EDGE('',*,*,#5872,.T.);
#7441=ORIENTED_EDGE('',*,*,#5870,.T.);
#7442=ORIENTED_EDGE('',*,*,#5868,.T.);
#7443=ORIENTED_EDGE('',*,*,#5866,.T.);
#7444=ORIENTED_EDGE('',*,*,#5864,.T.);
#7445=ORIENTED_EDGE('',*,*,#5862,.T.);
#7446=ORIENTED_EDGE('',*,*,#5830,.T.);
#7447=ORIENTED_EDGE('',*,*,#5834,.T.);
#7448=ORIENTED_EDGE('',*,*,#5837,.T.);
#7449=ORIENTED_EDGE('',*,*,#5839,.T.);
#7450=ORIENTED_EDGE('',*,*,#5881,.F.);
#7451=ORIENTED_EDGE('',*,*,#5882,.T.);
#7452=ORIENTED_EDGE('',*,*,#5883,.T.);
#7453=ORIENTED_EDGE('',*,*,#5884,.T.);
#7454=ORIENTED_EDGE('',*,*,#5883,.F.);
#7455=ORIENTED_EDGE('',*,*,#5885,.T.);
#7456=ORIENTED_EDGE('',*,*,#5886,.T.);
#7457=ORIENTED_EDGE('',*,*,#5887,.T.);
#7458=ORIENTED_EDGE('',*,*,#5888,.T.);
#7459=ORIENTED_EDGE('',*,*,#5889,.T.);
#7460=ORIENTED_EDGE('',*,*,#5886,.F.);
#7461=ORIENTED_EDGE('',*,*,#5890,.T.);
#7462=ORIENTED_EDGE('',*,*,#5888,.F.);
#7463=ORIENTED_EDGE('',*,*,#5891,.T.);
#7464=ORIENTED_EDGE('',*,*,#5892,.T.);
#7465=ORIENTED_EDGE('',*,*,#5893,.T.);
#7466=ORIENTED_EDGE('',*,*,#5894,.T.);
#7467=ORIENTED_EDGE('',*,*,#5895,.T.);
#7468=ORIENTED_EDGE('',*,*,#5892,.F.);
#7469=ORIENTED_EDGE('',*,*,#5896,.T.);
#7470=ORIENTED_EDGE('',*,*,#5894,.F.);
#7471=ORIENTED_EDGE('',*,*,#5897,.T.);
#7472=ORIENTED_EDGE('',*,*,#5898,.T.);
#7473=ORIENTED_EDGE('',*,*,#5899,.T.);
#7474=ORIENTED_EDGE('',*,*,#5900,.T.);
#7475=ORIENTED_EDGE('',*,*,#5901,.T.);
#7476=ORIENTED_EDGE('',*,*,#5898,.F.);
#7477=ORIENTED_EDGE('',*,*,#5902,.T.);
#7478=ORIENTED_EDGE('',*,*,#5900,.F.);
#7479=ORIENTED_EDGE('',*,*,#5903,.T.);
#7480=ORIENTED_EDGE('',*,*,#5904,.T.);
#7481=ORIENTED_EDGE('',*,*,#5905,.T.);
#7482=ORIENTED_EDGE('',*,*,#5906,.T.);
#7483=ORIENTED_EDGE('',*,*,#5907,.T.);
#7484=ORIENTED_EDGE('',*,*,#5904,.F.);
#7485=ORIENTED_EDGE('',*,*,#5908,.T.);
#7486=ORIENTED_EDGE('',*,*,#5906,.F.);
#7487=ORIENTED_EDGE('',*,*,#5909,.T.);
#7488=ORIENTED_EDGE('',*,*,#5910,.T.);
#7489=ORIENTED_EDGE('',*,*,#5911,.T.);
#7490=ORIENTED_EDGE('',*,*,#5912,.T.);
#7491=ORIENTED_EDGE('',*,*,#5913,.T.);
#7492=ORIENTED_EDGE('',*,*,#5910,.F.);
#7493=ORIENTED_EDGE('',*,*,#5914,.T.);
#7494=ORIENTED_EDGE('',*,*,#5912,.F.);
#7495=ORIENTED_EDGE('',*,*,#5915,.T.);
#7496=ORIENTED_EDGE('',*,*,#5916,.T.);
#7497=ORIENTED_EDGE('',*,*,#5917,.T.);
#7498=ORIENTED_EDGE('',*,*,#5918,.T.);
#7499=ORIENTED_EDGE('',*,*,#5919,.T.);
#7500=ORIENTED_EDGE('',*,*,#5916,.F.);
#7501=ORIENTED_EDGE('',*,*,#5920,.T.);
#7502=ORIENTED_EDGE('',*,*,#5918,.F.);
#7503=ORIENTED_EDGE('',*,*,#5921,.T.);
#7504=ORIENTED_EDGE('',*,*,#5922,.T.);
#7505=ORIENTED_EDGE('',*,*,#5923,.T.);
#7506=ORIENTED_EDGE('',*,*,#5922,.F.);
#7507=ORIENTED_EDGE('',*,*,#5924,.T.);
#7508=ORIENTED_EDGE('',*,*,#5925,.T.);
#7509=ORIENTED_EDGE('',*,*,#5926,.T.);
#7510=ORIENTED_EDGE('',*,*,#5927,.T.);
#7511=ORIENTED_EDGE('',*,*,#5928,.T.);
#7512=ORIENTED_EDGE('',*,*,#5925,.F.);
#7513=ORIENTED_EDGE('',*,*,#5929,.T.);
#7514=ORIENTED_EDGE('',*,*,#5927,.F.);
#7515=ORIENTED_EDGE('',*,*,#5930,.T.);
#7516=ORIENTED_EDGE('',*,*,#5931,.T.);
#7517=ORIENTED_EDGE('',*,*,#5932,.T.);
#7518=ORIENTED_EDGE('',*,*,#5881,.T.);
#7519=ORIENTED_EDGE('',*,*,#5933,.T.);
#7520=ORIENTED_EDGE('',*,*,#5931,.F.);
#7521=ORIENTED_EDGE('',*,*,#5934,.T.);
#7522=ORIENTED_EDGE('',*,*,#5908,.F.);
#7523=ORIENTED_EDGE('',*,*,#5935,.F.);
#7524=ORIENTED_EDGE('',*,*,#5936,.F.);
#7525=ORIENTED_EDGE('',*,*,#5937,.F.);
#7526=ORIENTED_EDGE('',*,*,#5903,.F.);
#7527=ORIENTED_EDGE('',*,*,#5938,.T.);
#7528=ORIENTED_EDGE('',*,*,#5939,.T.);
#7529=ORIENTED_EDGE('',*,*,#5935,.T.);
#7530=ORIENTED_EDGE('',*,*,#5902,.F.);
#7531=ORIENTED_EDGE('',*,*,#5940,.F.);
#7532=ORIENTED_EDGE('',*,*,#5941,.F.);
#7533=ORIENTED_EDGE('',*,*,#5938,.F.);
#7534=ORIENTED_EDGE('',*,*,#5897,.F.);
#7535=ORIENTED_EDGE('',*,*,#5942,.T.);
#7536=ORIENTED_EDGE('',*,*,#5943,.T.);
#7537=ORIENTED_EDGE('',*,*,#5940,.T.);
#7538=ORIENTED_EDGE('',*,*,#5896,.F.);
#7539=ORIENTED_EDGE('',*,*,#5944,.F.);
#7540=ORIENTED_EDGE('',*,*,#5945,.F.);
#7541=ORIENTED_EDGE('',*,*,#5942,.F.);
#7542=ORIENTED_EDGE('',*,*,#5891,.F.);
#7543=ORIENTED_EDGE('',*,*,#5946,.T.);
#7544=ORIENTED_EDGE('',*,*,#5947,.T.);
#7545=ORIENTED_EDGE('',*,*,#5944,.T.);
#7546=ORIENTED_EDGE('',*,*,#5890,.F.);
#7547=ORIENTED_EDGE('',*,*,#5948,.F.);
#7548=ORIENTED_EDGE('',*,*,#5949,.F.);
#7549=ORIENTED_EDGE('',*,*,#5950,.F.);
#7550=ORIENTED_EDGE('',*,*,#5951,.T.);
#7551=ORIENTED_EDGE('',*,*,#5952,.F.);
#7552=ORIENTED_EDGE('',*,*,#5953,.T.);
#7553=ORIENTED_EDGE('',*,*,#5946,.F.);
#7554=ORIENTED_EDGE('',*,*,#5885,.F.);
#7555=ORIENTED_EDGE('',*,*,#5954,.T.);
#7556=ORIENTED_EDGE('',*,*,#5955,.T.);
#7557=ORIENTED_EDGE('',*,*,#5948,.T.);
#7558=ORIENTED_EDGE('',*,*,#5882,.F.);
#7559=ORIENTED_EDGE('',*,*,#5956,.T.);
#7560=ORIENTED_EDGE('',*,*,#5957,.T.);
#7561=ORIENTED_EDGE('',*,*,#5958,.F.);
#7562=ORIENTED_EDGE('',*,*,#5959,.F.);
#7563=ORIENTED_EDGE('',*,*,#5960,.F.);
#7564=ORIENTED_EDGE('',*,*,#5961,.T.);
#7565=ORIENTED_EDGE('',*,*,#5954,.F.);
#7566=ORIENTED_EDGE('',*,*,#5962,.F.);
#7567=ORIENTED_EDGE('',*,*,#5963,.F.);
#7568=ORIENTED_EDGE('',*,*,#5964,.F.);
#7569=ORIENTED_EDGE('',*,*,#5965,.F.);
#7570=ORIENTED_EDGE('',*,*,#5966,.F.);
#7571=ORIENTED_EDGE('',*,*,#5967,.F.);
#7572=ORIENTED_EDGE('',*,*,#5968,.F.);
#7573=ORIENTED_EDGE('',*,*,#5969,.F.);
#7574=ORIENTED_EDGE('',*,*,#5970,.F.);
#7575=ORIENTED_EDGE('',*,*,#5971,.T.);
#7576=ORIENTED_EDGE('',*,*,#5972,.F.);
#7577=ORIENTED_EDGE('',*,*,#5973,.T.);
#7578=ORIENTED_EDGE('',*,*,#5974,.T.);
#7579=ORIENTED_EDGE('',*,*,#5975,.T.);
#7580=ORIENTED_EDGE('',*,*,#5976,.T.);
#7581=ORIENTED_EDGE('',*,*,#5977,.T.);
#7582=ORIENTED_EDGE('',*,*,#5978,.T.);
#7583=ORIENTED_EDGE('',*,*,#5979,.T.);
#7584=ORIENTED_EDGE('',*,*,#5980,.T.);
#7585=ORIENTED_EDGE('',*,*,#5981,.T.);
#7586=ORIENTED_EDGE('',*,*,#5982,.T.);
#7587=ORIENTED_EDGE('',*,*,#5983,.T.);
#7588=ORIENTED_EDGE('',*,*,#5984,.T.);
#7589=ORIENTED_EDGE('',*,*,#5985,.T.);
#7590=ORIENTED_EDGE('',*,*,#5986,.T.);
#7591=ORIENTED_EDGE('',*,*,#5987,.T.);
#7592=ORIENTED_EDGE('',*,*,#5988,.T.);
#7593=ORIENTED_EDGE('',*,*,#5989,.T.);
#7594=ORIENTED_EDGE('',*,*,#5990,.T.);
#7595=ORIENTED_EDGE('',*,*,#5991,.T.);
#7596=ORIENTED_EDGE('',*,*,#5992,.F.);
#7597=ORIENTED_EDGE('',*,*,#5993,.T.);
#7598=ORIENTED_EDGE('',*,*,#5994,.T.);
#7599=ORIENTED_EDGE('',*,*,#5995,.T.);
#7600=ORIENTED_EDGE('',*,*,#5996,.T.);
#7601=ORIENTED_EDGE('',*,*,#5997,.T.);
#7602=ORIENTED_EDGE('',*,*,#5998,.T.);
#7603=ORIENTED_EDGE('',*,*,#5999,.T.);
#7604=ORIENTED_EDGE('',*,*,#6000,.F.);
#7605=ORIENTED_EDGE('',*,*,#6001,.T.);
#7606=ORIENTED_EDGE('',*,*,#6002,.T.);
#7607=ORIENTED_EDGE('',*,*,#6003,.T.);
#7608=ORIENTED_EDGE('',*,*,#6004,.T.);
#7609=ORIENTED_EDGE('',*,*,#6005,.T.);
#7610=ORIENTED_EDGE('',*,*,#6006,.T.);
#7611=ORIENTED_EDGE('',*,*,#6007,.T.);
#7612=ORIENTED_EDGE('',*,*,#5884,.F.);
#7613=ORIENTED_EDGE('',*,*,#5887,.F.);
#7614=ORIENTED_EDGE('',*,*,#5889,.F.);
#7615=ORIENTED_EDGE('',*,*,#5893,.F.);
#7616=ORIENTED_EDGE('',*,*,#5895,.F.);
#7617=ORIENTED_EDGE('',*,*,#5899,.F.);
#7618=ORIENTED_EDGE('',*,*,#5901,.F.);
#7619=ORIENTED_EDGE('',*,*,#5905,.F.);
#7620=ORIENTED_EDGE('',*,*,#5907,.F.);
#7621=ORIENTED_EDGE('',*,*,#5911,.F.);
#7622=ORIENTED_EDGE('',*,*,#5913,.F.);
#7623=ORIENTED_EDGE('',*,*,#5917,.F.);
#7624=ORIENTED_EDGE('',*,*,#5919,.F.);
#7625=ORIENTED_EDGE('',*,*,#5923,.F.);
#7626=ORIENTED_EDGE('',*,*,#5926,.F.);
#7627=ORIENTED_EDGE('',*,*,#5928,.F.);
#7628=ORIENTED_EDGE('',*,*,#5932,.F.);
#7629=ORIENTED_EDGE('',*,*,#5933,.F.);
#7630=ORIENTED_EDGE('',*,*,#6008,.T.);
#7631=ORIENTED_EDGE('',*,*,#6009,.T.);
#7632=ORIENTED_EDGE('',*,*,#6010,.T.);
#7633=ORIENTED_EDGE('',*,*,#6011,.T.);
#7634=ORIENTED_EDGE('',*,*,#6012,.T.);
#7635=ORIENTED_EDGE('',*,*,#6013,.T.);
#7636=ORIENTED_EDGE('',*,*,#6008,.F.);
#7637=ORIENTED_EDGE('',*,*,#6014,.T.);
#7638=ORIENTED_EDGE('',*,*,#6015,.T.);
#7639=ORIENTED_EDGE('',*,*,#6016,.T.);
#7640=ORIENTED_EDGE('',*,*,#6012,.F.);
#7641=ORIENTED_EDGE('',*,*,#6017,.T.);
#7642=ORIENTED_EDGE('',*,*,#6018,.T.);
#7643=ORIENTED_EDGE('',*,*,#6019,.T.);
#7644=ORIENTED_EDGE('',*,*,#6015,.F.);
#7645=ORIENTED_EDGE('',*,*,#6020,.T.);
#7646=ORIENTED_EDGE('',*,*,#6021,.T.);
#7647=ORIENTED_EDGE('',*,*,#6022,.T.);
#7648=ORIENTED_EDGE('',*,*,#6018,.F.);
#7649=ORIENTED_EDGE('',*,*,#6023,.T.);
#7650=ORIENTED_EDGE('',*,*,#6024,.T.);
#7651=ORIENTED_EDGE('',*,*,#6025,.T.);
#7652=ORIENTED_EDGE('',*,*,#6021,.F.);
#7653=ORIENTED_EDGE('',*,*,#6026,.T.);
#7654=ORIENTED_EDGE('',*,*,#6024,.F.);
#7655=ORIENTED_EDGE('',*,*,#6027,.T.);
#7656=ORIENTED_EDGE('',*,*,#6028,.T.);
#7657=ORIENTED_EDGE('',*,*,#6029,.T.);
#7658=ORIENTED_EDGE('',*,*,#6030,.T.);
#7659=ORIENTED_EDGE('',*,*,#6031,.T.);
#7660=ORIENTED_EDGE('',*,*,#6028,.F.);
#7661=ORIENTED_EDGE('',*,*,#6032,.T.);
#7662=ORIENTED_EDGE('',*,*,#6030,.F.);
#7663=ORIENTED_EDGE('',*,*,#6033,.T.);
#7664=ORIENTED_EDGE('',*,*,#6034,.T.);
#7665=ORIENTED_EDGE('',*,*,#6035,.T.);
#7666=ORIENTED_EDGE('',*,*,#6036,.T.);
#7667=ORIENTED_EDGE('',*,*,#6037,.T.);
#7668=ORIENTED_EDGE('',*,*,#6034,.F.);
#7669=ORIENTED_EDGE('',*,*,#6038,.T.);
#7670=ORIENTED_EDGE('',*,*,#6036,.F.);
#7671=ORIENTED_EDGE('',*,*,#6039,.T.);
#7672=ORIENTED_EDGE('',*,*,#6040,.T.);
#7673=ORIENTED_EDGE('',*,*,#6041,.T.);
#7674=ORIENTED_EDGE('',*,*,#6042,.T.);
#7675=ORIENTED_EDGE('',*,*,#6043,.T.);
#7676=ORIENTED_EDGE('',*,*,#6040,.F.);
#7677=ORIENTED_EDGE('',*,*,#6044,.T.);
#7678=ORIENTED_EDGE('',*,*,#6042,.F.);
#7679=ORIENTED_EDGE('',*,*,#6045,.T.);
#7680=ORIENTED_EDGE('',*,*,#6046,.T.);
#7681=ORIENTED_EDGE('',*,*,#6047,.T.);
#7682=ORIENTED_EDGE('',*,*,#6048,.T.);
#7683=ORIENTED_EDGE('',*,*,#6049,.T.);
#7684=ORIENTED_EDGE('',*,*,#6046,.F.);
#7685=ORIENTED_EDGE('',*,*,#6050,.T.);
#7686=ORIENTED_EDGE('',*,*,#6048,.F.);
#7687=ORIENTED_EDGE('',*,*,#6051,.T.);
#7688=ORIENTED_EDGE('',*,*,#6052,.T.);
#7689=ORIENTED_EDGE('',*,*,#6053,.T.);
#7690=ORIENTED_EDGE('',*,*,#6010,.F.);
#7691=ORIENTED_EDGE('',*,*,#6054,.T.);
#7692=ORIENTED_EDGE('',*,*,#6052,.F.);
#7693=ORIENTED_EDGE('',*,*,#6055,.T.);
#7694=ORIENTED_EDGE('',*,*,#6037,.F.);
#7695=ORIENTED_EDGE('',*,*,#6056,.T.);
#7696=ORIENTED_EDGE('',*,*,#6057,.F.);
#7697=ORIENTED_EDGE('',*,*,#6058,.T.);
#7698=ORIENTED_EDGE('',*,*,#6041,.F.);
#7699=ORIENTED_EDGE('',*,*,#6059,.F.);
#7700=ORIENTED_EDGE('',*,*,#6060,.T.);
#7701=ORIENTED_EDGE('',*,*,#6061,.F.);
#7702=ORIENTED_EDGE('',*,*,#6062,.F.);
#7703=ORIENTED_EDGE('',*,*,#6063,.F.);
#7704=ORIENTED_EDGE('',*,*,#6064,.T.);
#7705=ORIENTED_EDGE('',*,*,#6065,.F.);
#7706=ORIENTED_EDGE('',*,*,#6066,.F.);
#7707=ORIENTED_EDGE('',*,*,#6056,.F.);
#7708=ORIENTED_EDGE('',*,*,#6043,.F.);
#7709=ORIENTED_EDGE('',*,*,#6067,.T.);
#7710=ORIENTED_EDGE('',*,*,#6068,.F.);
#7711=ORIENTED_EDGE('',*,*,#6059,.T.);
#7712=ORIENTED_EDGE('',*,*,#6047,.F.);
#7713=ORIENTED_EDGE('',*,*,#6069,.F.);
#7714=ORIENTED_EDGE('',*,*,#6070,.F.);
#7715=ORIENTED_EDGE('',*,*,#6071,.F.);
#7716=ORIENTED_EDGE('',*,*,#6072,.T.);
#7717=ORIENTED_EDGE('',*,*,#6067,.F.);
#7718=ORIENTED_EDGE('',*,*,#6049,.F.);
#7719=ORIENTED_EDGE('',*,*,#6073,.T.);
#7720=ORIENTED_EDGE('',*,*,#6074,.T.);
#7721=ORIENTED_EDGE('',*,*,#6069,.T.);
#7722=ORIENTED_EDGE('',*,*,#6053,.F.);
#7723=ORIENTED_EDGE('',*,*,#6075,.F.);
#7724=ORIENTED_EDGE('',*,*,#6076,.F.);
#7725=ORIENTED_EDGE('',*,*,#6073,.F.);
#7726=ORIENTED_EDGE('',*,*,#6054,.F.);
#7727=ORIENTED_EDGE('',*,*,#6077,.T.);
#7728=ORIENTED_EDGE('',*,*,#6078,.T.);
#7729=ORIENTED_EDGE('',*,*,#6075,.T.);
#7730=ORIENTED_EDGE('',*,*,#6009,.F.);
#7731=ORIENTED_EDGE('',*,*,#6079,.F.);
#7732=ORIENTED_EDGE('',*,*,#6080,.F.);
#7733=ORIENTED_EDGE('',*,*,#6081,.F.);
#7734=ORIENTED_EDGE('',*,*,#6082,.F.);
#7735=ORIENTED_EDGE('',*,*,#6083,.F.);
#7736=ORIENTED_EDGE('',*,*,#6084,.T.);
#7737=ORIENTED_EDGE('',*,*,#6077,.F.);
#7738=ORIENTED_EDGE('',*,*,#6011,.F.);
#7739=ORIENTED_EDGE('',*,*,#6055,.F.);
#7740=ORIENTED_EDGE('',*,*,#6051,.F.);
#7741=ORIENTED_EDGE('',*,*,#6050,.F.);
#7742=ORIENTED_EDGE('',*,*,#6045,.F.);
#7743=ORIENTED_EDGE('',*,*,#6044,.F.);
#7744=ORIENTED_EDGE('',*,*,#6039,.F.);
#7745=ORIENTED_EDGE('',*,*,#6038,.F.);
#7746=ORIENTED_EDGE('',*,*,#6033,.F.);
#7747=ORIENTED_EDGE('',*,*,#6032,.F.);
#7748=ORIENTED_EDGE('',*,*,#6027,.F.);
#7749=ORIENTED_EDGE('',*,*,#6026,.F.);
#7750=ORIENTED_EDGE('',*,*,#6023,.F.);
#7751=ORIENTED_EDGE('',*,*,#6020,.F.);
#7752=ORIENTED_EDGE('',*,*,#6017,.F.);
#7753=ORIENTED_EDGE('',*,*,#6014,.F.);
#7754=ORIENTED_EDGE('',*,*,#6085,.F.);
#7755=ORIENTED_EDGE('',*,*,#6086,.T.);
#7756=ORIENTED_EDGE('',*,*,#6087,.T.);
#7757=ORIENTED_EDGE('',*,*,#6088,.T.);
#7758=ORIENTED_EDGE('',*,*,#6089,.T.);
#7759=ORIENTED_EDGE('',*,*,#6090,.T.);
#7760=ORIENTED_EDGE('',*,*,#6087,.F.);
#7761=ORIENTED_EDGE('',*,*,#6091,.T.);
#7762=ORIENTED_EDGE('',*,*,#6092,.T.);
#7763=ORIENTED_EDGE('',*,*,#6093,.T.);
#7764=ORIENTED_EDGE('',*,*,#6092,.F.);
#7765=ORIENTED_EDGE('',*,*,#6094,.T.);
#7766=ORIENTED_EDGE('',*,*,#6095,.T.);
#7767=ORIENTED_EDGE('',*,*,#6096,.T.);
#7768=ORIENTED_EDGE('',*,*,#6095,.F.);
#7769=ORIENTED_EDGE('',*,*,#6097,.T.);
#7770=ORIENTED_EDGE('',*,*,#6098,.T.);
#7771=ORIENTED_EDGE('',*,*,#6099,.T.);
#7772=ORIENTED_EDGE('',*,*,#6100,.T.);
#7773=ORIENTED_EDGE('',*,*,#6101,.T.);
#7774=ORIENTED_EDGE('',*,*,#6098,.F.);
#7775=ORIENTED_EDGE('',*,*,#6102,.T.);
#7776=ORIENTED_EDGE('',*,*,#6100,.F.);
#7777=ORIENTED_EDGE('',*,*,#6103,.T.);
#7778=ORIENTED_EDGE('',*,*,#6104,.T.);
#7779=ORIENTED_EDGE('',*,*,#6105,.T.);
#7780=ORIENTED_EDGE('',*,*,#6106,.T.);
#7781=ORIENTED_EDGE('',*,*,#6107,.T.);
#7782=ORIENTED_EDGE('',*,*,#6104,.F.);
#7783=ORIENTED_EDGE('',*,*,#6108,.T.);
#7784=ORIENTED_EDGE('',*,*,#6106,.F.);
#7785=ORIENTED_EDGE('',*,*,#6109,.T.);
#7786=ORIENTED_EDGE('',*,*,#6110,.T.);
#7787=ORIENTED_EDGE('',*,*,#6111,.T.);
#7788=ORIENTED_EDGE('',*,*,#6112,.T.);
#7789=ORIENTED_EDGE('',*,*,#6113,.T.);
#7790=ORIENTED_EDGE('',*,*,#6110,.F.);
#7791=ORIENTED_EDGE('',*,*,#6114,.T.);
#7792=ORIENTED_EDGE('',*,*,#6112,.F.);
#7793=ORIENTED_EDGE('',*,*,#6115,.T.);
#7794=ORIENTED_EDGE('',*,*,#6116,.T.);
#7795=ORIENTED_EDGE('',*,*,#6117,.T.);
#7796=ORIENTED_EDGE('',*,*,#6118,.T.);
#7797=ORIENTED_EDGE('',*,*,#6119,.T.);
#7798=ORIENTED_EDGE('',*,*,#6116,.F.);
#7799=ORIENTED_EDGE('',*,*,#6120,.T.);
#7800=ORIENTED_EDGE('',*,*,#6118,.F.);
#7801=ORIENTED_EDGE('',*,*,#6121,.T.);
#7802=ORIENTED_EDGE('',*,*,#6122,.T.);
#7803=ORIENTED_EDGE('',*,*,#6123,.T.);
#7804=ORIENTED_EDGE('',*,*,#6124,.T.);
#7805=ORIENTED_EDGE('',*,*,#6125,.T.);
#7806=ORIENTED_EDGE('',*,*,#6122,.F.);
#7807=ORIENTED_EDGE('',*,*,#6126,.T.);
#7808=ORIENTED_EDGE('',*,*,#6124,.F.);
#7809=ORIENTED_EDGE('',*,*,#6127,.T.);
#7810=ORIENTED_EDGE('',*,*,#6128,.T.);
#7811=ORIENTED_EDGE('',*,*,#6129,.T.);
#7812=ORIENTED_EDGE('',*,*,#6128,.F.);
#7813=ORIENTED_EDGE('',*,*,#6082,.T.);
#7814=ORIENTED_EDGE('',*,*,#6130,.T.);
#7815=ORIENTED_EDGE('',*,*,#6131,.T.);
#7816=ORIENTED_EDGE('',*,*,#6130,.F.);
#7817=ORIENTED_EDGE('',*,*,#6132,.T.);
#7818=ORIENTED_EDGE('',*,*,#6089,.F.);
#7819=ORIENTED_EDGE('',*,*,#6133,.T.);
#7820=ORIENTED_EDGE('',*,*,#6109,.F.);
#7821=ORIENTED_EDGE('',*,*,#6134,.T.);
#7822=ORIENTED_EDGE('',*,*,#6135,.F.);
#7823=ORIENTED_EDGE('',*,*,#6136,.T.);
#7824=ORIENTED_EDGE('',*,*,#6108,.F.);
#7825=ORIENTED_EDGE('',*,*,#6137,.F.);
#7826=ORIENTED_EDGE('',*,*,#6138,.F.);
#7827=ORIENTED_EDGE('',*,*,#6134,.F.);
#7828=ORIENTED_EDGE('',*,*,#6103,.F.);
#7829=ORIENTED_EDGE('',*,*,#6139,.T.);
#7830=ORIENTED_EDGE('',*,*,#6140,.T.);
#7831=ORIENTED_EDGE('',*,*,#6137,.T.);
#7832=ORIENTED_EDGE('',*,*,#5921,.F.);
#7833=ORIENTED_EDGE('',*,*,#6141,.F.);
#7834=ORIENTED_EDGE('',*,*,#6142,.T.);
#7835=ORIENTED_EDGE('',*,*,#6139,.F.);
#7836=ORIENTED_EDGE('',*,*,#6102,.F.);
#7837=ORIENTED_EDGE('',*,*,#6143,.F.);
#7838=ORIENTED_EDGE('',*,*,#5877,.F.);
#7839=ORIENTED_EDGE('',*,*,#6144,.F.);
#7840=ORIENTED_EDGE('',*,*,#6097,.F.);
#7841=ORIENTED_EDGE('',*,*,#6145,.T.);
#7842=ORIENTED_EDGE('',*,*,#5878,.T.);
#7843=ORIENTED_EDGE('',*,*,#6143,.T.);
#7844=ORIENTED_EDGE('',*,*,#6022,.F.);
#7845=ORIENTED_EDGE('',*,*,#6146,.F.);
#7846=ORIENTED_EDGE('',*,*,#5879,.T.);
#7847=ORIENTED_EDGE('',*,*,#6145,.F.);
#7848=ORIENTED_EDGE('',*,*,#6094,.F.);
#7849=ORIENTED_EDGE('',*,*,#6147,.F.);
#7850=ORIENTED_EDGE('',*,*,#6148,.F.);
#7851=ORIENTED_EDGE('',*,*,#6149,.F.);
#7852=ORIENTED_EDGE('',*,*,#6091,.F.);
#7853=ORIENTED_EDGE('',*,*,#6150,.T.);
#7854=ORIENTED_EDGE('',*,*,#6151,.F.);
#7855=ORIENTED_EDGE('',*,*,#6147,.T.);
#7856=ORIENTED_EDGE('',*,*,#6090,.F.);
#7857=ORIENTED_EDGE('',*,*,#6152,.F.);
#7858=ORIENTED_EDGE('',*,*,#6153,.F.);
#7859=ORIENTED_EDGE('',*,*,#6150,.F.);
#7860=ORIENTED_EDGE('',*,*,#6088,.F.);
#7861=ORIENTED_EDGE('',*,*,#6093,.F.);
#7862=ORIENTED_EDGE('',*,*,#6096,.F.);
#7863=ORIENTED_EDGE('',*,*,#6099,.F.);
#7864=ORIENTED_EDGE('',*,*,#6101,.F.);
#7865=ORIENTED_EDGE('',*,*,#6105,.F.);
#7866=ORIENTED_EDGE('',*,*,#6107,.F.);
#7867=ORIENTED_EDGE('',*,*,#6111,.F.);
#7868=ORIENTED_EDGE('',*,*,#6113,.F.);
#7869=ORIENTED_EDGE('',*,*,#6117,.F.);
#7870=ORIENTED_EDGE('',*,*,#6119,.F.);
#7871=ORIENTED_EDGE('',*,*,#6123,.F.);
#7872=ORIENTED_EDGE('',*,*,#6125,.F.);
#7873=ORIENTED_EDGE('',*,*,#6129,.F.);
#7874=ORIENTED_EDGE('',*,*,#6131,.F.);
#7875=ORIENTED_EDGE('',*,*,#6133,.F.);
#7876=ORIENTED_EDGE('',*,*,#6154,.T.);
#7877=ORIENTED_EDGE('',*,*,#6155,.F.);
#7878=ORIENTED_EDGE('',*,*,#6156,.T.);
#7879=ORIENTED_EDGE('',*,*,#6153,.T.);
#7880=ORIENTED_EDGE('',*,*,#6157,.T.);
#7881=ORIENTED_EDGE('',*,*,#5962,.T.);
#7882=ORIENTED_EDGE('',*,*,#6158,.T.);
#7883=ORIENTED_EDGE('',*,*,#6151,.T.);
#7884=ORIENTED_EDGE('',*,*,#6156,.F.);
#7885=ORIENTED_EDGE('',*,*,#5969,.T.);
#7886=ORIENTED_EDGE('',*,*,#6159,.T.);
#7887=ORIENTED_EDGE('',*,*,#6148,.T.);
#7888=ORIENTED_EDGE('',*,*,#6158,.F.);
#7889=ORIENTED_EDGE('',*,*,#5968,.T.);
#7890=ORIENTED_EDGE('',*,*,#6160,.T.);
#7891=ORIENTED_EDGE('',*,*,#6161,.T.);
#7892=ORIENTED_EDGE('',*,*,#6159,.F.);
#7893=ORIENTED_EDGE('',*,*,#5967,.T.);
#7894=ORIENTED_EDGE('',*,*,#6162,.T.);
#7895=ORIENTED_EDGE('',*,*,#6163,.T.);
#7896=ORIENTED_EDGE('',*,*,#6160,.F.);
#7897=ORIENTED_EDGE('',*,*,#5966,.T.);
#7898=ORIENTED_EDGE('',*,*,#6164,.T.);
#7899=ORIENTED_EDGE('',*,*,#6165,.T.);
#7900=ORIENTED_EDGE('',*,*,#6162,.F.);
#7901=ORIENTED_EDGE('',*,*,#5965,.T.);
#7902=ORIENTED_EDGE('',*,*,#6166,.T.);
#7903=ORIENTED_EDGE('',*,*,#6080,.T.);
#7904=ORIENTED_EDGE('',*,*,#6164,.F.);
#7905=ORIENTED_EDGE('',*,*,#5964,.T.);
#7906=ORIENTED_EDGE('',*,*,#6157,.F.);
#7907=ORIENTED_EDGE('',*,*,#6167,.T.);
#7908=ORIENTED_EDGE('',*,*,#6166,.F.);
#7909=ORIENTED_EDGE('',*,*,#5963,.T.);
#7910=ORIENTED_EDGE('',*,*,#6013,.F.);
#7911=ORIENTED_EDGE('',*,*,#6168,.T.);
#7912=ORIENTED_EDGE('',*,*,#6165,.F.);
#7913=ORIENTED_EDGE('',*,*,#6079,.T.);
#7914=ORIENTED_EDGE('',*,*,#6132,.F.);
#7915=ORIENTED_EDGE('',*,*,#6081,.T.);
#7916=ORIENTED_EDGE('',*,*,#6167,.F.);
#7917=ORIENTED_EDGE('',*,*,#6152,.T.);
#7918=ORIENTED_EDGE('',*,*,#6169,.T.);
#7919=ORIENTED_EDGE('',*,*,#6170,.T.);
#7920=ORIENTED_EDGE('',*,*,#6171,.T.);
#7921=ORIENTED_EDGE('',*,*,#6172,.T.);
#7922=ORIENTED_EDGE('',*,*,#6170,.F.);
#7923=ORIENTED_EDGE('',*,*,#6173,.F.);
#7924=ORIENTED_EDGE('',*,*,#6174,.F.);
#7925=ORIENTED_EDGE('',*,*,#6175,.F.);
#7926=ORIENTED_EDGE('',*,*,#6169,.F.);
#7927=ORIENTED_EDGE('',*,*,#6176,.F.);
#7928=ORIENTED_EDGE('',*,*,#6177,.F.);
#7929=ORIENTED_EDGE('',*,*,#5936,.T.);
#7930=ORIENTED_EDGE('',*,*,#5939,.F.);
#7931=ORIENTED_EDGE('',*,*,#5941,.T.);
#7932=ORIENTED_EDGE('',*,*,#5943,.F.);
#7933=ORIENTED_EDGE('',*,*,#5945,.T.);
#7934=ORIENTED_EDGE('',*,*,#5947,.F.);
#7935=ORIENTED_EDGE('',*,*,#5953,.F.);
#7936=ORIENTED_EDGE('',*,*,#6178,.F.);
#7937=ORIENTED_EDGE('',*,*,#6179,.T.);
#7938=ORIENTED_EDGE('',*,*,#6180,.F.);
#7939=ORIENTED_EDGE('',*,*,#6070,.T.);
#7940=ORIENTED_EDGE('',*,*,#6074,.F.);
#7941=ORIENTED_EDGE('',*,*,#6076,.T.);
#7942=ORIENTED_EDGE('',*,*,#6078,.F.);
#7943=ORIENTED_EDGE('',*,*,#6084,.F.);
#7944=ORIENTED_EDGE('',*,*,#6181,.F.);
#7945=ORIENTED_EDGE('',*,*,#6182,.T.);
#7946=ORIENTED_EDGE('',*,*,#6183,.F.);
#7947=ORIENTED_EDGE('',*,*,#6184,.T.);
#7948=ORIENTED_EDGE('',*,*,#6185,.F.);
#7949=ORIENTED_EDGE('',*,*,#6173,.T.);
#7950=ORIENTED_EDGE('',*,*,#5915,.F.);
#7951=ORIENTED_EDGE('',*,*,#6186,.T.);
#7952=ORIENTED_EDGE('',*,*,#6187,.T.);
#7953=ORIENTED_EDGE('',*,*,#6188,.T.);
#7954=ORIENTED_EDGE('',*,*,#5920,.F.);
#7955=ORIENTED_EDGE('',*,*,#6188,.F.);
#7956=ORIENTED_EDGE('',*,*,#6189,.T.);
#7957=ORIENTED_EDGE('',*,*,#6190,.F.);
#7958=ORIENTED_EDGE('',*,*,#6191,.F.);
#7959=ORIENTED_EDGE('',*,*,#6192,.F.);
#7960=ORIENTED_EDGE('',*,*,#6193,.T.);
#7961=ORIENTED_EDGE('',*,*,#6141,.T.);
#7962=ORIENTED_EDGE('',*,*,#5930,.F.);
#7963=ORIENTED_EDGE('',*,*,#6194,.T.);
#7964=ORIENTED_EDGE('',*,*,#5874,.T.);
#7965=ORIENTED_EDGE('',*,*,#6195,.T.);
#7966=ORIENTED_EDGE('',*,*,#5934,.F.);
#7967=ORIENTED_EDGE('',*,*,#6195,.F.);
#7968=ORIENTED_EDGE('',*,*,#5873,.F.);
#7969=ORIENTED_EDGE('',*,*,#6196,.F.);
#7970=ORIENTED_EDGE('',*,*,#6029,.F.);
#7971=ORIENTED_EDGE('',*,*,#6197,.F.);
#7972=ORIENTED_EDGE('',*,*,#6198,.F.);
#7973=ORIENTED_EDGE('',*,*,#5956,.F.);
#7974=ORIENTED_EDGE('',*,*,#6031,.F.);
#7975=ORIENTED_EDGE('',*,*,#6199,.T.);
#7976=ORIENTED_EDGE('',*,*,#6200,.T.);
#7977=ORIENTED_EDGE('',*,*,#6197,.T.);
#7978=ORIENTED_EDGE('',*,*,#6035,.F.);
#7979=ORIENTED_EDGE('',*,*,#6058,.F.);
#7980=ORIENTED_EDGE('',*,*,#6201,.F.);
#7981=ORIENTED_EDGE('',*,*,#6199,.F.);
#7982=ORIENTED_EDGE('',*,*,#6057,.T.);
#7983=ORIENTED_EDGE('',*,*,#6066,.T.);
#7984=ORIENTED_EDGE('',*,*,#6202,.T.);
#7985=ORIENTED_EDGE('',*,*,#6203,.T.);
#7986=ORIENTED_EDGE('',*,*,#6204,.F.);
#7987=ORIENTED_EDGE('',*,*,#5957,.F.);
#7988=ORIENTED_EDGE('',*,*,#6198,.T.);
#7989=ORIENTED_EDGE('',*,*,#6200,.F.);
#7990=ORIENTED_EDGE('',*,*,#6201,.T.);
#7991=ORIENTED_EDGE('',*,*,#6205,.T.);
#7992=ORIENTED_EDGE('',*,*,#5958,.T.);
#7993=ORIENTED_EDGE('',*,*,#6204,.T.);
#7994=ORIENTED_EDGE('',*,*,#6206,.T.);
#7995=ORIENTED_EDGE('',*,*,#6205,.F.);
#7996=ORIENTED_EDGE('',*,*,#6207,.T.);
#7997=ORIENTED_EDGE('',*,*,#6208,.F.);
#7998=ORIENTED_EDGE('',*,*,#6064,.F.);
#7999=ORIENTED_EDGE('',*,*,#6209,.F.);
#8000=ORIENTED_EDGE('',*,*,#6210,.T.);
#8001=ORIENTED_EDGE('',*,*,#6211,.F.);
#8002=ORIENTED_EDGE('',*,*,#5959,.T.);
#8003=ORIENTED_EDGE('',*,*,#6206,.F.);
#8004=ORIENTED_EDGE('',*,*,#6203,.F.);
#8005=ORIENTED_EDGE('',*,*,#6212,.F.);
#8006=ORIENTED_EDGE('',*,*,#6207,.F.);
#8007=ORIENTED_EDGE('',*,*,#6202,.F.);
#8008=ORIENTED_EDGE('',*,*,#6065,.T.);
#8009=ORIENTED_EDGE('',*,*,#6208,.T.);
#8010=ORIENTED_EDGE('',*,*,#6212,.T.);
#8011=ORIENTED_EDGE('',*,*,#6213,.F.);
#8012=ORIENTED_EDGE('',*,*,#6214,.T.);
#8013=ORIENTED_EDGE('',*,*,#6209,.T.);
#8014=ORIENTED_EDGE('',*,*,#6063,.T.);
#8015=ORIENTED_EDGE('',*,*,#6214,.F.);
#8016=ORIENTED_EDGE('',*,*,#6215,.F.);
#8017=ORIENTED_EDGE('',*,*,#6216,.F.);
#8018=ORIENTED_EDGE('',*,*,#6210,.F.);
#8019=ORIENTED_EDGE('',*,*,#6211,.T.);
#8020=ORIENTED_EDGE('',*,*,#6216,.T.);
#8021=ORIENTED_EDGE('',*,*,#6217,.T.);
#8022=ORIENTED_EDGE('',*,*,#5960,.T.);
#8023=ORIENTED_EDGE('',*,*,#6218,.F.);
#8024=ORIENTED_EDGE('',*,*,#6061,.T.);
#8025=ORIENTED_EDGE('',*,*,#6219,.T.);
#8026=ORIENTED_EDGE('',*,*,#5950,.T.);
#8027=ORIENTED_EDGE('',*,*,#6213,.T.);
#8028=ORIENTED_EDGE('',*,*,#6062,.T.);
#8029=ORIENTED_EDGE('',*,*,#6218,.T.);
#8030=ORIENTED_EDGE('',*,*,#5949,.T.);
#8031=ORIENTED_EDGE('',*,*,#5955,.F.);
#8032=ORIENTED_EDGE('',*,*,#5961,.F.);
#8033=ORIENTED_EDGE('',*,*,#6217,.F.);
#8034=ORIENTED_EDGE('',*,*,#6215,.T.);
#8035=ORIENTED_EDGE('',*,*,#6178,.T.);
#8036=ORIENTED_EDGE('',*,*,#5952,.T.);
#8037=ORIENTED_EDGE('',*,*,#6220,.T.);
#8038=ORIENTED_EDGE('',*,*,#6221,.T.);
#8039=ORIENTED_EDGE('',*,*,#6222,.F.);
#8040=ORIENTED_EDGE('',*,*,#6071,.T.);
#8041=ORIENTED_EDGE('',*,*,#6180,.T.);
#8042=ORIENTED_EDGE('',*,*,#6223,.T.);
#8043=ORIENTED_EDGE('',*,*,#5909,.F.);
#8044=ORIENTED_EDGE('',*,*,#5937,.T.);
#8045=ORIENTED_EDGE('',*,*,#6177,.T.);
#8046=ORIENTED_EDGE('',*,*,#6224,.T.);
#8047=ORIENTED_EDGE('',*,*,#5914,.F.);
#8048=ORIENTED_EDGE('',*,*,#6224,.F.);
#8049=ORIENTED_EDGE('',*,*,#6176,.T.);
#8050=ORIENTED_EDGE('',*,*,#6172,.F.);
#8051=ORIENTED_EDGE('',*,*,#6225,.T.);
#8052=ORIENTED_EDGE('',*,*,#6226,.F.);
#8053=ORIENTED_EDGE('',*,*,#6227,.F.);
#8054=ORIENTED_EDGE('',*,*,#6186,.F.);
#8055=ORIENTED_EDGE('',*,*,#6228,.F.);
#8056=ORIENTED_EDGE('',*,*,#6174,.T.);
#8057=ORIENTED_EDGE('',*,*,#6185,.T.);
#8058=ORIENTED_EDGE('',*,*,#6229,.T.);
#8059=ORIENTED_EDGE('',*,*,#6228,.T.);
#8060=ORIENTED_EDGE('',*,*,#6230,.F.);
#8061=ORIENTED_EDGE('',*,*,#6231,.T.);
#8062=ORIENTED_EDGE('',*,*,#6232,.T.);
#8063=ORIENTED_EDGE('',*,*,#6233,.F.);
#8064=ORIENTED_EDGE('',*,*,#6225,.F.);
#8065=ORIENTED_EDGE('',*,*,#6171,.F.);
#8066=ORIENTED_EDGE('',*,*,#6175,.T.);
#8067=ORIENTED_EDGE('',*,*,#6120,.F.);
#8068=ORIENTED_EDGE('',*,*,#6234,.F.);
#8069=ORIENTED_EDGE('',*,*,#6230,.T.);
#8070=ORIENTED_EDGE('',*,*,#6229,.F.);
#8071=ORIENTED_EDGE('',*,*,#6184,.F.);
#8072=ORIENTED_EDGE('',*,*,#6235,.F.);
#8073=ORIENTED_EDGE('',*,*,#6115,.F.);
#8074=ORIENTED_EDGE('',*,*,#6236,.T.);
#8075=ORIENTED_EDGE('',*,*,#6231,.F.);
#8076=ORIENTED_EDGE('',*,*,#6234,.T.);
#8077=ORIENTED_EDGE('',*,*,#6114,.F.);
#8078=ORIENTED_EDGE('',*,*,#6136,.F.);
#8079=ORIENTED_EDGE('',*,*,#6237,.F.);
#8080=ORIENTED_EDGE('',*,*,#6238,.F.);
#8081=ORIENTED_EDGE('',*,*,#6239,.F.);
#8082=ORIENTED_EDGE('',*,*,#6240,.F.);
#8083=ORIENTED_EDGE('',*,*,#6241,.F.);
#8084=ORIENTED_EDGE('',*,*,#6242,.F.);
#8085=ORIENTED_EDGE('',*,*,#6232,.F.);
#8086=ORIENTED_EDGE('',*,*,#6236,.F.);
#8087=ORIENTED_EDGE('',*,*,#6243,.F.);
#8088=ORIENTED_EDGE('',*,*,#6226,.T.);
#8089=ORIENTED_EDGE('',*,*,#6233,.T.);
#8090=ORIENTED_EDGE('',*,*,#6242,.T.);
#8091=ORIENTED_EDGE('',*,*,#6121,.F.);
#8092=ORIENTED_EDGE('',*,*,#6235,.T.);
#8093=ORIENTED_EDGE('',*,*,#6183,.T.);
#8094=ORIENTED_EDGE('',*,*,#6244,.T.);
#8095=ORIENTED_EDGE('',*,*,#6245,.F.);
#8096=ORIENTED_EDGE('',*,*,#6240,.T.);
#8097=ORIENTED_EDGE('',*,*,#6246,.T.);
#8098=ORIENTED_EDGE('',*,*,#6247,.T.);
#8099=ORIENTED_EDGE('',*,*,#6243,.T.);
#8100=ORIENTED_EDGE('',*,*,#6241,.T.);
#8101=ORIENTED_EDGE('',*,*,#6245,.T.);
#8102=ORIENTED_EDGE('',*,*,#6248,.T.);
#8103=ORIENTED_EDGE('',*,*,#6249,.F.);
#8104=ORIENTED_EDGE('',*,*,#6189,.F.);
#8105=ORIENTED_EDGE('',*,*,#6187,.F.);
#8106=ORIENTED_EDGE('',*,*,#6227,.T.);
#8107=ORIENTED_EDGE('',*,*,#6247,.F.);
#8108=ORIENTED_EDGE('',*,*,#6250,.F.);
#8109=ORIENTED_EDGE('',*,*,#6251,.F.);
#8110=ORIENTED_EDGE('',*,*,#6248,.F.);
#8111=ORIENTED_EDGE('',*,*,#6252,.T.);
#8112=ORIENTED_EDGE('',*,*,#6190,.T.);
#8113=ORIENTED_EDGE('',*,*,#6249,.T.);
#8114=ORIENTED_EDGE('',*,*,#6251,.T.);
#8115=ORIENTED_EDGE('',*,*,#6253,.F.);
#8116=ORIENTED_EDGE('',*,*,#6254,.T.);
#8117=ORIENTED_EDGE('',*,*,#6255,.T.);
#8118=ORIENTED_EDGE('',*,*,#6238,.T.);
#8119=ORIENTED_EDGE('',*,*,#6254,.F.);
#8120=ORIENTED_EDGE('',*,*,#6256,.F.);
#8121=ORIENTED_EDGE('',*,*,#6257,.F.);
#8122=ORIENTED_EDGE('',*,*,#6258,.F.);
#8123=ORIENTED_EDGE('',*,*,#6259,.T.);
#8124=ORIENTED_EDGE('',*,*,#6257,.T.);
#8125=ORIENTED_EDGE('',*,*,#6260,.T.);
#8126=ORIENTED_EDGE('',*,*,#6192,.T.);
#8127=ORIENTED_EDGE('',*,*,#6253,.T.);
#8128=ORIENTED_EDGE('',*,*,#6237,.T.);
#8129=ORIENTED_EDGE('',*,*,#6135,.T.);
#8130=ORIENTED_EDGE('',*,*,#6138,.T.);
#8131=ORIENTED_EDGE('',*,*,#6140,.F.);
#8132=ORIENTED_EDGE('',*,*,#6142,.F.);
#8133=ORIENTED_EDGE('',*,*,#6193,.F.);
#8134=ORIENTED_EDGE('',*,*,#6260,.F.);
#8135=ORIENTED_EDGE('',*,*,#6256,.T.);
#8136=ORIENTED_EDGE('',*,*,#5924,.F.);
#8137=ORIENTED_EDGE('',*,*,#6144,.T.);
#8138=ORIENTED_EDGE('',*,*,#5876,.T.);
#8139=ORIENTED_EDGE('',*,*,#6261,.T.);
#8140=ORIENTED_EDGE('',*,*,#5929,.F.);
#8141=ORIENTED_EDGE('',*,*,#6261,.F.);
#8142=ORIENTED_EDGE('',*,*,#5875,.F.);
#8143=ORIENTED_EDGE('',*,*,#6194,.F.);
#8144=ORIENTED_EDGE('',*,*,#6025,.F.);
#8145=ORIENTED_EDGE('',*,*,#6196,.T.);
#8146=ORIENTED_EDGE('',*,*,#5880,.T.);
#8147=ORIENTED_EDGE('',*,*,#6146,.T.);
#8148=ORIENTED_EDGE('',*,*,#6019,.F.);
#8149=ORIENTED_EDGE('',*,*,#6149,.T.);
#8150=ORIENTED_EDGE('',*,*,#6161,.F.);
#8151=ORIENTED_EDGE('',*,*,#6262,.T.);
#8152=ORIENTED_EDGE('',*,*,#6127,.F.);
#8153=ORIENTED_EDGE('',*,*,#6263,.T.);
#8154=ORIENTED_EDGE('',*,*,#6181,.T.);
#8155=ORIENTED_EDGE('',*,*,#6083,.T.);
#8156=ORIENTED_EDGE('',*,*,#6264,.T.);
#8157=ORIENTED_EDGE('',*,*,#6265,.T.);
#8158=ORIENTED_EDGE('',*,*,#6265,.F.);
#8159=ORIENTED_EDGE('',*,*,#6007,.F.);
#8160=ORIENTED_EDGE('',*,*,#6266,.T.);
#8161=ORIENTED_EDGE('',*,*,#6264,.F.);
#8162=ORIENTED_EDGE('',*,*,#6266,.F.);
#8163=ORIENTED_EDGE('',*,*,#6267,.T.);
#8164=ORIENTED_EDGE('',*,*,#6268,.T.);
#8165=ORIENTED_EDGE('',*,*,#6268,.F.);
#8166=ORIENTED_EDGE('',*,*,#6006,.F.);
#8167=ORIENTED_EDGE('',*,*,#6269,.T.);
#8168=ORIENTED_EDGE('',*,*,#6267,.F.);
#8169=ORIENTED_EDGE('',*,*,#6269,.F.);
#8170=ORIENTED_EDGE('',*,*,#6270,.T.);
#8171=ORIENTED_EDGE('',*,*,#6271,.T.);
#8172=ORIENTED_EDGE('',*,*,#6271,.F.);
#8173=ORIENTED_EDGE('',*,*,#6005,.F.);
#8174=ORIENTED_EDGE('',*,*,#6272,.T.);
#8175=ORIENTED_EDGE('',*,*,#6270,.F.);
#8176=ORIENTED_EDGE('',*,*,#6272,.F.);
#8177=ORIENTED_EDGE('',*,*,#6273,.T.);
#8178=ORIENTED_EDGE('',*,*,#6274,.T.);
#8179=ORIENTED_EDGE('',*,*,#6274,.F.);
#8180=ORIENTED_EDGE('',*,*,#6004,.F.);
#8181=ORIENTED_EDGE('',*,*,#6275,.T.);
#8182=ORIENTED_EDGE('',*,*,#6273,.F.);
#8183=ORIENTED_EDGE('',*,*,#6275,.F.);
#8184=ORIENTED_EDGE('',*,*,#6155,.T.);
#8185=ORIENTED_EDGE('',*,*,#6276,.T.);
#8186=ORIENTED_EDGE('',*,*,#6277,.T.);
#8187=ORIENTED_EDGE('',*,*,#6276,.F.);
#8188=ORIENTED_EDGE('',*,*,#6002,.F.);
#8189=ORIENTED_EDGE('',*,*,#6278,.T.);
#8190=ORIENTED_EDGE('',*,*,#6277,.F.);
#8191=ORIENTED_EDGE('',*,*,#6278,.F.);
#8192=ORIENTED_EDGE('',*,*,#6085,.T.);
#8193=ORIENTED_EDGE('',*,*,#6279,.T.);
#8194=ORIENTED_EDGE('',*,*,#6280,.T.);
#8195=ORIENTED_EDGE('',*,*,#6279,.F.);
#8196=ORIENTED_EDGE('',*,*,#6003,.F.);
#8197=ORIENTED_EDGE('',*,*,#6281,.T.);
#8198=ORIENTED_EDGE('',*,*,#6280,.F.);
#8199=ORIENTED_EDGE('',*,*,#6281,.F.);
#8200=ORIENTED_EDGE('',*,*,#6282,.F.);
#8201=ORIENTED_EDGE('',*,*,#6283,.T.);
#8202=ORIENTED_EDGE('',*,*,#5992,.T.);
#8203=ORIENTED_EDGE('',*,*,#6284,.T.);
#8204=ORIENTED_EDGE('',*,*,#6284,.F.);
#8205=ORIENTED_EDGE('',*,*,#6001,.F.);
#8206=ORIENTED_EDGE('',*,*,#6285,.F.);
#8207=ORIENTED_EDGE('',*,*,#6286,.F.);
#8208=ORIENTED_EDGE('',*,*,#6000,.T.);
#8209=ORIENTED_EDGE('',*,*,#6287,.T.);
#8210=ORIENTED_EDGE('',*,*,#6288,.T.);
#8211=ORIENTED_EDGE('',*,*,#6285,.T.);
#8212=ORIENTED_EDGE('',*,*,#6287,.F.);
#8213=ORIENTED_EDGE('',*,*,#5999,.F.);
#8214=ORIENTED_EDGE('',*,*,#6289,.T.);
#8215=ORIENTED_EDGE('',*,*,#6290,.T.);
#8216=ORIENTED_EDGE('',*,*,#5970,.T.);
#8217=ORIENTED_EDGE('',*,*,#6291,.T.);
#8218=ORIENTED_EDGE('',*,*,#6292,.T.);
#8219=ORIENTED_EDGE('',*,*,#6293,.T.);
#8220=ORIENTED_EDGE('',*,*,#6293,.F.);
#8221=ORIENTED_EDGE('',*,*,#6294,.F.);
#8222=ORIENTED_EDGE('',*,*,#6295,.F.);
#8223=ORIENTED_EDGE('',*,*,#5971,.F.);
#8224=ORIENTED_EDGE('',*,*,#6291,.F.);
#8225=ORIENTED_EDGE('',*,*,#5979,.F.);
#8226=ORIENTED_EDGE('',*,*,#6296,.T.);
#8227=ORIENTED_EDGE('',*,*,#6297,.T.);
#8228=ORIENTED_EDGE('',*,*,#5972,.T.);
#8229=ORIENTED_EDGE('',*,*,#6295,.T.);
#8230=ORIENTED_EDGE('',*,*,#6298,.T.);
#8231=ORIENTED_EDGE('',*,*,#6299,.T.);
#8232=ORIENTED_EDGE('',*,*,#6299,.F.);
#8233=ORIENTED_EDGE('',*,*,#6300,.T.);
#8234=ORIENTED_EDGE('',*,*,#6301,.F.);
#8235=ORIENTED_EDGE('',*,*,#5973,.F.);
#8236=ORIENTED_EDGE('',*,*,#6286,.T.);
#8237=ORIENTED_EDGE('',*,*,#6288,.F.);
#8238=ORIENTED_EDGE('',*,*,#6290,.F.);
#8239=ORIENTED_EDGE('',*,*,#6302,.F.);
#8240=ORIENTED_EDGE('',*,*,#6303,.T.);
#8241=ORIENTED_EDGE('',*,*,#6304,.F.);
#8242=ORIENTED_EDGE('',*,*,#6305,.F.);
#8243=ORIENTED_EDGE('',*,*,#6282,.T.);
#8244=ORIENTED_EDGE('',*,*,#6306,.F.);
#8245=ORIENTED_EDGE('',*,*,#6306,.T.);
#8246=ORIENTED_EDGE('',*,*,#6307,.T.);
#8247=ORIENTED_EDGE('',*,*,#6154,.F.);
#8248=ORIENTED_EDGE('',*,*,#6307,.F.);
#8249=ORIENTED_EDGE('',*,*,#6294,.T.);
#8250=ORIENTED_EDGE('',*,*,#6292,.F.);
#8251=ORIENTED_EDGE('',*,*,#6297,.F.);
#8252=ORIENTED_EDGE('',*,*,#6308,.F.);
#8253=ORIENTED_EDGE('',*,*,#6309,.T.);
#8254=ORIENTED_EDGE('',*,*,#6310,.F.);
#8255=ORIENTED_EDGE('',*,*,#6300,.F.);
#8256=ORIENTED_EDGE('',*,*,#6298,.F.);
#8257=ORIENTED_EDGE('',*,*,#6311,.F.);
#8258=ORIENTED_EDGE('',*,*,#6311,.T.);
#8259=ORIENTED_EDGE('',*,*,#6312,.T.);
#8260=ORIENTED_EDGE('',*,*,#6086,.F.);
#8261=ORIENTED_EDGE('',*,*,#6312,.F.);
#8262=ORIENTED_EDGE('',*,*,#6313,.T.);
#8263=ORIENTED_EDGE('',*,*,#6314,.T.);
#8264=ORIENTED_EDGE('',*,*,#6315,.T.);
#8265=ORIENTED_EDGE('',*,*,#6314,.F.);
#8266=ORIENTED_EDGE('',*,*,#6315,.F.);
#8267=ORIENTED_EDGE('',*,*,#6316,.F.);
#8268=ORIENTED_EDGE('',*,*,#6317,.T.);
#8269=ORIENTED_EDGE('',*,*,#6318,.T.);
#8270=ORIENTED_EDGE('',*,*,#6319,.T.);
#8271=ORIENTED_EDGE('',*,*,#6318,.F.);
#8272=ORIENTED_EDGE('',*,*,#6319,.F.);
#8273=ORIENTED_EDGE('',*,*,#6320,.F.);
#8274=ORIENTED_EDGE('',*,*,#6321,.T.);
#8275=ORIENTED_EDGE('',*,*,#6322,.T.);
#8276=ORIENTED_EDGE('',*,*,#6323,.T.);
#8277=ORIENTED_EDGE('',*,*,#6322,.F.);
#8278=ORIENTED_EDGE('',*,*,#6323,.F.);
#8279=ORIENTED_EDGE('',*,*,#6324,.F.);
#8280=ORIENTED_EDGE('',*,*,#6325,.T.);
#8281=ORIENTED_EDGE('',*,*,#6326,.T.);
#8282=ORIENTED_EDGE('',*,*,#6327,.T.);
#8283=ORIENTED_EDGE('',*,*,#6326,.F.);
#8284=ORIENTED_EDGE('',*,*,#6327,.F.);
#8285=ORIENTED_EDGE('',*,*,#6328,.F.);
#8286=ORIENTED_EDGE('',*,*,#6329,.F.);
#8287=ORIENTED_EDGE('',*,*,#6330,.F.);
#8288=ORIENTED_EDGE('',*,*,#6331,.F.);
#8289=ORIENTED_EDGE('',*,*,#6332,.T.);
#8290=ORIENTED_EDGE('',*,*,#6333,.F.);
#8291=ORIENTED_EDGE('',*,*,#6332,.F.);
#8292=ORIENTED_EDGE('',*,*,#6334,.F.);
#8293=ORIENTED_EDGE('',*,*,#6333,.T.);
#8294=ORIENTED_EDGE('',*,*,#6335,.F.);
#8295=ORIENTED_EDGE('',*,*,#6330,.T.);
#8296=ORIENTED_EDGE('',*,*,#6336,.F.);
#8297=ORIENTED_EDGE('',*,*,#6337,.F.);
#8298=ORIENTED_EDGE('',*,*,#6338,.F.);
#8299=ORIENTED_EDGE('',*,*,#6329,.T.);
#8300=ORIENTED_EDGE('',*,*,#6339,.F.);
#8301=ORIENTED_EDGE('',*,*,#6340,.F.);
#8302=ORIENTED_EDGE('',*,*,#6341,.F.);
#8303=ORIENTED_EDGE('',*,*,#6334,.T.);
#8304=ORIENTED_EDGE('',*,*,#6331,.T.);
#8305=ORIENTED_EDGE('',*,*,#6342,.F.);
#8306=ORIENTED_EDGE('',*,*,#6343,.F.);
#8307=ORIENTED_EDGE('',*,*,#6344,.F.);
#8308=ORIENTED_EDGE('',*,*,#6345,.F.);
#8309=ORIENTED_EDGE('',*,*,#6346,.F.);
#8310=ORIENTED_EDGE('',*,*,#6347,.T.);
#8311=ORIENTED_EDGE('',*,*,#6348,.F.);
#8312=ORIENTED_EDGE('',*,*,#6347,.F.);
#8313=ORIENTED_EDGE('',*,*,#6303,.F.);
#8314=ORIENTED_EDGE('',*,*,#6348,.T.);
#8315=ORIENTED_EDGE('',*,*,#6349,.F.);
#8316=ORIENTED_EDGE('',*,*,#6346,.T.);
#8317=ORIENTED_EDGE('',*,*,#6350,.F.);
#8318=ORIENTED_EDGE('',*,*,#6351,.F.);
#8319=ORIENTED_EDGE('',*,*,#6352,.F.);
#8320=ORIENTED_EDGE('',*,*,#6345,.T.);
#8321=ORIENTED_EDGE('',*,*,#6353,.F.);
#8322=ORIENTED_EDGE('',*,*,#6354,.F.);
#8323=ORIENTED_EDGE('',*,*,#6355,.F.);
#8324=ORIENTED_EDGE('',*,*,#6356,.F.);
#8325=ORIENTED_EDGE('',*,*,#6309,.F.);
#8326=ORIENTED_EDGE('',*,*,#6357,.F.);
#8327=ORIENTED_EDGE('',*,*,#6358,.T.);
#8328=ORIENTED_EDGE('',*,*,#6359,.F.);
#8329=ORIENTED_EDGE('',*,*,#6358,.F.);
#8330=ORIENTED_EDGE('',*,*,#6360,.F.);
#8331=ORIENTED_EDGE('',*,*,#6359,.T.);
#8332=ORIENTED_EDGE('',*,*,#6361,.F.);
#8333=ORIENTED_EDGE('',*,*,#6356,.T.);
#8334=ORIENTED_EDGE('',*,*,#6362,.F.);
#8335=ORIENTED_EDGE('',*,*,#6363,.F.);
#8336=ORIENTED_EDGE('',*,*,#6364,.F.);
#8337=ORIENTED_EDGE('',*,*,#6360,.T.);
#8338=ORIENTED_EDGE('',*,*,#6357,.T.);
#8339=ORIENTED_EDGE('',*,*,#6365,.F.);
#8340=ORIENTED_EDGE('',*,*,#6366,.F.);
#8341=ORIENTED_EDGE('',*,*,#6367,.F.);
#8342=ORIENTED_EDGE('',*,*,#6368,.F.);
#8343=ORIENTED_EDGE('',*,*,#6369,.F.);
#8344=ORIENTED_EDGE('',*,*,#6370,.T.);
#8345=ORIENTED_EDGE('',*,*,#6371,.F.);
#8346=ORIENTED_EDGE('',*,*,#6370,.F.);
#8347=ORIENTED_EDGE('',*,*,#6372,.F.);
#8348=ORIENTED_EDGE('',*,*,#6371,.T.);
#8349=ORIENTED_EDGE('',*,*,#6373,.F.);
#8350=ORIENTED_EDGE('',*,*,#6369,.T.);
#8351=ORIENTED_EDGE('',*,*,#6374,.F.);
#8352=ORIENTED_EDGE('',*,*,#6375,.F.);
#8353=ORIENTED_EDGE('',*,*,#6376,.F.);
#8354=ORIENTED_EDGE('',*,*,#6368,.T.);
#8355=ORIENTED_EDGE('',*,*,#6377,.F.);
#8356=ORIENTED_EDGE('',*,*,#6378,.F.);
#8357=ORIENTED_EDGE('',*,*,#6379,.F.);
#8358=ORIENTED_EDGE('',*,*,#6372,.T.);
#8359=ORIENTED_EDGE('',*,*,#6380,.F.);
#8360=ORIENTED_EDGE('',*,*,#6381,.F.);
#8361=ORIENTED_EDGE('',*,*,#6382,.F.);
#8362=ORIENTED_EDGE('',*,*,#6304,.T.);
#8363=ORIENTED_EDGE('',*,*,#6352,.T.);
#8364=ORIENTED_EDGE('',*,*,#6383,.F.);
#8365=ORIENTED_EDGE('',*,*,#5994,.F.);
#8366=ORIENTED_EDGE('',*,*,#6384,.F.);
#8367=ORIENTED_EDGE('',*,*,#6351,.T.);
#8368=ORIENTED_EDGE('',*,*,#6385,.F.);
#8369=ORIENTED_EDGE('',*,*,#5995,.F.);
#8370=ORIENTED_EDGE('',*,*,#6383,.T.);
#8371=ORIENTED_EDGE('',*,*,#6283,.F.);
#8372=ORIENTED_EDGE('',*,*,#6305,.T.);
#8373=ORIENTED_EDGE('',*,*,#6384,.T.);
#8374=ORIENTED_EDGE('',*,*,#5993,.F.);
#8375=ORIENTED_EDGE('',*,*,#6353,.T.);
#8376=ORIENTED_EDGE('',*,*,#6302,.T.);
#8377=ORIENTED_EDGE('',*,*,#6289,.F.);
#8378=ORIENTED_EDGE('',*,*,#5998,.F.);
#8379=ORIENTED_EDGE('',*,*,#6386,.T.);
#8380=ORIENTED_EDGE('',*,*,#6354,.T.);
#8381=ORIENTED_EDGE('',*,*,#6386,.F.);
#8382=ORIENTED_EDGE('',*,*,#5997,.F.);
#8383=ORIENTED_EDGE('',*,*,#6387,.T.);
#8384=ORIENTED_EDGE('',*,*,#6350,.T.);
#8385=ORIENTED_EDGE('',*,*,#6355,.T.);
#8386=ORIENTED_EDGE('',*,*,#6387,.F.);
#8387=ORIENTED_EDGE('',*,*,#5996,.F.);
#8388=ORIENTED_EDGE('',*,*,#6385,.T.);
#8389=ORIENTED_EDGE('',*,*,#6365,.T.);
#8390=ORIENTED_EDGE('',*,*,#6308,.T.);
#8391=ORIENTED_EDGE('',*,*,#6296,.F.);
#8392=ORIENTED_EDGE('',*,*,#5978,.F.);
#8393=ORIENTED_EDGE('',*,*,#6388,.F.);
#8394=ORIENTED_EDGE('',*,*,#6366,.T.);
#8395=ORIENTED_EDGE('',*,*,#6388,.T.);
#8396=ORIENTED_EDGE('',*,*,#5977,.F.);
#8397=ORIENTED_EDGE('',*,*,#6389,.T.);
#8398=ORIENTED_EDGE('',*,*,#6362,.T.);
#8399=ORIENTED_EDGE('',*,*,#6367,.T.);
#8400=ORIENTED_EDGE('',*,*,#6389,.F.);
#8401=ORIENTED_EDGE('',*,*,#5976,.F.);
#8402=ORIENTED_EDGE('',*,*,#6390,.T.);
#8403=ORIENTED_EDGE('',*,*,#6363,.T.);
#8404=ORIENTED_EDGE('',*,*,#6390,.F.);
#8405=ORIENTED_EDGE('',*,*,#5975,.F.);
#8406=ORIENTED_EDGE('',*,*,#6391,.T.);
#8407=ORIENTED_EDGE('',*,*,#6310,.T.);
#8408=ORIENTED_EDGE('',*,*,#6364,.T.);
#8409=ORIENTED_EDGE('',*,*,#6391,.F.);
#8410=ORIENTED_EDGE('',*,*,#5974,.F.);
#8411=ORIENTED_EDGE('',*,*,#6301,.T.);
#8412=ORIENTED_EDGE('',*,*,#6340,.T.);
#8413=ORIENTED_EDGE('',*,*,#6392,.T.);
#8414=ORIENTED_EDGE('',*,*,#5986,.F.);
#8415=ORIENTED_EDGE('',*,*,#6393,.T.);
#8416=ORIENTED_EDGE('',*,*,#6343,.T.);
#8417=ORIENTED_EDGE('',*,*,#6394,.F.);
#8418=ORIENTED_EDGE('',*,*,#5988,.F.);
#8419=ORIENTED_EDGE('',*,*,#6395,.T.);
#8420=ORIENTED_EDGE('',*,*,#6339,.T.);
#8421=ORIENTED_EDGE('',*,*,#6344,.T.);
#8422=ORIENTED_EDGE('',*,*,#6395,.F.);
#8423=ORIENTED_EDGE('',*,*,#5987,.F.);
#8424=ORIENTED_EDGE('',*,*,#6392,.F.);
#8425=ORIENTED_EDGE('',*,*,#6336,.T.);
#8426=ORIENTED_EDGE('',*,*,#6341,.T.);
#8427=ORIENTED_EDGE('',*,*,#6393,.F.);
#8428=ORIENTED_EDGE('',*,*,#5991,.F.);
#8429=ORIENTED_EDGE('',*,*,#6396,.T.);
#8430=ORIENTED_EDGE('',*,*,#6337,.T.);
#8431=ORIENTED_EDGE('',*,*,#6396,.F.);
#8432=ORIENTED_EDGE('',*,*,#5990,.F.);
#8433=ORIENTED_EDGE('',*,*,#6397,.T.);
#8434=ORIENTED_EDGE('',*,*,#6342,.T.);
#8435=ORIENTED_EDGE('',*,*,#6338,.T.);
#8436=ORIENTED_EDGE('',*,*,#6397,.F.);
#8437=ORIENTED_EDGE('',*,*,#5989,.F.);
#8438=ORIENTED_EDGE('',*,*,#6394,.T.);
#8439=ORIENTED_EDGE('',*,*,#6381,.T.);
#8440=ORIENTED_EDGE('',*,*,#6398,.T.);
#8441=ORIENTED_EDGE('',*,*,#5980,.F.);
#8442=ORIENTED_EDGE('',*,*,#6399,.T.);
#8443=ORIENTED_EDGE('',*,*,#6380,.T.);
#8444=ORIENTED_EDGE('',*,*,#6376,.T.);
#8445=ORIENTED_EDGE('',*,*,#6400,.F.);
#8446=ORIENTED_EDGE('',*,*,#5981,.F.);
#8447=ORIENTED_EDGE('',*,*,#6398,.F.);
#8448=ORIENTED_EDGE('',*,*,#6375,.T.);
#8449=ORIENTED_EDGE('',*,*,#6401,.F.);
#8450=ORIENTED_EDGE('',*,*,#5982,.F.);
#8451=ORIENTED_EDGE('',*,*,#6400,.T.);
#8452=ORIENTED_EDGE('',*,*,#6377,.T.);
#8453=ORIENTED_EDGE('',*,*,#6382,.T.);
#8454=ORIENTED_EDGE('',*,*,#6399,.F.);
#8455=ORIENTED_EDGE('',*,*,#5985,.F.);
#8456=ORIENTED_EDGE('',*,*,#6402,.T.);
#8457=ORIENTED_EDGE('',*,*,#6378,.T.);
#8458=ORIENTED_EDGE('',*,*,#6402,.F.);
#8459=ORIENTED_EDGE('',*,*,#5984,.F.);
#8460=ORIENTED_EDGE('',*,*,#6403,.T.);
#8461=ORIENTED_EDGE('',*,*,#6374,.T.);
#8462=ORIENTED_EDGE('',*,*,#6379,.T.);
#8463=ORIENTED_EDGE('',*,*,#6403,.F.);
#8464=ORIENTED_EDGE('',*,*,#5983,.F.);
#8465=ORIENTED_EDGE('',*,*,#6401,.T.);
#8466=ORIENTED_EDGE('',*,*,#6126,.F.);
#8467=ORIENTED_EDGE('',*,*,#6244,.F.);
#8468=ORIENTED_EDGE('',*,*,#6182,.F.);
#8469=ORIENTED_EDGE('',*,*,#6263,.F.);
#8470=ORIENTED_EDGE('',*,*,#6373,.T.);
#8471=ORIENTED_EDGE('',*,*,#6404,.T.);
#8472=ORIENTED_EDGE('',*,*,#6328,.T.);
#8473=ORIENTED_EDGE('',*,*,#6404,.F.);
#8474=ORIENTED_EDGE('',*,*,#6349,.T.);
#8475=ORIENTED_EDGE('',*,*,#6405,.T.);
#8476=ORIENTED_EDGE('',*,*,#6316,.T.);
#8477=ORIENTED_EDGE('',*,*,#6405,.F.);
#8478=ORIENTED_EDGE('',*,*,#6361,.T.);
#8479=ORIENTED_EDGE('',*,*,#6406,.T.);
#8480=ORIENTED_EDGE('',*,*,#6324,.T.);
#8481=ORIENTED_EDGE('',*,*,#6406,.F.);
#8482=ORIENTED_EDGE('',*,*,#6335,.T.);
#8483=ORIENTED_EDGE('',*,*,#6407,.T.);
#8484=ORIENTED_EDGE('',*,*,#6320,.T.);
#8485=ORIENTED_EDGE('',*,*,#6407,.F.);
#8486=ORIENTED_EDGE('',*,*,#6317,.F.);
#8487=ORIENTED_EDGE('',*,*,#6321,.F.);
#8488=ORIENTED_EDGE('',*,*,#6313,.F.);
#8489=ORIENTED_EDGE('',*,*,#6325,.F.);
#8490=ORIENTED_EDGE('',*,*,#6252,.F.);
#8491=ORIENTED_EDGE('',*,*,#6250,.T.);
#8492=ORIENTED_EDGE('',*,*,#6246,.F.);
#8493=ORIENTED_EDGE('',*,*,#6239,.T.);
#8494=ORIENTED_EDGE('',*,*,#6255,.F.);
#8495=ORIENTED_EDGE('',*,*,#6258,.T.);
#8496=ORIENTED_EDGE('',*,*,#6259,.F.);
#8497=ORIENTED_EDGE('',*,*,#6191,.T.);
#8498=ORIENTED_EDGE('',*,*,#6222,.T.);
#8499=ORIENTED_EDGE('',*,*,#6408,.F.);
#8500=ORIENTED_EDGE('',*,*,#6220,.F.);
#8501=ORIENTED_EDGE('',*,*,#5951,.F.);
#8502=ORIENTED_EDGE('',*,*,#6219,.F.);
#8503=ORIENTED_EDGE('',*,*,#6060,.F.);
#8504=ORIENTED_EDGE('',*,*,#6068,.T.);
#8505=ORIENTED_EDGE('',*,*,#6072,.F.);
#8506=ORIENTED_EDGE('',*,*,#6016,.F.);
#8507=ORIENTED_EDGE('',*,*,#6262,.F.);
#8508=ORIENTED_EDGE('',*,*,#6163,.F.);
#8509=ORIENTED_EDGE('',*,*,#6168,.F.);
#8510=ORIENTED_EDGE('',*,*,#6221,.F.);
#8511=ORIENTED_EDGE('',*,*,#6408,.T.);
#8512=ORIENTED_EDGE('',*,*,#6223,.F.);
#8513=ORIENTED_EDGE('',*,*,#6179,.F.);
#8514=ORIENTED_EDGE('',*,*,#5761,.T.);
#8515=ORIENTED_EDGE('',*,*,#5765,.T.);
#8516=ORIENTED_EDGE('',*,*,#5768,.T.);
#8517=ORIENTED_EDGE('',*,*,#5770,.T.);
#8518=ORIENTED_EDGE('',*,*,#6409,.F.);
#8519=ORIENTED_EDGE('',*,*,#6410,.F.);
#8520=ORIENTED_EDGE('',*,*,#6411,.F.);
#8521=ORIENTED_EDGE('',*,*,#6412,.T.);
#8522=ORIENTED_EDGE('',*,*,#6413,.F.);
#8523=ORIENTED_EDGE('',*,*,#6414,.F.);
#8524=ORIENTED_EDGE('',*,*,#6415,.F.);
#8525=ORIENTED_EDGE('',*,*,#6416,.F.);
#8526=ORIENTED_EDGE('',*,*,#6417,.F.);
#8527=ORIENTED_EDGE('',*,*,#6418,.F.);
#8528=ORIENTED_EDGE('',*,*,#6412,.F.);
#8529=ORIENTED_EDGE('',*,*,#6419,.F.);
#8530=ORIENTED_EDGE('',*,*,#6420,.F.);
#8531=ORIENTED_EDGE('',*,*,#6421,.F.);
#8532=ORIENTED_EDGE('',*,*,#6422,.F.);
#8533=ORIENTED_EDGE('',*,*,#6423,.F.);
#8534=ORIENTED_EDGE('',*,*,#6424,.F.);
#8535=ORIENTED_EDGE('',*,*,#6425,.F.);
#8536=ORIENTED_EDGE('',*,*,#6426,.F.);
#8537=ORIENTED_EDGE('',*,*,#6410,.T.);
#8538=ORIENTED_EDGE('',*,*,#6427,.F.);
#8539=ORIENTED_EDGE('',*,*,#6428,.T.);
#8540=ORIENTED_EDGE('',*,*,#6429,.F.);
#8541=ORIENTED_EDGE('',*,*,#6423,.T.);
#8542=ORIENTED_EDGE('',*,*,#6430,.F.);
#8543=ORIENTED_EDGE('',*,*,#6431,.F.);
#8544=ORIENTED_EDGE('',*,*,#6432,.T.);
#8545=ORIENTED_EDGE('',*,*,#6433,.F.);
#8546=ORIENTED_EDGE('',*,*,#6428,.F.);
#8547=ORIENTED_EDGE('',*,*,#6434,.F.);
#8548=ORIENTED_EDGE('',*,*,#6435,.T.);
#8549=ORIENTED_EDGE('',*,*,#6436,.F.);
#8550=ORIENTED_EDGE('',*,*,#6432,.F.);
#8551=ORIENTED_EDGE('',*,*,#6437,.F.);
#8552=ORIENTED_EDGE('',*,*,#6438,.T.);
#8553=ORIENTED_EDGE('',*,*,#6439,.F.);
#8554=ORIENTED_EDGE('',*,*,#6435,.F.);
#8555=ORIENTED_EDGE('',*,*,#6440,.F.);
#8556=ORIENTED_EDGE('',*,*,#6441,.T.);
#8557=ORIENTED_EDGE('',*,*,#6414,.T.);
#8558=ORIENTED_EDGE('',*,*,#6442,.F.);
#8559=ORIENTED_EDGE('',*,*,#6438,.F.);
#8560=ORIENTED_EDGE('',*,*,#6443,.F.);
#8561=ORIENTED_EDGE('',*,*,#6444,.T.);
#8562=ORIENTED_EDGE('',*,*,#6415,.T.);
#8563=ORIENTED_EDGE('',*,*,#6441,.F.);
#8564=ORIENTED_EDGE('',*,*,#6445,.F.);
#8565=ORIENTED_EDGE('',*,*,#6430,.T.);
#8566=ORIENTED_EDGE('',*,*,#6422,.T.);
#8567=ORIENTED_EDGE('',*,*,#6446,.F.);
#8568=ORIENTED_EDGE('',*,*,#6447,.F.);
#8569=ORIENTED_EDGE('',*,*,#6448,.F.);
#8570=ORIENTED_EDGE('',*,*,#6449,.F.);
#8571=ORIENTED_EDGE('',*,*,#6450,.T.);
#8572=ORIENTED_EDGE('',*,*,#6451,.F.);
#8573=ORIENTED_EDGE('',*,*,#6452,.F.);
#8574=ORIENTED_EDGE('',*,*,#6453,.F.);
#8575=ORIENTED_EDGE('',*,*,#6454,.F.);
#8576=ORIENTED_EDGE('',*,*,#6455,.F.);
#8577=ORIENTED_EDGE('',*,*,#6456,.F.);
#8578=ORIENTED_EDGE('',*,*,#6450,.F.);
#8579=ORIENTED_EDGE('',*,*,#6457,.F.);
#8580=ORIENTED_EDGE('',*,*,#6458,.F.);
#8581=ORIENTED_EDGE('',*,*,#6459,.F.);
#8582=ORIENTED_EDGE('',*,*,#6460,.F.);
#8583=ORIENTED_EDGE('',*,*,#6461,.F.);
#8584=ORIENTED_EDGE('',*,*,#6462,.F.);
#8585=ORIENTED_EDGE('',*,*,#6463,.F.);
#8586=ORIENTED_EDGE('',*,*,#6464,.F.);
#8587=ORIENTED_EDGE('',*,*,#6448,.T.);
#8588=ORIENTED_EDGE('',*,*,#6465,.F.);
#8589=ORIENTED_EDGE('',*,*,#6466,.T.);
#8590=ORIENTED_EDGE('',*,*,#6467,.F.);
#8591=ORIENTED_EDGE('',*,*,#6461,.T.);
#8592=ORIENTED_EDGE('',*,*,#6468,.F.);
#8593=ORIENTED_EDGE('',*,*,#6469,.F.);
#8594=ORIENTED_EDGE('',*,*,#6470,.T.);
#8595=ORIENTED_EDGE('',*,*,#6471,.F.);
#8596=ORIENTED_EDGE('',*,*,#6466,.F.);
#8597=ORIENTED_EDGE('',*,*,#6472,.F.);
#8598=ORIENTED_EDGE('',*,*,#6473,.T.);
#8599=ORIENTED_EDGE('',*,*,#6474,.F.);
#8600=ORIENTED_EDGE('',*,*,#6470,.F.);
#8601=ORIENTED_EDGE('',*,*,#6475,.F.);
#8602=ORIENTED_EDGE('',*,*,#6476,.T.);
#8603=ORIENTED_EDGE('',*,*,#6477,.F.);
#8604=ORIENTED_EDGE('',*,*,#6473,.F.);
#8605=ORIENTED_EDGE('',*,*,#6478,.F.);
#8606=ORIENTED_EDGE('',*,*,#6479,.T.);
#8607=ORIENTED_EDGE('',*,*,#6452,.T.);
#8608=ORIENTED_EDGE('',*,*,#6480,.F.);
#8609=ORIENTED_EDGE('',*,*,#6476,.F.);
#8610=ORIENTED_EDGE('',*,*,#6481,.F.);
#8611=ORIENTED_EDGE('',*,*,#6482,.T.);
#8612=ORIENTED_EDGE('',*,*,#6453,.T.);
#8613=ORIENTED_EDGE('',*,*,#6479,.F.);
#8614=ORIENTED_EDGE('',*,*,#6483,.F.);
#8615=ORIENTED_EDGE('',*,*,#6468,.T.);
#8616=ORIENTED_EDGE('',*,*,#6460,.T.);
#8617=ORIENTED_EDGE('',*,*,#6484,.F.);
#8618=ORIENTED_EDGE('',*,*,#6485,.F.);
#8619=ORIENTED_EDGE('',*,*,#6486,.F.);
#8620=ORIENTED_EDGE('',*,*,#6487,.F.);
#8621=ORIENTED_EDGE('',*,*,#6488,.T.);
#8622=ORIENTED_EDGE('',*,*,#6489,.F.);
#8623=ORIENTED_EDGE('',*,*,#6490,.F.);
#8624=ORIENTED_EDGE('',*,*,#6491,.F.);
#8625=ORIENTED_EDGE('',*,*,#6492,.F.);
#8626=ORIENTED_EDGE('',*,*,#6493,.F.);
#8627=ORIENTED_EDGE('',*,*,#6494,.F.);
#8628=ORIENTED_EDGE('',*,*,#6488,.F.);
#8629=ORIENTED_EDGE('',*,*,#6495,.F.);
#8630=ORIENTED_EDGE('',*,*,#6496,.F.);
#8631=ORIENTED_EDGE('',*,*,#6497,.F.);
#8632=ORIENTED_EDGE('',*,*,#6498,.F.);
#8633=ORIENTED_EDGE('',*,*,#6499,.F.);
#8634=ORIENTED_EDGE('',*,*,#6500,.F.);
#8635=ORIENTED_EDGE('',*,*,#6501,.F.);
#8636=ORIENTED_EDGE('',*,*,#6502,.F.);
#8637=ORIENTED_EDGE('',*,*,#6486,.T.);
#8638=ORIENTED_EDGE('',*,*,#6503,.F.);
#8639=ORIENTED_EDGE('',*,*,#6504,.T.);
#8640=ORIENTED_EDGE('',*,*,#6505,.F.);
#8641=ORIENTED_EDGE('',*,*,#6499,.T.);
#8642=ORIENTED_EDGE('',*,*,#6506,.F.);
#8643=ORIENTED_EDGE('',*,*,#6507,.F.);
#8644=ORIENTED_EDGE('',*,*,#6508,.T.);
#8645=ORIENTED_EDGE('',*,*,#6509,.F.);
#8646=ORIENTED_EDGE('',*,*,#6504,.F.);
#8647=ORIENTED_EDGE('',*,*,#6510,.F.);
#8648=ORIENTED_EDGE('',*,*,#6511,.T.);
#8649=ORIENTED_EDGE('',*,*,#6512,.F.);
#8650=ORIENTED_EDGE('',*,*,#6508,.F.);
#8651=ORIENTED_EDGE('',*,*,#6513,.F.);
#8652=ORIENTED_EDGE('',*,*,#6514,.T.);
#8653=ORIENTED_EDGE('',*,*,#6515,.F.);
#8654=ORIENTED_EDGE('',*,*,#6511,.F.);
#8655=ORIENTED_EDGE('',*,*,#6516,.F.);
#8656=ORIENTED_EDGE('',*,*,#6517,.T.);
#8657=ORIENTED_EDGE('',*,*,#6490,.T.);
#8658=ORIENTED_EDGE('',*,*,#6518,.F.);
#8659=ORIENTED_EDGE('',*,*,#6514,.F.);
#8660=ORIENTED_EDGE('',*,*,#6519,.F.);
#8661=ORIENTED_EDGE('',*,*,#6520,.T.);
#8662=ORIENTED_EDGE('',*,*,#6491,.T.);
#8663=ORIENTED_EDGE('',*,*,#6517,.F.);
#8664=ORIENTED_EDGE('',*,*,#6521,.F.);
#8665=ORIENTED_EDGE('',*,*,#6506,.T.);
#8666=ORIENTED_EDGE('',*,*,#6498,.T.);
#8667=ORIENTED_EDGE('',*,*,#6522,.F.);
#8668=ORIENTED_EDGE('',*,*,#6523,.F.);
#8669=ORIENTED_EDGE('',*,*,#6524,.F.);
#8670=ORIENTED_EDGE('',*,*,#6525,.F.);
#8671=ORIENTED_EDGE('',*,*,#6526,.T.);
#8672=ORIENTED_EDGE('',*,*,#6527,.F.);
#8673=ORIENTED_EDGE('',*,*,#6528,.F.);
#8674=ORIENTED_EDGE('',*,*,#6529,.F.);
#8675=ORIENTED_EDGE('',*,*,#6530,.F.);
#8676=ORIENTED_EDGE('',*,*,#6531,.F.);
#8677=ORIENTED_EDGE('',*,*,#6532,.F.);
#8678=ORIENTED_EDGE('',*,*,#6526,.F.);
#8679=ORIENTED_EDGE('',*,*,#6533,.F.);
#8680=ORIENTED_EDGE('',*,*,#6534,.F.);
#8681=ORIENTED_EDGE('',*,*,#6535,.F.);
#8682=ORIENTED_EDGE('',*,*,#6536,.F.);
#8683=ORIENTED_EDGE('',*,*,#6537,.F.);
#8684=ORIENTED_EDGE('',*,*,#6538,.F.);
#8685=ORIENTED_EDGE('',*,*,#6539,.F.);
#8686=ORIENTED_EDGE('',*,*,#6540,.F.);
#8687=ORIENTED_EDGE('',*,*,#6524,.T.);
#8688=ORIENTED_EDGE('',*,*,#6541,.F.);
#8689=ORIENTED_EDGE('',*,*,#6542,.T.);
#8690=ORIENTED_EDGE('',*,*,#6543,.F.);
#8691=ORIENTED_EDGE('',*,*,#6537,.T.);
#8692=ORIENTED_EDGE('',*,*,#6544,.F.);
#8693=ORIENTED_EDGE('',*,*,#6545,.F.);
#8694=ORIENTED_EDGE('',*,*,#6546,.T.);
#8695=ORIENTED_EDGE('',*,*,#6547,.F.);
#8696=ORIENTED_EDGE('',*,*,#6542,.F.);
#8697=ORIENTED_EDGE('',*,*,#6548,.F.);
#8698=ORIENTED_EDGE('',*,*,#6549,.T.);
#8699=ORIENTED_EDGE('',*,*,#6550,.F.);
#8700=ORIENTED_EDGE('',*,*,#6546,.F.);
#8701=ORIENTED_EDGE('',*,*,#6551,.F.);
#8702=ORIENTED_EDGE('',*,*,#6552,.T.);
#8703=ORIENTED_EDGE('',*,*,#6553,.F.);
#8704=ORIENTED_EDGE('',*,*,#6549,.F.);
#8705=ORIENTED_EDGE('',*,*,#6554,.F.);
#8706=ORIENTED_EDGE('',*,*,#6555,.T.);
#8707=ORIENTED_EDGE('',*,*,#6528,.T.);
#8708=ORIENTED_EDGE('',*,*,#6556,.F.);
#8709=ORIENTED_EDGE('',*,*,#6552,.F.);
#8710=ORIENTED_EDGE('',*,*,#6557,.F.);
#8711=ORIENTED_EDGE('',*,*,#6558,.T.);
#8712=ORIENTED_EDGE('',*,*,#6529,.T.);
#8713=ORIENTED_EDGE('',*,*,#6555,.F.);
#8714=ORIENTED_EDGE('',*,*,#6559,.F.);
#8715=ORIENTED_EDGE('',*,*,#6544,.T.);
#8716=ORIENTED_EDGE('',*,*,#6536,.T.);
#8717=ORIENTED_EDGE('',*,*,#6560,.F.);
#8718=ORIENTED_EDGE('',*,*,#6561,.F.);
#8719=ORIENTED_EDGE('',*,*,#6562,.F.);
#8720=ORIENTED_EDGE('',*,*,#6563,.F.);
#8721=ORIENTED_EDGE('',*,*,#6564,.T.);
#8722=ORIENTED_EDGE('',*,*,#6565,.F.);
#8723=ORIENTED_EDGE('',*,*,#6566,.F.);
#8724=ORIENTED_EDGE('',*,*,#6567,.F.);
#8725=ORIENTED_EDGE('',*,*,#6568,.F.);
#8726=ORIENTED_EDGE('',*,*,#6569,.F.);
#8727=ORIENTED_EDGE('',*,*,#6570,.F.);
#8728=ORIENTED_EDGE('',*,*,#6564,.F.);
#8729=ORIENTED_EDGE('',*,*,#6571,.F.);
#8730=ORIENTED_EDGE('',*,*,#6572,.F.);
#8731=ORIENTED_EDGE('',*,*,#6573,.F.);
#8732=ORIENTED_EDGE('',*,*,#6574,.F.);
#8733=ORIENTED_EDGE('',*,*,#6575,.F.);
#8734=ORIENTED_EDGE('',*,*,#6576,.F.);
#8735=ORIENTED_EDGE('',*,*,#6577,.F.);
#8736=ORIENTED_EDGE('',*,*,#6578,.F.);
#8737=ORIENTED_EDGE('',*,*,#6562,.T.);
#8738=ORIENTED_EDGE('',*,*,#6579,.F.);
#8739=ORIENTED_EDGE('',*,*,#6580,.T.);
#8740=ORIENTED_EDGE('',*,*,#6581,.F.);
#8741=ORIENTED_EDGE('',*,*,#6575,.T.);
#8742=ORIENTED_EDGE('',*,*,#6582,.F.);
#8743=ORIENTED_EDGE('',*,*,#6583,.F.);
#8744=ORIENTED_EDGE('',*,*,#6584,.T.);
#8745=ORIENTED_EDGE('',*,*,#6585,.F.);
#8746=ORIENTED_EDGE('',*,*,#6580,.F.);
#8747=ORIENTED_EDGE('',*,*,#6586,.F.);
#8748=ORIENTED_EDGE('',*,*,#6587,.T.);
#8749=ORIENTED_EDGE('',*,*,#6588,.F.);
#8750=ORIENTED_EDGE('',*,*,#6584,.F.);
#8751=ORIENTED_EDGE('',*,*,#6589,.F.);
#8752=ORIENTED_EDGE('',*,*,#6590,.T.);
#8753=ORIENTED_EDGE('',*,*,#6591,.F.);
#8754=ORIENTED_EDGE('',*,*,#6587,.F.);
#8755=ORIENTED_EDGE('',*,*,#6592,.F.);
#8756=ORIENTED_EDGE('',*,*,#6593,.T.);
#8757=ORIENTED_EDGE('',*,*,#6566,.T.);
#8758=ORIENTED_EDGE('',*,*,#6594,.F.);
#8759=ORIENTED_EDGE('',*,*,#6590,.F.);
#8760=ORIENTED_EDGE('',*,*,#6595,.F.);
#8761=ORIENTED_EDGE('',*,*,#6596,.T.);
#8762=ORIENTED_EDGE('',*,*,#6567,.T.);
#8763=ORIENTED_EDGE('',*,*,#6593,.F.);
#8764=ORIENTED_EDGE('',*,*,#6597,.F.);
#8765=ORIENTED_EDGE('',*,*,#6582,.T.);
#8766=ORIENTED_EDGE('',*,*,#6574,.T.);
#8767=ORIENTED_EDGE('',*,*,#6598,.F.);
#8768=ORIENTED_EDGE('',*,*,#6417,.T.);
#8769=ORIENTED_EDGE('',*,*,#6599,.F.);
#8770=ORIENTED_EDGE('',*,*,#6600,.F.);
#8771=ORIENTED_EDGE('',*,*,#6601,.T.);
#8772=ORIENTED_EDGE('',*,*,#6602,.F.);
#8773=ORIENTED_EDGE('',*,*,#6603,.F.);
#8774=ORIENTED_EDGE('',*,*,#6599,.T.);
#8775=ORIENTED_EDGE('',*,*,#6416,.T.);
#8776=ORIENTED_EDGE('',*,*,#6444,.F.);
#8777=ORIENTED_EDGE('',*,*,#6604,.F.);
#8778=ORIENTED_EDGE('',*,*,#6446,.T.);
#8779=ORIENTED_EDGE('',*,*,#6421,.T.);
#8780=ORIENTED_EDGE('',*,*,#6455,.T.);
#8781=ORIENTED_EDGE('',*,*,#6605,.F.);
#8782=ORIENTED_EDGE('',*,*,#6606,.F.);
#8783=ORIENTED_EDGE('',*,*,#6607,.T.);
#8784=ORIENTED_EDGE('',*,*,#6608,.F.);
#8785=ORIENTED_EDGE('',*,*,#6609,.F.);
#8786=ORIENTED_EDGE('',*,*,#6605,.T.);
#8787=ORIENTED_EDGE('',*,*,#6454,.T.);
#8788=ORIENTED_EDGE('',*,*,#6482,.F.);
#8789=ORIENTED_EDGE('',*,*,#6610,.F.);
#8790=ORIENTED_EDGE('',*,*,#6484,.T.);
#8791=ORIENTED_EDGE('',*,*,#6459,.T.);
#8792=ORIENTED_EDGE('',*,*,#6493,.T.);
#8793=ORIENTED_EDGE('',*,*,#6611,.F.);
#8794=ORIENTED_EDGE('',*,*,#6612,.F.);
#8795=ORIENTED_EDGE('',*,*,#6613,.T.);
#8796=ORIENTED_EDGE('',*,*,#6614,.F.);
#8797=ORIENTED_EDGE('',*,*,#6615,.F.);
#8798=ORIENTED_EDGE('',*,*,#6611,.T.);
#8799=ORIENTED_EDGE('',*,*,#6492,.T.);
#8800=ORIENTED_EDGE('',*,*,#6520,.F.);
#8801=ORIENTED_EDGE('',*,*,#6616,.F.);
#8802=ORIENTED_EDGE('',*,*,#6522,.T.);
#8803=ORIENTED_EDGE('',*,*,#6497,.T.);
#8804=ORIENTED_EDGE('',*,*,#6531,.T.);
#8805=ORIENTED_EDGE('',*,*,#6617,.F.);
#8806=ORIENTED_EDGE('',*,*,#6618,.F.);
#8807=ORIENTED_EDGE('',*,*,#6619,.T.);
#8808=ORIENTED_EDGE('',*,*,#6620,.F.);
#8809=ORIENTED_EDGE('',*,*,#6621,.F.);
#8810=ORIENTED_EDGE('',*,*,#6617,.T.);
#8811=ORIENTED_EDGE('',*,*,#6530,.T.);
#8812=ORIENTED_EDGE('',*,*,#6558,.F.);
#8813=ORIENTED_EDGE('',*,*,#6622,.F.);
#8814=ORIENTED_EDGE('',*,*,#6560,.T.);
#8815=ORIENTED_EDGE('',*,*,#6535,.T.);
#8816=ORIENTED_EDGE('',*,*,#6569,.T.);
#8817=ORIENTED_EDGE('',*,*,#6623,.F.);
#8818=ORIENTED_EDGE('',*,*,#6624,.F.);
#8819=ORIENTED_EDGE('',*,*,#6625,.T.);
#8820=ORIENTED_EDGE('',*,*,#6626,.F.);
#8821=ORIENTED_EDGE('',*,*,#6627,.F.);
#8822=ORIENTED_EDGE('',*,*,#6623,.T.);
#8823=ORIENTED_EDGE('',*,*,#6568,.T.);
#8824=ORIENTED_EDGE('',*,*,#6596,.F.);
#8825=ORIENTED_EDGE('',*,*,#6628,.F.);
#8826=ORIENTED_EDGE('',*,*,#6598,.T.);
#8827=ORIENTED_EDGE('',*,*,#6573,.T.);
#8828=ORIENTED_EDGE('',*,*,#6629,.T.);
#8829=ORIENTED_EDGE('',*,*,#6630,.T.);
#8830=ORIENTED_EDGE('',*,*,#6631,.T.);
#8831=ORIENTED_EDGE('',*,*,#6632,.T.);
#8832=ORIENTED_EDGE('',*,*,#6633,.T.);
#8833=ORIENTED_EDGE('',*,*,#6634,.T.);
#8834=ORIENTED_EDGE('',*,*,#6635,.F.);
#8835=ORIENTED_EDGE('',*,*,#6636,.F.);
#8836=ORIENTED_EDGE('',*,*,#6637,.T.);
#8837=ORIENTED_EDGE('',*,*,#6638,.T.);
#8838=ORIENTED_EDGE('',*,*,#6639,.T.);
#8839=ORIENTED_EDGE('',*,*,#6604,.T.);
#8840=ORIENTED_EDGE('',*,*,#6443,.T.);
#8841=ORIENTED_EDGE('',*,*,#6440,.T.);
#8842=ORIENTED_EDGE('',*,*,#6437,.T.);
#8843=ORIENTED_EDGE('',*,*,#6434,.T.);
#8844=ORIENTED_EDGE('',*,*,#6431,.T.);
#8845=ORIENTED_EDGE('',*,*,#6427,.T.);
#8846=ORIENTED_EDGE('',*,*,#6445,.T.);
#8847=ORIENTED_EDGE('',*,*,#6610,.T.);
#8848=ORIENTED_EDGE('',*,*,#6481,.T.);
#8849=ORIENTED_EDGE('',*,*,#6478,.T.);
#8850=ORIENTED_EDGE('',*,*,#6475,.T.);
#8851=ORIENTED_EDGE('',*,*,#6472,.T.);
#8852=ORIENTED_EDGE('',*,*,#6469,.T.);
#8853=ORIENTED_EDGE('',*,*,#6465,.T.);
#8854=ORIENTED_EDGE('',*,*,#6483,.T.);
#8855=ORIENTED_EDGE('',*,*,#6616,.T.);
#8856=ORIENTED_EDGE('',*,*,#6519,.T.);
#8857=ORIENTED_EDGE('',*,*,#6516,.T.);
#8858=ORIENTED_EDGE('',*,*,#6513,.T.);
#8859=ORIENTED_EDGE('',*,*,#6510,.T.);
#8860=ORIENTED_EDGE('',*,*,#6507,.T.);
#8861=ORIENTED_EDGE('',*,*,#6503,.T.);
#8862=ORIENTED_EDGE('',*,*,#6521,.T.);
#8863=ORIENTED_EDGE('',*,*,#6622,.T.);
#8864=ORIENTED_EDGE('',*,*,#6557,.T.);
#8865=ORIENTED_EDGE('',*,*,#6554,.T.);
#8866=ORIENTED_EDGE('',*,*,#6551,.T.);
#8867=ORIENTED_EDGE('',*,*,#6548,.T.);
#8868=ORIENTED_EDGE('',*,*,#6545,.T.);
#8869=ORIENTED_EDGE('',*,*,#6541,.T.);
#8870=ORIENTED_EDGE('',*,*,#6559,.T.);
#8871=ORIENTED_EDGE('',*,*,#6628,.T.);
#8872=ORIENTED_EDGE('',*,*,#6595,.T.);
#8873=ORIENTED_EDGE('',*,*,#6592,.T.);
#8874=ORIENTED_EDGE('',*,*,#6589,.T.);
#8875=ORIENTED_EDGE('',*,*,#6586,.T.);
#8876=ORIENTED_EDGE('',*,*,#6583,.T.);
#8877=ORIENTED_EDGE('',*,*,#6579,.T.);
#8878=ORIENTED_EDGE('',*,*,#6597,.T.);
#8879=ORIENTED_EDGE('',*,*,#6640,.T.);
#8880=ORIENTED_EDGE('',*,*,#6641,.T.);
#8881=ORIENTED_EDGE('',*,*,#6642,.T.);
#8882=ORIENTED_EDGE('',*,*,#6643,.T.);
#8883=ORIENTED_EDGE('',*,*,#6644,.T.);
#8884=ORIENTED_EDGE('',*,*,#6645,.T.);
#8885=ORIENTED_EDGE('',*,*,#6646,.T.);
#8886=ORIENTED_EDGE('',*,*,#6647,.T.);
#8887=ORIENTED_EDGE('',*,*,#6648,.F.);
#8888=ORIENTED_EDGE('',*,*,#6649,.F.);
#8889=ORIENTED_EDGE('',*,*,#6650,.F.);
#8890=ORIENTED_EDGE('',*,*,#6651,.F.);
#8891=ORIENTED_EDGE('',*,*,#6651,.T.);
#8892=ORIENTED_EDGE('',*,*,#6652,.F.);
#8893=ORIENTED_EDGE('',*,*,#6653,.F.);
#8894=ORIENTED_EDGE('',*,*,#6654,.F.);
#8895=ORIENTED_EDGE('',*,*,#6655,.F.);
#8896=ORIENTED_EDGE('',*,*,#6656,.F.);
#8897=ORIENTED_EDGE('',*,*,#6657,.F.);
#8898=ORIENTED_EDGE('',*,*,#6658,.F.);
#8899=ORIENTED_EDGE('',*,*,#6659,.F.);
#8900=ORIENTED_EDGE('',*,*,#6660,.F.);
#8901=ORIENTED_EDGE('',*,*,#6661,.F.);
#8902=ORIENTED_EDGE('',*,*,#6662,.F.);
#8903=ORIENTED_EDGE('',*,*,#6663,.F.);
#8904=ORIENTED_EDGE('',*,*,#6664,.F.);
#8905=ORIENTED_EDGE('',*,*,#6649,.T.);
#8906=ORIENTED_EDGE('',*,*,#6665,.F.);
#8907=ORIENTED_EDGE('',*,*,#6666,.T.);
#8908=ORIENTED_EDGE('',*,*,#6667,.T.);
#8909=ORIENTED_EDGE('',*,*,#6668,.T.);
#8910=ORIENTED_EDGE('',*,*,#6669,.T.);
#8911=ORIENTED_EDGE('',*,*,#6670,.T.);
#8912=ORIENTED_EDGE('',*,*,#6671,.T.);
#8913=ORIENTED_EDGE('',*,*,#6672,.T.);
#8914=ORIENTED_EDGE('',*,*,#6673,.T.);
#8915=ORIENTED_EDGE('',*,*,#6624,.T.);
#8916=ORIENTED_EDGE('',*,*,#6627,.T.);
#8917=ORIENTED_EDGE('',*,*,#6674,.T.);
#8918=ORIENTED_EDGE('',*,*,#6675,.T.);
#8919=ORIENTED_EDGE('',*,*,#6618,.T.);
#8920=ORIENTED_EDGE('',*,*,#6621,.T.);
#8921=ORIENTED_EDGE('',*,*,#6676,.T.);
#8922=ORIENTED_EDGE('',*,*,#6677,.T.);
#8923=ORIENTED_EDGE('',*,*,#6612,.T.);
#8924=ORIENTED_EDGE('',*,*,#6615,.T.);
#8925=ORIENTED_EDGE('',*,*,#6678,.T.);
#8926=ORIENTED_EDGE('',*,*,#6679,.T.);
#8927=ORIENTED_EDGE('',*,*,#6606,.T.);
#8928=ORIENTED_EDGE('',*,*,#6609,.T.);
#8929=ORIENTED_EDGE('',*,*,#6680,.T.);
#8930=ORIENTED_EDGE('',*,*,#6681,.T.);
#8931=ORIENTED_EDGE('',*,*,#6600,.T.);
#8932=ORIENTED_EDGE('',*,*,#6603,.T.);
#8933=ORIENTED_EDGE('',*,*,#6682,.T.);
#8934=ORIENTED_EDGE('',*,*,#6683,.T.);
#8935=ORIENTED_EDGE('',*,*,#6684,.F.);
#8936=ORIENTED_EDGE('',*,*,#6685,.F.);
#8937=ORIENTED_EDGE('',*,*,#6666,.F.);
#8938=ORIENTED_EDGE('',*,*,#6686,.T.);
#8939=ORIENTED_EDGE('',*,*,#6684,.T.);
#8940=ORIENTED_EDGE('',*,*,#6687,.T.);
#8941=ORIENTED_EDGE('',*,*,#6688,.T.);
#8942=ORIENTED_EDGE('',*,*,#6689,.T.);
#8943=ORIENTED_EDGE('',*,*,#6690,.T.);
#8944=ORIENTED_EDGE('',*,*,#6691,.T.);
#8945=ORIENTED_EDGE('',*,*,#6692,.T.);
#8946=ORIENTED_EDGE('',*,*,#6693,.T.);
#8947=ORIENTED_EDGE('',*,*,#6694,.T.);
#8948=ORIENTED_EDGE('',*,*,#6695,.T.);
#8949=ORIENTED_EDGE('',*,*,#6696,.T.);
#8950=ORIENTED_EDGE('',*,*,#6697,.T.);
#8951=ORIENTED_EDGE('',*,*,#6698,.T.);
#8952=ORIENTED_EDGE('',*,*,#6699,.T.);
#8953=ORIENTED_EDGE('',*,*,#6700,.T.);
#8954=ORIENTED_EDGE('',*,*,#6701,.T.);
#8955=ORIENTED_EDGE('',*,*,#6702,.T.);
#8956=ORIENTED_EDGE('',*,*,#6703,.T.);
#8957=ORIENTED_EDGE('',*,*,#6704,.T.);
#8958=ORIENTED_EDGE('',*,*,#6705,.T.);
#8959=ORIENTED_EDGE('',*,*,#6706,.T.);
#8960=ORIENTED_EDGE('',*,*,#6707,.T.);
#8961=ORIENTED_EDGE('',*,*,#6708,.T.);
#8962=ORIENTED_EDGE('',*,*,#6709,.T.);
#8963=ORIENTED_EDGE('',*,*,#6710,.T.);
#8964=ORIENTED_EDGE('',*,*,#6711,.T.);
#8965=ORIENTED_EDGE('',*,*,#6712,.T.);
#8966=ORIENTED_EDGE('',*,*,#6713,.T.);
#8967=ORIENTED_EDGE('',*,*,#6714,.F.);
#8968=ORIENTED_EDGE('',*,*,#6715,.T.);
#8969=ORIENTED_EDGE('',*,*,#6716,.T.);
#8970=ORIENTED_EDGE('',*,*,#6717,.F.);
#8971=ORIENTED_EDGE('',*,*,#6662,.T.);
#8972=ORIENTED_EDGE('',*,*,#6718,.F.);
#8973=ORIENTED_EDGE('',*,*,#6640,.F.);
#8974=ORIENTED_EDGE('',*,*,#6719,.T.);
#8975=ORIENTED_EDGE('',*,*,#6654,.T.);
#8976=ORIENTED_EDGE('',*,*,#6720,.F.);
#8977=ORIENTED_EDGE('',*,*,#6672,.F.);
#8978=ORIENTED_EDGE('',*,*,#6721,.T.);
#8979=ORIENTED_EDGE('',*,*,#6594,.T.);
#8980=ORIENTED_EDGE('',*,*,#6722,.F.);
#8981=ORIENTED_EDGE('',*,*,#6723,.F.);
#8982=ORIENTED_EDGE('',*,*,#6724,.F.);
#8983=ORIENTED_EDGE('',*,*,#6581,.T.);
#8984=ORIENTED_EDGE('',*,*,#6585,.T.);
#8985=ORIENTED_EDGE('',*,*,#6588,.T.);
#8986=ORIENTED_EDGE('',*,*,#6591,.T.);
#8987=ORIENTED_EDGE('',*,*,#6725,.T.);
#8988=ORIENTED_EDGE('',*,*,#6663,.T.);
#8989=ORIENTED_EDGE('',*,*,#6721,.F.);
#8990=ORIENTED_EDGE('',*,*,#6671,.F.);
#8991=ORIENTED_EDGE('',*,*,#6726,.F.);
#8992=ORIENTED_EDGE('',*,*,#6722,.T.);
#8993=ORIENTED_EDGE('',*,*,#6565,.T.);
#8994=ORIENTED_EDGE('',*,*,#6727,.F.);
#8995=ORIENTED_EDGE('',*,*,#6693,.F.);
#8996=ORIENTED_EDGE('',*,*,#6728,.T.);
#8997=ORIENTED_EDGE('',*,*,#6657,.T.);
#8998=ORIENTED_EDGE('',*,*,#6729,.T.);
#8999=ORIENTED_EDGE('',*,*,#6730,.F.);
#9000=ORIENTED_EDGE('',*,*,#6691,.F.);
#9001=ORIENTED_EDGE('',*,*,#6646,.F.);
#9002=ORIENTED_EDGE('',*,*,#6731,.T.);
#9003=ORIENTED_EDGE('',*,*,#6732,.F.);
#9004=ORIENTED_EDGE('',*,*,#6656,.T.);
#9005=ORIENTED_EDGE('',*,*,#6733,.F.);
#9006=ORIENTED_EDGE('',*,*,#6645,.F.);
#9007=ORIENTED_EDGE('',*,*,#6734,.T.);
#9008=ORIENTED_EDGE('',*,*,#6735,.F.);
#9009=ORIENTED_EDGE('',*,*,#6731,.F.);
#9010=ORIENTED_EDGE('',*,*,#6644,.F.);
#9011=ORIENTED_EDGE('',*,*,#6736,.T.);
#9012=ORIENTED_EDGE('',*,*,#6737,.F.);
#9013=ORIENTED_EDGE('',*,*,#6734,.F.);
#9014=ORIENTED_EDGE('',*,*,#6643,.F.);
#9015=ORIENTED_EDGE('',*,*,#6738,.T.);
#9016=ORIENTED_EDGE('',*,*,#6739,.F.);
#9017=ORIENTED_EDGE('',*,*,#6736,.F.);
#9018=ORIENTED_EDGE('',*,*,#6642,.F.);
#9019=ORIENTED_EDGE('',*,*,#6740,.T.);
#9020=ORIENTED_EDGE('',*,*,#6660,.T.);
#9021=ORIENTED_EDGE('',*,*,#6741,.F.);
#9022=ORIENTED_EDGE('',*,*,#6738,.F.);
#9023=ORIENTED_EDGE('',*,*,#6641,.F.);
#9024=ORIENTED_EDGE('',*,*,#6718,.T.);
#9025=ORIENTED_EDGE('',*,*,#6661,.T.);
#9026=ORIENTED_EDGE('',*,*,#6740,.F.);
#9027=ORIENTED_EDGE('',*,*,#6647,.F.);
#9028=ORIENTED_EDGE('',*,*,#6733,.T.);
#9029=ORIENTED_EDGE('',*,*,#6655,.T.);
#9030=ORIENTED_EDGE('',*,*,#6719,.F.);
#9031=ORIENTED_EDGE('',*,*,#6742,.F.);
#9032=ORIENTED_EDGE('',*,*,#6743,.T.);
#9033=ORIENTED_EDGE('',*,*,#6744,.T.);
#9034=ORIENTED_EDGE('',*,*,#6634,.F.);
#9035=ORIENTED_EDGE('',*,*,#6743,.F.);
#9036=ORIENTED_EDGE('',*,*,#6745,.F.);
#9037=ORIENTED_EDGE('',*,*,#6746,.T.);
#9038=ORIENTED_EDGE('',*,*,#6747,.T.);
#9039=ORIENTED_EDGE('',*,*,#6748,.F.);
#9040=ORIENTED_EDGE('',*,*,#6749,.T.);
#9041=ORIENTED_EDGE('',*,*,#6750,.T.);
#9042=ORIENTED_EDGE('',*,*,#6746,.F.);
#9043=ORIENTED_EDGE('',*,*,#6751,.F.);
#9044=ORIENTED_EDGE('',*,*,#6717,.T.);
#9045=ORIENTED_EDGE('',*,*,#6752,.T.);
#9046=ORIENTED_EDGE('',*,*,#6749,.F.);
#9047=ORIENTED_EDGE('',*,*,#6753,.T.);
#9048=ORIENTED_EDGE('',*,*,#6754,.T.);
#9049=ORIENTED_EDGE('',*,*,#6715,.F.);
#9050=ORIENTED_EDGE('',*,*,#6755,.F.);
#9051=ORIENTED_EDGE('',*,*,#6756,.F.);
#9052=ORIENTED_EDGE('',*,*,#6636,.T.);
#9053=ORIENTED_EDGE('',*,*,#6757,.F.);
#9054=ORIENTED_EDGE('',*,*,#6758,.F.);
#9055=ORIENTED_EDGE('',*,*,#6758,.T.);
#9056=ORIENTED_EDGE('',*,*,#6759,.F.);
#9057=ORIENTED_EDGE('',*,*,#6760,.F.);
#9058=ORIENTED_EDGE('',*,*,#6761,.F.);
#9059=ORIENTED_EDGE('',*,*,#6762,.F.);
#9060=ORIENTED_EDGE('',*,*,#6760,.T.);
#9061=ORIENTED_EDGE('',*,*,#6763,.F.);
#9062=ORIENTED_EDGE('',*,*,#6764,.F.);
#9063=ORIENTED_EDGE('',*,*,#6765,.F.);
#9064=ORIENTED_EDGE('',*,*,#6764,.T.);
#9065=ORIENTED_EDGE('',*,*,#6766,.F.);
#9066=ORIENTED_EDGE('',*,*,#6767,.F.);
#9067=ORIENTED_EDGE('',*,*,#6768,.F.);
#9068=ORIENTED_EDGE('',*,*,#6767,.T.);
#9069=ORIENTED_EDGE('',*,*,#6769,.F.);
#9070=ORIENTED_EDGE('',*,*,#6753,.F.);
#9071=ORIENTED_EDGE('',*,*,#6769,.T.);
#9072=ORIENTED_EDGE('',*,*,#6766,.T.);
#9073=ORIENTED_EDGE('',*,*,#6763,.T.);
#9074=ORIENTED_EDGE('',*,*,#6759,.T.);
#9075=ORIENTED_EDGE('',*,*,#6757,.T.);
#9076=ORIENTED_EDGE('',*,*,#6635,.T.);
#9077=ORIENTED_EDGE('',*,*,#6744,.F.);
#9078=ORIENTED_EDGE('',*,*,#6747,.F.);
#9079=ORIENTED_EDGE('',*,*,#6750,.F.);
#9080=ORIENTED_EDGE('',*,*,#6752,.F.);
#9081=ORIENTED_EDGE('',*,*,#6716,.F.);
#9082=ORIENTED_EDGE('',*,*,#6754,.F.);
#9083=ORIENTED_EDGE('',*,*,#6770,.T.);
#9084=ORIENTED_EDGE('',*,*,#6668,.F.);
#9085=ORIENTED_EDGE('',*,*,#6771,.F.);
#9086=ORIENTED_EDGE('',*,*,#6772,.F.);
#9087=ORIENTED_EDGE('',*,*,#6773,.F.);
#9088=ORIENTED_EDGE('',*,*,#6637,.F.);
#9089=ORIENTED_EDGE('',*,*,#6756,.T.);
#9090=ORIENTED_EDGE('',*,*,#6761,.T.);
#9091=ORIENTED_EDGE('',*,*,#6762,.T.);
#9092=ORIENTED_EDGE('',*,*,#6765,.T.);
#9093=ORIENTED_EDGE('',*,*,#6768,.T.);
#9094=ORIENTED_EDGE('',*,*,#6755,.T.);
#9095=ORIENTED_EDGE('',*,*,#6714,.T.);
#9096=ORIENTED_EDGE('',*,*,#6751,.T.);
#9097=ORIENTED_EDGE('',*,*,#6748,.T.);
#9098=ORIENTED_EDGE('',*,*,#6745,.T.);
#9099=ORIENTED_EDGE('',*,*,#6742,.T.);
#9100=ORIENTED_EDGE('',*,*,#6633,.F.);
#9101=ORIENTED_EDGE('',*,*,#6774,.T.);
#9102=ORIENTED_EDGE('',*,*,#6775,.F.);
#9103=ORIENTED_EDGE('',*,*,#6418,.T.);
#9104=ORIENTED_EDGE('',*,*,#6601,.F.);
#9105=ORIENTED_EDGE('',*,*,#6683,.F.);
#9106=ORIENTED_EDGE('',*,*,#6776,.T.);
#9107=ORIENTED_EDGE('',*,*,#6419,.T.);
#9108=ORIENTED_EDGE('',*,*,#6411,.T.);
#9109=ORIENTED_EDGE('',*,*,#6426,.T.);
#9110=ORIENTED_EDGE('',*,*,#6409,.T.);
#9111=ORIENTED_EDGE('',*,*,#6420,.T.);
#9112=ORIENTED_EDGE('',*,*,#6776,.F.);
#9113=ORIENTED_EDGE('',*,*,#6682,.F.);
#9114=ORIENTED_EDGE('',*,*,#6602,.T.);
#9115=ORIENTED_EDGE('',*,*,#6456,.T.);
#9116=ORIENTED_EDGE('',*,*,#6607,.F.);
#9117=ORIENTED_EDGE('',*,*,#6681,.F.);
#9118=ORIENTED_EDGE('',*,*,#6777,.T.);
#9119=ORIENTED_EDGE('',*,*,#6457,.T.);
#9120=ORIENTED_EDGE('',*,*,#6449,.T.);
#9121=ORIENTED_EDGE('',*,*,#6464,.T.);
#9122=ORIENTED_EDGE('',*,*,#6447,.T.);
#9123=ORIENTED_EDGE('',*,*,#6458,.T.);
#9124=ORIENTED_EDGE('',*,*,#6777,.F.);
#9125=ORIENTED_EDGE('',*,*,#6680,.F.);
#9126=ORIENTED_EDGE('',*,*,#6608,.T.);
#9127=ORIENTED_EDGE('',*,*,#6494,.T.);
#9128=ORIENTED_EDGE('',*,*,#6613,.F.);
#9129=ORIENTED_EDGE('',*,*,#6679,.F.);
#9130=ORIENTED_EDGE('',*,*,#6778,.T.);
#9131=ORIENTED_EDGE('',*,*,#6495,.T.);
#9132=ORIENTED_EDGE('',*,*,#6487,.T.);
#9133=ORIENTED_EDGE('',*,*,#6502,.T.);
#9134=ORIENTED_EDGE('',*,*,#6485,.T.);
#9135=ORIENTED_EDGE('',*,*,#6496,.T.);
#9136=ORIENTED_EDGE('',*,*,#6778,.F.);
#9137=ORIENTED_EDGE('',*,*,#6678,.F.);
#9138=ORIENTED_EDGE('',*,*,#6614,.T.);
#9139=ORIENTED_EDGE('',*,*,#6532,.T.);
#9140=ORIENTED_EDGE('',*,*,#6619,.F.);
#9141=ORIENTED_EDGE('',*,*,#6677,.F.);
#9142=ORIENTED_EDGE('',*,*,#6779,.T.);
#9143=ORIENTED_EDGE('',*,*,#6533,.T.);
#9144=ORIENTED_EDGE('',*,*,#6525,.T.);
#9145=ORIENTED_EDGE('',*,*,#6540,.T.);
#9146=ORIENTED_EDGE('',*,*,#6523,.T.);
#9147=ORIENTED_EDGE('',*,*,#6534,.T.);
#9148=ORIENTED_EDGE('',*,*,#6779,.F.);
#9149=ORIENTED_EDGE('',*,*,#6676,.F.);
#9150=ORIENTED_EDGE('',*,*,#6620,.T.);
#9151=ORIENTED_EDGE('',*,*,#6570,.T.);
#9152=ORIENTED_EDGE('',*,*,#6625,.F.);
#9153=ORIENTED_EDGE('',*,*,#6675,.F.);
#9154=ORIENTED_EDGE('',*,*,#6780,.T.);
#9155=ORIENTED_EDGE('',*,*,#6571,.T.);
#9156=ORIENTED_EDGE('',*,*,#6563,.T.);
#9157=ORIENTED_EDGE('',*,*,#6578,.T.);
#9158=ORIENTED_EDGE('',*,*,#6561,.T.);
#9159=ORIENTED_EDGE('',*,*,#6572,.T.);
#9160=ORIENTED_EDGE('',*,*,#6780,.F.);
#9161=ORIENTED_EDGE('',*,*,#6674,.F.);
#9162=ORIENTED_EDGE('',*,*,#6626,.T.);
#9163=ORIENTED_EDGE('',*,*,#6648,.T.);
#9164=ORIENTED_EDGE('',*,*,#6664,.T.);
#9165=ORIENTED_EDGE('',*,*,#6725,.F.);
#9166=ORIENTED_EDGE('',*,*,#6670,.F.);
#9167=ORIENTED_EDGE('',*,*,#6781,.T.);
#9168=ORIENTED_EDGE('',*,*,#6652,.T.);
#9169=ORIENTED_EDGE('',*,*,#6650,.T.);
#9170=ORIENTED_EDGE('',*,*,#6665,.T.);
#9171=ORIENTED_EDGE('',*,*,#6720,.T.);
#9172=ORIENTED_EDGE('',*,*,#6653,.T.);
#9173=ORIENTED_EDGE('',*,*,#6781,.F.);
#9174=ORIENTED_EDGE('',*,*,#6673,.F.);
#9175=ORIENTED_EDGE('',*,*,#6711,.F.);
#9176=ORIENTED_EDGE('',*,*,#6782,.T.);
#9177=ORIENTED_EDGE('',*,*,#6424,.T.);
#9178=ORIENTED_EDGE('',*,*,#6783,.T.);
#9179=ORIENTED_EDGE('',*,*,#6784,.F.);
#9180=ORIENTED_EDGE('',*,*,#6710,.F.);
#9181=ORIENTED_EDGE('',*,*,#6785,.T.);
#9182=ORIENTED_EDGE('',*,*,#6425,.T.);
#9183=ORIENTED_EDGE('',*,*,#6782,.F.);
#9184=ORIENTED_EDGE('',*,*,#6709,.F.);
#9185=ORIENTED_EDGE('',*,*,#6786,.F.);
#9186=ORIENTED_EDGE('',*,*,#6787,.T.);
#9187=ORIENTED_EDGE('',*,*,#6413,.T.);
#9188=ORIENTED_EDGE('',*,*,#6785,.F.);
#9189=ORIENTED_EDGE('',*,*,#6442,.T.);
#9190=ORIENTED_EDGE('',*,*,#6787,.F.);
#9191=ORIENTED_EDGE('',*,*,#6788,.F.);
#9192=ORIENTED_EDGE('',*,*,#6783,.F.);
#9193=ORIENTED_EDGE('',*,*,#6429,.T.);
#9194=ORIENTED_EDGE('',*,*,#6433,.T.);
#9195=ORIENTED_EDGE('',*,*,#6436,.T.);
#9196=ORIENTED_EDGE('',*,*,#6439,.T.);
#9197=ORIENTED_EDGE('',*,*,#6707,.F.);
#9198=ORIENTED_EDGE('',*,*,#6789,.T.);
#9199=ORIENTED_EDGE('',*,*,#6462,.T.);
#9200=ORIENTED_EDGE('',*,*,#6790,.T.);
#9201=ORIENTED_EDGE('',*,*,#6791,.F.);
#9202=ORIENTED_EDGE('',*,*,#6706,.F.);
#9203=ORIENTED_EDGE('',*,*,#6792,.T.);
#9204=ORIENTED_EDGE('',*,*,#6463,.T.);
#9205=ORIENTED_EDGE('',*,*,#6789,.F.);
#9206=ORIENTED_EDGE('',*,*,#6705,.F.);
#9207=ORIENTED_EDGE('',*,*,#6793,.F.);
#9208=ORIENTED_EDGE('',*,*,#6794,.T.);
#9209=ORIENTED_EDGE('',*,*,#6451,.T.);
#9210=ORIENTED_EDGE('',*,*,#6792,.F.);
#9211=ORIENTED_EDGE('',*,*,#6480,.T.);
#9212=ORIENTED_EDGE('',*,*,#6794,.F.);
#9213=ORIENTED_EDGE('',*,*,#6795,.F.);
#9214=ORIENTED_EDGE('',*,*,#6790,.F.);
#9215=ORIENTED_EDGE('',*,*,#6467,.T.);
#9216=ORIENTED_EDGE('',*,*,#6471,.T.);
#9217=ORIENTED_EDGE('',*,*,#6474,.T.);
#9218=ORIENTED_EDGE('',*,*,#6477,.T.);
#9219=ORIENTED_EDGE('',*,*,#6703,.F.);
#9220=ORIENTED_EDGE('',*,*,#6796,.T.);
#9221=ORIENTED_EDGE('',*,*,#6500,.T.);
#9222=ORIENTED_EDGE('',*,*,#6797,.T.);
#9223=ORIENTED_EDGE('',*,*,#6798,.F.);
#9224=ORIENTED_EDGE('',*,*,#6702,.F.);
#9225=ORIENTED_EDGE('',*,*,#6799,.T.);
#9226=ORIENTED_EDGE('',*,*,#6501,.T.);
#9227=ORIENTED_EDGE('',*,*,#6796,.F.);
#9228=ORIENTED_EDGE('',*,*,#6701,.F.);
#9229=ORIENTED_EDGE('',*,*,#6800,.F.);
#9230=ORIENTED_EDGE('',*,*,#6801,.T.);
#9231=ORIENTED_EDGE('',*,*,#6489,.T.);
#9232=ORIENTED_EDGE('',*,*,#6799,.F.);
#9233=ORIENTED_EDGE('',*,*,#6518,.T.);
#9234=ORIENTED_EDGE('',*,*,#6801,.F.);
#9235=ORIENTED_EDGE('',*,*,#6802,.F.);
#9236=ORIENTED_EDGE('',*,*,#6797,.F.);
#9237=ORIENTED_EDGE('',*,*,#6505,.T.);
#9238=ORIENTED_EDGE('',*,*,#6509,.T.);
#9239=ORIENTED_EDGE('',*,*,#6512,.T.);
#9240=ORIENTED_EDGE('',*,*,#6515,.T.);
#9241=ORIENTED_EDGE('',*,*,#6699,.F.);
#9242=ORIENTED_EDGE('',*,*,#6803,.T.);
#9243=ORIENTED_EDGE('',*,*,#6538,.T.);
#9244=ORIENTED_EDGE('',*,*,#6804,.T.);
#9245=ORIENTED_EDGE('',*,*,#6805,.F.);
#9246=ORIENTED_EDGE('',*,*,#6698,.F.);
#9247=ORIENTED_EDGE('',*,*,#6806,.T.);
#9248=ORIENTED_EDGE('',*,*,#6539,.T.);
#9249=ORIENTED_EDGE('',*,*,#6803,.F.);
#9250=ORIENTED_EDGE('',*,*,#6697,.F.);
#9251=ORIENTED_EDGE('',*,*,#6807,.F.);
#9252=ORIENTED_EDGE('',*,*,#6808,.T.);
#9253=ORIENTED_EDGE('',*,*,#6527,.T.);
#9254=ORIENTED_EDGE('',*,*,#6806,.F.);
#9255=ORIENTED_EDGE('',*,*,#6556,.T.);
#9256=ORIENTED_EDGE('',*,*,#6808,.F.);
#9257=ORIENTED_EDGE('',*,*,#6809,.F.);
#9258=ORIENTED_EDGE('',*,*,#6804,.F.);
#9259=ORIENTED_EDGE('',*,*,#6543,.T.);
#9260=ORIENTED_EDGE('',*,*,#6547,.T.);
#9261=ORIENTED_EDGE('',*,*,#6550,.T.);
#9262=ORIENTED_EDGE('',*,*,#6553,.T.);
#9263=ORIENTED_EDGE('',*,*,#6695,.F.);
#9264=ORIENTED_EDGE('',*,*,#6810,.T.);
#9265=ORIENTED_EDGE('',*,*,#6576,.T.);
#9266=ORIENTED_EDGE('',*,*,#6724,.T.);
#9267=ORIENTED_EDGE('',*,*,#6811,.F.);
#9268=ORIENTED_EDGE('',*,*,#6694,.F.);
#9269=ORIENTED_EDGE('',*,*,#6727,.T.);
#9270=ORIENTED_EDGE('',*,*,#6577,.T.);
#9271=ORIENTED_EDGE('',*,*,#6810,.F.);
#9272=ORIENTED_EDGE('',*,*,#6812,.T.);
#9273=ORIENTED_EDGE('',*,*,#6658,.T.);
#9274=ORIENTED_EDGE('',*,*,#6728,.F.);
#9275=ORIENTED_EDGE('',*,*,#6690,.F.);
#9276=ORIENTED_EDGE('',*,*,#6813,.F.);
#9277=ORIENTED_EDGE('',*,*,#6814,.T.);
#9278=ORIENTED_EDGE('',*,*,#6659,.T.);
#9279=ORIENTED_EDGE('',*,*,#6812,.F.);
#9280=ORIENTED_EDGE('',*,*,#6689,.F.);
#9281=ORIENTED_EDGE('',*,*,#6741,.T.);
#9282=ORIENTED_EDGE('',*,*,#6814,.F.);
#9283=ORIENTED_EDGE('',*,*,#6815,.F.);
#9284=ORIENTED_EDGE('',*,*,#6729,.F.);
#9285=ORIENTED_EDGE('',*,*,#6732,.T.);
#9286=ORIENTED_EDGE('',*,*,#6735,.T.);
#9287=ORIENTED_EDGE('',*,*,#6737,.T.);
#9288=ORIENTED_EDGE('',*,*,#6739,.T.);
#9289=ORIENTED_EDGE('',*,*,#6629,.F.);
#9290=ORIENTED_EDGE('',*,*,#6816,.F.);
#9291=ORIENTED_EDGE('',*,*,#6817,.F.);
#9292=ORIENTED_EDGE('',*,*,#6818,.F.);
#9293=ORIENTED_EDGE('',*,*,#6639,.F.);
#9294=ORIENTED_EDGE('',*,*,#6819,.F.);
#9295=ORIENTED_EDGE('',*,*,#6820,.F.);
#9296=ORIENTED_EDGE('',*,*,#6816,.T.);
#9297=ORIENTED_EDGE('',*,*,#6819,.T.);
#9298=ORIENTED_EDGE('',*,*,#6638,.F.);
#9299=ORIENTED_EDGE('',*,*,#6773,.T.);
#9300=ORIENTED_EDGE('',*,*,#6821,.F.);
#9301=ORIENTED_EDGE('',*,*,#6818,.T.);
#9302=ORIENTED_EDGE('',*,*,#6822,.F.);
#9303=ORIENTED_EDGE('',*,*,#6823,.F.);
#9304=ORIENTED_EDGE('',*,*,#6630,.F.);
#9305=ORIENTED_EDGE('',*,*,#6817,.T.);
#9306=ORIENTED_EDGE('',*,*,#6820,.T.);
#9307=ORIENTED_EDGE('',*,*,#6821,.T.);
#9308=ORIENTED_EDGE('',*,*,#6772,.T.);
#9309=ORIENTED_EDGE('',*,*,#6824,.F.);
#9310=ORIENTED_EDGE('',*,*,#6825,.F.);
#9311=ORIENTED_EDGE('',*,*,#6826,.F.);
#9312=ORIENTED_EDGE('',*,*,#6775,.T.);
#9313=ORIENTED_EDGE('',*,*,#6827,.T.);
#9314=ORIENTED_EDGE('',*,*,#6828,.T.);
#9315=ORIENTED_EDGE('',*,*,#6822,.T.);
#9316=ORIENTED_EDGE('',*,*,#6631,.F.);
#9317=ORIENTED_EDGE('',*,*,#6823,.T.);
#9318=ORIENTED_EDGE('',*,*,#6828,.F.);
#9319=ORIENTED_EDGE('',*,*,#6829,.F.);
#9320=ORIENTED_EDGE('',*,*,#6632,.F.);
#9321=ORIENTED_EDGE('',*,*,#6829,.T.);
#9322=ORIENTED_EDGE('',*,*,#6827,.F.);
#9323=ORIENTED_EDGE('',*,*,#6774,.F.);
#9324=ORIENTED_EDGE('',*,*,#6830,.T.);
#9325=ORIENTED_EDGE('',*,*,#6687,.F.);
#9326=ORIENTED_EDGE('',*,*,#6686,.F.);
#9327=ORIENTED_EDGE('',*,*,#6669,.F.);
#9328=ORIENTED_EDGE('',*,*,#6770,.F.);
#9329=ORIENTED_EDGE('',*,*,#6826,.T.);
#9330=ORIENTED_EDGE('',*,*,#6726,.T.);
#9331=ORIENTED_EDGE('',*,*,#6692,.F.);
#9332=ORIENTED_EDGE('',*,*,#6730,.T.);
#9333=ORIENTED_EDGE('',*,*,#6815,.T.);
#9334=ORIENTED_EDGE('',*,*,#6813,.T.);
#9335=ORIENTED_EDGE('',*,*,#6688,.F.);
#9336=ORIENTED_EDGE('',*,*,#6830,.F.);
#9337=ORIENTED_EDGE('',*,*,#6825,.T.);
#9338=ORIENTED_EDGE('',*,*,#6831,.T.);
#9339=ORIENTED_EDGE('',*,*,#6712,.F.);
#9340=ORIENTED_EDGE('',*,*,#6784,.T.);
#9341=ORIENTED_EDGE('',*,*,#6788,.T.);
#9342=ORIENTED_EDGE('',*,*,#6786,.T.);
#9343=ORIENTED_EDGE('',*,*,#6708,.F.);
#9344=ORIENTED_EDGE('',*,*,#6791,.T.);
#9345=ORIENTED_EDGE('',*,*,#6795,.T.);
#9346=ORIENTED_EDGE('',*,*,#6793,.T.);
#9347=ORIENTED_EDGE('',*,*,#6704,.F.);
#9348=ORIENTED_EDGE('',*,*,#6798,.T.);
#9349=ORIENTED_EDGE('',*,*,#6802,.T.);
#9350=ORIENTED_EDGE('',*,*,#6800,.T.);
#9351=ORIENTED_EDGE('',*,*,#6700,.F.);
#9352=ORIENTED_EDGE('',*,*,#6805,.T.);
#9353=ORIENTED_EDGE('',*,*,#6809,.T.);
#9354=ORIENTED_EDGE('',*,*,#6807,.T.);
#9355=ORIENTED_EDGE('',*,*,#6696,.F.);
#9356=ORIENTED_EDGE('',*,*,#6811,.T.);
#9357=ORIENTED_EDGE('',*,*,#6723,.T.);
#9358=ORIENTED_EDGE('',*,*,#6824,.T.);
#9359=ORIENTED_EDGE('',*,*,#6771,.T.);
#9360=ORIENTED_EDGE('',*,*,#6667,.F.);
#9361=ORIENTED_EDGE('',*,*,#6685,.T.);
#9362=ORIENTED_EDGE('',*,*,#6713,.F.);
#9363=ORIENTED_EDGE('',*,*,#6831,.F.);
#9364=ORIENTED_EDGE('',*,*,#6832,.T.);
#9365=ORIENTED_EDGE('',*,*,#6833,.F.);
#9366=ORIENTED_EDGE('',*,*,#6834,.T.);
#9367=ORIENTED_EDGE('',*,*,#6832,.F.);
#9368=ORIENTED_EDGE('',*,*,#6834,.F.);
#9369=ORIENTED_EDGE('',*,*,#6833,.T.);
#9370=ORIENTED_EDGE('',*,*,#6835,.T.);
#9371=ORIENTED_EDGE('',*,*,#6836,.F.);
#9372=ORIENTED_EDGE('',*,*,#6837,.T.);
#9373=ORIENTED_EDGE('',*,*,#6835,.F.);
#9374=ORIENTED_EDGE('',*,*,#6837,.F.);
#9375=ORIENTED_EDGE('',*,*,#6836,.T.);
#9376=ORIENTED_EDGE('',*,*,#6838,.T.);
#9377=ORIENTED_EDGE('',*,*,#6839,.F.);
#9378=ORIENTED_EDGE('',*,*,#6840,.F.);
#9379=ORIENTED_EDGE('',*,*,#6841,.F.);
#9380=ORIENTED_EDGE('',*,*,#6842,.T.);
#9381=ORIENTED_EDGE('',*,*,#6841,.T.);
#9382=ORIENTED_EDGE('',*,*,#6843,.F.);
#9383=ORIENTED_EDGE('',*,*,#6844,.T.);
#9384=ORIENTED_EDGE('',*,*,#6845,.T.);
#9385=ORIENTED_EDGE('',*,*,#6844,.F.);
#9386=ORIENTED_EDGE('',*,*,#6846,.F.);
#9387=ORIENTED_EDGE('',*,*,#6847,.T.);
#9388=ORIENTED_EDGE('',*,*,#6848,.T.);
#9389=ORIENTED_EDGE('',*,*,#6847,.F.);
#9390=ORIENTED_EDGE('',*,*,#6849,.F.);
#9391=ORIENTED_EDGE('',*,*,#6839,.T.);
#9392=ORIENTED_EDGE('',*,*,#6842,.F.);
#9393=ORIENTED_EDGE('',*,*,#6845,.F.);
#9394=ORIENTED_EDGE('',*,*,#6848,.F.);
#9395=ORIENTED_EDGE('',*,*,#6838,.F.);
#9396=ORIENTED_EDGE('',*,*,#6850,.T.);
#9397=ORIENTED_EDGE('',*,*,#6851,.F.);
#9398=ORIENTED_EDGE('',*,*,#6852,.T.);
#9399=ORIENTED_EDGE('',*,*,#6853,.T.);
#9400=ORIENTED_EDGE('',*,*,#6854,.T.);
#9401=ORIENTED_EDGE('',*,*,#6855,.F.);
#9402=ORIENTED_EDGE('',*,*,#6856,.T.);
#9403=ORIENTED_EDGE('',*,*,#6857,.T.);
#9404=ORIENTED_EDGE('',*,*,#6858,.T.);
#9405=ORIENTED_EDGE('',*,*,#6859,.F.);
#9406=ORIENTED_EDGE('',*,*,#6860,.T.);
#9407=ORIENTED_EDGE('',*,*,#6861,.T.);
#9408=ORIENTED_EDGE('',*,*,#6862,.T.);
#9409=ORIENTED_EDGE('',*,*,#6863,.F.);
#9410=ORIENTED_EDGE('',*,*,#6864,.T.);
#9411=ORIENTED_EDGE('',*,*,#6865,.T.);
#9412=ORIENTED_EDGE('',*,*,#6866,.T.);
#9413=ORIENTED_EDGE('',*,*,#6867,.F.);
#9414=ORIENTED_EDGE('',*,*,#6868,.T.);
#9415=ORIENTED_EDGE('',*,*,#6869,.T.);
#9416=ORIENTED_EDGE('',*,*,#6870,.T.);
#9417=ORIENTED_EDGE('',*,*,#6871,.F.);
#9418=ORIENTED_EDGE('',*,*,#6872,.T.);
#9419=ORIENTED_EDGE('',*,*,#6873,.T.);
#9420=ORIENTED_EDGE('',*,*,#6874,.T.);
#9421=ORIENTED_EDGE('',*,*,#6875,.F.);
#9422=ORIENTED_EDGE('',*,*,#6876,.T.);
#9423=ORIENTED_EDGE('',*,*,#6877,.T.);
#9424=ORIENTED_EDGE('',*,*,#6878,.T.);
#9425=ORIENTED_EDGE('',*,*,#6879,.F.);
#9426=ORIENTED_EDGE('',*,*,#6880,.T.);
#9427=ORIENTED_EDGE('',*,*,#6881,.T.);
#9428=ORIENTED_EDGE('',*,*,#6882,.T.);
#9429=ORIENTED_EDGE('',*,*,#6883,.F.);
#9430=ORIENTED_EDGE('',*,*,#6884,.T.);
#9431=ORIENTED_EDGE('',*,*,#6885,.T.);
#9432=ORIENTED_EDGE('',*,*,#6886,.T.);
#9433=ORIENTED_EDGE('',*,*,#6887,.F.);
#9434=ORIENTED_EDGE('',*,*,#6888,.F.);
#9435=ORIENTED_EDGE('',*,*,#6889,.F.);
#9436=ORIENTED_EDGE('',*,*,#6890,.F.);
#9437=ORIENTED_EDGE('',*,*,#6891,.F.);
#9438=ORIENTED_EDGE('',*,*,#6892,.T.);
#9439=ORIENTED_EDGE('',*,*,#6893,.T.);
#9440=ORIENTED_EDGE('',*,*,#6894,.T.);
#9441=ORIENTED_EDGE('',*,*,#6895,.T.);
#9442=ORIENTED_EDGE('',*,*,#6896,.F.);
#9443=ORIENTED_EDGE('',*,*,#6897,.F.);
#9444=ORIENTED_EDGE('',*,*,#6898,.T.);
#9445=ORIENTED_EDGE('',*,*,#6899,.T.);
#9446=ORIENTED_EDGE('',*,*,#6900,.F.);
#9447=ORIENTED_EDGE('',*,*,#6895,.F.);
#9448=ORIENTED_EDGE('',*,*,#6901,.T.);
#9449=ORIENTED_EDGE('',*,*,#6902,.T.);
#9450=ORIENTED_EDGE('',*,*,#6903,.T.);
#9451=ORIENTED_EDGE('',*,*,#6904,.F.);
#9452=ORIENTED_EDGE('',*,*,#6903,.F.);
#9453=ORIENTED_EDGE('',*,*,#6905,.T.);
#9454=ORIENTED_EDGE('',*,*,#6906,.T.);
#9455=ORIENTED_EDGE('',*,*,#6907,.F.);
#9456=ORIENTED_EDGE('',*,*,#6906,.F.);
#9457=ORIENTED_EDGE('',*,*,#6908,.T.);
#9458=ORIENTED_EDGE('',*,*,#6909,.T.);
#9459=ORIENTED_EDGE('',*,*,#6910,.F.);
#9460=ORIENTED_EDGE('',*,*,#6909,.F.);
#9461=ORIENTED_EDGE('',*,*,#6911,.T.);
#9462=ORIENTED_EDGE('',*,*,#6912,.T.);
#9463=ORIENTED_EDGE('',*,*,#6913,.F.);
#9464=ORIENTED_EDGE('',*,*,#6912,.F.);
#9465=ORIENTED_EDGE('',*,*,#6914,.F.);
#9466=ORIENTED_EDGE('',*,*,#6915,.T.);
#9467=ORIENTED_EDGE('',*,*,#6916,.F.);
#9468=ORIENTED_EDGE('',*,*,#6915,.F.);
#9469=ORIENTED_EDGE('',*,*,#6916,.T.);
#9470=ORIENTED_EDGE('',*,*,#6917,.F.);
#9471=ORIENTED_EDGE('',*,*,#6918,.T.);
#9472=ORIENTED_EDGE('',*,*,#6919,.F.);
#9473=ORIENTED_EDGE('',*,*,#6918,.F.);
#9474=ORIENTED_EDGE('',*,*,#6919,.T.);
#9475=ORIENTED_EDGE('',*,*,#6920,.T.);
#9476=ORIENTED_EDGE('',*,*,#6921,.T.);
#9477=ORIENTED_EDGE('',*,*,#6893,.F.);
#9478=ORIENTED_EDGE('',*,*,#6922,.F.);
#9479=ORIENTED_EDGE('',*,*,#6850,.F.);
#9480=ORIENTED_EDGE('',*,*,#6921,.F.);
#9481=ORIENTED_EDGE('',*,*,#6923,.F.);
#9482=ORIENTED_EDGE('',*,*,#6924,.F.);
#9483=ORIENTED_EDGE('',*,*,#6925,.F.);
#9484=ORIENTED_EDGE('',*,*,#6892,.F.);
#9485=ORIENTED_EDGE('',*,*,#6926,.F.);
#9486=ORIENTED_EDGE('',*,*,#6927,.F.);
#9487=ORIENTED_EDGE('',*,*,#6928,.F.);
#9488=ORIENTED_EDGE('',*,*,#6922,.T.);
#9489=ORIENTED_EDGE('',*,*,#6929,.T.);
#9490=ORIENTED_EDGE('',*,*,#6930,.T.);
#9491=ORIENTED_EDGE('',*,*,#6853,.F.);
#9492=ORIENTED_EDGE('',*,*,#6931,.F.);
#9493=ORIENTED_EDGE('',*,*,#6854,.F.);
#9494=ORIENTED_EDGE('',*,*,#6930,.F.);
#9495=ORIENTED_EDGE('',*,*,#6932,.F.);
#9496=ORIENTED_EDGE('',*,*,#6933,.F.);
#9497=ORIENTED_EDGE('',*,*,#6934,.F.);
#9498=ORIENTED_EDGE('',*,*,#6852,.F.);
#9499=ORIENTED_EDGE('',*,*,#6935,.F.);
#9500=ORIENTED_EDGE('',*,*,#6936,.F.);
#9501=ORIENTED_EDGE('',*,*,#6937,.F.);
#9502=ORIENTED_EDGE('',*,*,#6931,.T.);
#9503=ORIENTED_EDGE('',*,*,#6938,.T.);
#9504=ORIENTED_EDGE('',*,*,#6939,.T.);
#9505=ORIENTED_EDGE('',*,*,#6857,.F.);
#9506=ORIENTED_EDGE('',*,*,#6940,.F.);
#9507=ORIENTED_EDGE('',*,*,#6858,.F.);
#9508=ORIENTED_EDGE('',*,*,#6939,.F.);
#9509=ORIENTED_EDGE('',*,*,#6941,.F.);
#9510=ORIENTED_EDGE('',*,*,#6942,.F.);
#9511=ORIENTED_EDGE('',*,*,#6943,.F.);
#9512=ORIENTED_EDGE('',*,*,#6856,.F.);
#9513=ORIENTED_EDGE('',*,*,#6944,.F.);
#9514=ORIENTED_EDGE('',*,*,#6945,.F.);
#9515=ORIENTED_EDGE('',*,*,#6946,.F.);
#9516=ORIENTED_EDGE('',*,*,#6940,.T.);
#9517=ORIENTED_EDGE('',*,*,#6947,.T.);
#9518=ORIENTED_EDGE('',*,*,#6948,.T.);
#9519=ORIENTED_EDGE('',*,*,#6861,.F.);
#9520=ORIENTED_EDGE('',*,*,#6949,.F.);
#9521=ORIENTED_EDGE('',*,*,#6862,.F.);
#9522=ORIENTED_EDGE('',*,*,#6948,.F.);
#9523=ORIENTED_EDGE('',*,*,#6950,.F.);
#9524=ORIENTED_EDGE('',*,*,#6951,.F.);
#9525=ORIENTED_EDGE('',*,*,#6952,.F.);
#9526=ORIENTED_EDGE('',*,*,#6860,.F.);
#9527=ORIENTED_EDGE('',*,*,#6953,.F.);
#9528=ORIENTED_EDGE('',*,*,#6954,.F.);
#9529=ORIENTED_EDGE('',*,*,#6955,.F.);
#9530=ORIENTED_EDGE('',*,*,#6949,.T.);
#9531=ORIENTED_EDGE('',*,*,#6956,.T.);
#9532=ORIENTED_EDGE('',*,*,#6957,.T.);
#9533=ORIENTED_EDGE('',*,*,#6865,.F.);
#9534=ORIENTED_EDGE('',*,*,#6958,.F.);
#9535=ORIENTED_EDGE('',*,*,#6866,.F.);
#9536=ORIENTED_EDGE('',*,*,#6957,.F.);
#9537=ORIENTED_EDGE('',*,*,#6959,.F.);
#9538=ORIENTED_EDGE('',*,*,#6960,.F.);
#9539=ORIENTED_EDGE('',*,*,#6961,.F.);
#9540=ORIENTED_EDGE('',*,*,#6864,.F.);
#9541=ORIENTED_EDGE('',*,*,#6962,.F.);
#9542=ORIENTED_EDGE('',*,*,#6963,.F.);
#9543=ORIENTED_EDGE('',*,*,#6964,.F.);
#9544=ORIENTED_EDGE('',*,*,#6958,.T.);
#9545=ORIENTED_EDGE('',*,*,#6965,.T.);
#9546=ORIENTED_EDGE('',*,*,#6966,.T.);
#9547=ORIENTED_EDGE('',*,*,#6869,.F.);
#9548=ORIENTED_EDGE('',*,*,#6967,.F.);
#9549=ORIENTED_EDGE('',*,*,#6870,.F.);
#9550=ORIENTED_EDGE('',*,*,#6966,.F.);
#9551=ORIENTED_EDGE('',*,*,#6968,.F.);
#9552=ORIENTED_EDGE('',*,*,#6969,.F.);
#9553=ORIENTED_EDGE('',*,*,#6970,.F.);
#9554=ORIENTED_EDGE('',*,*,#6868,.F.);
#9555=ORIENTED_EDGE('',*,*,#6971,.F.);
#9556=ORIENTED_EDGE('',*,*,#6972,.F.);
#9557=ORIENTED_EDGE('',*,*,#6973,.F.);
#9558=ORIENTED_EDGE('',*,*,#6967,.T.);
#9559=ORIENTED_EDGE('',*,*,#6974,.T.);
#9560=ORIENTED_EDGE('',*,*,#6975,.T.);
#9561=ORIENTED_EDGE('',*,*,#6873,.F.);
#9562=ORIENTED_EDGE('',*,*,#6976,.F.);
#9563=ORIENTED_EDGE('',*,*,#6874,.F.);
#9564=ORIENTED_EDGE('',*,*,#6975,.F.);
#9565=ORIENTED_EDGE('',*,*,#6977,.F.);
#9566=ORIENTED_EDGE('',*,*,#6978,.F.);
#9567=ORIENTED_EDGE('',*,*,#6979,.F.);
#9568=ORIENTED_EDGE('',*,*,#6872,.F.);
#9569=ORIENTED_EDGE('',*,*,#6980,.F.);
#9570=ORIENTED_EDGE('',*,*,#6981,.F.);
#9571=ORIENTED_EDGE('',*,*,#6982,.F.);
#9572=ORIENTED_EDGE('',*,*,#6976,.T.);
#9573=ORIENTED_EDGE('',*,*,#6983,.T.);
#9574=ORIENTED_EDGE('',*,*,#6984,.T.);
#9575=ORIENTED_EDGE('',*,*,#6877,.F.);
#9576=ORIENTED_EDGE('',*,*,#6985,.F.);
#9577=ORIENTED_EDGE('',*,*,#6878,.F.);
#9578=ORIENTED_EDGE('',*,*,#6984,.F.);
#9579=ORIENTED_EDGE('',*,*,#6986,.F.);
#9580=ORIENTED_EDGE('',*,*,#6987,.F.);
#9581=ORIENTED_EDGE('',*,*,#6988,.F.);
#9582=ORIENTED_EDGE('',*,*,#6876,.F.);
#9583=ORIENTED_EDGE('',*,*,#6989,.F.);
#9584=ORIENTED_EDGE('',*,*,#6990,.F.);
#9585=ORIENTED_EDGE('',*,*,#6991,.F.);
#9586=ORIENTED_EDGE('',*,*,#6985,.T.);
#9587=ORIENTED_EDGE('',*,*,#6992,.T.);
#9588=ORIENTED_EDGE('',*,*,#6993,.T.);
#9589=ORIENTED_EDGE('',*,*,#6881,.F.);
#9590=ORIENTED_EDGE('',*,*,#6994,.F.);
#9591=ORIENTED_EDGE('',*,*,#6882,.F.);
#9592=ORIENTED_EDGE('',*,*,#6993,.F.);
#9593=ORIENTED_EDGE('',*,*,#6995,.F.);
#9594=ORIENTED_EDGE('',*,*,#6996,.F.);
#9595=ORIENTED_EDGE('',*,*,#6997,.F.);
#9596=ORIENTED_EDGE('',*,*,#6880,.F.);
#9597=ORIENTED_EDGE('',*,*,#6998,.F.);
#9598=ORIENTED_EDGE('',*,*,#6999,.F.);
#9599=ORIENTED_EDGE('',*,*,#7000,.F.);
#9600=ORIENTED_EDGE('',*,*,#6994,.T.);
#9601=ORIENTED_EDGE('',*,*,#6928,.T.);
#9602=ORIENTED_EDGE('',*,*,#7001,.F.);
#9603=ORIENTED_EDGE('',*,*,#7002,.F.);
#9604=ORIENTED_EDGE('',*,*,#7003,.T.);
#9605=ORIENTED_EDGE('',*,*,#6995,.T.);
#9606=ORIENTED_EDGE('',*,*,#7004,.T.);
#9607=ORIENTED_EDGE('',*,*,#7005,.T.);
#9608=ORIENTED_EDGE('',*,*,#7006,.F.);
#9609=ORIENTED_EDGE('',*,*,#6986,.T.);
#9610=ORIENTED_EDGE('',*,*,#7007,.T.);
#9611=ORIENTED_EDGE('',*,*,#7000,.T.);
#9612=ORIENTED_EDGE('',*,*,#7008,.F.);
#9613=ORIENTED_EDGE('',*,*,#6977,.T.);
#9614=ORIENTED_EDGE('',*,*,#7009,.T.);
#9615=ORIENTED_EDGE('',*,*,#6991,.T.);
#9616=ORIENTED_EDGE('',*,*,#7010,.F.);
#9617=ORIENTED_EDGE('',*,*,#6968,.T.);
#9618=ORIENTED_EDGE('',*,*,#7011,.T.);
#9619=ORIENTED_EDGE('',*,*,#6982,.T.);
#9620=ORIENTED_EDGE('',*,*,#7012,.F.);
#9621=ORIENTED_EDGE('',*,*,#6959,.T.);
#9622=ORIENTED_EDGE('',*,*,#7013,.T.);
#9623=ORIENTED_EDGE('',*,*,#6973,.T.);
#9624=ORIENTED_EDGE('',*,*,#7014,.F.);
#9625=ORIENTED_EDGE('',*,*,#6950,.T.);
#9626=ORIENTED_EDGE('',*,*,#7015,.T.);
#9627=ORIENTED_EDGE('',*,*,#6964,.T.);
#9628=ORIENTED_EDGE('',*,*,#7016,.F.);
#9629=ORIENTED_EDGE('',*,*,#6941,.T.);
#9630=ORIENTED_EDGE('',*,*,#7017,.T.);
#9631=ORIENTED_EDGE('',*,*,#6955,.T.);
#9632=ORIENTED_EDGE('',*,*,#7018,.F.);
#9633=ORIENTED_EDGE('',*,*,#6932,.T.);
#9634=ORIENTED_EDGE('',*,*,#7019,.T.);
#9635=ORIENTED_EDGE('',*,*,#6946,.T.);
#9636=ORIENTED_EDGE('',*,*,#7020,.F.);
#9637=ORIENTED_EDGE('',*,*,#6927,.T.);
#9638=ORIENTED_EDGE('',*,*,#7021,.F.);
#9639=ORIENTED_EDGE('',*,*,#7022,.T.);
#9640=ORIENTED_EDGE('',*,*,#7001,.T.);
#9641=ORIENTED_EDGE('',*,*,#6996,.T.);
#9642=ORIENTED_EDGE('',*,*,#7006,.T.);
#9643=ORIENTED_EDGE('',*,*,#7023,.T.);
#9644=ORIENTED_EDGE('',*,*,#7024,.F.);
#9645=ORIENTED_EDGE('',*,*,#6987,.T.);
#9646=ORIENTED_EDGE('',*,*,#7008,.T.);
#9647=ORIENTED_EDGE('',*,*,#6999,.T.);
#9648=ORIENTED_EDGE('',*,*,#7025,.F.);
#9649=ORIENTED_EDGE('',*,*,#6978,.T.);
#9650=ORIENTED_EDGE('',*,*,#7010,.T.);
#9651=ORIENTED_EDGE('',*,*,#6990,.T.);
#9652=ORIENTED_EDGE('',*,*,#7026,.F.);
#9653=ORIENTED_EDGE('',*,*,#6969,.T.);
#9654=ORIENTED_EDGE('',*,*,#7012,.T.);
#9655=ORIENTED_EDGE('',*,*,#6981,.T.);
#9656=ORIENTED_EDGE('',*,*,#7027,.F.);
#9657=ORIENTED_EDGE('',*,*,#6960,.T.);
#9658=ORIENTED_EDGE('',*,*,#7014,.T.);
#9659=ORIENTED_EDGE('',*,*,#6972,.T.);
#9660=ORIENTED_EDGE('',*,*,#7028,.F.);
#9661=ORIENTED_EDGE('',*,*,#6951,.T.);
#9662=ORIENTED_EDGE('',*,*,#7016,.T.);
#9663=ORIENTED_EDGE('',*,*,#6963,.T.);
#9664=ORIENTED_EDGE('',*,*,#7029,.F.);
#9665=ORIENTED_EDGE('',*,*,#6942,.T.);
#9666=ORIENTED_EDGE('',*,*,#7018,.T.);
#9667=ORIENTED_EDGE('',*,*,#6954,.T.);
#9668=ORIENTED_EDGE('',*,*,#7030,.F.);
#9669=ORIENTED_EDGE('',*,*,#6933,.T.);
#9670=ORIENTED_EDGE('',*,*,#7020,.T.);
#9671=ORIENTED_EDGE('',*,*,#6945,.T.);
#9672=ORIENTED_EDGE('',*,*,#7031,.F.);
#9673=ORIENTED_EDGE('',*,*,#6997,.T.);
#9674=ORIENTED_EDGE('',*,*,#7024,.T.);
#9675=ORIENTED_EDGE('',*,*,#7032,.T.);
#9676=ORIENTED_EDGE('',*,*,#6883,.T.);
#9677=ORIENTED_EDGE('',*,*,#6988,.T.);
#9678=ORIENTED_EDGE('',*,*,#7025,.T.);
#9679=ORIENTED_EDGE('',*,*,#6998,.T.);
#9680=ORIENTED_EDGE('',*,*,#6879,.T.);
#9681=ORIENTED_EDGE('',*,*,#6979,.T.);
#9682=ORIENTED_EDGE('',*,*,#7026,.T.);
#9683=ORIENTED_EDGE('',*,*,#6989,.T.);
#9684=ORIENTED_EDGE('',*,*,#6875,.T.);
#9685=ORIENTED_EDGE('',*,*,#6970,.T.);
#9686=ORIENTED_EDGE('',*,*,#7027,.T.);
#9687=ORIENTED_EDGE('',*,*,#6980,.T.);
#9688=ORIENTED_EDGE('',*,*,#6871,.T.);
#9689=ORIENTED_EDGE('',*,*,#6961,.T.);
#9690=ORIENTED_EDGE('',*,*,#7028,.T.);
#9691=ORIENTED_EDGE('',*,*,#6971,.T.);
#9692=ORIENTED_EDGE('',*,*,#6867,.T.);
#9693=ORIENTED_EDGE('',*,*,#6952,.T.);
#9694=ORIENTED_EDGE('',*,*,#7029,.T.);
#9695=ORIENTED_EDGE('',*,*,#6962,.T.);
#9696=ORIENTED_EDGE('',*,*,#6863,.T.);
#9697=ORIENTED_EDGE('',*,*,#6943,.T.);
#9698=ORIENTED_EDGE('',*,*,#7030,.T.);
#9699=ORIENTED_EDGE('',*,*,#6953,.T.);
#9700=ORIENTED_EDGE('',*,*,#6859,.T.);
#9701=ORIENTED_EDGE('',*,*,#6934,.T.);
#9702=ORIENTED_EDGE('',*,*,#7031,.T.);
#9703=ORIENTED_EDGE('',*,*,#6944,.T.);
#9704=ORIENTED_EDGE('',*,*,#6855,.T.);
#9705=ORIENTED_EDGE('',*,*,#6926,.T.);
#9706=ORIENTED_EDGE('',*,*,#6891,.T.);
#9707=ORIENTED_EDGE('',*,*,#7033,.T.);
#9708=ORIENTED_EDGE('',*,*,#7021,.T.);
#9709=ORIENTED_EDGE('',*,*,#6886,.F.);
#9710=ORIENTED_EDGE('',*,*,#7034,.F.);
#9711=ORIENTED_EDGE('',*,*,#7035,.F.);
#9712=ORIENTED_EDGE('',*,*,#7036,.F.);
#9713=ORIENTED_EDGE('',*,*,#7037,.F.);
#9714=ORIENTED_EDGE('',*,*,#6884,.F.);
#9715=ORIENTED_EDGE('',*,*,#7032,.F.);
#9716=ORIENTED_EDGE('',*,*,#7023,.F.);
#9717=ORIENTED_EDGE('',*,*,#7005,.F.);
#9718=ORIENTED_EDGE('',*,*,#7038,.T.);
#9719=ORIENTED_EDGE('',*,*,#6885,.F.);
#9720=ORIENTED_EDGE('',*,*,#7038,.F.);
#9721=ORIENTED_EDGE('',*,*,#7039,.T.);
#9722=ORIENTED_EDGE('',*,*,#7034,.T.);
#9723=ORIENTED_EDGE('',*,*,#6925,.T.);
#9724=ORIENTED_EDGE('',*,*,#7040,.T.);
#9725=ORIENTED_EDGE('',*,*,#6935,.T.);
#9726=ORIENTED_EDGE('',*,*,#6851,.T.);
#9727=ORIENTED_EDGE('',*,*,#7037,.T.);
#9728=ORIENTED_EDGE('',*,*,#7041,.T.);
#9729=ORIENTED_EDGE('',*,*,#7042,.T.);
#9730=ORIENTED_EDGE('',*,*,#6887,.T.);
#9731=ORIENTED_EDGE('',*,*,#6924,.T.);
#9732=ORIENTED_EDGE('',*,*,#7043,.T.);
#9733=ORIENTED_EDGE('',*,*,#6936,.T.);
#9734=ORIENTED_EDGE('',*,*,#7040,.F.);
#9735=ORIENTED_EDGE('',*,*,#7036,.T.);
#9736=ORIENTED_EDGE('',*,*,#7044,.T.);
#9737=ORIENTED_EDGE('',*,*,#7045,.F.);
#9738=ORIENTED_EDGE('',*,*,#7041,.F.);
#9739=ORIENTED_EDGE('',*,*,#6923,.T.);
#9740=ORIENTED_EDGE('',*,*,#7046,.T.);
#9741=ORIENTED_EDGE('',*,*,#6937,.T.);
#9742=ORIENTED_EDGE('',*,*,#7043,.F.);
#9743=ORIENTED_EDGE('',*,*,#7035,.T.);
#9744=ORIENTED_EDGE('',*,*,#7047,.T.);
#9745=ORIENTED_EDGE('',*,*,#7048,.F.);
#9746=ORIENTED_EDGE('',*,*,#7044,.F.);
#9747=ORIENTED_EDGE('',*,*,#6911,.F.);
#9748=ORIENTED_EDGE('',*,*,#6908,.F.);
#9749=ORIENTED_EDGE('',*,*,#6905,.F.);
#9750=ORIENTED_EDGE('',*,*,#6902,.F.);
#9751=ORIENTED_EDGE('',*,*,#7049,.F.);
#9752=ORIENTED_EDGE('',*,*,#7050,.F.);
#9753=ORIENTED_EDGE('',*,*,#7051,.F.);
#9754=ORIENTED_EDGE('',*,*,#7052,.F.);
#9755=ORIENTED_EDGE('',*,*,#7053,.T.);
#9756=ORIENTED_EDGE('',*,*,#7054,.T.);
#9757=ORIENTED_EDGE('',*,*,#7055,.T.);
#9758=ORIENTED_EDGE('',*,*,#7049,.T.);
#9759=ORIENTED_EDGE('',*,*,#7056,.T.);
#9760=ORIENTED_EDGE('',*,*,#7002,.T.);
#9761=ORIENTED_EDGE('',*,*,#7022,.F.);
#9762=ORIENTED_EDGE('',*,*,#7033,.F.);
#9763=ORIENTED_EDGE('',*,*,#6890,.T.);
#9764=ORIENTED_EDGE('',*,*,#7057,.F.);
#9765=ORIENTED_EDGE('',*,*,#7058,.F.);
#9766=ORIENTED_EDGE('',*,*,#7059,.T.);
#9767=ORIENTED_EDGE('',*,*,#7060,.F.);
#9768=ORIENTED_EDGE('',*,*,#7061,.F.);
#9769=ORIENTED_EDGE('',*,*,#7061,.T.);
#9770=ORIENTED_EDGE('',*,*,#7062,.T.);
#9771=ORIENTED_EDGE('',*,*,#7055,.F.);
#9772=ORIENTED_EDGE('',*,*,#7063,.F.);
#9773=ORIENTED_EDGE('',*,*,#7062,.F.);
#9774=ORIENTED_EDGE('',*,*,#7064,.T.);
#9775=ORIENTED_EDGE('',*,*,#7065,.T.);
#9776=ORIENTED_EDGE('',*,*,#7066,.T.);
#9777=ORIENTED_EDGE('',*,*,#7067,.T.);
#9778=ORIENTED_EDGE('',*,*,#7068,.T.);
#9779=ORIENTED_EDGE('',*,*,#7069,.T.);
#9780=ORIENTED_EDGE('',*,*,#7070,.T.);
#9781=ORIENTED_EDGE('',*,*,#7050,.T.);
#9782=ORIENTED_EDGE('',*,*,#7063,.T.);
#9783=ORIENTED_EDGE('',*,*,#7071,.T.);
#9784=ORIENTED_EDGE('',*,*,#7072,.T.);
#9785=ORIENTED_EDGE('',*,*,#7073,.T.);
#9786=ORIENTED_EDGE('',*,*,#7064,.F.);
#9787=ORIENTED_EDGE('',*,*,#7074,.F.);
#9788=ORIENTED_EDGE('',*,*,#7065,.F.);
#9789=ORIENTED_EDGE('',*,*,#7073,.F.);
#9790=ORIENTED_EDGE('',*,*,#7072,.F.);
#9791=ORIENTED_EDGE('',*,*,#7075,.F.);
#9792=ORIENTED_EDGE('',*,*,#7076,.F.);
#9793=ORIENTED_EDGE('',*,*,#6899,.F.);
#9794=ORIENTED_EDGE('',*,*,#7077,.T.);
#9795=ORIENTED_EDGE('',*,*,#6897,.T.);
#9796=ORIENTED_EDGE('',*,*,#7078,.F.);
#9797=ORIENTED_EDGE('',*,*,#7075,.T.);
#9798=ORIENTED_EDGE('',*,*,#7079,.T.);
#9799=ORIENTED_EDGE('',*,*,#7080,.F.);
#9800=ORIENTED_EDGE('',*,*,#7081,.F.);
#9801=ORIENTED_EDGE('',*,*,#7082,.T.);
#9802=ORIENTED_EDGE('',*,*,#7059,.F.);
#9803=ORIENTED_EDGE('',*,*,#7042,.F.);
#9804=ORIENTED_EDGE('',*,*,#7045,.T.);
#9805=ORIENTED_EDGE('',*,*,#7048,.T.);
#9806=ORIENTED_EDGE('',*,*,#7083,.F.);
#9807=ORIENTED_EDGE('',*,*,#7081,.T.);
#9808=ORIENTED_EDGE('',*,*,#7084,.T.);
#9809=ORIENTED_EDGE('',*,*,#7085,.F.);
#9810=ORIENTED_EDGE('',*,*,#6888,.T.);
#9811=ORIENTED_EDGE('',*,*,#6914,.T.);
#9812=ORIENTED_EDGE('',*,*,#6917,.T.);
#9813=ORIENTED_EDGE('',*,*,#7082,.F.);
#9814=ORIENTED_EDGE('',*,*,#7083,.T.);
#9815=ORIENTED_EDGE('',*,*,#7047,.F.);
#9816=ORIENTED_EDGE('',*,*,#7039,.F.);
#9817=ORIENTED_EDGE('',*,*,#7004,.F.);
#9818=ORIENTED_EDGE('',*,*,#6992,.F.);
#9819=ORIENTED_EDGE('',*,*,#7007,.F.);
#9820=ORIENTED_EDGE('',*,*,#6983,.F.);
#9821=ORIENTED_EDGE('',*,*,#7009,.F.);
#9822=ORIENTED_EDGE('',*,*,#6974,.F.);
#9823=ORIENTED_EDGE('',*,*,#7011,.F.);
#9824=ORIENTED_EDGE('',*,*,#6965,.F.);
#9825=ORIENTED_EDGE('',*,*,#7013,.F.);
#9826=ORIENTED_EDGE('',*,*,#6956,.F.);
#9827=ORIENTED_EDGE('',*,*,#7015,.F.);
#9828=ORIENTED_EDGE('',*,*,#6947,.F.);
#9829=ORIENTED_EDGE('',*,*,#7017,.F.);
#9830=ORIENTED_EDGE('',*,*,#6938,.F.);
#9831=ORIENTED_EDGE('',*,*,#7019,.F.);
#9832=ORIENTED_EDGE('',*,*,#6929,.F.);
#9833=ORIENTED_EDGE('',*,*,#7046,.F.);
#9834=ORIENTED_EDGE('',*,*,#6920,.F.);
#9835=ORIENTED_EDGE('',*,*,#7003,.F.);
#9836=ORIENTED_EDGE('',*,*,#7060,.T.);
#9837=ORIENTED_EDGE('',*,*,#6904,.T.);
#9838=ORIENTED_EDGE('',*,*,#6907,.T.);
#9839=ORIENTED_EDGE('',*,*,#6910,.T.);
#9840=ORIENTED_EDGE('',*,*,#6913,.T.);
#9841=ORIENTED_EDGE('',*,*,#6896,.T.);
#9842=ORIENTED_EDGE('',*,*,#6900,.T.);
#9843=ORIENTED_EDGE('',*,*,#7076,.T.);
#9844=ORIENTED_EDGE('',*,*,#7078,.T.);
#9845=ORIENTED_EDGE('',*,*,#7086,.T.);
#9846=ORIENTED_EDGE('',*,*,#7074,.T.);
#9847=ORIENTED_EDGE('',*,*,#7087,.T.);
#9848=ORIENTED_EDGE('',*,*,#7088,.T.);
#9849=ORIENTED_EDGE('',*,*,#7089,.F.);
#9850=ORIENTED_EDGE('',*,*,#7090,.F.);
#9851=ORIENTED_EDGE('',*,*,#7066,.F.);
#9852=ORIENTED_EDGE('',*,*,#7086,.F.);
#9853=ORIENTED_EDGE('',*,*,#7091,.F.);
#9854=ORIENTED_EDGE('',*,*,#7057,.T.);
#9855=ORIENTED_EDGE('',*,*,#6889,.T.);
#9856=ORIENTED_EDGE('',*,*,#7085,.T.);
#9857=ORIENTED_EDGE('',*,*,#7092,.T.);
#9858=ORIENTED_EDGE('',*,*,#7088,.F.);
#9859=ORIENTED_EDGE('',*,*,#7093,.F.);
#9860=ORIENTED_EDGE('',*,*,#7053,.F.);
#9861=ORIENTED_EDGE('',*,*,#7094,.F.);
#9862=ORIENTED_EDGE('',*,*,#7095,.F.);
#9863=ORIENTED_EDGE('',*,*,#7096,.T.);
#9864=ORIENTED_EDGE('',*,*,#7097,.F.);
#9865=ORIENTED_EDGE('',*,*,#7096,.F.);
#9866=ORIENTED_EDGE('',*,*,#7095,.T.);
#9867=ORIENTED_EDGE('',*,*,#7098,.T.);
#9868=ORIENTED_EDGE('',*,*,#7099,.T.);
#9869=ORIENTED_EDGE('',*,*,#7100,.T.);
#9870=ORIENTED_EDGE('',*,*,#7099,.F.);
#9871=ORIENTED_EDGE('',*,*,#7098,.F.);
#9872=ORIENTED_EDGE('',*,*,#7101,.T.);
#9873=ORIENTED_EDGE('',*,*,#6894,.F.);
#9874=ORIENTED_EDGE('',*,*,#7101,.F.);
#9875=ORIENTED_EDGE('',*,*,#7100,.F.);
#9876=ORIENTED_EDGE('',*,*,#7097,.T.);
#9877=ORIENTED_EDGE('',*,*,#7080,.T.);
#9878=ORIENTED_EDGE('',*,*,#7058,.T.);
#9879=ORIENTED_EDGE('',*,*,#7092,.F.);
#9880=ORIENTED_EDGE('',*,*,#7084,.F.);
#9881=ORIENTED_EDGE('',*,*,#7102,.T.);
#9882=ORIENTED_EDGE('',*,*,#7103,.T.);
#9883=ORIENTED_EDGE('',*,*,#7070,.F.);
#9884=ORIENTED_EDGE('',*,*,#7104,.F.);
#9885=ORIENTED_EDGE('',*,*,#7103,.F.);
#9886=ORIENTED_EDGE('',*,*,#7105,.T.);
#9887=ORIENTED_EDGE('',*,*,#7106,.T.);
#9888=ORIENTED_EDGE('',*,*,#7067,.F.);
#9889=ORIENTED_EDGE('',*,*,#7107,.F.);
#9890=ORIENTED_EDGE('',*,*,#7068,.F.);
#9891=ORIENTED_EDGE('',*,*,#7106,.F.);
#9892=ORIENTED_EDGE('',*,*,#7093,.T.);
#9893=ORIENTED_EDGE('',*,*,#7091,.T.);
#9894=ORIENTED_EDGE('',*,*,#7087,.F.);
#9895=ORIENTED_EDGE('',*,*,#7071,.F.);
#9896=ORIENTED_EDGE('',*,*,#7056,.F.);
#9897=ORIENTED_EDGE('',*,*,#7054,.F.);
#9898=ORIENTED_EDGE('',*,*,#7107,.T.);
#9899=ORIENTED_EDGE('',*,*,#7090,.T.);
#9900=ORIENTED_EDGE('',*,*,#7108,.T.);
#9901=ORIENTED_EDGE('',*,*,#7104,.T.);
#9902=ORIENTED_EDGE('',*,*,#7109,.T.);
#9903=ORIENTED_EDGE('',*,*,#7051,.T.);
#9904=ORIENTED_EDGE('',*,*,#7094,.T.);
#9905=ORIENTED_EDGE('',*,*,#7052,.T.);
#9906=ORIENTED_EDGE('',*,*,#7109,.F.);
#9907=ORIENTED_EDGE('',*,*,#7069,.F.);
#9908=ORIENTED_EDGE('',*,*,#7108,.F.);
#9909=ORIENTED_EDGE('',*,*,#7089,.T.);
#9910=ORIENTED_EDGE('',*,*,#7105,.F.);
#9911=ORIENTED_EDGE('',*,*,#7102,.F.);
#9912=ORIENTED_EDGE('',*,*,#6898,.F.);
#9913=ORIENTED_EDGE('',*,*,#7079,.F.);
#9914=ORIENTED_EDGE('',*,*,#7077,.F.);
#9915=ORIENTED_EDGE('',*,*,#6901,.F.);
#9916=ORIENTED_EDGE('',*,*,#6843,.T.);
#9917=ORIENTED_EDGE('',*,*,#6840,.T.);
#9918=ORIENTED_EDGE('',*,*,#6849,.T.);
#9919=ORIENTED_EDGE('',*,*,#6846,.T.);
#9920=ORIENTED_EDGE('',*,*,#7110,.F.);
#9921=ORIENTED_EDGE('',*,*,#7111,.T.);
#9922=ORIENTED_EDGE('',*,*,#7112,.F.);
#9923=ORIENTED_EDGE('',*,*,#7113,.F.);
#9924=ORIENTED_EDGE('',*,*,#7114,.F.);
#9925=ORIENTED_EDGE('',*,*,#7115,.F.);
#9926=ORIENTED_EDGE('',*,*,#7116,.F.);
#9927=ORIENTED_EDGE('',*,*,#7117,.F.);
#9928=ORIENTED_EDGE('',*,*,#7118,.F.);
#9929=ORIENTED_EDGE('',*,*,#7119,.T.);
#9930=ORIENTED_EDGE('',*,*,#7120,.F.);
#9931=ORIENTED_EDGE('',*,*,#7121,.F.);
#9932=ORIENTED_EDGE('',*,*,#7122,.F.);
#9933=ORIENTED_EDGE('',*,*,#7123,.F.);
#9934=ORIENTED_EDGE('',*,*,#7124,.T.);
#9935=ORIENTED_EDGE('',*,*,#7125,.F.);
#9936=ORIENTED_EDGE('',*,*,#7126,.T.);
#9937=ORIENTED_EDGE('',*,*,#7127,.F.);
#9938=ORIENTED_EDGE('',*,*,#7128,.F.);
#9939=ORIENTED_EDGE('',*,*,#7129,.F.);
#9940=ORIENTED_EDGE('',*,*,#7130,.F.);
#9941=ORIENTED_EDGE('',*,*,#7124,.F.);
#9942=ORIENTED_EDGE('',*,*,#7131,.F.);
#9943=ORIENTED_EDGE('',*,*,#7111,.F.);
#9944=ORIENTED_EDGE('',*,*,#7132,.F.);
#9945=ORIENTED_EDGE('',*,*,#7119,.F.);
#9946=ORIENTED_EDGE('',*,*,#7133,.F.);
#9947=ORIENTED_EDGE('',*,*,#7126,.F.);
#9948=ORIENTED_EDGE('',*,*,#7134,.F.);
#9949=ORIENTED_EDGE('',*,*,#7135,.F.);
#9950=ORIENTED_EDGE('',*,*,#7136,.F.);
#9951=ORIENTED_EDGE('',*,*,#7137,.F.);
#9952=ORIENTED_EDGE('',*,*,#7138,.T.);
#9953=ORIENTED_EDGE('',*,*,#7139,.F.);
#9954=ORIENTED_EDGE('',*,*,#7140,.F.);
#9955=ORIENTED_EDGE('',*,*,#7141,.F.);
#9956=ORIENTED_EDGE('',*,*,#7142,.F.);
#9957=ORIENTED_EDGE('',*,*,#7143,.F.);
#9958=ORIENTED_EDGE('',*,*,#7144,.F.);
#9959=ORIENTED_EDGE('',*,*,#7145,.F.);
#9960=ORIENTED_EDGE('',*,*,#7146,.F.);
#9961=ORIENTED_EDGE('',*,*,#7147,.F.);
#9962=ORIENTED_EDGE('',*,*,#7148,.F.);
#9963=ORIENTED_EDGE('',*,*,#7149,.F.);
#9964=ORIENTED_EDGE('',*,*,#7138,.F.);
#9965=ORIENTED_EDGE('',*,*,#7150,.F.);
#9966=ORIENTED_EDGE('',*,*,#7151,.F.);
#9967=ORIENTED_EDGE('',*,*,#7140,.T.);
#9968=ORIENTED_EDGE('',*,*,#7152,.F.);
#9969=ORIENTED_EDGE('',*,*,#7153,.F.);
#9970=ORIENTED_EDGE('',*,*,#7154,.F.);
#9971=ORIENTED_EDGE('',*,*,#7155,.F.);
#9972=ORIENTED_EDGE('',*,*,#7156,.T.);
#9973=ORIENTED_EDGE('',*,*,#7157,.F.);
#9974=ORIENTED_EDGE('',*,*,#7158,.F.);
#9975=ORIENTED_EDGE('',*,*,#7156,.F.);
#9976=ORIENTED_EDGE('',*,*,#7159,.F.);
#9977=ORIENTED_EDGE('',*,*,#7145,.T.);
#9978=ORIENTED_EDGE('',*,*,#7129,.T.);
#9979=ORIENTED_EDGE('',*,*,#7160,.T.);
#9980=ORIENTED_EDGE('',*,*,#7121,.T.);
#9981=ORIENTED_EDGE('',*,*,#7161,.F.);
#9982=ORIENTED_EDGE('',*,*,#7162,.F.);
#9983=ORIENTED_EDGE('',*,*,#7128,.T.);
#9984=ORIENTED_EDGE('',*,*,#7163,.T.);
#9985=ORIENTED_EDGE('',*,*,#7164,.T.);
#9986=ORIENTED_EDGE('',*,*,#7122,.T.);
#9987=ORIENTED_EDGE('',*,*,#7160,.F.);
#9988=ORIENTED_EDGE('',*,*,#7115,.T.);
#9989=ORIENTED_EDGE('',*,*,#7132,.T.);
#9990=ORIENTED_EDGE('',*,*,#7125,.T.);
#9991=ORIENTED_EDGE('',*,*,#7162,.T.);
#9992=ORIENTED_EDGE('',*,*,#7165,.T.);
#9993=ORIENTED_EDGE('',*,*,#7166,.F.);
#9994=ORIENTED_EDGE('',*,*,#7146,.T.);
#9995=ORIENTED_EDGE('',*,*,#7159,.T.);
#9996=ORIENTED_EDGE('',*,*,#7155,.T.);
#9997=ORIENTED_EDGE('',*,*,#7167,.F.);
#9998=ORIENTED_EDGE('',*,*,#7134,.T.);
#9999=ORIENTED_EDGE('',*,*,#7149,.T.);
#10000=ORIENTED_EDGE('',*,*,#7139,.T.);
#10001=ORIENTED_EDGE('',*,*,#7168,.F.);
#10002=ORIENTED_EDGE('',*,*,#7165,.F.);
#10003=ORIENTED_EDGE('',*,*,#7161,.T.);
#10004=ORIENTED_EDGE('',*,*,#7120,.T.);
#10005=ORIENTED_EDGE('',*,*,#7130,.T.);
#10006=ORIENTED_EDGE('',*,*,#7110,.T.);
#10007=ORIENTED_EDGE('',*,*,#7169,.T.);
#10008=ORIENTED_EDGE('',*,*,#7154,.T.);
#10009=ORIENTED_EDGE('',*,*,#7170,.F.);
#10010=ORIENTED_EDGE('',*,*,#7135,.T.);
#10011=ORIENTED_EDGE('',*,*,#7167,.T.);
#10012=ORIENTED_EDGE('',*,*,#7147,.T.);
#10013=ORIENTED_EDGE('',*,*,#7166,.T.);
#10014=ORIENTED_EDGE('',*,*,#7168,.T.);
#10015=ORIENTED_EDGE('',*,*,#7143,.T.);
#10016=ORIENTED_EDGE('',*,*,#7171,.F.);
#10017=ORIENTED_EDGE('',*,*,#7157,.T.);
#10018=ORIENTED_EDGE('',*,*,#7144,.T.);
#10019=ORIENTED_EDGE('',*,*,#7172,.T.);
#10020=ORIENTED_EDGE('',*,*,#7141,.T.);
#10021=ORIENTED_EDGE('',*,*,#7151,.T.);
#10022=ORIENTED_EDGE('',*,*,#7173,.F.);
#10023=ORIENTED_EDGE('',*,*,#7153,.T.);
#10024=ORIENTED_EDGE('',*,*,#7174,.F.);
#10025=ORIENTED_EDGE('',*,*,#7136,.T.);
#10026=ORIENTED_EDGE('',*,*,#7170,.T.);
#10027=ORIENTED_EDGE('',*,*,#7148,.T.);
#10028=ORIENTED_EDGE('',*,*,#7171,.T.);
#10029=ORIENTED_EDGE('',*,*,#7142,.T.);
#10030=ORIENTED_EDGE('',*,*,#7172,.F.);
#10031=ORIENTED_EDGE('',*,*,#7175,.T.);
#10032=ORIENTED_EDGE('',*,*,#7176,.F.);
#10033=ORIENTED_EDGE('',*,*,#7118,.T.);
#10034=ORIENTED_EDGE('',*,*,#7177,.F.);
#10035=ORIENTED_EDGE('',*,*,#7112,.T.);
#10036=ORIENTED_EDGE('',*,*,#7131,.T.);
#10037=ORIENTED_EDGE('',*,*,#7123,.T.);
#10038=ORIENTED_EDGE('',*,*,#7164,.F.);
#10039=ORIENTED_EDGE('',*,*,#7178,.T.);
#10040=ORIENTED_EDGE('',*,*,#7176,.T.);
#10041=ORIENTED_EDGE('',*,*,#7178,.F.);
#10042=ORIENTED_EDGE('',*,*,#7163,.F.);
#10043=ORIENTED_EDGE('',*,*,#7127,.T.);
#10044=ORIENTED_EDGE('',*,*,#7133,.T.);
#10045=ORIENTED_EDGE('',*,*,#7117,.T.);
#10046=ORIENTED_EDGE('',*,*,#7179,.F.);
#10047=ORIENTED_EDGE('',*,*,#7113,.T.);
#10048=ORIENTED_EDGE('',*,*,#7177,.T.);
#10049=ORIENTED_EDGE('',*,*,#7116,.T.);
#10050=ORIENTED_EDGE('',*,*,#7169,.F.);
#10051=ORIENTED_EDGE('',*,*,#7114,.T.);
#10052=ORIENTED_EDGE('',*,*,#7179,.T.);
#10053=ORIENTED_EDGE('',*,*,#7158,.T.);
#10054=ORIENTED_EDGE('',*,*,#7180,.F.);
#10055=ORIENTED_EDGE('',*,*,#7150,.T.);
#10056=ORIENTED_EDGE('',*,*,#7137,.T.);
#10057=ORIENTED_EDGE('',*,*,#7174,.T.);
#10058=ORIENTED_EDGE('',*,*,#7152,.T.);
#10059=ORIENTED_EDGE('',*,*,#7181,.F.);
#10060=ORIENTED_EDGE('',*,*,#7173,.T.);
#10061=ORIENTED_EDGE('',*,*,#7180,.T.);
#10062=ORIENTED_EDGE('',*,*,#7175,.F.);
#10063=ORIENTED_EDGE('',*,*,#7182,.T.);
#10064=ORIENTED_EDGE('',*,*,#7181,.T.);
#10065=ORIENTED_EDGE('',*,*,#7182,.F.);
#10066=ORIENTED_EDGE('',*,*,#7183,.T.);
#10067=ORIENTED_EDGE('',*,*,#7184,.T.);
#10068=ORIENTED_EDGE('',*,*,#7185,.T.);
#10069=ORIENTED_EDGE('',*,*,#7186,.T.);
#10070=ORIENTED_EDGE('',*,*,#7184,.F.);
#10071=ORIENTED_EDGE('',*,*,#7187,.F.);
#10072=ORIENTED_EDGE('',*,*,#7188,.F.);
#10073=ORIENTED_EDGE('',*,*,#7189,.T.);
#10074=ORIENTED_EDGE('',*,*,#7185,.F.);
#10075=ORIENTED_EDGE('',*,*,#7186,.F.);
#10076=ORIENTED_EDGE('',*,*,#7189,.F.);
#10077=ORIENTED_EDGE('',*,*,#7190,.T.);
#10078=ORIENTED_EDGE('',*,*,#7183,.F.);
#10079=ORIENTED_EDGE('',*,*,#7191,.T.);
#10080=ORIENTED_EDGE('',*,*,#7192,.T.);
#10081=ORIENTED_EDGE('',*,*,#7187,.T.);
#10082=ORIENTED_EDGE('',*,*,#7188,.T.);
#10083=ORIENTED_EDGE('',*,*,#7192,.F.);
#10084=ORIENTED_EDGE('',*,*,#7191,.F.);
#10085=ORIENTED_EDGE('',*,*,#7193,.T.);
#10086=ORIENTED_EDGE('',*,*,#7194,.T.);
#10087=ORIENTED_EDGE('',*,*,#7195,.T.);
#10088=ORIENTED_EDGE('',*,*,#7196,.T.);
#10089=ORIENTED_EDGE('',*,*,#7195,.F.);
#10090=ORIENTED_EDGE('',*,*,#7196,.F.);
#10091=ORIENTED_EDGE('',*,*,#7197,.T.);
#10092=ORIENTED_EDGE('',*,*,#7198,.T.);
#10093=ORIENTED_EDGE('',*,*,#7199,.T.);
#10094=ORIENTED_EDGE('',*,*,#7200,.T.);
#10095=ORIENTED_EDGE('',*,*,#7201,.T.);
#10096=ORIENTED_EDGE('',*,*,#7202,.T.);
#10097=ORIENTED_EDGE('',*,*,#7190,.F.);
#10098=ORIENTED_EDGE('',*,*,#7203,.T.);
#10099=ORIENTED_EDGE('',*,*,#7193,.F.);
#10100=ORIENTED_EDGE('',*,*,#7194,.F.);
#10101=ORIENTED_EDGE('',*,*,#7203,.F.);
#10102=ORIENTED_EDGE('',*,*,#7204,.F.);
#10103=ORIENTED_EDGE('',*,*,#7205,.T.);
#10104=ORIENTED_EDGE('',*,*,#7201,.F.);
#10105=ORIENTED_EDGE('',*,*,#7206,.F.);
#10106=ORIENTED_EDGE('',*,*,#7207,.F.);
#10107=ORIENTED_EDGE('',*,*,#7208,.T.);
#10108=ORIENTED_EDGE('',*,*,#7202,.F.);
#10109=ORIENTED_EDGE('',*,*,#7205,.F.);
#10110=ORIENTED_EDGE('',*,*,#7209,.F.);
#10111=ORIENTED_EDGE('',*,*,#7210,.T.);
#10112=ORIENTED_EDGE('',*,*,#7197,.F.);
#10113=ORIENTED_EDGE('',*,*,#7208,.F.);
#10114=ORIENTED_EDGE('',*,*,#7211,.F.);
#10115=ORIENTED_EDGE('',*,*,#7212,.F.);
#10116=ORIENTED_EDGE('',*,*,#7198,.F.);
#10117=ORIENTED_EDGE('',*,*,#7210,.F.);
#10118=ORIENTED_EDGE('',*,*,#7213,.F.);
#10119=ORIENTED_EDGE('',*,*,#7206,.T.);
#10120=ORIENTED_EDGE('',*,*,#7200,.F.);
#10121=ORIENTED_EDGE('',*,*,#7214,.F.);
#10122=ORIENTED_EDGE('',*,*,#7215,.F.);
#10123=ORIENTED_EDGE('',*,*,#7216,.F.);
#10124=ORIENTED_EDGE('',*,*,#7214,.T.);
#10125=ORIENTED_EDGE('',*,*,#7199,.F.);
#10126=ORIENTED_EDGE('',*,*,#7212,.T.);
#10127=ORIENTED_EDGE('',*,*,#7217,.T.);
#10128=ORIENTED_EDGE('',*,*,#7215,.T.);
#10129=ORIENTED_EDGE('',*,*,#7216,.T.);
#10130=ORIENTED_EDGE('',*,*,#7211,.T.);
#10131=ORIENTED_EDGE('',*,*,#7209,.T.);
#10132=ORIENTED_EDGE('',*,*,#7207,.T.);
#10133=ORIENTED_EDGE('',*,*,#7204,.T.);
#10134=ORIENTED_EDGE('',*,*,#7213,.T.);
#10135=ORIENTED_EDGE('',*,*,#7217,.F.);
#10136=B_SPLINE_SURFACE_WITH_KNOTS('',2,1,((#14522,#14523),(#14524,#14525),
(#14526,#14527),(#14528,#14529),(#14530,#14531)),.UNSPECIFIED.,.F.,.F.,
 .F.,(3,1,1,3),(2,2),(0.,1.,2.,3.),(-0.07,0.),.UNSPECIFIED.);
#10137=B_SPLINE_SURFACE_WITH_KNOTS('',2,1,((#14548,#14549),(#14550,#14551),
(#14552,#14553),(#14554,#14555),(#14556,#14557)),.UNSPECIFIED.,.F.,.F.,
 .F.,(3,1,1,3),(2,2),(0.,1.,2.,3.),(-0.07,0.),.UNSPECIFIED.);
#10138=B_SPLINE_SURFACE_WITH_KNOTS('',2,1,((#14571,#14572),(#14573,#14574),
(#14575,#14576),(#14577,#14578),(#14579,#14580)),.UNSPECIFIED.,.F.,.F.,
 .F.,(3,1,1,3),(2,2),(0.,1.,2.,3.),(-0.07,0.),.UNSPECIFIED.);
#10139=B_SPLINE_SURFACE_WITH_KNOTS('',2,1,((#14594,#14595),(#14596,#14597),
(#14598,#14599),(#14600,#14601),(#14602,#14603)),.UNSPECIFIED.,.F.,.F.,
 .F.,(3,1,1,3),(2,2),(0.,1.,2.,3.),(-0.07,0.),.UNSPECIFIED.);
#10140=B_SPLINE_SURFACE_WITH_KNOTS('',2,1,((#14639,#14640),(#14641,#14642),
(#14643,#14644),(#14645,#14646),(#14647,#14648)),.UNSPECIFIED.,.F.,.F.,
 .F.,(3,1,1,3),(2,2),(0.,1.,2.,3.),(-0.07,0.),.UNSPECIFIED.);
#10141=B_SPLINE_SURFACE_WITH_KNOTS('',2,1,((#14658,#14659),(#14660,#14661),
(#14662,#14663),(#14664,#14665),(#14666,#14667)),.UNSPECIFIED.,.F.,.F.,
 .F.,(3,1,1,3),(2,2),(0.,1.,2.,3.),(-0.07,0.),.UNSPECIFIED.);
#10142=B_SPLINE_SURFACE_WITH_KNOTS('',2,1,((#14675,#14676),(#14677,#14678),
(#14679,#14680),(#14681,#14682),(#14683,#14684)),.UNSPECIFIED.,.F.,.F.,
 .F.,(3,1,1,3),(2,2),(0.,1.,2.,3.),(-0.07,0.),.UNSPECIFIED.);
#10143=B_SPLINE_SURFACE_WITH_KNOTS('',2,1,((#14692,#14693),(#14694,#14695),
(#14696,#14697),(#14698,#14699),(#14700,#14701)),.UNSPECIFIED.,.F.,.F.,
 .F.,(3,1,1,3),(2,2),(0.,1.,2.,3.),(-0.07,0.),.UNSPECIFIED.);
#10144=B_SPLINE_SURFACE_WITH_KNOTS('',2,1,((#14775,#14776),(#14777,#14778),
(#14779,#14780),(#14781,#14782)),.UNSPECIFIED.,.F.,.F.,.F.,(3,1,3),(2,2),
(0.,1.,2.),(-0.07,0.),.UNSPECIFIED.);
#10145=B_SPLINE_SURFACE_WITH_KNOTS('',2,1,((#14789,#14790),(#14791,#14792),
(#14793,#14794),(#14795,#14796),(#14797,#14798)),.UNSPECIFIED.,.F.,.F.,
 .F.,(3,1,1,3),(2,2),(0.,1.,2.,3.),(-0.07,0.),.UNSPECIFIED.);
#10146=B_SPLINE_SURFACE_WITH_KNOTS('',2,1,((#14806,#14807),(#14808,#14809),
(#14810,#14811),(#14812,#14813),(#14814,#14815)),.UNSPECIFIED.,.F.,.F.,
 .F.,(3,1,1,3),(2,2),(0.,1.,2.,3.),(-0.07,0.),.UNSPECIFIED.);
#10147=B_SPLINE_SURFACE_WITH_KNOTS('',2,1,((#14823,#14824),(#14825,#14826),
(#14827,#14828),(#14829,#14830),(#14831,#14832)),.UNSPECIFIED.,.F.,.F.,
 .F.,(3,1,1,3),(2,2),(0.,1.,2.,3.),(-0.07,0.),.UNSPECIFIED.);
#10148=B_SPLINE_SURFACE_WITH_KNOTS('',2,1,((#14844,#14845),(#14846,#14847),
(#14848,#14849),(#14850,#14851),(#14852,#14853)),.UNSPECIFIED.,.F.,.F.,
 .F.,(3,1,1,3),(2,2),(0.,1.,2.,3.),(-0.07,0.),.UNSPECIFIED.);
#10149=B_SPLINE_SURFACE_WITH_KNOTS('',2,1,((#14861,#14862),(#14863,#14864),
(#14865,#14866),(#14867,#14868),(#14869,#14870)),.UNSPECIFIED.,.F.,.F.,
 .F.,(3,1,1,3),(2,2),(0.,1.,2.,3.),(-0.07,0.),.UNSPECIFIED.);
#10150=B_SPLINE_SURFACE_WITH_KNOTS('',2,1,((#14878,#14879),(#14880,#14881),
(#14882,#14883),(#14884,#14885),(#14886,#14887)),.UNSPECIFIED.,.F.,.F.,
 .F.,(3,1,1,3),(2,2),(0.,1.,2.,3.),(-0.07,0.),.UNSPECIFIED.);
#10151=B_SPLINE_SURFACE_WITH_KNOTS('',2,1,((#14913,#14914),(#14915,#14916),
(#14917,#14918),(#14919,#14920),(#14921,#14922)),.UNSPECIFIED.,.F.,.F.,
 .F.,(3,1,1,3),(2,2),(0.,1.,2.,3.),(-0.07,0.),.UNSPECIFIED.);
#10152=B_SPLINE_SURFACE_WITH_KNOTS('',2,1,((#14939,#14940),(#14941,#14942),
(#14943,#14944),(#14945,#14946),(#14947,#14948)),.UNSPECIFIED.,.F.,.F.,
 .F.,(3,1,1,3),(2,2),(0.,1.,2.,3.),(-0.07,0.),.UNSPECIFIED.);
#10153=B_SPLINE_SURFACE_WITH_KNOTS('',2,1,((#14962,#14963),(#14964,#14965),
(#14966,#14967),(#14968,#14969),(#14970,#14971)),.UNSPECIFIED.,.F.,.F.,
 .F.,(3,1,1,3),(2,2),(0.,1.,2.,3.),(-0.07,0.),.UNSPECIFIED.);
#10154=B_SPLINE_SURFACE_WITH_KNOTS('',2,1,((#14985,#14986),(#14987,#14988),
(#14989,#14990),(#14991,#14992),(#14993,#14994)),.UNSPECIFIED.,.F.,.F.,
 .F.,(3,1,1,3),(2,2),(0.,1.,2.,3.),(-0.07,0.),.UNSPECIFIED.);
#10155=B_SPLINE_SURFACE_WITH_KNOTS('',2,1,((#15030,#15031),(#15032,#15033),
(#15034,#15035),(#15036,#15037),(#15038,#15039)),.UNSPECIFIED.,.F.,.F.,
 .F.,(3,1,1,3),(2,2),(0.,1.,2.,3.),(-0.07,0.),.UNSPECIFIED.);
#10156=B_SPLINE_SURFACE_WITH_KNOTS('',2,1,((#15049,#15050),(#15051,#15052),
(#15053,#15054),(#15055,#15056),(#15057,#15058)),.UNSPECIFIED.,.F.,.F.,
 .F.,(3,1,1,3),(2,2),(0.,1.,2.,3.),(-0.07,0.),.UNSPECIFIED.);
#10157=B_SPLINE_SURFACE_WITH_KNOTS('',2,1,((#15066,#15067),(#15068,#15069),
(#15070,#15071),(#15072,#15073),(#15074,#15075)),.UNSPECIFIED.,.F.,.F.,
 .F.,(3,1,1,3),(2,2),(0.,1.,2.,3.),(-0.07,0.),.UNSPECIFIED.);
#10158=B_SPLINE_SURFACE_WITH_KNOTS('',2,1,((#15083,#15084),(#15085,#15086),
(#15087,#15088),(#15089,#15090),(#15091,#15092)),.UNSPECIFIED.,.F.,.F.,
 .F.,(3,1,1,3),(2,2),(0.,1.,2.,3.),(-0.07,0.),.UNSPECIFIED.);
#10159=ADVANCED_FACE('',(#1358),#10136,.F.);
#10160=ADVANCED_FACE('',(#1359),#10137,.F.);
#10161=ADVANCED_FACE('',(#1360),#10138,.F.);
#10162=ADVANCED_FACE('',(#1361),#10139,.F.);
#10163=ADVANCED_FACE('',(#1362,#575),#633,.F.);
#10164=ADVANCED_FACE('',(#1363),#10140,.F.);
#10165=ADVANCED_FACE('',(#1364),#10141,.F.);
#10166=ADVANCED_FACE('',(#1365),#10142,.F.);
#10167=ADVANCED_FACE('',(#1366),#10143,.F.);
#10168=ADVANCED_FACE('',(#1367),#634,.F.);
#10169=ADVANCED_FACE('',(#1368),#635,.T.);
#10170=ADVANCED_FACE('',(#1369),#636,.T.);
#10171=ADVANCED_FACE('',(#1370),#10144,.F.);
#10172=ADVANCED_FACE('',(#1371),#10145,.F.);
#10173=ADVANCED_FACE('',(#1372),#10146,.F.);
#10174=ADVANCED_FACE('',(#1373),#10147,.F.);
#10175=ADVANCED_FACE('',(#1374),#637,.T.);
#10176=ADVANCED_FACE('',(#1375),#10148,.F.);
#10177=ADVANCED_FACE('',(#1376),#10149,.F.);
#10178=ADVANCED_FACE('',(#1377),#10150,.F.);
#10179=ADVANCED_FACE('',(#1378),#638,.T.);
#10180=ADVANCED_FACE('',(#1379),#639,.T.);
#10181=ADVANCED_FACE('',(#1380),#640,.T.);
#10182=ADVANCED_FACE('',(#1381),#641,.T.);
#10183=ADVANCED_FACE('',(#1382),#642,.T.);
#10184=ADVANCED_FACE('',(#1383),#10151,.F.);
#10185=ADVANCED_FACE('',(#1384),#10152,.F.);
#10186=ADVANCED_FACE('',(#1385),#10153,.F.);
#10187=ADVANCED_FACE('',(#1386),#10154,.F.);
#10188=ADVANCED_FACE('',(#1387,#576),#643,.F.);
#10189=ADVANCED_FACE('',(#1388),#10155,.F.);
#10190=ADVANCED_FACE('',(#1389),#10156,.F.);
#10191=ADVANCED_FACE('',(#1390),#10157,.F.);
#10192=ADVANCED_FACE('',(#1391),#10158,.F.);
#10193=ADVANCED_FACE('',(#1392),#644,.F.);
#10194=ADVANCED_FACE('',(#1393),#645,.T.);
#10195=ADVANCED_FACE('',(#1394),#646,.T.);
#10196=ADVANCED_FACE('',(#1395),#647,.T.);
#10197=ADVANCED_FACE('',(#1396),#648,.T.);
#10198=ADVANCED_FACE('',(#1397),#649,.T.);
#10199=ADVANCED_FACE('',(#1398),#650,.T.);
#10200=ADVANCED_FACE('',(#1399),#651,.T.);
#10201=ADVANCED_FACE('',(#1400,#577,#578,#579,#580),#652,.F.);
#10202=ADVANCED_FACE('',(#1401),#653,.F.);
#10203=ADVANCED_FACE('',(#1402),#654,.T.);
#10204=ADVANCED_FACE('',(#1403),#262,.F.);
#10205=ADVANCED_FACE('',(#1404),#655,.T.);
#10206=ADVANCED_FACE('',(#1405),#263,.T.);
#10207=ADVANCED_FACE('',(#1406),#656,.T.);
#10208=ADVANCED_FACE('',(#1407),#264,.F.);
#10209=ADVANCED_FACE('',(#1408),#657,.T.);
#10210=ADVANCED_FACE('',(#1409),#265,.F.);
#10211=ADVANCED_FACE('',(#1410),#658,.T.);
#10212=ADVANCED_FACE('',(#1411),#266,.T.);
#10213=ADVANCED_FACE('',(#1412),#659,.T.);
#10214=ADVANCED_FACE('',(#1413),#267,.F.);
#10215=ADVANCED_FACE('',(#1414),#660,.T.);
#10216=ADVANCED_FACE('',(#1415),#661,.T.);
#10217=ADVANCED_FACE('',(#1416),#268,.F.);
#10218=ADVANCED_FACE('',(#1417),#662,.T.);
#10219=ADVANCED_FACE('',(#1418),#269,.F.);
#10220=ADVANCED_FACE('',(#1419),#663,.T.);
#10221=ADVANCED_FACE('',(#1420),#664,.F.);
#10222=ADVANCED_FACE('',(#1421),#154,.F.);
#10223=ADVANCED_FACE('',(#1422),#665,.F.);
#10224=ADVANCED_FACE('',(#1423),#155,.F.);
#10225=ADVANCED_FACE('',(#1424),#666,.F.);
#10226=ADVANCED_FACE('',(#1425),#156,.T.);
#10227=ADVANCED_FACE('',(#1426),#667,.F.);
#10228=ADVANCED_FACE('',(#1427),#157,.F.);
#10229=ADVANCED_FACE('',(#1428),#668,.F.);
#10230=ADVANCED_FACE('',(#1429,#581,#582,#583,#584,#585,#586,#587,#588,
#589,#590,#591),#669,.T.);
#10231=ADVANCED_FACE('',(#1430),#670,.T.);
#10232=ADVANCED_FACE('',(#1431),#270,.T.);
#10233=ADVANCED_FACE('',(#1432),#671,.T.);
#10234=ADVANCED_FACE('',(#1433),#271,.T.);
#10235=ADVANCED_FACE('',(#1434),#672,.T.);
#10236=ADVANCED_FACE('',(#1435),#272,.T.);
#10237=ADVANCED_FACE('',(#1436),#673,.T.);
#10238=ADVANCED_FACE('',(#1437),#273,.T.);
#10239=ADVANCED_FACE('',(#1438),#674,.T.);
#10240=ADVANCED_FACE('',(#1439),#274,.F.);
#10241=ADVANCED_FACE('',(#1440),#675,.T.);
#10242=ADVANCED_FACE('',(#1441),#275,.F.);
#10243=ADVANCED_FACE('',(#1442),#676,.T.);
#10244=ADVANCED_FACE('',(#1443),#276,.T.);
#10245=ADVANCED_FACE('',(#1444),#677,.T.);
#10246=ADVANCED_FACE('',(#1445),#277,.T.);
#10247=ADVANCED_FACE('',(#1446),#158,.F.);
#10248=ADVANCED_FACE('',(#1447),#678,.F.);
#10249=ADVANCED_FACE('',(#1448),#159,.F.);
#10250=ADVANCED_FACE('',(#1449),#679,.F.);
#10251=ADVANCED_FACE('',(#1450),#160,.T.);
#10252=ADVANCED_FACE('',(#1451),#680,.F.);
#10253=ADVANCED_FACE('',(#1452),#161,.T.);
#10254=ADVANCED_FACE('',(#1453),#681,.T.);
#10255=ADVANCED_FACE('',(#1454,#592,#593),#682,.T.);
#10256=ADVANCED_FACE('',(#1455),#683,.T.);
#10257=ADVANCED_FACE('',(#1456),#278,.T.);
#10258=ADVANCED_FACE('',(#1457),#684,.T.);
#10259=ADVANCED_FACE('',(#1458),#279,.T.);
#10260=ADVANCED_FACE('',(#1459),#685,.T.);
#10261=ADVANCED_FACE('',(#1460),#280,.T.);
#10262=ADVANCED_FACE('',(#1461),#686,.T.);
#10263=ADVANCED_FACE('',(#1462),#281,.F.);
#10264=ADVANCED_FACE('',(#1463),#687,.T.);
#10265=ADVANCED_FACE('',(#1464),#282,.F.);
#10266=ADVANCED_FACE('',(#1465),#688,.T.);
#10267=ADVANCED_FACE('',(#1466),#283,.T.);
#10268=ADVANCED_FACE('',(#1467),#689,.T.);
#10269=ADVANCED_FACE('',(#1468),#284,.T.);
#10270=ADVANCED_FACE('',(#1469),#690,.T.);
#10271=ADVANCED_FACE('',(#1470),#285,.T.);
#10272=ADVANCED_FACE('',(#1471),#162,.F.);
#10273=ADVANCED_FACE('',(#1472),#691,.F.);
#10274=ADVANCED_FACE('',(#1473),#163,.T.);
#10275=ADVANCED_FACE('',(#1474),#692,.F.);
#10276=ADVANCED_FACE('',(#1475),#164,.T.);
#10277=ADVANCED_FACE('',(#1476),#693,.T.);
#10278=ADVANCED_FACE('',(#1477),#165,.T.);
#10279=ADVANCED_FACE('',(#1478),#694,.T.);
#10280=ADVANCED_FACE('',(#1479,#594,#595),#695,.T.);
#10281=ADVANCED_FACE('',(#1480),#696,.T.);
#10282=ADVANCED_FACE('',(#1481),#286,.T.);
#10283=ADVANCED_FACE('',(#1482),#697,.T.);
#10284=ADVANCED_FACE('',(#1483),#287,.T.);
#10285=ADVANCED_FACE('',(#1484),#698,.T.);
#10286=ADVANCED_FACE('',(#1485),#288,.T.);
#10287=ADVANCED_FACE('',(#1486),#699,.T.);
#10288=ADVANCED_FACE('',(#1487),#289,.T.);
#10289=ADVANCED_FACE('',(#1488),#166,.T.);
#10290=ADVANCED_FACE('',(#1489),#167,.T.);
#10291=ADVANCED_FACE('',(#1490),#168,.T.);
#10292=ADVANCED_FACE('',(#1491),#700,.F.);
#10293=ADVANCED_FACE('',(#1492),#701,.F.);
#10294=ADVANCED_FACE('',(#1493),#169,.F.);
#10295=ADVANCED_FACE('',(#1494),#702,.F.);
#10296=ADVANCED_FACE('',(#1495),#170,.F.);
#10297=ADVANCED_FACE('',(#1496),#703,.F.);
#10298=ADVANCED_FACE('',(#1497),#171,.T.);
#10299=ADVANCED_FACE('',(#1498),#704,.F.);
#10300=ADVANCED_FACE('',(#1499),#705,.F.);
#10301=ADVANCED_FACE('',(#1500),#172,.T.);
#10302=ADVANCED_FACE('',(#1501),#706,.F.);
#10303=ADVANCED_FACE('',(#1502),#707,.F.);
#10304=ADVANCED_FACE('',(#1503),#173,.F.);
#10305=ADVANCED_FACE('',(#1504),#174,.F.);
#10306=ADVANCED_FACE('',(#1505),#708,.F.);
#10307=ADVANCED_FACE('',(#1506),#175,.T.);
#10308=ADVANCED_FACE('',(#1507),#176,.F.);
#10309=ADVANCED_FACE('',(#1508),#709,.F.);
#10310=ADVANCED_FACE('',(#1509),#177,.T.);
#10311=ADVANCED_FACE('',(#1510),#178,.F.);
#10312=ADVANCED_FACE('',(#1511),#179,.T.);
#10313=ADVANCED_FACE('',(#1512),#710,.F.);
#10314=ADVANCED_FACE('',(#1513),#180,.F.);
#10315=ADVANCED_FACE('',(#1514),#711,.F.);
#10316=ADVANCED_FACE('',(#1515),#712,.F.);
#10317=ADVANCED_FACE('',(#1516),#181,.F.);
#10318=ADVANCED_FACE('',(#1517),#713,.F.);
#10319=ADVANCED_FACE('',(#1518),#182,.F.);
#10320=ADVANCED_FACE('',(#1519),#183,.T.);
#10321=ADVANCED_FACE('',(#1520),#184,.F.);
#10322=ADVANCED_FACE('',(#1521),#714,.F.);
#10323=ADVANCED_FACE('',(#1522),#715,.F.);
#10324=ADVANCED_FACE('',(#1523),#185,.T.);
#10325=ADVANCED_FACE('',(#1524),#186,.F.);
#10326=ADVANCED_FACE('',(#1525),#716,.F.);
#10327=ADVANCED_FACE('',(#1526),#187,.T.);
#10328=ADVANCED_FACE('',(#1527),#717,.F.);
#10329=ADVANCED_FACE('',(#1528),#188,.F.);
#10330=ADVANCED_FACE('',(#1529),#718,.F.);
#10331=ADVANCED_FACE('',(#1530),#189,.T.);
#10332=ADVANCED_FACE('',(#1531),#190,.T.);
#10333=ADVANCED_FACE('',(#1532),#191,.T.);
#10334=ADVANCED_FACE('',(#1533),#290,.F.);
#10335=ADVANCED_FACE('',(#1534),#192,.F.);
#10336=ADVANCED_FACE('',(#1535),#291,.F.);
#10337=ADVANCED_FACE('',(#1536),#193,.F.);
#10338=ADVANCED_FACE('',(#1537),#292,.F.);
#10339=ADVANCED_FACE('',(#1538),#194,.F.);
#10340=ADVANCED_FACE('',(#1539),#293,.F.);
#10341=ADVANCED_FACE('',(#1540),#195,.F.);
#10342=ADVANCED_FACE('',(#1541),#294,.F.);
#10343=ADVANCED_FACE('',(#1542),#196,.F.);
#10344=ADVANCED_FACE('',(#1543),#295,.F.);
#10345=ADVANCED_FACE('',(#1544),#197,.F.);
#10346=ADVANCED_FACE('',(#1545),#198,.T.);
#10347=ADVANCED_FACE('',(#1546),#199,.F.);
#10348=ADVANCED_FACE('',(#1547),#200,.T.);
#10349=ADVANCED_FACE('',(#1548),#201,.F.);
#10350=ADVANCED_FACE('',(#1549),#202,.T.);
#10351=ADVANCED_FACE('',(#1550),#203,.F.);
#10352=ADVANCED_FACE('',(#1551),#204,.F.);
#10353=ADVANCED_FACE('',(#1552),#205,.T.);
#10354=ADVANCED_FACE('',(#1553),#206,.F.);
#10355=ADVANCED_FACE('',(#1554,#596),#719,.T.);
#10356=ADVANCED_FACE('',(#1555),#207,.F.);
#10357=ADVANCED_FACE('',(#1556,#597),#720,.T.);
#10358=ADVANCED_FACE('',(#1557),#208,.F.);
#10359=ADVANCED_FACE('',(#1558),#209,.F.);
#10360=ADVANCED_FACE('',(#1559,#598),#721,.F.);
#10361=ADVANCED_FACE('',(#1560),#210,.F.);
#10362=ADVANCED_FACE('',(#1561,#599),#722,.F.);
#10363=ADVANCED_FACE('',(#1562),#211,.F.);
#10364=ADVANCED_FACE('',(#1563,#600),#723,.F.);
#10365=ADVANCED_FACE('',(#1564),#212,.F.);
#10366=ADVANCED_FACE('',(#1565,#601),#724,.F.);
#10367=ADVANCED_FACE('',(#1566),#213,.F.);
#10368=ADVANCED_FACE('',(#1567,#602),#725,.T.);
#10369=ADVANCED_FACE('',(#1568),#726,.T.);
#10370=ADVANCED_FACE('',(#1569),#727,.T.);
#10371=ADVANCED_FACE('',(#1570),#728,.T.);
#10372=ADVANCED_FACE('',(#1571),#214,.F.);
#10373=ADVANCED_FACE('',(#1572,#603),#729,.T.);
#10374=ADVANCED_FACE('',(#1573),#730,.T.);
#10375=ADVANCED_FACE('',(#1574),#731,.T.);
#10376=ADVANCED_FACE('',(#1575),#215,.F.);
#10377=ADVANCED_FACE('',(#1576,#604),#732,.T.);
#10378=ADVANCED_FACE('',(#1577),#733,.T.);
#10379=ADVANCED_FACE('',(#1578),#734,.T.);
#10380=ADVANCED_FACE('',(#1579),#216,.F.);
#10381=ADVANCED_FACE('',(#1580,#605),#735,.T.);
#10382=ADVANCED_FACE('',(#1581),#736,.T.);
#10383=ADVANCED_FACE('',(#1582),#737,.T.);
#10384=ADVANCED_FACE('',(#1583),#738,.T.);
#10385=ADVANCED_FACE('',(#1584),#739,.F.);
#10386=ADVANCED_FACE('',(#1585),#217,.F.);
#10387=ADVANCED_FACE('',(#1586),#218,.F.);
#10388=ADVANCED_FACE('',(#1587),#740,.F.);
#10389=ADVANCED_FACE('',(#1588),#219,.F.);
#10390=ADVANCED_FACE('',(#1589),#741,.F.);
#10391=ADVANCED_FACE('',(#1590),#742,.F.);
#10392=ADVANCED_FACE('',(#1591),#220,.F.);
#10393=ADVANCED_FACE('',(#1592),#743,.F.);
#10394=ADVANCED_FACE('',(#1593),#221,.F.);
#10395=ADVANCED_FACE('',(#1594),#744,.F.);
#10396=ADVANCED_FACE('',(#1595),#222,.F.);
#10397=ADVANCED_FACE('',(#1596),#223,.F.);
#10398=ADVANCED_FACE('',(#1597),#745,.F.);
#10399=ADVANCED_FACE('',(#1598),#746,.F.);
#10400=ADVANCED_FACE('',(#1599),#224,.F.);
#10401=ADVANCED_FACE('',(#1600),#747,.F.);
#10402=ADVANCED_FACE('',(#1601),#225,.F.);
#10403=ADVANCED_FACE('',(#1602),#748,.F.);
#10404=ADVANCED_FACE('',(#1603),#226,.F.);
#10405=ADVANCED_FACE('',(#1604),#749,.F.);
#10406=ADVANCED_FACE('',(#1605),#227,.F.);
#10407=ADVANCED_FACE('',(#1606),#750,.F.);
#10408=ADVANCED_FACE('',(#1607),#751,.F.);
#10409=ADVANCED_FACE('',(#1608),#228,.F.);
#10410=ADVANCED_FACE('',(#1609),#229,.F.);
#10411=ADVANCED_FACE('',(#1610),#230,.F.);
#10412=ADVANCED_FACE('',(#1611),#231,.F.);
#10413=ADVANCED_FACE('',(#1612),#752,.T.);
#10414=ADVANCED_FACE('',(#1613),#753,.T.);
#10415=ADVANCED_FACE('',(#1614),#754,.T.);
#10416=ADVANCED_FACE('',(#1615),#755,.T.);
#10417=ADVANCED_FACE('',(#1616),#756,.F.);
#10418=ADVANCED_FACE('',(#1617),#757,.F.);
#10419=ADVANCED_FACE('',(#1618),#758,.T.);
#10420=ADVANCED_FACE('',(#1619),#759,.F.);
#10421=ADVANCED_FACE('',(#1620),#760,.F.);
#10422=ADVANCED_FACE('',(#1621),#232,.F.);
#10423=ADVANCED_FACE('',(#1622),#761,.F.);
#10424=ADVANCED_FACE('',(#1623),#762,.F.);
#10425=ADVANCED_FACE('',(#1624),#763,.F.);
#10426=ADVANCED_FACE('',(#1625),#764,.F.);
#10427=ADVANCED_FACE('',(#1626),#765,.F.);
#10428=ADVANCED_FACE('',(#1627),#766,.F.);
#10429=ADVANCED_FACE('',(#1628),#767,.F.);
#10430=ADVANCED_FACE('',(#1629),#768,.F.);
#10431=ADVANCED_FACE('',(#1630),#769,.F.);
#10432=ADVANCED_FACE('',(#1631),#233,.F.);
#10433=ADVANCED_FACE('',(#1632),#770,.F.);
#10434=ADVANCED_FACE('',(#1633),#771,.F.);
#10435=ADVANCED_FACE('',(#1634),#772,.F.);
#10436=ADVANCED_FACE('',(#1635),#773,.F.);
#10437=ADVANCED_FACE('',(#1636),#774,.F.);
#10438=ADVANCED_FACE('',(#1637),#775,.F.);
#10439=ADVANCED_FACE('',(#1638),#776,.F.);
#10440=ADVANCED_FACE('',(#1639),#777,.F.);
#10441=ADVANCED_FACE('',(#1640),#778,.F.);
#10442=ADVANCED_FACE('',(#1641),#234,.F.);
#10443=ADVANCED_FACE('',(#1642),#779,.F.);
#10444=ADVANCED_FACE('',(#1643),#780,.F.);
#10445=ADVANCED_FACE('',(#1644),#781,.F.);
#10446=ADVANCED_FACE('',(#1645),#782,.F.);
#10447=ADVANCED_FACE('',(#1646),#783,.F.);
#10448=ADVANCED_FACE('',(#1647),#784,.F.);
#10449=ADVANCED_FACE('',(#1648),#785,.F.);
#10450=ADVANCED_FACE('',(#1649),#786,.F.);
#10451=ADVANCED_FACE('',(#1650),#787,.F.);
#10452=ADVANCED_FACE('',(#1651),#235,.F.);
#10453=ADVANCED_FACE('',(#1652),#788,.F.);
#10454=ADVANCED_FACE('',(#1653),#789,.F.);
#10455=ADVANCED_FACE('',(#1654),#790,.F.);
#10456=ADVANCED_FACE('',(#1655),#791,.F.);
#10457=ADVANCED_FACE('',(#1656),#792,.F.);
#10458=ADVANCED_FACE('',(#1657),#793,.F.);
#10459=ADVANCED_FACE('',(#1658),#794,.F.);
#10460=ADVANCED_FACE('',(#1659),#795,.F.);
#10461=ADVANCED_FACE('',(#1660),#796,.F.);
#10462=ADVANCED_FACE('',(#1661),#236,.F.);
#10463=ADVANCED_FACE('',(#1662),#797,.F.);
#10464=ADVANCED_FACE('',(#1663),#798,.F.);
#10465=ADVANCED_FACE('',(#1664),#799,.F.);
#10466=ADVANCED_FACE('',(#1665),#800,.F.);
#10467=ADVANCED_FACE('',(#1666),#801,.F.);
#10468=ADVANCED_FACE('',(#1667),#802,.F.);
#10469=ADVANCED_FACE('',(#1668),#803,.F.);
#10470=ADVANCED_FACE('',(#1669),#804,.F.);
#10471=ADVANCED_FACE('',(#1670),#805,.F.);
#10472=ADVANCED_FACE('',(#1671),#806,.F.);
#10473=ADVANCED_FACE('',(#1672),#807,.F.);
#10474=ADVANCED_FACE('',(#1673),#808,.F.);
#10475=ADVANCED_FACE('',(#1674),#809,.F.);
#10476=ADVANCED_FACE('',(#1675),#810,.F.);
#10477=ADVANCED_FACE('',(#1676),#811,.F.);
#10478=ADVANCED_FACE('',(#1677),#812,.F.);
#10479=ADVANCED_FACE('',(#1678),#813,.F.);
#10480=ADVANCED_FACE('',(#1679),#814,.F.);
#10481=ADVANCED_FACE('',(#1680),#815,.F.);
#10482=ADVANCED_FACE('',(#1681,#606,#607,#608,#609,#610,#611),#816,.F.);
#10483=ADVANCED_FACE('',(#1682),#237,.F.);
#10484=ADVANCED_FACE('',(#1683),#817,.F.);
#10485=ADVANCED_FACE('',(#1684),#818,.F.);
#10486=ADVANCED_FACE('',(#1685,#612,#613,#614,#615,#616,#617),#819,.T.);
#10487=ADVANCED_FACE('',(#1686),#820,.T.);
#10488=ADVANCED_FACE('',(#1687),#821,.T.);
#10489=ADVANCED_FACE('',(#1688),#822,.F.);
#10490=ADVANCED_FACE('',(#1689),#823,.F.);
#10491=ADVANCED_FACE('',(#1690),#824,.F.);
#10492=ADVANCED_FACE('',(#1691),#825,.F.);
#10493=ADVANCED_FACE('',(#1692),#826,.F.);
#10494=ADVANCED_FACE('',(#1693),#827,.F.);
#10495=ADVANCED_FACE('',(#1694),#828,.F.);
#10496=ADVANCED_FACE('',(#1695),#829,.F.);
#10497=ADVANCED_FACE('',(#1696),#830,.F.);
#10498=ADVANCED_FACE('',(#1697),#831,.F.);
#10499=ADVANCED_FACE('',(#1698),#832,.F.);
#10500=ADVANCED_FACE('',(#1699),#833,.F.);
#10501=ADVANCED_FACE('',(#1700),#834,.F.);
#10502=ADVANCED_FACE('',(#1701),#835,.F.);
#10503=ADVANCED_FACE('',(#1702),#836,.F.);
#10504=ADVANCED_FACE('',(#1703),#837,.F.);
#10505=ADVANCED_FACE('',(#1704),#838,.F.);
#10506=ADVANCED_FACE('',(#1705),#839,.T.);
#10507=ADVANCED_FACE('',(#1706),#840,.T.);
#10508=ADVANCED_FACE('',(#1707),#841,.T.);
#10509=ADVANCED_FACE('',(#1708),#842,.T.);
#10510=ADVANCED_FACE('',(#1709),#843,.T.);
#10511=ADVANCED_FACE('',(#1710),#844,.T.);
#10512=ADVANCED_FACE('',(#1711),#845,.T.);
#10513=ADVANCED_FACE('',(#1712),#846,.T.);
#10514=ADVANCED_FACE('',(#1713),#847,.F.);
#10515=ADVANCED_FACE('',(#1714),#848,.F.);
#10516=ADVANCED_FACE('',(#1715),#849,.F.);
#10517=ADVANCED_FACE('',(#1716),#850,.F.);
#10518=ADVANCED_FACE('',(#1717),#851,.F.);
#10519=ADVANCED_FACE('',(#1718),#852,.F.);
#10520=ADVANCED_FACE('',(#1719),#853,.F.);
#10521=ADVANCED_FACE('',(#1720),#854,.F.);
#10522=ADVANCED_FACE('',(#1721),#855,.F.);
#10523=ADVANCED_FACE('',(#1722),#856,.F.);
#10524=ADVANCED_FACE('',(#1723),#857,.F.);
#10525=ADVANCED_FACE('',(#1724),#858,.F.);
#10526=ADVANCED_FACE('',(#1725),#859,.F.);
#10527=ADVANCED_FACE('',(#1726),#860,.F.);
#10528=ADVANCED_FACE('',(#1727),#861,.F.);
#10529=ADVANCED_FACE('',(#1728),#862,.F.);
#10530=ADVANCED_FACE('',(#1729),#863,.F.);
#10531=ADVANCED_FACE('',(#1730),#864,.F.);
#10532=ADVANCED_FACE('',(#1731),#865,.F.);
#10533=ADVANCED_FACE('',(#1732),#866,.F.);
#10534=ADVANCED_FACE('',(#1733),#867,.F.);
#10535=ADVANCED_FACE('',(#1734),#868,.F.);
#10536=ADVANCED_FACE('',(#1735),#869,.F.);
#10537=ADVANCED_FACE('',(#1736),#870,.F.);
#10538=ADVANCED_FACE('',(#1737),#871,.F.);
#10539=ADVANCED_FACE('',(#1738),#872,.F.);
#10540=ADVANCED_FACE('',(#1739),#873,.F.);
#10541=ADVANCED_FACE('',(#1740),#874,.F.);
#10542=ADVANCED_FACE('',(#1741),#875,.F.);
#10543=ADVANCED_FACE('',(#1742),#876,.F.);
#10544=ADVANCED_FACE('',(#1743),#877,.F.);
#10545=ADVANCED_FACE('',(#1744),#878,.F.);
#10546=ADVANCED_FACE('',(#1745),#879,.F.);
#10547=ADVANCED_FACE('',(#1746),#880,.F.);
#10548=ADVANCED_FACE('',(#1747),#881,.F.);
#10549=ADVANCED_FACE('',(#1748),#882,.T.);
#10550=ADVANCED_FACE('',(#1749),#883,.T.);
#10551=ADVANCED_FACE('',(#1750),#884,.T.);
#10552=ADVANCED_FACE('',(#1751),#885,.T.);
#10553=ADVANCED_FACE('',(#1752),#886,.T.);
#10554=ADVANCED_FACE('',(#1753),#887,.T.);
#10555=ADVANCED_FACE('',(#1754),#888,.T.);
#10556=ADVANCED_FACE('',(#1755),#889,.T.);
#10557=ADVANCED_FACE('',(#1756),#890,.F.);
#10558=ADVANCED_FACE('',(#1757),#238,.T.);
#10559=ADVANCED_FACE('',(#1758),#891,.T.);
#10560=ADVANCED_FACE('',(#1759),#892,.F.);
#10561=ADVANCED_FACE('',(#1760),#239,.T.);
#10562=ADVANCED_FACE('',(#1761),#893,.T.);
#10563=ADVANCED_FACE('',(#1762),#894,.F.);
#10564=ADVANCED_FACE('',(#1763),#895,.F.);
#10565=ADVANCED_FACE('',(#1764),#896,.F.);
#10566=ADVANCED_FACE('',(#1765),#897,.F.);
#10567=ADVANCED_FACE('',(#1766),#898,.T.);
#10568=ADVANCED_FACE('',(#1767,#618),#899,.T.);
#10569=ADVANCED_FACE('',(#1768),#900,.T.);
#10570=ADVANCED_FACE('',(#1769),#901,.T.);
#10571=ADVANCED_FACE('',(#1770),#240,.T.);
#10572=ADVANCED_FACE('',(#1771),#241,.T.);
#10573=ADVANCED_FACE('',(#1772),#242,.T.);
#10574=ADVANCED_FACE('',(#1773),#243,.T.);
#10575=ADVANCED_FACE('',(#1774),#244,.F.);
#10576=ADVANCED_FACE('',(#1775),#902,.T.);
#10577=ADVANCED_FACE('',(#1776),#245,.F.);
#10578=ADVANCED_FACE('',(#1777),#903,.T.);
#10579=ADVANCED_FACE('',(#1778),#904,.T.);
#10580=ADVANCED_FACE('',(#1779),#905,.F.);
#10581=ADVANCED_FACE('',(#1780),#906,.F.);
#10582=ADVANCED_FACE('',(#1781),#907,.T.);
#10583=ADVANCED_FACE('',(#1782),#908,.F.);
#10584=ADVANCED_FACE('',(#1783),#909,.F.);
#10585=ADVANCED_FACE('',(#1784),#910,.T.);
#10586=ADVANCED_FACE('',(#1785),#911,.F.);
#10587=ADVANCED_FACE('',(#1786),#912,.F.);
#10588=ADVANCED_FACE('',(#1787),#913,.T.);
#10589=ADVANCED_FACE('',(#1788),#914,.F.);
#10590=ADVANCED_FACE('',(#1789),#915,.F.);
#10591=ADVANCED_FACE('',(#1790),#916,.T.);
#10592=ADVANCED_FACE('',(#1791),#917,.F.);
#10593=ADVANCED_FACE('',(#1792),#918,.F.);
#10594=ADVANCED_FACE('',(#1793),#919,.T.);
#10595=ADVANCED_FACE('',(#1794),#920,.F.);
#10596=ADVANCED_FACE('',(#1795),#921,.F.);
#10597=ADVANCED_FACE('',(#1796),#922,.T.);
#10598=ADVANCED_FACE('',(#1797),#923,.F.);
#10599=ADVANCED_FACE('',(#1798),#924,.F.);
#10600=ADVANCED_FACE('',(#1799),#925,.T.);
#10601=ADVANCED_FACE('',(#1800),#926,.F.);
#10602=ADVANCED_FACE('',(#1801),#927,.F.);
#10603=ADVANCED_FACE('',(#1802),#928,.T.);
#10604=ADVANCED_FACE('',(#1803),#929,.F.);
#10605=ADVANCED_FACE('',(#1804),#930,.F.);
#10606=ADVANCED_FACE('',(#1805),#931,.F.);
#10607=ADVANCED_FACE('',(#1806),#932,.F.);
#10608=ADVANCED_FACE('',(#1807),#933,.F.);
#10609=ADVANCED_FACE('',(#1808),#934,.F.);
#10610=ADVANCED_FACE('',(#1809),#935,.F.);
#10611=ADVANCED_FACE('',(#1810),#936,.F.);
#10612=ADVANCED_FACE('',(#1811),#937,.F.);
#10613=ADVANCED_FACE('',(#1812),#938,.F.);
#10614=ADVANCED_FACE('',(#1813),#939,.F.);
#10615=ADVANCED_FACE('',(#1814),#940,.T.);
#10616=ADVANCED_FACE('',(#1815),#941,.T.);
#10617=ADVANCED_FACE('',(#1816),#942,.T.);
#10618=ADVANCED_FACE('',(#1817),#943,.T.);
#10619=ADVANCED_FACE('',(#1818),#944,.T.);
#10620=ADVANCED_FACE('',(#1819),#945,.T.);
#10621=ADVANCED_FACE('',(#1820),#946,.T.);
#10622=ADVANCED_FACE('',(#1821),#947,.T.);
#10623=ADVANCED_FACE('',(#1822),#948,.T.);
#10624=ADVANCED_FACE('',(#1823),#949,.T.);
#10625=ADVANCED_FACE('',(#1824),#950,.T.);
#10626=ADVANCED_FACE('',(#1825),#951,.T.);
#10627=ADVANCED_FACE('',(#1826),#952,.T.);
#10628=ADVANCED_FACE('',(#1827),#953,.T.);
#10629=ADVANCED_FACE('',(#1828),#954,.T.);
#10630=ADVANCED_FACE('',(#1829),#955,.T.);
#10631=ADVANCED_FACE('',(#1830),#956,.T.);
#10632=ADVANCED_FACE('',(#1831),#957,.T.);
#10633=ADVANCED_FACE('',(#1832),#958,.F.);
#10634=ADVANCED_FACE('',(#1833),#959,.F.);
#10635=ADVANCED_FACE('',(#1834),#960,.F.);
#10636=ADVANCED_FACE('',(#1835),#961,.T.);
#10637=ADVANCED_FACE('',(#1836),#962,.T.);
#10638=ADVANCED_FACE('',(#1837),#963,.T.);
#10639=ADVANCED_FACE('',(#1838),#964,.T.);
#10640=ADVANCED_FACE('',(#1839),#965,.F.);
#10641=ADVANCED_FACE('',(#1840),#966,.F.);
#10642=ADVANCED_FACE('',(#1841),#967,.T.);
#10643=ADVANCED_FACE('',(#1842),#968,.T.);
#10644=ADVANCED_FACE('',(#1843),#969,.T.);
#10645=ADVANCED_FACE('',(#1844),#970,.T.);
#10646=ADVANCED_FACE('',(#1845),#971,.F.);
#10647=ADVANCED_FACE('',(#1846),#972,.T.);
#10648=ADVANCED_FACE('',(#1847),#973,.T.);
#10649=ADVANCED_FACE('',(#1848),#974,.T.);
#10650=ADVANCED_FACE('',(#1849),#246,.T.);
#10651=ADVANCED_FACE('',(#1850),#975,.T.);
#10652=ADVANCED_FACE('',(#1851),#247,.T.);
#10653=ADVANCED_FACE('',(#1852),#976,.T.);
#10654=ADVANCED_FACE('',(#1853),#977,.T.);
#10655=ADVANCED_FACE('',(#1854),#978,.T.);
#10656=ADVANCED_FACE('',(#1855),#979,.F.);
#10657=ADVANCED_FACE('',(#1856,#619,#620),#980,.T.);
#10658=ADVANCED_FACE('',(#1857,#621,#622,#623,#624,#625),#981,.T.);
#10659=ADVANCED_FACE('',(#1858),#982,.T.);
#10660=ADVANCED_FACE('',(#1859),#983,.F.);
#10661=ADVANCED_FACE('',(#1860,#626),#984,.T.);
#10662=ADVANCED_FACE('',(#1861),#22,.T.);
#10663=ADVANCED_FACE('',(#1862),#985,.T.);
#10664=ADVANCED_FACE('',(#1863),#296,.T.);
#10665=ADVANCED_FACE('',(#1864),#248,.T.);
#10666=ADVANCED_FACE('',(#1865,#627),#986,.T.);
#10667=ADVANCED_FACE('',(#1866),#987,.T.);
#10668=ADVANCED_FACE('',(#1867),#249,.T.);
#10669=ADVANCED_FACE('',(#1868),#250,.T.);
#10670=ADVANCED_FACE('',(#1869),#988,.F.);
#10671=ADVANCED_FACE('',(#1870),#989,.T.);
#10672=ADVANCED_FACE('',(#1871),#990,.T.);
#10673=ADVANCED_FACE('',(#1872),#991,.F.);
#10674=ADVANCED_FACE('',(#1873),#992,.T.);
#10675=ADVANCED_FACE('',(#1874),#993,.T.);
#10676=ADVANCED_FACE('',(#1875,#628),#994,.T.);
#10677=ADVANCED_FACE('',(#1876),#995,.F.);
#10678=ADVANCED_FACE('',(#1877),#996,.F.);
#10679=ADVANCED_FACE('',(#1878),#997,.F.);
#10680=ADVANCED_FACE('',(#1879),#998,.F.);
#10681=ADVANCED_FACE('',(#1880),#251,.F.);
#10682=ADVANCED_FACE('',(#1881),#252,.F.);
#10683=ADVANCED_FACE('',(#1882),#999,.F.);
#10684=ADVANCED_FACE('',(#1883),#1000,.F.);
#10685=ADVANCED_FACE('',(#1884),#1001,.F.);
#10686=ADVANCED_FACE('',(#1885),#253,.F.);
#10687=ADVANCED_FACE('',(#1886),#1002,.F.);
#10688=ADVANCED_FACE('',(#1887),#254,.F.);
#10689=ADVANCED_FACE('',(#1888),#1003,.T.);
#10690=ADVANCED_FACE('',(#1889),#23,.T.);
#10691=ADVANCED_FACE('',(#1890),#255,.F.);
#10692=ADVANCED_FACE('',(#1891),#1004,.T.);
#10693=ADVANCED_FACE('',(#1892),#1005,.T.);
#10694=ADVANCED_FACE('',(#1893),#256,.T.);
#10695=ADVANCED_FACE('',(#1894),#24,.T.);
#10696=ADVANCED_FACE('',(#1895),#25,.T.);
#10697=ADVANCED_FACE('',(#1896,#629),#1006,.T.);
#10698=ADVANCED_FACE('',(#1897),#257,.T.);
#10699=ADVANCED_FACE('',(#1898),#26,.T.);
#10700=ADVANCED_FACE('',(#1899),#1007,.T.);
#10701=ADVANCED_FACE('',(#1900),#258,.T.);
#10702=ADVANCED_FACE('',(#1901,#630),#1008,.T.);
#10703=ADVANCED_FACE('',(#1902),#259,.T.);
#10704=ADVANCED_FACE('',(#1903),#27,.F.);
#10705=ADVANCED_FACE('',(#1904),#260,.T.);
#10706=ADVANCED_FACE('',(#1905,#631),#1009,.T.);
#10707=ADVANCED_FACE('',(#1906),#297,.T.);
#10708=ADVANCED_FACE('',(#1907),#1010,.T.);
#10709=ADVANCED_FACE('',(#1908),#28,.T.);
#10710=ADVANCED_FACE('',(#1909,#632),#1011,.T.);
#10711=ADVANCED_FACE('',(#1910),#261,.T.);
#10712=ADVANCED_FACE('',(#1911),#1012,.F.);
#10713=ADVANCED_FACE('',(#1912),#1013,.F.);
#10714=ADVANCED_FACE('',(#1913),#1014,.F.);
#10715=ADVANCED_FACE('',(#1914),#1015,.F.);
#10716=ADVANCED_FACE('',(#1915),#1016,.F.);
#10717=ADVANCED_FACE('',(#1916),#1017,.F.);
#10718=ADVANCED_FACE('',(#1917),#298,.F.);
#10719=CLOSED_SHELL('',(#10159,#10160,#10161,#10162,#10163,#10164,#10165,
#10166,#10167,#10168,#10169,#10170,#10171,#10172,#10173,#10174,#10175,#10176,
#10177,#10178,#10179,#10180,#10181,#10182,#10183,#10184,#10185,#10186,#10187,
#10188,#10189,#10190,#10191,#10192,#10193,#10194,#10195,#10196,#10197,#10198,
#10199,#10200,#10201,#10202,#10203,#10204,#10205,#10206,#10207,#10208,#10209,
#10210,#10211,#10212,#10213,#10214,#10215,#10216,#10217,#10218,#10219,#10220,
#10221,#10222,#10223,#10224,#10225,#10226,#10227,#10228,#10229,#10230,#10231,
#10232,#10233,#10234,#10235,#10236,#10237,#10238,#10239,#10240,#10241,#10242,
#10243,#10244,#10245,#10246,#10247,#10248,#10249,#10250,#10251,#10252,#10253,
#10254,#10255,#10256,#10257,#10258,#10259,#10260,#10261,#10262,#10263,#10264,
#10265,#10266,#10267,#10268,#10269,#10270,#10271,#10272,#10273,#10274,#10275,
#10276,#10277,#10278,#10279,#10280,#10281,#10282,#10283,#10284,#10285,#10286,
#10287,#10288,#10289,#10290,#10291,#10292,#10293,#10294,#10295,#10296,#10297,
#10298,#10299,#10300,#10301,#10302,#10303,#10304,#10305,#10306,#10307,#10308,
#10309,#10310,#10311,#10312,#10313,#10314,#10315,#10316,#10317,#10318,#10319,
#10320,#10321,#10322,#10323,#10324,#10325,#10326,#10327,#10328,#10329,#10330,
#10331,#10332,#10333,#10334,#10335,#10336,#10337,#10338,#10339,#10340,#10341,
#10342,#10343,#10344,#10345,#10346,#10347,#10348,#10349,#10350,#10351,#10352,
#10353,#10354,#10355,#10356,#10357,#10358,#10359,#10360,#10361,#10362,#10363,
#10364,#10365,#10366,#10367,#10368,#10369,#10370,#10371,#10372,#10373,#10374,
#10375,#10376,#10377,#10378,#10379,#10380,#10381,#10382,#10383,#10384,#10385,
#10386,#10387,#10388,#10389,#10390,#10391,#10392,#10393,#10394,#10395,#10396,
#10397,#10398,#10399,#10400,#10401,#10402,#10403,#10404,#10405,#10406,#10407,
#10408,#10409,#10410,#10411,#10412,#10413,#10414,#10415,#10416,#10417,#10418,
#10419,#10420,#10421));
#10720=CLOSED_SHELL('',(#10422,#10423,#10424,#10425,#10426,#10427,#10428,
#10429,#10430,#10431,#10432,#10433,#10434,#10435,#10436,#10437,#10438,#10439,
#10440,#10441,#10442,#10443,#10444,#10445,#10446,#10447,#10448,#10449,#10450,
#10451,#10452,#10453,#10454,#10455,#10456,#10457,#10458,#10459,#10460,#10461,
#10462,#10463,#10464,#10465,#10466,#10467,#10468,#10469,#10470,#10471,#10472,
#10473,#10474,#10475,#10476,#10477,#10478,#10479,#10480,#10481,#10482,#10483,
#10484,#10485,#10486,#10487,#10488,#10489,#10490,#10491,#10492,#10493,#10494,
#10495,#10496,#10497,#10498,#10499,#10500,#10501,#10502,#10503,#10504,#10505,
#10506,#10507,#10508,#10509,#10510,#10511,#10512,#10513,#10514,#10515,#10516,
#10517,#10518,#10519,#10520,#10521,#10522,#10523,#10524,#10525,#10526,#10527,
#10528,#10529,#10530,#10531,#10532,#10533,#10534,#10535,#10536,#10537,#10538,
#10539,#10540,#10541,#10542,#10543,#10544,#10545,#10546,#10547,#10548,#10549,
#10550,#10551,#10552,#10553,#10554,#10555,#10556));
#10721=CLOSED_SHELL('',(#10557,#10558,#10559));
#10722=CLOSED_SHELL('',(#10560,#10561,#10562));
#10723=CLOSED_SHELL('',(#10563,#10564,#10565,#10566,#10567,#10568,#10569,
#10570,#10571,#10572,#10573,#10574,#10575,#10576,#10577,#10578,#10579,#10580,
#10581,#10582,#10583,#10584,#10585,#10586,#10587,#10588,#10589,#10590,#10591,
#10592,#10593,#10594,#10595,#10596,#10597,#10598,#10599,#10600,#10601,#10602,
#10603,#10604,#10605,#10606,#10607,#10608,#10609,#10610,#10611,#10612,#10613,
#10614,#10615,#10616,#10617,#10618,#10619,#10620,#10621,#10622,#10623,#10624,
#10625,#10626,#10627,#10628,#10629,#10630,#10631,#10632,#10633,#10634,#10635,
#10636,#10637,#10638,#10639,#10640,#10641,#10642,#10643,#10644,#10645,#10646,
#10647,#10648,#10649,#10650,#10651,#10652,#10653,#10654,#10655,#10656,#10657,
#10658,#10659,#10660,#10661,#10662,#10663,#10664,#10665,#10666,#10667,#10668,
#10669,#10670,#10671,#10672,#10673,#10674,#10675,#10676));
#10724=CLOSED_SHELL('',(#10677,#10678,#10679,#10680,#10681,#10682,#10683,
#10684,#10685,#10686,#10687,#10688,#10689,#10690,#10691,#10692,#10693,#10694,
#10695,#10696,#10697,#10698,#10699,#10700,#10701,#10702,#10703));
#10725=CLOSED_SHELL('',(#10704,#10705,#10706,#10707,#10708,#10709,#10710,
#10711,#10712,#10713,#10714,#10715,#10716,#10717,#10718));
#10726=DERIVED_UNIT_ELEMENT(#10741,1.);
#10727=DERIVED_UNIT_ELEMENT(#18198,-3.);
#10728=DERIVED_UNIT_ELEMENT(#10741,1.);
#10729=DERIVED_UNIT_ELEMENT(#18198,-3.);
#10730=DERIVED_UNIT_ELEMENT(#10741,1.);
#10731=DERIVED_UNIT_ELEMENT(#18198,-3.);
#10732=DERIVED_UNIT_ELEMENT(#10741,1.);
#10733=DERIVED_UNIT_ELEMENT(#18198,-3.);
#10734=DERIVED_UNIT_ELEMENT(#10741,1.);
#10735=DERIVED_UNIT_ELEMENT(#18198,-3.);
#10736=DERIVED_UNIT_ELEMENT(#10741,1.);
#10737=DERIVED_UNIT_ELEMENT(#18198,-3.);
#10738=DERIVED_UNIT_ELEMENT(#10741,1.);
#10739=DERIVED_UNIT_ELEMENT(#18198,-3.);
#10740=DIMENSIONAL_EXPONENTS(0.,1.,0.,0.,0.,0.,0.);
#10741=(
CONVERSION_BASED_UNIT('gram',#10743)
MASS_UNIT()
NAMED_UNIT(#10740)
);
#10742=(
MASS_UNIT()
NAMED_UNIT(*)
SI_UNIT(.KILO.,.GRAM.)
);
#10743=MASS_MEASURE_WITH_UNIT(MASS_MEASURE(0.001),#10742);
#10744=DERIVED_UNIT((#10726,#10727));
#10745=DERIVED_UNIT((#10728,#10729));
#10746=DERIVED_UNIT((#10730,#10731));
#10747=DERIVED_UNIT((#10732,#10733));
#10748=DERIVED_UNIT((#10734,#10735));
#10749=DERIVED_UNIT((#10736,#10737));
#10750=DERIVED_UNIT((#10738,#10739));
#10751=MEASURE_REPRESENTATION_ITEM('density measure',
POSITIVE_RATIO_MEASURE(1.06),#10744);
#10752=MEASURE_REPRESENTATION_ITEM('density measure',
POSITIVE_RATIO_MEASURE(1.31),#10745);
#10753=MEASURE_REPRESENTATION_ITEM('density measure',
POSITIVE_RATIO_MEASURE(1.),#10746);
#10754=MEASURE_REPRESENTATION_ITEM('density measure',
POSITIVE_RATIO_MEASURE(1.),#10747);
#10755=MEASURE_REPRESENTATION_ITEM('density measure',
POSITIVE_RATIO_MEASURE(1.),#10748);
#10756=MEASURE_REPRESENTATION_ITEM('density measure',
POSITIVE_RATIO_MEASURE(1.06),#10749);
#10757=MEASURE_REPRESENTATION_ITEM('density measure',
POSITIVE_RATIO_MEASURE(7.85),#10750);
#10758=PROPERTY_DEFINITION_REPRESENTATION(#10793,#10772);
#10759=PROPERTY_DEFINITION_REPRESENTATION(#10794,#10773);
#10760=PROPERTY_DEFINITION_REPRESENTATION(#10795,#10774);
#10761=PROPERTY_DEFINITION_REPRESENTATION(#10796,#10775);
#10762=PROPERTY_DEFINITION_REPRESENTATION(#10797,#10776);
#10763=PROPERTY_DEFINITION_REPRESENTATION(#10798,#10777);
#10764=PROPERTY_DEFINITION_REPRESENTATION(#10799,#10778);
#10765=PROPERTY_DEFINITION_REPRESENTATION(#10800,#10779);
#10766=PROPERTY_DEFINITION_REPRESENTATION(#10801,#10780);
#10767=PROPERTY_DEFINITION_REPRESENTATION(#10802,#10781);
#10768=PROPERTY_DEFINITION_REPRESENTATION(#10803,#10782);
#10769=PROPERTY_DEFINITION_REPRESENTATION(#10804,#10783);
#10770=PROPERTY_DEFINITION_REPRESENTATION(#10805,#10784);
#10771=PROPERTY_DEFINITION_REPRESENTATION(#10806,#10785);
#10772=REPRESENTATION('material name',(#10786),#18188);
#10773=REPRESENTATION('density',(#10751),#18188);
#10774=REPRESENTATION('material name',(#10787),#18190);
#10775=REPRESENTATION('density',(#10752),#18190);
#10776=REPRESENTATION('material name',(#10788),#18191);
#10777=REPRESENTATION('density',(#10753),#18191);
#10778=REPRESENTATION('material name',(#10789),#18192);
#10779=REPRESENTATION('density',(#10754),#18192);
#10780=REPRESENTATION('material name',(#10790),#18193);
#10781=REPRESENTATION('density',(#10755),#18193);
#10782=REPRESENTATION('material name',(#10791),#18194);
#10783=REPRESENTATION('density',(#10756),#18194);
#10784=REPRESENTATION('material name',(#10792),#18195);
#10785=REPRESENTATION('density',(#10757),#18195);
#10786=DESCRIPTIVE_REPRESENTATION_ITEM('ABS-Kunststoff',
'ABS-Kunststoff');
#10787=DESCRIPTIVE_REPRESENTATION_ITEM('PBT-Kunststoff',
'PBT-Kunststoff');
#10788=DESCRIPTIVE_REPRESENTATION_ITEM('Generisch','Generisch');
#10789=DESCRIPTIVE_REPRESENTATION_ITEM('Generisch','Generisch');
#10790=DESCRIPTIVE_REPRESENTATION_ITEM('Generisch','Generisch');
#10791=DESCRIPTIVE_REPRESENTATION_ITEM('ABS Plastic','ABS Plastic');
#10792=DESCRIPTIVE_REPRESENTATION_ITEM('Stahl, galvanisiert',
'Stahl, galvanisiert');
#10793=PROPERTY_DEFINITION('material property','material name',#18256);
#10794=PROPERTY_DEFINITION('material property','density of part',#18256);
#10795=PROPERTY_DEFINITION('material property','material name',#18258);
#10796=PROPERTY_DEFINITION('material property','density of part',#18258);
#10797=PROPERTY_DEFINITION('material property','material name',#18259);
#10798=PROPERTY_DEFINITION('material property','density of part',#18259);
#10799=PROPERTY_DEFINITION('material property','material name',#18260);
#10800=PROPERTY_DEFINITION('material property','density of part',#18260);
#10801=PROPERTY_DEFINITION('material property','material name',#18261);
#10802=PROPERTY_DEFINITION('material property','density of part',#18261);
#10803=PROPERTY_DEFINITION('material property','material name',#18262);
#10804=PROPERTY_DEFINITION('material property','density of part',#18262);
#10805=PROPERTY_DEFINITION('material property','material name',#18263);
#10806=PROPERTY_DEFINITION('material property','density of part',#18263);
#10807=DATE_TIME_ROLE('creation_date');
#10808=DATE_TIME_ROLE('creation_date');
#10809=DATE_TIME_ROLE('creation_date');
#10810=DATE_TIME_ROLE('creation_date');
#10811=DATE_TIME_ROLE('creation_date');
#10812=DATE_TIME_ROLE('creation_date');
#10813=DATE_TIME_ROLE('creation_date');
#10814=DATE_TIME_ROLE('creation_date');
#10815=DATE_TIME_ROLE('creation_date');
#10816=APPLIED_DATE_AND_TIME_ASSIGNMENT(#10825,#10807,(#18255));
#10817=APPLIED_DATE_AND_TIME_ASSIGNMENT(#10826,#10808,(#18256));
#10818=APPLIED_DATE_AND_TIME_ASSIGNMENT(#10827,#10809,(#18257));
#10819=APPLIED_DATE_AND_TIME_ASSIGNMENT(#10828,#10810,(#18258));
#10820=APPLIED_DATE_AND_TIME_ASSIGNMENT(#10829,#10811,(#18259));
#10821=APPLIED_DATE_AND_TIME_ASSIGNMENT(#10830,#10812,(#18260));
#10822=APPLIED_DATE_AND_TIME_ASSIGNMENT(#10831,#10813,(#18261));
#10823=APPLIED_DATE_AND_TIME_ASSIGNMENT(#10832,#10814,(#18262));
#10824=APPLIED_DATE_AND_TIME_ASSIGNMENT(#10833,#10815,(#18263));
#10825=DATE_AND_TIME(#10834,#10843);
#10826=DATE_AND_TIME(#10835,#10844);
#10827=DATE_AND_TIME(#10836,#10845);
#10828=DATE_AND_TIME(#10837,#10846);
#10829=DATE_AND_TIME(#10838,#10847);
#10830=DATE_AND_TIME(#10839,#10848);
#10831=DATE_AND_TIME(#10840,#10849);
#10832=DATE_AND_TIME(#10841,#10850);
#10833=DATE_AND_TIME(#10842,#10851);
#10834=CALENDAR_DATE(2025,9,5);
#10835=CALENDAR_DATE(2025,9,5);
#10836=CALENDAR_DATE(2026,30,7);
#10837=CALENDAR_DATE(2026,11,2);
#10838=CALENDAR_DATE(2026,11,2);
#10839=CALENDAR_DATE(2026,11,2);
#10840=CALENDAR_DATE(2025,8,5);
#10841=CALENDAR_DATE(2025,13,3);
#10842=CALENDAR_DATE(2024,20,1);
#10843=LOCAL_TIME(0,0,0.,#10852);
#10844=LOCAL_TIME(0,0,0.,#10853);
#10845=LOCAL_TIME(0,0,0.,#10854);
#10846=LOCAL_TIME(0,0,0.,#10855);
#10847=LOCAL_TIME(0,0,0.,#10856);
#10848=LOCAL_TIME(0,0,0.,#10857);
#10849=LOCAL_TIME(0,0,0.,#10858);
#10850=LOCAL_TIME(0,0,0.,#10859);
#10851=LOCAL_TIME(0,0,0.,#10860);
#10852=COORDINATED_UNIVERSAL_TIME_OFFSET(0,0,.BEHIND.);
#10853=COORDINATED_UNIVERSAL_TIME_OFFSET(0,0,.BEHIND.);
#10854=COORDINATED_UNIVERSAL_TIME_OFFSET(0,0,.BEHIND.);
#10855=COORDINATED_UNIVERSAL_TIME_OFFSET(0,0,.BEHIND.);
#10856=COORDINATED_UNIVERSAL_TIME_OFFSET(0,0,.BEHIND.);
#10857=COORDINATED_UNIVERSAL_TIME_OFFSET(0,0,.BEHIND.);
#10858=COORDINATED_UNIVERSAL_TIME_OFFSET(0,0,.BEHIND.);
#10859=COORDINATED_UNIVERSAL_TIME_OFFSET(0,0,.BEHIND.);
#10860=COORDINATED_UNIVERSAL_TIME_OFFSET(0,0,.BEHIND.);
#10861=AXIS2_PLACEMENT_3D('',#14520,#11710,#11711);
#10862=AXIS2_PLACEMENT_3D('',#14521,#11712,#11713);
#10863=AXIS2_PLACEMENT_3D('',#14614,#11718,#11719);
#10864=AXIS2_PLACEMENT_3D('',#14707,#11724,#11725);
#10865=AXIS2_PLACEMENT_3D('',#14765,#11734,#11735);
#10866=AXIS2_PLACEMENT_3D('',#14771,#11739,#11740);
#10867=AXIS2_PLACEMENT_3D('',#14840,#11747,#11748);
#10868=AXIS2_PLACEMENT_3D('',#14895,#11754,#11755);
#10869=AXIS2_PLACEMENT_3D('',#14899,#11758,#11759);
#10870=AXIS2_PLACEMENT_3D('',#14903,#11762,#11763);
#10871=AXIS2_PLACEMENT_3D('',#14907,#11766,#11767);
#10872=AXIS2_PLACEMENT_3D('',#14911,#11770,#11771);
#10873=AXIS2_PLACEMENT_3D('',#15005,#11777,#11778);
#10874=AXIS2_PLACEMENT_3D('',#15098,#11783,#11784);
#10875=AXIS2_PLACEMENT_3D('',#15113,#11792,#11793);
#10876=AXIS2_PLACEMENT_3D('',#15119,#11797,#11798);
#10877=AXIS2_PLACEMENT_3D('',#15123,#11801,#11802);
#10878=AXIS2_PLACEMENT_3D('',#15127,#11805,#11806);
#10879=AXIS2_PLACEMENT_3D('',#15131,#11809,#11810);
#10880=AXIS2_PLACEMENT_3D('',#15135,#11813,#11814);
#10881=AXIS2_PLACEMENT_3D('',#15139,#11817,#11818);
#10882=AXIS2_PLACEMENT_3D('',#15141,#11820,#11821);
#10883=AXIS2_PLACEMENT_3D('',#15146,#11823,#11824);
#10884=AXIS2_PLACEMENT_3D('',#15150,#11826,#11827);
#10885=AXIS2_PLACEMENT_3D('',#15154,#11829,#11830);
#10886=AXIS2_PLACEMENT_3D('',#15157,#11832,#11833);
#10887=AXIS2_PLACEMENT_3D('',#15158,#11834,#11835);
#10888=AXIS2_PLACEMENT_3D('',#15159,#11836,#11837);
#10889=AXIS2_PLACEMENT_3D('',#15168,#11842,#11843);
#10890=AXIS2_PLACEMENT_3D('',#15170,#11844,#11845);
#10891=AXIS2_PLACEMENT_3D('',#15173,#11847,#11848);
#10892=AXIS2_PLACEMENT_3D('',#15174,#11849,#11850);
#10893=AXIS2_PLACEMENT_3D('',#15180,#11854,#11855);
#10894=AXIS2_PLACEMENT_3D('',#15182,#11856,#11857);
#10895=AXIS2_PLACEMENT_3D('',#15185,#11859,#11860);
#10896=AXIS2_PLACEMENT_3D('',#15186,#11861,#11862);
#10897=AXIS2_PLACEMENT_3D('',#15192,#11866,#11867);
#10898=AXIS2_PLACEMENT_3D('',#15194,#11868,#11869);
#10899=AXIS2_PLACEMENT_3D('',#15197,#11871,#11872);
#10900=AXIS2_PLACEMENT_3D('',#15198,#11873,#11874);
#10901=AXIS2_PLACEMENT_3D('',#15204,#11878,#11879);
#10902=AXIS2_PLACEMENT_3D('',#15206,#11880,#11881);
#10903=AXIS2_PLACEMENT_3D('',#15209,#11883,#11884);
#10904=AXIS2_PLACEMENT_3D('',#15210,#11885,#11886);
#10905=AXIS2_PLACEMENT_3D('',#15216,#11890,#11891);
#10906=AXIS2_PLACEMENT_3D('',#15218,#11892,#11893);
#10907=AXIS2_PLACEMENT_3D('',#15221,#11895,#11896);
#10908=AXIS2_PLACEMENT_3D('',#15222,#11897,#11898);
#10909=AXIS2_PLACEMENT_3D('',#15228,#11902,#11903);
#10910=AXIS2_PLACEMENT_3D('',#15230,#11904,#11905);
#10911=AXIS2_PLACEMENT_3D('',#15233,#11907,#11908);
#10912=AXIS2_PLACEMENT_3D('',#15234,#11909,#11910);
#10913=AXIS2_PLACEMENT_3D('',#15240,#11914,#11915);
#10914=AXIS2_PLACEMENT_3D('',#15246,#11919,#11920);
#10915=AXIS2_PLACEMENT_3D('',#15248,#11921,#11922);
#10916=AXIS2_PLACEMENT_3D('',#15251,#11924,#11925);
#10917=AXIS2_PLACEMENT_3D('',#15252,#11926,#11927);
#10918=AXIS2_PLACEMENT_3D('',#15258,#11931,#11932);
#10919=AXIS2_PLACEMENT_3D('',#15260,#11933,#11934);
#10920=AXIS2_PLACEMENT_3D('',#15263,#11936,#11937);
#10921=AXIS2_PLACEMENT_3D('',#15264,#11938,#11939);
#10922=AXIS2_PLACEMENT_3D('',#15267,#11942,#11943);
#10923=AXIS2_PLACEMENT_3D('',#15273,#11947,#11948);
#10924=AXIS2_PLACEMENT_3D('',#15276,#11950,#11951);
#10925=AXIS2_PLACEMENT_3D('',#15277,#11952,#11953);
#10926=AXIS2_PLACEMENT_3D('',#15281,#11956,#11957);
#10927=AXIS2_PLACEMENT_3D('',#15284,#11959,#11960);
#10928=AXIS2_PLACEMENT_3D('',#15285,#11961,#11962);
#10929=AXIS2_PLACEMENT_3D('',#15289,#11965,#11966);
#10930=AXIS2_PLACEMENT_3D('',#15292,#11968,#11969);
#10931=AXIS2_PLACEMENT_3D('',#15293,#11970,#11971);
#10932=AXIS2_PLACEMENT_3D('',#15305,#11978,#11979);
#10933=AXIS2_PLACEMENT_3D('',#15308,#11981,#11982);
#10934=AXIS2_PLACEMENT_3D('',#15309,#11983,#11984);
#10935=AXIS2_PLACEMENT_3D('',#15321,#11991,#11992);
#10936=AXIS2_PLACEMENT_3D('',#15326,#11994,#11995);
#10937=AXIS2_PLACEMENT_3D('',#15330,#11997,#11998);
#10938=AXIS2_PLACEMENT_3D('',#15334,#12000,#12001);
#10939=AXIS2_PLACEMENT_3D('',#15337,#12003,#12004);
#10940=AXIS2_PLACEMENT_3D('',#15340,#12005,#12006);
#10941=AXIS2_PLACEMENT_3D('',#15342,#12007,#12008);
#10942=AXIS2_PLACEMENT_3D('',#15344,#12009,#12010);
#10943=AXIS2_PLACEMENT_3D('',#15346,#12011,#12012);
#10944=AXIS2_PLACEMENT_3D('',#15350,#12014,#12015);
#10945=AXIS2_PLACEMENT_3D('',#15354,#12017,#12018);
#10946=AXIS2_PLACEMENT_3D('',#15357,#12020,#12021);
#10947=AXIS2_PLACEMENT_3D('',#15360,#12022,#12023);
#10948=AXIS2_PLACEMENT_3D('',#15364,#12025,#12026);
#10949=AXIS2_PLACEMENT_3D('',#15368,#12028,#12029);
#10950=AXIS2_PLACEMENT_3D('',#15372,#12031,#12032);
#10951=AXIS2_PLACEMENT_3D('',#15376,#12034,#12035);
#10952=AXIS2_PLACEMENT_3D('',#15380,#12037,#12038);
#10953=AXIS2_PLACEMENT_3D('',#15384,#12040,#12041);
#10954=AXIS2_PLACEMENT_3D('',#15386,#12042,#12043);
#10955=AXIS2_PLACEMENT_3D('',#15390,#12045,#12046);
#10956=AXIS2_PLACEMENT_3D('',#15394,#12048,#12049);
#10957=AXIS2_PLACEMENT_3D('',#15398,#12051,#12052);
#10958=AXIS2_PLACEMENT_3D('',#15400,#12053,#12054);
#10959=AXIS2_PLACEMENT_3D('',#15401,#12055,#12056);
#10960=AXIS2_PLACEMENT_3D('',#15403,#12057,#12058);
#10961=AXIS2_PLACEMENT_3D('',#15405,#12059,#12060);
#10962=AXIS2_PLACEMENT_3D('',#15407,#12061,#12062);
#10963=AXIS2_PLACEMENT_3D('',#15409,#12063,#12064);
#10964=AXIS2_PLACEMENT_3D('',#15411,#12065,#12066);
#10965=AXIS2_PLACEMENT_3D('',#15413,#12067,#12068);
#10966=AXIS2_PLACEMENT_3D('',#15414,#12069,#12070);
#10967=AXIS2_PLACEMENT_3D('',#15423,#12075,#12076);
#10968=AXIS2_PLACEMENT_3D('',#15427,#12078,#12079);
#10969=AXIS2_PLACEMENT_3D('',#15428,#12080,#12081);
#10970=AXIS2_PLACEMENT_3D('',#15429,#12082,#12083);
#10971=AXIS2_PLACEMENT_3D('',#15435,#12087,#12088);
#10972=AXIS2_PLACEMENT_3D('',#15439,#12090,#12091);
#10973=AXIS2_PLACEMENT_3D('',#15440,#12092,#12093);
#10974=AXIS2_PLACEMENT_3D('',#15441,#12094,#12095);
#10975=AXIS2_PLACEMENT_3D('',#15447,#12099,#12100);
#10976=AXIS2_PLACEMENT_3D('',#15451,#12102,#12103);
#10977=AXIS2_PLACEMENT_3D('',#15452,#12104,#12105);
#10978=AXIS2_PLACEMENT_3D('',#15453,#12106,#12107);
#10979=AXIS2_PLACEMENT_3D('',#15459,#12111,#12112);
#10980=AXIS2_PLACEMENT_3D('',#15463,#12114,#12115);
#10981=AXIS2_PLACEMENT_3D('',#15464,#12116,#12117);
#10982=AXIS2_PLACEMENT_3D('',#15465,#12118,#12119);
#10983=AXIS2_PLACEMENT_3D('',#15471,#12123,#12124);
#10984=AXIS2_PLACEMENT_3D('',#15475,#12126,#12127);
#10985=AXIS2_PLACEMENT_3D('',#15476,#12128,#12129);
#10986=AXIS2_PLACEMENT_3D('',#15477,#12130,#12131);
#10987=AXIS2_PLACEMENT_3D('',#15483,#12135,#12136);
#10988=AXIS2_PLACEMENT_3D('',#15487,#12138,#12139);
#10989=AXIS2_PLACEMENT_3D('',#15488,#12140,#12141);
#10990=AXIS2_PLACEMENT_3D('',#15489,#12142,#12143);
#10991=AXIS2_PLACEMENT_3D('',#15495,#12147,#12148);
#10992=AXIS2_PLACEMENT_3D('',#15499,#12150,#12151);
#10993=AXIS2_PLACEMENT_3D('',#15500,#12152,#12153);
#10994=AXIS2_PLACEMENT_3D('',#15501,#12154,#12155);
#10995=AXIS2_PLACEMENT_3D('',#15507,#12159,#12160);
#10996=AXIS2_PLACEMENT_3D('',#15508,#12161,#12162);
#10997=AXIS2_PLACEMENT_3D('',#15509,#12163,#12164);
#10998=AXIS2_PLACEMENT_3D('',#15510,#12165,#12166);
#10999=AXIS2_PLACEMENT_3D('',#15514,#12168,#12169);
#11000=AXIS2_PLACEMENT_3D('',#15516,#12171,#12172);
#11001=AXIS2_PLACEMENT_3D('',#15532,#12181,#12182);
#11002=AXIS2_PLACEMENT_3D('',#15535,#12184,#12185);
#11003=AXIS2_PLACEMENT_3D('',#15536,#12186,#12187);
#11004=AXIS2_PLACEMENT_3D('',#15544,#12192,#12193);
#11005=AXIS2_PLACEMENT_3D('',#15547,#12195,#12196);
#11006=AXIS2_PLACEMENT_3D('',#15548,#12197,#12198);
#11007=AXIS2_PLACEMENT_3D('',#15552,#12201,#12202);
#11008=AXIS2_PLACEMENT_3D('',#15555,#12204,#12205);
#11009=AXIS2_PLACEMENT_3D('',#15556,#12206,#12207);
#11010=AXIS2_PLACEMENT_3D('',#15568,#12214,#12215);
#11011=AXIS2_PLACEMENT_3D('',#15570,#12216,#12217);
#11012=AXIS2_PLACEMENT_3D('',#15572,#12218,#12219);
#11013=AXIS2_PLACEMENT_3D('',#15573,#12220,#12221);
#11014=AXIS2_PLACEMENT_3D('',#15582,#12226,#12227);
#11015=AXIS2_PLACEMENT_3D('',#15584,#12228,#12229);
#11016=AXIS2_PLACEMENT_3D('',#15587,#12231,#12232);
#11017=AXIS2_PLACEMENT_3D('',#15588,#12233,#12234);
#11018=AXIS2_PLACEMENT_3D('',#15594,#12238,#12239);
#11019=AXIS2_PLACEMENT_3D('',#15596,#12240,#12241);
#11020=AXIS2_PLACEMENT_3D('',#15599,#12243,#12244);
#11021=AXIS2_PLACEMENT_3D('',#15600,#12245,#12246);
#11022=AXIS2_PLACEMENT_3D('',#15606,#12250,#12251);
#11023=AXIS2_PLACEMENT_3D('',#15608,#12252,#12253);
#11024=AXIS2_PLACEMENT_3D('',#15611,#12255,#12256);
#11025=AXIS2_PLACEMENT_3D('',#15612,#12257,#12258);
#11026=AXIS2_PLACEMENT_3D('',#15618,#12262,#12263);
#11027=AXIS2_PLACEMENT_3D('',#15620,#12264,#12265);
#11028=AXIS2_PLACEMENT_3D('',#15623,#12267,#12268);
#11029=AXIS2_PLACEMENT_3D('',#15624,#12269,#12270);
#11030=AXIS2_PLACEMENT_3D('',#15630,#12274,#12275);
#11031=AXIS2_PLACEMENT_3D('',#15632,#12276,#12277);
#11032=AXIS2_PLACEMENT_3D('',#15635,#12279,#12280);
#11033=AXIS2_PLACEMENT_3D('',#15636,#12281,#12282);
#11034=AXIS2_PLACEMENT_3D('',#15642,#12286,#12287);
#11035=AXIS2_PLACEMENT_3D('',#15644,#12288,#12289);
#11036=AXIS2_PLACEMENT_3D('',#15647,#12291,#12292);
#11037=AXIS2_PLACEMENT_3D('',#15648,#12293,#12294);
#11038=AXIS2_PLACEMENT_3D('',#15654,#12298,#12299);
#11039=AXIS2_PLACEMENT_3D('',#15655,#12300,#12301);
#11040=AXIS2_PLACEMENT_3D('',#15658,#12303,#12304);
#11041=AXIS2_PLACEMENT_3D('',#15659,#12305,#12306);
#11042=AXIS2_PLACEMENT_3D('',#15663,#12309,#12310);
#11043=AXIS2_PLACEMENT_3D('',#15664,#12311,#12312);
#11044=AXIS2_PLACEMENT_3D('',#15665,#12313,#12314);
#11045=AXIS2_PLACEMENT_3D('',#15666,#12315,#12316);
#11046=AXIS2_PLACEMENT_3D('',#15670,#12318,#12319);
#11047=AXIS2_PLACEMENT_3D('',#15672,#12321,#12322);
#11048=AXIS2_PLACEMENT_3D('',#15676,#12325,#12326);
#11049=AXIS2_PLACEMENT_3D('',#15679,#12328,#12329);
#11050=AXIS2_PLACEMENT_3D('',#15680,#12330,#12331);
#11051=AXIS2_PLACEMENT_3D('',#15686,#12336,#12337);
#11052=AXIS2_PLACEMENT_3D('',#15688,#12339,#12340);
#11053=AXIS2_PLACEMENT_3D('',#15695,#12345,#12346);
#11054=AXIS2_PLACEMENT_3D('',#15698,#12348,#12349);
#11055=AXIS2_PLACEMENT_3D('',#15699,#12350,#12351);
#11056=AXIS2_PLACEMENT_3D('',#15703,#12354,#12355);
#11057=AXIS2_PLACEMENT_3D('',#15705,#12356,#12357);
#11058=AXIS2_PLACEMENT_3D('',#15707,#12358,#12359);
#11059=AXIS2_PLACEMENT_3D('',#15708,#12360,#12361);
#11060=AXIS2_PLACEMENT_3D('',#15711,#12364,#12365);
#11061=AXIS2_PLACEMENT_3D('',#15713,#12367,#12368);
#11062=AXIS2_PLACEMENT_3D('',#15715,#12370,#12371);
#11063=AXIS2_PLACEMENT_3D('',#15718,#12373,#12374);
#11064=AXIS2_PLACEMENT_3D('',#15719,#12375,#12376);
#11065=AXIS2_PLACEMENT_3D('',#15723,#12379,#12380);
#11066=AXIS2_PLACEMENT_3D('',#15725,#12382,#12383);
#11067=AXIS2_PLACEMENT_3D('',#15726,#12384,#12385);
#11068=AXIS2_PLACEMENT_3D('',#15728,#12387,#12388);
#11069=AXIS2_PLACEMENT_3D('',#15729,#12389,#12390);
#11070=AXIS2_PLACEMENT_3D('',#15730,#12391,#12392);
#11071=AXIS2_PLACEMENT_3D('',#15732,#12394,#12395);
#11072=AXIS2_PLACEMENT_3D('',#15733,#12396,#12397);
#11073=AXIS2_PLACEMENT_3D('',#15736,#12398,#12399);
#11074=AXIS2_PLACEMENT_3D('',#15740,#12401,#12402);
#11075=AXIS2_PLACEMENT_3D('',#15742,#12404,#12405);
#11076=AXIS2_PLACEMENT_3D('',#15748,#12409,#12410);
#11077=AXIS2_PLACEMENT_3D('',#15751,#12412,#12413);
#11078=AXIS2_PLACEMENT_3D('',#15753,#12414,#12415);
#11079=AXIS2_PLACEMENT_3D('',#15756,#12417,#12418);
#11080=AXIS2_PLACEMENT_3D('',#15758,#12419,#12420);
#11081=AXIS2_PLACEMENT_3D('',#15762,#12422,#12423);
#11082=AXIS2_PLACEMENT_3D('',#15765,#12425,#12426);
#11083=AXIS2_PLACEMENT_3D('',#15766,#12427,#12428);
#11084=AXIS2_PLACEMENT_3D('',#15770,#12430,#12431);
#11085=AXIS2_PLACEMENT_3D('',#15772,#12433,#12434);
#11086=AXIS2_PLACEMENT_3D('',#15782,#12440,#12441);
#11087=AXIS2_PLACEMENT_3D('',#15785,#12444,#12445);
#11088=AXIS2_PLACEMENT_3D('',#15790,#12449,#12450);
#11089=AXIS2_PLACEMENT_3D('',#15793,#12452,#12453);
#11090=AXIS2_PLACEMENT_3D('',#15794,#12454,#12455);
#11091=AXIS2_PLACEMENT_3D('',#15796,#12457,#12458);
#11092=AXIS2_PLACEMENT_3D('',#15798,#12459,#12460);
#11093=AXIS2_PLACEMENT_3D('',#15801,#12462,#12463);
#11094=AXIS2_PLACEMENT_3D('',#15802,#12464,#12465);
#11095=AXIS2_PLACEMENT_3D('',#15804,#12466,#12467);
#11096=AXIS2_PLACEMENT_3D('',#15806,#12469,#12470);
#11097=AXIS2_PLACEMENT_3D('',#15809,#12472,#12473);
#11098=AXIS2_PLACEMENT_3D('',#15811,#12474,#12475);
#11099=AXIS2_PLACEMENT_3D('',#15814,#12477,#12478);
#11100=AXIS2_PLACEMENT_3D('',#15815,#12479,#12480);
#11101=AXIS2_PLACEMENT_3D('',#15817,#12482,#12483);
#11102=AXIS2_PLACEMENT_3D('',#15818,#12484,#12485);
#11103=AXIS2_PLACEMENT_3D('',#15820,#12486,#12487);
#11104=AXIS2_PLACEMENT_3D('',#15822,#12489,#12490);
#11105=AXIS2_PLACEMENT_3D('',#15826,#12493,#12494);
#11106=AXIS2_PLACEMENT_3D('',#15827,#12495,#12496);
#11107=AXIS2_PLACEMENT_3D('',#15828,#12497,#12498);
#11108=AXIS2_PLACEMENT_3D('',#15829,#12499,#12500);
#11109=AXIS2_PLACEMENT_3D('',#15830,#12501,#12502);
#11110=AXIS2_PLACEMENT_3D('',#15831,#12503,#12504);
#11111=AXIS2_PLACEMENT_3D('',#15832,#12505,#12506);
#11112=AXIS2_PLACEMENT_3D('',#15834,#12507,#12508);
#11113=AXIS2_PLACEMENT_3D('',#15836,#12510,#12511);
#11114=AXIS2_PLACEMENT_3D('',#15838,#12512,#12513);
#11115=AXIS2_PLACEMENT_3D('',#15840,#12515,#12516);
#11116=AXIS2_PLACEMENT_3D('',#15842,#12518,#12519);
#11117=AXIS2_PLACEMENT_3D('',#15848,#12523,#12524);
#11118=AXIS2_PLACEMENT_3D('',#15850,#12525,#12526);
#11119=AXIS2_PLACEMENT_3D('',#15852,#12528,#12529);
#11120=AXIS2_PLACEMENT_3D('',#15856,#12531,#12532);
#11121=AXIS2_PLACEMENT_3D('',#15859,#12534,#12535);
#11122=AXIS2_PLACEMENT_3D('',#15860,#12536,#12537);
#11123=AXIS2_PLACEMENT_3D('',#15863,#12540,#12541);
#11124=AXIS2_PLACEMENT_3D('',#15865,#12543,#12544);
#11125=AXIS2_PLACEMENT_3D('',#15877,#12551,#12552);
#11126=AXIS2_PLACEMENT_3D('',#15878,#12553,#12554);
#11127=AXIS2_PLACEMENT_3D('',#15879,#12555,#12556);
#11128=AXIS2_PLACEMENT_3D('',#15881,#12558,#12559);
#11129=AXIS2_PLACEMENT_3D('',#15883,#12560,#12561);
#11130=AXIS2_PLACEMENT_3D('',#15885,#12562,#12563);
#11131=AXIS2_PLACEMENT_3D('',#15887,#12565,#12566);
#11132=AXIS2_PLACEMENT_3D('',#15890,#12568,#12569);
#11133=AXIS2_PLACEMENT_3D('',#15891,#12570,#12571);
#11134=AXIS2_PLACEMENT_3D('',#15895,#12574,#12575);
#11135=AXIS2_PLACEMENT_3D('',#15896,#12576,#12577);
#11136=AXIS2_PLACEMENT_3D('',#15897,#12578,#12579);
#11137=AXIS2_PLACEMENT_3D('',#15899,#12580,#12581);
#11138=AXIS2_PLACEMENT_3D('',#15902,#12583,#12584);
#11139=AXIS2_PLACEMENT_3D('',#15903,#12585,#12586);
#11140=AXIS2_PLACEMENT_3D('',#15909,#12590,#12591);
#11141=AXIS2_PLACEMENT_3D('',#15910,#12592,#12593);
#11142=AXIS2_PLACEMENT_3D('',#15911,#12594,#12595);
#11143=AXIS2_PLACEMENT_3D('',#15912,#12596,#12597);
#11144=AXIS2_PLACEMENT_3D('',#15913,#12598,#12599);
#11145=AXIS2_PLACEMENT_3D('',#15915,#12601,#12602);
#11146=AXIS2_PLACEMENT_3D('',#15916,#12603,#12604);
#11147=AXIS2_PLACEMENT_3D('',#15917,#12605,#12606);
#11148=AXIS2_PLACEMENT_3D('',#15919,#12608,#12609);
#11149=AXIS2_PLACEMENT_3D('',#15921,#12611,#12612);
#11150=AXIS2_PLACEMENT_3D('',#15923,#12613,#12614);
#11151=AXIS2_PLACEMENT_3D('',#15926,#12616,#12617);
#11152=AXIS2_PLACEMENT_3D('',#15928,#12619,#12620);
#11153=AXIS2_PLACEMENT_3D('',#15930,#12621,#12622);
#11154=AXIS2_PLACEMENT_3D('',#15933,#12624,#12625);
#11155=AXIS2_PLACEMENT_3D('',#15935,#12627,#12628);
#11156=AXIS2_PLACEMENT_3D('',#15937,#12629,#12630);
#11157=AXIS2_PLACEMENT_3D('',#15940,#12632,#12633);
#11158=AXIS2_PLACEMENT_3D('',#15942,#12635,#12636);
#11159=AXIS2_PLACEMENT_3D('',#15944,#12637,#12638);
#11160=AXIS2_PLACEMENT_3D('',#15947,#12640,#12641);
#11161=AXIS2_PLACEMENT_3D('',#15949,#12643,#12644);
#11162=AXIS2_PLACEMENT_3D('',#15952,#12646,#12647);
#11163=AXIS2_PLACEMENT_3D('',#15953,#12648,#12649);
#11164=AXIS2_PLACEMENT_3D('',#15955,#12651,#12652);
#11165=AXIS2_PLACEMENT_3D('',#15958,#12654,#12655);
#11166=AXIS2_PLACEMENT_3D('',#15959,#12656,#12657);
#11167=AXIS2_PLACEMENT_3D('',#15961,#12659,#12660);
#11168=AXIS2_PLACEMENT_3D('',#15964,#12661,#12662);
#11169=AXIS2_PLACEMENT_3D('',#15967,#12665,#12666);
#11170=AXIS2_PLACEMENT_3D('',#15970,#12668,#12669);
#11171=AXIS2_PLACEMENT_3D('',#15971,#12670,#12671);
#11172=AXIS2_PLACEMENT_3D('',#15974,#12673,#12674);
#11173=AXIS2_PLACEMENT_3D('',#15975,#12675,#12676);
#11174=AXIS2_PLACEMENT_3D('',#15978,#12678,#12679);
#11175=AXIS2_PLACEMENT_3D('',#15979,#12680,#12681);
#11176=AXIS2_PLACEMENT_3D('',#15983,#12683,#12684);
#11177=AXIS2_PLACEMENT_3D('',#15985,#12686,#12687);
#11178=AXIS2_PLACEMENT_3D('',#15987,#12688,#12689);
#11179=AXIS2_PLACEMENT_3D('',#15989,#12691,#12692);
#11180=AXIS2_PLACEMENT_3D('',#15992,#12694,#12695);
#11181=AXIS2_PLACEMENT_3D('',#15993,#12696,#12697);
#11182=AXIS2_PLACEMENT_3D('',#15995,#12698,#12699);
#11183=AXIS2_PLACEMENT_3D('',#15997,#12701,#12702);
#11184=AXIS2_PLACEMENT_3D('',#15999,#12703,#12704);
#11185=AXIS2_PLACEMENT_3D('',#16001,#12706,#12707);
#11186=AXIS2_PLACEMENT_3D('',#16005,#12709,#12710);
#11187=AXIS2_PLACEMENT_3D('',#16008,#12712,#12713);
#11188=AXIS2_PLACEMENT_3D('',#16010,#12714,#12715);
#11189=AXIS2_PLACEMENT_3D('',#16011,#12716,#12717);
#11190=AXIS2_PLACEMENT_3D('',#16013,#12719,#12720);
#11191=AXIS2_PLACEMENT_3D('',#16017,#12722,#12723);
#11192=AXIS2_PLACEMENT_3D('',#16020,#12725,#12726);
#11193=AXIS2_PLACEMENT_3D('',#16021,#12727,#12728);
#11194=AXIS2_PLACEMENT_3D('',#16023,#12730,#12731);
#11195=AXIS2_PLACEMENT_3D('',#16025,#12732,#12733);
#11196=AXIS2_PLACEMENT_3D('',#16028,#12735,#12736);
#11197=AXIS2_PLACEMENT_3D('',#16029,#12737,#12738);
#11198=AXIS2_PLACEMENT_3D('',#16031,#12739,#12740);
#11199=AXIS2_PLACEMENT_3D('',#16032,#12741,#12742);
#11200=AXIS2_PLACEMENT_3D('',#16034,#12743,#12744);
#11201=AXIS2_PLACEMENT_3D('',#16037,#12746,#12747);
#11202=AXIS2_PLACEMENT_3D('',#16038,#12748,#12749);
#11203=AXIS2_PLACEMENT_3D('',#16040,#12750,#12751);
#11204=AXIS2_PLACEMENT_3D('',#16041,#12752,#12753);
#11205=AXIS2_PLACEMENT_3D('',#16043,#12754,#12755);
#11206=AXIS2_PLACEMENT_3D('',#16046,#12757,#12758);
#11207=AXIS2_PLACEMENT_3D('',#16047,#12759,#12760);
#11208=AXIS2_PLACEMENT_3D('',#16049,#12761,#12762);
#11209=AXIS2_PLACEMENT_3D('',#16050,#12763,#12764);
#11210=AXIS2_PLACEMENT_3D('',#16052,#12765,#12766);
#11211=AXIS2_PLACEMENT_3D('',#16055,#12768,#12769);
#11212=AXIS2_PLACEMENT_3D('',#16056,#12770,#12771);
#11213=AXIS2_PLACEMENT_3D('',#16058,#12772,#12773);
#11214=AXIS2_PLACEMENT_3D('',#16059,#12774,#12775);
#11215=AXIS2_PLACEMENT_3D('',#16062,#12776,#12777);
#11216=AXIS2_PLACEMENT_3D('',#16064,#12778,#12779);
#11217=AXIS2_PLACEMENT_3D('',#16066,#12780,#12781);
#11218=AXIS2_PLACEMENT_3D('',#16069,#12783,#12784);
#11219=AXIS2_PLACEMENT_3D('',#16070,#12785,#12786);
#11220=AXIS2_PLACEMENT_3D('',#16071,#12787,#12788);
#11221=AXIS2_PLACEMENT_3D('',#16073,#12789,#12790);
#11222=AXIS2_PLACEMENT_3D('',#16074,#12791,#12792);
#11223=AXIS2_PLACEMENT_3D('',#16078,#12794,#12795);
#11224=AXIS2_PLACEMENT_3D('',#16080,#12797,#12798);
#11225=AXIS2_PLACEMENT_3D('',#16084,#12800,#12801);
#11226=AXIS2_PLACEMENT_3D('',#16086,#12803,#12804);
#11227=AXIS2_PLACEMENT_3D('',#16090,#12806,#12807);
#11228=AXIS2_PLACEMENT_3D('',#16092,#12809,#12810);
#11229=AXIS2_PLACEMENT_3D('',#16094,#12811,#12812);
#11230=AXIS2_PLACEMENT_3D('',#16095,#12813,#12814);
#11231=AXIS2_PLACEMENT_3D('',#16098,#12816,#12817);
#11232=AXIS2_PLACEMENT_3D('',#16099,#12818,#12819);
#11233=AXIS2_PLACEMENT_3D('',#16101,#12820,#12821);
#11234=AXIS2_PLACEMENT_3D('',#16102,#12822,#12823);
#11235=AXIS2_PLACEMENT_3D('',#16106,#12825,#12826);
#11236=AXIS2_PLACEMENT_3D('',#16108,#12828,#12829);
#11237=AXIS2_PLACEMENT_3D('',#16112,#12831,#12832);
#11238=AXIS2_PLACEMENT_3D('',#16114,#12834,#12835);
#11239=AXIS2_PLACEMENT_3D('',#16116,#12836,#12837);
#11240=AXIS2_PLACEMENT_3D('',#16118,#12838,#12839);
#11241=AXIS2_PLACEMENT_3D('',#16121,#12841,#12842);
#11242=AXIS2_PLACEMENT_3D('',#16122,#12843,#12844);
#11243=AXIS2_PLACEMENT_3D('',#16123,#12845,#12846);
#11244=AXIS2_PLACEMENT_3D('',#16125,#12847,#12848);
#11245=AXIS2_PLACEMENT_3D('',#16126,#12849,#12850);
#11246=AXIS2_PLACEMENT_3D('',#16130,#12852,#12853);
#11247=AXIS2_PLACEMENT_3D('',#16132,#12855,#12856);
#11248=AXIS2_PLACEMENT_3D('',#16136,#12858,#12859);
#11249=AXIS2_PLACEMENT_3D('',#16138,#12861,#12862);
#11250=AXIS2_PLACEMENT_3D('',#16141,#12863,#12864);
#11251=AXIS2_PLACEMENT_3D('',#16143,#12865,#12866);
#11252=AXIS2_PLACEMENT_3D('',#16146,#12868,#12869);
#11253=AXIS2_PLACEMENT_3D('',#16147,#12870,#12871);
#11254=AXIS2_PLACEMENT_3D('',#16148,#12872,#12873);
#11255=AXIS2_PLACEMENT_3D('',#16150,#12874,#12875);
#11256=AXIS2_PLACEMENT_3D('',#16151,#12876,#12877);
#11257=AXIS2_PLACEMENT_3D('',#16155,#12879,#12880);
#11258=AXIS2_PLACEMENT_3D('',#16157,#12882,#12883);
#11259=AXIS2_PLACEMENT_3D('',#16161,#12885,#12886);
#11260=AXIS2_PLACEMENT_3D('',#16163,#12888,#12889);
#11261=AXIS2_PLACEMENT_3D('',#16167,#12891,#12892);
#11262=AXIS2_PLACEMENT_3D('',#16169,#12894,#12895);
#11263=AXIS2_PLACEMENT_3D('',#16172,#12898,#12899);
#11264=AXIS2_PLACEMENT_3D('',#16174,#12901,#12902);
#11265=AXIS2_PLACEMENT_3D('',#16175,#12903,#12904);
#11266=AXIS2_PLACEMENT_3D('',#16177,#12906,#12907);
#11267=AXIS2_PLACEMENT_3D('',#16179,#12909,#12910);
#11268=AXIS2_PLACEMENT_3D('',#16180,#12911,#12912);
#11269=AXIS2_PLACEMENT_3D('',#16182,#12914,#12915);
#11270=AXIS2_PLACEMENT_3D('',#16184,#12917,#12918);
#11271=AXIS2_PLACEMENT_3D('',#16186,#12920,#12921);
#11272=AXIS2_PLACEMENT_3D('',#16188,#12923,#12924);
#11273=AXIS2_PLACEMENT_3D('',#16189,#12925,#12926);
#11274=AXIS2_PLACEMENT_3D('',#16192,#12929,#12930);
#11275=AXIS2_PLACEMENT_3D('',#16195,#12933,#12934);
#11276=AXIS2_PLACEMENT_3D('',#16196,#12935,#12936);
#11277=AXIS2_PLACEMENT_3D('',#16198,#12938,#12939);
#11278=AXIS2_PLACEMENT_3D('',#16200,#12941,#12942);
#11279=AXIS2_PLACEMENT_3D('',#16201,#12943,#12944);
#11280=AXIS2_PLACEMENT_3D('',#16204,#12947,#12948);
#11281=AXIS2_PLACEMENT_3D('',#16206,#12950,#12951);
#11282=AXIS2_PLACEMENT_3D('',#16208,#12953,#12954);
#11283=AXIS2_PLACEMENT_3D('',#16210,#12956,#12957);
#11284=AXIS2_PLACEMENT_3D('',#16212,#12959,#12960);
#11285=AXIS2_PLACEMENT_3D('',#16213,#12961,#12962);
#11286=AXIS2_PLACEMENT_3D('',#16214,#12963,#12964);
#11287=AXIS2_PLACEMENT_3D('',#16216,#12966,#12967);
#11288=AXIS2_PLACEMENT_3D('',#16218,#12969,#12970);
#11289=AXIS2_PLACEMENT_3D('',#16220,#12972,#12973);
#11290=AXIS2_PLACEMENT_3D('',#16222,#12975,#12976);
#11291=AXIS2_PLACEMENT_3D('',#16223,#12977,#12978);
#11292=AXIS2_PLACEMENT_3D('',#16224,#12979,#12980);
#11293=AXIS2_PLACEMENT_3D('',#16225,#12981,#12982);
#11294=AXIS2_PLACEMENT_3D('',#16226,#12983,#12984);
#11295=AXIS2_PLACEMENT_3D('',#16227,#12985,#12986);
#11296=AXIS2_PLACEMENT_3D('',#16229,#12988,#12989);
#11297=AXIS2_PLACEMENT_3D('',#16230,#12990,#12991);
#11298=AXIS2_PLACEMENT_3D('',#16231,#12992,#12993);
#11299=AXIS2_PLACEMENT_3D('',#16232,#12994,#12995);
#11300=AXIS2_PLACEMENT_3D('',#16233,#12996,#12997);
#11301=AXIS2_PLACEMENT_3D('',#16234,#12998,#12999);
#11302=AXIS2_PLACEMENT_3D('',#16239,#13001,#13002);
#11303=AXIS2_PLACEMENT_3D('',#16242,#13004,#13005);
#11304=AXIS2_PLACEMENT_3D('',#16243,#13006,#13007);
#11305=AXIS2_PLACEMENT_3D('',#16269,#13021,#13022);
#11306=AXIS2_PLACEMENT_3D('',#16271,#13024,#13025);
#11307=AXIS2_PLACEMENT_3D('',#16279,#13030,#13031);
#11308=AXIS2_PLACEMENT_3D('',#16285,#13035,#13036);
#11309=AXIS2_PLACEMENT_3D('',#16291,#13040,#13041);
#11310=AXIS2_PLACEMENT_3D('',#16297,#13045,#13046);
#11311=AXIS2_PLACEMENT_3D('',#16302,#13050,#13051);
#11312=AXIS2_PLACEMENT_3D('',#16306,#13054,#13055);
#11313=AXIS2_PLACEMENT_3D('',#16310,#13058,#13059);
#11314=AXIS2_PLACEMENT_3D('',#16315,#13061,#13062);
#11315=AXIS2_PLACEMENT_3D('',#16318,#13064,#13065);
#11316=AXIS2_PLACEMENT_3D('',#16319,#13066,#13067);
#11317=AXIS2_PLACEMENT_3D('',#16345,#13081,#13082);
#11318=AXIS2_PLACEMENT_3D('',#16347,#13084,#13085);
#11319=AXIS2_PLACEMENT_3D('',#16355,#13090,#13091);
#11320=AXIS2_PLACEMENT_3D('',#16361,#13095,#13096);
#11321=AXIS2_PLACEMENT_3D('',#16367,#13100,#13101);
#11322=AXIS2_PLACEMENT_3D('',#16373,#13105,#13106);
#11323=AXIS2_PLACEMENT_3D('',#16378,#13110,#13111);
#11324=AXIS2_PLACEMENT_3D('',#16382,#13114,#13115);
#11325=AXIS2_PLACEMENT_3D('',#16386,#13118,#13119);
#11326=AXIS2_PLACEMENT_3D('',#16391,#13121,#13122);
#11327=AXIS2_PLACEMENT_3D('',#16394,#13124,#13125);
#11328=AXIS2_PLACEMENT_3D('',#16395,#13126,#13127);
#11329=AXIS2_PLACEMENT_3D('',#16421,#13141,#13142);
#11330=AXIS2_PLACEMENT_3D('',#16423,#13144,#13145);
#11331=AXIS2_PLACEMENT_3D('',#16431,#13150,#13151);
#11332=AXIS2_PLACEMENT_3D('',#16437,#13155,#13156);
#11333=AXIS2_PLACEMENT_3D('',#16443,#13160,#13161);
#11334=AXIS2_PLACEMENT_3D('',#16449,#13165,#13166);
#11335=AXIS2_PLACEMENT_3D('',#16454,#13170,#13171);
#11336=AXIS2_PLACEMENT_3D('',#16458,#13174,#13175);
#11337=AXIS2_PLACEMENT_3D('',#16462,#13178,#13179);
#11338=AXIS2_PLACEMENT_3D('',#16467,#13181,#13182);
#11339=AXIS2_PLACEMENT_3D('',#16470,#13184,#13185);
#11340=AXIS2_PLACEMENT_3D('',#16471,#13186,#13187);
#11341=AXIS2_PLACEMENT_3D('',#16497,#13201,#13202);
#11342=AXIS2_PLACEMENT_3D('',#16499,#13204,#13205);
#11343=AXIS2_PLACEMENT_3D('',#16507,#13210,#13211);
#11344=AXIS2_PLACEMENT_3D('',#16513,#13215,#13216);
#11345=AXIS2_PLACEMENT_3D('',#16519,#13220,#13221);
#11346=AXIS2_PLACEMENT_3D('',#16525,#13225,#13226);
#11347=AXIS2_PLACEMENT_3D('',#16530,#13230,#13231);
#11348=AXIS2_PLACEMENT_3D('',#16534,#13234,#13235);
#11349=AXIS2_PLACEMENT_3D('',#16538,#13238,#13239);
#11350=AXIS2_PLACEMENT_3D('',#16543,#13241,#13242);
#11351=AXIS2_PLACEMENT_3D('',#16546,#13244,#13245);
#11352=AXIS2_PLACEMENT_3D('',#16547,#13246,#13247);
#11353=AXIS2_PLACEMENT_3D('',#16573,#13261,#13262);
#11354=AXIS2_PLACEMENT_3D('',#16575,#13264,#13265);
#11355=AXIS2_PLACEMENT_3D('',#16583,#13270,#13271);
#11356=AXIS2_PLACEMENT_3D('',#16589,#13275,#13276);
#11357=AXIS2_PLACEMENT_3D('',#16595,#13280,#13281);
#11358=AXIS2_PLACEMENT_3D('',#16601,#13285,#13286);
#11359=AXIS2_PLACEMENT_3D('',#16606,#13290,#13291);
#11360=AXIS2_PLACEMENT_3D('',#16610,#13294,#13295);
#11361=AXIS2_PLACEMENT_3D('',#16614,#13298,#13299);
#11362=AXIS2_PLACEMENT_3D('',#16620,#13303,#13304);
#11363=AXIS2_PLACEMENT_3D('',#16625,#13308,#13309);
#11364=AXIS2_PLACEMENT_3D('',#16631,#13313,#13314);
#11365=AXIS2_PLACEMENT_3D('',#16636,#13318,#13319);
#11366=AXIS2_PLACEMENT_3D('',#16642,#13323,#13324);
#11367=AXIS2_PLACEMENT_3D('',#16647,#13328,#13329);
#11368=AXIS2_PLACEMENT_3D('',#16653,#13333,#13334);
#11369=AXIS2_PLACEMENT_3D('',#16658,#13338,#13339);
#11370=AXIS2_PLACEMENT_3D('',#16664,#13343,#13344);
#11371=AXIS2_PLACEMENT_3D('',#16669,#13348,#13349);
#11372=AXIS2_PLACEMENT_3D('',#16708,#13369,#13370);
#11373=AXIS2_PLACEMENT_3D('',#16713,#13372,#13373);
#11374=AXIS2_PLACEMENT_3D('',#16716,#13375,#13376);
#11375=AXIS2_PLACEMENT_3D('',#16717,#13377,#13378);
#11376=AXIS2_PLACEMENT_3D('',#16743,#13392,#13393);
#11377=AXIS2_PLACEMENT_3D('',#16745,#13395,#13396);
#11378=AXIS2_PLACEMENT_3D('',#16777,#13415,#13416);
#11379=AXIS2_PLACEMENT_3D('',#16783,#13420,#13421);
#11380=AXIS2_PLACEMENT_3D('',#16837,#13449,#13450);
#11381=AXIS2_PLACEMENT_3D('',#16846,#13455,#13456);
#11382=AXIS2_PLACEMENT_3D('',#16851,#13461,#13462);
#11383=AXIS2_PLACEMENT_3D('',#16857,#13466,#13467);
#11384=AXIS2_PLACEMENT_3D('',#16859,#13469,#13470);
#11385=AXIS2_PLACEMENT_3D('',#16862,#13473,#13474);
#11386=AXIS2_PLACEMENT_3D('',#16867,#13478,#13479);
#11387=AXIS2_PLACEMENT_3D('',#16872,#13483,#13484);
#11388=AXIS2_PLACEMENT_3D('',#16876,#13487,#13488);
#11389=AXIS2_PLACEMENT_3D('',#16880,#13491,#13492);
#11390=AXIS2_PLACEMENT_3D('',#16884,#13495,#13496);
#11391=AXIS2_PLACEMENT_3D('',#16887,#13499,#13500);
#11392=AXIS2_PLACEMENT_3D('',#16888,#13501,#13502);
#11393=AXIS2_PLACEMENT_3D('',#16889,#13503,#13504);
#11394=AXIS2_PLACEMENT_3D('',#16895,#13508,#13509);
#11395=AXIS2_PLACEMENT_3D('',#16901,#13513,#13514);
#11396=AXIS2_PLACEMENT_3D('',#16907,#13518,#13519);
#11397=AXIS2_PLACEMENT_3D('',#16910,#13522,#13523);
#11398=AXIS2_PLACEMENT_3D('',#16916,#13527,#13528);
#11399=AXIS2_PLACEMENT_3D('',#16922,#13532,#13533);
#11400=AXIS2_PLACEMENT_3D('',#16928,#13537,#13538);
#11401=AXIS2_PLACEMENT_3D('',#16934,#13542,#13543);
#11402=AXIS2_PLACEMENT_3D('',#16940,#13547,#13548);
#11403=AXIS2_PLACEMENT_3D('',#16943,#13551,#13552);
#11404=AXIS2_PLACEMENT_3D('',#16944,#13553,#13554);
#11405=AXIS2_PLACEMENT_3D('',#16955,#13561,#13562);
#11406=AXIS2_PLACEMENT_3D('',#16957,#13564,#13565);
#11407=AXIS2_PLACEMENT_3D('',#16958,#13566,#13567);
#11408=AXIS2_PLACEMENT_3D('',#16960,#13569,#13570);
#11409=AXIS2_PLACEMENT_3D('',#16961,#13571,#13572);
#11410=AXIS2_PLACEMENT_3D('',#16963,#13574,#13575);
#11411=AXIS2_PLACEMENT_3D('',#16964,#13576,#13577);
#11412=AXIS2_PLACEMENT_3D('',#16966,#13579,#13580);
#11413=AXIS2_PLACEMENT_3D('',#16967,#13581,#13582);
#11414=AXIS2_PLACEMENT_3D('',#16969,#13584,#13585);
#11415=AXIS2_PLACEMENT_3D('',#16970,#13586,#13587);
#11416=AXIS2_PLACEMENT_3D('',#16972,#13589,#13590);
#11417=AXIS2_PLACEMENT_3D('',#16973,#13591,#13592);
#11418=AXIS2_PLACEMENT_3D('',#16978,#13596,#13597);
#11419=AXIS2_PLACEMENT_3D('',#16980,#13599,#13600);
#11420=AXIS2_PLACEMENT_3D('',#16984,#13603,#13604);
#11421=AXIS2_PLACEMENT_3D('',#16986,#13606,#13607);
#11422=AXIS2_PLACEMENT_3D('',#16991,#13611,#13612);
#11423=AXIS2_PLACEMENT_3D('',#16993,#13614,#13615);
#11424=AXIS2_PLACEMENT_3D('',#16997,#13618,#13619);
#11425=AXIS2_PLACEMENT_3D('',#16999,#13621,#13622);
#11426=AXIS2_PLACEMENT_3D('',#17004,#13626,#13627);
#11427=AXIS2_PLACEMENT_3D('',#17006,#13629,#13630);
#11428=AXIS2_PLACEMENT_3D('',#17010,#13633,#13634);
#11429=AXIS2_PLACEMENT_3D('',#17012,#13636,#13637);
#11430=AXIS2_PLACEMENT_3D('',#17017,#13641,#13642);
#11431=AXIS2_PLACEMENT_3D('',#17019,#13644,#13645);
#11432=AXIS2_PLACEMENT_3D('',#17023,#13648,#13649);
#11433=AXIS2_PLACEMENT_3D('',#17025,#13651,#13652);
#11434=AXIS2_PLACEMENT_3D('',#17028,#13655,#13656);
#11435=AXIS2_PLACEMENT_3D('',#17029,#13657,#13658);
#11436=AXIS2_PLACEMENT_3D('',#17031,#13660,#13661);
#11437=AXIS2_PLACEMENT_3D('',#17035,#13664,#13665);
#11438=AXIS2_PLACEMENT_3D('',#17037,#13667,#13668);
#11439=AXIS2_PLACEMENT_3D('',#17043,#13672,#13673);
#11440=AXIS2_PLACEMENT_3D('',#17047,#13676,#13677);
#11441=AXIS2_PLACEMENT_3D('',#17049,#13679,#13680);
#11442=AXIS2_PLACEMENT_3D('',#17053,#13683,#13684);
#11443=AXIS2_PLACEMENT_3D('',#17062,#13690,#13691);
#11444=AXIS2_PLACEMENT_3D('',#17064,#13693,#13694);
#11445=AXIS2_PLACEMENT_3D('',#17065,#13695,#13696);
#11446=AXIS2_PLACEMENT_3D('',#17067,#13698,#13699);
#11447=AXIS2_PLACEMENT_3D('',#17069,#13701,#13702);
#11448=AXIS2_PLACEMENT_3D('',#17070,#13703,#13704);
#11449=AXIS2_PLACEMENT_3D('',#17071,#13705,#13706);
#11450=AXIS2_PLACEMENT_3D('',#17073,#13707,#13708);
#11451=AXIS2_PLACEMENT_3D('',#17074,#13709,#13710);
#11452=AXIS2_PLACEMENT_3D('',#17076,#13711,#13712);
#11453=AXIS2_PLACEMENT_3D('',#17078,#13714,#13715);
#11454=AXIS2_PLACEMENT_3D('',#17079,#13716,#13717);
#11455=AXIS2_PLACEMENT_3D('',#17080,#13718,#13719);
#11456=AXIS2_PLACEMENT_3D('',#17082,#13720,#13721);
#11457=AXIS2_PLACEMENT_3D('',#17083,#13722,#13723);
#11458=AXIS2_PLACEMENT_3D('',#17085,#13724,#13725);
#11459=AXIS2_PLACEMENT_3D('',#17087,#13727,#13728);
#11460=AXIS2_PLACEMENT_3D('',#17088,#13729,#13730);
#11461=AXIS2_PLACEMENT_3D('',#17089,#13731,#13732);
#11462=AXIS2_PLACEMENT_3D('',#17090,#13733,#13734);
#11463=AXIS2_PLACEMENT_3D('',#17091,#13735,#13736);
#11464=AXIS2_PLACEMENT_3D('',#17092,#13737,#13738);
#11465=AXIS2_PLACEMENT_3D('',#17093,#13739,#13740);
#11466=AXIS2_PLACEMENT_3D('',#17094,#13741,#13742);
#11467=AXIS2_PLACEMENT_3D('',#17095,#13743,#13744);
#11468=AXIS2_PLACEMENT_3D('',#17096,#13745,#13746);
#11469=AXIS2_PLACEMENT_3D('',#17097,#13747,#13748);
#11470=AXIS2_PLACEMENT_3D('',#17098,#13749,#13750);
#11471=AXIS2_PLACEMENT_3D('',#17099,#13751,#13752);
#11472=AXIS2_PLACEMENT_3D('',#17108,#13757,#13758);
#11473=AXIS2_PLACEMENT_3D('',#17114,#13762,#13763);
#11474=AXIS2_PLACEMENT_3D('',#17120,#13767,#13768);
#11475=AXIS2_PLACEMENT_3D('',#17123,#13771,#13772);
#11476=AXIS2_PLACEMENT_3D('',#17124,#13773,#13774);
#11477=AXIS2_PLACEMENT_3D('',#17214,#13819,#13820);
#11478=AXIS2_PLACEMENT_3D('',#17215,#13821,#13822);
#11479=AXIS2_PLACEMENT_3D('',#17224,#13827,#13828);
#11480=AXIS2_PLACEMENT_3D('',#17230,#13832,#13833);
#11481=AXIS2_PLACEMENT_3D('',#17232,#13834,#13835);
#11482=AXIS2_PLACEMENT_3D('',#17235,#13837,#13838);
#11483=AXIS2_PLACEMENT_3D('',#17236,#13839,#13840);
#11484=AXIS2_PLACEMENT_3D('',#17238,#13841,#13842);
#11485=AXIS2_PLACEMENT_3D('',#17241,#13844,#13845);
#11486=AXIS2_PLACEMENT_3D('',#17242,#13846,#13847);
#11487=AXIS2_PLACEMENT_3D('',#17244,#13848,#13849);
#11488=AXIS2_PLACEMENT_3D('',#17247,#13851,#13852);
#11489=AXIS2_PLACEMENT_3D('',#17248,#13853,#13854);
#11490=AXIS2_PLACEMENT_3D('',#17250,#13855,#13856);
#11491=AXIS2_PLACEMENT_3D('',#17253,#13858,#13859);
#11492=AXIS2_PLACEMENT_3D('',#17254,#13860,#13861);
#11493=AXIS2_PLACEMENT_3D('',#17256,#13862,#13863);
#11494=AXIS2_PLACEMENT_3D('',#17259,#13865,#13866);
#11495=AXIS2_PLACEMENT_3D('',#17260,#13867,#13868);
#11496=AXIS2_PLACEMENT_3D('',#17261,#13869,#13870);
#11497=AXIS2_PLACEMENT_3D('',#17263,#13871,#13872);
#11498=AXIS2_PLACEMENT_3D('',#17266,#13874,#13875);
#11499=AXIS2_PLACEMENT_3D('',#17267,#13876,#13877);
#11500=AXIS2_PLACEMENT_3D('',#17268,#13878,#13879);
#11501=AXIS2_PLACEMENT_3D('',#17274,#13883,#13884);
#11502=AXIS2_PLACEMENT_3D('',#17280,#13888,#13889);
#11503=AXIS2_PLACEMENT_3D('',#17286,#13893,#13894);
#11504=AXIS2_PLACEMENT_3D('',#17292,#13898,#13899);
#11505=AXIS2_PLACEMENT_3D('',#17298,#13903,#13904);
#11506=AXIS2_PLACEMENT_3D('',#17304,#13908,#13909);
#11507=AXIS2_PLACEMENT_3D('',#17310,#13913,#13914);
#11508=AXIS2_PLACEMENT_3D('',#17316,#13918,#13919);
#11509=AXIS2_PLACEMENT_3D('',#17322,#13923,#13924);
#11510=AXIS2_PLACEMENT_3D('',#17328,#13928,#13929);
#11511=AXIS2_PLACEMENT_3D('',#17334,#13933,#13934);
#11512=AXIS2_PLACEMENT_3D('',#17340,#13938,#13939);
#11513=AXIS2_PLACEMENT_3D('',#17346,#13943,#13944);
#11514=AXIS2_PLACEMENT_3D('',#17352,#13948,#13949);
#11515=AXIS2_PLACEMENT_3D('',#17358,#13953,#13954);
#11516=AXIS2_PLACEMENT_3D('',#17364,#13958,#13959);
#11517=AXIS2_PLACEMENT_3D('',#17370,#13963,#13964);
#11518=AXIS2_PLACEMENT_3D('',#17376,#13968,#13969);
#11519=AXIS2_PLACEMENT_3D('',#17382,#13973,#13974);
#11520=AXIS2_PLACEMENT_3D('',#17388,#13978,#13979);
#11521=AXIS2_PLACEMENT_3D('',#17394,#13983,#13984);
#11522=AXIS2_PLACEMENT_3D('',#17400,#13988,#13989);
#11523=AXIS2_PLACEMENT_3D('',#17406,#13993,#13994);
#11524=AXIS2_PLACEMENT_3D('',#17412,#13998,#13999);
#11525=AXIS2_PLACEMENT_3D('',#17418,#14003,#14004);
#11526=AXIS2_PLACEMENT_3D('',#17424,#14008,#14009);
#11527=AXIS2_PLACEMENT_3D('',#17430,#14013,#14014);
#11528=AXIS2_PLACEMENT_3D('',#17436,#14018,#14019);
#11529=AXIS2_PLACEMENT_3D('',#17442,#14023,#14024);
#11530=AXIS2_PLACEMENT_3D('',#17445,#14027,#14028);
#11531=AXIS2_PLACEMENT_3D('',#17448,#14031,#14032);
#11532=AXIS2_PLACEMENT_3D('',#17451,#14035,#14036);
#11533=AXIS2_PLACEMENT_3D('',#17454,#14039,#14040);
#11534=AXIS2_PLACEMENT_3D('',#17457,#14043,#14044);
#11535=AXIS2_PLACEMENT_3D('',#17460,#14047,#14048);
#11536=AXIS2_PLACEMENT_3D('',#17463,#14051,#14052);
#11537=AXIS2_PLACEMENT_3D('',#17467,#14055,#14056);
#11538=AXIS2_PLACEMENT_3D('',#17471,#14059,#14060);
#11539=AXIS2_PLACEMENT_3D('',#17473,#14062,#14063);
#11540=AXIS2_PLACEMENT_3D('',#17475,#14065,#14066);
#11541=AXIS2_PLACEMENT_3D('',#17477,#14068,#14069);
#11542=AXIS2_PLACEMENT_3D('',#17479,#14071,#14072);
#11543=AXIS2_PLACEMENT_3D('',#17481,#14074,#14075);
#11544=AXIS2_PLACEMENT_3D('',#17483,#14077,#14078);
#11545=AXIS2_PLACEMENT_3D('',#17485,#14080,#14081);
#11546=AXIS2_PLACEMENT_3D('',#17487,#14083,#14084);
#11547=AXIS2_PLACEMENT_3D('',#17488,#14085,#14086);
#11548=AXIS2_PLACEMENT_3D('',#17489,#14087,#14088);
#11549=AXIS2_PLACEMENT_3D('',#17490,#14089,#14090);
#11550=AXIS2_PLACEMENT_3D('',#17491,#14091,#14092);
#11551=AXIS2_PLACEMENT_3D('',#17492,#14093,#14094);
#11552=AXIS2_PLACEMENT_3D('',#17493,#14095,#14096);
#11553=AXIS2_PLACEMENT_3D('',#17494,#14097,#14098);
#11554=AXIS2_PLACEMENT_3D('',#17496,#14100,#14101);
#11555=AXIS2_PLACEMENT_3D('',#17504,#14106,#14107);
#11556=AXIS2_PLACEMENT_3D('',#17506,#14109,#14110);
#11557=AXIS2_PLACEMENT_3D('',#17508,#14112,#14113);
#11558=AXIS2_PLACEMENT_3D('',#17510,#14115,#14116);
#11559=AXIS2_PLACEMENT_3D('',#17514,#14119,#14120);
#11560=AXIS2_PLACEMENT_3D('',#17516,#14122,#14123);
#11561=AXIS2_PLACEMENT_3D('',#17520,#14126,#14127);
#11562=AXIS2_PLACEMENT_3D('',#17522,#14129,#14130);
#11563=AXIS2_PLACEMENT_3D('',#17526,#14133,#14134);
#11564=AXIS2_PLACEMENT_3D('',#17527,#14135,#14136);
#11565=AXIS2_PLACEMENT_3D('',#17528,#14137,#14138);
#11566=AXIS2_PLACEMENT_3D('',#17529,#14139,#14140);
#11567=AXIS2_PLACEMENT_3D('',#17530,#14141,#14142);
#11568=AXIS2_PLACEMENT_3D('',#17543,#14149,#14150);
#11569=AXIS2_PLACEMENT_3D('',#17545,#14151,#14152);
#11570=AXIS2_PLACEMENT_3D('',#17547,#14154,#14155);
#11571=AXIS2_PLACEMENT_3D('',#17555,#14160,#14161);
#11572=AXIS2_PLACEMENT_3D('',#17557,#14162,#14163);
#11573=AXIS2_PLACEMENT_3D('',#17558,#14164,#14165);
#11574=AXIS2_PLACEMENT_3D('',#17560,#14167,#14168);
#11575=AXIS2_PLACEMENT_3D('',#17561,#14169,#14170);
#11576=AXIS2_PLACEMENT_3D('',#17564,#14171,#14172);
#11577=AXIS2_PLACEMENT_3D('',#17566,#14173,#14174);
#11578=AXIS2_PLACEMENT_3D('',#17570,#14176,#14177);
#11579=AXIS2_PLACEMENT_3D('',#17572,#14178,#14179);
#11580=AXIS2_PLACEMENT_3D('',#17575,#14181,#14182);
#11581=AXIS2_PLACEMENT_3D('',#17577,#14184,#14185);
#11582=AXIS2_PLACEMENT_3D('',#17579,#14186,#14187);
#11583=AXIS2_PLACEMENT_3D('',#17581,#14189,#14190);
#11584=AXIS2_PLACEMENT_3D('',#17582,#14191,#14192);
#11585=AXIS2_PLACEMENT_3D('',#17583,#14193,#14194);
#11586=AXIS2_PLACEMENT_3D('',#17589,#14198,#14199);
#11587=AXIS2_PLACEMENT_3D('',#17592,#14202,#14203);
#11588=AXIS2_PLACEMENT_3D('',#17598,#14207,#14208);
#11589=AXIS2_PLACEMENT_3D('',#17603,#14212,#14213);
#11590=AXIS2_PLACEMENT_3D('',#17604,#14214,#14215);
#11591=AXIS2_PLACEMENT_3D('',#17608,#14218,#14219);
#11592=AXIS2_PLACEMENT_3D('',#17616,#14224,#14225);
#11593=AXIS2_PLACEMENT_3D('',#17620,#14229,#14230);
#11594=AXIS2_PLACEMENT_3D('',#17622,#14231,#14232);
#11595=AXIS2_PLACEMENT_3D('',#17624,#14233,#14234);
#11596=AXIS2_PLACEMENT_3D('',#17625,#14235,#14236);
#11597=AXIS2_PLACEMENT_3D('',#17626,#14237,#14238);
#11598=AXIS2_PLACEMENT_3D('',#17627,#14239,#14240);
#11599=AXIS2_PLACEMENT_3D('',#17629,#14241,#14242);
#11600=AXIS2_PLACEMENT_3D('',#17632,#14244,#14245);
#11601=AXIS2_PLACEMENT_3D('',#17633,#14246,#14247);
#11602=AXIS2_PLACEMENT_3D('',#17635,#14249,#14250);
#11603=AXIS2_PLACEMENT_3D('',#17636,#14251,#14252);
#11604=AXIS2_PLACEMENT_3D('',#17637,#14253,#14254);
#11605=AXIS2_PLACEMENT_3D('',#17639,#14255,#14256);
#11606=AXIS2_PLACEMENT_3D('',#17641,#14258,#14259);
#11607=AXIS2_PLACEMENT_3D('',#17642,#14260,#14261);
#11608=AXIS2_PLACEMENT_3D('',#17644,#14262,#14263);
#11609=AXIS2_PLACEMENT_3D('',#17646,#14265,#14266);
#11610=AXIS2_PLACEMENT_3D('',#17647,#14267,#14268);
#11611=AXIS2_PLACEMENT_3D('',#17648,#14269,#14270);
#11612=AXIS2_PLACEMENT_3D('',#17650,#14272,#14273);
#11613=AXIS2_PLACEMENT_3D('',#17652,#14275,#14276);
#11614=AXIS2_PLACEMENT_3D('',#17653,#14277,#14278);
#11615=AXIS2_PLACEMENT_3D('',#17654,#14279,#14280);
#11616=AXIS2_PLACEMENT_3D('',#17655,#14281,#14282);
#11617=AXIS2_PLACEMENT_3D('',#17656,#14283,#14284);
#11618=AXIS2_PLACEMENT_3D('',#17657,#14285,#14286);
#11619=AXIS2_PLACEMENT_3D('',#17686,#14291,#14292);
#11620=AXIS2_PLACEMENT_3D('',#17715,#14297,#14298);
#11621=AXIS2_PLACEMENT_3D('',#17744,#14303,#14304);
#11622=AXIS2_PLACEMENT_3D('',#17773,#14309,#14310);
#11623=AXIS2_PLACEMENT_3D('',#17810,#14311,#14312);
#11624=AXIS2_PLACEMENT_3D('',#17847,#14313,#14314);
#11625=AXIS2_PLACEMENT_3D('',#17872,#14319,#14320);
#11626=AXIS2_PLACEMENT_3D('',#17897,#14325,#14326);
#11627=AXIS2_PLACEMENT_3D('',#17922,#14331,#14332);
#11628=AXIS2_PLACEMENT_3D('',#17962,#14333,#14334);
#11629=AXIS2_PLACEMENT_3D('',#17987,#14339,#14340);
#11630=AXIS2_PLACEMENT_3D('',#18027,#14341,#14342);
#11631=AXIS2_PLACEMENT_3D('',#18028,#14343,#14344);
#11632=AXIS2_PLACEMENT_3D('',#18030,#14345,#14346);
#11633=AXIS2_PLACEMENT_3D('',#18031,#14347,#14348);
#11634=AXIS2_PLACEMENT_3D('',#18032,#14349,#14350);
#11635=AXIS2_PLACEMENT_3D('',#18034,#14351,#14352);
#11636=AXIS2_PLACEMENT_3D('',#18035,#14353,#14354);
#11637=AXIS2_PLACEMENT_3D('',#18036,#14355,#14356);
#11638=AXIS2_PLACEMENT_3D('',#18039,#14358,#14359);
#11639=AXIS2_PLACEMENT_3D('',#18040,#14360,#14361);
#11640=AXIS2_PLACEMENT_3D('',#18041,#14362,#14363);
#11641=AXIS2_PLACEMENT_3D('',#18042,#14364,#14365);
#11642=AXIS2_PLACEMENT_3D('',#18043,#14366,#14367);
#11643=AXIS2_PLACEMENT_3D('',#18044,#14368,#14369);
#11644=AXIS2_PLACEMENT_3D('',#18045,#14370,#14371);
#11645=AXIS2_PLACEMENT_3D('',#18046,#14372,#14373);
#11646=AXIS2_PLACEMENT_3D('',#18047,#14374,#14375);
#11647=AXIS2_PLACEMENT_3D('',#18048,#14376,#14377);
#11648=AXIS2_PLACEMENT_3D('',#18049,#14378,#14379);
#11649=AXIS2_PLACEMENT_3D('',#18050,#14380,#14381);
#11650=AXIS2_PLACEMENT_3D('',#18051,#14382,#14383);
#11651=AXIS2_PLACEMENT_3D('',#18052,#14384,#14385);
#11652=AXIS2_PLACEMENT_3D('',#18053,#14386,#14387);
#11653=AXIS2_PLACEMENT_3D('',#18055,#14388,#14389);
#11654=AXIS2_PLACEMENT_3D('',#18057,#14390,#14391);
#11655=AXIS2_PLACEMENT_3D('',#18058,#14392,#14393);
#11656=AXIS2_PLACEMENT_3D('',#18059,#14394,#14395);
#11657=AXIS2_PLACEMENT_3D('',#18061,#14397,#14398);
#11658=AXIS2_PLACEMENT_3D('',#18062,#14399,#14400);
#11659=AXIS2_PLACEMENT_3D('',#18063,#14401,#14402);
#11660=AXIS2_PLACEMENT_3D('',#18064,#14403,#14404);
#11661=AXIS2_PLACEMENT_3D('',#18065,#14405,#14406);
#11662=AXIS2_PLACEMENT_3D('',#18066,#14407,#14408);
#11663=AXIS2_PLACEMENT_3D('',#18068,#14409,#14410);
#11664=AXIS2_PLACEMENT_3D('',#18069,#14411,#14412);
#11665=AXIS2_PLACEMENT_3D('',#18071,#14414,#14415);
#11666=AXIS2_PLACEMENT_3D('',#18072,#14416,#14417);
#11667=AXIS2_PLACEMENT_3D('',#18074,#14418,#14419);
#11668=AXIS2_PLACEMENT_3D('',#18076,#14420,#14421);
#11669=AXIS2_PLACEMENT_3D('',#18078,#14422,#14423);
#11670=AXIS2_PLACEMENT_3D('',#18079,#14424,#14425);
#11671=AXIS2_PLACEMENT_3D('',#18080,#14426,#14427);
#11672=AXIS2_PLACEMENT_3D('',#18083,#14428,#14429);
#11673=AXIS2_PLACEMENT_3D('',#18084,#14430,#14431);
#11674=AXIS2_PLACEMENT_3D('',#18086,#14433,#14434);
#11675=AXIS2_PLACEMENT_3D('',#18088,#14435,#14436);
#11676=AXIS2_PLACEMENT_3D('',#18089,#14437,#14438);
#11677=AXIS2_PLACEMENT_3D('',#18091,#14439,#14440);
#11678=AXIS2_PLACEMENT_3D('',#18093,#14442,#14443);
#11679=AXIS2_PLACEMENT_3D('',#18094,#14444,#14445);
#11680=AXIS2_PLACEMENT_3D('',#18097,#14446,#14447);
#11681=AXIS2_PLACEMENT_3D('',#18098,#14448,#14449);
#11682=AXIS2_PLACEMENT_3D('',#18100,#14450,#14451);
#11683=AXIS2_PLACEMENT_3D('',#18101,#14452,#14453);
#11684=AXIS2_PLACEMENT_3D('',#18102,#14454,#14455);
#11685=AXIS2_PLACEMENT_3D('',#18115,#14462,#14463);
#11686=AXIS2_PLACEMENT_3D('',#18117,#14465,#14466);
#11687=AXIS2_PLACEMENT_3D('',#18125,#14469,#14470);
#11688=AXIS2_PLACEMENT_3D('',#18131,#14472,#14473);
#11689=AXIS2_PLACEMENT_3D('',#18137,#14475,#14476);
#11690=AXIS2_PLACEMENT_3D('',#18143,#14478,#14479);
#11691=AXIS2_PLACEMENT_3D('',#18153,#14481,#14482);
#11692=AXIS2_PLACEMENT_3D('',#18157,#14483,#14484);
#11693=AXIS2_PLACEMENT_3D('',#18160,#14486,#14487);
#11694=AXIS2_PLACEMENT_3D('',#18161,#14488,#14489);
#11695=AXIS2_PLACEMENT_3D('',#18162,#14490,#14491);
#11696=AXIS2_PLACEMENT_3D('',#18163,#14492,#14493);
#11697=AXIS2_PLACEMENT_3D('',#18164,#14494,#14495);
#11698=AXIS2_PLACEMENT_3D('',#18165,#14496,#14497);
#11699=AXIS2_PLACEMENT_3D('',#18166,#14498,#14499);
#11700=AXIS2_PLACEMENT_3D('',#18167,#14500,#14501);
#11701=AXIS2_PLACEMENT_3D('',#18168,#14502,#14503);
#11702=AXIS2_PLACEMENT_3D('',#18169,#14504,#14505);
#11703=AXIS2_PLACEMENT_3D('',#18170,#14506,#14507);
#11704=AXIS2_PLACEMENT_3D('',#18171,#14508,#14509);
#11705=AXIS2_PLACEMENT_3D('',#18172,#14510,#14511);
#11706=AXIS2_PLACEMENT_3D('',#18173,#14512,#14513);
#11707=AXIS2_PLACEMENT_3D('',#18174,#14514,#14515);
#11708=AXIS2_PLACEMENT_3D('',#18175,#14516,#14517);
#11709=AXIS2_PLACEMENT_3D('',#18176,#14518,#14519);
#11710=DIRECTION('axis',(0.,0.,1.));
#11711=DIRECTION('refdir',(1.,0.,0.));
#11712=DIRECTION('axis',(0.,0.,1.));
#11713=DIRECTION('refdir',(1.,0.,0.));
#11714=DIRECTION('',(-3.54326497220795E-16,1.,0.));
#11715=DIRECTION('',(-3.54326497220795E-16,1.,0.));
#11716=DIRECTION('',(-3.54326497220795E-16,1.,0.));
#11717=DIRECTION('',(-3.54326497220795E-16,1.,0.));
#11718=DIRECTION('center_axis',(3.54326497220795E-16,-1.,0.));
#11719=DIRECTION('ref_axis',(1.,3.54326497220795E-16,0.));
#11720=DIRECTION('',(-3.54326497220795E-16,1.,0.));
#11721=DIRECTION('',(-3.54326497220795E-16,1.,0.));
#11722=DIRECTION('',(-3.54326497220795E-16,1.,0.));
#11723=DIRECTION('',(-3.54326497220795E-16,1.,0.));
#11724=DIRECTION('center_axis',(3.54326497220795E-16,-1.,0.));
#11725=DIRECTION('ref_axis',(1.,3.54326497220795E-16,0.));
#11726=DIRECTION('',(-0.665614846958404,0.,0.746295434468509));
#11727=DIRECTION('',(0.384090847092773,0.,0.92329530551149));
#11728=DIRECTION('',(-0.98549777323721,0.,0.169688358305752));
#11729=DIRECTION('',(0.665206042148503,0.,-0.746659843227908));
#11730=DIRECTION('',(0.,0.,-1.));
#11731=DIRECTION('',(-1.,0.,0.));
#11732=DIRECTION('',(0.,0.,1.));
#11733=DIRECTION('',(1.,0.,0.));
#11734=DIRECTION('center_axis',(0.746295434468509,2.64432247187098E-16,
0.665614846958404));
#11735=DIRECTION('ref_axis',(0.665614846958404,0.,-0.746295434468509));
#11736=DIRECTION('',(-3.54326497220795E-16,1.,0.));
#11737=DIRECTION('',(0.665614846958404,2.35844977220926E-16,-0.746295434468509));
#11738=DIRECTION('',(-3.54326497220795E-16,1.,0.));
#11739=DIRECTION('center_axis',(0.92329530551149,3.2714799150229E-16,-0.384090847092774));
#11740=DIRECTION('ref_axis',(-0.384090847092773,0.,-0.92329530551149));
#11741=DIRECTION('',(-0.384090847092773,-1.3609356446495E-16,-0.92329530551149));
#11742=DIRECTION('',(-3.54326497220795E-16,1.,0.));
#11743=DIRECTION('',(-3.54326497220795E-16,1.,0.));
#11744=DIRECTION('',(-3.54326497220795E-16,1.,0.));
#11745=DIRECTION('',(-3.54326497220795E-16,1.,0.));
#11746=DIRECTION('',(-3.54326497220795E-16,1.,0.));
#11747=DIRECTION('center_axis',(0.169688358305752,6.01250816176244E-17,
0.98549777323721));
#11748=DIRECTION('ref_axis',(0.98549777323721,0.,-0.169688358305752));
#11749=DIRECTION('',(0.98549777323721,3.49187974010033E-16,-0.169688358305752));
#11750=DIRECTION('',(-3.54326497220795E-16,1.,0.));
#11751=DIRECTION('',(-3.54326497220795E-16,1.,0.));
#11752=DIRECTION('',(-3.54326497220795E-16,1.,0.));
#11753=DIRECTION('',(-3.54326497220795E-16,1.,0.));
#11754=DIRECTION('center_axis',(-0.746659843227908,-2.64561366866372E-16,
-0.665206042148503));
#11755=DIRECTION('ref_axis',(-0.665206042148503,0.,0.746659843227908));
#11756=DIRECTION('',(-0.665206042148503,-2.35700126844587E-16,0.746659843227908));
#11757=DIRECTION('',(-3.54326497220795E-16,1.,0.));
#11758=DIRECTION('center_axis',(-1.,-3.54326497220795E-16,0.));
#11759=DIRECTION('ref_axis',(0.,0.,1.));
#11760=DIRECTION('',(0.,0.,1.));
#11761=DIRECTION('',(-3.54326497220795E-16,1.,0.));
#11762=DIRECTION('center_axis',(0.,0.,1.));
#11763=DIRECTION('ref_axis',(1.,0.,0.));
#11764=DIRECTION('',(1.,3.54326497220795E-16,0.));
#11765=DIRECTION('',(-3.54326497220795E-16,1.,0.));
#11766=DIRECTION('center_axis',(1.,3.54326497220795E-16,0.));
#11767=DIRECTION('ref_axis',(0.,0.,-1.));
#11768=DIRECTION('',(0.,0.,-1.));
#11769=DIRECTION('',(-3.54326497220795E-16,1.,0.));
#11770=DIRECTION('center_axis',(0.,0.,-1.));
#11771=DIRECTION('ref_axis',(-1.,0.,0.));
#11772=DIRECTION('',(-1.,-3.54326497220795E-16,0.));
#11773=DIRECTION('',(-3.54326497220795E-16,1.,0.));
#11774=DIRECTION('',(-3.54326497220795E-16,1.,0.));
#11775=DIRECTION('',(-3.54326497220795E-16,1.,0.));
#11776=DIRECTION('',(-3.54326497220795E-16,1.,0.));
#11777=DIRECTION('center_axis',(3.54326497220795E-16,-1.,0.));
#11778=DIRECTION('ref_axis',(1.,3.54326497220795E-16,0.));
#11779=DIRECTION('',(-3.54326497220795E-16,1.,0.));
#11780=DIRECTION('',(-3.54326497220795E-16,1.,0.));
#11781=DIRECTION('',(-3.54326497220795E-16,1.,0.));
#11782=DIRECTION('',(-3.54326497220795E-16,1.,0.));
#11783=DIRECTION('center_axis',(3.54326497220795E-16,-1.,0.));
#11784=DIRECTION('ref_axis',(1.,3.54326497220795E-16,0.));
#11785=DIRECTION('',(1.,0.,0.));
#11786=DIRECTION('',(0.,0.,-1.));
#11787=DIRECTION('',(-1.,0.,0.));
#11788=DIRECTION('',(-0.794240095173163,0.,0.607604041477116));
#11789=DIRECTION('',(0.,0.,1.));
#11790=DIRECTION('',(0.791184991219867,0.,-0.611576904132603));
#11791=DIRECTION('',(0.,0.,1.));
#11792=DIRECTION('center_axis',(0.,0.,-1.));
#11793=DIRECTION('ref_axis',(-1.,0.,0.));
#11794=DIRECTION('',(-3.54326497220795E-16,1.,0.));
#11795=DIRECTION('',(-1.,-3.54326497220795E-16,0.));
#11796=DIRECTION('',(-3.54326497220795E-16,1.,0.));
#11797=DIRECTION('center_axis',(-1.,-3.54326497220795E-16,0.));
#11798=DIRECTION('ref_axis',(0.,0.,1.));
#11799=DIRECTION('',(0.,0.,1.));
#11800=DIRECTION('',(-3.54326497220795E-16,1.,0.));
#11801=DIRECTION('center_axis',(0.,0.,1.));
#11802=DIRECTION('ref_axis',(1.,0.,0.));
#11803=DIRECTION('',(1.,3.54326497220795E-16,0.));
#11804=DIRECTION('',(-3.54326497220795E-16,1.,0.));
#11805=DIRECTION('center_axis',(0.607604041477116,2.15290211713785E-16,
0.794240095173163));
#11806=DIRECTION('ref_axis',(0.794240095173163,0.,-0.607604041477116));
#11807=DIRECTION('',(0.794240095173163,2.81420310875017E-16,-0.607604041477116));
#11808=DIRECTION('',(-3.54326497220795E-16,1.,0.));
#11809=DIRECTION('center_axis',(1.,3.54326497220795E-16,0.));
#11810=DIRECTION('ref_axis',(0.,0.,-1.));
#11811=DIRECTION('',(0.,0.,-1.));
#11812=DIRECTION('',(-3.54326497220795E-16,1.,0.));
#11813=DIRECTION('center_axis',(-0.611576904132603,-2.16697902222443E-16,
-0.791184991219867));
#11814=DIRECTION('ref_axis',(-0.791184991219867,0.,0.611576904132603));
#11815=DIRECTION('',(-0.791184991219867,-2.80337806592601E-16,0.611576904132603));
#11816=DIRECTION('',(-3.54326497220795E-16,1.,0.));
#11817=DIRECTION('center_axis',(1.,3.54326497220795E-16,0.));
#11818=DIRECTION('ref_axis',(0.,0.,-1.));
#11819=DIRECTION('',(0.,0.,-1.));
#11820=DIRECTION('center_axis',(3.54326497220795E-16,-1.,0.));
#11821=DIRECTION('ref_axis',(1.,3.54326497220795E-16,0.));
#11822=DIRECTION('',(0.0697564737441253,2.47165670002303E-17,-0.997564050259824));
#11823=DIRECTION('center_axis',(-3.54326497220795E-16,1.,0.));
#11824=DIRECTION('ref_axis',(0.681998360062493,0.,0.731353701619175));
#11825=DIRECTION('',(-1.,-3.54326497220795E-16,0.));
#11826=DIRECTION('center_axis',(-3.54326497220795E-16,1.,0.));
#11827=DIRECTION('ref_axis',(-0.681998360062499,0.,0.73135370161917));
#11828=DIRECTION('',(0.0697564737441253,2.47165670002303E-17,0.997564050259824));
#11829=DIRECTION('center_axis',(3.54326497220795E-16,-1.,0.));
#11830=DIRECTION('ref_axis',(0.73135370161917,0.,0.6819983600625));
#11831=DIRECTION('',(-1.,-3.54326497220795E-16,0.));
#11832=DIRECTION('center_axis',(3.54326497220795E-16,-1.,0.));
#11833=DIRECTION('ref_axis',(-0.731353701619173,0.,0.681998360062496));
#11834=DIRECTION('center_axis',(3.54326497220795E-16,-1.,0.));
#11835=DIRECTION('ref_axis',(1.,3.54326497220795E-16,0.));
#11836=DIRECTION('center_axis',(-0.707106781186548,-0.707106781186548,0.));
#11837=DIRECTION('ref_axis',(0.,0.,1.));
#11838=DIRECTION('',(0.706889734611781,-0.70689183190721,0.0247151994399391));
#11839=DIRECTION('',(0.,0.,-1.));
#11840=DIRECTION('',(0.707106781186548,-0.707106781186548,-3.92523114670952E-15));
#11841=DIRECTION('',(0.,0.,1.));
#11842=DIRECTION('center_axis',(0.,-1.,0.));
#11843=DIRECTION('ref_axis',(0.707106781186553,3.94099512721834E-17,-0.707106781186542));
#11844=DIRECTION('center_axis',(-8.91745401305347E-17,1.,0.));
#11845=DIRECTION('ref_axis',(0.707106781186553,0.,-0.707106781186542));
#11846=DIRECTION('',(0.,-0.707106781186394,-0.707106781186701));
#11847=DIRECTION('center_axis',(8.91745401305347E-17,-1.,0.));
#11848=DIRECTION('ref_axis',(0.707106781186553,6.30559220354934E-17,-0.707106781186542));
#11849=DIRECTION('center_axis',(2.02310242096138E-16,-0.707106781186548,
0.707106781186548));
#11850=DIRECTION('ref_axis',(1.,0.,-2.86109888179343E-16));
#11851=DIRECTION('',(3.92523114670943E-15,-0.707106781186548,-0.707106781186548));
#11852=DIRECTION('',(1.,8.91745401305347E-17,-1.96935348048808E-16));
#11853=DIRECTION('',(-1.,-8.91745401305347E-17,1.96935348048808E-16));
#11854=DIRECTION('center_axis',(0.,1.,0.));
#11855=DIRECTION('ref_axis',(-0.70710678118655,-1.57639805088733E-17,0.707106781186545));
#11856=DIRECTION('center_axis',(8.91745401305347E-17,-1.,0.));
#11857=DIRECTION('ref_axis',(-0.70710678118655,0.,0.707106781186545));
#11858=DIRECTION('',(0.707106781186548,-0.707106781186548,0.));
#11859=DIRECTION('center_axis',(-8.91745401305347E-17,1.,0.));
#11860=DIRECTION('ref_axis',(-0.70710678118655,-6.30559220354932E-17,0.707106781186545));
#11861=DIRECTION('center_axis',(-0.70710678118654,-0.707106781186555,0.));
#11862=DIRECTION('ref_axis',(0.,0.,1.));
#11863=DIRECTION('',(0.707106781186555,-0.70710678118654,0.));
#11864=DIRECTION('',(0.,0.,1.));
#11865=DIRECTION('',(0.,0.,-1.));
#11866=DIRECTION('center_axis',(0.,-1.,0.));
#11867=DIRECTION('ref_axis',(0.707106781186545,3.9409951272183E-17,-0.70710678118655));
#11868=DIRECTION('center_axis',(-8.91745401305347E-17,1.,0.));
#11869=DIRECTION('ref_axis',(0.707106781186545,0.,-0.70710678118655));
#11870=DIRECTION('',(0.,-0.707106781186548,-0.707106781186548));
#11871=DIRECTION('center_axis',(8.91745401305347E-17,-1.,0.));
#11872=DIRECTION('ref_axis',(0.707106781186545,6.30559220354927E-17,-0.70710678118655));
#11873=DIRECTION('center_axis',(2.02310242096137E-16,-0.707106781186555,
0.70710678118654));
#11874=DIRECTION('ref_axis',(1.,0.,-2.86109888179345E-16));
#11875=DIRECTION('',(0.,-0.70710678118654,-0.707106781186555));
#11876=DIRECTION('',(1.,8.91745401305347E-17,-1.96935348048808E-16));
#11877=DIRECTION('',(-1.,-8.91745401305347E-17,1.96935348048808E-16));
#11878=DIRECTION('center_axis',(0.,-1.,0.));
#11879=DIRECTION('ref_axis',(-0.707106781186555,-3.94099512721835E-17,-0.70710678118654));
#11880=DIRECTION('center_axis',(-8.91745401305347E-17,1.,0.));
#11881=DIRECTION('ref_axis',(-0.707106781186555,0.,-0.70710678118654));
#11882=DIRECTION('',(-0.707106781186532,-0.707106781186563,0.));
#11883=DIRECTION('center_axis',(8.91745401305347E-17,-1.,0.));
#11884=DIRECTION('ref_axis',(-0.707106781186555,-6.30559220354937E-17,-0.70710678118654));
#11885=DIRECTION('center_axis',(0.70710678118655,-0.707106781186546,0.));
#11886=DIRECTION('ref_axis',(0.,0.,-1.));
#11887=DIRECTION('',(-0.707106781186545,-0.70710678118655,0.));
#11888=DIRECTION('',(0.,0.,-1.));
#11889=DIRECTION('',(0.,0.,1.));
#11890=DIRECTION('center_axis',(0.,1.,0.));
#11891=DIRECTION('ref_axis',(0.70710678118655,1.57639805088733E-17,0.707106781186545));
#11892=DIRECTION('center_axis',(8.91745401305347E-17,-1.,0.));
#11893=DIRECTION('ref_axis',(0.70710678118655,0.,0.707106781186545));
#11894=DIRECTION('',(0.,-0.707106781186565,-0.70710678118653));
#11895=DIRECTION('center_axis',(-8.91745401305347E-17,1.,0.));
#11896=DIRECTION('ref_axis',(0.70710678118655,6.30559220354932E-17,0.707106781186545));
#11897=DIRECTION('center_axis',(2.02310242096138E-16,-0.707106781186548,
0.707106781186548));
#11898=DIRECTION('ref_axis',(1.,0.,-2.86109888179343E-16));
#11899=DIRECTION('',(0.,-0.707106781186548,-0.707106781186548));
#11900=DIRECTION('',(1.,8.91745401305347E-17,-1.96935348048808E-16));
#11901=DIRECTION('',(-1.,-8.91745401305347E-17,1.96935348048808E-16));
#11902=DIRECTION('center_axis',(0.,-1.,0.));
#11903=DIRECTION('ref_axis',(-0.707106781186545,-3.9409951272183E-17,-0.70710678118655));
#11904=DIRECTION('center_axis',(-8.91745401305347E-17,1.,0.));
#11905=DIRECTION('ref_axis',(-0.707106781186545,0.,-0.70710678118655));
#11906=DIRECTION('',(-0.707106781186536,-0.707106781186559,0.));
#11907=DIRECTION('center_axis',(8.91745401305347E-17,-1.,0.));
#11908=DIRECTION('ref_axis',(-0.707106781186545,-6.30559220354927E-17,-0.70710678118655));
#11909=DIRECTION('center_axis',(0.707106781186559,-0.707106781186536,0.));
#11910=DIRECTION('ref_axis',(0.,0.,-1.));
#11911=DIRECTION('',(-0.706891831907209,-0.706891831907232,0.0246551407561923));
#11912=DIRECTION('',(0.,0.,-1.));
#11913=DIRECTION('',(0.,0.,1.));
#11914=DIRECTION('center_axis',(0.705384304606636,-0.707106781186551,-0.0493252756161321));
#11915=DIRECTION('ref_axis',(-0.0697564737441253,0.,-0.997564050259824));
#11916=DIRECTION('',(0.0697564737441253,6.22050146726009E-18,0.997564050259824));
#11917=DIRECTION('',(-0.705384304606639,-0.707106781186547,0.0493252756161445));
#11918=DIRECTION('',(-0.0697564737441253,-6.22050146726009E-18,-0.997564050259824));
#11919=DIRECTION('center_axis',(0.,-1.,0.));
#11920=DIRECTION('ref_axis',(-0.681998360062499,-3.80105563302202E-17,0.73135370161917));
#11921=DIRECTION('center_axis',(-8.91745401305347E-17,1.,0.));
#11922=DIRECTION('ref_axis',(-0.681998360062499,0.,0.73135370161917));
#11923=DIRECTION('',(0.,-0.707106781186555,0.70710678118654));
#11924=DIRECTION('center_axis',(8.91745401305347E-17,-1.,0.));
#11925=DIRECTION('ref_axis',(-0.681998360062499,-6.08168901283521E-17,0.73135370161917));
#11926=DIRECTION('center_axis',(6.3055922035493E-17,-0.707106781186548,
-0.707106781186548));
#11927=DIRECTION('ref_axis',(-1.,0.,-8.91745401305347E-17));
#11928=DIRECTION('',(0.,-0.707106781186548,0.707106781186548));
#11929=DIRECTION('',(-1.,-8.91745401305347E-17,0.));
#11930=DIRECTION('',(1.,8.91745401305347E-17,0.));
#11931=DIRECTION('center_axis',(0.,-1.,0.));
#11932=DIRECTION('ref_axis',(0.681998360062493,3.80105563302199E-17,0.731353701619175));
#11933=DIRECTION('center_axis',(-8.91745401305347E-17,1.,0.));
#11934=DIRECTION('ref_axis',(0.681998360062493,0.,0.731353701619175));
#11935=DIRECTION('',(0.705384304606644,-0.707106781186544,0.0493252756161118));
#11936=DIRECTION('center_axis',(8.91745401305347E-17,-1.,0.));
#11937=DIRECTION('ref_axis',(0.681998360062493,6.08168901283516E-17,0.731353701619175));
#11938=DIRECTION('center_axis',(-0.705384304606628,-0.707106781186559,-0.0493252756161316));
#11939=DIRECTION('ref_axis',(-0.0697564737441253,0.,0.997564050259824));
#11940=DIRECTION('',(-0.0697564737441253,-6.22050146726009E-18,0.997564050259824));
#11941=DIRECTION('',(0.0697564737441253,6.22050146726009E-18,-0.997564050259824));
#11942=DIRECTION('center_axis',(-1.,-1.34301172333688E-16,0.));
#11943=DIRECTION('ref_axis',(-1.34301172333688E-16,1.,0.));
#11944=DIRECTION('',(1.34301172333688E-16,-1.,-2.64486481168979E-32));
#11945=DIRECTION('',(0.,0.,-1.));
#11946=DIRECTION('',(-1.34301172333688E-16,1.,2.64486481168979E-32));
#11947=DIRECTION('center_axis',(1.34301172333688E-16,-1.,-2.64486481168979E-32));
#11948=DIRECTION('ref_axis',(-0.707106781186555,0.,-0.70710678118654));
#11949=DIRECTION('',(-1.34301172333688E-16,1.,2.64486481168979E-32));
#11950=DIRECTION('center_axis',(-3.54326497220795E-16,1.,0.));
#11951=DIRECTION('ref_axis',(-0.707106781186555,0.,-0.70710678118654));
#11952=DIRECTION('center_axis',(-1.96935348048808E-16,0.,-1.));
#11953=DIRECTION('ref_axis',(-1.,0.,1.96935348048808E-16));
#11954=DIRECTION('',(1.34301172333688E-16,-1.,-2.64486481168979E-32));
#11955=DIRECTION('',(1.,3.54326497220795E-16,-1.96935348048808E-16));
#11956=DIRECTION('center_axis',(-1.34301172333688E-16,1.,2.64486481168979E-32));
#11957=DIRECTION('ref_axis',(0.707106781186545,0.,-0.70710678118655));
#11958=DIRECTION('',(-1.34301172333688E-16,1.,2.64486481168979E-32));
#11959=DIRECTION('center_axis',(-3.54326497220795E-16,1.,0.));
#11960=DIRECTION('ref_axis',(0.707106781186545,0.,-0.70710678118655));
#11961=DIRECTION('center_axis',(1.,1.34301172333688E-16,0.));
#11962=DIRECTION('ref_axis',(1.34301172333688E-16,-1.,0.));
#11963=DIRECTION('',(1.34301172333688E-16,-1.,-2.64486481168979E-32));
#11964=DIRECTION('',(0.,0.,1.));
#11965=DIRECTION('center_axis',(1.34301172333688E-16,-1.,-2.64486481168979E-32));
#11966=DIRECTION('ref_axis',(-0.70710678118655,0.,0.707106781186545));
#11967=DIRECTION('',(-1.34301172333688E-16,1.,2.64486481168979E-32));
#11968=DIRECTION('center_axis',(3.54326497220795E-16,-1.,0.));
#11969=DIRECTION('ref_axis',(-0.70710678118655,0.,0.707106781186545));
#11970=DIRECTION('center_axis',(-1.96935348048808E-16,0.,-1.));
#11971=DIRECTION('ref_axis',(-1.,0.,1.96935348048808E-16));
#11972=DIRECTION('',(-8.54017711250121E-16,-1.,1.68186275204889E-31));
#11973=DIRECTION('',(-1.,-2.44005060357177E-16,0.));
#11974=DIRECTION('',(0.,-1.,0.));
#11975=DIRECTION('',(-1.,-2.94098814470239E-16,1.96935348048808E-16));
#11976=DIRECTION('',(0.,-1.,0.));
#11977=DIRECTION('',(-1.,-3.54326497220795E-16,1.96935348048808E-16));
#11978=DIRECTION('center_axis',(8.54017711250121E-16,1.,-1.68186275204889E-31));
#11979=DIRECTION('ref_axis',(0.707106781186553,0.,-0.707106781186542));
#11980=DIRECTION('',(8.54017711250121E-16,1.,-1.68186275204889E-31));
#11981=DIRECTION('center_axis',(-2.44005060357177E-16,1.,0.));
#11982=DIRECTION('ref_axis',(0.707106781186553,0.,-0.707106781186542));
#11983=DIRECTION('center_axis',(1.,-8.54017711250121E-16,0.));
#11984=DIRECTION('ref_axis',(-8.54017711250121E-16,-1.,0.));
#11985=DIRECTION('',(8.54017711250121E-16,1.,-1.44499800822484E-14));
#11986=DIRECTION('',(0.,0.,-1.));
#11987=DIRECTION('',(-8.54017711250121E-16,-1.,0.));
#11988=DIRECTION('',(0.,0.,1.));
#11989=DIRECTION('',(8.54017711250121E-16,1.,-4.06350054200384E-31));
#11990=DIRECTION('',(0.,0.,-1.));
#11991=DIRECTION('center_axis',(8.91745401305347E-17,-1.,0.));
#11992=DIRECTION('ref_axis',(1.,8.91745401305347E-17,0.));
#11993=DIRECTION('',(0.,0.,1.));
#11994=DIRECTION('center_axis',(-8.91745401305347E-17,1.,0.));
#11995=DIRECTION('ref_axis',(-0.707106781186547,-6.3055922035493E-17,-0.707106781186547));
#11996=DIRECTION('',(-1.,-8.91745401305347E-17,0.));
#11997=DIRECTION('center_axis',(-8.91745401305347E-17,1.,0.));
#11998=DIRECTION('ref_axis',(0.707106781186547,6.3055922035493E-17,-0.707106781186547));
#11999=DIRECTION('',(0.,0.,-1.));
#12000=DIRECTION('center_axis',(-8.91745401305347E-17,1.,0.));
#12001=DIRECTION('ref_axis',(0.707106781186554,6.30559220354935E-17,0.707106781186541));
#12002=DIRECTION('',(1.,8.91745401305347E-17,0.));
#12003=DIRECTION('center_axis',(-8.91745401305347E-17,1.,0.));
#12004=DIRECTION('ref_axis',(-0.707106781186554,-6.30559220354935E-17,0.707106781186541));
#12005=DIRECTION('center_axis',(-8.91745401305347E-17,1.,0.));
#12006=DIRECTION('ref_axis',(-0.365228373234483,0.,-0.93091795308958));
#12007=DIRECTION('center_axis',(-8.91745401305347E-17,1.,0.));
#12008=DIRECTION('ref_axis',(1.,8.91745401305347E-17,0.));
#12009=DIRECTION('center_axis',(-8.91745401305347E-17,1.,0.));
#12010=DIRECTION('ref_axis',(0.397762687638511,0.,0.917488334706544));
#12011=DIRECTION('center_axis',(-8.91745401305347E-17,1.,0.));
#12012=DIRECTION('ref_axis',(-0.707106781186552,0.,0.707106781186543));
#12013=DIRECTION('',(0.258819045102523,2.30800693240416E-17,-0.965925826289068));
#12014=DIRECTION('center_axis',(-8.91745401305347E-17,1.,0.));
#12015=DIRECTION('ref_axis',(0.965925826289067,0.,0.258819045102525));
#12016=DIRECTION('',(-0.96592582628907,-8.61359913595345E-17,0.258819045102514));
#12017=DIRECTION('center_axis',(-8.91745401305347E-17,1.,0.));
#12018=DIRECTION('ref_axis',(-0.258819045102513,0.,-0.96592582628907));
#12019=DIRECTION('',(0.707106781186538,6.30559220354922E-17,0.707106781186556));
#12020=DIRECTION('center_axis',(-8.91745401305347E-17,1.,0.));
#12021=DIRECTION('ref_axis',(-0.707106781186552,0.,0.707106781186543));
#12022=DIRECTION('center_axis',(-8.91745401305347E-17,1.,0.));
#12023=DIRECTION('ref_axis',(0.258819045102521,0.,-0.965925826289068));
#12024=DIRECTION('',(0.258819045102526,2.30800693240419E-17,0.965925826289067));
#12025=DIRECTION('center_axis',(-8.91745401305347E-17,1.,0.));
#12026=DIRECTION('ref_axis',(-0.965925826289068,0.,0.25881904510252));
#12027=DIRECTION('',(0.70710678118654,6.30559220354923E-17,-0.707106781186555));
#12028=DIRECTION('center_axis',(-8.91745401305347E-17,1.,0.));
#12029=DIRECTION('ref_axis',(0.707106781186548,0.,0.707106781186548));
#12030=DIRECTION('',(-0.965925826289066,-8.61359913595342E-17,-0.25881904510253));
#12031=DIRECTION('center_axis',(-8.91745401305347E-17,1.,0.));
#12032=DIRECTION('ref_axis',(0.965925826289067,0.,-0.258819045102525));
#12033=DIRECTION('',(-0.707106781186544,-6.30559220354926E-17,0.707106781186551));
#12034=DIRECTION('center_axis',(-8.91745401305347E-17,1.,0.));
#12035=DIRECTION('ref_axis',(-0.707106781186552,0.,-0.707106781186543));
#12036=DIRECTION('',(0.96592582628907,8.61359913595345E-17,0.258819045102514));
#12037=DIRECTION('center_axis',(-8.91745401305347E-17,1.,0.));
#12038=DIRECTION('ref_axis',(-0.258819045102515,0.,0.96592582628907));
#12039=DIRECTION('',(-0.258819045102518,-2.30800693240412E-17,-0.965925826289069));
#12040=DIRECTION('center_axis',(-8.91745401305347E-17,1.,0.));
#12041=DIRECTION('ref_axis',(-0.449927571882459,0.,0.893065048056386));
#12042=DIRECTION('center_axis',(-8.91745401305347E-17,1.,0.));
#12043=DIRECTION('ref_axis',(0.707106781186553,0.,-0.707106781186542));
#12044=DIRECTION('',(-0.258819045102543,-2.30800693240433E-17,0.965925826289062));
#12045=DIRECTION('center_axis',(-8.91745401305347E-17,1.,0.));
#12046=DIRECTION('ref_axis',(-0.965925826289066,0.,-0.258819045102528));
#12047=DIRECTION('',(0.965925826289072,8.61359913595347E-17,-0.258819045102509));
#12048=DIRECTION('center_axis',(-8.91745401305347E-17,1.,0.));
#12049=DIRECTION('ref_axis',(0.258819045102512,0.,0.965925826289071));
#12050=DIRECTION('',(-0.70710678118654,-6.30559220354923E-17,-0.707106781186555));
#12051=DIRECTION('center_axis',(-8.91745401305347E-17,1.,0.));
#12052=DIRECTION('ref_axis',(0.707106781186553,0.,-0.707106781186542));
#12053=DIRECTION('center_axis',(-8.91745401305347E-17,1.,0.));
#12054=DIRECTION('ref_axis',(0.365228373234489,0.,0.930917953089578));
#12055=DIRECTION('center_axis',(-8.91745401305347E-17,1.,0.));
#12056=DIRECTION('ref_axis',(1.,8.91745401305347E-17,0.));
#12057=DIRECTION('center_axis',(-8.91745401305347E-17,1.,0.));
#12058=DIRECTION('ref_axis',(1.,8.91745401305346E-17,0.));
#12059=DIRECTION('center_axis',(-8.91745401305347E-17,1.,0.));
#12060=DIRECTION('ref_axis',(1.,8.91745401305346E-17,0.));
#12061=DIRECTION('center_axis',(-8.91745401305347E-17,1.,0.));
#12062=DIRECTION('ref_axis',(1.,8.91745401305346E-17,0.));
#12063=DIRECTION('center_axis',(-8.91745401305347E-17,1.,0.));
#12064=DIRECTION('ref_axis',(1.,8.91745401305346E-17,0.));
#12065=DIRECTION('center_axis',(-8.91745401305347E-17,1.,0.));
#12066=DIRECTION('ref_axis',(1.,8.91745401305346E-17,0.));
#12067=DIRECTION('center_axis',(-8.91745401305347E-17,1.,0.));
#12068=DIRECTION('ref_axis',(1.,8.91745401305346E-17,0.));
#12069=DIRECTION('center_axis',(-6.30559220354923E-17,0.70710678118654,
-0.707106781186555));
#12070=DIRECTION('ref_axis',(-1.,0.,8.91745401305327E-17));
#12071=DIRECTION('',(0.,-0.707106781186559,-0.707106781186536));
#12072=DIRECTION('',(-1.,-8.91745401305347E-17,0.));
#12073=DIRECTION('',(0.,0.707106781186558,0.707106781186537));
#12074=DIRECTION('',(1.,8.91745401305347E-17,0.));
#12075=DIRECTION('center_axis',(0.,-1.,0.));
#12076=DIRECTION('ref_axis',(0.707106781186547,2.36459707633098E-17,-0.707106781186547));
#12077=DIRECTION('',(0.70710678118654,-0.707106781186555,0.));
#12078=DIRECTION('center_axis',(-8.91745401305347E-17,1.,0.));
#12079=DIRECTION('ref_axis',(0.707106781186548,0.,-0.707106781186548));
#12080=DIRECTION('center_axis',(8.91745401305347E-17,-1.,0.));
#12081=DIRECTION('ref_axis',(0.707106781186547,6.3055922035493E-17,-0.707106781186547));
#12082=DIRECTION('center_axis',(0.707106781186555,0.70710678118654,0.));
#12083=DIRECTION('ref_axis',(0.,0.,-1.));
#12084=DIRECTION('',(0.70710678118654,-0.707106781186555,0.));
#12085=DIRECTION('',(0.,0.,-1.));
#12086=DIRECTION('',(0.,0.,1.));
#12087=DIRECTION('center_axis',(0.,-1.,0.));
#12088=DIRECTION('ref_axis',(0.707106781186554,2.36459707633102E-17,0.707106781186541));
#12089=DIRECTION('',(0.,-0.707106781186571,0.707106781186524));
#12090=DIRECTION('center_axis',(-8.91745401305347E-17,1.,0.));
#12091=DIRECTION('ref_axis',(0.707106781186554,0.,0.707106781186541));
#12092=DIRECTION('center_axis',(8.91745401305347E-17,-1.,0.));
#12093=DIRECTION('ref_axis',(0.707106781186554,6.30559220354935E-17,0.707106781186541));
#12094=DIRECTION('center_axis',(-6.30559220354923E-17,0.70710678118654,
0.707106781186555));
#12095=DIRECTION('ref_axis',(1.,0.,8.91745401305327E-17));
#12096=DIRECTION('',(0.,-0.707106781186554,0.707106781186541));
#12097=DIRECTION('',(1.,8.91745401305347E-17,0.));
#12098=DIRECTION('',(-1.,-8.91745401305347E-17,0.));
#12099=DIRECTION('center_axis',(0.,-1.,0.));
#12100=DIRECTION('ref_axis',(-0.731353701619172,-2.44567987554951E-17,0.681998360062496));
#12101=DIRECTION('',(-0.705384304606641,-0.707106781186547,-0.0493252756161121));
#12102=DIRECTION('center_axis',(-8.91745401305347E-17,1.,0.));
#12103=DIRECTION('ref_axis',(-0.731353701619173,0.,0.681998360062496));
#12104=DIRECTION('center_axis',(8.91745401305347E-17,-1.,0.));
#12105=DIRECTION('ref_axis',(-0.731353701619173,-6.5218130014654E-17,0.681998360062496));
#12106=DIRECTION('center_axis',(-0.705384304606644,0.707106781186544,-0.0493252756161326));
#12107=DIRECTION('ref_axis',(-0.0697564737441253,0.,0.997564050259824));
#12108=DIRECTION('',(0.0697564737441253,6.22050146726009E-18,-0.997564050259824));
#12109=DIRECTION('',(-0.70538430460664,-0.707106781186546,-0.0493252756161445));
#12110=DIRECTION('',(-0.0697564737441253,-6.22050146726009E-18,0.997564050259824));
#12111=DIRECTION('center_axis',(0.,-1.,0.));
#12112=DIRECTION('ref_axis',(-0.681998360062499,-1.52042225320876E-17,-0.73135370161917));
#12113=DIRECTION('',(0.,-0.707106781186543,-0.707106781186552));
#12114=DIRECTION('center_axis',(-8.91745401305347E-17,1.,0.));
#12115=DIRECTION('ref_axis',(-0.681998360062499,0.,-0.73135370161917));
#12116=DIRECTION('center_axis',(8.91745401305347E-17,-1.,0.));
#12117=DIRECTION('ref_axis',(-0.681998360062499,-6.08168901283521E-17,-0.73135370161917));
#12118=DIRECTION('center_axis',(-6.30559220354923E-17,0.70710678118654,
-0.707106781186555));
#12119=DIRECTION('ref_axis',(-1.,0.,8.91745401305327E-17));
#12120=DIRECTION('',(1.,8.91745401305347E-17,0.));
#12121=DIRECTION('',(0.,-0.707106781186555,-0.70710678118654));
#12122=DIRECTION('',(-1.,-8.91745401305347E-17,0.));
#12123=DIRECTION('center_axis',(0.,1.,0.));
#12124=DIRECTION('ref_axis',(0.707106781186537,3.94099512721824E-17,0.707106781186558));
#12125=DIRECTION('',(-0.70710678118654,-0.707106781186555,0.));
#12126=DIRECTION('center_axis',(8.91745401305347E-17,-1.,0.));
#12127=DIRECTION('ref_axis',(0.707106781186537,0.,0.707106781186558));
#12128=DIRECTION('center_axis',(-8.91745401305347E-17,1.,0.));
#12129=DIRECTION('ref_axis',(0.707106781186537,6.3055922035492E-17,0.707106781186558));
#12130=DIRECTION('center_axis',(-0.707106781186547,0.707106781186548,0.));
#12131=DIRECTION('ref_axis',(0.,0.,1.));
#12132=DIRECTION('',(0.,0.,-1.));
#12133=DIRECTION('',(-0.707106781186547,-0.707106781186548,-3.92523114670943E-15));
#12134=DIRECTION('',(0.,0.,1.));
#12135=DIRECTION('center_axis',(0.,1.,0.));
#12136=DIRECTION('ref_axis',(0.70710678118655,3.94099512721833E-17,-0.707106781186545));
#12137=DIRECTION('',(0.,-0.70710678118655,0.707106781186545));
#12138=DIRECTION('center_axis',(8.91745401305347E-17,-1.,0.));
#12139=DIRECTION('ref_axis',(0.70710678118655,0.,-0.707106781186545));
#12140=DIRECTION('center_axis',(-8.91745401305347E-17,1.,0.));
#12141=DIRECTION('ref_axis',(0.70710678118655,6.30559220354932E-17,-0.707106781186545));
#12142=DIRECTION('center_axis',(7.61983980251533E-17,0.707106781186544,
0.707106781186551));
#12143=DIRECTION('ref_axis',(1.,0.,-1.07760807918275E-16));
#12144=DIRECTION('',(-1.,-8.91745401305347E-17,1.96935348048808E-16));
#12145=DIRECTION('',(0.,-0.707106781186552,0.707106781186543));
#12146=DIRECTION('',(1.,8.91745401305347E-17,-1.96935348048808E-16));
#12147=DIRECTION('center_axis',(0.,-1.,0.));
#12148=DIRECTION('ref_axis',(-0.66913060635886,-1.49173535273294E-17,0.743144825477392));
#12149=DIRECTION('',(-0.703233176253408,-0.707106781186543,0.0739127852035719));
#12150=DIRECTION('center_axis',(-8.91745401305347E-17,1.,0.));
#12151=DIRECTION('ref_axis',(-0.66913060635886,0.,0.743144825477392));
#12152=DIRECTION('center_axis',(8.91745401305347E-17,-1.,0.));
#12153=DIRECTION('ref_axis',(-0.66913060635886,-5.96694141093172E-17,0.743144825477393));
#12154=DIRECTION('center_axis',(-0.703233176253397,0.707106781186555,0.073912785203566));
#12155=DIRECTION('ref_axis',(0.104528463267653,0.,0.994521895368273));
#12156=DIRECTION('',(-0.104528463267653,-9.32127764244448E-18,-0.994521895368273));
#12157=DIRECTION('',(-0.703233176253407,-0.707106781186542,0.0739127852035962));
#12158=DIRECTION('',(0.104528463267653,9.32127764244448E-18,0.994521895368273));
#12159=DIRECTION('center_axis',(0.,-1.,0.));
#12160=DIRECTION('ref_axis',(-0.743144825477398,-2.4851099273375E-17,-0.669130606358854));
#12161=DIRECTION('center_axis',(-8.91745401305347E-17,1.,0.));
#12162=DIRECTION('ref_axis',(-0.743144825477398,0.,-0.669130606358854));
#12163=DIRECTION('center_axis',(8.91745401305347E-17,-1.,0.));
#12164=DIRECTION('ref_axis',(-0.743144825477398,-6.62695980623334E-17,-0.669130606358854));
#12165=DIRECTION('center_axis',(0.,1.,0.));
#12166=DIRECTION('ref_axis',(0.707106781186537,0.,0.707106781186558));
#12167=DIRECTION('',(0.,-1.,0.));
#12168=DIRECTION('center_axis',(-2.44005060357177E-16,1.,0.));
#12169=DIRECTION('ref_axis',(0.707106781186537,0.,0.707106781186558));
#12170=DIRECTION('',(0.,1.,0.));
#12171=DIRECTION('center_axis',(1.,0.,0.));
#12172=DIRECTION('ref_axis',(0.,-1.,0.));
#12173=DIRECTION('',(0.,1.,0.));
#12174=DIRECTION('',(0.,0.,1.));
#12175=DIRECTION('',(0.,1.,0.));
#12176=DIRECTION('',(0.,0.,-1.));
#12177=DIRECTION('',(0.,-1.,0.));
#12178=DIRECTION('',(0.,0.,1.));
#12179=DIRECTION('',(0.,1.,0.));
#12180=DIRECTION('',(0.,0.,-1.));
#12181=DIRECTION('center_axis',(0.,1.,0.));
#12182=DIRECTION('ref_axis',(0.70710678118655,0.,-0.707106781186545));
#12183=DIRECTION('',(0.,-1.,0.));
#12184=DIRECTION('center_axis',(-2.44005060357177E-16,1.,0.));
#12185=DIRECTION('ref_axis',(0.70710678118655,0.,-0.707106781186545));
#12186=DIRECTION('center_axis',(-1.96935348048808E-16,0.,-1.));
#12187=DIRECTION('ref_axis',(-1.,0.,1.96935348048808E-16));
#12188=DIRECTION('',(-1.5636944008805E-16,1.,3.07946701079374E-32));
#12189=DIRECTION('',(1.,3.54326497220795E-16,-1.96935348048808E-16));
#12190=DIRECTION('',(0.,1.,0.));
#12191=DIRECTION('',(1.,2.94098814470239E-16,-1.96935348048808E-16));
#12192=DIRECTION('center_axis',(-1.5636944008805E-16,1.,3.07946701079374E-32));
#12193=DIRECTION('ref_axis',(-0.66913060635886,0.,0.743144825477392));
#12194=DIRECTION('',(1.5636944008805E-16,-1.,-3.04582013947027E-32));
#12195=DIRECTION('center_axis',(3.54326497220795E-16,-1.,0.));
#12196=DIRECTION('ref_axis',(-0.66913060635886,0.,0.743144825477392));
#12197=DIRECTION('center_axis',(0.994521895368273,1.55512831934043E-16,
-0.104528463267653));
#12198=DIRECTION('ref_axis',(-1.5636944008805E-16,1.,0.));
#12199=DIRECTION('',(-1.5636944008805E-16,1.,0.));
#12200=DIRECTION('',(-0.104528463267653,-3.70372042495002E-17,-0.994521895368273));
#12201=DIRECTION('center_axis',(-1.5636944008805E-16,1.,0.));
#12202=DIRECTION('ref_axis',(-0.743144825477398,0.,-0.669130606358854));
#12203=DIRECTION('',(1.5636944008805E-16,-1.,0.));
#12204=DIRECTION('center_axis',(3.54326497220795E-16,-1.,0.));
#12205=DIRECTION('ref_axis',(-0.743144825477398,0.,-0.669130606358854));
#12206=DIRECTION('center_axis',(0.,0.,-1.));
#12207=DIRECTION('ref_axis',(-1.,0.,0.));
#12208=DIRECTION('',(0.,1.,0.));
#12209=DIRECTION('',(1.,8.91745401305347E-17,0.));
#12210=DIRECTION('',(0.,-1.,0.));
#12211=DIRECTION('',(-1.,-8.91745401305347E-17,0.));
#12212=DIRECTION('',(-4.69108320264151E-16,1.,0.));
#12213=DIRECTION('',(1.,3.54326497220795E-16,0.));
#12214=DIRECTION('center_axis',(-8.91745401305347E-17,1.,0.));
#12215=DIRECTION('ref_axis',(-1.,-8.91745401305347E-17,0.));
#12216=DIRECTION('center_axis',(-8.91745401305347E-17,1.,0.));
#12217=DIRECTION('ref_axis',(1.,8.91745401305347E-17,0.));
#12218=DIRECTION('center_axis',(8.91745401305347E-17,-1.,0.));
#12219=DIRECTION('ref_axis',(1.,8.91745401305347E-17,0.));
#12220=DIRECTION('center_axis',(-0.707106781186539,0.707106781186556,0.));
#12221=DIRECTION('ref_axis',(0.,0.,1.));
#12222=DIRECTION('',(0.707106781186555,0.70710678118654,0.));
#12223=DIRECTION('',(0.,0.,-1.));
#12224=DIRECTION('',(-0.707106781186555,-0.70710678118654,0.));
#12225=DIRECTION('',(0.,0.,1.));
#12226=DIRECTION('center_axis',(0.,-1.,0.));
#12227=DIRECTION('ref_axis',(-0.707106781186554,-2.36459707633102E-17,0.707106781186541));
#12228=DIRECTION('center_axis',(-8.91745401305347E-17,1.,0.));
#12229=DIRECTION('ref_axis',(-0.707106781186554,0.,0.707106781186541));
#12230=DIRECTION('',(0.,0.707106781186555,-0.70710678118654));
#12231=DIRECTION('center_axis',(8.91745401305347E-17,-1.,0.));
#12232=DIRECTION('ref_axis',(-0.707106781186554,-6.30559220354935E-17,0.707106781186541));
#12233=DIRECTION('center_axis',(-6.30559220354923E-17,0.70710678118654,
0.707106781186555));
#12234=DIRECTION('ref_axis',(1.,0.,8.91745401305327E-17));
#12235=DIRECTION('',(1.,8.91745401305347E-17,0.));
#12236=DIRECTION('',(-7.85046229341894E-15,0.707106781186556,-0.707106781186539));
#12237=DIRECTION('',(-1.,-8.91745401305347E-17,0.));
#12238=DIRECTION('center_axis',(0.,-1.,0.));
#12239=DIRECTION('ref_axis',(0.731353701619169,2.4456798755495E-17,0.6819983600625));
#12240=DIRECTION('center_axis',(-8.91745401305347E-17,1.,0.));
#12241=DIRECTION('ref_axis',(0.73135370161917,0.,0.6819983600625));
#12242=DIRECTION('',(-0.70538430460663,0.707106781186556,0.0493252756161438));
#12243=DIRECTION('center_axis',(8.91745401305347E-17,-1.,0.));
#12244=DIRECTION('ref_axis',(0.73135370161917,6.52181300146537E-17,0.6819983600625));
#12245=DIRECTION('center_axis',(0.705384304606644,0.707106781186543,-0.0493252756161327));
#12246=DIRECTION('ref_axis',(-0.0697564737441253,0.,-0.997564050259824));
#12247=DIRECTION('',(-0.705384304606631,0.707106781186557,0.0493252756161136));
#12248=DIRECTION('',(0.0697564737441253,6.22050146726009E-18,0.997564050259824));
#12249=DIRECTION('',(-0.0697564737441253,-6.22050146726009E-18,-0.997564050259824));
#12250=DIRECTION('center_axis',(0.,-1.,0.));
#12251=DIRECTION('ref_axis',(0.681998360062504,1.52042225320877E-17,-0.731353701619165));
#12252=DIRECTION('center_axis',(-8.91745401305347E-17,1.,0.));
#12253=DIRECTION('ref_axis',(0.681998360062504,0.,-0.731353701619165));
#12254=DIRECTION('',(0.,0.707106781186548,0.707106781186547));
#12255=DIRECTION('center_axis',(8.91745401305347E-17,-1.,0.));
#12256=DIRECTION('ref_axis',(0.681998360062504,6.08168901283526E-17,-0.731353701619165));
#12257=DIRECTION('center_axis',(-6.30559220354923E-17,0.70710678118654,
-0.707106781186555));
#12258=DIRECTION('ref_axis',(-1.,0.,8.91745401305327E-17));
#12259=DIRECTION('',(0.,0.707106781186556,0.707106781186539));
#12260=DIRECTION('',(1.,8.91745401305347E-17,0.));
#12261=DIRECTION('',(-1.,-8.91745401305347E-17,0.));
#12262=DIRECTION('center_axis',(0.,1.,0.));
#12263=DIRECTION('ref_axis',(-0.707106781186527,-3.94099512721819E-17,0.707106781186568));
#12264=DIRECTION('center_axis',(8.91745401305347E-17,-1.,0.));
#12265=DIRECTION('ref_axis',(-0.707106781186527,0.,0.707106781186569));
#12266=DIRECTION('',(-0.707106781186563,0.707106781186532,0.));
#12267=DIRECTION('center_axis',(-8.91745401305347E-17,1.,0.));
#12268=DIRECTION('ref_axis',(-0.707106781186527,-6.30559220354911E-17,0.707106781186568));
#12269=DIRECTION('center_axis',(0.707106781186548,0.707106781186547,0.));
#12270=DIRECTION('ref_axis',(0.,0.,-1.));
#12271=DIRECTION('',(-0.707106781186547,0.707106781186548,3.92523114670943E-15));
#12272=DIRECTION('',(0.,0.,1.));
#12273=DIRECTION('',(0.,0.,-1.));
#12274=DIRECTION('center_axis',(0.,1.,0.));
#12275=DIRECTION('ref_axis',(-0.70710678118654,-3.94099512721827E-17,-0.707106781186555));
#12276=DIRECTION('center_axis',(8.91745401305347E-17,-1.,0.));
#12277=DIRECTION('ref_axis',(-0.70710678118654,0.,-0.707106781186555));
#12278=DIRECTION('',(0.,0.707106781186536,-0.707106781186559));
#12279=DIRECTION('center_axis',(-8.91745401305347E-17,1.,0.));
#12280=DIRECTION('ref_axis',(-0.70710678118654,-6.30559220354923E-17,-0.707106781186555));
#12281=DIRECTION('center_axis',(7.61983980251522E-17,0.707106781186548,
0.707106781186548));
#12282=DIRECTION('ref_axis',(1.,0.,-1.07760807918274E-16));
#12283=DIRECTION('',(7.85046229341889E-15,0.707106781186549,-0.707106781186546));
#12284=DIRECTION('',(-1.,-8.91745401305347E-17,1.96935348048808E-16));
#12285=DIRECTION('',(1.,8.91745401305347E-17,-1.96935348048808E-16));
#12286=DIRECTION('center_axis',(0.,-1.,0.));
#12287=DIRECTION('ref_axis',(0.669130606358865,1.49173535273293E-17,0.743144825477388));
#12288=DIRECTION('center_axis',(-8.91745401305347E-17,1.,0.));
#12289=DIRECTION('ref_axis',(0.669130606358865,0.,0.743144825477388));
#12290=DIRECTION('',(-0.703233176253349,0.707106781186603,-0.0739127852035579));
#12291=DIRECTION('center_axis',(8.91745401305347E-17,-1.,0.));
#12292=DIRECTION('ref_axis',(0.669130606358865,5.96694141093176E-17,0.743144825477388));
#12293=DIRECTION('center_axis',(0.703233176253393,0.707106781186559,0.0739127852035655));
#12294=DIRECTION('ref_axis',(0.104528463267653,0.,-0.994521895368273));
#12295=DIRECTION('',(-0.703233176253406,0.707106781186545,-0.0739127852035795));
#12296=DIRECTION('',(-0.104528463267653,-9.32127764244448E-18,0.994521895368273));
#12297=DIRECTION('',(0.104528463267653,9.32127764244448E-18,-0.994521895368273));
#12298=DIRECTION('center_axis',(0.,-1.,0.));
#12299=DIRECTION('ref_axis',(0.743144825477395,2.4851099273375E-17,-0.669130606358857));
#12300=DIRECTION('center_axis',(-8.91745401305347E-17,1.,0.));
#12301=DIRECTION('ref_axis',(0.743144825477395,0.,-0.669130606358857));
#12302=DIRECTION('',(0.,0.707106781186611,0.707106781186484));
#12303=DIRECTION('center_axis',(8.91745401305347E-17,-1.,0.));
#12304=DIRECTION('ref_axis',(0.743144825477395,6.62695980623331E-17,-0.669130606358857));
#12305=DIRECTION('center_axis',(-6.30559220354923E-17,0.70710678118654,
-0.707106781186555));
#12306=DIRECTION('ref_axis',(-1.,0.,8.91745401305327E-17));
#12307=DIRECTION('',(0.,0.707106781186555,0.70710678118654));
#12308=DIRECTION('',(1.,8.91745401305347E-17,0.));
#12309=DIRECTION('center_axis',(0.,-1.,0.));
#12310=DIRECTION('ref_axis',(-0.707106781186547,-2.36459707633098E-17,-0.707106781186547));
#12311=DIRECTION('center_axis',(-8.91745401305347E-17,1.,0.));
#12312=DIRECTION('ref_axis',(-0.707106781186548,0.,-0.707106781186548));
#12313=DIRECTION('center_axis',(8.91745401305347E-17,-1.,0.));
#12314=DIRECTION('ref_axis',(-0.707106781186547,-6.3055922035493E-17,-0.707106781186547));
#12315=DIRECTION('center_axis',(0.,1.,0.));
#12316=DIRECTION('ref_axis',(-0.707106781186527,0.,0.707106781186568));
#12317=DIRECTION('',(0.,-1.,0.));
#12318=DIRECTION('center_axis',(-2.44005060357177E-16,1.,0.));
#12319=DIRECTION('ref_axis',(-0.707106781186527,0.,0.707106781186568));
#12320=DIRECTION('',(0.,1.,0.));
#12321=DIRECTION('center_axis',(0.,0.,1.));
#12322=DIRECTION('ref_axis',(1.,0.,0.));
#12323=DIRECTION('',(-1.34301172333688E-16,1.,0.));
#12324=DIRECTION('',(1.,2.44005060357177E-16,0.));
#12325=DIRECTION('center_axis',(1.34301172333688E-16,-1.,0.));
#12326=DIRECTION('ref_axis',(0.681998360062504,0.,-0.731353701619165));
#12327=DIRECTION('',(1.34301172333688E-16,-1.,0.));
#12328=DIRECTION('center_axis',(2.44005060357177E-16,-1.,0.));
#12329=DIRECTION('ref_axis',(0.681998360062504,0.,-0.731353701619165));
#12330=DIRECTION('center_axis',(-0.997564050259824,-1.33974021427837E-16,
0.0697564737441253));
#12331=DIRECTION('ref_axis',(-1.34301172333688E-16,1.,0.));
#12332=DIRECTION('',(8.54017711250121E-16,-1.,1.02924260224797E-14));
#12333=DIRECTION('',(-0.0697564737441253,-1.70209325862391E-17,-0.997564050259824));
#12334=DIRECTION('',(-1.34301172333688E-16,1.,0.));
#12335=DIRECTION('',(-1.34301172333688E-16,1.,0.));
#12336=DIRECTION('center_axis',(-1.34301172333688E-16,1.,0.));
#12337=DIRECTION('ref_axis',(0.73135370161917,0.,0.6819983600625));
#12338=DIRECTION('',(1.34301172333688E-16,-1.,0.));
#12339=DIRECTION('center_axis',(0.,0.,1.));
#12340=DIRECTION('ref_axis',(1.,0.,0.));
#12341=DIRECTION('',(-1.56423328548734E-16,1.,0.));
#12342=DIRECTION('',(0.,1.,0.));
#12343=DIRECTION('',(-1.,-8.91745401305347E-17,0.));
#12344=DIRECTION('',(0.,-1.,0.));
#12345=DIRECTION('center_axis',(0.,-1.,0.));
#12346=DIRECTION('ref_axis',(-0.707106781186554,0.,0.707106781186541));
#12347=DIRECTION('',(0.,-1.,0.));
#12348=DIRECTION('center_axis',(8.91745401305347E-17,-1.,0.));
#12349=DIRECTION('ref_axis',(-0.707106781186554,0.,0.707106781186541));
#12350=DIRECTION('center_axis',(-1.,0.,0.));
#12351=DIRECTION('ref_axis',(0.,-1.,0.));
#12352=DIRECTION('',(0.,1.,0.));
#12353=DIRECTION('',(0.,0.,-1.));
#12354=DIRECTION('center_axis',(-8.91745401305347E-17,1.,0.));
#12355=DIRECTION('ref_axis',(-1.,-8.91745401305347E-17,0.));
#12356=DIRECTION('center_axis',(8.91745401305347E-17,-1.,0.));
#12357=DIRECTION('ref_axis',(1.,8.91745401305347E-17,0.));
#12358=DIRECTION('center_axis',(-8.91745401305347E-17,1.,0.));
#12359=DIRECTION('ref_axis',(1.,8.91745401305347E-17,0.));
#12360=DIRECTION('center_axis',(-0.707106781186548,-0.707106781186548,0.));
#12361=DIRECTION('ref_axis',(0.,0.,1.));
#12362=DIRECTION('',(-0.707106781186548,0.707106781186548,0.));
#12363=DIRECTION('',(0.707106781186548,-0.707106781186548,0.));
#12364=DIRECTION('center_axis',(0.,1.,0.));
#12365=DIRECTION('ref_axis',(-0.707106781186554,-2.36459707633102E-17,0.707106781186541));
#12366=DIRECTION('',(0.,0.707106781186571,0.707106781186524));
#12367=DIRECTION('center_axis',(6.30559220354923E-17,-0.70710678118654,
0.707106781186555));
#12368=DIRECTION('ref_axis',(1.,0.,-8.91745401305327E-17));
#12369=DIRECTION('',(0.,0.707106781186555,0.70710678118654));
#12370=DIRECTION('center_axis',(0.,1.,0.));
#12371=DIRECTION('ref_axis',(0.707106781186554,2.36459707633102E-17,0.707106781186541));
#12372=DIRECTION('',(0.707106781186555,0.70710678118654,0.));
#12373=DIRECTION('center_axis',(8.91745401305347E-17,-1.,0.));
#12374=DIRECTION('ref_axis',(0.707106781186554,0.,0.707106781186541));
#12375=DIRECTION('center_axis',(0.707106781186548,-0.707106781186548,0.));
#12376=DIRECTION('ref_axis',(0.,0.,-1.));
#12377=DIRECTION('',(0.707106781186548,0.707106781186548,0.));
#12378=DIRECTION('',(0.,0.,1.));
#12379=DIRECTION('center_axis',(0.,1.,0.));
#12380=DIRECTION('ref_axis',(0.707106781186547,2.36459707633098E-17,-0.707106781186547));
#12381=DIRECTION('',(0.,0.70710678118654,-0.707106781186555));
#12382=DIRECTION('center_axis',(8.91745401305347E-17,-1.,0.));
#12383=DIRECTION('ref_axis',(0.707106781186548,0.,-0.707106781186548));
#12384=DIRECTION('center_axis',(6.30559220354923E-17,-0.70710678118654,
-0.707106781186555));
#12385=DIRECTION('ref_axis',(-1.,0.,-8.91745401305327E-17));
#12386=DIRECTION('',(0.,0.707106781186555,-0.70710678118654));
#12387=DIRECTION('center_axis',(0.,1.,0.));
#12388=DIRECTION('ref_axis',(-0.707106781186547,-2.36459707633098E-17,-0.707106781186547));
#12389=DIRECTION('center_axis',(8.91745401305347E-17,-1.,0.));
#12390=DIRECTION('ref_axis',(-0.707106781186548,0.,-0.707106781186548));
#12391=DIRECTION('center_axis',(0.,-1.,0.));
#12392=DIRECTION('ref_axis',(0.707106781186548,0.,-0.707106781186548));
#12393=DIRECTION('',(0.,-1.,0.));
#12394=DIRECTION('center_axis',(0.,1.,0.));
#12395=DIRECTION('ref_axis',(-0.707106781186548,0.,-0.707106781186548));
#12396=DIRECTION('center_axis',(2.26576127474522E-16,-1.,-4.4620848523746E-32));
#12397=DIRECTION('ref_axis',(-0.707106781186553,0.,0.707106781186542));
#12398=DIRECTION('center_axis',(3.54326497220795E-16,-1.,0.));
#12399=DIRECTION('ref_axis',(-0.707106781186553,0.,0.707106781186542));
#12400=DIRECTION('',(2.26576127474522E-16,-1.,-4.4620848523746E-32));
#12401=DIRECTION('center_axis',(2.44005060357177E-16,-1.,0.));
#12402=DIRECTION('ref_axis',(-0.707106781186553,0.,0.707106781186542));
#12403=DIRECTION('',(-2.26576127474522E-16,1.,4.4620848523746E-32));
#12404=DIRECTION('center_axis',(1.,2.26576127474522E-16,0.));
#12405=DIRECTION('ref_axis',(2.26576127474522E-16,-1.,0.));
#12406=DIRECTION('',(0.,0.,1.));
#12407=DIRECTION('',(-2.26576127474522E-16,1.,4.4620848523746E-32));
#12408=DIRECTION('',(0.,0.,-1.));
#12409=DIRECTION('center_axis',(3.54326497220795E-16,-1.,0.));
#12410=DIRECTION('ref_axis',(1.,3.54326497220795E-16,0.));
#12411=DIRECTION('',(-1.,-3.54326497220795E-16,1.96935348048808E-16));
#12412=DIRECTION('center_axis',(3.54326497220795E-16,-1.,0.));
#12413=DIRECTION('ref_axis',(0.70710678118655,0.,0.707106781186545));
#12414=DIRECTION('center_axis',(3.54326497220795E-16,-1.,0.));
#12415=DIRECTION('ref_axis',(0.707106781186548,0.,0.707106781186548));
#12416=DIRECTION('',(0.,0.,-1.));
#12417=DIRECTION('center_axis',(-3.54326497220795E-16,1.,0.));
#12418=DIRECTION('ref_axis',(-0.707106781186542,0.,-0.707106781186553));
#12419=DIRECTION('center_axis',(3.54326497220795E-16,-1.,0.));
#12420=DIRECTION('ref_axis',(0.743144825477395,0.,-0.669130606358857));
#12421=DIRECTION('',(-0.104528463267653,-3.70372042495002E-17,0.994521895368273));
#12422=DIRECTION('center_axis',(3.54326497220795E-16,-1.,0.));
#12423=DIRECTION('ref_axis',(0.669130606358865,0.,0.743144825477388));
#12424=DIRECTION('',(1.,3.54326497220795E-16,-1.96935348048808E-16));
#12425=DIRECTION('center_axis',(-3.54326497220795E-16,1.,0.));
#12426=DIRECTION('ref_axis',(0.707106781186547,0.,-0.707106781186547));
#12427=DIRECTION('center_axis',(8.54017711250121E-16,-1.,-1.68186275204889E-31));
#12428=DIRECTION('ref_axis',(-0.707106781186545,0.,-0.70710678118655));
#12429=DIRECTION('',(-8.54017711250121E-16,1.,1.68186275204889E-31));
#12430=DIRECTION('center_axis',(-2.44005060357177E-16,1.,0.));
#12431=DIRECTION('ref_axis',(-0.707106781186545,0.,-0.70710678118655));
#12432=DIRECTION('',(8.54017711250121E-16,-1.,-1.68186275204889E-31));
#12433=DIRECTION('center_axis',(-1.,-8.54017711250121E-16,0.));
#12434=DIRECTION('ref_axis',(-8.54017711250121E-16,1.,0.));
#12435=DIRECTION('',(0.,0.,1.));
#12436=DIRECTION('',(8.54017711250121E-16,-1.,-4.06350054200384E-31));
#12437=DIRECTION('',(0.,0.,-1.));
#12438=DIRECTION('',(-8.54017711250121E-16,1.,0.));
#12439=DIRECTION('',(0.,0.,1.));
#12440=DIRECTION('center_axis',(1.56423328548734E-16,-1.,0.));
#12441=DIRECTION('ref_axis',(0.681998360062493,0.,0.731353701619175));
#12442=DIRECTION('',(-1.56423328548734E-16,1.,0.));
#12443=DIRECTION('',(1.56423328548734E-16,-1.,0.));
#12444=DIRECTION('center_axis',(0.997564050259824,1.56042289182199E-16,
0.0697564737441253));
#12445=DIRECTION('ref_axis',(-1.56315682896948E-16,1.,-1.53940454018547E-18));
#12446=DIRECTION('',(1.56423328548734E-16,-1.,0.));
#12447=DIRECTION('',(-1.56423328548734E-16,1.,0.));
#12448=DIRECTION('',(0.0697564737441253,1.70209325862391E-17,-0.997564050259824));
#12449=DIRECTION('center_axis',(-1.56423328548734E-16,1.,0.));
#12450=DIRECTION('ref_axis',(-0.681998360062499,0.,-0.73135370161917));
#12451=DIRECTION('',(1.56423328548734E-16,-1.,0.));
#12452=DIRECTION('center_axis',(2.44005060357177E-16,-1.,0.));
#12453=DIRECTION('ref_axis',(-0.681998360062499,0.,-0.73135370161917));
#12454=DIRECTION('center_axis',(0.,0.,1.));
#12455=DIRECTION('ref_axis',(1.,0.,0.));
#12456=DIRECTION('',(1.,2.44005060357177E-16,0.));
#12457=DIRECTION('center_axis',(2.44005060357177E-16,-1.,0.));
#12458=DIRECTION('ref_axis',(0.,0.,-1.));
#12459=DIRECTION('center_axis',(-2.44005060357177E-16,1.,0.));
#12460=DIRECTION('ref_axis',(0.707106781186558,0.,-0.707106781186537));
#12461=DIRECTION('',(-1.,-2.44005060357177E-16,0.));
#12462=DIRECTION('center_axis',(2.44005060357177E-16,-1.,0.));
#12463=DIRECTION('ref_axis',(-0.707106781186558,0.,0.707106781186537));
#12464=DIRECTION('center_axis',(8.54017711250121E-16,1.,0.));
#12465=DIRECTION('ref_axis',(-0.707106781186558,0.,0.707106781186537));
#12466=DIRECTION('center_axis',(2.44005060357177E-16,-1.,0.));
#12467=DIRECTION('ref_axis',(-0.707106781186558,0.,0.707106781186537));
#12468=DIRECTION('',(8.54017711250121E-16,1.,0.));
#12469=DIRECTION('center_axis',(2.44005060357177E-16,-1.,0.));
#12470=DIRECTION('ref_axis',(-1.,-2.44005060357177E-16,0.));
#12471=DIRECTION('',(1.,2.44005060357177E-16,0.));
#12472=DIRECTION('center_axis',(-2.44005060357177E-16,1.,0.));
#12473=DIRECTION('ref_axis',(0.707106781186558,0.,-0.707106781186537));
#12474=DIRECTION('center_axis',(-2.44005060357177E-16,1.,0.));
#12475=DIRECTION('ref_axis',(0.70710678118655,0.,0.707106781186545));
#12476=DIRECTION('',(-1.,-2.44005060357177E-16,4.75809867696496E-16));
#12477=DIRECTION('center_axis',(2.44005060357177E-16,-1.,0.));
#12478=DIRECTION('ref_axis',(-0.707106781186545,0.,-0.70710678118655));
#12479=DIRECTION('center_axis',(0.,0.,-1.));
#12480=DIRECTION('ref_axis',(1.,0.,0.));
#12481=DIRECTION('',(0.,-1.,0.));
#12482=DIRECTION('center_axis',(0.,-1.,0.));
#12483=DIRECTION('ref_axis',(0.707106781186558,0.,-0.707106781186537));
#12484=DIRECTION('center_axis',(0.,1.,0.));
#12485=DIRECTION('ref_axis',(0.70710678118655,0.,0.707106781186545));
#12486=DIRECTION('center_axis',(-2.44005060357177E-16,1.,0.));
#12487=DIRECTION('ref_axis',(0.70710678118655,0.,0.707106781186545));
#12488=DIRECTION('',(0.,1.,0.));
#12489=DIRECTION('center_axis',(4.75809867696496E-16,0.,1.));
#12490=DIRECTION('ref_axis',(-1.,0.,4.75809867696496E-16));
#12491=DIRECTION('',(1.,2.44005060357177E-16,-4.75809867696496E-16));
#12492=DIRECTION('',(-8.54017711250121E-16,-1.,4.06350054200384E-31));
#12493=DIRECTION('center_axis',(-8.54017711250121E-16,-1.,4.06350054200384E-31));
#12494=DIRECTION('ref_axis',(-0.707106781186545,0.,-0.70710678118655));
#12495=DIRECTION('center_axis',(2.44005060357177E-16,-1.,0.));
#12496=DIRECTION('ref_axis',(-0.707106781186545,0.,-0.70710678118655));
#12497=DIRECTION('center_axis',(0.,1.,0.));
#12498=DIRECTION('ref_axis',(0.70710678118655,0.,-0.707106781186545));
#12499=DIRECTION('center_axis',(-2.44005060357177E-16,1.,0.));
#12500=DIRECTION('ref_axis',(0.70710678118655,0.,-0.707106781186545));
#12501=DIRECTION('center_axis',(-2.44005060357177E-16,1.,0.));
#12502=DIRECTION('ref_axis',(0.70710678118655,0.,-0.707106781186545));
#12503=DIRECTION('center_axis',(2.44005060357177E-16,-1.,0.));
#12504=DIRECTION('ref_axis',(0.,0.,-1.));
#12505=DIRECTION('center_axis',(0.,1.,0.));
#12506=DIRECTION('ref_axis',(0.707106781186548,0.,0.707106781186548));
#12507=DIRECTION('center_axis',(2.44005060357177E-16,-1.,0.));
#12508=DIRECTION('ref_axis',(0.707106781186548,0.,0.707106781186548));
#12509=DIRECTION('',(0.,1.,0.));
#12510=DIRECTION('center_axis',(0.,-1.,0.));
#12511=DIRECTION('ref_axis',(-0.707106781186542,0.,-0.707106781186553));
#12512=DIRECTION('center_axis',(-2.44005060357177E-16,1.,0.));
#12513=DIRECTION('ref_axis',(-0.707106781186542,0.,-0.707106781186553));
#12514=DIRECTION('',(0.,-1.,0.));
#12515=DIRECTION('center_axis',(-1.34301172333688E-16,1.,2.64486481168979E-32));
#12516=DIRECTION('ref_axis',(0.70710678118655,0.,0.707106781186545));
#12517=DIRECTION('',(1.34301172333688E-16,-1.,-2.64486481168979E-32));
#12518=DIRECTION('center_axis',(-1.96935348048808E-16,0.,-1.));
#12519=DIRECTION('ref_axis',(-1.,0.,1.96935348048808E-16));
#12520=DIRECTION('',(-1.,5.88197628940478E-16,1.96935348048808E-16));
#12521=DIRECTION('',(0.,1.,0.));
#12522=DIRECTION('',(-1.,-2.44005060357177E-16,0.));
#12523=DIRECTION('center_axis',(-2.26576127474522E-16,1.,4.4620848523746E-32));
#12524=DIRECTION('ref_axis',(0.707106781186547,0.,-0.707106781186547));
#12525=DIRECTION('center_axis',(-2.44005060357177E-16,1.,0.));
#12526=DIRECTION('ref_axis',(0.707106781186547,0.,-0.707106781186547));
#12527=DIRECTION('',(2.26576127474522E-16,-1.,-4.4620848523746E-32));
#12528=DIRECTION('center_axis',(2.44005060357177E-16,-1.,0.));
#12529=DIRECTION('ref_axis',(-1.,-2.44005060357177E-16,0.));
#12530=DIRECTION('',(1.,-5.88197628940478E-16,-1.96935348048808E-16));
#12531=DIRECTION('center_axis',(-2.44005060357177E-16,1.,0.));
#12532=DIRECTION('ref_axis',(-0.70710678118654,0.,-0.707106781186555));
#12533=DIRECTION('',(0.,0.,1.));
#12534=DIRECTION('center_axis',(-2.44005060357177E-16,1.,0.));
#12535=DIRECTION('ref_axis',(-0.70710678118654,0.,-0.707106781186555));
#12536=DIRECTION('center_axis',(-1.96935348048808E-16,0.,-1.));
#12537=DIRECTION('ref_axis',(-1.,0.,1.96935348048808E-16));
#12538=DIRECTION('',(0.,1.,0.));
#12539=DIRECTION('',(4.69108320264151E-16,-1.,-9.23840103238123E-32));
#12540=DIRECTION('center_axis',(0.,-1.,0.));
#12541=DIRECTION('ref_axis',(-0.70710678118654,0.,-0.707106781186555));
#12542=DIRECTION('',(0.,-1.,0.));
#12543=DIRECTION('center_axis',(-1.,0.,0.));
#12544=DIRECTION('ref_axis',(0.,1.,0.));
#12545=DIRECTION('',(0.,0.,1.));
#12546=DIRECTION('',(0.,-1.,0.));
#12547=DIRECTION('',(0.,0.,1.));
#12548=DIRECTION('',(0.,1.,0.));
#12549=DIRECTION('',(0.,0.,1.));
#12550=DIRECTION('',(0.,-1.,0.));
#12551=DIRECTION('center_axis',(0.,-1.,0.));
#12552=DIRECTION('ref_axis',(-0.70710678118654,0.,-0.707106781186555));
#12553=DIRECTION('center_axis',(-2.44005060357177E-16,1.,0.));
#12554=DIRECTION('ref_axis',(-0.70710678118654,0.,-0.707106781186555));
#12555=DIRECTION('center_axis',(4.69108320264151E-16,-1.,-9.23840103238123E-32));
#12556=DIRECTION('ref_axis',(0.669130606358865,0.,0.743144825477388));
#12557=DIRECTION('',(-4.69108320264151E-16,1.,9.13746041841082E-32));
#12558=DIRECTION('center_axis',(0.,1.,0.));
#12559=DIRECTION('ref_axis',(-0.70710678118654,0.,0.707106781186555));
#12560=DIRECTION('center_axis',(-2.44005060357177E-16,1.,0.));
#12561=DIRECTION('ref_axis',(-0.70710678118654,0.,0.707106781186555));
#12562=DIRECTION('center_axis',(-2.44005060357177E-16,1.,0.));
#12563=DIRECTION('ref_axis',(-0.70710678118654,0.,0.707106781186555));
#12564=DIRECTION('',(0.,-1.,0.));
#12565=DIRECTION('center_axis',(2.44005060357177E-16,-1.,0.));
#12566=DIRECTION('ref_axis',(0.,0.,-1.));
#12567=DIRECTION('',(1.,2.44005060357177E-16,-4.75809867696496E-16));
#12568=DIRECTION('center_axis',(2.44005060357177E-16,-1.,0.));
#12569=DIRECTION('ref_axis',(0.70710678118654,0.,-0.707106781186555));
#12570=DIRECTION('center_axis',(4.75809867696496E-16,0.,1.));
#12571=DIRECTION('ref_axis',(-1.,0.,4.75809867696496E-16));
#12572=DIRECTION('',(-1.,-2.44005060357177E-16,4.75809867696496E-16));
#12573=DIRECTION('',(-8.54017711250121E-16,1.,4.06350054200384E-31));
#12574=DIRECTION('center_axis',(-8.54017711250121E-16,1.,4.06350054200384E-31));
#12575=DIRECTION('ref_axis',(0.70710678118654,0.,-0.707106781186555));
#12576=DIRECTION('center_axis',(2.44005060357177E-16,-1.,0.));
#12577=DIRECTION('ref_axis',(0.70710678118654,0.,-0.707106781186555));
#12578=DIRECTION('center_axis',(0.,1.,0.));
#12579=DIRECTION('ref_axis',(-0.707106781186547,0.,-0.707106781186547));
#12580=DIRECTION('center_axis',(-2.44005060357177E-16,1.,0.));
#12581=DIRECTION('ref_axis',(-0.707106781186547,0.,-0.707106781186547));
#12582=DIRECTION('',(0.,1.,0.));
#12583=DIRECTION('center_axis',(-2.44005060357177E-16,1.,0.));
#12584=DIRECTION('ref_axis',(-0.707106781186547,0.,-0.707106781186547));
#12585=DIRECTION('center_axis',(0.,0.,-1.));
#12586=DIRECTION('ref_axis',(1.,0.,0.));
#12587=DIRECTION('',(-1.,-2.44005060357177E-16,0.));
#12588=DIRECTION('',(8.54017711250121E-16,-1.,0.));
#12589=DIRECTION('',(1.,2.44005060357177E-16,0.));
#12590=DIRECTION('center_axis',(8.54017711250121E-16,-1.,0.));
#12591=DIRECTION('ref_axis',(0.707106781186553,0.,0.707106781186542));
#12592=DIRECTION('center_axis',(2.44005060357177E-16,-1.,0.));
#12593=DIRECTION('ref_axis',(0.707106781186553,0.,0.707106781186542));
#12594=DIRECTION('center_axis',(2.44005060357177E-16,-1.,0.));
#12595=DIRECTION('ref_axis',(0.707106781186553,0.,0.707106781186542));
#12596=DIRECTION('center_axis',(2.44005060357177E-16,-1.,0.));
#12597=DIRECTION('ref_axis',(0.,0.,-1.));
#12598=DIRECTION('center_axis',(-1.34301172333688E-16,1.,0.));
#12599=DIRECTION('ref_axis',(-0.681998360062499,0.,0.73135370161917));
#12600=DIRECTION('',(1.34301172333688E-16,-1.,0.));
#12601=DIRECTION('center_axis',(0.,0.,1.));
#12602=DIRECTION('ref_axis',(1.,0.,0.));
#12603=DIRECTION('center_axis',(1.56423328548734E-16,-1.,0.));
#12604=DIRECTION('ref_axis',(-0.731353701619173,0.,0.681998360062496));
#12605=DIRECTION('center_axis',(0.,1.,0.));
#12606=DIRECTION('ref_axis',(0.707106781186554,0.,0.707106781186541));
#12607=DIRECTION('',(0.,1.,0.));
#12608=DIRECTION('center_axis',(4.69108320264151E-16,-1.,0.));
#12609=DIRECTION('ref_axis',(0.743144825477395,0.,-0.669130606358857));
#12610=DIRECTION('',(4.69108320264151E-16,-1.,0.));
#12611=DIRECTION('center_axis',(8.91745401305347E-17,-1.,0.));
#12612=DIRECTION('ref_axis',(1.,8.91745401305346E-17,0.));
#12613=DIRECTION('center_axis',(8.91745401305347E-17,-1.,0.));
#12614=DIRECTION('ref_axis',(1.,8.91745401305346E-17,0.));
#12615=DIRECTION('',(0.857167300702112,0.515038074910054,1.04972719113862E-16));
#12616=DIRECTION('center_axis',(8.91745401305347E-17,-1.,0.));
#12617=DIRECTION('ref_axis',(1.,8.91745401305346E-17,0.));
#12618=DIRECTION('',(-8.91745401305346E-17,1.,0.));
#12619=DIRECTION('center_axis',(8.91745401305347E-17,-1.,0.));
#12620=DIRECTION('ref_axis',(1.,8.91745401305346E-17,0.));
#12621=DIRECTION('center_axis',(8.91745401305347E-17,-1.,0.));
#12622=DIRECTION('ref_axis',(1.,8.91745401305346E-17,0.));
#12623=DIRECTION('',(0.857167300702112,0.515038074910054,1.04972719113862E-16));
#12624=DIRECTION('center_axis',(8.91745401305347E-17,-1.,0.));
#12625=DIRECTION('ref_axis',(1.,8.91745401305346E-17,0.));
#12626=DIRECTION('',(-8.91745401305346E-17,1.,0.));
#12627=DIRECTION('center_axis',(8.91745401305347E-17,-1.,0.));
#12628=DIRECTION('ref_axis',(1.,8.91745401305346E-17,0.));
#12629=DIRECTION('center_axis',(8.91745401305347E-17,-1.,0.));
#12630=DIRECTION('ref_axis',(1.,8.91745401305346E-17,0.));
#12631=DIRECTION('',(0.857167300702112,0.515038074910054,1.04972719113862E-16));
#12632=DIRECTION('center_axis',(8.91745401305347E-17,-1.,0.));
#12633=DIRECTION('ref_axis',(1.,8.91745401305346E-17,0.));
#12634=DIRECTION('',(-8.91745401305346E-17,1.,0.));
#12635=DIRECTION('center_axis',(8.91745401305347E-17,-1.,0.));
#12636=DIRECTION('ref_axis',(1.,8.91745401305346E-17,0.));
#12637=DIRECTION('center_axis',(8.91745401305347E-17,-1.,0.));
#12638=DIRECTION('ref_axis',(1.,8.91745401305346E-17,0.));
#12639=DIRECTION('',(0.857167300702112,0.515038074910054,1.04972719113862E-16));
#12640=DIRECTION('center_axis',(8.91745401305347E-17,-1.,0.));
#12641=DIRECTION('ref_axis',(1.,8.91745401305346E-17,0.));
#12642=DIRECTION('',(-8.91745401305346E-17,1.,0.));
#12643=DIRECTION('center_axis',(0.,1.,0.));
#12644=DIRECTION('ref_axis',(1.,8.91745401305347E-17,0.));
#12645=DIRECTION('',(0.499999999999998,-0.86602540378444,-6.12323399573674E-17));
#12646=DIRECTION('center_axis',(8.91745401305347E-17,-1.,0.));
#12647=DIRECTION('ref_axis',(1.,8.91745401305346E-17,0.));
#12648=DIRECTION('center_axis',(8.91745401305347E-17,-1.,0.));
#12649=DIRECTION('ref_axis',(1.,8.91745401305346E-17,0.));
#12650=DIRECTION('',(-8.91745401305346E-17,1.,0.));
#12651=DIRECTION('center_axis',(0.,1.,0.));
#12652=DIRECTION('ref_axis',(1.,8.91745401305347E-17,0.));
#12653=DIRECTION('',(0.499999999999996,-0.866025403784441,-6.12323399573672E-17));
#12654=DIRECTION('center_axis',(8.91745401305347E-17,-1.,0.));
#12655=DIRECTION('ref_axis',(1.,8.91745401305346E-17,0.));
#12656=DIRECTION('center_axis',(8.91745401305347E-17,-1.,0.));
#12657=DIRECTION('ref_axis',(1.,8.91745401305346E-17,0.));
#12658=DIRECTION('',(-8.91745401305346E-17,1.,0.));
#12659=DIRECTION('center_axis',(0.,-1.,0.));
#12660=DIRECTION('ref_axis',(-0.449927571882459,0.,0.893065048056386));
#12661=DIRECTION('center_axis',(-8.91745401305347E-17,1.,0.));
#12662=DIRECTION('ref_axis',(-0.449927571882459,0.,0.893065048056386));
#12663=DIRECTION('',(0.,-1.,0.));
#12664=DIRECTION('',(0.,1.,0.));
#12665=DIRECTION('center_axis',(8.91745401305347E-17,-1.,0.));
#12666=DIRECTION('ref_axis',(0.0463864114559997,4.13648690989455E-18,-0.998923571066493));
#12667=DIRECTION('',(0.,-1.,0.));
#12668=DIRECTION('center_axis',(8.91745401305347E-17,-1.,0.));
#12669=DIRECTION('ref_axis',(1.,8.91745401305347E-17,0.));
#12670=DIRECTION('center_axis',(0.,1.,0.));
#12671=DIRECTION('ref_axis',(0.365228373234489,0.,0.930917953089578));
#12672=DIRECTION('',(0.,1.,0.));
#12673=DIRECTION('center_axis',(-8.91745401305347E-17,1.,0.));
#12674=DIRECTION('ref_axis',(0.365228373234489,0.,0.930917953089578));
#12675=DIRECTION('center_axis',(0.,1.,0.));
#12676=DIRECTION('ref_axis',(0.707106781186553,0.,-0.707106781186542));
#12677=DIRECTION('',(0.,1.,0.));
#12678=DIRECTION('center_axis',(-8.91745401305347E-17,1.,0.));
#12679=DIRECTION('ref_axis',(0.707106781186553,0.,-0.707106781186542));
#12680=DIRECTION('center_axis',(0.,1.,0.));
#12681=DIRECTION('ref_axis',(-0.365228373234483,0.,-0.93091795308958));
#12682=DIRECTION('',(0.,1.,0.));
#12683=DIRECTION('center_axis',(-8.91745401305347E-17,1.,0.));
#12684=DIRECTION('ref_axis',(-0.365228373234483,0.,-0.93091795308958));
#12685=DIRECTION('',(0.,-1.,0.));
#12686=DIRECTION('center_axis',(8.91745401305347E-17,-1.,0.));
#12687=DIRECTION('ref_axis',(-0.0463864114560045,-4.13648690989498E-18,
0.998923571066493));
#12688=DIRECTION('center_axis',(8.91745401305347E-17,-1.,0.));
#12689=DIRECTION('ref_axis',(1.,8.91745401305347E-17,0.));
#12690=DIRECTION('',(3.65464327888437E-16,1.,-1.58441331402216E-16));
#12691=DIRECTION('center_axis',(0.,1.,0.));
#12692=DIRECTION('ref_axis',(-0.707106781186552,0.,0.707106781186543));
#12693=DIRECTION('',(0.,1.,0.));
#12694=DIRECTION('center_axis',(-8.91745401305347E-17,1.,0.));
#12695=DIRECTION('ref_axis',(-0.707106781186552,0.,0.707106781186543));
#12696=DIRECTION('center_axis',(3.65464327888437E-16,1.,-1.58441331402216E-16));
#12697=DIRECTION('ref_axis',(0.397762687638511,0.,0.917488334706544));
#12698=DIRECTION('center_axis',(-8.91745401305347E-17,1.,0.));
#12699=DIRECTION('ref_axis',(0.397762687638511,0.,0.917488334706544));
#12700=DIRECTION('',(-3.65464327888437E-16,-1.,1.58441331402216E-16));
#12701=DIRECTION('center_axis',(0.,1.,0.));
#12702=DIRECTION('ref_axis',(-0.707106781186552,0.,0.707106781186543));
#12703=DIRECTION('center_axis',(-8.91745401305347E-17,1.,0.));
#12704=DIRECTION('ref_axis',(-0.707106781186552,0.,0.707106781186543));
#12705=DIRECTION('',(0.,1.,0.));
#12706=DIRECTION('center_axis',(8.91745401305347E-17,-1.,0.));
#12707=DIRECTION('ref_axis',(1.,8.91745401305347E-17,0.));
#12708=DIRECTION('',(-0.70710678118654,-6.30559220354923E-17,-0.707106781186555));
#12709=DIRECTION('center_axis',(-8.91745401305347E-17,1.,0.));
#12710=DIRECTION('ref_axis',(0.965925826289066,8.61359913595342E-17,0.258819045102528));
#12711=DIRECTION('',(-0.258819045102543,-2.30800693240433E-17,0.965925826289062));
#12712=DIRECTION('center_axis',(-8.91745401305347E-17,1.,0.));
#12713=DIRECTION('ref_axis',(0.707106781186553,0.,-0.707106781186542));
#12714=DIRECTION('center_axis',(8.91745401305347E-17,-1.,0.));
#12715=DIRECTION('ref_axis',(1.,8.91745401305347E-17,0.));
#12716=DIRECTION('center_axis',(8.91745401305347E-17,-1.,0.));
#12717=DIRECTION('ref_axis',(1.,8.91745401305347E-17,0.));
#12718=DIRECTION('',(-8.91745401305347E-17,1.,0.));
#12719=DIRECTION('center_axis',(8.91745401305347E-17,-1.,0.));
#12720=DIRECTION('ref_axis',(1.,8.91745401305347E-17,0.));
#12721=DIRECTION('',(0.707106781186538,6.30559220354922E-17,0.707106781186556));
#12722=DIRECTION('center_axis',(-8.91745401305347E-17,1.,0.));
#12723=DIRECTION('ref_axis',(0.965925826289067,8.61359913595342E-17,0.258819045102527));
#12724=DIRECTION('',(0.258819045102523,2.30800693240416E-17,-0.965925826289068));
#12725=DIRECTION('center_axis',(8.91745401305347E-17,-1.,0.));
#12726=DIRECTION('ref_axis',(1.,8.91745401305347E-17,0.));
#12727=DIRECTION('center_axis',(8.91745401305347E-17,-1.,0.));
#12728=DIRECTION('ref_axis',(1.,8.91745401305347E-17,0.));
#12729=DIRECTION('',(-8.91745401305347E-17,1.,0.));
#12730=DIRECTION('center_axis',(8.91745401305347E-17,-1.,0.));
#12731=DIRECTION('ref_axis',(-1.,-8.91745401305347E-17,0.));
#12732=DIRECTION('center_axis',(-8.91745401305347E-17,1.,0.));
#12733=DIRECTION('ref_axis',(-1.,-8.91745401305347E-17,0.));
#12734=DIRECTION('',(8.91745401305347E-17,-1.,0.));
#12735=DIRECTION('center_axis',(8.91745401305347E-17,-1.,0.));
#12736=DIRECTION('ref_axis',(-1.,-8.91745401305347E-17,0.));
#12737=DIRECTION('center_axis',(8.91745401305347E-17,-1.,0.));
#12738=DIRECTION('ref_axis',(-1.,-8.91745401305347E-17,0.));
#12739=DIRECTION('center_axis',(-8.91745401305347E-17,1.,0.));
#12740=DIRECTION('ref_axis',(-1.,0.,0.));
#12741=DIRECTION('center_axis',(8.91745401305347E-17,-1.,0.));
#12742=DIRECTION('ref_axis',(-1.,-8.91745401305347E-17,0.));
#12743=DIRECTION('center_axis',(-8.91745401305347E-17,1.,0.));
#12744=DIRECTION('ref_axis',(-1.,-8.91745401305347E-17,0.));
#12745=DIRECTION('',(8.91745401305347E-17,-1.,0.));
#12746=DIRECTION('center_axis',(8.91745401305347E-17,-1.,0.));
#12747=DIRECTION('ref_axis',(-1.,-8.91745401305347E-17,0.));
#12748=DIRECTION('center_axis',(8.91745401305347E-17,-1.,0.));
#12749=DIRECTION('ref_axis',(-1.,-8.91745401305347E-17,0.));
#12750=DIRECTION('center_axis',(-8.91745401305347E-17,1.,0.));
#12751=DIRECTION('ref_axis',(-1.,0.,0.));
#12752=DIRECTION('center_axis',(8.91745401305347E-17,-1.,0.));
#12753=DIRECTION('ref_axis',(-1.,-8.91745401305347E-17,0.));
#12754=DIRECTION('center_axis',(-8.91745401305347E-17,1.,0.));
#12755=DIRECTION('ref_axis',(-1.,-8.91745401305347E-17,0.));
#12756=DIRECTION('',(8.91745401305347E-17,-1.,0.));
#12757=DIRECTION('center_axis',(8.91745401305347E-17,-1.,0.));
#12758=DIRECTION('ref_axis',(-1.,-8.91745401305347E-17,0.));
#12759=DIRECTION('center_axis',(8.91745401305347E-17,-1.,0.));
#12760=DIRECTION('ref_axis',(-1.,-8.91745401305347E-17,0.));
#12761=DIRECTION('center_axis',(-8.91745401305347E-17,1.,0.));
#12762=DIRECTION('ref_axis',(-1.,0.,0.));
#12763=DIRECTION('center_axis',(8.91745401305347E-17,-1.,0.));
#12764=DIRECTION('ref_axis',(-1.,-8.91745401305347E-17,0.));
#12765=DIRECTION('center_axis',(-8.91745401305347E-17,1.,0.));
#12766=DIRECTION('ref_axis',(-1.,-8.91745401305347E-17,0.));
#12767=DIRECTION('',(8.91745401305347E-17,-1.,0.));
#12768=DIRECTION('center_axis',(8.91745401305347E-17,-1.,0.));
#12769=DIRECTION('ref_axis',(-1.,-8.91745401305347E-17,0.));
#12770=DIRECTION('center_axis',(8.91745401305347E-17,-1.,0.));
#12771=DIRECTION('ref_axis',(-1.,-8.91745401305347E-17,0.));
#12772=DIRECTION('center_axis',(-8.91745401305347E-17,1.,0.));
#12773=DIRECTION('ref_axis',(-1.,0.,0.));
#12774=DIRECTION('center_axis',(8.91745401305347E-17,-1.,0.));
#12775=DIRECTION('ref_axis',(0.965925826289067,8.61359913595343E-17,-0.258819045102526));
#12776=DIRECTION('center_axis',(-8.91745401305347E-17,1.,0.));
#12777=DIRECTION('ref_axis',(0.965925826289067,8.61359913595343E-17,-0.258819045102526));
#12778=DIRECTION('center_axis',(-8.91745401305347E-17,1.,0.));
#12779=DIRECTION('ref_axis',(0.965925826289067,8.61359913595343E-17,-0.258819045102526));
#12780=DIRECTION('center_axis',(-8.91745401305347E-17,1.,0.));
#12781=DIRECTION('ref_axis',(0.965925826289067,8.61359913595343E-17,-0.258819045102526));
#12782=DIRECTION('',(-8.91745401305347E-17,1.,0.));
#12783=DIRECTION('center_axis',(8.91745401305347E-17,-1.,0.));
#12784=DIRECTION('ref_axis',(0.965925826289067,8.61359913595343E-17,-0.258819045102526));
#12785=DIRECTION('center_axis',(-8.91745401305347E-17,1.,0.));
#12786=DIRECTION('ref_axis',(0.965925826289067,8.61359913595343E-17,-0.258819045102526));
#12787=DIRECTION('center_axis',(8.91745401305347E-17,-1.,0.));
#12788=DIRECTION('ref_axis',(0.965925826289067,8.61359913595342E-17,-0.258819045102526));
#12789=DIRECTION('center_axis',(8.91745401305347E-17,-1.,0.));
#12790=DIRECTION('ref_axis',(-1.,0.,0.));
#12791=DIRECTION('center_axis',(8.91745401305347E-17,-1.,0.));
#12792=DIRECTION('ref_axis',(0.,0.,-1.));
#12793=DIRECTION('',(-0.258819045102518,-2.30800693240412E-17,-0.965925826289069));
#12794=DIRECTION('center_axis',(-8.91745401305347E-17,1.,0.));
#12795=DIRECTION('ref_axis',(-0.258819045102515,0.,0.96592582628907));
#12796=DIRECTION('',(0.96592582628907,8.61359913595345E-17,0.258819045102514));
#12797=DIRECTION('center_axis',(8.91745401305347E-17,-1.,0.));
#12798=DIRECTION('ref_axis',(0.,0.,-1.));
#12799=DIRECTION('',(-0.707106781186544,-6.30559220354926E-17,0.707106781186551));
#12800=DIRECTION('center_axis',(-8.91745401305347E-17,1.,0.));
#12801=DIRECTION('ref_axis',(0.965925826289067,0.,-0.258819045102525));
#12802=DIRECTION('',(-0.258819045102518,-2.30800693240412E-17,-0.965925826289069));
#12803=DIRECTION('center_axis',(8.91745401305347E-17,-1.,0.));
#12804=DIRECTION('ref_axis',(0.,0.,-1.));
#12805=DIRECTION('',(0.96592582628907,8.61359913595345E-17,0.258819045102514));
#12806=DIRECTION('center_axis',(-8.91745401305347E-17,1.,0.));
#12807=DIRECTION('ref_axis',(-0.707106781186552,0.,-0.707106781186543));
#12808=DIRECTION('',(-0.707106781186544,-6.30559220354926E-17,0.707106781186551));
#12809=DIRECTION('center_axis',(8.91745401305346E-17,-1.,3.08148791101958E-33));
#12810=DIRECTION('ref_axis',(0.965925826289066,8.61359913595342E-17,0.258819045102528));
#12811=DIRECTION('center_axis',(-8.91745401305347E-17,1.,0.));
#12812=DIRECTION('ref_axis',(0.965925826289066,8.61359913595342E-17,0.258819045102528));
#12813=DIRECTION('center_axis',(-8.91745401305347E-17,1.,0.));
#12814=DIRECTION('ref_axis',(0.965925826289066,8.61359913595342E-17,0.258819045102528));
#12815=DIRECTION('',(-8.91745401305347E-17,1.,-3.08148791101958E-33));
#12816=DIRECTION('center_axis',(8.91745401305346E-17,-1.,3.08148791101958E-33));
#12817=DIRECTION('ref_axis',(0.965925826289066,8.61359913595342E-17,0.258819045102528));
#12818=DIRECTION('center_axis',(8.91745401305346E-17,-1.,3.08148791101958E-33));
#12819=DIRECTION('ref_axis',(0.965925826289066,8.61359913595342E-17,0.258819045102528));
#12820=DIRECTION('center_axis',(8.91745401305346E-17,-1.,3.08148791101958E-33));
#12821=DIRECTION('ref_axis',(-1.,0.,0.));
#12822=DIRECTION('center_axis',(8.91745401305347E-17,-1.,0.));
#12823=DIRECTION('ref_axis',(0.,0.,-1.));
#12824=DIRECTION('',(0.965925826289072,8.61359913595347E-17,-0.258819045102509));
#12825=DIRECTION('center_axis',(-8.91745401305347E-17,1.,0.));
#12826=DIRECTION('ref_axis',(-0.965925826289066,0.,-0.258819045102528));
#12827=DIRECTION('',(-0.258819045102543,-2.30800693240433E-17,0.965925826289062));
#12828=DIRECTION('center_axis',(8.91745401305347E-17,-1.,0.));
#12829=DIRECTION('ref_axis',(0.,0.,-1.));
#12830=DIRECTION('',(-0.70710678118654,-6.30559220354923E-17,-0.707106781186555));
#12831=DIRECTION('center_axis',(-8.91745401305347E-17,1.,0.));
#12832=DIRECTION('ref_axis',(0.258819045102512,0.,0.965925826289071));
#12833=DIRECTION('',(0.965925826289072,8.61359913595347E-17,-0.258819045102509));
#12834=DIRECTION('center_axis',(8.91745401305346E-17,-1.,0.));
#12835=DIRECTION('ref_axis',(0.965925826289067,8.61359913595342E-17,0.258819045102527));
#12836=DIRECTION('center_axis',(-8.91745401305347E-17,1.,0.));
#12837=DIRECTION('ref_axis',(0.965925826289067,8.61359913595342E-17,0.258819045102527));
#12838=DIRECTION('center_axis',(-8.91745401305347E-17,1.,0.));
#12839=DIRECTION('ref_axis',(0.965925826289067,8.61359913595342E-17,0.258819045102527));
#12840=DIRECTION('',(-8.91745401305347E-17,1.,0.));
#12841=DIRECTION('center_axis',(8.91745401305346E-17,-1.,0.));
#12842=DIRECTION('ref_axis',(0.965925826289067,8.61359913595342E-17,0.258819045102527));
#12843=DIRECTION('center_axis',(-8.91745401305347E-17,1.,0.));
#12844=DIRECTION('ref_axis',(0.965925826289067,8.61359913595342E-17,0.258819045102527));
#12845=DIRECTION('center_axis',(8.91745401305346E-17,-1.,0.));
#12846=DIRECTION('ref_axis',(0.965925826289067,8.61359913595342E-17,0.258819045102527));
#12847=DIRECTION('center_axis',(8.91745401305346E-17,-1.,0.));
#12848=DIRECTION('ref_axis',(-1.,0.,0.));
#12849=DIRECTION('center_axis',(8.91745401305347E-17,-1.,0.));
#12850=DIRECTION('ref_axis',(0.,0.,-1.));
#12851=DIRECTION('',(-0.96592582628907,-8.61359913595345E-17,0.258819045102514));
#12852=DIRECTION('center_axis',(-8.91745401305347E-17,1.,0.));
#12853=DIRECTION('ref_axis',(0.965925826289067,0.,0.258819045102525));
#12854=DIRECTION('',(0.258819045102523,2.30800693240416E-17,-0.965925826289068));
#12855=DIRECTION('center_axis',(8.91745401305347E-17,-1.,0.));
#12856=DIRECTION('ref_axis',(0.,0.,-1.));
#12857=DIRECTION('',(0.707106781186538,6.30559220354922E-17,0.707106781186556));
#12858=DIRECTION('center_axis',(-8.91745401305347E-17,1.,0.));
#12859=DIRECTION('ref_axis',(-0.258819045102513,0.,-0.96592582628907));
#12860=DIRECTION('',(-0.96592582628907,-8.61359913595345E-17,0.258819045102514));
#12861=DIRECTION('center_axis',(8.91745401305347E-17,-1.,0.));
#12862=DIRECTION('ref_axis',(0.965925826289069,8.61359913595344E-17,-0.258819045102519));
#12863=DIRECTION('center_axis',(-8.91745401305347E-17,1.,0.));
#12864=DIRECTION('ref_axis',(0.965925826289069,8.61359913595344E-17,-0.258819045102519));
#12865=DIRECTION('center_axis',(-8.91745401305347E-17,1.,0.));
#12866=DIRECTION('ref_axis',(0.965925826289069,8.61359913595344E-17,-0.258819045102519));
#12867=DIRECTION('',(-8.91745401305347E-17,1.,0.));
#12868=DIRECTION('center_axis',(8.91745401305347E-17,-1.,0.));
#12869=DIRECTION('ref_axis',(0.965925826289069,8.61359913595344E-17,-0.258819045102519));
#12870=DIRECTION('center_axis',(-8.91745401305347E-17,1.,0.));
#12871=DIRECTION('ref_axis',(0.965925826289069,8.61359913595344E-17,-0.258819045102519));
#12872=DIRECTION('center_axis',(8.91745401305347E-17,-1.,0.));
#12873=DIRECTION('ref_axis',(0.965925826289069,8.61359913595344E-17,-0.258819045102519));
#12874=DIRECTION('center_axis',(8.91745401305347E-17,-1.,0.));
#12875=DIRECTION('ref_axis',(-1.,0.,0.));
#12876=DIRECTION('center_axis',(8.91745401305347E-17,-1.,0.));
#12877=DIRECTION('ref_axis',(0.,0.,-1.));
#12878=DIRECTION('',(0.70710678118654,6.30559220354923E-17,-0.707106781186555));
#12879=DIRECTION('center_axis',(-8.91745401305347E-17,1.,0.));
#12880=DIRECTION('ref_axis',(-0.965925826289068,0.,0.25881904510252));
#12881=DIRECTION('',(0.258819045102526,2.30800693240419E-17,0.965925826289067));
#12882=DIRECTION('center_axis',(8.91745401305347E-17,-1.,0.));
#12883=DIRECTION('ref_axis',(0.,0.,-1.));
#12884=DIRECTION('',(-0.965925826289066,-8.61359913595342E-17,-0.25881904510253));
#12885=DIRECTION('center_axis',(-8.91745401305347E-17,1.,0.));
#12886=DIRECTION('ref_axis',(0.707106781186548,0.,0.707106781186548));
#12887=DIRECTION('',(0.70710678118654,6.30559220354923E-17,-0.707106781186555));
#12888=DIRECTION('center_axis',(8.91745401305347E-17,-1.,0.));
#12889=DIRECTION('ref_axis',(0.,0.,-1.));
#12890=DIRECTION('',(0.258819045102526,2.30800693240419E-17,0.965925826289067));
#12891=DIRECTION('center_axis',(-8.91745401305347E-17,1.,0.));
#12892=DIRECTION('ref_axis',(0.258819045102521,0.,-0.965925826289068));
#12893=DIRECTION('',(-0.965925826289066,-8.61359913595342E-17,-0.25881904510253));
#12894=DIRECTION('center_axis',(-0.965925826289062,0.,-0.258819045102543));
#12895=DIRECTION('ref_axis',(-0.258819045102543,0.,0.965925826289062));
#12896=DIRECTION('',(0.,1.,0.));
#12897=DIRECTION('',(0.,-1.,0.));
#12898=DIRECTION('center_axis',(0.,1.,0.));
#12899=DIRECTION('ref_axis',(-0.965925826289066,0.,-0.258819045102528));
#12900=DIRECTION('',(0.,1.,0.));
#12901=DIRECTION('center_axis',(0.,1.,0.));
#12902=DIRECTION('ref_axis',(0.707106781186553,0.,-0.707106781186542));
#12903=DIRECTION('center_axis',(0.707106781186555,0.,-0.70710678118654));
#12904=DIRECTION('ref_axis',(-0.70710678118654,0.,-0.707106781186555));
#12905=DIRECTION('',(0.,1.,0.));
#12906=DIRECTION('center_axis',(0.,1.,0.));
#12907=DIRECTION('ref_axis',(0.258819045102512,0.,0.965925826289071));
#12908=DIRECTION('',(0.,1.,0.));
#12909=DIRECTION('center_axis',(0.258819045102509,0.,0.965925826289071));
#12910=DIRECTION('ref_axis',(0.965925826289072,0.,-0.258819045102509));
#12911=DIRECTION('center_axis',(-0.707106781186557,0.,0.707106781186539));
#12912=DIRECTION('ref_axis',(0.707106781186538,0.,0.707106781186556));
#12913=DIRECTION('',(0.,-1.,0.));
#12914=DIRECTION('center_axis',(0.,1.,0.));
#12915=DIRECTION('ref_axis',(-0.258819045102513,0.,-0.96592582628907));
#12916=DIRECTION('',(0.,1.,0.));
#12917=DIRECTION('center_axis',(-0.258819045102514,0.,-0.96592582628907));
#12918=DIRECTION('ref_axis',(-0.96592582628907,0.,0.258819045102514));
#12919=DIRECTION('',(0.,1.,0.));
#12920=DIRECTION('center_axis',(0.,1.,0.));
#12921=DIRECTION('ref_axis',(0.965925826289067,0.,0.258819045102525));
#12922=DIRECTION('',(0.,1.,0.));
#12923=DIRECTION('center_axis',(0.965925826289068,0.,0.258819045102523));
#12924=DIRECTION('ref_axis',(0.258819045102523,0.,-0.965925826289068));
#12925=DIRECTION('center_axis',(0.,1.,0.));
#12926=DIRECTION('ref_axis',(0.965925826289067,0.,-0.258819045102525));
#12927=DIRECTION('',(0.,-1.,0.));
#12928=DIRECTION('',(0.,1.,0.));
#12929=DIRECTION('center_axis',(0.,1.,0.));
#12930=DIRECTION('ref_axis',(-0.707106781186552,0.,-0.707106781186543));
#12931=DIRECTION('',(0.,1.,0.));
#12932=DIRECTION('',(0.,1.,0.));
#12933=DIRECTION('center_axis',(-0.707106781186551,0.,-0.707106781186544));
#12934=DIRECTION('ref_axis',(-0.707106781186544,0.,0.707106781186551));
#12935=DIRECTION('center_axis',(0.965925826289069,0.,-0.258819045102518));
#12936=DIRECTION('ref_axis',(-0.258819045102518,0.,-0.965925826289069));
#12937=DIRECTION('',(0.,1.,0.));
#12938=DIRECTION('center_axis',(0.,1.,0.));
#12939=DIRECTION('ref_axis',(-0.258819045102515,0.,0.96592582628907));
#12940=DIRECTION('',(0.,1.,0.));
#12941=DIRECTION('center_axis',(-0.258819045102514,0.,0.96592582628907));
#12942=DIRECTION('ref_axis',(0.96592582628907,0.,0.258819045102514));
#12943=DIRECTION('center_axis',(0.,1.,0.));
#12944=DIRECTION('ref_axis',(0.258819045102521,0.,-0.965925826289068));
#12945=DIRECTION('',(0.,-1.,0.));
#12946=DIRECTION('',(0.,1.,0.));
#12947=DIRECTION('center_axis',(-0.965925826289067,0.,0.258819045102526));
#12948=DIRECTION('ref_axis',(0.258819045102526,0.,0.965925826289067));
#12949=DIRECTION('',(0.,1.,0.));
#12950=DIRECTION('center_axis',(0.,1.,0.));
#12951=DIRECTION('ref_axis',(-0.965925826289068,0.,0.25881904510252));
#12952=DIRECTION('',(0.,1.,0.));
#12953=DIRECTION('center_axis',(0.25881904510253,0.,-0.965925826289066));
#12954=DIRECTION('ref_axis',(-0.965925826289066,0.,-0.25881904510253));
#12955=DIRECTION('',(0.,1.,0.));
#12956=DIRECTION('center_axis',(0.,1.,0.));
#12957=DIRECTION('ref_axis',(0.707106781186548,0.,0.707106781186548));
#12958=DIRECTION('',(0.,1.,0.));
#12959=DIRECTION('center_axis',(0.707106781186555,0.,0.70710678118654));
#12960=DIRECTION('ref_axis',(0.70710678118654,0.,-0.707106781186555));
#12961=DIRECTION('center_axis',(-0.994521895368273,-4.6653849580213E-16,
-0.104528463267653));
#12962=DIRECTION('ref_axis',(4.69108320264151E-16,-1.,0.));
#12963=DIRECTION('center_axis',(0.,1.,0.));
#12964=DIRECTION('ref_axis',(-1.,0.,0.));
#12965=DIRECTION('',(0.,1.,0.));
#12966=DIRECTION('center_axis',(0.,1.,0.));
#12967=DIRECTION('ref_axis',(-1.,0.,0.));
#12968=DIRECTION('',(0.,1.,0.));
#12969=DIRECTION('center_axis',(0.,1.,0.));
#12970=DIRECTION('ref_axis',(-1.,0.,0.));
#12971=DIRECTION('',(0.,1.,0.));
#12972=DIRECTION('center_axis',(0.,1.,0.));
#12973=DIRECTION('ref_axis',(-1.,0.,0.));
#12974=DIRECTION('',(0.,1.,0.));
#12975=DIRECTION('center_axis',(8.91745401305347E-17,-1.,0.));
#12976=DIRECTION('ref_axis',(0.,0.,-1.));
#12977=DIRECTION('center_axis',(8.91745401305347E-17,-1.,0.));
#12978=DIRECTION('ref_axis',(0.,0.,-1.));
#12979=DIRECTION('center_axis',(8.91745401305347E-17,-1.,0.));
#12980=DIRECTION('ref_axis',(0.,0.,-1.));
#12981=DIRECTION('center_axis',(8.91745401305347E-17,-1.,0.));
#12982=DIRECTION('ref_axis',(0.,0.,-1.));
#12983=DIRECTION('center_axis',(2.44005060357177E-16,-1.,0.));
#12984=DIRECTION('ref_axis',(-1.,-2.44005060357177E-16,0.));
#12985=DIRECTION('center_axis',(2.44005060357177E-16,-1.,0.));
#12986=DIRECTION('ref_axis',(-1.,-2.44005060357177E-16,0.));
#12987=DIRECTION('',(0.,0.,-1.));
#12988=DIRECTION('center_axis',(1.,0.,0.));
#12989=DIRECTION('ref_axis',(0.,1.,0.));
#12990=DIRECTION('center_axis',(-1.,0.,0.));
#12991=DIRECTION('ref_axis',(0.,1.,0.));
#12992=DIRECTION('center_axis',(3.54326497220795E-16,-1.,0.));
#12993=DIRECTION('ref_axis',(1.,3.54326497220795E-16,0.));
#12994=DIRECTION('axis',(0.,0.,1.));
#12995=DIRECTION('refdir',(1.,0.,0.));
#12996=DIRECTION('axis',(0.,0.,1.));
#12997=DIRECTION('refdir',(1.,0.,0.));
#12998=DIRECTION('center_axis',(0.,0.,1.));
#12999=DIRECTION('ref_axis',(-6.12323399573677E-17,-1.,0.));
#13000=DIRECTION('',(0.,0.,-1.));
#13001=DIRECTION('center_axis',(0.,0.,-1.));
#13002=DIRECTION('ref_axis',(-1.,0.,0.));
#13003=DIRECTION('',(0.,0.,1.));
#13004=DIRECTION('center_axis',(0.,0.,-1.));
#13005=DIRECTION('ref_axis',(-1.,0.,0.));
#13006=DIRECTION('center_axis',(0.,0.,1.));
#13007=DIRECTION('ref_axis',(1.,0.,0.));
#13008=DIRECTION('',(0.124034734589208,0.992277876713668,0.));
#13009=DIRECTION('',(1.,0.,0.));
#13010=DIRECTION('',(-4.2700885562506E-16,-1.,0.));
#13011=DIRECTION('',(-1.,-1.26161707343768E-16,0.));
#13012=DIRECTION('',(0.,1.,0.));
#13013=DIRECTION('',(-1.,-1.26161707343768E-16,0.));
#13014=DIRECTION('',(-1.,-1.26161707343768E-16,0.));
#13015=DIRECTION('',(0.,-1.,0.));
#13016=DIRECTION('',(-1.,-1.26161707343768E-16,0.));
#13017=DIRECTION('',(-4.2700885562506E-16,1.,0.));
#13018=DIRECTION('',(1.,0.,0.));
#13019=DIRECTION('',(0.124034734589208,-0.992277876713668,0.));
#13020=DIRECTION('',(1.,0.,0.));
#13021=DIRECTION('center_axis',(0.,0.,1.));
#13022=DIRECTION('ref_axis',(1.,0.,0.));
#13023=DIRECTION('',(-1.,-1.26161707343768E-16,0.));
#13024=DIRECTION('center_axis',(0.,-1.,0.));
#13025=DIRECTION('ref_axis',(1.,0.,0.));
#13026=DIRECTION('',(1.,0.,0.));
#13027=DIRECTION('',(0.,0.,1.));
#13028=DIRECTION('',(-1.,0.,0.));
#13029=DIRECTION('',(0.,0.,1.));
#13030=DIRECTION('center_axis',(1.,0.,0.));
#13031=DIRECTION('ref_axis',(0.,1.,0.));
#13032=DIRECTION('',(0.,1.,0.));
#13033=DIRECTION('',(0.,0.,1.));
#13034=DIRECTION('',(0.,-1.,0.));
#13035=DIRECTION('center_axis',(0.,-1.,0.));
#13036=DIRECTION('ref_axis',(1.,0.,0.));
#13037=DIRECTION('',(1.,0.,0.));
#13038=DIRECTION('',(0.,0.,1.));
#13039=DIRECTION('',(-1.,0.,0.));
#13040=DIRECTION('center_axis',(-1.,0.,0.));
#13041=DIRECTION('ref_axis',(0.,-1.,0.));
#13042=DIRECTION('',(0.,-1.,0.));
#13043=DIRECTION('',(0.,0.,1.));
#13044=DIRECTION('',(0.,1.,0.));
#13045=DIRECTION('center_axis',(0.,-1.,0.));
#13046=DIRECTION('ref_axis',(1.,0.,0.));
#13047=DIRECTION('',(1.,0.,0.));
#13048=DIRECTION('',(0.,0.,1.));
#13049=DIRECTION('',(-1.,0.,0.));
#13050=DIRECTION('center_axis',(-1.,4.2700885562506E-16,0.));
#13051=DIRECTION('ref_axis',(-4.2700885562506E-16,-1.,0.));
#13052=DIRECTION('',(-4.2700885562506E-16,-1.,0.));
#13053=DIRECTION('',(0.,0.,1.));
#13054=DIRECTION('center_axis',(1.,4.2700885562506E-16,0.));
#13055=DIRECTION('ref_axis',(-4.2700885562506E-16,1.,0.));
#13056=DIRECTION('',(-4.2700885562506E-16,1.,0.));
#13057=DIRECTION('',(0.,0.,1.));
#13058=DIRECTION('center_axis',(0.,0.,1.));
#13059=DIRECTION('ref_axis',(-6.12323399573677E-17,-1.,0.));
#13060=DIRECTION('',(0.,0.,-1.));
#13061=DIRECTION('center_axis',(0.,0.,-1.));
#13062=DIRECTION('ref_axis',(-1.,0.,0.));
#13063=DIRECTION('',(0.,0.,1.));
#13064=DIRECTION('center_axis',(0.,0.,-1.));
#13065=DIRECTION('ref_axis',(-1.,0.,0.));
#13066=DIRECTION('center_axis',(0.,0.,1.));
#13067=DIRECTION('ref_axis',(1.,0.,0.));
#13068=DIRECTION('',(0.124034734589208,0.992277876713668,0.));
#13069=DIRECTION('',(1.,0.,0.));
#13070=DIRECTION('',(-4.2700885562506E-16,-1.,0.));
#13071=DIRECTION('',(-1.,-1.26161707343768E-16,0.));
#13072=DIRECTION('',(0.,1.,0.));
#13073=DIRECTION('',(-1.,-1.26161707343768E-16,0.));
#13074=DIRECTION('',(-1.,-1.26161707343768E-16,0.));
#13075=DIRECTION('',(0.,-1.,0.));
#13076=DIRECTION('',(-1.,-1.26161707343768E-16,0.));
#13077=DIRECTION('',(-4.2700885562506E-16,1.,0.));
#13078=DIRECTION('',(1.,0.,0.));
#13079=DIRECTION('',(0.124034734589208,-0.992277876713668,0.));
#13080=DIRECTION('',(1.,0.,0.));
#13081=DIRECTION('center_axis',(0.,0.,1.));
#13082=DIRECTION('ref_axis',(1.,0.,0.));
#13083=DIRECTION('',(-1.,-1.26161707343768E-16,0.));
#13084=DIRECTION('center_axis',(0.,-1.,0.));
#13085=DIRECTION('ref_axis',(1.,0.,0.));
#13086=DIRECTION('',(1.,0.,0.));
#13087=DIRECTION('',(0.,0.,1.));
#13088=DIRECTION('',(-1.,0.,0.));
#13089=DIRECTION('',(0.,0.,1.));
#13090=DIRECTION('center_axis',(1.,0.,0.));
#13091=DIRECTION('ref_axis',(0.,1.,0.));
#13092=DIRECTION('',(0.,1.,0.));
#13093=DIRECTION('',(0.,0.,1.));
#13094=DIRECTION('',(0.,-1.,0.));
#13095=DIRECTION('center_axis',(0.,-1.,0.));
#13096=DIRECTION('ref_axis',(1.,0.,0.));
#13097=DIRECTION('',(1.,0.,0.));
#13098=DIRECTION('',(0.,0.,1.));
#13099=DIRECTION('',(-1.,0.,0.));
#13100=DIRECTION('center_axis',(-1.,0.,0.));
#13101=DIRECTION('ref_axis',(0.,-1.,0.));
#13102=DIRECTION('',(0.,-1.,0.));
#13103=DIRECTION('',(0.,0.,1.));
#13104=DIRECTION('',(0.,1.,0.));
#13105=DIRECTION('center_axis',(0.,-1.,0.));
#13106=DIRECTION('ref_axis',(1.,0.,0.));
#13107=DIRECTION('',(1.,0.,0.));
#13108=DIRECTION('',(0.,0.,1.));
#13109=DIRECTION('',(-1.,0.,0.));
#13110=DIRECTION('center_axis',(-1.,4.2700885562506E-16,0.));
#13111=DIRECTION('ref_axis',(-4.2700885562506E-16,-1.,0.));
#13112=DIRECTION('',(-4.2700885562506E-16,-1.,0.));
#13113=DIRECTION('',(0.,0.,1.));
#13114=DIRECTION('center_axis',(1.,4.2700885562506E-16,0.));
#13115=DIRECTION('ref_axis',(-4.2700885562506E-16,1.,0.));
#13116=DIRECTION('',(-4.2700885562506E-16,1.,0.));
#13117=DIRECTION('',(0.,0.,1.));
#13118=DIRECTION('center_axis',(0.,0.,1.));
#13119=DIRECTION('ref_axis',(-6.12323399573677E-17,-1.,0.));
#13120=DIRECTION('',(0.,0.,-1.));
#13121=DIRECTION('center_axis',(0.,0.,-1.));
#13122=DIRECTION('ref_axis',(-1.,0.,0.));
#13123=DIRECTION('',(0.,0.,1.));
#13124=DIRECTION('center_axis',(0.,0.,-1.));
#13125=DIRECTION('ref_axis',(-1.,0.,0.));
#13126=DIRECTION('center_axis',(0.,0.,1.));
#13127=DIRECTION('ref_axis',(1.,0.,0.));
#13128=DIRECTION('',(0.124034734589208,0.992277876713668,0.));
#13129=DIRECTION('',(1.,0.,0.));
#13130=DIRECTION('',(-4.2700885562506E-16,-1.,0.));
#13131=DIRECTION('',(-1.,-1.26161707343768E-16,0.));
#13132=DIRECTION('',(0.,1.,0.));
#13133=DIRECTION('',(-1.,-1.26161707343768E-16,0.));
#13134=DIRECTION('',(-1.,-1.26161707343768E-16,0.));
#13135=DIRECTION('',(0.,-1.,0.));
#13136=DIRECTION('',(-1.,-1.26161707343768E-16,0.));
#13137=DIRECTION('',(-4.2700885562506E-16,1.,0.));
#13138=DIRECTION('',(1.,0.,0.));
#13139=DIRECTION('',(0.124034734589208,-0.992277876713668,0.));
#13140=DIRECTION('',(1.,0.,0.));
#13141=DIRECTION('center_axis',(0.,0.,1.));
#13142=DIRECTION('ref_axis',(1.,0.,0.));
#13143=DIRECTION('',(-1.,-1.26161707343768E-16,0.));
#13144=DIRECTION('center_axis',(0.,-1.,0.));
#13145=DIRECTION('ref_axis',(1.,0.,0.));
#13146=DIRECTION('',(1.,0.,0.));
#13147=DIRECTION('',(0.,0.,1.));
#13148=DIRECTION('',(-1.,0.,0.));
#13149=DIRECTION('',(0.,0.,1.));
#13150=DIRECTION('center_axis',(1.,0.,0.));
#13151=DIRECTION('ref_axis',(0.,1.,0.));
#13152=DIRECTION('',(0.,1.,0.));
#13153=DIRECTION('',(0.,0.,1.));
#13154=DIRECTION('',(0.,-1.,0.));
#13155=DIRECTION('center_axis',(0.,-1.,0.));
#13156=DIRECTION('ref_axis',(1.,0.,0.));
#13157=DIRECTION('',(1.,0.,0.));
#13158=DIRECTION('',(0.,0.,1.));
#13159=DIRECTION('',(-1.,0.,0.));
#13160=DIRECTION('center_axis',(-1.,0.,0.));
#13161=DIRECTION('ref_axis',(0.,-1.,0.));
#13162=DIRECTION('',(0.,-1.,0.));
#13163=DIRECTION('',(0.,0.,1.));
#13164=DIRECTION('',(0.,1.,0.));
#13165=DIRECTION('center_axis',(0.,-1.,0.));
#13166=DIRECTION('ref_axis',(1.,0.,0.));
#13167=DIRECTION('',(1.,0.,0.));
#13168=DIRECTION('',(0.,0.,1.));
#13169=DIRECTION('',(-1.,0.,0.));
#13170=DIRECTION('center_axis',(-1.,4.2700885562506E-16,0.));
#13171=DIRECTION('ref_axis',(-4.2700885562506E-16,-1.,0.));
#13172=DIRECTION('',(-4.2700885562506E-16,-1.,0.));
#13173=DIRECTION('',(0.,0.,1.));
#13174=DIRECTION('center_axis',(1.,4.2700885562506E-16,0.));
#13175=DIRECTION('ref_axis',(-4.2700885562506E-16,1.,0.));
#13176=DIRECTION('',(-4.2700885562506E-16,1.,0.));
#13177=DIRECTION('',(0.,0.,1.));
#13178=DIRECTION('center_axis',(0.,0.,1.));
#13179=DIRECTION('ref_axis',(-6.12323399573677E-17,-1.,0.));
#13180=DIRECTION('',(0.,0.,-1.));
#13181=DIRECTION('center_axis',(0.,0.,-1.));
#13182=DIRECTION('ref_axis',(-1.,0.,0.));
#13183=DIRECTION('',(0.,0.,1.));
#13184=DIRECTION('center_axis',(0.,0.,-1.));
#13185=DIRECTION('ref_axis',(-1.,0.,0.));
#13186=DIRECTION('center_axis',(0.,0.,1.));
#13187=DIRECTION('ref_axis',(1.,0.,0.));
#13188=DIRECTION('',(0.124034734589208,0.992277876713668,0.));
#13189=DIRECTION('',(1.,0.,0.));
#13190=DIRECTION('',(-4.2700885562506E-16,-1.,0.));
#13191=DIRECTION('',(-1.,-1.26161707343768E-16,0.));
#13192=DIRECTION('',(0.,1.,0.));
#13193=DIRECTION('',(-1.,-1.26161707343768E-16,0.));
#13194=DIRECTION('',(-1.,-1.26161707343768E-16,0.));
#13195=DIRECTION('',(0.,-1.,0.));
#13196=DIRECTION('',(-1.,-1.26161707343768E-16,0.));
#13197=DIRECTION('',(-4.2700885562506E-16,1.,0.));
#13198=DIRECTION('',(1.,0.,0.));
#13199=DIRECTION('',(0.124034734589208,-0.992277876713668,0.));
#13200=DIRECTION('',(1.,0.,0.));
#13201=DIRECTION('center_axis',(0.,0.,1.));
#13202=DIRECTION('ref_axis',(1.,0.,0.));
#13203=DIRECTION('',(-1.,-1.26161707343768E-16,0.));
#13204=DIRECTION('center_axis',(0.,-1.,0.));
#13205=DIRECTION('ref_axis',(1.,0.,0.));
#13206=DIRECTION('',(1.,0.,0.));
#13207=DIRECTION('',(0.,0.,1.));
#13208=DIRECTION('',(-1.,0.,0.));
#13209=DIRECTION('',(0.,0.,1.));
#13210=DIRECTION('center_axis',(1.,0.,0.));
#13211=DIRECTION('ref_axis',(0.,1.,0.));
#13212=DIRECTION('',(0.,1.,0.));
#13213=DIRECTION('',(0.,0.,1.));
#13214=DIRECTION('',(0.,-1.,0.));
#13215=DIRECTION('center_axis',(0.,-1.,0.));
#13216=DIRECTION('ref_axis',(1.,0.,0.));
#13217=DIRECTION('',(1.,0.,0.));
#13218=DIRECTION('',(0.,0.,1.));
#13219=DIRECTION('',(-1.,0.,0.));
#13220=DIRECTION('center_axis',(-1.,0.,0.));
#13221=DIRECTION('ref_axis',(0.,-1.,0.));
#13222=DIRECTION('',(0.,-1.,0.));
#13223=DIRECTION('',(0.,0.,1.));
#13224=DIRECTION('',(0.,1.,0.));
#13225=DIRECTION('center_axis',(0.,-1.,0.));
#13226=DIRECTION('ref_axis',(1.,0.,0.));
#13227=DIRECTION('',(1.,0.,0.));
#13228=DIRECTION('',(0.,0.,1.));
#13229=DIRECTION('',(-1.,0.,0.));
#13230=DIRECTION('center_axis',(-1.,4.2700885562506E-16,0.));
#13231=DIRECTION('ref_axis',(-4.2700885562506E-16,-1.,0.));
#13232=DIRECTION('',(-4.2700885562506E-16,-1.,0.));
#13233=DIRECTION('',(0.,0.,1.));
#13234=DIRECTION('center_axis',(1.,4.2700885562506E-16,0.));
#13235=DIRECTION('ref_axis',(-4.2700885562506E-16,1.,0.));
#13236=DIRECTION('',(-4.2700885562506E-16,1.,0.));
#13237=DIRECTION('',(0.,0.,1.));
#13238=DIRECTION('center_axis',(0.,0.,1.));
#13239=DIRECTION('ref_axis',(1.60812264967664E-16,-1.,0.));
#13240=DIRECTION('',(0.,0.,-1.));
#13241=DIRECTION('center_axis',(0.,0.,-1.));
#13242=DIRECTION('ref_axis',(-1.,0.,0.));
#13243=DIRECTION('',(0.,0.,1.));
#13244=DIRECTION('center_axis',(0.,0.,-1.));
#13245=DIRECTION('ref_axis',(-1.,0.,0.));
#13246=DIRECTION('center_axis',(0.,0.,1.));
#13247=DIRECTION('ref_axis',(1.,0.,0.));
#13248=DIRECTION('',(0.124034734589208,0.992277876713668,0.));
#13249=DIRECTION('',(1.,0.,0.));
#13250=DIRECTION('',(-4.2700885562506E-16,-1.,0.));
#13251=DIRECTION('',(-1.,-1.26161707343768E-16,0.));
#13252=DIRECTION('',(0.,1.,0.));
#13253=DIRECTION('',(-1.,-1.26161707343768E-16,0.));
#13254=DIRECTION('',(-1.,-1.26161707343768E-16,0.));
#13255=DIRECTION('',(0.,-1.,0.));
#13256=DIRECTION('',(-1.,-1.26161707343768E-16,0.));
#13257=DIRECTION('',(-4.2700885562506E-16,1.,0.));
#13258=DIRECTION('',(1.,0.,0.));
#13259=DIRECTION('',(0.124034734589208,-0.992277876713668,0.));
#13260=DIRECTION('',(1.,0.,0.));
#13261=DIRECTION('center_axis',(0.,0.,1.));
#13262=DIRECTION('ref_axis',(1.,0.,0.));
#13263=DIRECTION('',(-1.,-1.26161707343768E-16,0.));
#13264=DIRECTION('center_axis',(0.,-1.,0.));
#13265=DIRECTION('ref_axis',(1.,0.,0.));
#13266=DIRECTION('',(1.,0.,0.));
#13267=DIRECTION('',(0.,0.,1.));
#13268=DIRECTION('',(-1.,0.,0.));
#13269=DIRECTION('',(0.,0.,1.));
#13270=DIRECTION('center_axis',(1.,0.,0.));
#13271=DIRECTION('ref_axis',(0.,1.,0.));
#13272=DIRECTION('',(0.,1.,0.));
#13273=DIRECTION('',(0.,0.,1.));
#13274=DIRECTION('',(0.,-1.,0.));
#13275=DIRECTION('center_axis',(0.,-1.,0.));
#13276=DIRECTION('ref_axis',(1.,0.,0.));
#13277=DIRECTION('',(1.,0.,0.));
#13278=DIRECTION('',(0.,0.,1.));
#13279=DIRECTION('',(-1.,0.,0.));
#13280=DIRECTION('center_axis',(-1.,0.,0.));
#13281=DIRECTION('ref_axis',(0.,-1.,0.));
#13282=DIRECTION('',(0.,-1.,0.));
#13283=DIRECTION('',(0.,0.,1.));
#13284=DIRECTION('',(0.,1.,0.));
#13285=DIRECTION('center_axis',(0.,-1.,0.));
#13286=DIRECTION('ref_axis',(1.,0.,0.));
#13287=DIRECTION('',(1.,0.,0.));
#13288=DIRECTION('',(0.,0.,1.));
#13289=DIRECTION('',(-1.,0.,0.));
#13290=DIRECTION('center_axis',(-1.,4.2700885562506E-16,0.));
#13291=DIRECTION('ref_axis',(-4.2700885562506E-16,-1.,0.));
#13292=DIRECTION('',(-4.2700885562506E-16,-1.,0.));
#13293=DIRECTION('',(0.,0.,1.));
#13294=DIRECTION('center_axis',(1.,4.2700885562506E-16,0.));
#13295=DIRECTION('ref_axis',(-4.2700885562506E-16,1.,0.));
#13296=DIRECTION('',(-4.2700885562506E-16,1.,0.));
#13297=DIRECTION('',(0.,0.,1.));
#13298=DIRECTION('center_axis',(-1.,0.,0.));
#13299=DIRECTION('ref_axis',(0.,1.,0.));
#13300=DIRECTION('',(0.,0.,-1.));
#13301=DIRECTION('',(0.,1.,0.));
#13302=DIRECTION('',(0.,0.,-1.));
#13303=DIRECTION('center_axis',(-2.52323414687536E-16,1.,0.));
#13304=DIRECTION('ref_axis',(1.,2.52323414687536E-16,0.));
#13305=DIRECTION('',(0.,0.,-1.));
#13306=DIRECTION('',(1.,2.52323414687536E-16,0.));
#13307=DIRECTION('',(-1.,-1.26161707343768E-16,0.));
#13308=DIRECTION('center_axis',(-1.,0.,0.));
#13309=DIRECTION('ref_axis',(0.,1.,0.));
#13310=DIRECTION('',(0.,0.,-1.));
#13311=DIRECTION('',(0.,1.,0.));
#13312=DIRECTION('',(0.,0.,-1.));
#13313=DIRECTION('center_axis',(-2.52323414687536E-16,1.,0.));
#13314=DIRECTION('ref_axis',(1.,2.52323414687536E-16,0.));
#13315=DIRECTION('',(0.,0.,-1.));
#13316=DIRECTION('',(1.,2.52323414687536E-16,0.));
#13317=DIRECTION('',(-1.,-1.26161707343768E-16,0.));
#13318=DIRECTION('center_axis',(-1.,0.,0.));
#13319=DIRECTION('ref_axis',(0.,1.,0.));
#13320=DIRECTION('',(0.,0.,-1.));
#13321=DIRECTION('',(0.,1.,0.));
#13322=DIRECTION('',(0.,0.,-1.));
#13323=DIRECTION('center_axis',(-2.52323414687536E-16,1.,0.));
#13324=DIRECTION('ref_axis',(1.,2.52323414687536E-16,0.));
#13325=DIRECTION('',(0.,0.,-1.));
#13326=DIRECTION('',(1.,2.52323414687536E-16,0.));
#13327=DIRECTION('',(-1.,-1.26161707343768E-16,0.));
#13328=DIRECTION('center_axis',(-1.,0.,0.));
#13329=DIRECTION('ref_axis',(0.,1.,0.));
#13330=DIRECTION('',(0.,0.,-1.));
#13331=DIRECTION('',(0.,1.,0.));
#13332=DIRECTION('',(0.,0.,-1.));
#13333=DIRECTION('center_axis',(-2.52323414687536E-16,1.,0.));
#13334=DIRECTION('ref_axis',(1.,2.52323414687536E-16,0.));
#13335=DIRECTION('',(0.,0.,-1.));
#13336=DIRECTION('',(1.,2.52323414687536E-16,0.));
#13337=DIRECTION('',(-1.,-1.26161707343768E-16,0.));
#13338=DIRECTION('center_axis',(-1.,0.,0.));
#13339=DIRECTION('ref_axis',(0.,1.,0.));
#13340=DIRECTION('',(0.,0.,-1.));
#13341=DIRECTION('',(0.,1.,0.));
#13342=DIRECTION('',(0.,0.,-1.));
#13343=DIRECTION('center_axis',(-2.52323414687536E-16,1.,0.));
#13344=DIRECTION('ref_axis',(1.,2.52323414687536E-16,0.));
#13345=DIRECTION('',(0.,0.,-1.));
#13346=DIRECTION('',(1.,2.52323414687536E-16,0.));
#13347=DIRECTION('',(-1.,-1.26161707343768E-16,0.));
#13348=DIRECTION('center_axis',(0.,0.,1.));
#13349=DIRECTION('ref_axis',(1.,0.,0.));
#13350=DIRECTION('',(0.81923192051904,-0.573462344363329,0.));
#13351=DIRECTION('',(-4.72435329627726E-16,-1.,0.));
#13352=DIRECTION('',(-1.,2.60462879677456E-16,0.));
#13353=DIRECTION('',(4.72435329627726E-16,1.,0.));
#13354=DIRECTION('',(1.,-1.30231439838728E-16,0.));
#13355=DIRECTION('',(0.,1.,0.));
#13356=DIRECTION('',(-1.,-1.41881536693311E-16,0.));
#13357=DIRECTION('',(0.,1.,0.));
#13358=DIRECTION('',(1.,-1.30231439838728E-16,0.));
#13359=DIRECTION('',(-4.72435329627726E-16,-1.,0.));
#13360=DIRECTION('',(-0.81923192051904,-0.573462344363329,0.));
#13361=DIRECTION('',(-1.,-1.26161707343768E-16,0.));
#13362=DIRECTION('',(-4.2700885562506E-16,-1.,0.));
#13363=DIRECTION('',(1.,0.,0.));
#13364=DIRECTION('',(0.,-1.,0.));
#13365=DIRECTION('',(1.,0.,0.));
#13366=DIRECTION('',(0.,1.,0.));
#13367=DIRECTION('',(1.,0.,0.));
#13368=DIRECTION('',(-4.2700885562506E-16,1.,0.));
#13369=DIRECTION('center_axis',(0.,0.,1.));
#13370=DIRECTION('ref_axis',(-6.12323399573677E-17,-1.,0.));
#13371=DIRECTION('',(0.,0.,-1.));
#13372=DIRECTION('center_axis',(0.,0.,-1.));
#13373=DIRECTION('ref_axis',(-1.,0.,0.));
#13374=DIRECTION('',(0.,0.,1.));
#13375=DIRECTION('center_axis',(0.,0.,1.));
#13376=DIRECTION('ref_axis',(-1.,0.,0.));
#13377=DIRECTION('center_axis',(0.,0.,1.));
#13378=DIRECTION('ref_axis',(1.,0.,0.));
#13379=DIRECTION('',(-1.,-1.26161707343768E-16,0.));
#13380=DIRECTION('',(0.,-1.,0.));
#13381=DIRECTION('',(-1.,-1.26161707343768E-16,0.));
#13382=DIRECTION('',(-4.2700885562506E-16,1.,0.));
#13383=DIRECTION('',(1.,0.,0.));
#13384=DIRECTION('',(0.124034734589208,-0.992277876713668,0.));
#13385=DIRECTION('',(1.,0.,0.));
#13386=DIRECTION('',(0.124034734589208,0.992277876713668,0.));
#13387=DIRECTION('',(1.,0.,0.));
#13388=DIRECTION('',(-4.2700885562506E-16,-1.,0.));
#13389=DIRECTION('',(-1.,-1.26161707343768E-16,0.));
#13390=DIRECTION('',(0.,1.,0.));
#13391=DIRECTION('',(-1.,-1.26161707343768E-16,0.));
#13392=DIRECTION('center_axis',(0.,0.,1.));
#13393=DIRECTION('ref_axis',(1.,0.,0.));
#13394=DIRECTION('',(-1.,-1.26161707343768E-16,0.));
#13395=DIRECTION('center_axis',(0.,0.,1.));
#13396=DIRECTION('ref_axis',(1.,0.,0.));
#13397=DIRECTION('',(1.,2.39425093169962E-16,0.));
#13398=DIRECTION('',(0.,1.,0.));
#13399=DIRECTION('',(-1.,-1.41881536693311E-16,0.));
#13400=DIRECTION('',(-2.77555756156289E-16,-1.,0.));
#13401=DIRECTION('',(-1.,-1.26161707343768E-16,0.));
#13402=DIRECTION('',(0.,1.,0.));
#13403=DIRECTION('',(1.,2.52323414687536E-16,0.));
#13404=DIRECTION('',(0.,-1.,0.));
#13405=DIRECTION('',(0.,-1.,0.));
#13406=DIRECTION('',(-1.,-1.26161707343768E-16,0.));
#13407=DIRECTION('',(0.,-1.,0.));
#13408=DIRECTION('',(-1.,-1.26161707343768E-16,0.));
#13409=DIRECTION('',(0.,-1.,0.));
#13410=DIRECTION('',(-1.,-1.26161707343768E-16,0.));
#13411=DIRECTION('',(0.,-1.,0.));
#13412=DIRECTION('',(-1.,-1.26161707343768E-16,0.));
#13413=DIRECTION('',(0.,-1.,0.));
#13414=DIRECTION('',(-1.,-1.26161707343768E-16,0.));
#13415=DIRECTION('center_axis',(-2.39425093169962E-16,1.,0.));
#13416=DIRECTION('ref_axis',(-1.,-2.39425093169962E-16,0.));
#13417=DIRECTION('',(-1.,-2.39425093169962E-16,0.));
#13418=DIRECTION('',(0.,0.,1.));
#13419=DIRECTION('',(0.,0.,1.));
#13420=DIRECTION('center_axis',(0.,0.,1.));
#13421=DIRECTION('ref_axis',(1.,0.,0.));
#13422=DIRECTION('',(-6.34413156928661E-16,-1.,0.));
#13423=DIRECTION('',(1.,1.24146344606647E-16,0.));
#13424=DIRECTION('',(0.124034734589208,0.992277876713668,0.));
#13425=DIRECTION('',(1.,0.,0.));
#13426=DIRECTION('',(0.124034734589208,-0.992277876713668,0.));
#13427=DIRECTION('',(1.,1.24146344606647E-16,0.));
#13428=DIRECTION('',(0.124034734589208,0.992277876713668,0.));
#13429=DIRECTION('',(1.,0.,0.));
#13430=DIRECTION('',(0.124034734589208,-0.992277876713668,0.));
#13431=DIRECTION('',(1.,1.24146344606647E-16,0.));
#13432=DIRECTION('',(0.124034734589208,0.992277876713668,0.));
#13433=DIRECTION('',(1.,0.,0.));
#13434=DIRECTION('',(0.124034734589208,-0.992277876713668,0.));
#13435=DIRECTION('',(1.,1.24146344606647E-16,0.));
#13436=DIRECTION('',(0.124034734589208,0.992277876713668,0.));
#13437=DIRECTION('',(1.,0.,0.));
#13438=DIRECTION('',(0.124034734589208,-0.992277876713668,0.));
#13439=DIRECTION('',(1.,1.24146344606647E-16,0.));
#13440=DIRECTION('',(0.124034734589208,0.992277876713668,0.));
#13441=DIRECTION('',(1.,0.,0.));
#13442=DIRECTION('',(0.124034734589208,-0.992277876713668,0.));
#13443=DIRECTION('',(1.,1.24146344606647E-16,0.));
#13444=DIRECTION('',(0.124034734589208,0.992277876713668,0.));
#13445=DIRECTION('',(1.,0.,0.));
#13446=DIRECTION('',(0.124034734589208,-0.992277876713668,0.));
#13447=DIRECTION('',(1.,1.24146344606647E-16,0.));
#13448=DIRECTION('',(0.,1.,0.));
#13449=DIRECTION('center_axis',(-1.,0.,0.));
#13450=DIRECTION('ref_axis',(0.,0.,1.));
#13451=DIRECTION('',(0.,0.,1.));
#13452=DIRECTION('',(0.,1.,0.));
#13453=DIRECTION('',(0.,0.,1.));
#13454=DIRECTION('',(0.,1.,0.));
#13455=DIRECTION('center_axis',(-2.52323414687536E-16,1.,0.));
#13456=DIRECTION('ref_axis',(1.,2.52323414687536E-16,0.));
#13457=DIRECTION('',(0.,0.,1.));
#13458=DIRECTION('',(0.,0.,1.));
#13459=DIRECTION('',(0.,0.,-1.));
#13460=DIRECTION('',(0.,0.,-1.));
#13461=DIRECTION('center_axis',(0.,0.,-1.));
#13462=DIRECTION('ref_axis',(-1.,0.,0.));
#13463=DIRECTION('',(0.124034734589208,0.992277876713668,0.));
#13464=DIRECTION('',(-1.,0.,0.));
#13465=DIRECTION('',(0.124034734589208,-0.992277876713668,0.));
#13466=DIRECTION('center_axis',(-1.,0.,0.));
#13467=DIRECTION('ref_axis',(0.,1.,0.));
#13468=DIRECTION('',(0.,0.,-1.));
#13469=DIRECTION('center_axis',(-0.992277876713668,0.124034734589208,0.));
#13470=DIRECTION('ref_axis',(0.124034734589208,0.992277876713668,0.));
#13471=DIRECTION('',(0.,0.,1.));
#13472=DIRECTION('',(0.,0.,-1.));
#13473=DIRECTION('center_axis',(0.992277876713668,0.124034734589208,0.));
#13474=DIRECTION('ref_axis',(0.124034734589208,-0.992277876713668,0.));
#13475=DIRECTION('',(0.,0.,-1.));
#13476=DIRECTION('',(0.124034734589208,-0.992277876713668,0.));
#13477=DIRECTION('',(0.,0.,-1.));
#13478=DIRECTION('center_axis',(0.,-1.,0.));
#13479=DIRECTION('ref_axis',(1.,0.,0.));
#13480=DIRECTION('',(0.,0.,1.));
#13481=DIRECTION('',(-1.,0.,0.));
#13482=DIRECTION('',(0.,0.,1.));
#13483=DIRECTION('center_axis',(1.,0.,0.));
#13484=DIRECTION('ref_axis',(0.,1.,0.));
#13485=DIRECTION('',(0.,0.,1.));
#13486=DIRECTION('',(0.,-1.,0.));
#13487=DIRECTION('center_axis',(0.,-1.,0.));
#13488=DIRECTION('ref_axis',(1.,0.,0.));
#13489=DIRECTION('',(0.,0.,1.));
#13490=DIRECTION('',(-1.,0.,0.));
#13491=DIRECTION('center_axis',(-1.,0.,0.));
#13492=DIRECTION('ref_axis',(0.,-1.,0.));
#13493=DIRECTION('',(0.,0.,1.));
#13494=DIRECTION('',(0.,1.,0.));
#13495=DIRECTION('center_axis',(0.,-1.,0.));
#13496=DIRECTION('ref_axis',(1.,0.,0.));
#13497=DIRECTION('',(0.,0.,1.));
#13498=DIRECTION('',(-1.,0.,0.));
#13499=DIRECTION('center_axis',(-1.,4.2700885562506E-16,0.));
#13500=DIRECTION('ref_axis',(-4.2700885562506E-16,-1.,0.));
#13501=DIRECTION('center_axis',(1.,4.2700885562506E-16,0.));
#13502=DIRECTION('ref_axis',(-4.2700885562506E-16,1.,0.));
#13503=DIRECTION('center_axis',(0.99150953060142,0.,0.130034036800186));
#13504=DIRECTION('ref_axis',(0.130034036800186,-1.8449428963645E-17,-0.99150953060142));
#13505=DIRECTION('',(0.130034036800186,1.8449428963645E-17,-0.99150953060142));
#13506=DIRECTION('',(0.,1.,0.));
#13507=DIRECTION('',(0.130034036800186,-1.8449428963645E-17,-0.99150953060142));
#13508=DIRECTION('center_axis',(0.,0.,1.));
#13509=DIRECTION('ref_axis',(1.,-1.41881536693311E-16,0.));
#13510=DIRECTION('',(1.,1.41881536693311E-16,0.));
#13511=DIRECTION('',(0.,1.,0.));
#13512=DIRECTION('',(1.,-1.41881536693311E-16,0.));
#13513=DIRECTION('center_axis',(0.978147600733805,0.,-0.20791169081776));
#13514=DIRECTION('ref_axis',(-0.20791169081776,2.94988301897283E-17,-0.978147600733805));
#13515=DIRECTION('',(-0.20791169081776,-2.94988301897283E-17,-0.978147600733805));
#13516=DIRECTION('',(0.,1.,0.));
#13517=DIRECTION('',(-0.20791169081776,2.94988301897283E-17,-0.978147600733805));
#13518=DIRECTION('center_axis',(0.,0.,-1.));
#13519=DIRECTION('ref_axis',(-1.,1.41881536693311E-16,0.));
#13520=DIRECTION('',(-1.,-1.41881536693311E-16,0.));
#13521=DIRECTION('',(-1.,1.41881536693311E-16,0.));
#13522=DIRECTION('center_axis',(-1.30614473485313E-15,0.,1.));
#13523=DIRECTION('ref_axis',(1.,1.41881536693311E-16,1.30614473485313E-15));
#13524=DIRECTION('',(0.,1.,0.));
#13525=DIRECTION('',(-1.,1.41881536693311E-16,0.));
#13526=DIRECTION('',(-1.,-1.41881536693311E-16,-1.30614473485313E-15));
#13527=DIRECTION('center_axis',(0.99150953060142,0.,-0.130034036800186));
#13528=DIRECTION('ref_axis',(-0.130034036800186,-1.8449428963645E-17,-0.99150953060142));
#13529=DIRECTION('',(0.130034036800186,1.8449428963645E-17,0.99150953060142));
#13530=DIRECTION('',(-0.130034036800186,-1.8449428963645E-17,-0.99150953060142));
#13531=DIRECTION('',(0.,1.,0.));
#13532=DIRECTION('center_axis',(0.,0.,-1.));
#13533=DIRECTION('ref_axis',(-1.,-1.41881536693311E-16,0.));
#13534=DIRECTION('',(-1.,-1.41881536693311E-16,0.));
#13535=DIRECTION('',(0.,1.,0.));
#13536=DIRECTION('',(1.,1.41881536693311E-16,0.));
#13537=DIRECTION('center_axis',(0.978147600733805,0.,0.20791169081776));
#13538=DIRECTION('ref_axis',(0.20791169081776,2.94988301897283E-17,-0.978147600733805));
#13539=DIRECTION('',(-0.20791169081776,-2.94988301897283E-17,0.978147600733805));
#13540=DIRECTION('',(0.20791169081776,2.94988301897283E-17,-0.978147600733805));
#13541=DIRECTION('',(0.,1.,0.));
#13542=DIRECTION('center_axis',(0.,0.,1.));
#13543=DIRECTION('ref_axis',(1.,1.41881536693311E-16,0.));
#13544=DIRECTION('',(-1.,-1.41881536693311E-16,0.));
#13545=DIRECTION('',(1.,1.41881536693311E-16,0.));
#13546=DIRECTION('',(0.,1.,0.));
#13547=DIRECTION('center_axis',(-1.,0.,0.));
#13548=DIRECTION('ref_axis',(0.,0.,1.));
#13549=DIRECTION('',(0.,0.,-1.));
#13550=DIRECTION('',(0.,0.,1.));
#13551=DIRECTION('center_axis',(0.,1.,0.));
#13552=DIRECTION('ref_axis',(0.,0.,1.));
#13553=DIRECTION('center_axis',(-1.41881536693311E-16,1.,0.));
#13554=DIRECTION('ref_axis',(-1.,-1.41881536693311E-16,0.));
#13555=DIRECTION('',(0.,0.,1.));
#13556=DIRECTION('',(0.,0.,1.));
#13557=DIRECTION('',(-1.,1.30231439838728E-16,0.));
#13558=DIRECTION('',(0.,0.,1.));
#13559=DIRECTION('',(0.,0.,1.));
#13560=DIRECTION('',(-1.,1.30231439838728E-16,0.));
#13561=DIRECTION('center_axis',(1.26161707343768E-16,-1.,0.));
#13562=DIRECTION('ref_axis',(-1.,-1.26161707343768E-16,0.));
#13563=DIRECTION('',(0.,0.,-1.));
#13564=DIRECTION('center_axis',(1.,0.,0.));
#13565=DIRECTION('ref_axis',(0.,-1.,0.));
#13566=DIRECTION('center_axis',(1.26161707343768E-16,-1.,0.));
#13567=DIRECTION('ref_axis',(-1.,-1.26161707343768E-16,0.));
#13568=DIRECTION('',(0.,0.,-1.));
#13569=DIRECTION('center_axis',(1.,0.,0.));
#13570=DIRECTION('ref_axis',(0.,-1.,0.));
#13571=DIRECTION('center_axis',(1.26161707343768E-16,-1.,0.));
#13572=DIRECTION('ref_axis',(-1.,-1.26161707343768E-16,0.));
#13573=DIRECTION('',(0.,0.,-1.));
#13574=DIRECTION('center_axis',(1.,0.,0.));
#13575=DIRECTION('ref_axis',(0.,-1.,0.));
#13576=DIRECTION('center_axis',(1.26161707343768E-16,-1.,0.));
#13577=DIRECTION('ref_axis',(-1.,-1.26161707343768E-16,0.));
#13578=DIRECTION('',(0.,0.,-1.));
#13579=DIRECTION('center_axis',(1.,0.,0.));
#13580=DIRECTION('ref_axis',(0.,-1.,0.));
#13581=DIRECTION('center_axis',(1.26161707343768E-16,-1.,0.));
#13582=DIRECTION('ref_axis',(-1.,-1.26161707343768E-16,0.));
#13583=DIRECTION('',(0.,0.,-1.));
#13584=DIRECTION('center_axis',(1.,0.,0.));
#13585=DIRECTION('ref_axis',(0.,-1.,0.));
#13586=DIRECTION('center_axis',(1.26161707343768E-16,-1.,0.));
#13587=DIRECTION('ref_axis',(-1.,-1.26161707343768E-16,0.));
#13588=DIRECTION('',(0.,0.,-1.));
#13589=DIRECTION('center_axis',(1.,0.,0.));
#13590=DIRECTION('ref_axis',(0.,-1.,0.));
#13591=DIRECTION('center_axis',(0.992277876713668,0.124034734589208,0.));
#13592=DIRECTION('ref_axis',(0.124034734589208,-0.992277876713668,0.));
#13593=DIRECTION('',(0.,0.,-1.));
#13594=DIRECTION('',(0.124034734589208,-0.992277876713668,0.));
#13595=DIRECTION('',(0.,0.,-1.));
#13596=DIRECTION('center_axis',(0.,1.,0.));
#13597=DIRECTION('ref_axis',(1.,0.,0.));
#13598=DIRECTION('',(0.,0.,-1.));
#13599=DIRECTION('center_axis',(-0.992277876713668,0.124034734589208,0.));
#13600=DIRECTION('ref_axis',(0.124034734589208,0.992277876713668,0.));
#13601=DIRECTION('',(0.,0.,1.));
#13602=DIRECTION('',(0.124034734589208,0.992277876713668,0.));
#13603=DIRECTION('center_axis',(0.,0.,-1.));
#13604=DIRECTION('ref_axis',(-1.,0.,0.));
#13605=DIRECTION('',(-1.,0.,0.));
#13606=DIRECTION('center_axis',(0.992277876713668,0.124034734589208,0.));
#13607=DIRECTION('ref_axis',(0.124034734589208,-0.992277876713668,0.));
#13608=DIRECTION('',(0.,0.,-1.));
#13609=DIRECTION('',(0.124034734589208,-0.992277876713668,0.));
#13610=DIRECTION('',(0.,0.,-1.));
#13611=DIRECTION('center_axis',(0.,1.,0.));
#13612=DIRECTION('ref_axis',(1.,0.,0.));
#13613=DIRECTION('',(0.,0.,-1.));
#13614=DIRECTION('center_axis',(-0.992277876713668,0.124034734589208,0.));
#13615=DIRECTION('ref_axis',(0.124034734589208,0.992277876713668,0.));
#13616=DIRECTION('',(0.,0.,1.));
#13617=DIRECTION('',(0.124034734589208,0.992277876713668,0.));
#13618=DIRECTION('center_axis',(0.,0.,-1.));
#13619=DIRECTION('ref_axis',(-1.,0.,0.));
#13620=DIRECTION('',(-1.,0.,0.));
#13621=DIRECTION('center_axis',(0.992277876713668,0.124034734589208,0.));
#13622=DIRECTION('ref_axis',(0.124034734589208,-0.992277876713668,0.));
#13623=DIRECTION('',(0.,0.,-1.));
#13624=DIRECTION('',(0.124034734589208,-0.992277876713668,0.));
#13625=DIRECTION('',(0.,0.,-1.));
#13626=DIRECTION('center_axis',(0.,1.,0.));
#13627=DIRECTION('ref_axis',(1.,0.,0.));
#13628=DIRECTION('',(0.,0.,-1.));
#13629=DIRECTION('center_axis',(-0.992277876713668,0.124034734589208,0.));
#13630=DIRECTION('ref_axis',(0.124034734589208,0.992277876713668,0.));
#13631=DIRECTION('',(0.,0.,1.));
#13632=DIRECTION('',(0.124034734589208,0.992277876713668,0.));
#13633=DIRECTION('center_axis',(0.,0.,-1.));
#13634=DIRECTION('ref_axis',(-1.,0.,0.));
#13635=DIRECTION('',(-1.,0.,0.));
#13636=DIRECTION('center_axis',(0.992277876713668,0.124034734589208,0.));
#13637=DIRECTION('ref_axis',(0.124034734589208,-0.992277876713668,0.));
#13638=DIRECTION('',(0.,0.,-1.));
#13639=DIRECTION('',(0.124034734589208,-0.992277876713668,0.));
#13640=DIRECTION('',(0.,0.,-1.));
#13641=DIRECTION('center_axis',(0.,1.,0.));
#13642=DIRECTION('ref_axis',(1.,0.,0.));
#13643=DIRECTION('',(0.,0.,-1.));
#13644=DIRECTION('center_axis',(-0.992277876713668,0.124034734589208,0.));
#13645=DIRECTION('ref_axis',(0.124034734589208,0.992277876713668,0.));
#13646=DIRECTION('',(0.,0.,1.));
#13647=DIRECTION('',(0.124034734589208,0.992277876713668,0.));
#13648=DIRECTION('center_axis',(0.,0.,-1.));
#13649=DIRECTION('ref_axis',(-1.,0.,0.));
#13650=DIRECTION('',(-1.,0.,0.));
#13651=DIRECTION('center_axis',(0.992277876713668,0.124034734589208,0.));
#13652=DIRECTION('ref_axis',(0.124034734589208,-0.992277876713668,0.));
#13653=DIRECTION('',(0.,0.,-1.));
#13654=DIRECTION('',(0.,0.,-1.));
#13655=DIRECTION('center_axis',(0.,1.,0.));
#13656=DIRECTION('ref_axis',(1.,0.,0.));
#13657=DIRECTION('center_axis',(0.,1.,0.));
#13658=DIRECTION('ref_axis',(1.,0.,0.));
#13659=DIRECTION('',(0.,0.,-1.));
#13660=DIRECTION('center_axis',(-0.992277876713668,0.124034734589208,0.));
#13661=DIRECTION('ref_axis',(0.124034734589208,0.992277876713668,0.));
#13662=DIRECTION('',(0.,0.,1.));
#13663=DIRECTION('',(0.124034734589208,0.992277876713668,0.));
#13664=DIRECTION('center_axis',(0.,0.,-1.));
#13665=DIRECTION('ref_axis',(-1.,0.,0.));
#13666=DIRECTION('',(-1.,0.,0.));
#13667=DIRECTION('center_axis',(-0.573462344363329,-0.81923192051904,0.));
#13668=DIRECTION('ref_axis',(-0.81923192051904,0.573462344363329,0.));
#13669=DIRECTION('',(0.,0.,-1.));
#13670=DIRECTION('',(-0.81923192051904,0.573462344363329,0.));
#13671=DIRECTION('',(0.,0.,1.));
#13672=DIRECTION('center_axis',(-0.573462344363329,0.81923192051904,0.));
#13673=DIRECTION('ref_axis',(0.81923192051904,0.573462344363329,0.));
#13674=DIRECTION('',(0.,0.,-1.));
#13675=DIRECTION('',(0.81923192051904,0.573462344363329,0.));
#13676=DIRECTION('center_axis',(1.,-4.72435329627726E-16,0.));
#13677=DIRECTION('ref_axis',(4.72435329627726E-16,1.,0.));
#13678=DIRECTION('',(4.72435329627726E-16,1.,0.));
#13679=DIRECTION('center_axis',(1.,-4.72435329627726E-16,0.));
#13680=DIRECTION('ref_axis',(4.72435329627726E-16,1.,0.));
#13681=DIRECTION('',(4.72435329627726E-16,1.,0.));
#13682=DIRECTION('',(0.,0.,1.));
#13683=DIRECTION('center_axis',(0.,0.,1.));
#13684=DIRECTION('ref_axis',(1.,0.,0.));
#13685=DIRECTION('',(0.,1.,0.));
#13686=DIRECTION('',(1.,0.,0.));
#13687=DIRECTION('',(-2.77555756156289E-16,-1.,0.));
#13688=DIRECTION('',(-4.72435329627726E-16,-1.,0.));
#13689=DIRECTION('',(1.,-2.60462879677456E-16,0.));
#13690=DIRECTION('center_axis',(-2.60462879677456E-16,-1.,0.));
#13691=DIRECTION('ref_axis',(1.,-2.60462879677456E-16,0.));
#13692=DIRECTION('',(0.,0.,1.));
#13693=DIRECTION('center_axis',(-1.,4.72435329627726E-16,0.));
#13694=DIRECTION('ref_axis',(-4.72435329627726E-16,-1.,0.));
#13695=DIRECTION('center_axis',(-1.,2.77555756156289E-16,0.));
#13696=DIRECTION('ref_axis',(-2.77555756156289E-16,-1.,0.));
#13697=DIRECTION('',(0.,0.,1.));
#13698=DIRECTION('center_axis',(0.,-1.,0.));
#13699=DIRECTION('ref_axis',(1.,0.,0.));
#13700=DIRECTION('',(0.,0.,1.));
#13701=DIRECTION('center_axis',(1.,0.,0.));
#13702=DIRECTION('ref_axis',(0.,1.,0.));
#13703=DIRECTION('axis',(0.,0.,1.));
#13704=DIRECTION('refdir',(1.,0.,0.));
#13705=DIRECTION('center_axis',(0.,0.,1.));
#13706=DIRECTION('ref_axis',(1.,0.,0.));
#13707=DIRECTION('center_axis',(0.,0.,-1.));
#13708=DIRECTION('ref_axis',(1.,0.,0.));
#13709=DIRECTION('center_axis',(0.,0.,1.));
#13710=DIRECTION('ref_axis',(1.,0.,0.));
#13711=DIRECTION('center_axis',(0.,0.,1.));
#13712=DIRECTION('ref_axis',(1.,0.,0.));
#13713=DIRECTION('',(0.,0.,-1.));
#13714=DIRECTION('center_axis',(0.,0.,1.));
#13715=DIRECTION('ref_axis',(1.,0.,0.));
#13716=DIRECTION('axis',(0.,0.,1.));
#13717=DIRECTION('refdir',(1.,0.,0.));
#13718=DIRECTION('center_axis',(0.,0.,1.));
#13719=DIRECTION('ref_axis',(1.,0.,0.));
#13720=DIRECTION('center_axis',(0.,0.,-1.));
#13721=DIRECTION('ref_axis',(1.,0.,0.));
#13722=DIRECTION('center_axis',(0.,0.,1.));
#13723=DIRECTION('ref_axis',(1.,0.,0.));
#13724=DIRECTION('center_axis',(0.,0.,1.));
#13725=DIRECTION('ref_axis',(1.,0.,0.));
#13726=DIRECTION('',(0.,0.,-1.));
#13727=DIRECTION('center_axis',(0.,0.,1.));
#13728=DIRECTION('ref_axis',(1.,0.,0.));
#13729=DIRECTION('',(0.,0.,1.));
#13730=DIRECTION('',(1.,0.,0.));
#13731=DIRECTION('',(5.15095129886655E-16,8.75811540203011E-47,-1.));
#13732=DIRECTION('',(1.,9.02056207507938E-16,5.15095129886655E-16));
#13733=DIRECTION('',(6.16297582203922E-33,-4.78959436048526E-48,1.));
#13734=DIRECTION('',(-1.,7.77156117237608E-16,6.16297582203922E-33));
#13735=DIRECTION('',(3.08148791101996E-33,-2.73691106313475E-48,1.));
#13736=DIRECTION('',(-1.,8.88178419700125E-16,3.08148791101996E-33));
#13737=DIRECTION('',(-1.54074395550984E-33,-1.53951247301316E-48,1.));
#13738=DIRECTION('',(-1.,-9.99200722162641E-16,-1.54074395550984E-33));
#13739=DIRECTION('',(-6.16297582203922E-33,4.78959436048526E-48,1.));
#13740=DIRECTION('',(1.,-7.77156117237608E-16,6.16297582203922E-33));
#13741=DIRECTION('',(-5.15095129886655E-16,-1.47524711100409E-30,1.));
#13742=DIRECTION('',(1.,3.76608466634565E-15,5.15095129886655E-16));
#13743=DIRECTION('',(-5.15095129886655E-16,-1.62268246734308E-30,1.));
#13744=DIRECTION('',(-1.,-4.05231403988183E-15,-5.15095129886655E-16));
#13745=DIRECTION('',(-5.15095129886655E-16,-8.5065732869527E-31,1.));
#13746=DIRECTION('',(-1.,-2.55351295663786E-15,-5.15095129886655E-16));
#13747=DIRECTION('',(-5.15095129886655E-16,-1.47524711100409E-30,1.));
#13748=DIRECTION('',(-1.,-3.76608466634565E-15,-5.15095129886655E-16));
#13749=DIRECTION('axis',(0.,0.,1.));
#13750=DIRECTION('refdir',(1.,0.,0.));
#13751=DIRECTION('center_axis',(-1.,-1.26161707343434E-16,0.));
#13752=DIRECTION('ref_axis',(1.26161707343434E-16,-1.,0.));
#13753=DIRECTION('',(1.26161707343434E-16,-1.,-2.4845699746111E-32));
#13754=DIRECTION('',(0.,0.,1.));
#13755=DIRECTION('',(1.26161707343434E-16,-1.,-2.4845699746111E-32));
#13756=DIRECTION('',(0.,0.,-1.));
#13757=DIRECTION('center_axis',(0.,1.,0.));
#13758=DIRECTION('ref_axis',(-1.,0.,0.));
#13759=DIRECTION('',(-1.,0.,1.96935348048808E-16));
#13760=DIRECTION('',(-1.,0.,1.96935348048808E-16));
#13761=DIRECTION('',(0.,0.,1.));
#13762=DIRECTION('center_axis',(1.,0.,0.));
#13763=DIRECTION('ref_axis',(0.,1.,0.));
#13764=DIRECTION('',(0.,1.,0.));
#13765=DIRECTION('',(0.,1.,0.));
#13766=DIRECTION('',(0.,0.,1.));
#13767=DIRECTION('center_axis',(6.93889390389461E-17,-1.,0.));
#13768=DIRECTION('ref_axis',(1.,6.93889390389461E-17,0.));
#13769=DIRECTION('',(1.,6.93889390389461E-17,-1.96935348048808E-16));
#13770=DIRECTION('',(1.,6.93889390389461E-17,-1.96935348048808E-16));
#13771=DIRECTION('center_axis',(-1.96935348048808E-16,0.,-1.));
#13772=DIRECTION('ref_axis',(-1.,0.,1.96935348048808E-16));
#13773=DIRECTION('center_axis',(0.,0.,1.));
#13774=DIRECTION('ref_axis',(1.,0.,0.));
#13775=DIRECTION('',(0.,-1.,0.));
#13776=DIRECTION('',(-1.,0.,0.));
#13777=DIRECTION('',(0.,1.,0.));
#13778=DIRECTION('',(1.,1.47701511036606E-16,0.));
#13779=DIRECTION('',(0.,-1.,0.));
#13780=DIRECTION('',(-1.,0.,0.));
#13781=DIRECTION('',(0.,1.,0.));
#13782=DIRECTION('',(1.,1.47701511036606E-16,0.));
#13783=DIRECTION('',(0.,-1.,0.));
#13784=DIRECTION('',(-1.,0.,0.));
#13785=DIRECTION('',(0.,1.,0.));
#13786=DIRECTION('',(1.,1.47701511036606E-16,0.));
#13787=DIRECTION('',(0.,-1.,0.));
#13788=DIRECTION('',(-1.,0.,0.));
#13789=DIRECTION('',(0.,1.,0.));
#13790=DIRECTION('',(1.,1.47701511036606E-16,0.));
#13791=DIRECTION('',(0.,-1.,0.));
#13792=DIRECTION('',(-1.,0.,0.));
#13793=DIRECTION('',(0.,1.,0.));
#13794=DIRECTION('',(1.,1.47701511036606E-16,0.));
#13795=DIRECTION('',(0.,-1.,0.));
#13796=DIRECTION('',(-1.,0.,0.));
#13797=DIRECTION('',(0.,1.,0.));
#13798=DIRECTION('',(1.,1.47701511036606E-16,0.));
#13799=DIRECTION('',(0.,-1.,0.));
#13800=DIRECTION('',(-1.,0.,0.));
#13801=DIRECTION('',(0.,1.,0.));
#13802=DIRECTION('',(1.,1.47701511036606E-16,0.));
#13803=DIRECTION('',(0.,-1.,0.));
#13804=DIRECTION('',(-1.,0.,0.));
#13805=DIRECTION('',(0.,1.,0.));
#13806=DIRECTION('',(1.,1.47701511036606E-16,0.));
#13807=DIRECTION('',(0.,-1.,0.));
#13808=DIRECTION('',(-1.,0.,0.));
#13809=DIRECTION('',(0.,1.,0.));
#13810=DIRECTION('',(1.,1.47701511036606E-16,0.));
#13811=DIRECTION('',(0.,-1.,0.));
#13812=DIRECTION('',(-1.,0.,0.));
#13813=DIRECTION('',(0.,-1.,0.));
#13814=DIRECTION('',(1.,0.,0.));
#13815=DIRECTION('',(0.,1.,0.));
#13816=DIRECTION('',(-1.,0.,0.));
#13817=DIRECTION('',(0.,1.,0.));
#13818=DIRECTION('',(1.,1.47701511036606E-16,0.));
#13819=DIRECTION('center_axis',(0.,0.,-1.));
#13820=DIRECTION('ref_axis',(1.,0.,0.));
#13821=DIRECTION('center_axis',(1.,0.,0.));
#13822=DIRECTION('ref_axis',(0.,-1.,0.));
#13823=DIRECTION('',(0.,0.,1.));
#13824=DIRECTION('',(0.,1.,0.));
#13825=DIRECTION('',(0.,0.,1.));
#13826=DIRECTION('',(0.,1.,0.));
#13827=DIRECTION('center_axis',(0.,1.,0.));
#13828=DIRECTION('ref_axis',(1.,0.,0.));
#13829=DIRECTION('',(0.,0.,1.));
#13830=DIRECTION('',(-1.,0.,1.96935348048808E-16));
#13831=DIRECTION('',(-1.,0.,1.96935348048808E-16));
#13832=DIRECTION('center_axis',(0.,0.,-1.));
#13833=DIRECTION('ref_axis',(1.,0.,0.));
#13834=DIRECTION('center_axis',(1.96935348048808E-16,0.,1.));
#13835=DIRECTION('ref_axis',(1.,0.,0.));
#13836=DIRECTION('',(0.,0.,1.));
#13837=DIRECTION('center_axis',(1.96935348048808E-16,0.,1.));
#13838=DIRECTION('ref_axis',(1.,0.,0.));
#13839=DIRECTION('center_axis',(0.,0.,-1.));
#13840=DIRECTION('ref_axis',(1.,0.,0.));
#13841=DIRECTION('center_axis',(1.96935348048808E-16,0.,1.));
#13842=DIRECTION('ref_axis',(1.,0.,0.));
#13843=DIRECTION('',(0.,0.,1.));
#13844=DIRECTION('center_axis',(1.96935348048808E-16,0.,1.));
#13845=DIRECTION('ref_axis',(1.,0.,0.));
#13846=DIRECTION('center_axis',(0.,0.,-1.));
#13847=DIRECTION('ref_axis',(1.,0.,0.));
#13848=DIRECTION('center_axis',(1.96935348048808E-16,0.,1.));
#13849=DIRECTION('ref_axis',(1.,0.,0.));
#13850=DIRECTION('',(0.,0.,1.));
#13851=DIRECTION('center_axis',(1.96935348048808E-16,0.,1.));
#13852=DIRECTION('ref_axis',(1.,0.,0.));
#13853=DIRECTION('center_axis',(0.,0.,-1.));
#13854=DIRECTION('ref_axis',(1.,0.,0.));
#13855=DIRECTION('center_axis',(1.96935348048808E-16,0.,1.));
#13856=DIRECTION('ref_axis',(1.,0.,0.));
#13857=DIRECTION('',(0.,0.,1.));
#13858=DIRECTION('center_axis',(1.96935348048808E-16,0.,1.));
#13859=DIRECTION('ref_axis',(1.,0.,0.));
#13860=DIRECTION('center_axis',(1.,0.,-8.05969527858553E-17));
#13861=DIRECTION('ref_axis',(-8.05969527858553E-17,0.,-1.));
#13862=DIRECTION('center_axis',(-1.,0.,8.05969527858553E-17));
#13863=DIRECTION('ref_axis',(-8.05969527858553E-17,0.,-1.));
#13864=DIRECTION('',(-1.,0.,8.05969527858553E-17));
#13865=DIRECTION('center_axis',(1.,0.,-8.05969527858553E-17));
#13866=DIRECTION('ref_axis',(-8.05969527858553E-17,0.,-1.));
#13867=DIRECTION('center_axis',(1.,0.,-8.05969527858553E-17));
#13868=DIRECTION('ref_axis',(-8.05969527858553E-17,0.,-1.));
#13869=DIRECTION('center_axis',(1.,0.,-8.05969527858553E-17));
#13870=DIRECTION('ref_axis',(-8.05969527858553E-17,0.,-1.));
#13871=DIRECTION('center_axis',(-1.,0.,8.05969527858553E-17));
#13872=DIRECTION('ref_axis',(-8.05969527858553E-17,0.,-1.));
#13873=DIRECTION('',(-1.,0.,8.05969527858553E-17));
#13874=DIRECTION('center_axis',(1.,0.,-8.05969527858553E-17));
#13875=DIRECTION('ref_axis',(-8.05969527858553E-17,0.,-1.));
#13876=DIRECTION('center_axis',(1.,0.,-8.05969527858553E-17));
#13877=DIRECTION('ref_axis',(-8.05969527858553E-17,0.,-1.));
#13878=DIRECTION('center_axis',(1.47701511036606E-16,-1.,0.));
#13879=DIRECTION('ref_axis',(1.,1.47701511036606E-16,0.));
#13880=DIRECTION('',(1.,1.47701511036606E-16,-1.96935348048808E-16));
#13881=DIRECTION('',(0.,0.,1.));
#13882=DIRECTION('',(0.,0.,1.));
#13883=DIRECTION('center_axis',(1.,0.,0.));
#13884=DIRECTION('ref_axis',(0.,1.,0.));
#13885=DIRECTION('',(0.,0.,1.));
#13886=DIRECTION('',(0.,1.,0.));
#13887=DIRECTION('',(0.,0.,-1.));
#13888=DIRECTION('center_axis',(-1.,0.,0.));
#13889=DIRECTION('ref_axis',(0.,-1.,0.));
#13890=DIRECTION('',(0.,0.,1.));
#13891=DIRECTION('',(0.,-1.,0.));
#13892=DIRECTION('',(0.,0.,-1.));
#13893=DIRECTION('center_axis',(1.47701511036606E-16,-1.,0.));
#13894=DIRECTION('ref_axis',(1.,1.47701511036606E-16,0.));
#13895=DIRECTION('',(1.,1.47701511036606E-16,-1.96935348048808E-16));
#13896=DIRECTION('',(0.,0.,1.));
#13897=DIRECTION('',(0.,0.,1.));
#13898=DIRECTION('center_axis',(1.,0.,0.));
#13899=DIRECTION('ref_axis',(0.,1.,0.));
#13900=DIRECTION('',(0.,0.,1.));
#13901=DIRECTION('',(0.,1.,0.));
#13902=DIRECTION('',(0.,0.,-1.));
#13903=DIRECTION('center_axis',(-1.,0.,0.));
#13904=DIRECTION('ref_axis',(0.,-1.,0.));
#13905=DIRECTION('',(0.,0.,1.));
#13906=DIRECTION('',(0.,-1.,0.));
#13907=DIRECTION('',(0.,0.,-1.));
#13908=DIRECTION('center_axis',(1.47701511036606E-16,-1.,0.));
#13909=DIRECTION('ref_axis',(1.,1.47701511036606E-16,0.));
#13910=DIRECTION('',(1.,1.47701511036606E-16,-1.96935348048808E-16));
#13911=DIRECTION('',(0.,0.,1.));
#13912=DIRECTION('',(0.,0.,1.));
#13913=DIRECTION('center_axis',(1.,0.,0.));
#13914=DIRECTION('ref_axis',(0.,1.,0.));
#13915=DIRECTION('',(0.,0.,1.));
#13916=DIRECTION('',(0.,1.,0.));
#13917=DIRECTION('',(0.,0.,-1.));
#13918=DIRECTION('center_axis',(-1.,0.,0.));
#13919=DIRECTION('ref_axis',(0.,-1.,0.));
#13920=DIRECTION('',(0.,0.,1.));
#13921=DIRECTION('',(0.,-1.,0.));
#13922=DIRECTION('',(0.,0.,-1.));
#13923=DIRECTION('center_axis',(1.47701511036606E-16,-1.,0.));
#13924=DIRECTION('ref_axis',(1.,1.47701511036606E-16,0.));
#13925=DIRECTION('',(1.,1.47701511036606E-16,-1.96935348048808E-16));
#13926=DIRECTION('',(0.,0.,1.));
#13927=DIRECTION('',(0.,0.,1.));
#13928=DIRECTION('center_axis',(1.,0.,0.));
#13929=DIRECTION('ref_axis',(0.,1.,0.));
#13930=DIRECTION('',(0.,0.,1.));
#13931=DIRECTION('',(0.,1.,0.));
#13932=DIRECTION('',(0.,0.,-1.));
#13933=DIRECTION('center_axis',(-1.,0.,0.));
#13934=DIRECTION('ref_axis',(0.,-1.,0.));
#13935=DIRECTION('',(0.,0.,1.));
#13936=DIRECTION('',(0.,-1.,0.));
#13937=DIRECTION('',(0.,0.,-1.));
#13938=DIRECTION('center_axis',(1.47701511036606E-16,-1.,0.));
#13939=DIRECTION('ref_axis',(1.,1.47701511036606E-16,0.));
#13940=DIRECTION('',(1.,1.47701511036606E-16,-1.96935348048808E-16));
#13941=DIRECTION('',(0.,0.,1.));
#13942=DIRECTION('',(0.,0.,1.));
#13943=DIRECTION('center_axis',(1.,0.,0.));
#13944=DIRECTION('ref_axis',(0.,1.,0.));
#13945=DIRECTION('',(0.,0.,1.));
#13946=DIRECTION('',(0.,1.,0.));
#13947=DIRECTION('',(0.,0.,-1.));
#13948=DIRECTION('center_axis',(-1.,0.,0.));
#13949=DIRECTION('ref_axis',(0.,-1.,0.));
#13950=DIRECTION('',(0.,0.,1.));
#13951=DIRECTION('',(0.,-1.,0.));
#13952=DIRECTION('',(0.,0.,-1.));
#13953=DIRECTION('center_axis',(1.47701511036606E-16,-1.,0.));
#13954=DIRECTION('ref_axis',(1.,1.47701511036606E-16,0.));
#13955=DIRECTION('',(1.,1.47701511036606E-16,-1.96935348048808E-16));
#13956=DIRECTION('',(0.,0.,1.));
#13957=DIRECTION('',(0.,0.,1.));
#13958=DIRECTION('center_axis',(1.,0.,0.));
#13959=DIRECTION('ref_axis',(0.,1.,0.));
#13960=DIRECTION('',(0.,0.,1.));
#13961=DIRECTION('',(0.,1.,0.));
#13962=DIRECTION('',(0.,0.,-1.));
#13963=DIRECTION('center_axis',(-1.,0.,0.));
#13964=DIRECTION('ref_axis',(0.,-1.,0.));
#13965=DIRECTION('',(0.,0.,1.));
#13966=DIRECTION('',(0.,-1.,0.));
#13967=DIRECTION('',(0.,0.,-1.));
#13968=DIRECTION('center_axis',(1.47701511036606E-16,-1.,0.));
#13969=DIRECTION('ref_axis',(1.,1.47701511036606E-16,0.));
#13970=DIRECTION('',(1.,1.47701511036606E-16,-1.96935348048808E-16));
#13971=DIRECTION('',(0.,0.,1.));
#13972=DIRECTION('',(0.,0.,1.));
#13973=DIRECTION('center_axis',(1.,0.,0.));
#13974=DIRECTION('ref_axis',(0.,1.,0.));
#13975=DIRECTION('',(0.,0.,1.));
#13976=DIRECTION('',(0.,1.,0.));
#13977=DIRECTION('',(0.,0.,-1.));
#13978=DIRECTION('center_axis',(-1.,0.,0.));
#13979=DIRECTION('ref_axis',(0.,-1.,0.));
#13980=DIRECTION('',(0.,0.,1.));
#13981=DIRECTION('',(0.,-1.,0.));
#13982=DIRECTION('',(0.,0.,-1.));
#13983=DIRECTION('center_axis',(1.47701511036606E-16,-1.,0.));
#13984=DIRECTION('ref_axis',(1.,1.47701511036606E-16,0.));
#13985=DIRECTION('',(1.,1.47701511036606E-16,-1.96935348048808E-16));
#13986=DIRECTION('',(0.,0.,1.));
#13987=DIRECTION('',(0.,0.,1.));
#13988=DIRECTION('center_axis',(1.,0.,0.));
#13989=DIRECTION('ref_axis',(0.,1.,0.));
#13990=DIRECTION('',(0.,0.,1.));
#13991=DIRECTION('',(0.,1.,0.));
#13992=DIRECTION('',(0.,0.,-1.));
#13993=DIRECTION('center_axis',(-1.,0.,0.));
#13994=DIRECTION('ref_axis',(0.,-1.,0.));
#13995=DIRECTION('',(0.,0.,1.));
#13996=DIRECTION('',(0.,-1.,0.));
#13997=DIRECTION('',(0.,0.,-1.));
#13998=DIRECTION('center_axis',(1.47701511036606E-16,-1.,0.));
#13999=DIRECTION('ref_axis',(1.,1.47701511036606E-16,0.));
#14000=DIRECTION('',(1.,1.47701511036606E-16,-1.96935348048808E-16));
#14001=DIRECTION('',(0.,0.,1.));
#14002=DIRECTION('',(0.,0.,1.));
#14003=DIRECTION('center_axis',(1.,0.,0.));
#14004=DIRECTION('ref_axis',(0.,1.,0.));
#14005=DIRECTION('',(0.,0.,1.));
#14006=DIRECTION('',(0.,1.,0.));
#14007=DIRECTION('',(0.,0.,-1.));
#14008=DIRECTION('center_axis',(-1.,0.,0.));
#14009=DIRECTION('ref_axis',(0.,-1.,0.));
#14010=DIRECTION('',(0.,0.,1.));
#14011=DIRECTION('',(0.,-1.,0.));
#14012=DIRECTION('',(0.,0.,-1.));
#14013=DIRECTION('center_axis',(1.47701511036606E-16,-1.,0.));
#14014=DIRECTION('ref_axis',(1.,1.47701511036606E-16,0.));
#14015=DIRECTION('',(1.,1.47701511036606E-16,-1.96935348048808E-16));
#14016=DIRECTION('',(-2.41790858357566E-16,-3.57128751342505E-32,-1.));
#14017=DIRECTION('',(1.,1.47701511036606E-16,-1.96935348048808E-16));
#14018=DIRECTION('center_axis',(1.47701511036606E-16,-1.,0.));
#14019=DIRECTION('ref_axis',(1.,1.47701511036606E-16,0.));
#14020=DIRECTION('',(1.,1.47701511036606E-16,-1.96935348048808E-16));
#14021=DIRECTION('',(0.,0.,-1.));
#14022=DIRECTION('',(1.,1.47701511036606E-16,-1.96935348048808E-16));
#14023=DIRECTION('center_axis',(1.47701511036606E-16,-1.,0.));
#14024=DIRECTION('ref_axis',(1.,1.47701511036606E-16,0.));
#14025=DIRECTION('',(1.,1.47701511036606E-16,-1.96935348048808E-16));
#14026=DIRECTION('',(1.,1.47701511036606E-16,-1.96935348048808E-16));
#14027=DIRECTION('center_axis',(1.47701511036606E-16,-1.,0.));
#14028=DIRECTION('ref_axis',(1.,1.47701511036606E-16,0.));
#14029=DIRECTION('',(1.,1.47701511036606E-16,-1.96935348048808E-16));
#14030=DIRECTION('',(1.,1.47701511036606E-16,-1.96935348048808E-16));
#14031=DIRECTION('center_axis',(1.47701511036606E-16,-1.,0.));
#14032=DIRECTION('ref_axis',(1.,1.47701511036606E-16,0.));
#14033=DIRECTION('',(1.,1.47701511036606E-16,-1.96935348048808E-16));
#14034=DIRECTION('',(1.,1.47701511036606E-16,-1.96935348048808E-16));
#14035=DIRECTION('center_axis',(1.47701511036606E-16,-1.,0.));
#14036=DIRECTION('ref_axis',(1.,1.47701511036606E-16,0.));
#14037=DIRECTION('',(1.,1.47701511036606E-16,-1.96935348048808E-16));
#14038=DIRECTION('',(1.,1.47701511036606E-16,-1.96935348048808E-16));
#14039=DIRECTION('center_axis',(1.47701511036606E-16,-1.,0.));
#14040=DIRECTION('ref_axis',(1.,1.47701511036606E-16,0.));
#14041=DIRECTION('',(1.,1.47701511036606E-16,-1.96935348048808E-16));
#14042=DIRECTION('',(1.,1.47701511036606E-16,-1.96935348048808E-16));
#14043=DIRECTION('center_axis',(1.47701511036606E-16,-1.,0.));
#14044=DIRECTION('ref_axis',(1.,1.47701511036606E-16,0.));
#14045=DIRECTION('',(1.,1.47701511036606E-16,-1.96935348048808E-16));
#14046=DIRECTION('',(1.,1.47701511036606E-16,-1.96935348048808E-16));
#14047=DIRECTION('center_axis',(1.47701511036606E-16,-1.,0.));
#14048=DIRECTION('ref_axis',(1.,1.47701511036606E-16,0.));
#14049=DIRECTION('',(1.,1.47701511036606E-16,-1.96935348048808E-16));
#14050=DIRECTION('',(1.,1.47701511036606E-16,-1.96935348048808E-16));
#14051=DIRECTION('center_axis',(-1.96935348048808E-16,0.,-1.));
#14052=DIRECTION('ref_axis',(-1.,0.,1.96935348048808E-16));
#14053=DIRECTION('',(1.,0.,-1.96935348048808E-16));
#14054=DIRECTION('',(0.,1.,0.));
#14055=DIRECTION('center_axis',(-1.96935348048808E-16,0.,-1.));
#14056=DIRECTION('ref_axis',(-1.,0.,1.96935348048808E-16));
#14057=DIRECTION('',(0.,-1.,0.));
#14058=DIRECTION('',(1.,0.,-1.96935348048808E-16));
#14059=DIRECTION('center_axis',(-1.96935348048808E-16,0.,-1.));
#14060=DIRECTION('ref_axis',(-1.,0.,1.96935348048808E-16));
#14061=DIRECTION('',(1.,0.,-1.96935348048808E-16));
#14062=DIRECTION('center_axis',(-1.96935348048808E-16,0.,-1.));
#14063=DIRECTION('ref_axis',(-1.,0.,1.96935348048808E-16));
#14064=DIRECTION('',(1.,0.,-1.96935348048808E-16));
#14065=DIRECTION('center_axis',(-1.96935348048808E-16,0.,-1.));
#14066=DIRECTION('ref_axis',(-1.,0.,1.96935348048808E-16));
#14067=DIRECTION('',(1.,0.,-1.96935348048808E-16));
#14068=DIRECTION('center_axis',(-1.96935348048808E-16,0.,-1.));
#14069=DIRECTION('ref_axis',(-1.,0.,1.96935348048808E-16));
#14070=DIRECTION('',(1.,0.,-1.96935348048808E-16));
#14071=DIRECTION('center_axis',(-1.96935348048808E-16,0.,-1.));
#14072=DIRECTION('ref_axis',(-1.,0.,1.96935348048808E-16));
#14073=DIRECTION('',(1.,0.,-1.96935348048808E-16));
#14074=DIRECTION('center_axis',(-1.96935348048808E-16,0.,-1.));
#14075=DIRECTION('ref_axis',(-1.,0.,1.96935348048808E-16));
#14076=DIRECTION('',(1.,0.,-1.96935348048808E-16));
#14077=DIRECTION('center_axis',(-1.96935348048808E-16,0.,-1.));
#14078=DIRECTION('ref_axis',(-1.,0.,1.96935348048808E-16));
#14079=DIRECTION('',(1.,0.,-1.96935348048808E-16));
#14080=DIRECTION('center_axis',(0.,-1.,0.));
#14081=DIRECTION('ref_axis',(0.,0.,-1.));
#14082=DIRECTION('',(0.,0.,1.));
#14083=DIRECTION('center_axis',(0.,-1.,0.));
#14084=DIRECTION('ref_axis',(0.,0.,-1.));
#14085=DIRECTION('center_axis',(0.,-1.,0.));
#14086=DIRECTION('ref_axis',(0.,0.,-1.));
#14087=DIRECTION('center_axis',(0.,-1.,0.));
#14088=DIRECTION('ref_axis',(0.,0.,-1.));
#14089=DIRECTION('center_axis',(0.,-1.,0.));
#14090=DIRECTION('ref_axis',(0.,0.,-1.));
#14091=DIRECTION('center_axis',(0.,-1.,0.));
#14092=DIRECTION('ref_axis',(0.,0.,-1.));
#14093=DIRECTION('center_axis',(0.,-1.,0.));
#14094=DIRECTION('ref_axis',(0.,0.,-1.));
#14095=DIRECTION('center_axis',(0.,-1.,0.));
#14096=DIRECTION('ref_axis',(0.,0.,-1.));
#14097=DIRECTION('center_axis',(0.,-1.,0.));
#14098=DIRECTION('ref_axis',(0.,0.,-1.));
#14099=DIRECTION('',(-2.41790858357566E-16,0.,-1.));
#14100=DIRECTION('center_axis',(1.,0.,0.));
#14101=DIRECTION('ref_axis',(0.,1.,0.));
#14102=DIRECTION('',(0.,0.,1.));
#14103=DIRECTION('',(0.,0.,1.));
#14104=DIRECTION('',(0.,1.,0.));
#14105=DIRECTION('',(0.,0.,-1.));
#14106=DIRECTION('center_axis',(-1.,0.,0.));
#14107=DIRECTION('ref_axis',(0.,-1.,0.));
#14108=DIRECTION('',(0.,0.,1.));
#14109=DIRECTION('center_axis',(-1.47701511036606E-16,1.,0.));
#14110=DIRECTION('ref_axis',(-1.,-1.47701511036606E-16,0.));
#14111=DIRECTION('',(1.,1.47701511036606E-16,-1.96935348048808E-16));
#14112=DIRECTION('center_axis',(0.,-1.,0.));
#14113=DIRECTION('ref_axis',(0.,0.,-1.));
#14114=DIRECTION('',(1.,0.,-1.96935348048808E-16));
#14115=DIRECTION('center_axis',(0.,-1.,0.));
#14116=DIRECTION('ref_axis',(0.,0.,-1.));
#14117=DIRECTION('',(1.,0.,-1.96935348048808E-16));
#14118=DIRECTION('',(8.05969527858553E-17,0.,1.));
#14119=DIRECTION('center_axis',(-1.96935348048808E-16,0.,-1.));
#14120=DIRECTION('ref_axis',(-1.,0.,1.96935348048808E-16));
#14121=DIRECTION('',(1.,1.47701511036606E-16,-1.96935348048808E-16));
#14122=DIRECTION('center_axis',(-1.96935348048808E-16,0.,-1.));
#14123=DIRECTION('ref_axis',(-1.,0.,1.96935348048808E-16));
#14124=DIRECTION('',(1.,1.47701511036606E-16,-1.96935348048808E-16));
#14125=DIRECTION('',(0.,1.,0.));
#14126=DIRECTION('center_axis',(1.47701511036606E-16,-1.,0.));
#14127=DIRECTION('ref_axis',(1.,1.47701511036606E-16,0.));
#14128=DIRECTION('',(1.,1.47701511036606E-16,-1.96935348048808E-16));
#14129=DIRECTION('center_axis',(1.47701511036606E-16,-1.,0.));
#14130=DIRECTION('ref_axis',(1.,1.47701511036606E-16,0.));
#14131=DIRECTION('',(1.,1.47701511036606E-16,-1.96935348048808E-16));
#14132=DIRECTION('',(8.05969527858553E-17,1.19042917114168E-32,1.));
#14133=DIRECTION('center_axis',(-1.96935348048808E-16,0.,-1.));
#14134=DIRECTION('ref_axis',(-1.,0.,1.96935348048808E-16));
#14135=DIRECTION('center_axis',(-1.96935348048808E-16,0.,-1.));
#14136=DIRECTION('ref_axis',(-1.,0.,1.96935348048808E-16));
#14137=DIRECTION('center_axis',(-1.96935348048808E-16,0.,-1.));
#14138=DIRECTION('ref_axis',(-1.,0.,1.96935348048808E-16));
#14139=DIRECTION('center_axis',(-1.96935348048808E-16,0.,-1.));
#14140=DIRECTION('ref_axis',(-1.,0.,1.96935348048808E-16));
#14141=DIRECTION('center_axis',(-1.,0.,-1.32290138439874E-12));
#14142=DIRECTION('ref_axis',(1.32290138439874E-12,0.,-1.));
#14143=DIRECTION('',(1.32290138439874E-12,0.,-1.));
#14144=DIRECTION('',(1.32290138439874E-12,0.,-1.));
#14145=DIRECTION('',(1.32290138439874E-12,0.,-1.));
#14146=DIRECTION('',(0.,1.,0.));
#14147=DIRECTION('',(1.32290138439874E-12,0.,-1.));
#14148=DIRECTION('',(0.,1.,0.));
#14149=DIRECTION('center_axis',(0.,1.,0.));
#14150=DIRECTION('ref_axis',(0.,0.,1.));
#14151=DIRECTION('center_axis',(0.,-1.,0.));
#14152=DIRECTION('ref_axis',(-1.,0.,0.));
#14153=DIRECTION('',(-1.,0.,9.86864910774725E-17));
#14154=DIRECTION('center_axis',(-1.,0.,2.41790858357566E-16));
#14155=DIRECTION('ref_axis',(2.41790858357566E-16,0.,1.));
#14156=DIRECTION('',(2.41790858357566E-16,0.,1.));
#14157=DIRECTION('',(0.,1.,0.));
#14158=DIRECTION('',(2.41790858357566E-16,0.,1.));
#14159=DIRECTION('',(0.,1.,0.));
#14160=DIRECTION('center_axis',(0.,1.,0.));
#14161=DIRECTION('ref_axis',(0.,0.,1.));
#14162=DIRECTION('center_axis',(0.,-1.,0.));
#14163=DIRECTION('ref_axis',(-1.,0.,0.));
#14164=DIRECTION('center_axis',(0.,1.,0.));
#14165=DIRECTION('ref_axis',(-1.,0.,0.));
#14166=DIRECTION('',(0.,-1.,0.));
#14167=DIRECTION('center_axis',(0.,-1.,0.));
#14168=DIRECTION('ref_axis',(-1.,0.,0.));
#14169=DIRECTION('center_axis',(0.,1.,0.));
#14170=DIRECTION('ref_axis',(0.,0.,1.));
#14171=DIRECTION('center_axis',(0.,-1.,0.));
#14172=DIRECTION('ref_axis',(-1.,0.,0.));
#14173=DIRECTION('center_axis',(0.,-1.,0.));
#14174=DIRECTION('ref_axis',(-1.,0.,0.));
#14175=DIRECTION('',(1.32306287138414E-12,0.,1.));
#14176=DIRECTION('center_axis',(0.,-1.,0.));
#14177=DIRECTION('ref_axis',(-1.,0.,0.));
#14178=DIRECTION('center_axis',(0.,-1.,0.));
#14179=DIRECTION('ref_axis',(-1.,0.,0.));
#14180=DIRECTION('',(1.,0.,0.));
#14181=DIRECTION('center_axis',(0.,-1.,0.));
#14182=DIRECTION('ref_axis',(-1.,0.,0.));
#14183=DIRECTION('',(-1.,0.,9.86864910774725E-17));
#14184=DIRECTION('center_axis',(0.,1.,0.));
#14185=DIRECTION('ref_axis',(-1.,0.,0.));
#14186=DIRECTION('center_axis',(0.,-1.,0.));
#14187=DIRECTION('ref_axis',(-1.,0.,0.));
#14188=DIRECTION('',(0.,-1.,0.));
#14189=DIRECTION('center_axis',(0.,-1.,0.));
#14190=DIRECTION('ref_axis',(-1.,0.,0.));
#14191=DIRECTION('center_axis',(0.,1.,0.));
#14192=DIRECTION('ref_axis',(0.,0.,1.));
#14193=DIRECTION('center_axis',(-1.,-1.85037170770859E-16,0.));
#14194=DIRECTION('ref_axis',(-1.85037170770859E-16,1.,0.));
#14195=DIRECTION('',(0.,0.,-1.));
#14196=DIRECTION('',(1.85037170770859E-16,-1.,-3.64403596277259E-32));
#14197=DIRECTION('',(1.85037170770859E-16,-1.,-3.64403596277259E-32));
#14198=DIRECTION('center_axis',(6.30808536718839E-17,-1.,0.));
#14199=DIRECTION('ref_axis',(-1.,-6.30808536718839E-17,0.));
#14200=DIRECTION('',(1.,6.30808536718839E-17,-1.96935348048808E-16));
#14201=DIRECTION('',(1.,6.30808536718839E-17,-1.96935348048808E-16));
#14202=DIRECTION('center_axis',(0.,1.,0.));
#14203=DIRECTION('ref_axis',(-1.,0.,0.));
#14204=DIRECTION('',(-1.,0.,1.96935348048808E-16));
#14205=DIRECTION('',(-8.05969527858553E-17,0.,-1.));
#14206=DIRECTION('',(-1.,0.,1.96935348048808E-16));
#14207=DIRECTION('center_axis',(1.,0.,-8.05969527858553E-17));
#14208=DIRECTION('ref_axis',(-8.05969527858553E-17,0.,-1.));
#14209=DIRECTION('',(0.,-1.,0.));
#14210=DIRECTION('',(0.,1.,0.));
#14211=DIRECTION('',(-8.05969527858553E-17,0.,-1.));
#14212=DIRECTION('center_axis',(-1.96935348048808E-16,0.,-1.));
#14213=DIRECTION('ref_axis',(-1.,0.,1.96935348048808E-16));
#14214=DIRECTION('center_axis',(0.,1.,0.));
#14215=DIRECTION('ref_axis',(0.,0.,1.));
#14216=DIRECTION('',(1.32306287138414E-12,0.,1.));
#14217=DIRECTION('',(-1.,0.,9.86864910774725E-17));
#14218=DIRECTION('center_axis',(1.,0.,-1.32306287138414E-12));
#14219=DIRECTION('ref_axis',(1.32306287138414E-12,0.,1.));
#14220=DIRECTION('',(1.32306287138414E-12,0.,1.));
#14221=DIRECTION('',(0.,-1.,0.));
#14222=DIRECTION('',(1.32306287138414E-12,0.,1.));
#14223=DIRECTION('',(0.,1.,0.));
#14224=DIRECTION('center_axis',(0.,1.,0.));
#14225=DIRECTION('ref_axis',(0.,0.,1.));
#14226=DIRECTION('',(-1.,0.,1.96935348048808E-16));
#14227=DIRECTION('',(-1.,0.,9.86864910774725E-17));
#14228=DIRECTION('',(1.,0.,0.));
#14229=DIRECTION('center_axis',(-1.,0.,0.));
#14230=DIRECTION('ref_axis',(0.,0.,1.));
#14231=DIRECTION('center_axis',(0.,0.983916218642636,-0.178630553635085));
#14232=DIRECTION('ref_axis',(1.,0.,0.));
#14233=DIRECTION('center_axis',(1.,0.,0.));
#14234=DIRECTION('ref_axis',(0.,0.,1.));
#14235=DIRECTION('center_axis',(0.,0.,-1.));
#14236=DIRECTION('ref_axis',(0.,-1.,0.));
#14237=DIRECTION('center_axis',(0.,0.983916218642636,-0.178630553635085));
#14238=DIRECTION('ref_axis',(1.,0.,0.));
#14239=DIRECTION('center_axis',(0.,0.,-1.));
#14240=DIRECTION('ref_axis',(1.,0.,0.));
#14241=DIRECTION('center_axis',(0.,0.,1.));
#14242=DIRECTION('ref_axis',(1.,0.,0.));
#14243=DIRECTION('',(0.0871557427476581,-1.0673500138323E-17,0.996194698091746));
#14244=DIRECTION('center_axis',(0.,0.,-1.));
#14245=DIRECTION('ref_axis',(1.,0.,0.));
#14246=DIRECTION('center_axis',(0.,0.,1.));
#14247=DIRECTION('ref_axis',(1.,0.,0.));
#14248=DIRECTION('',(0.,0.,-1.));
#14249=DIRECTION('center_axis',(0.,0.,1.));
#14250=DIRECTION('ref_axis',(1.,0.,0.));
#14251=DIRECTION('center_axis',(-1.96935348048808E-16,0.,-1.));
#14252=DIRECTION('ref_axis',(-1.,0.,1.96935348048808E-16));
#14253=DIRECTION('center_axis',(0.,1.,0.));
#14254=DIRECTION('ref_axis',(-1.,0.,0.));
#14255=DIRECTION('center_axis',(0.,-1.,0.));
#14256=DIRECTION('ref_axis',(-1.,0.,0.));
#14257=DIRECTION('',(0.,-1.,0.));
#14258=DIRECTION('center_axis',(0.,-1.,0.));
#14259=DIRECTION('ref_axis',(-1.,0.,0.));
#14260=DIRECTION('center_axis',(0.,1.,0.));
#14261=DIRECTION('ref_axis',(-1.,0.,0.));
#14262=DIRECTION('center_axis',(0.,-1.,0.));
#14263=DIRECTION('ref_axis',(-1.,0.,0.));
#14264=DIRECTION('',(0.,-1.,0.));
#14265=DIRECTION('center_axis',(0.,-1.,0.));
#14266=DIRECTION('ref_axis',(-1.,0.,0.));
#14267=DIRECTION('center_axis',(9.86864910774725E-17,0.,1.));
#14268=DIRECTION('ref_axis',(-1.,0.,9.86864910774725E-17));
#14269=DIRECTION('center_axis',(0.,1.,0.));
#14270=DIRECTION('ref_axis',(0.,0.,1.));
#14271=DIRECTION('',(1.,0.,0.));
#14272=DIRECTION('center_axis',(0.,1.,0.));
#14273=DIRECTION('ref_axis',(0.,0.,1.));
#14274=DIRECTION('',(1.,0.,0.));
#14275=DIRECTION('center_axis',(0.,0.,-1.));
#14276=DIRECTION('ref_axis',(1.,0.,0.));
#14277=DIRECTION('center_axis',(0.,1.,0.));
#14278=DIRECTION('ref_axis',(0.,0.,1.));
#14279=DIRECTION('center_axis',(0.,1.,0.));
#14280=DIRECTION('ref_axis',(0.,0.,1.));
#14281=DIRECTION('center_axis',(-1.96935348048808E-16,0.,-1.));
#14282=DIRECTION('ref_axis',(-1.,0.,1.96935348048808E-16));
#14283=DIRECTION('axis',(0.,0.,1.));
#14284=DIRECTION('refdir',(1.,0.,0.));
#14285=DIRECTION('center_axis',(3.46944695195361E-17,1.,0.));
#14286=DIRECTION('ref_axis',(-1.,3.46944695195361E-17,0.));
#14287=DIRECTION('',(1.,0.,0.));
#14288=DIRECTION('',(0.,0.,-1.));
#14289=DIRECTION('',(-1.,0.,0.));
#14290=DIRECTION('',(0.,0.,-1.));
#14291=DIRECTION('center_axis',(3.46944695195361E-17,1.,0.));
#14292=DIRECTION('ref_axis',(-1.,3.46944695195361E-17,0.));
#14293=DIRECTION('',(-1.,0.,0.));
#14294=DIRECTION('',(0.,0.,-1.));
#14295=DIRECTION('',(1.,0.,0.));
#14296=DIRECTION('',(0.,0.,-1.));
#14297=DIRECTION('center_axis',(-6.93889390390723E-17,-1.,0.));
#14298=DIRECTION('ref_axis',(1.,-6.93889390390723E-17,0.));
#14299=DIRECTION('',(-1.,0.,0.));
#14300=DIRECTION('',(0.,0.,1.));
#14301=DIRECTION('',(1.,0.,0.));
#14302=DIRECTION('',(0.,0.,1.));
#14303=DIRECTION('center_axis',(-6.93889390390723E-17,-1.,0.));
#14304=DIRECTION('ref_axis',(1.,-6.93889390390723E-17,0.));
#14305=DIRECTION('',(1.,0.,0.));
#14306=DIRECTION('',(0.,0.,1.));
#14307=DIRECTION('',(-1.,0.,0.));
#14308=DIRECTION('',(0.,0.,1.));
#14309=DIRECTION('center_axis',(0.,0.,1.));
#14310=DIRECTION('ref_axis',(0.,1.,0.));
#14311=DIRECTION('center_axis',(0.,0.,1.));
#14312=DIRECTION('ref_axis',(0.,1.,0.));
#14313=DIRECTION('center_axis',(-2.77555756156289E-17,1.,0.));
#14314=DIRECTION('ref_axis',(-1.,-2.77555756156289E-17,0.));
#14315=DIRECTION('',(1.,0.,0.));
#14316=DIRECTION('',(0.,0.,1.));
#14317=DIRECTION('',(-1.,0.,0.));
#14318=DIRECTION('',(0.,0.,1.));
#14319=DIRECTION('center_axis',(-2.77555756156289E-17,-1.,0.));
#14320=DIRECTION('ref_axis',(1.,-2.77555756156289E-17,0.));
#14321=DIRECTION('',(-1.,0.,0.));
#14322=DIRECTION('',(0.,0.,1.));
#14323=DIRECTION('',(1.,0.,0.));
#14324=DIRECTION('',(0.,0.,-1.));
#14325=DIRECTION('center_axis',(-2.77555756156289E-17,-1.,0.));
#14326=DIRECTION('ref_axis',(1.,-2.77555756156289E-17,0.));
#14327=DIRECTION('',(-1.,0.,0.));
#14328=DIRECTION('',(0.,0.,1.));
#14329=DIRECTION('',(1.,0.,0.));
#14330=DIRECTION('',(0.,0.,-1.));
#14331=DIRECTION('center_axis',(0.,0.,1.));
#14332=DIRECTION('ref_axis',(0.,-1.,0.));
#14333=DIRECTION('center_axis',(-2.77555756156289E-17,1.,0.));
#14334=DIRECTION('ref_axis',(-1.,-2.77555756156289E-17,0.));
#14335=DIRECTION('',(1.,0.,0.));
#14336=DIRECTION('',(0.,0.,1.));
#14337=DIRECTION('',(-1.,0.,0.));
#14338=DIRECTION('',(0.,0.,1.));
#14339=DIRECTION('center_axis',(0.,0.,1.));
#14340=DIRECTION('ref_axis',(0.,-1.,0.));
#14341=DIRECTION('center_axis',(1.,0.,0.));
#14342=DIRECTION('ref_axis',(0.,0.,-1.));
#14343=DIRECTION('center_axis',(1.,0.,0.));
#14344=DIRECTION('ref_axis',(0.,0.,-1.));
#14345=DIRECTION('center_axis',(1.,0.,0.));
#14346=DIRECTION('ref_axis',(0.,0.,-1.));
#14347=DIRECTION('center_axis',(1.,0.,0.));
#14348=DIRECTION('ref_axis',(0.,0.,-1.));
#14349=DIRECTION('center_axis',(1.,0.,0.));
#14350=DIRECTION('ref_axis',(0.,0.,-1.));
#14351=DIRECTION('center_axis',(1.,0.,0.));
#14352=DIRECTION('ref_axis',(0.,0.,-1.));
#14353=DIRECTION('center_axis',(1.,0.,0.));
#14354=DIRECTION('ref_axis',(0.,0.,-1.));
#14355=DIRECTION('center_axis',(1.,0.,0.));
#14356=DIRECTION('ref_axis',(0.,1.,0.));
#14357=DIRECTION('',(-1.,0.,0.));
#14358=DIRECTION('center_axis',(1.,0.,0.));
#14359=DIRECTION('ref_axis',(0.,0.,-1.));
#14360=DIRECTION('center_axis',(1.,0.,0.));
#14361=DIRECTION('ref_axis',(0.,0.,-1.));
#14362=DIRECTION('center_axis',(1.,0.,0.));
#14363=DIRECTION('ref_axis',(0.,0.,-1.));
#14364=DIRECTION('center_axis',(1.,0.,0.));
#14365=DIRECTION('ref_axis',(0.,0.,-1.));
#14366=DIRECTION('center_axis',(-1.,0.,0.));
#14367=DIRECTION('ref_axis',(0.,0.,1.));
#14368=DIRECTION('center_axis',(1.,0.,0.));
#14369=DIRECTION('ref_axis',(0.,0.,-1.));
#14370=DIRECTION('center_axis',(-1.,0.,0.));
#14371=DIRECTION('ref_axis',(0.,0.,1.));
#14372=DIRECTION('center_axis',(1.,0.,0.));
#14373=DIRECTION('ref_axis',(0.,0.,-1.));
#14374=DIRECTION('center_axis',(1.,0.,0.));
#14375=DIRECTION('ref_axis',(0.,-1.,1.22464679914735E-16));
#14376=DIRECTION('center_axis',(1.,0.,0.));
#14377=DIRECTION('ref_axis',(0.,0.,-1.));
#14378=DIRECTION('center_axis',(1.,0.,0.));
#14379=DIRECTION('ref_axis',(0.,0.,-1.));
#14380=DIRECTION('center_axis',(1.,0.,0.));
#14381=DIRECTION('ref_axis',(0.,0.,-1.));
#14382=DIRECTION('center_axis',(1.,0.,0.));
#14383=DIRECTION('ref_axis',(0.,0.,-1.));
#14384=DIRECTION('center_axis',(1.,0.,0.));
#14385=DIRECTION('ref_axis',(0.,0.,-1.));
#14386=DIRECTION('center_axis',(1.,0.,0.));
#14387=DIRECTION('ref_axis',(0.,0.,-1.));
#14388=DIRECTION('center_axis',(1.,0.,0.));
#14389=DIRECTION('ref_axis',(0.,0.,-1.));
#14390=DIRECTION('center_axis',(1.,0.,0.));
#14391=DIRECTION('ref_axis',(0.,0.,-1.));
#14392=DIRECTION('center_axis',(1.,0.,0.));
#14393=DIRECTION('ref_axis',(0.,1.,0.));
#14394=DIRECTION('center_axis',(1.,0.,0.));
#14395=DIRECTION('ref_axis',(0.,0.,-1.));
#14396=DIRECTION('',(-1.,0.,0.));
#14397=DIRECTION('center_axis',(1.,0.,0.));
#14398=DIRECTION('ref_axis',(0.,0.,-1.));
#14399=DIRECTION('center_axis',(1.,0.,0.));
#14400=DIRECTION('ref_axis',(0.,0.,-1.));
#14401=DIRECTION('center_axis',(1.,0.,0.));
#14402=DIRECTION('ref_axis',(0.,0.,-1.));
#14403=DIRECTION('center_axis',(1.,0.,0.));
#14404=DIRECTION('ref_axis',(0.,1.,0.));
#14405=DIRECTION('center_axis',(1.,0.,0.));
#14406=DIRECTION('ref_axis',(0.,0.,-1.));
#14407=DIRECTION('center_axis',(-1.,0.,0.));
#14408=DIRECTION('ref_axis',(0.,0.,1.));
#14409=DIRECTION('center_axis',(1.,0.,0.));
#14410=DIRECTION('ref_axis',(0.,0.,-1.));
#14411=DIRECTION('center_axis',(1.,0.,0.));
#14412=DIRECTION('ref_axis',(0.,1.,0.));
#14413=DIRECTION('',(-1.,0.,0.));
#14414=DIRECTION('axis',(0.,0.,1.));
#14415=DIRECTION('refdir',(1.,0.,0.));
#14416=DIRECTION('center_axis',(1.,2.94779607647618E-18,0.));
#14417=DIRECTION('ref_axis',(0.,0.,-1.));
#14418=DIRECTION('center_axis',(1.,2.94779607647618E-18,0.));
#14419=DIRECTION('ref_axis',(2.94779607647618E-18,-1.,1.22464679914735E-16));
#14420=DIRECTION('center_axis',(2.94779607647618E-18,-1.,-1.22464679914735E-16));
#14421=DIRECTION('ref_axis',(0.,-1.22464679914735E-16,1.));
#14422=DIRECTION('center_axis',(-1.,-2.94779607647618E-18,0.));
#14423=DIRECTION('ref_axis',(0.,-1.,1.22464679914735E-16));
#14424=DIRECTION('center_axis',(-1.,-2.94779607647618E-18,0.));
#14425=DIRECTION('ref_axis',(0.,-1.,1.22464679914735E-16));
#14426=DIRECTION('center_axis',(1.,2.94779607647618E-18,0.));
#14427=DIRECTION('ref_axis',(0.,1.,0.));
#14428=DIRECTION('center_axis',(1.,2.94779607647618E-18,0.));
#14429=DIRECTION('ref_axis',(0.,-1.,0.));
#14430=DIRECTION('center_axis',(1.,2.94779607647618E-18,0.));
#14431=DIRECTION('ref_axis',(0.,-1.,0.));
#14432=DIRECTION('',(-1.,-2.94779607647618E-18,0.));
#14433=DIRECTION('center_axis',(1.,2.94779607647618E-18,0.));
#14434=DIRECTION('ref_axis',(0.,0.,-1.));
#14435=DIRECTION('center_axis',(1.,2.94779607647618E-18,0.));
#14436=DIRECTION('ref_axis',(0.,1.,0.));
#14437=DIRECTION('center_axis',(-1.,-2.94779607647618E-18,0.));
#14438=DIRECTION('ref_axis',(1.30604240679363E-18,-1.,0.));
#14439=DIRECTION('center_axis',(-1.,-2.94779607647618E-18,0.));
#14440=DIRECTION('ref_axis',(2.94779607647618E-18,-1.,0.));
#14441=DIRECTION('',(-0.707106781186549,0.707106781186546,8.65956056235491E-17));
#14442=DIRECTION('center_axis',(1.,2.94779607647618E-18,0.));
#14443=DIRECTION('ref_axis',(0.,0.,-1.));
#14444=DIRECTION('center_axis',(1.,2.94779607647618E-18,0.));
#14445=DIRECTION('ref_axis',(0.,0.,-1.));
#14446=DIRECTION('center_axis',(-1.,-2.94779607647618E-18,0.));
#14447=DIRECTION('ref_axis',(0.,-1.,1.22464679914735E-16));
#14448=DIRECTION('center_axis',(-1.,-2.94779607647618E-18,0.));
#14449=DIRECTION('ref_axis',(0.,-1.,1.22464679914735E-16));
#14450=DIRECTION('center_axis',(2.94779607647618E-18,-1.,-1.22464679914735E-16));
#14451=DIRECTION('ref_axis',(0.,-1.22464679914735E-16,1.));
#14452=DIRECTION('center_axis',(1.,2.94779607647618E-18,0.));
#14453=DIRECTION('ref_axis',(2.94779607647618E-18,-1.,1.22464679914735E-16));
#14454=DIRECTION('center_axis',(-1.,-2.94779607647618E-18,0.));
#14455=DIRECTION('ref_axis',(0.,0.,1.));
#14456=DIRECTION('',(-1.13370037242631E-33,3.84592537276713E-16,1.));
#14457=DIRECTION('',(2.55286628740447E-18,-0.866025403784438,0.5));
#14458=DIRECTION('',(2.55286628740447E-18,-0.866025403784439,-0.5));
#14459=DIRECTION('',(0.,0.,-1.));
#14460=DIRECTION('',(-2.55286628740447E-18,0.866025403784438,-0.500000000000001));
#14461=DIRECTION('',(-2.55286628740447E-18,0.866025403784439,0.5));
#14462=DIRECTION('center_axis',(1.,2.94779607647618E-18,0.));
#14463=DIRECTION('ref_axis',(0.,1.,0.));
#14464=DIRECTION('',(-1.,-2.94779607647618E-18,0.));
#14465=DIRECTION('center_axis',(1.47389803823809E-18,-0.500000000000001,
-0.866025403784438));
#14466=DIRECTION('ref_axis',(-1.,0.,-1.70191085826965E-18));
#14467=DIRECTION('',(-1.,-2.94779607647618E-18,0.));
#14468=DIRECTION('',(-1.,-2.94779607647618E-18,0.));
#14469=DIRECTION('center_axis',(-1.47389803823809E-18,0.5,-0.866025403784439));
#14470=DIRECTION('ref_axis',(-1.,0.,1.70191085826964E-18));
#14471=DIRECTION('',(-1.,-2.94779607647618E-18,0.));
#14472=DIRECTION('center_axis',(-2.94779607647618E-18,1.,-3.84592537276713E-16));
#14473=DIRECTION('ref_axis',(0.,3.84592537276713E-16,1.));
#14474=DIRECTION('',(-1.,-2.94779607647618E-18,0.));
#14475=DIRECTION('center_axis',(-1.47389803823809E-18,0.5,0.866025403784439));
#14476=DIRECTION('ref_axis',(1.,0.,1.70191085826965E-18));
#14477=DIRECTION('',(1.,2.94779607647618E-18,0.));
#14478=DIRECTION('center_axis',(2.94779607647618E-18,-1.,0.));
#14479=DIRECTION('ref_axis',(0.,0.,-1.));
#14480=DIRECTION('',(-1.,-2.94779607647618E-18,0.));
#14481=DIRECTION('center_axis',(1.47389803823809E-18,-0.5,0.866025403784439));
#14482=DIRECTION('ref_axis',(1.,0.,-1.70191085826965E-18));
#14483=DIRECTION('center_axis',(-1.,-2.94779607647618E-18,0.));
#14484=DIRECTION('ref_axis',(0.,1.,0.));
#14485=DIRECTION('',(-0.500000000000002,-0.866025403784437,-1.06057523872491E-16));
#14486=DIRECTION('',(0.,0.,1.));
#14487=DIRECTION('',(1.,0.,0.));
#14488=DIRECTION('',(0.,0.,1.));
#14489=DIRECTION('',(-1.,1.22464679914735E-16,0.));
#14490=DIRECTION('',(1.06406009308587E-32,5.39931222624491E-16,1.));
#14491=DIRECTION('',(1.,-1.11022302462515E-16,4.93038065763132E-32));
#14492=DIRECTION('',(6.00303161356639E-17,5.39931222624491E-16,1.));
#14493=DIRECTION('',(1.,-1.11022302462516E-16,-6.00303161356638E-17));
#14494=DIRECTION('',(5.12915816505831E-50,1.54074395550979E-33,-1.));
#14495=DIRECTION('',(-3.32901397842007E-17,-1.,-1.54074395550979E-33));
#14496=DIRECTION('',(1.02583163301166E-49,3.08148791101958E-33,-1.));
#14497=DIRECTION('',(-3.32901397842007E-17,-1.,-3.08148791101958E-33));
#14498=DIRECTION('',(-5.12915816505831E-50,-1.54074395550979E-33,-1.));
#14499=DIRECTION('',(-3.32901397842006E-17,-1.,1.54074395550979E-33));
#14500=DIRECTION('',(3.42113882891801E-49,2.2293635032633E-17,-1.));
#14501=DIRECTION('',(-8.32009786271867E-17,1.,2.2293635032633E-17));
#14502=DIRECTION('',(5.55111512312578E-17,5.55111512312578E-17,-1.));
#14503=DIRECTION('',(-1.44685691361793E-16,1.,5.55111512312578E-17));
#14504=DIRECTION('',(5.37044683118977E-17,2.9562258534989E-17,-1.));
#14505=DIRECTION('',(-1.44312442246716E-16,-1.,-2.9562258534989E-17));
#14506=DIRECTION('',(2.18998288304047E-19,-2.20746367443291E-17,-1.));
#14507=DIRECTION('',(-8.32009786271865E-17,1.,-2.20746367443291E-17));
#14508=DIRECTION('',(0.,0.,-1.));
#14509=DIRECTION('',(-8.91745401305347E-17,1.,0.));
#14510=DIRECTION('',(-5.42101086242755E-20,3.4700709336439E-18,1.));
#14511=DIRECTION('',(-4.19637571640848E-17,-1.,3.4700709336439E-18));
#14512=DIRECTION('',(1.42030484595601E-17,2.76981759766797E-17,1.));
#14513=DIRECTION('',(7.7732162678315E-17,-1.,2.76981759766797E-17));
#14514=DIRECTION('',(-3.46944695195361E-18,-3.46944695195361E-17,1.));
#14515=DIRECTION('',(-2.97341357247751E-16,1.,3.46944695195361E-17));
#14516=DIRECTION('',(4.11996825544491E-18,-2.77566402255654E-17,1.));
#14517=DIRECTION('',(-3.71328358512304E-17,1.,2.77566402255654E-17));
#14518=DIRECTION('center_axis',(0.,0.,1.));
#14519=DIRECTION('ref_axis',(1.,0.,0.));
#14520=CARTESIAN_POINT('',(0.,0.,0.));
#14521=CARTESIAN_POINT('',(0.,0.,0.));
#14522=CARTESIAN_POINT('Ctrl Pts',(5.15650997345964,-14.9,58.2797782885561));
#14523=CARTESIAN_POINT('Ctrl Pts',(5.15650997345964,-14.2,58.2797782885561));
#14524=CARTESIAN_POINT('Ctrl Pts',(5.52770111472489,-14.9,58.2825483716999));
#14525=CARTESIAN_POINT('Ctrl Pts',(5.52770111472489,-14.2,58.2825483716999));
#14526=CARTESIAN_POINT('Ctrl Pts',(6.08171774347899,-14.9,58.7257616747031));
#14527=CARTESIAN_POINT('Ctrl Pts',(6.08171774347899,-14.2,58.7257616747031));
#14528=CARTESIAN_POINT('Ctrl Pts',(6.38642688929375,-14.9,59.4986148718151));
#14529=CARTESIAN_POINT('Ctrl Pts',(6.38642688929375,-14.2,59.4986148718151));
#14530=CARTESIAN_POINT('Ctrl Pts',(6.38919697243752,-14.9,60.0027700039814));
#14531=CARTESIAN_POINT('Ctrl Pts',(6.38919697243752,-14.2,60.0027700039814));
#14532=CARTESIAN_POINT('',(6.38919697243752,-14.9,60.0027700039813));
#14533=CARTESIAN_POINT('',(5.15650997345964,-14.9,58.2797782885561));
#14534=CARTESIAN_POINT('Ctrl Pts',(6.38919697243752,-14.9,60.0027700039814));
#14535=CARTESIAN_POINT('Ctrl Pts',(6.38642688929375,-14.9,59.4986148718151));
#14536=CARTESIAN_POINT('Ctrl Pts',(6.08171774347899,-14.9,58.7257616747031));
#14537=CARTESIAN_POINT('Ctrl Pts',(5.52770111472489,-14.9,58.2825483716999));
#14538=CARTESIAN_POINT('Ctrl Pts',(5.15650997345964,-14.9,58.2797782885561));
#14539=CARTESIAN_POINT('',(5.15650997345964,-14.2,58.2797782885561));
#14540=CARTESIAN_POINT('',(5.15650997345964,-14.2,58.2797782885561));
#14541=CARTESIAN_POINT('',(6.38919697243752,-14.2,60.0027700039813));
#14542=CARTESIAN_POINT('Ctrl Pts',(6.38919697243752,-14.2,60.0027700039814));
#14543=CARTESIAN_POINT('Ctrl Pts',(6.38642688929375,-14.2,59.4986148718151));
#14544=CARTESIAN_POINT('Ctrl Pts',(6.08171774347899,-14.2,58.7257616747031));
#14545=CARTESIAN_POINT('Ctrl Pts',(5.52770111472489,-14.2,58.2825483716999));
#14546=CARTESIAN_POINT('Ctrl Pts',(5.15650997345964,-14.2,58.2797782885561));
#14547=CARTESIAN_POINT('',(6.38919697243752,-14.2,60.0027700039813));
#14548=CARTESIAN_POINT('Ctrl Pts',(3.93213322391306,-14.9,60.0027700039814));
#14549=CARTESIAN_POINT('Ctrl Pts',(3.93213322391306,-14.2,60.0027700039814));
#14550=CARTESIAN_POINT('Ctrl Pts',(3.93490330705683,-14.9,59.4986148718151));
#14551=CARTESIAN_POINT('Ctrl Pts',(3.93490330705683,-14.2,59.4986148718151));
#14552=CARTESIAN_POINT('Ctrl Pts',(4.23684236972782,-14.9,58.7257616747031));
#14553=CARTESIAN_POINT('Ctrl Pts',(4.23684236972782,-14.2,58.7257616747031));
#14554=CARTESIAN_POINT('Ctrl Pts',(4.78808891533816,-14.9,58.2825483716999));
#14555=CARTESIAN_POINT('Ctrl Pts',(4.78808891533816,-14.2,58.2825483716999));
#14556=CARTESIAN_POINT('Ctrl Pts',(5.15650997345964,-14.9,58.2797782885561));
#14557=CARTESIAN_POINT('Ctrl Pts',(5.15650997345964,-14.2,58.2797782885561));
#14558=CARTESIAN_POINT('',(3.93213322391306,-14.9,60.0027700039813));
#14559=CARTESIAN_POINT('Ctrl Pts',(5.15650997345964,-14.9,58.2797782885561));
#14560=CARTESIAN_POINT('Ctrl Pts',(4.78808891533816,-14.9,58.2825483716999));
#14561=CARTESIAN_POINT('Ctrl Pts',(4.23684236972782,-14.9,58.7257616747031));
#14562=CARTESIAN_POINT('Ctrl Pts',(3.93490330705683,-14.9,59.4986148718151));
#14563=CARTESIAN_POINT('Ctrl Pts',(3.93213322391306,-14.9,60.0027700039814));
#14564=CARTESIAN_POINT('',(3.93213322391306,-14.2,60.0027700039813));
#14565=CARTESIAN_POINT('',(3.93213322391306,-14.2,60.0027700039813));
#14566=CARTESIAN_POINT('Ctrl Pts',(5.15650997345964,-14.2,58.2797782885561));
#14567=CARTESIAN_POINT('Ctrl Pts',(4.78808891533816,-14.2,58.2825483716999));
#14568=CARTESIAN_POINT('Ctrl Pts',(4.23684236972782,-14.2,58.7257616747031));
#14569=CARTESIAN_POINT('Ctrl Pts',(3.93490330705683,-14.2,59.4986148718151));
#14570=CARTESIAN_POINT('Ctrl Pts',(3.93213322391306,-14.2,60.0027700039814));
#14571=CARTESIAN_POINT('Ctrl Pts',(5.15650997345964,-14.9,61.7202215531191));
#14572=CARTESIAN_POINT('Ctrl Pts',(5.15650997345964,-14.2,61.7202215531191));
#14573=CARTESIAN_POINT('Ctrl Pts',(4.78808891533816,-14.9,61.7174514699753));
#14574=CARTESIAN_POINT('Ctrl Pts',(4.78808891533816,-14.2,61.7174514699753));
#14575=CARTESIAN_POINT('Ctrl Pts',(4.23684236972782,-14.9,61.274238166972));
#14576=CARTESIAN_POINT('Ctrl Pts',(4.23684236972782,-14.2,61.274238166972));
#14577=CARTESIAN_POINT('Ctrl Pts',(3.93490330705683,-14.9,60.5041550530038));
#14578=CARTESIAN_POINT('Ctrl Pts',(3.93490330705683,-14.2,60.5041550530038));
#14579=CARTESIAN_POINT('Ctrl Pts',(3.93213322391306,-14.9,60.0027700039814));
#14580=CARTESIAN_POINT('Ctrl Pts',(3.93213322391306,-14.2,60.0027700039814));
#14581=CARTESIAN_POINT('',(5.15650997345964,-14.9,61.7202215531191));
#14582=CARTESIAN_POINT('Ctrl Pts',(3.93213322391306,-14.9,60.0027700039814));
#14583=CARTESIAN_POINT('Ctrl Pts',(3.93490330705683,-14.9,60.5041550530038));
#14584=CARTESIAN_POINT('Ctrl Pts',(4.23684236972782,-14.9,61.274238166972));
#14585=CARTESIAN_POINT('Ctrl Pts',(4.78808891533816,-14.9,61.7174514699753));
#14586=CARTESIAN_POINT('Ctrl Pts',(5.15650997345964,-14.9,61.7202215531191));
#14587=CARTESIAN_POINT('',(5.15650997345964,-14.2,61.7202215531191));
#14588=CARTESIAN_POINT('',(5.15650997345964,-14.2,61.7202215531191));
#14589=CARTESIAN_POINT('Ctrl Pts',(3.93213322391306,-14.2,60.0027700039814));
#14590=CARTESIAN_POINT('Ctrl Pts',(3.93490330705683,-14.2,60.5041550530038));
#14591=CARTESIAN_POINT('Ctrl Pts',(4.23684236972782,-14.2,61.274238166972));
#14592=CARTESIAN_POINT('Ctrl Pts',(4.78808891533816,-14.2,61.7174514699753));
#14593=CARTESIAN_POINT('Ctrl Pts',(5.15650997345964,-14.2,61.7202215531191));
#14594=CARTESIAN_POINT('Ctrl Pts',(6.38919697243752,-14.9,60.0027700039814));
#14595=CARTESIAN_POINT('Ctrl Pts',(6.38919697243752,-14.2,60.0027700039814));
#14596=CARTESIAN_POINT('Ctrl Pts',(6.38642688929375,-14.9,60.5041550530038));
#14597=CARTESIAN_POINT('Ctrl Pts',(6.38642688929375,-14.2,60.5041550530038));
#14598=CARTESIAN_POINT('Ctrl Pts',(6.08171774347899,-14.9,61.274238166972));
#14599=CARTESIAN_POINT('Ctrl Pts',(6.08171774347899,-14.2,61.274238166972));
#14600=CARTESIAN_POINT('Ctrl Pts',(5.52770111472489,-14.9,61.7174514699753));
#14601=CARTESIAN_POINT('Ctrl Pts',(5.52770111472489,-14.2,61.7174514699753));
#14602=CARTESIAN_POINT('Ctrl Pts',(5.15650997345964,-14.9,61.7202215531191));
#14603=CARTESIAN_POINT('Ctrl Pts',(5.15650997345964,-14.2,61.7202215531191));
#14604=CARTESIAN_POINT('Ctrl Pts',(5.15650997345964,-14.9,61.7202215531191));
#14605=CARTESIAN_POINT('Ctrl Pts',(5.52770111472489,-14.9,61.7174514699753));
#14606=CARTESIAN_POINT('Ctrl Pts',(6.08171774347899,-14.9,61.274238166972));
#14607=CARTESIAN_POINT('Ctrl Pts',(6.38642688929375,-14.9,60.5041550530038));
#14608=CARTESIAN_POINT('Ctrl Pts',(6.38919697243752,-14.9,60.0027700039814));
#14609=CARTESIAN_POINT('Ctrl Pts',(5.15650997345964,-14.2,61.7202215531191));
#14610=CARTESIAN_POINT('Ctrl Pts',(5.52770111472489,-14.2,61.7174514699753));
#14611=CARTESIAN_POINT('Ctrl Pts',(6.08171774347899,-14.2,61.274238166972));
#14612=CARTESIAN_POINT('Ctrl Pts',(6.38642688929375,-14.2,60.5041550530038));
#14613=CARTESIAN_POINT('Ctrl Pts',(6.38919697243752,-14.2,60.0027700039814));
#14614=CARTESIAN_POINT('Origin',(-18.8,-14.9,25.));
#14615=CARTESIAN_POINT('',(5.15650997345964,-14.9,62.1412741909722));
#14616=CARTESIAN_POINT('',(6.86011110687851,-14.9,60.0027700039814));
#14617=CARTESIAN_POINT('Ctrl Pts',(5.15650997345964,-14.9,62.1412741909722));
#14618=CARTESIAN_POINT('Ctrl Pts',(5.66897535505718,-14.9,62.1357340246847));
#14619=CARTESIAN_POINT('Ctrl Pts',(6.43351830273785,-14.9,61.5872575622181));
#14620=CARTESIAN_POINT('Ctrl Pts',(6.85734102373474,-14.9,60.6260387113297));
#14621=CARTESIAN_POINT('Ctrl Pts',(6.86011110687851,-14.9,60.0027700039814));
#14622=CARTESIAN_POINT('',(5.15650997345963,-14.9,57.858725650703));
#14623=CARTESIAN_POINT('Ctrl Pts',(6.86011110687851,-14.9,60.0027700039814));
#14624=CARTESIAN_POINT('Ctrl Pts',(6.85734102373474,-14.9,59.3767312134892));
#14625=CARTESIAN_POINT('Ctrl Pts',(6.43351830273785,-14.9,58.4127422794571));
#14626=CARTESIAN_POINT('Ctrl Pts',(5.66897535505718,-14.9,57.8642658169905));
#14627=CARTESIAN_POINT('Ctrl Pts',(5.15650997345964,-14.9,57.858725650703));
#14628=CARTESIAN_POINT('',(3.46121908947207,-14.9,60.0027700039814));
#14629=CARTESIAN_POINT('Ctrl Pts',(5.15650997345964,-14.9,57.858725650703));
#14630=CARTESIAN_POINT('Ctrl Pts',(4.64958475814963,-14.9,57.8642658169905));
#14631=CARTESIAN_POINT('Ctrl Pts',(3.88781189361273,-14.9,58.4127422794571));
#14632=CARTESIAN_POINT('Ctrl Pts',(3.46398917261584,-14.9,59.3767312134892));
#14633=CARTESIAN_POINT('Ctrl Pts',(3.46121908947207,-14.9,60.0027700039814));
#14634=CARTESIAN_POINT('Ctrl Pts',(3.46121908947207,-14.9,60.0027700039814));
#14635=CARTESIAN_POINT('Ctrl Pts',(3.46398917261584,-14.9,60.6260387113297));
#14636=CARTESIAN_POINT('Ctrl Pts',(3.88781189361273,-14.9,61.5872575622181));
#14637=CARTESIAN_POINT('Ctrl Pts',(4.64958475814963,-14.9,62.1357340246847));
#14638=CARTESIAN_POINT('Ctrl Pts',(5.15650997345964,-14.9,62.1412741909722));
#14639=CARTESIAN_POINT('Ctrl Pts',(5.15650997345964,-14.9,62.1412741909722));
#14640=CARTESIAN_POINT('Ctrl Pts',(5.15650997345964,-14.2,62.1412741909722));
#14641=CARTESIAN_POINT('Ctrl Pts',(5.66897535505718,-14.9,62.1357340246847));
#14642=CARTESIAN_POINT('Ctrl Pts',(5.66897535505718,-14.2,62.1357340246847));
#14643=CARTESIAN_POINT('Ctrl Pts',(6.43351830273785,-14.9,61.5872575622181));
#14644=CARTESIAN_POINT('Ctrl Pts',(6.43351830273785,-14.2,61.5872575622181));
#14645=CARTESIAN_POINT('Ctrl Pts',(6.85734102373474,-14.9,60.6260387113297));
#14646=CARTESIAN_POINT('Ctrl Pts',(6.85734102373474,-14.2,60.6260387113297));
#14647=CARTESIAN_POINT('Ctrl Pts',(6.86011110687851,-14.9,60.0027700039814));
#14648=CARTESIAN_POINT('Ctrl Pts',(6.86011110687851,-14.2,60.0027700039814));
#14649=CARTESIAN_POINT('',(5.15650997345964,-14.2,62.1412741909722));
#14650=CARTESIAN_POINT('',(5.15650997345964,-14.2,62.1412741909722));
#14651=CARTESIAN_POINT('',(6.86011110687851,-14.2,60.0027700039814));
#14652=CARTESIAN_POINT('Ctrl Pts',(6.86011110687851,-14.2,60.0027700039814));
#14653=CARTESIAN_POINT('Ctrl Pts',(6.85734102373474,-14.2,60.6260387113297));
#14654=CARTESIAN_POINT('Ctrl Pts',(6.43351830273785,-14.2,61.5872575622181));
#14655=CARTESIAN_POINT('Ctrl Pts',(5.66897535505718,-14.2,62.1357340246847));
#14656=CARTESIAN_POINT('Ctrl Pts',(5.15650997345964,-14.2,62.1412741909722));
#14657=CARTESIAN_POINT('',(6.86011110687851,-14.2,60.0027700039814));
#14658=CARTESIAN_POINT('Ctrl Pts',(6.86011110687851,-14.9,60.0027700039814));
#14659=CARTESIAN_POINT('Ctrl Pts',(6.86011110687851,-14.2,60.0027700039814));
#14660=CARTESIAN_POINT('Ctrl Pts',(6.85734102373474,-14.9,59.3767312134892));
#14661=CARTESIAN_POINT('Ctrl Pts',(6.85734102373474,-14.2,59.3767312134892));
#14662=CARTESIAN_POINT('Ctrl Pts',(6.43351830273785,-14.9,58.4127422794571));
#14663=CARTESIAN_POINT('Ctrl Pts',(6.43351830273785,-14.2,58.4127422794571));
#14664=CARTESIAN_POINT('Ctrl Pts',(5.66897535505718,-14.9,57.8642658169905));
#14665=CARTESIAN_POINT('Ctrl Pts',(5.66897535505718,-14.2,57.8642658169905));
#14666=CARTESIAN_POINT('Ctrl Pts',(5.15650997345964,-14.9,57.858725650703));
#14667=CARTESIAN_POINT('Ctrl Pts',(5.15650997345964,-14.2,57.858725650703));
#14668=CARTESIAN_POINT('',(5.15650997345963,-14.2,57.858725650703));
#14669=CARTESIAN_POINT('Ctrl Pts',(5.15650997345964,-14.2,57.858725650703));
#14670=CARTESIAN_POINT('Ctrl Pts',(5.66897535505718,-14.2,57.8642658169905));
#14671=CARTESIAN_POINT('Ctrl Pts',(6.43351830273785,-14.2,58.4127422794571));
#14672=CARTESIAN_POINT('Ctrl Pts',(6.85734102373474,-14.2,59.3767312134892));
#14673=CARTESIAN_POINT('Ctrl Pts',(6.86011110687851,-14.2,60.0027700039814));
#14674=CARTESIAN_POINT('',(5.15650997345963,-14.2,57.858725650703));
#14675=CARTESIAN_POINT('Ctrl Pts',(5.15650997345964,-14.9,57.858725650703));
#14676=CARTESIAN_POINT('Ctrl Pts',(5.15650997345964,-14.2,57.858725650703));
#14677=CARTESIAN_POINT('Ctrl Pts',(4.64958475814963,-14.9,57.8642658169905));
#14678=CARTESIAN_POINT('Ctrl Pts',(4.64958475814963,-14.2,57.8642658169905));
#14679=CARTESIAN_POINT('Ctrl Pts',(3.88781189361273,-14.9,58.4127422794571));
#14680=CARTESIAN_POINT('Ctrl Pts',(3.88781189361273,-14.2,58.4127422794571));
#14681=CARTESIAN_POINT('Ctrl Pts',(3.46398917261584,-14.9,59.3767312134892));
#14682=CARTESIAN_POINT('Ctrl Pts',(3.46398917261584,-14.2,59.3767312134892));
#14683=CARTESIAN_POINT('Ctrl Pts',(3.46121908947207,-14.9,60.0027700039814));
#14684=CARTESIAN_POINT('Ctrl Pts',(3.46121908947207,-14.2,60.0027700039814));
#14685=CARTESIAN_POINT('',(3.46121908947207,-14.2,60.0027700039814));
#14686=CARTESIAN_POINT('Ctrl Pts',(3.46121908947207,-14.2,60.0027700039814));
#14687=CARTESIAN_POINT('Ctrl Pts',(3.46398917261584,-14.2,59.3767312134892));
#14688=CARTESIAN_POINT('Ctrl Pts',(3.88781189361273,-14.2,58.4127422794571));
#14689=CARTESIAN_POINT('Ctrl Pts',(4.64958475814963,-14.2,57.8642658169905));
#14690=CARTESIAN_POINT('Ctrl Pts',(5.15650997345964,-14.2,57.858725650703));
#14691=CARTESIAN_POINT('',(3.46121908947207,-14.2,60.0027700039814));
#14692=CARTESIAN_POINT('Ctrl Pts',(3.46121908947207,-14.9,60.0027700039814));
#14693=CARTESIAN_POINT('Ctrl Pts',(3.46121908947207,-14.2,60.0027700039814));
#14694=CARTESIAN_POINT('Ctrl Pts',(3.46398917261584,-14.9,60.6260387113297));
#14695=CARTESIAN_POINT('Ctrl Pts',(3.46398917261584,-14.2,60.6260387113297));
#14696=CARTESIAN_POINT('Ctrl Pts',(3.88781189361273,-14.9,61.5872575622181));
#14697=CARTESIAN_POINT('Ctrl Pts',(3.88781189361273,-14.2,61.5872575622181));
#14698=CARTESIAN_POINT('Ctrl Pts',(4.64958475814963,-14.9,62.1357340246847));
#14699=CARTESIAN_POINT('Ctrl Pts',(4.64958475814963,-14.2,62.1357340246847));
#14700=CARTESIAN_POINT('Ctrl Pts',(5.15650997345964,-14.9,62.1412741909722));
#14701=CARTESIAN_POINT('Ctrl Pts',(5.15650997345964,-14.2,62.1412741909722));
#14702=CARTESIAN_POINT('Ctrl Pts',(5.15650997345964,-14.2,62.1412741909722));
#14703=CARTESIAN_POINT('Ctrl Pts',(4.64958475814963,-14.2,62.1357340246847));
#14704=CARTESIAN_POINT('Ctrl Pts',(3.88781189361273,-14.2,61.5872575622181));
#14705=CARTESIAN_POINT('Ctrl Pts',(3.46398917261584,-14.2,60.6260387113297));
#14706=CARTESIAN_POINT('Ctrl Pts',(3.46121908947207,-14.2,60.0027700039814));
#14707=CARTESIAN_POINT('Origin',(-18.8,-14.9,25.));
#14708=CARTESIAN_POINT('',(-5.11218824049772,-14.9,58.4210525288884));
#14709=CARTESIAN_POINT('',(-6.20914116543085,-14.9,59.6509694447225));
#14710=CARTESIAN_POINT('',(-5.11218824049772,-14.9,58.4210525288884));
#14711=CARTESIAN_POINT('',(-6.06509684195478,-14.9,59.9972298376938));
#14712=CARTESIAN_POINT('',(-6.20914116543085,-14.9,59.6509694447225));
#14713=CARTESIAN_POINT('',(-5.68559545125822,-14.9,59.9168974265245));
#14714=CARTESIAN_POINT('Ctrl Pts',(-6.06509684195478,-14.9,59.9972298376938));
#14715=CARTESIAN_POINT('Ctrl Pts',(-5.99584476336052,-14.9,59.9612187568248));
#14716=CARTESIAN_POINT('Ctrl Pts',(-5.78808852757773,-14.9,59.9168974265245));
#14717=CARTESIAN_POINT('Ctrl Pts',(-5.68559545125822,-14.9,59.9168974265245));
#14718=CARTESIAN_POINT('',(-4.72160651722607,-14.9,60.8254846976812));
#14719=CARTESIAN_POINT('Ctrl Pts',(-5.68559545125822,-14.9,59.9168974265245));
#14720=CARTESIAN_POINT('Ctrl Pts',(-5.40581705373739,-14.9,59.9196675096682));
#14721=CARTESIAN_POINT('Ctrl Pts',(-4.97091400016542,-14.9,60.152354493745));
#14722=CARTESIAN_POINT('Ctrl Pts',(-4.72437660036984,-14.9,60.5595567158792));
#14723=CARTESIAN_POINT('Ctrl Pts',(-4.72160651722607,-14.9,60.8254846976812));
#14724=CARTESIAN_POINT('',(-5.69113561754576,-14.9,61.7202215531191));
#14725=CARTESIAN_POINT('Ctrl Pts',(-4.72160651722607,-14.9,60.8254846976812));
#14726=CARTESIAN_POINT('Ctrl Pts',(-4.72437660036984,-14.9,61.0886425963394));
#14727=CARTESIAN_POINT('Ctrl Pts',(-4.97368408330919,-14.9,61.4903046521861));
#14728=CARTESIAN_POINT('Ctrl Pts',(-5.40858713688116,-14.9,61.7174514699753));
#14729=CARTESIAN_POINT('Ctrl Pts',(-5.69113561754576,-14.9,61.7202215531191));
#14730=CARTESIAN_POINT('',(-6.70775613130954,-14.9,60.695290789924));
#14731=CARTESIAN_POINT('Ctrl Pts',(-5.69113561754576,-14.9,61.7202215531191));
#14732=CARTESIAN_POINT('Ctrl Pts',(-5.95429351620396,-14.9,61.7174514699753));
#14733=CARTESIAN_POINT('Ctrl Pts',(-6.38919656977593,-14.9,61.4542935713171));
#14734=CARTESIAN_POINT('Ctrl Pts',(-6.67174505044053,-14.9,60.9944597694512));
#14735=CARTESIAN_POINT('Ctrl Pts',(-6.70775613130954,-14.9,60.695290789924));
#14736=CARTESIAN_POINT('',(-7.12603868601889,-14.9,60.767312951662));
#14737=CARTESIAN_POINT('',(-6.70775613130954,-14.9,60.695290789924));
#14738=CARTESIAN_POINT('',(-5.67451511868314,-14.9,62.1412741909722));
#14739=CARTESIAN_POINT('Ctrl Pts',(-7.12603868601889,-14.9,60.767312951662));
#14740=CARTESIAN_POINT('Ctrl Pts',(-7.09279768829365,-14.9,61.1689750075087));
#14741=CARTESIAN_POINT('Ctrl Pts',(-6.69390571559069,-14.9,61.7839334654258));
#14742=CARTESIAN_POINT('Ctrl Pts',(-6.06232675881101,-14.9,62.1385041078284));
#14743=CARTESIAN_POINT('Ctrl Pts',(-5.67451511868313,-14.9,62.1412741909722));
#14744=CARTESIAN_POINT('',(-4.25623254907262,-14.9,60.8310248639687));
#14745=CARTESIAN_POINT('Ctrl Pts',(-5.67451511868313,-14.9,62.1412741909722));
#14746=CARTESIAN_POINT('Ctrl Pts',(-5.25900264711756,-14.9,62.1385041078284));
#14747=CARTESIAN_POINT('Ctrl Pts',(-4.62188352405033,-14.9,61.8033240474322));
#14748=CARTESIAN_POINT('Ctrl Pts',(-4.2590026322164,-14.9,61.2132963378091));
#14749=CARTESIAN_POINT('Ctrl Pts',(-4.25623254907262,-14.9,60.8310248639687));
#14750=CARTESIAN_POINT('',(-5.51108021320067,-14.9,59.5373960358279));
#14751=CARTESIAN_POINT('Ctrl Pts',(-4.25623254907262,-14.9,60.8310248639687));
#14752=CARTESIAN_POINT('Ctrl Pts',(-4.2590026322164,-14.9,60.465373888991));
#14753=CARTESIAN_POINT('Ctrl Pts',(-4.57756219375001,-14.9,59.8975068445181));
#14754=CARTESIAN_POINT('Ctrl Pts',(-5.13988907193542,-14.9,59.5595567009781));
#14755=CARTESIAN_POINT('Ctrl Pts',(-5.51108021320067,-14.9,59.5373960358279));
#14756=CARTESIAN_POINT('',(-4.42520762084263,-14.9,58.3185594525689));
#14757=CARTESIAN_POINT('',(-5.51108021320067,-14.9,59.5373960358279));
#14758=CARTESIAN_POINT('',(-4.42520762084263,-14.9,57.9999998910353));
#14759=CARTESIAN_POINT('',(-4.42520762084263,-14.9,58.3185594525689));
#14760=CARTESIAN_POINT('',(-6.89889186822971,-14.9,57.9999998910353));
#14761=CARTESIAN_POINT('',(-4.42520762084263,-14.9,57.9999998910353));
#14762=CARTESIAN_POINT('',(-6.89889186822971,-14.9,58.4210525288884));
#14763=CARTESIAN_POINT('',(-6.89889186822971,-14.9,57.9999998910353));
#14764=CARTESIAN_POINT('',(-6.89889186822971,-14.9,58.4210525288884));
#14765=CARTESIAN_POINT('Origin',(-5.66066470296428,-14.2,59.0360109868054));
#14766=CARTESIAN_POINT('',(-5.11218824049772,-14.2,58.4210525288884));
#14767=CARTESIAN_POINT('',(-5.11218824049772,-14.2,58.4210525288884));
#14768=CARTESIAN_POINT('',(-6.20914116543085,-14.2,59.6509694447225));
#14769=CARTESIAN_POINT('',(-0.117696176435096,-14.2,52.8211674873637));
#14770=CARTESIAN_POINT('',(-6.20914116543085,-14.2,59.6509694447225));
#14771=CARTESIAN_POINT('Origin',(-6.13711900369281,-14.2,59.8240996412082));
#14772=CARTESIAN_POINT('',(-6.06509684195478,-14.2,59.9972298376938));
#14773=CARTESIAN_POINT('',(-13.2459923159811,-14.2,42.7354618712841));
#14774=CARTESIAN_POINT('',(-6.06509684195478,-14.2,59.9972298376938));
#14775=CARTESIAN_POINT('Ctrl Pts',(-6.06509684195478,-14.9,59.9972298376938));
#14776=CARTESIAN_POINT('Ctrl Pts',(-6.06509684195478,-14.2,59.9972298376938));
#14777=CARTESIAN_POINT('Ctrl Pts',(-5.99584476336052,-14.9,59.9612187568248));
#14778=CARTESIAN_POINT('Ctrl Pts',(-5.99584476336052,-14.2,59.9612187568248));
#14779=CARTESIAN_POINT('Ctrl Pts',(-5.78808852757773,-14.9,59.9168974265245));
#14780=CARTESIAN_POINT('Ctrl Pts',(-5.78808852757773,-14.2,59.9168974265245));
#14781=CARTESIAN_POINT('Ctrl Pts',(-5.68559545125822,-14.9,59.9168974265245));
#14782=CARTESIAN_POINT('Ctrl Pts',(-5.68559545125822,-14.2,59.9168974265245));
#14783=CARTESIAN_POINT('',(-5.68559545125822,-14.2,59.9168974265245));
#14784=CARTESIAN_POINT('Ctrl Pts',(-5.68559545125822,-14.2,59.9168974265245));
#14785=CARTESIAN_POINT('Ctrl Pts',(-5.78808852757773,-14.2,59.9168974265245));
#14786=CARTESIAN_POINT('Ctrl Pts',(-5.99584476336052,-14.2,59.9612187568248));
#14787=CARTESIAN_POINT('Ctrl Pts',(-6.06509684195478,-14.2,59.9972298376938));
#14788=CARTESIAN_POINT('',(-5.68559545125822,-14.2,59.9168974265245));
#14789=CARTESIAN_POINT('Ctrl Pts',(-5.68559545125822,-14.9,59.9168974265245));
#14790=CARTESIAN_POINT('Ctrl Pts',(-5.68559545125822,-14.2,59.9168974265245));
#14791=CARTESIAN_POINT('Ctrl Pts',(-5.40581705373739,-14.9,59.9196675096682));
#14792=CARTESIAN_POINT('Ctrl Pts',(-5.40581705373739,-14.2,59.9196675096682));
#14793=CARTESIAN_POINT('Ctrl Pts',(-4.97091400016542,-14.9,60.152354493745));
#14794=CARTESIAN_POINT('Ctrl Pts',(-4.97091400016542,-14.2,60.152354493745));
#14795=CARTESIAN_POINT('Ctrl Pts',(-4.72437660036984,-14.9,60.5595567158792));
#14796=CARTESIAN_POINT('Ctrl Pts',(-4.72437660036984,-14.2,60.5595567158792));
#14797=CARTESIAN_POINT('Ctrl Pts',(-4.72160651722607,-14.9,60.8254846976812));
#14798=CARTESIAN_POINT('Ctrl Pts',(-4.72160651722607,-14.2,60.8254846976812));
#14799=CARTESIAN_POINT('',(-4.72160651722607,-14.2,60.8254846976812));
#14800=CARTESIAN_POINT('Ctrl Pts',(-4.72160651722607,-14.2,60.8254846976812));
#14801=CARTESIAN_POINT('Ctrl Pts',(-4.72437660036984,-14.2,60.5595567158792));
#14802=CARTESIAN_POINT('Ctrl Pts',(-4.97091400016542,-14.2,60.152354493745));
#14803=CARTESIAN_POINT('Ctrl Pts',(-5.40581705373739,-14.2,59.9196675096682));
#14804=CARTESIAN_POINT('Ctrl Pts',(-5.68559545125822,-14.2,59.9168974265245));
#14805=CARTESIAN_POINT('',(-4.72160651722607,-14.2,60.8254846976812));
#14806=CARTESIAN_POINT('Ctrl Pts',(-4.72160651722607,-14.9,60.8254846976812));
#14807=CARTESIAN_POINT('Ctrl Pts',(-4.72160651722607,-14.2,60.8254846976812));
#14808=CARTESIAN_POINT('Ctrl Pts',(-4.72437660036984,-14.9,61.0886425963394));
#14809=CARTESIAN_POINT('Ctrl Pts',(-4.72437660036984,-14.2,61.0886425963394));
#14810=CARTESIAN_POINT('Ctrl Pts',(-4.97368408330919,-14.9,61.4903046521861));
#14811=CARTESIAN_POINT('Ctrl Pts',(-4.97368408330919,-14.2,61.4903046521861));
#14812=CARTESIAN_POINT('Ctrl Pts',(-5.40858713688116,-14.9,61.7174514699753));
#14813=CARTESIAN_POINT('Ctrl Pts',(-5.40858713688116,-14.2,61.7174514699753));
#14814=CARTESIAN_POINT('Ctrl Pts',(-5.69113561754576,-14.9,61.7202215531191));
#14815=CARTESIAN_POINT('Ctrl Pts',(-5.69113561754576,-14.2,61.7202215531191));
#14816=CARTESIAN_POINT('',(-5.69113561754576,-14.2,61.7202215531191));
#14817=CARTESIAN_POINT('Ctrl Pts',(-5.69113561754576,-14.2,61.7202215531191));
#14818=CARTESIAN_POINT('Ctrl Pts',(-5.40858713688116,-14.2,61.7174514699753));
#14819=CARTESIAN_POINT('Ctrl Pts',(-4.97368408330919,-14.2,61.4903046521861));
#14820=CARTESIAN_POINT('Ctrl Pts',(-4.72437660036984,-14.2,61.0886425963394));
#14821=CARTESIAN_POINT('Ctrl Pts',(-4.72160651722607,-14.2,60.8254846976812));
#14822=CARTESIAN_POINT('',(-5.69113561754576,-14.2,61.7202215531191));
#14823=CARTESIAN_POINT('Ctrl Pts',(-5.69113561754576,-14.9,61.7202215531191));
#14824=CARTESIAN_POINT('Ctrl Pts',(-5.69113561754576,-14.2,61.7202215531191));
#14825=CARTESIAN_POINT('Ctrl Pts',(-5.95429351620396,-14.9,61.7174514699753));
#14826=CARTESIAN_POINT('Ctrl Pts',(-5.95429351620396,-14.2,61.7174514699753));
#14827=CARTESIAN_POINT('Ctrl Pts',(-6.38919656977593,-14.9,61.4542935713171));
#14828=CARTESIAN_POINT('Ctrl Pts',(-6.38919656977593,-14.2,61.4542935713171));
#14829=CARTESIAN_POINT('Ctrl Pts',(-6.67174505044053,-14.9,60.9944597694512));
#14830=CARTESIAN_POINT('Ctrl Pts',(-6.67174505044053,-14.2,60.9944597694512));
#14831=CARTESIAN_POINT('Ctrl Pts',(-6.70775613130954,-14.9,60.695290789924));
#14832=CARTESIAN_POINT('Ctrl Pts',(-6.70775613130954,-14.2,60.695290789924));
#14833=CARTESIAN_POINT('',(-6.70775613130954,-14.2,60.695290789924));
#14834=CARTESIAN_POINT('Ctrl Pts',(-6.70775613130954,-14.2,60.695290789924));
#14835=CARTESIAN_POINT('Ctrl Pts',(-6.67174505044053,-14.2,60.9944597694512));
#14836=CARTESIAN_POINT('Ctrl Pts',(-6.38919656977593,-14.2,61.4542935713171));
#14837=CARTESIAN_POINT('Ctrl Pts',(-5.95429351620396,-14.2,61.7174514699753));
#14838=CARTESIAN_POINT('Ctrl Pts',(-5.69113561754576,-14.2,61.7202215531191));
#14839=CARTESIAN_POINT('',(-6.70775613130954,-14.2,60.695290789924));
#14840=CARTESIAN_POINT('Origin',(-6.91689740866422,-14.2,60.731301870793));
#14841=CARTESIAN_POINT('',(-7.12603868601889,-14.2,60.767312951662));
#14842=CARTESIAN_POINT('',(-9.69973872229686,-14.2,61.2104666002927));
#14843=CARTESIAN_POINT('',(-7.12603868601889,-14.2,60.767312951662));
#14844=CARTESIAN_POINT('Ctrl Pts',(-7.12603868601889,-14.9,60.767312951662));
#14845=CARTESIAN_POINT('Ctrl Pts',(-7.12603868601889,-14.2,60.767312951662));
#14846=CARTESIAN_POINT('Ctrl Pts',(-7.09279768829365,-14.9,61.1689750075087));
#14847=CARTESIAN_POINT('Ctrl Pts',(-7.09279768829365,-14.2,61.1689750075087));
#14848=CARTESIAN_POINT('Ctrl Pts',(-6.69390571559069,-14.9,61.7839334654258));
#14849=CARTESIAN_POINT('Ctrl Pts',(-6.69390571559069,-14.2,61.7839334654258));
#14850=CARTESIAN_POINT('Ctrl Pts',(-6.06232675881101,-14.9,62.1385041078284));
#14851=CARTESIAN_POINT('Ctrl Pts',(-6.06232675881101,-14.2,62.1385041078284));
#14852=CARTESIAN_POINT('Ctrl Pts',(-5.67451511868313,-14.9,62.1412741909722));
#14853=CARTESIAN_POINT('Ctrl Pts',(-5.67451511868313,-14.2,62.1412741909722));
#14854=CARTESIAN_POINT('',(-5.67451511868314,-14.2,62.1412741909722));
#14855=CARTESIAN_POINT('Ctrl Pts',(-5.67451511868313,-14.2,62.1412741909722));
#14856=CARTESIAN_POINT('Ctrl Pts',(-6.06232675881101,-14.2,62.1385041078284));
#14857=CARTESIAN_POINT('Ctrl Pts',(-6.69390571559069,-14.2,61.7839334654258));
#14858=CARTESIAN_POINT('Ctrl Pts',(-7.09279768829365,-14.2,61.1689750075087));
#14859=CARTESIAN_POINT('Ctrl Pts',(-7.12603868601889,-14.2,60.767312951662));
#14860=CARTESIAN_POINT('',(-5.67451511868314,-14.2,62.1412741909722));
#14861=CARTESIAN_POINT('Ctrl Pts',(-5.67451511868313,-14.9,62.1412741909722));
#14862=CARTESIAN_POINT('Ctrl Pts',(-5.67451511868313,-14.2,62.1412741909722));
#14863=CARTESIAN_POINT('Ctrl Pts',(-5.25900264711756,-14.9,62.1385041078284));
#14864=CARTESIAN_POINT('Ctrl Pts',(-5.25900264711756,-14.2,62.1385041078284));
#14865=CARTESIAN_POINT('Ctrl Pts',(-4.62188352405033,-14.9,61.8033240474322));
#14866=CARTESIAN_POINT('Ctrl Pts',(-4.62188352405033,-14.2,61.8033240474322));
#14867=CARTESIAN_POINT('Ctrl Pts',(-4.2590026322164,-14.9,61.2132963378091));
#14868=CARTESIAN_POINT('Ctrl Pts',(-4.2590026322164,-14.2,61.2132963378091));
#14869=CARTESIAN_POINT('Ctrl Pts',(-4.25623254907262,-14.9,60.8310248639687));
#14870=CARTESIAN_POINT('Ctrl Pts',(-4.25623254907262,-14.2,60.8310248639687));
#14871=CARTESIAN_POINT('',(-4.25623254907262,-14.2,60.8310248639687));
#14872=CARTESIAN_POINT('Ctrl Pts',(-4.25623254907262,-14.2,60.8310248639687));
#14873=CARTESIAN_POINT('Ctrl Pts',(-4.2590026322164,-14.2,61.2132963378091));
#14874=CARTESIAN_POINT('Ctrl Pts',(-4.62188352405033,-14.2,61.8033240474322));
#14875=CARTESIAN_POINT('Ctrl Pts',(-5.25900264711756,-14.2,62.1385041078284));
#14876=CARTESIAN_POINT('Ctrl Pts',(-5.67451511868313,-14.2,62.1412741909722));
#14877=CARTESIAN_POINT('',(-4.25623254907262,-14.2,60.8310248639687));
#14878=CARTESIAN_POINT('Ctrl Pts',(-4.25623254907262,-14.9,60.8310248639687));
#14879=CARTESIAN_POINT('Ctrl Pts',(-4.25623254907262,-14.2,60.8310248639687));
#14880=CARTESIAN_POINT('Ctrl Pts',(-4.2590026322164,-14.9,60.465373888991));
#14881=CARTESIAN_POINT('Ctrl Pts',(-4.2590026322164,-14.2,60.465373888991));
#14882=CARTESIAN_POINT('Ctrl Pts',(-4.57756219375001,-14.9,59.8975068445181));
#14883=CARTESIAN_POINT('Ctrl Pts',(-4.57756219375001,-14.2,59.8975068445181));
#14884=CARTESIAN_POINT('Ctrl Pts',(-5.13988907193542,-14.9,59.5595567009781));
#14885=CARTESIAN_POINT('Ctrl Pts',(-5.13988907193542,-14.2,59.5595567009781));
#14886=CARTESIAN_POINT('Ctrl Pts',(-5.51108021320067,-14.9,59.5373960358279));
#14887=CARTESIAN_POINT('Ctrl Pts',(-5.51108021320067,-14.2,59.5373960358279));
#14888=CARTESIAN_POINT('',(-5.51108021320067,-14.2,59.5373960358279));
#14889=CARTESIAN_POINT('Ctrl Pts',(-5.51108021320067,-14.2,59.5373960358279));
#14890=CARTESIAN_POINT('Ctrl Pts',(-5.13988907193542,-14.2,59.5595567009781));
#14891=CARTESIAN_POINT('Ctrl Pts',(-4.57756219375001,-14.2,59.8975068445181));
#14892=CARTESIAN_POINT('Ctrl Pts',(-4.2590026322164,-14.2,60.465373888991));
#14893=CARTESIAN_POINT('Ctrl Pts',(-4.25623254907262,-14.2,60.8310248639687));
#14894=CARTESIAN_POINT('',(-5.51108021320067,-14.2,59.5373960358279));
#14895=CARTESIAN_POINT('Origin',(-4.96814391702165,-14.2,58.9279777441984));
#14896=CARTESIAN_POINT('',(-4.42520762084263,-14.2,58.3185594525689));
#14897=CARTESIAN_POINT('',(0.397283060990097,-14.2,52.9055597076546));
#14898=CARTESIAN_POINT('',(-4.42520762084263,-14.2,58.3185594525689));
#14899=CARTESIAN_POINT('Origin',(-4.42520762084263,-14.2,58.1592796718021));
#14900=CARTESIAN_POINT('',(-4.42520762084263,-14.2,57.9999998910353));
#14901=CARTESIAN_POINT('',(-4.42520762084263,-14.2,41.579639835901));
#14902=CARTESIAN_POINT('',(-4.42520762084263,-14.2,57.9999998910353));
#14903=CARTESIAN_POINT('Origin',(-5.66204974453617,-14.2,57.9999998910353));
#14904=CARTESIAN_POINT('',(-6.89889186822971,-14.2,57.9999998910353));
#14905=CARTESIAN_POINT('',(-12.2310248722681,-14.2,57.9999998910353));
#14906=CARTESIAN_POINT('',(-6.89889186822971,-14.2,57.9999998910353));
#14907=CARTESIAN_POINT('Origin',(-6.89889186822971,-14.2,58.2105262099618));
#14908=CARTESIAN_POINT('',(-6.89889186822971,-14.2,58.4210525288884));
#14909=CARTESIAN_POINT('',(-6.89889186822971,-14.2,41.6052631049809));
#14910=CARTESIAN_POINT('',(-6.89889186822971,-14.2,58.4210525288884));
#14911=CARTESIAN_POINT('Origin',(-6.00554005436371,-14.2,58.4210525288884));
#14912=CARTESIAN_POINT('',(-12.4027700271819,-14.2,58.4210525288884));
#14913=CARTESIAN_POINT('Ctrl Pts',(-1.60526298048423,-14.9,58.2797782885561));
#14914=CARTESIAN_POINT('Ctrl Pts',(-1.60526298048423,-14.2,58.2797782885561));
#14915=CARTESIAN_POINT('Ctrl Pts',(-1.23407183921898,-14.9,58.2825483716999));
#14916=CARTESIAN_POINT('Ctrl Pts',(-1.23407183921898,-14.2,58.2825483716999));
#14917=CARTESIAN_POINT('Ctrl Pts',(-0.680055210464871,-14.9,58.7257616747031));
#14918=CARTESIAN_POINT('Ctrl Pts',(-0.680055210464872,-14.2,58.7257616747031));
#14919=CARTESIAN_POINT('Ctrl Pts',(-0.375346064650112,-14.9,59.4986148718151));
#14920=CARTESIAN_POINT('Ctrl Pts',(-0.375346064650113,-14.2,59.4986148718151));
#14921=CARTESIAN_POINT('Ctrl Pts',(-0.372575981506342,-14.9,60.0027700039814));
#14922=CARTESIAN_POINT('Ctrl Pts',(-0.372575981506342,-14.2,60.0027700039814));
#14923=CARTESIAN_POINT('',(-0.372575981506342,-14.9,60.0027700039813));
#14924=CARTESIAN_POINT('',(-1.60526298048423,-14.9,58.2797782885561));
#14925=CARTESIAN_POINT('Ctrl Pts',(-0.372575981506342,-14.9,60.0027700039814));
#14926=CARTESIAN_POINT('Ctrl Pts',(-0.375346064650112,-14.9,59.4986148718151));
#14927=CARTESIAN_POINT('Ctrl Pts',(-0.680055210464871,-14.9,58.7257616747031));
#14928=CARTESIAN_POINT('Ctrl Pts',(-1.23407183921898,-14.9,58.2825483716999));
#14929=CARTESIAN_POINT('Ctrl Pts',(-1.60526298048423,-14.9,58.2797782885561));
#14930=CARTESIAN_POINT('',(-1.60526298048423,-14.2,58.2797782885561));
#14931=CARTESIAN_POINT('',(-1.60526298048423,-14.2,58.2797782885561));
#14932=CARTESIAN_POINT('',(-0.372575981506342,-14.2,60.0027700039813));
#14933=CARTESIAN_POINT('Ctrl Pts',(-0.372575981506342,-14.2,60.0027700039814));
#14934=CARTESIAN_POINT('Ctrl Pts',(-0.375346064650113,-14.2,59.4986148718151));
#14935=CARTESIAN_POINT('Ctrl Pts',(-0.680055210464872,-14.2,58.7257616747031));
#14936=CARTESIAN_POINT('Ctrl Pts',(-1.23407183921898,-14.2,58.2825483716999));
#14937=CARTESIAN_POINT('Ctrl Pts',(-1.60526298048423,-14.2,58.2797782885561));
#14938=CARTESIAN_POINT('',(-0.372575981506342,-14.2,60.0027700039813));
#14939=CARTESIAN_POINT('Ctrl Pts',(-2.8296397300308,-14.9,60.0027700039814));
#14940=CARTESIAN_POINT('Ctrl Pts',(-2.8296397300308,-14.2,60.0027700039814));
#14941=CARTESIAN_POINT('Ctrl Pts',(-2.82686964688703,-14.9,59.4986148718151));
#14942=CARTESIAN_POINT('Ctrl Pts',(-2.82686964688703,-14.2,59.4986148718151));
#14943=CARTESIAN_POINT('Ctrl Pts',(-2.52493058421604,-14.9,58.7257616747031));
#14944=CARTESIAN_POINT('Ctrl Pts',(-2.52493058421604,-14.2,58.7257616747031));
#14945=CARTESIAN_POINT('Ctrl Pts',(-1.97368403860571,-14.9,58.2825483716999));
#14946=CARTESIAN_POINT('Ctrl Pts',(-1.97368403860571,-14.2,58.2825483716999));
#14947=CARTESIAN_POINT('Ctrl Pts',(-1.60526298048423,-14.9,58.2797782885561));
#14948=CARTESIAN_POINT('Ctrl Pts',(-1.60526298048423,-14.2,58.2797782885561));
#14949=CARTESIAN_POINT('',(-2.8296397300308,-14.9,60.0027700039813));
#14950=CARTESIAN_POINT('Ctrl Pts',(-1.60526298048423,-14.9,58.2797782885561));
#14951=CARTESIAN_POINT('Ctrl Pts',(-1.97368403860571,-14.9,58.2825483716999));
#14952=CARTESIAN_POINT('Ctrl Pts',(-2.52493058421604,-14.9,58.7257616747031));
#14953=CARTESIAN_POINT('Ctrl Pts',(-2.82686964688703,-14.9,59.4986148718151));
#14954=CARTESIAN_POINT('Ctrl Pts',(-2.8296397300308,-14.9,60.0027700039814));
#14955=CARTESIAN_POINT('',(-2.8296397300308,-14.2,60.0027700039813));
#14956=CARTESIAN_POINT('',(-2.8296397300308,-14.2,60.0027700039813));
#14957=CARTESIAN_POINT('Ctrl Pts',(-1.60526298048423,-14.2,58.2797782885561));
#14958=CARTESIAN_POINT('Ctrl Pts',(-1.97368403860571,-14.2,58.2825483716999));
#14959=CARTESIAN_POINT('Ctrl Pts',(-2.52493058421604,-14.2,58.7257616747031));
#14960=CARTESIAN_POINT('Ctrl Pts',(-2.82686964688703,-14.2,59.4986148718151));
#14961=CARTESIAN_POINT('Ctrl Pts',(-2.8296397300308,-14.2,60.0027700039814));
#14962=CARTESIAN_POINT('Ctrl Pts',(-1.60526298048423,-14.9,61.7202215531191));
#14963=CARTESIAN_POINT('Ctrl Pts',(-1.60526298048423,-14.2,61.7202215531191));
#14964=CARTESIAN_POINT('Ctrl Pts',(-1.97368403860571,-14.9,61.7174514699753));
#14965=CARTESIAN_POINT('Ctrl Pts',(-1.97368403860571,-14.2,61.7174514699753));
#14966=CARTESIAN_POINT('Ctrl Pts',(-2.52493058421604,-14.9,61.274238166972));
#14967=CARTESIAN_POINT('Ctrl Pts',(-2.52493058421604,-14.2,61.274238166972));
#14968=CARTESIAN_POINT('Ctrl Pts',(-2.82686964688703,-14.9,60.5041550530038));
#14969=CARTESIAN_POINT('Ctrl Pts',(-2.82686964688703,-14.2,60.5041550530038));
#14970=CARTESIAN_POINT('Ctrl Pts',(-2.8296397300308,-14.9,60.0027700039814));
#14971=CARTESIAN_POINT('Ctrl Pts',(-2.8296397300308,-14.2,60.0027700039814));
#14972=CARTESIAN_POINT('',(-1.60526298048423,-14.9,61.7202215531191));
#14973=CARTESIAN_POINT('Ctrl Pts',(-2.8296397300308,-14.9,60.0027700039814));
#14974=CARTESIAN_POINT('Ctrl Pts',(-2.82686964688703,-14.9,60.5041550530038));
#14975=CARTESIAN_POINT('Ctrl Pts',(-2.52493058421604,-14.9,61.274238166972));
#14976=CARTESIAN_POINT('Ctrl Pts',(-1.97368403860571,-14.9,61.7174514699753));
#14977=CARTESIAN_POINT('Ctrl Pts',(-1.60526298048423,-14.9,61.7202215531191));
#14978=CARTESIAN_POINT('',(-1.60526298048423,-14.2,61.7202215531191));
#14979=CARTESIAN_POINT('',(-1.60526298048423,-14.2,61.7202215531191));
#14980=CARTESIAN_POINT('Ctrl Pts',(-2.8296397300308,-14.2,60.0027700039814));
#14981=CARTESIAN_POINT('Ctrl Pts',(-2.82686964688703,-14.2,60.5041550530038));
#14982=CARTESIAN_POINT('Ctrl Pts',(-2.52493058421604,-14.2,61.274238166972));
#14983=CARTESIAN_POINT('Ctrl Pts',(-1.97368403860571,-14.2,61.7174514699753));
#14984=CARTESIAN_POINT('Ctrl Pts',(-1.60526298048423,-14.2,61.7202215531191));
#14985=CARTESIAN_POINT('Ctrl Pts',(-0.372575981506342,-14.9,60.0027700039814));
#14986=CARTESIAN_POINT('Ctrl Pts',(-0.372575981506342,-14.2,60.0027700039814));
#14987=CARTESIAN_POINT('Ctrl Pts',(-0.375346064650112,-14.9,60.5041550530038));
#14988=CARTESIAN_POINT('Ctrl Pts',(-0.375346064650113,-14.2,60.5041550530038));
#14989=CARTESIAN_POINT('Ctrl Pts',(-0.680055210464871,-14.9,61.274238166972));
#14990=CARTESIAN_POINT('Ctrl Pts',(-0.680055210464872,-14.2,61.274238166972));
#14991=CARTESIAN_POINT('Ctrl Pts',(-1.23407183921898,-14.9,61.7174514699753));
#14992=CARTESIAN_POINT('Ctrl Pts',(-1.23407183921898,-14.2,61.7174514699753));
#14993=CARTESIAN_POINT('Ctrl Pts',(-1.60526298048423,-14.9,61.7202215531191));
#14994=CARTESIAN_POINT('Ctrl Pts',(-1.60526298048423,-14.2,61.7202215531191));
#14995=CARTESIAN_POINT('Ctrl Pts',(-1.60526298048423,-14.9,61.7202215531191));
#14996=CARTESIAN_POINT('Ctrl Pts',(-1.23407183921898,-14.9,61.7174514699753));
#14997=CARTESIAN_POINT('Ctrl Pts',(-0.680055210464871,-14.9,61.274238166972));
#14998=CARTESIAN_POINT('Ctrl Pts',(-0.375346064650112,-14.9,60.5041550530038));
#14999=CARTESIAN_POINT('Ctrl Pts',(-0.372575981506342,-14.9,60.0027700039814));
#15000=CARTESIAN_POINT('Ctrl Pts',(-1.60526298048423,-14.2,61.7202215531191));
#15001=CARTESIAN_POINT('Ctrl Pts',(-1.23407183921898,-14.2,61.7174514699753));
#15002=CARTESIAN_POINT('Ctrl Pts',(-0.680055210464872,-14.2,61.274238166972));
#15003=CARTESIAN_POINT('Ctrl Pts',(-0.375346064650113,-14.2,60.5041550530038));
#15004=CARTESIAN_POINT('Ctrl Pts',(-0.372575981506342,-14.2,60.0027700039814));
#15005=CARTESIAN_POINT('Origin',(-18.8,-14.9,25.));
#15006=CARTESIAN_POINT('',(-1.60526298048423,-14.9,62.1412741909722));
#15007=CARTESIAN_POINT('',(0.0983381529346475,-14.9,60.0027700039814));
#15008=CARTESIAN_POINT('Ctrl Pts',(-1.60526298048423,-14.9,62.1412741909722));
#15009=CARTESIAN_POINT('Ctrl Pts',(-1.09279759888668,-14.9,62.1357340246847));
#15010=CARTESIAN_POINT('Ctrl Pts',(-0.328254651206014,-14.9,61.5872575622181));
#15011=CARTESIAN_POINT('Ctrl Pts',(0.095568069790877,-14.9,60.6260387113297));
#15012=CARTESIAN_POINT('Ctrl Pts',(0.0983381529346475,-14.9,60.0027700039814));
#15013=CARTESIAN_POINT('',(-1.60526298048423,-14.9,57.858725650703));
#15014=CARTESIAN_POINT('Ctrl Pts',(0.0983381529346475,-14.9,60.0027700039814));
#15015=CARTESIAN_POINT('Ctrl Pts',(0.095568069790877,-14.9,59.3767312134892));
#15016=CARTESIAN_POINT('Ctrl Pts',(-0.328254651206014,-14.9,58.4127422794571));
#15017=CARTESIAN_POINT('Ctrl Pts',(-1.09279759888668,-14.9,57.8642658169905));
#15018=CARTESIAN_POINT('Ctrl Pts',(-1.60526298048423,-14.9,57.858725650703));
#15019=CARTESIAN_POINT('',(-3.30055386447179,-14.9,60.0027700039814));
#15020=CARTESIAN_POINT('Ctrl Pts',(-1.60526298048423,-14.9,57.858725650703));
#15021=CARTESIAN_POINT('Ctrl Pts',(-2.11218819579424,-14.9,57.8642658169905));
#15022=CARTESIAN_POINT('Ctrl Pts',(-2.87396106033113,-14.9,58.4127422794571));
#15023=CARTESIAN_POINT('Ctrl Pts',(-3.29778378132802,-14.9,59.3767312134892));
#15024=CARTESIAN_POINT('Ctrl Pts',(-3.30055386447179,-14.9,60.0027700039814));
#15025=CARTESIAN_POINT('Ctrl Pts',(-3.30055386447179,-14.9,60.0027700039814));
#15026=CARTESIAN_POINT('Ctrl Pts',(-3.29778378132802,-14.9,60.6260387113297));
#15027=CARTESIAN_POINT('Ctrl Pts',(-2.87396106033113,-14.9,61.5872575622181));
#15028=CARTESIAN_POINT('Ctrl Pts',(-2.11218819579424,-14.9,62.1357340246847));
#15029=CARTESIAN_POINT('Ctrl Pts',(-1.60526298048423,-14.9,62.1412741909722));
#15030=CARTESIAN_POINT('Ctrl Pts',(-1.60526298048423,-14.9,62.1412741909722));
#15031=CARTESIAN_POINT('Ctrl Pts',(-1.60526298048423,-14.2,62.1412741909722));
#15032=CARTESIAN_POINT('Ctrl Pts',(-1.09279759888668,-14.9,62.1357340246847));
#15033=CARTESIAN_POINT('Ctrl Pts',(-1.09279759888668,-14.2,62.1357340246847));
#15034=CARTESIAN_POINT('Ctrl Pts',(-0.328254651206014,-14.9,61.5872575622181));
#15035=CARTESIAN_POINT('Ctrl Pts',(-0.328254651206015,-14.2,61.5872575622181));
#15036=CARTESIAN_POINT('Ctrl Pts',(0.095568069790877,-14.9,60.6260387113297));
#15037=CARTESIAN_POINT('Ctrl Pts',(0.0955680697908767,-14.2,60.6260387113297));
#15038=CARTESIAN_POINT('Ctrl Pts',(0.0983381529346475,-14.9,60.0027700039814));
#15039=CARTESIAN_POINT('Ctrl Pts',(0.0983381529346472,-14.2,60.0027700039814));
#15040=CARTESIAN_POINT('',(-1.60526298048423,-14.2,62.1412741909722));
#15041=CARTESIAN_POINT('',(-1.60526298048423,-14.2,62.1412741909722));
#15042=CARTESIAN_POINT('',(0.0983381529346473,-14.2,60.0027700039814));
#15043=CARTESIAN_POINT('Ctrl Pts',(0.0983381529346472,-14.2,60.0027700039814));
#15044=CARTESIAN_POINT('Ctrl Pts',(0.0955680697908767,-14.2,60.6260387113297));
#15045=CARTESIAN_POINT('Ctrl Pts',(-0.328254651206015,-14.2,61.5872575622181));
#15046=CARTESIAN_POINT('Ctrl Pts',(-1.09279759888668,-14.2,62.1357340246847));
#15047=CARTESIAN_POINT('Ctrl Pts',(-1.60526298048423,-14.2,62.1412741909722));
#15048=CARTESIAN_POINT('',(0.0983381529346473,-14.2,60.0027700039814));
#15049=CARTESIAN_POINT('Ctrl Pts',(0.0983381529346475,-14.9,60.0027700039814));
#15050=CARTESIAN_POINT('Ctrl Pts',(0.0983381529346472,-14.2,60.0027700039814));
#15051=CARTESIAN_POINT('Ctrl Pts',(0.095568069790877,-14.9,59.3767312134892));
#15052=CARTESIAN_POINT('Ctrl Pts',(0.0955680697908767,-14.2,59.3767312134892));
#15053=CARTESIAN_POINT('Ctrl Pts',(-0.328254651206014,-14.9,58.4127422794571));
#15054=CARTESIAN_POINT('Ctrl Pts',(-0.328254651206015,-14.2,58.4127422794571));
#15055=CARTESIAN_POINT('Ctrl Pts',(-1.09279759888668,-14.9,57.8642658169905));
#15056=CARTESIAN_POINT('Ctrl Pts',(-1.09279759888668,-14.2,57.8642658169905));
#15057=CARTESIAN_POINT('Ctrl Pts',(-1.60526298048423,-14.9,57.858725650703));
#15058=CARTESIAN_POINT('Ctrl Pts',(-1.60526298048423,-14.2,57.858725650703));
#15059=CARTESIAN_POINT('',(-1.60526298048423,-14.2,57.858725650703));
#15060=CARTESIAN_POINT('Ctrl Pts',(-1.60526298048423,-14.2,57.858725650703));
#15061=CARTESIAN_POINT('Ctrl Pts',(-1.09279759888668,-14.2,57.8642658169905));
#15062=CARTESIAN_POINT('Ctrl Pts',(-0.328254651206015,-14.2,58.4127422794571));
#15063=CARTESIAN_POINT('Ctrl Pts',(0.0955680697908767,-14.2,59.3767312134892));
#15064=CARTESIAN_POINT('Ctrl Pts',(0.0983381529346472,-14.2,60.0027700039814));
#15065=CARTESIAN_POINT('',(-1.60526298048423,-14.2,57.858725650703));
#15066=CARTESIAN_POINT('Ctrl Pts',(-1.60526298048423,-14.9,57.858725650703));
#15067=CARTESIAN_POINT('Ctrl Pts',(-1.60526298048423,-14.2,57.858725650703));
#15068=CARTESIAN_POINT('Ctrl Pts',(-2.11218819579424,-14.9,57.8642658169905));
#15069=CARTESIAN_POINT('Ctrl Pts',(-2.11218819579424,-14.2,57.8642658169905));
#15070=CARTESIAN_POINT('Ctrl Pts',(-2.87396106033113,-14.9,58.4127422794571));
#15071=CARTESIAN_POINT('Ctrl Pts',(-2.87396106033113,-14.2,58.4127422794571));
#15072=CARTESIAN_POINT('Ctrl Pts',(-3.29778378132802,-14.9,59.3767312134892));
#15073=CARTESIAN_POINT('Ctrl Pts',(-3.29778378132802,-14.2,59.3767312134892));
#15074=CARTESIAN_POINT('Ctrl Pts',(-3.30055386447179,-14.9,60.0027700039814));
#15075=CARTESIAN_POINT('Ctrl Pts',(-3.30055386447179,-14.2,60.0027700039814));
#15076=CARTESIAN_POINT('',(-3.30055386447179,-14.2,60.0027700039814));
#15077=CARTESIAN_POINT('Ctrl Pts',(-3.30055386447179,-14.2,60.0027700039814));
#15078=CARTESIAN_POINT('Ctrl Pts',(-3.29778378132802,-14.2,59.3767312134892));
#15079=CARTESIAN_POINT('Ctrl Pts',(-2.87396106033113,-14.2,58.4127422794571));
#15080=CARTESIAN_POINT('Ctrl Pts',(-2.11218819579424,-14.2,57.8642658169905));
#15081=CARTESIAN_POINT('Ctrl Pts',(-1.60526298048423,-14.2,57.858725650703));
#15082=CARTESIAN_POINT('',(-3.30055386447179,-14.2,60.0027700039814));
#15083=CARTESIAN_POINT('Ctrl Pts',(-3.30055386447179,-14.9,60.0027700039814));
#15084=CARTESIAN_POINT('Ctrl Pts',(-3.30055386447179,-14.2,60.0027700039814));
#15085=CARTESIAN_POINT('Ctrl Pts',(-3.29778378132802,-14.9,60.6260387113297));
#15086=CARTESIAN_POINT('Ctrl Pts',(-3.29778378132802,-14.2,60.6260387113297));
#15087=CARTESIAN_POINT('Ctrl Pts',(-2.87396106033113,-14.9,61.5872575622181));
#15088=CARTESIAN_POINT('Ctrl Pts',(-2.87396106033113,-14.2,61.5872575622181));
#15089=CARTESIAN_POINT('Ctrl Pts',(-2.11218819579424,-14.9,62.1357340246847));
#15090=CARTESIAN_POINT('Ctrl Pts',(-2.11218819579424,-14.2,62.1357340246847));
#15091=CARTESIAN_POINT('Ctrl Pts',(-1.60526298048423,-14.9,62.1412741909722));
#15092=CARTESIAN_POINT('Ctrl Pts',(-1.60526298048423,-14.2,62.1412741909722));
#15093=CARTESIAN_POINT('Ctrl Pts',(-1.60526298048423,-14.2,62.1412741909722));
#15094=CARTESIAN_POINT('Ctrl Pts',(-2.11218819579424,-14.2,62.1357340246847));
#15095=CARTESIAN_POINT('Ctrl Pts',(-2.87396106033113,-14.2,61.5872575622181));
#15096=CARTESIAN_POINT('Ctrl Pts',(-3.29778378132802,-14.2,60.6260387113297));
#15097=CARTESIAN_POINT('Ctrl Pts',(-3.30055386447179,-14.2,60.0027700039814));
#15098=CARTESIAN_POINT('Origin',(-18.8,-14.9,25.));
#15099=CARTESIAN_POINT('',(1.84072045036631,-14.9,61.9999999506399));
#15100=CARTESIAN_POINT('',(2.31717475109484,-14.9,61.9999999506399));
#15101=CARTESIAN_POINT('',(1.84072045036631,-14.9,61.9999999506399));
#15102=CARTESIAN_POINT('',(2.31717475109484,-14.9,57.9999998910353));
#15103=CARTESIAN_POINT('',(2.31717475109484,-14.9,61.9999999506399));
#15104=CARTESIAN_POINT('',(1.93767336039828,-14.9,57.9999998910353));
#15105=CARTESIAN_POINT('',(2.31717475109484,-14.9,57.9999998910353));
#15106=CARTESIAN_POINT('',(0.876731516334166,-14.9,58.81163425216));
#15107=CARTESIAN_POINT('',(1.93767336039828,-14.9,57.9999998910353));
#15108=CARTESIAN_POINT('',(0.876731516334166,-14.9,59.3739611303454));
#15109=CARTESIAN_POINT('',(0.876731516334166,-14.9,58.81163425216));
#15110=CARTESIAN_POINT('',(1.84072045036631,-14.9,58.6288087646712));
#15111=CARTESIAN_POINT('',(0.876731516334166,-14.9,59.3739611303454));
#15112=CARTESIAN_POINT('',(1.84072045036631,-14.9,58.6288087646712));
#15113=CARTESIAN_POINT('Origin',(2.07894760073058,-14.2,61.9999999506399));
#15114=CARTESIAN_POINT('',(1.84072045036631,-14.2,61.9999999506399));
#15115=CARTESIAN_POINT('',(1.84072045036631,-14.2,61.9999999506399));
#15116=CARTESIAN_POINT('',(2.31717475109484,-14.2,61.9999999506399));
#15117=CARTESIAN_POINT('',(-8.36052619963471,-14.2,61.9999999506399));
#15118=CARTESIAN_POINT('',(2.31717475109484,-14.2,61.9999999506399));
#15119=CARTESIAN_POINT('Origin',(2.31717475109484,-14.2,59.9999999208376));
#15120=CARTESIAN_POINT('',(2.31717475109484,-14.2,57.9999998910353));
#15121=CARTESIAN_POINT('',(2.31717475109484,-14.2,42.4999999604188));
#15122=CARTESIAN_POINT('',(2.31717475109484,-14.2,57.9999998910353));
#15123=CARTESIAN_POINT('Origin',(2.12742405574656,-14.2,57.9999998910353));
#15124=CARTESIAN_POINT('',(1.93767336039828,-14.2,57.9999998910353));
#15125=CARTESIAN_POINT('',(-8.33628797212672,-14.2,57.9999998910353));
#15126=CARTESIAN_POINT('',(1.93767336039828,-14.2,57.9999998910353));
#15127=CARTESIAN_POINT('Origin',(1.40720243836622,-14.2,58.4058170715976));
#15128=CARTESIAN_POINT('',(0.876731516334166,-14.2,58.81163425216));
#15129=CARTESIAN_POINT('',(3.09422362947498,-14.2,57.1152238366241));
#15130=CARTESIAN_POINT('',(0.876731516334166,-14.2,58.81163425216));
#15131=CARTESIAN_POINT('Origin',(0.876731516334166,-14.2,59.0927976912527));
#15132=CARTESIAN_POINT('',(0.876731516334166,-14.2,59.3739611303454));
#15133=CARTESIAN_POINT('',(0.876731516334166,-14.2,42.0463988456264));
#15134=CARTESIAN_POINT('',(0.876731516334166,-14.2,59.3739611303454));
#15135=CARTESIAN_POINT('Origin',(1.35872598335024,-14.2,59.0013849475083));
#15136=CARTESIAN_POINT('',(1.84072045036631,-14.2,58.6288087646712));
#15137=CARTESIAN_POINT('',(3.27544295080823,-14.2,57.5197847628928));
#15138=CARTESIAN_POINT('',(1.84072045036631,-14.2,58.6288087646712));
#15139=CARTESIAN_POINT('Origin',(1.84072045036631,-14.2,60.3144043576555));
#15140=CARTESIAN_POINT('',(1.84072045036631,-14.2,42.6572021788278));
#15141=CARTESIAN_POINT('Origin',(-18.8,-14.2,25.));
#15142=CARTESIAN_POINT('',(17.274538082945,-14.2,74.3651217631279));
#15143=CARTESIAN_POINT('',(18.8195146892367,-14.2,52.2709269421232));
#15144=CARTESIAN_POINT('',(20.6279700048585,-14.2,26.408811033238));
#15145=CARTESIAN_POINT('',(18.5202454741587,-14.2,52.55));
#15146=CARTESIAN_POINT('Origin',(18.5202454741587,-14.2,52.25));
#15147=CARTESIAN_POINT('',(-18.5202454741587,-14.2,52.55));
#15148=CARTESIAN_POINT('',(-9.4,-14.2,52.55));
#15149=CARTESIAN_POINT('',(-18.8195146892367,-14.2,52.2709269421232));
#15150=CARTESIAN_POINT('Origin',(-18.5202454741587,-14.2,52.25));
#15151=CARTESIAN_POINT('',(-17.274538082945,-14.2,74.3651217631279));
#15152=CARTESIAN_POINT('',(-20.7194501586878,-14.2,25.1005838842133));
#15153=CARTESIAN_POINT('',(-17.7733201080749,-14.2,74.9));
#15154=CARTESIAN_POINT('Origin',(-17.7733201080749,-14.2,74.4));
#15155=CARTESIAN_POINT('',(17.7733201080749,-14.2,74.9));
#15156=CARTESIAN_POINT('',(-9.4,-14.2,74.9));
#15157=CARTESIAN_POINT('Origin',(17.7733201080749,-14.2,74.4));
#15158=CARTESIAN_POINT('Origin',(-18.8,-14.2,25.));
#15159=CARTESIAN_POINT('Origin',(19.1,-24.7,25.));
#15160=CARTESIAN_POINT('',(19.,-24.6,49.6898667486578));
#15161=CARTESIAN_POINT('',(19.1999994066149,-24.8,49.6968593883586));
#15162=CARTESIAN_POINT('',(19.,-24.6,49.6898667486578));
#15163=CARTESIAN_POINT('',(19.,-24.6,-7.55000000000001));
#15164=CARTESIAN_POINT('',(19.,-24.6,25.));
#15165=CARTESIAN_POINT('',(19.2,-24.8,-7.55000000000001));
#15166=CARTESIAN_POINT('',(19.,-24.6,-7.55000000000001));
#15167=CARTESIAN_POINT('',(19.2,-24.8,25.));
#15168=CARTESIAN_POINT('Origin',(18.7,-24.7,-7.55000000000001));
#15169=CARTESIAN_POINT('',(18.7,-24.6000000000001,-7.85000000000001));
#15170=CARTESIAN_POINT('Origin',(18.7,-24.6000000000001,-7.55000000000001));
#15171=CARTESIAN_POINT('',(18.7,-24.8,-8.05000000000001));
#15172=CARTESIAN_POINT('',(18.7,-24.6000000000001,-7.85000000000001));
#15173=CARTESIAN_POINT('Origin',(18.7,-24.8,-7.55000000000001));
#15174=CARTESIAN_POINT('Origin',(-12.55,-24.7,-7.95));
#15175=CARTESIAN_POINT('',(8.3,-24.6,-7.85000000000001));
#15176=CARTESIAN_POINT('',(8.3,-24.8,-8.05000000000001));
#15177=CARTESIAN_POINT('',(8.3,-24.6,-7.85000000000001));
#15178=CARTESIAN_POINT('',(-12.55,-24.8,-8.05));
#15179=CARTESIAN_POINT('',(-12.55,-24.6,-7.85));
#15180=CARTESIAN_POINT('Origin',(8.3,-24.7,-8.15000000000001));
#15181=CARTESIAN_POINT('',(8.,-24.6,-8.15000000000001));
#15182=CARTESIAN_POINT('Origin',(8.3,-24.6,-8.15000000000001));
#15183=CARTESIAN_POINT('',(8.2,-24.8,-8.15000000000001));
#15184=CARTESIAN_POINT('',(8.,-24.6,-8.15000000000001));
#15185=CARTESIAN_POINT('Origin',(8.3,-24.8,-8.15000000000001));
#15186=CARTESIAN_POINT('Origin',(8.1,-24.7,25.));
#15187=CARTESIAN_POINT('',(8.,-24.6,-12.25));
#15188=CARTESIAN_POINT('',(8.2,-24.8,-12.25));
#15189=CARTESIAN_POINT('',(8.,-24.6,-12.25));
#15190=CARTESIAN_POINT('',(8.2,-24.8,25.));
#15191=CARTESIAN_POINT('',(8.,-24.6,25.));
#15192=CARTESIAN_POINT('Origin',(7.7,-24.7,-12.25));
#15193=CARTESIAN_POINT('',(7.7,-24.6,-12.55));
#15194=CARTESIAN_POINT('Origin',(7.7,-24.6,-12.25));
#15195=CARTESIAN_POINT('',(7.7,-24.8,-12.75));
#15196=CARTESIAN_POINT('',(7.7,-24.6,-12.55));
#15197=CARTESIAN_POINT('Origin',(7.7,-24.8,-12.25));
#15198=CARTESIAN_POINT('Origin',(-12.45,-24.7,-12.65));
#15199=CARTESIAN_POINT('',(-7.7,-24.6,-12.55));
#15200=CARTESIAN_POINT('',(-7.7,-24.8,-12.75));
#15201=CARTESIAN_POINT('',(-7.7,-24.6,-12.55));
#15202=CARTESIAN_POINT('',(-12.45,-24.8,-12.75));
#15203=CARTESIAN_POINT('',(-12.45,-24.6,-12.55));
#15204=CARTESIAN_POINT('Origin',(-7.7,-24.7,-12.25));
#15205=CARTESIAN_POINT('',(-8.,-24.6,-12.25));
#15206=CARTESIAN_POINT('Origin',(-7.7,-24.6,-12.25));
#15207=CARTESIAN_POINT('',(-8.2,-24.8,-12.25));
#15208=CARTESIAN_POINT('',(-8.,-24.6,-12.25));
#15209=CARTESIAN_POINT('Origin',(-7.7,-24.8,-12.25));
#15210=CARTESIAN_POINT('Origin',(-8.1,-24.7,25.));
#15211=CARTESIAN_POINT('',(-8.,-24.6,-8.15));
#15212=CARTESIAN_POINT('',(-8.2,-24.8,-8.15));
#15213=CARTESIAN_POINT('',(-8.,-24.6,-8.15));
#15214=CARTESIAN_POINT('',(-8.2,-24.8,25.));
#15215=CARTESIAN_POINT('',(-8.,-24.6,25.));
#15216=CARTESIAN_POINT('Origin',(-8.3,-24.7,-8.15));
#15217=CARTESIAN_POINT('',(-8.3,-24.6,-7.85));
#15218=CARTESIAN_POINT('Origin',(-8.3,-24.6,-8.15));
#15219=CARTESIAN_POINT('',(-8.3,-24.8,-8.05));
#15220=CARTESIAN_POINT('',(-8.3,-24.6,-7.85));
#15221=CARTESIAN_POINT('Origin',(-8.3,-24.8,-8.15));
#15222=CARTESIAN_POINT('Origin',(-12.55,-24.7,-7.95));
#15223=CARTESIAN_POINT('',(-18.7,-24.6,-7.85));
#15224=CARTESIAN_POINT('',(-18.7,-24.8,-8.05));
#15225=CARTESIAN_POINT('',(-18.7,-24.6,-7.85));
#15226=CARTESIAN_POINT('',(-12.55,-24.8,-8.05));
#15227=CARTESIAN_POINT('',(-12.55,-24.6,-7.85));
#15228=CARTESIAN_POINT('Origin',(-18.7,-24.7,-7.55));
#15229=CARTESIAN_POINT('',(-19.,-24.6,-7.55));
#15230=CARTESIAN_POINT('Origin',(-18.7,-24.6,-7.55));
#15231=CARTESIAN_POINT('',(-19.2,-24.8,-7.55));
#15232=CARTESIAN_POINT('',(-19.,-24.6,-7.55));
#15233=CARTESIAN_POINT('Origin',(-18.7,-24.8,-7.55));
#15234=CARTESIAN_POINT('Origin',(-19.1,-24.7,25.));
#15235=CARTESIAN_POINT('',(-19.,-24.6,49.6898667486576));
#15236=CARTESIAN_POINT('',(-19.2,-24.8,49.696842396032));
#15237=CARTESIAN_POINT('',(-19.,-24.6,49.6898667486576));
#15238=CARTESIAN_POINT('',(-19.2,-24.8,25.));
#15239=CARTESIAN_POINT('',(-19.,-24.6,25.));
#15240=CARTESIAN_POINT('Origin',(-20.8340477588829,-24.7,24.8953205526237));
#15241=CARTESIAN_POINT('',(-18.8195146892367,-24.6,52.2709269421232));
#15242=CARTESIAN_POINT('',(-20.7342913538569,-24.6,24.8883449052493));
#15243=CARTESIAN_POINT('',(-19.0190274992886,-24.8,52.2848782368721));
#15244=CARTESIAN_POINT('',(-18.8195146892367,-24.6,52.2709269421232));
#15245=CARTESIAN_POINT('',(-20.9338041639089,-24.8,24.9022961999981));
#15246=CARTESIAN_POINT('Origin',(-18.5202454741587,-24.7,52.25));
#15247=CARTESIAN_POINT('',(-18.5202454741587,-24.6,52.55));
#15248=CARTESIAN_POINT('Origin',(-18.5202454741587,-24.6,52.25));
#15249=CARTESIAN_POINT('',(-18.5202454741587,-24.8,52.75));
#15250=CARTESIAN_POINT('',(-18.5202454741587,-24.6,52.55));
#15251=CARTESIAN_POINT('Origin',(-18.5202454741587,-24.8,52.25));
#15252=CARTESIAN_POINT('Origin',(-12.45,-24.7,52.65));
#15253=CARTESIAN_POINT('',(18.5202454741587,-24.6,52.55));
#15254=CARTESIAN_POINT('',(18.5202454741587,-24.8,52.75));
#15255=CARTESIAN_POINT('',(18.5202454741587,-24.6,52.55));
#15256=CARTESIAN_POINT('',(-12.45,-24.8,52.75));
#15257=CARTESIAN_POINT('',(-12.45,-24.6,52.55));
#15258=CARTESIAN_POINT('Origin',(18.5202454741587,-24.7,52.25));
#15259=CARTESIAN_POINT('',(18.8195146892367,-24.6,52.2709269421232));
#15260=CARTESIAN_POINT('Origin',(18.5202454741587,-24.6,52.25));
#15261=CARTESIAN_POINT('',(19.0190274992886,-24.8,52.2848782368721));
#15262=CARTESIAN_POINT('',(18.8195146892367,-24.6,52.2709269421232));
#15263=CARTESIAN_POINT('Origin',(18.5202454741587,-24.8,52.25));
#15264=CARTESIAN_POINT('Origin',(20.7128852147154,-24.7,26.6280256595765));
#15265=CARTESIAN_POINT('',(20.8126416197414,-24.8,26.6350013069509));
#15266=CARTESIAN_POINT('',(20.6131288096894,-24.6,26.6210500122021));
#15267=CARTESIAN_POINT('Origin',(-8.,-24.8,25.));
#15268=CARTESIAN_POINT('',(-8.,-14.2,-12.25));
#15269=CARTESIAN_POINT('',(-8.,-18.6,-12.25));
#15270=CARTESIAN_POINT('',(-8.,-14.2,-8.15));
#15271=CARTESIAN_POINT('',(-8.,-14.2,25.));
#15272=CARTESIAN_POINT('',(-8.,-13.7,-8.15));
#15273=CARTESIAN_POINT('Origin',(-7.7,-18.6,-12.25));
#15274=CARTESIAN_POINT('',(-7.7,-14.2,-12.55));
#15275=CARTESIAN_POINT('',(-7.7,-18.6,-12.55));
#15276=CARTESIAN_POINT('Origin',(-7.7,-14.2,-12.25));
#15277=CARTESIAN_POINT('Origin',(-5.55111512312578E-16,-12.4,-12.55));
#15278=CARTESIAN_POINT('',(7.7,-14.2,-12.55));
#15279=CARTESIAN_POINT('',(7.7,-6.2,-12.55));
#15280=CARTESIAN_POINT('',(-9.4,-14.2,-12.55));
#15281=CARTESIAN_POINT('Origin',(7.7,-6.2,-12.25));
#15282=CARTESIAN_POINT('',(8.,-14.2,-12.25));
#15283=CARTESIAN_POINT('',(8.,-6.2,-12.25));
#15284=CARTESIAN_POINT('Origin',(7.7,-14.2,-12.25));
#15285=CARTESIAN_POINT('Origin',(8.,4.44089209850063E-15,25.));
#15286=CARTESIAN_POINT('',(8.,-14.2,-8.15));
#15287=CARTESIAN_POINT('',(8.,-1.29999999999999,-8.15000000000001));
#15288=CARTESIAN_POINT('',(8.,-14.2,25.));
#15289=CARTESIAN_POINT('Origin',(8.3,-1.29999999999999,-8.15000000000001));
#15290=CARTESIAN_POINT('',(8.3,-14.2,-7.85000000000001));
#15291=CARTESIAN_POINT('',(8.3,-1.29999999999999,-7.85000000000001));
#15292=CARTESIAN_POINT('Origin',(8.3,-14.2,-8.15000000000001));
#15293=CARTESIAN_POINT('Origin',(-0.199999999999971,-2.59999999999999,-7.85000000000001));
#15294=CARTESIAN_POINT('',(18.7,-22.1,-7.85000000000001));
#15295=CARTESIAN_POINT('',(18.7,-11.1,-7.85000000000001));
#15296=CARTESIAN_POINT('',(22.25,-22.1,-7.85000000000001));
#15297=CARTESIAN_POINT('',(-11.575,-22.1,-7.85000000000001));
#15298=CARTESIAN_POINT('',(22.25,-19.6,-7.85000000000001));
#15299=CARTESIAN_POINT('',(22.25,8.5,-7.85000000000001));
#15300=CARTESIAN_POINT('',(14.7,-19.6,-7.85000000000001));
#15301=CARTESIAN_POINT('',(11.175,-19.6,-7.85000000000001));
#15302=CARTESIAN_POINT('',(14.7,-14.2,-7.85000000000001));
#15303=CARTESIAN_POINT('',(14.7,-11.1,-7.85000000000001));
#15304=CARTESIAN_POINT('',(-9.49999999999999,-14.2,-7.85));
#15305=CARTESIAN_POINT('Origin',(18.7,-11.1,-7.55000000000001));
#15306=CARTESIAN_POINT('',(19.,-22.1,-7.55000000000001));
#15307=CARTESIAN_POINT('',(19.,-11.1,-7.55000000000001));
#15308=CARTESIAN_POINT('Origin',(18.7,-22.1,-7.55000000000001));
#15309=CARTESIAN_POINT('Origin',(19.,-19.6,25.));
#15310=CARTESIAN_POINT('',(19.,-22.1,49.6898667486577));
#15311=CARTESIAN_POINT('',(19.,-16.8999999999996,49.6898667486577));
#15312=CARTESIAN_POINT('',(19.,-22.1,42.3500000000611));
#15313=CARTESIAN_POINT('',(19.,-22.1,22.5));
#15314=CARTESIAN_POINT('',(19.,-19.6,42.3500000000611));
#15315=CARTESIAN_POINT('',(19.,-9.80000000000001,42.3500000000611));
#15316=CARTESIAN_POINT('',(19.,-19.6,-2.3500000000611));
#15317=CARTESIAN_POINT('',(19.,-19.6,25.));
#15318=CARTESIAN_POINT('',(19.,-22.1,-2.3500000000611));
#15319=CARTESIAN_POINT('',(19.,-9.8,-2.3500000000611));
#15320=CARTESIAN_POINT('',(19.,-22.1,22.5));
#15321=CARTESIAN_POINT('Origin',(-24.9,-24.8,25.));
#15322=CARTESIAN_POINT('',(-24.7,-24.8,-24.4));
#15323=CARTESIAN_POINT('',(-24.7,-24.8,74.4));
#15324=CARTESIAN_POINT('',(-24.7,-24.8,25.));
#15325=CARTESIAN_POINT('',(-24.4,-24.8,-24.7));
#15326=CARTESIAN_POINT('Origin',(-24.4,-24.8,-24.4));
#15327=CARTESIAN_POINT('',(24.4,-24.8,-24.7));
#15328=CARTESIAN_POINT('',(-12.45,-24.8,-24.7));
#15329=CARTESIAN_POINT('',(24.7,-24.8,-24.4));
#15330=CARTESIAN_POINT('Origin',(24.4,-24.8,-24.4));
#15331=CARTESIAN_POINT('',(24.7,-24.8,74.4));
#15332=CARTESIAN_POINT('',(24.7,-24.8,25.));
#15333=CARTESIAN_POINT('',(24.4,-24.8,74.7));
#15334=CARTESIAN_POINT('Origin',(24.4,-24.8,74.4));
#15335=CARTESIAN_POINT('',(-24.4,-24.8,74.7));
#15336=CARTESIAN_POINT('',(-12.45,-24.8,74.7));
#15337=CARTESIAN_POINT('Origin',(-24.4,-24.8,74.4));
#15338=CARTESIAN_POINT('',(19.3860534616348,-24.8,68.1607002430768));
#15339=CARTESIAN_POINT('',(19.4323930386173,-24.8,67.4376617932539));
#15340=CARTESIAN_POINT('Origin',(19.239962112341,-24.8,67.7883330618409));
#15341=CARTESIAN_POINT('',(21.8722790942415,-24.8,68.276151603428));
#15342=CARTESIAN_POINT('Origin',(20.5,-24.8,71.));
#15343=CARTESIAN_POINT('',(21.8931450479391,-24.8,67.5519302503229));
#15344=CARTESIAN_POINT('Origin',(22.0522501229945,-24.8,67.9189255842055));
#15345=CARTESIAN_POINT('',(23.4840018361607,-24.8,65.7076562394316));
#15346=CARTESIAN_POINT('Origin',(20.7794095225513,-24.8,64.9829629131445));
#15347=CARTESIAN_POINT('',(23.7081457042027,-24.8,64.8711399356938));
#15348=CARTESIAN_POINT('',(26.9519020887665,-24.8,52.7652763011259));
#15349=CARTESIAN_POINT('',(20.2788600643063,-24.8,61.4418542957973));
#15350=CARTESIAN_POINT('Origin',(21.0035533905933,-24.8,64.1464466094067));
#15351=CARTESIAN_POINT('',(19.4423437605685,-24.8,61.6659981638393));
#15352=CARTESIAN_POINT('',(3.7578667027763,-24.8,65.8686411251791));
#15353=CARTESIAN_POINT('',(18.1871380995332,-24.8,66.3504894647711));
#15354=CARTESIAN_POINT('Origin',(20.1670370868555,-24.8,64.3705904774487));
#15355=CARTESIAN_POINT('',(18.7995105352289,-24.8,66.9628619004669));
#15356=CARTESIAN_POINT('',(-2.92226879154263,-24.8,45.2410825736947));
#15357=CARTESIAN_POINT('Origin',(20.7794095225513,-24.8,64.9829629131445));
#15358=CARTESIAN_POINT('',(-20.2788600643062,-24.8,61.4418542957973));
#15359=CARTESIAN_POINT('',(-23.7081457042027,-24.8,64.8711399356938));
#15360=CARTESIAN_POINT('Origin',(-21.0035533905933,-24.8,64.1464466094068));
#15361=CARTESIAN_POINT('',(-23.4840018361606,-24.8,65.7076562394316));
#15362=CARTESIAN_POINT('',(-28.7319577456713,-24.8,46.122018149257));
#15363=CARTESIAN_POINT('',(-18.7995105352289,-24.8,66.9628619004669));
#15364=CARTESIAN_POINT('Origin',(-20.7794095225513,-24.8,64.9829629131445));
#15365=CARTESIAN_POINT('',(-18.1871380995331,-24.8,66.3504894647711));
#15366=CARTESIAN_POINT('',(-9.83391742630493,-24.8,57.9972687915427));
#15367=CARTESIAN_POINT('',(-19.4423437605684,-24.8,61.6659981638394));
#15368=CARTESIAN_POINT('Origin',(-20.1670370868555,-24.8,64.3705904774488));
#15369=CARTESIAN_POINT('',(-26.571624828024,-24.8,59.7557130592001));
#15370=CARTESIAN_POINT('',(23.4840018361606,-24.8,-15.7076562394316));
#15371=CARTESIAN_POINT('',(18.7995105352289,-24.8,-16.9628619004669));
#15372=CARTESIAN_POINT('Origin',(20.7794095225512,-24.8,-14.9829629131445));
#15373=CARTESIAN_POINT('',(18.1871380995331,-24.8,-16.3504894647711));
#15374=CARTESIAN_POINT('',(-2.61608257369492,-24.8,4.4527312084572));
#15375=CARTESIAN_POINT('',(19.4423437605684,-24.8,-11.6659981638393));
#15376=CARTESIAN_POINT('Origin',(20.1670370868555,-24.8,-14.3705904774487));
#15377=CARTESIAN_POINT('',(20.2788600643062,-24.8,-11.4418542957973));
#15378=CARTESIAN_POINT('',(3.33960855090738,-24.8,-15.9807130592001));
#15379=CARTESIAN_POINT('',(23.7081457042026,-24.8,-14.8711399356938));
#15380=CARTESIAN_POINT('Origin',(21.0035533905933,-24.8,-14.1464466094067));
#15381=CARTESIAN_POINT('',(27.0639740227874,-24.8,-2.34701814925683));
#15382=CARTESIAN_POINT('',(-21.8931450479391,-24.8,-17.5519302503229));
#15383=CARTESIAN_POINT('',(-21.8722790942415,-24.8,-18.276151603428));
#15384=CARTESIAN_POINT('Origin',(-22.0522501229945,-24.8,-17.9189255842055));
#15385=CARTESIAN_POINT('',(-23.4840018361606,-24.8,-15.7076562394316));
#15386=CARTESIAN_POINT('Origin',(-20.7794095225513,-24.8,-14.9829629131445));
#15387=CARTESIAN_POINT('',(-23.7081457042027,-24.8,-14.8711399356938));
#15388=CARTESIAN_POINT('',(-28.6198858116506,-24.8,3.45972369887397));
#15389=CARTESIAN_POINT('',(-20.2788600643062,-24.8,-11.4418542957973));
#15390=CARTESIAN_POINT('Origin',(-21.0035533905933,-24.8,-14.1464466094067));
#15391=CARTESIAN_POINT('',(-19.4423437605684,-24.8,-11.6659981638393));
#15392=CARTESIAN_POINT('',(-26.9898829798926,-24.8,-9.6436411251793));
#15393=CARTESIAN_POINT('',(-18.1871380995331,-24.8,-16.350489464771));
#15394=CARTESIAN_POINT('Origin',(-20.1670370868555,-24.8,-14.3705904774487));
#15395=CARTESIAN_POINT('',(-18.7995105352289,-24.8,-16.9628619004668));
#15396=CARTESIAN_POINT('',(-9.52773120845704,-24.8,-7.69108257369478));
#15397=CARTESIAN_POINT('',(-19.4323930386173,-24.8,-17.4376617932539));
#15398=CARTESIAN_POINT('Origin',(-20.7794095225513,-24.8,-14.9829629131445));
#15399=CARTESIAN_POINT('',(-19.3860534616348,-24.8,-18.1607002430768));
#15400=CARTESIAN_POINT('Origin',(-19.239962112341,-24.8,-17.788333061841));
#15401=CARTESIAN_POINT('Origin',(-20.5,-24.8,-21.));
#15402=CARTESIAN_POINT('',(-21.9,-24.8,71.));
#15403=CARTESIAN_POINT('Origin',(-20.5,-24.8,71.));
#15404=CARTESIAN_POINT('',(19.1,-24.8,-21.));
#15405=CARTESIAN_POINT('Origin',(20.5,-24.8,-21.));
#15406=CARTESIAN_POINT('',(-1.39999999999999,-24.8,71.9));
#15407=CARTESIAN_POINT('Origin',(1.33226762955019E-14,-24.8,71.9));
#15408=CARTESIAN_POINT('',(20.5,-24.8,49.9));
#15409=CARTESIAN_POINT('Origin',(21.9,-24.8,49.9));
#15410=CARTESIAN_POINT('',(-23.3,-24.8,49.9));
#15411=CARTESIAN_POINT('Origin',(-21.9,-24.8,49.9));
#15412=CARTESIAN_POINT('',(-1.40000000000001,-24.8,-21.9));
#15413=CARTESIAN_POINT('Origin',(-8.88178419700125E-15,-24.8,-21.9));
#15414=CARTESIAN_POINT('Origin',(12.45,-0.0999999999999968,-24.8));
#15415=CARTESIAN_POINT('',(24.4,4.39630482843536E-15,-24.7));
#15416=CARTESIAN_POINT('',(24.4,-0.199999999999998,-24.9));
#15417=CARTESIAN_POINT('',(24.4,4.39630482843536E-15,-24.7));
#15418=CARTESIAN_POINT('',(17.7734875166662,-0.199999999999998,-24.9));
#15419=CARTESIAN_POINT('',(12.45,-0.199999999999997,-24.9));
#15420=CARTESIAN_POINT('',(17.7734875166662,3.80538862506482E-15,-24.7));
#15421=CARTESIAN_POINT('',(17.7734875166662,-0.199999999999998,-24.9));
#15422=CARTESIAN_POINT('',(12.45,3.33066907387547E-15,-24.7));
#15423=CARTESIAN_POINT('Origin',(24.4,-0.0999999999999957,-24.4));
#15424=CARTESIAN_POINT('',(24.7,4.43294999102025E-15,-24.4));
#15425=CARTESIAN_POINT('',(24.9,-0.199999999999996,-24.4));
#15426=CARTESIAN_POINT('',(24.7,4.43294999102025E-15,-24.4));
#15427=CARTESIAN_POINT('Origin',(24.4,-0.199999999999996,-24.4));
#15428=CARTESIAN_POINT('Origin',(24.4,4.40619762898109E-15,-24.4));
#15429=CARTESIAN_POINT('Origin',(24.8,-0.0999999999999957,25.));
#15430=CARTESIAN_POINT('',(24.7,4.40619762898109E-15,74.4));
#15431=CARTESIAN_POINT('',(24.9,-0.199999999999996,74.4));
#15432=CARTESIAN_POINT('',(24.7,4.40619762898109E-15,74.4));
#15433=CARTESIAN_POINT('',(24.9,-0.199999999999996,25.));
#15434=CARTESIAN_POINT('',(24.7,4.40619762898109E-15,25.));
#15435=CARTESIAN_POINT('Origin',(24.4,-0.0999999999999957,74.4));
#15436=CARTESIAN_POINT('',(24.4,4.40619762898109E-15,74.7));
#15437=CARTESIAN_POINT('',(24.4,-0.199999999999996,74.9));
#15438=CARTESIAN_POINT('',(24.4,4.40619762898109E-15,74.7));
#15439=CARTESIAN_POINT('Origin',(24.4,-0.199999999999996,74.4));
#15440=CARTESIAN_POINT('Origin',(24.4,4.40619762898109E-15,74.4));
#15441=CARTESIAN_POINT('Origin',(12.45,-0.0999999999999968,74.8));
#15442=CARTESIAN_POINT('',(17.7733201080749,3.80537369648068E-15,74.7));
#15443=CARTESIAN_POINT('',(17.7733201080749,-0.199999999999996,74.9));
#15444=CARTESIAN_POINT('',(17.7733201080749,3.80537369648068E-15,74.7));
#15445=CARTESIAN_POINT('',(12.45,-0.199999999999997,74.9));
#15446=CARTESIAN_POINT('',(12.45,3.33066907387547E-15,74.7));
#15447=CARTESIAN_POINT('Origin',(17.7733201080749,-0.0999999999999982,74.4));
#15448=CARTESIAN_POINT('',(17.4740508929969,3.78970445251917E-15,74.3790730578768));
#15449=CARTESIAN_POINT('',(17.274538082945,-0.2,74.3651217631279));
#15450=CARTESIAN_POINT('',(17.4740508929969,3.78970445251917E-15,74.3790730578768));
#15451=CARTESIAN_POINT('Origin',(17.7733201080749,-0.2,74.4));
#15452=CARTESIAN_POINT('Origin',(17.7733201080749,3.81639164714898E-15,
74.4));
#15453=CARTESIAN_POINT('Origin',(20.8340477588829,-0.0999999999999959,24.8953205526237));
#15454=CARTESIAN_POINT('',(19.3086541369498,3.94902539700807E-15,48.1430243526256));
#15455=CARTESIAN_POINT('',(20.9338041639089,4.09394740330526E-15,24.9022961999981));
#15456=CARTESIAN_POINT('',(19.1091413268979,-0.199999999999996,48.1290730578768));
#15457=CARTESIAN_POINT('',(19.3086541369498,3.94902539700807E-15,48.1430243526256));
#15458=CARTESIAN_POINT('',(20.7342913538569,-0.199999999999996,24.8883449052493));
#15459=CARTESIAN_POINT('Origin',(19.4084105419758,-0.099999999999997,48.15));
#15460=CARTESIAN_POINT('',(19.4084105419758,3.95516952522712E-15,48.05));
#15461=CARTESIAN_POINT('',(19.4084105419758,-0.199999999999998,47.85));
#15462=CARTESIAN_POINT('',(19.4084105419758,3.95516952522712E-15,48.05));
#15463=CARTESIAN_POINT('Origin',(19.4084105419758,-0.199999999999998,48.15));
#15464=CARTESIAN_POINT('Origin',(19.4084105419758,3.95516952522712E-15,
48.15));
#15465=CARTESIAN_POINT('Origin',(12.35,-0.0999999999999968,47.95));
#15466=CARTESIAN_POINT('',(22.25,4.21349702116777E-15,48.05));
#15467=CARTESIAN_POINT('',(12.35,3.33066907387547E-15,48.05));
#15468=CARTESIAN_POINT('',(22.25,-0.199999999999996,47.85));
#15469=CARTESIAN_POINT('',(22.25,4.21349702116777E-15,48.05));
#15470=CARTESIAN_POINT('',(12.35,-0.199999999999997,47.85));
#15471=CARTESIAN_POINT('Origin',(22.25,-0.0999999999999958,47.55));
#15472=CARTESIAN_POINT('',(22.75,4.24261808192914E-15,47.55));
#15473=CARTESIAN_POINT('',(22.55,-0.199999999999996,47.55));
#15474=CARTESIAN_POINT('',(22.75,4.24261808192914E-15,47.55));
#15475=CARTESIAN_POINT('Origin',(22.25,-0.199999999999996,47.55));
#15476=CARTESIAN_POINT('Origin',(22.25,4.19803081186387E-15,47.55));
#15477=CARTESIAN_POINT('Origin',(22.65,-0.0999999999999958,25.));
#15478=CARTESIAN_POINT('',(22.75,4.23272528138341E-15,-9.55));
#15479=CARTESIAN_POINT('',(22.75,4.23272528138341E-15,25.));
#15480=CARTESIAN_POINT('',(22.55,-0.199999999999996,-9.55000000000001));
#15481=CARTESIAN_POINT('',(22.75,4.23272528138341E-15,-9.55));
#15482=CARTESIAN_POINT('',(22.55,-0.199999999999996,25.));
#15483=CARTESIAN_POINT('Origin',(22.25,-0.0999999999999955,-9.55000000000001));
#15484=CARTESIAN_POINT('',(22.25,4.19803081186387E-15,-10.05));
#15485=CARTESIAN_POINT('',(22.25,-0.199999999999995,-9.85000000000001));
#15486=CARTESIAN_POINT('',(22.25,4.19803081186387E-15,-10.05));
#15487=CARTESIAN_POINT('Origin',(22.25,-0.199999999999995,-9.55000000000001));
#15488=CARTESIAN_POINT('Origin',(22.25,4.19803081186387E-15,-9.55000000000001));
#15489=CARTESIAN_POINT('Origin',(12.35,-0.0999999999999968,-9.95));
#15490=CARTESIAN_POINT('',(19.0701212132894,3.929932792692E-15,-10.05));
#15491=CARTESIAN_POINT('',(12.35,3.33066907387547E-15,-10.05));
#15492=CARTESIAN_POINT('',(19.0701212132894,-0.199999999999998,-9.85000000000001));
#15493=CARTESIAN_POINT('',(19.0701212132894,3.929932792692E-15,-10.05));
#15494=CARTESIAN_POINT('',(12.35,-0.199999999999997,-9.85));
#15495=CARTESIAN_POINT('Origin',(19.0701212132894,-0.0999999999999959,-10.15));
#15496=CARTESIAN_POINT('',(18.9706690237525,3.91160645244066E-15,-10.1395471536732));
#15497=CARTESIAN_POINT('',(18.7717646446789,-0.199999999999996,-10.1186414610197));
#15498=CARTESIAN_POINT('',(18.9706690237525,3.91160645244066E-15,-10.1395471536732));
#15499=CARTESIAN_POINT('Origin',(19.0701212132894,-0.199999999999996,-10.15));
#15500=CARTESIAN_POINT('Origin',(19.0701212132894,3.92047505570758E-15,
-10.15));
#15501=CARTESIAN_POINT('Origin',(22.5656161771064,-0.0999999999999947,25.0207674803558));
#15502=CARTESIAN_POINT('',(17.4751309480557,3.76991499877461E-15,-24.3686414610197));
#15503=CARTESIAN_POINT('',(22.6650683666432,4.23272528138341E-15,25.010314634029));
#15504=CARTESIAN_POINT('',(17.276226568982,-0.199999999999994,-24.3477357683662));
#15505=CARTESIAN_POINT('',(17.4751309480557,3.76991499877461E-15,-24.3686414610197));
#15506=CARTESIAN_POINT('',(22.4661639875695,-0.199999999999994,25.0312203266825));
#15507=CARTESIAN_POINT('Origin',(17.7734875166662,-0.0999999999999982,-24.4));
#15508=CARTESIAN_POINT('Origin',(17.7734875166662,-0.2,-24.4));
#15509=CARTESIAN_POINT('Origin',(17.7734875166662,3.81639164714898E-15,
-24.4));
#15510=CARTESIAN_POINT('Origin',(22.25,8.5,47.55));
#15511=CARTESIAN_POINT('',(22.55,-22.1,47.55));
#15512=CARTESIAN_POINT('',(22.55,8.5,47.55));
#15513=CARTESIAN_POINT('',(22.25,-22.1,47.85));
#15514=CARTESIAN_POINT('Origin',(22.25,-22.1,47.55));
#15515=CARTESIAN_POINT('',(22.25,8.5,47.85));
#15516=CARTESIAN_POINT('Origin',(22.55,19.6,25.));
#15517=CARTESIAN_POINT('',(22.55,-19.6,-9.55));
#15518=CARTESIAN_POINT('',(22.55,4.9,-9.55000000000001));
#15519=CARTESIAN_POINT('',(22.55,-19.6,-7.55000000000001));
#15520=CARTESIAN_POINT('',(22.55,-19.6,25.));
#15521=CARTESIAN_POINT('',(22.55,-22.1,-7.55000000000001));
#15522=CARTESIAN_POINT('',(22.55,8.5,-7.55000000000001));
#15523=CARTESIAN_POINT('',(22.55,-22.1,-2.9500000000611));
#15524=CARTESIAN_POINT('',(22.55,-22.1,6.075));
#15525=CARTESIAN_POINT('',(22.55,-19.6,-2.9500000000611));
#15526=CARTESIAN_POINT('',(22.55,9.8,-2.9500000000611));
#15527=CARTESIAN_POINT('',(22.55,-19.6,42.9500000000611));
#15528=CARTESIAN_POINT('',(22.55,-19.6,25.));
#15529=CARTESIAN_POINT('',(22.55,-22.1,42.9500000000611));
#15530=CARTESIAN_POINT('',(22.55,9.8,42.9500000000611));
#15531=CARTESIAN_POINT('',(22.55,-22.1,31.3250000000305));
#15532=CARTESIAN_POINT('Origin',(22.25,4.9,-9.55000000000001));
#15533=CARTESIAN_POINT('',(22.25,-19.6,-9.85000000000001));
#15534=CARTESIAN_POINT('',(22.25,4.9,-9.85000000000001));
#15535=CARTESIAN_POINT('Origin',(22.25,-19.6,-9.55000000000001));
#15536=CARTESIAN_POINT('Origin',(-0.199999999999971,-9.8,-9.85));
#15537=CARTESIAN_POINT('',(19.0701212132894,-14.2,-9.85000000000001));
#15538=CARTESIAN_POINT('',(19.0701212132894,-12.,-9.85000000000001));
#15539=CARTESIAN_POINT('',(15.3,-14.2,-9.85));
#15540=CARTESIAN_POINT('',(-9.49999999999999,-14.2,-9.85));
#15541=CARTESIAN_POINT('',(15.3,-19.6,-9.85000000000001));
#15542=CARTESIAN_POINT('',(15.3,-14.7,-9.85000000000001));
#15543=CARTESIAN_POINT('',(11.175,-19.6,-9.85));
#15544=CARTESIAN_POINT('Origin',(19.0701212132894,-12.,-10.15));
#15545=CARTESIAN_POINT('',(18.7717646446789,-14.2,-10.1186414610197));
#15546=CARTESIAN_POINT('',(18.7717646446789,-12.,-10.1186414610197));
#15547=CARTESIAN_POINT('Origin',(19.0701212132894,-14.2,-10.15));
#15548=CARTESIAN_POINT('Origin',(22.4428169448777,-14.2,24.8090880535843));
#15549=CARTESIAN_POINT('',(17.276226568982,-14.2,-24.3477357683662));
#15550=CARTESIAN_POINT('',(17.276226568982,-13.3,-24.3477357683662));
#15551=CARTESIAN_POINT('',(22.2274265255864,-14.2,22.7597851044985));
#15552=CARTESIAN_POINT('Origin',(17.7734875166662,-13.3,-24.4));
#15553=CARTESIAN_POINT('',(17.7734875166662,-14.2,-24.9));
#15554=CARTESIAN_POINT('',(17.7734875166662,-13.3,-24.9));
#15555=CARTESIAN_POINT('Origin',(17.7734875166662,-14.2,-24.4));
#15556=CARTESIAN_POINT('Origin',(-4.44089209850063E-15,-12.4,-24.9));
#15557=CARTESIAN_POINT('',(24.4,-24.6,-24.9));
#15558=CARTESIAN_POINT('',(24.4,-18.6,-24.9));
#15559=CARTESIAN_POINT('',(-24.4,-24.6,-24.9));
#15560=CARTESIAN_POINT('',(-12.45,-24.6,-24.9));
#15561=CARTESIAN_POINT('',(-24.4,-0.2,-24.9));
#15562=CARTESIAN_POINT('',(-24.4,-6.2,-24.9));
#15563=CARTESIAN_POINT('',(-17.7734875166662,-0.200000000000031,-24.9));
#15564=CARTESIAN_POINT('',(12.45,-0.199999999999997,-24.9));
#15565=CARTESIAN_POINT('',(-17.7734875166662,-14.2,-24.9));
#15566=CARTESIAN_POINT('',(-17.7734875166662,-6.2,-24.9));
#15567=CARTESIAN_POINT('',(-9.4,-14.2,-24.9));
#15568=CARTESIAN_POINT('Origin',(24.9,4.44089209850063E-15,25.));
#15569=CARTESIAN_POINT('',(18.7,3.86404429203123E-15,-21.));
#15570=CARTESIAN_POINT('Origin',(20.5,4.02455846426619E-15,-21.));
#15571=CARTESIAN_POINT('',(18.8,-1.51596718221909E-16,71.));
#15572=CARTESIAN_POINT('Origin',(20.5,0.,71.));
#15573=CARTESIAN_POINT('Origin',(-24.8,-0.1,25.));
#15574=CARTESIAN_POINT('',(-24.9,-0.2,74.4));
#15575=CARTESIAN_POINT('',(-24.7,3.46944695195361E-17,74.4));
#15576=CARTESIAN_POINT('',(-24.9,-0.2,74.4));
#15577=CARTESIAN_POINT('',(-24.7,3.46944695195361E-17,-24.4));
#15578=CARTESIAN_POINT('',(-24.7,3.46944695195361E-17,25.));
#15579=CARTESIAN_POINT('',(-24.9,-0.2,-24.4));
#15580=CARTESIAN_POINT('',(-24.7,3.46944695195361E-17,-24.4));
#15581=CARTESIAN_POINT('',(-24.9,-0.2,25.));
#15582=CARTESIAN_POINT('Origin',(-24.4,-0.0999999999999956,74.4));
#15583=CARTESIAN_POINT('',(-24.4,-0.199999999999991,74.9));
#15584=CARTESIAN_POINT('Origin',(-24.4,-0.199999999999991,74.4));
#15585=CARTESIAN_POINT('',(-24.4,3.46944695195361E-17,74.7));
#15586=CARTESIAN_POINT('',(-24.4,-0.199999999999991,74.9));
#15587=CARTESIAN_POINT('Origin',(-24.4,3.46944695195361E-17,74.4));
#15588=CARTESIAN_POINT('Origin',(12.45,-0.0999999999999968,74.8));
#15589=CARTESIAN_POINT('',(-17.7733201080749,-0.2,74.9));
#15590=CARTESIAN_POINT('',(12.45,-0.199999999999997,74.9));
#15591=CARTESIAN_POINT('',(-17.7733201080749,6.35518402019951E-16,74.7));
#15592=CARTESIAN_POINT('',(-17.7733201080749,-0.2,74.9));
#15593=CARTESIAN_POINT('',(12.45,3.33066907387547E-15,74.7));
#15594=CARTESIAN_POINT('Origin',(-17.7733201080749,-0.100000000000002,74.4));
#15595=CARTESIAN_POINT('',(-17.274538082945,-0.200000000000005,74.3651217631279));
#15596=CARTESIAN_POINT('Origin',(-17.7733201080749,-0.200000000000005,74.4));
#15597=CARTESIAN_POINT('',(-17.4740508929969,6.51187645981452E-16,74.3790730578768));
#15598=CARTESIAN_POINT('',(-17.274538082945,-0.200000000000005,74.3651217631279));
#15599=CARTESIAN_POINT('Origin',(-17.7733201080749,6.24500451351651E-16,
74.4));
#15600=CARTESIAN_POINT('Origin',(-20.7128852147154,-0.0999999999999998,
26.6280256595765));
#15601=CARTESIAN_POINT('',(-19.1091413268979,-0.2,48.1290730578768));
#15602=CARTESIAN_POINT('',(-19.3086541369498,5.15756556854917E-16,48.1430243526256));
#15603=CARTESIAN_POINT('',(-19.1091413268979,-0.2,48.1290730578768));
#15604=CARTESIAN_POINT('',(-20.8126416197414,3.81639164714898E-16,26.6350013069509));
#15605=CARTESIAN_POINT('',(-20.6131288096894,-0.2,26.6210500122021));
#15606=CARTESIAN_POINT('Origin',(-19.4084105419758,-0.100000000000002,48.15));
#15607=CARTESIAN_POINT('',(-19.4084105419758,-0.200000000000005,47.85));
#15608=CARTESIAN_POINT('Origin',(-19.4084105419758,-0.200000000000005,48.15));
#15609=CARTESIAN_POINT('',(-19.4084105419758,4.85722573273506E-16,48.05));
#15610=CARTESIAN_POINT('',(-19.4084105419758,-0.200000000000005,47.85));
#15611=CARTESIAN_POINT('Origin',(-19.4084105419758,4.85722573273506E-16,
48.15));
#15612=CARTESIAN_POINT('Origin',(12.35,-0.0999999999999968,47.95));
#15613=CARTESIAN_POINT('',(-22.65,-0.2,47.85));
#15614=CARTESIAN_POINT('',(-22.65,2.09560169306757E-16,48.05));
#15615=CARTESIAN_POINT('',(-22.65,-0.2,47.85));
#15616=CARTESIAN_POINT('',(12.35,3.33066907387547E-15,48.05));
#15617=CARTESIAN_POINT('',(12.35,-0.199999999999997,47.85));
#15618=CARTESIAN_POINT('Origin',(-22.65,-0.0999999999999955,47.55));
#15619=CARTESIAN_POINT('',(-22.95,-0.199999999999991,47.55));
#15620=CARTESIAN_POINT('Origin',(-22.65,-0.199999999999991,47.55));
#15621=CARTESIAN_POINT('',(-23.15,1.6357954705195E-16,47.55));
#15622=CARTESIAN_POINT('',(-22.95,-0.199999999999991,47.55));
#15623=CARTESIAN_POINT('Origin',(-22.65,2.08166817117217E-16,47.55));
#15624=CARTESIAN_POINT('Origin',(-23.05,-0.1,25.));
#15625=CARTESIAN_POINT('',(-22.95,-0.2,-9.55));
#15626=CARTESIAN_POINT('',(-23.15,1.38777878078145E-16,-9.55));
#15627=CARTESIAN_POINT('',(-22.95,-0.2,-9.55));
#15628=CARTESIAN_POINT('',(-23.15,1.38777878078145E-16,25.));
#15629=CARTESIAN_POINT('',(-22.95,-0.2,25.));
#15630=CARTESIAN_POINT('Origin',(-22.65,-0.0999999999999955,-9.55));
#15631=CARTESIAN_POINT('',(-22.65,-0.199999999999991,-9.85));
#15632=CARTESIAN_POINT('Origin',(-22.65,-0.199999999999991,-9.55));
#15633=CARTESIAN_POINT('',(-22.65,2.08166817117217E-16,-10.05));
#15634=CARTESIAN_POINT('',(-22.65,-0.199999999999991,-9.85));
#15635=CARTESIAN_POINT('Origin',(-22.65,2.08166817117217E-16,-9.55));
#15636=CARTESIAN_POINT('Origin',(12.35,-0.0999999999999968,-9.95000000000001));
#15637=CARTESIAN_POINT('',(-19.0701212132894,-0.2,-9.85));
#15638=CARTESIAN_POINT('',(-19.0701212132894,5.28794213834734E-16,-10.05));
#15639=CARTESIAN_POINT('',(-19.0701212132894,-0.2,-9.85));
#15640=CARTESIAN_POINT('',(12.35,3.33066907387547E-15,-10.05));
#15641=CARTESIAN_POINT('',(12.35,-0.199999999999997,-9.85));
#15642=CARTESIAN_POINT('Origin',(-19.0701212132894,-0.100000000000016,-10.15));
#15643=CARTESIAN_POINT('',(-18.7717646446789,-0.200000000000033,-10.1186414610197));
#15644=CARTESIAN_POINT('Origin',(-19.0701212132894,-0.200000000000033,-10.15));
#15645=CARTESIAN_POINT('',(-18.9706690237525,5.29285646059963E-16,-10.1395471536732));
#15646=CARTESIAN_POINT('',(-18.7717646446789,-0.200000000000033,-10.1186414610197));
#15647=CARTESIAN_POINT('Origin',(-19.0701212132894,5.20417042793042E-16,
-10.15));
#15648=CARTESIAN_POINT('Origin',(-22.2935538062423,-0.0999999999999998,
22.4322669296747));
#15649=CARTESIAN_POINT('',(-17.276226568982,-0.2,-24.3477357683662));
#15650=CARTESIAN_POINT('',(-17.4751309480557,6.46716062917381E-16,-24.3686414610197));
#15651=CARTESIAN_POINT('',(-17.276226568982,-0.2,-24.3477357683662));
#15652=CARTESIAN_POINT('',(-22.3930059957791,2.08166817117217E-16,22.4218140833479));
#15653=CARTESIAN_POINT('',(-22.1941016167054,-0.2,22.4427197760014));
#15654=CARTESIAN_POINT('Origin',(-17.7734875166662,-0.100000000000015,-24.4));
#15655=CARTESIAN_POINT('Origin',(-17.7734875166662,-0.200000000000031,-24.4));
#15656=CARTESIAN_POINT('',(-17.7734875166662,6.24500451351651E-16,-24.7));
#15657=CARTESIAN_POINT('',(-17.7734875166662,-0.200000000000031,-24.9));
#15658=CARTESIAN_POINT('Origin',(-17.7734875166662,6.24500451351651E-16,
-24.4));
#15659=CARTESIAN_POINT('Origin',(12.45,-0.0999999999999968,-24.8));
#15660=CARTESIAN_POINT('',(-24.4,4.45872700652669E-17,-24.7));
#15661=CARTESIAN_POINT('',(-24.4,-0.2,-24.9));
#15662=CARTESIAN_POINT('',(12.45,3.33066907387547E-15,-24.7));
#15663=CARTESIAN_POINT('Origin',(-24.4,-0.0999999999999956,-24.4));
#15664=CARTESIAN_POINT('Origin',(-24.4,-0.199999999999991,-24.4));
#15665=CARTESIAN_POINT('Origin',(-24.4,3.46944695195361E-17,-24.4));
#15666=CARTESIAN_POINT('Origin',(-22.65,-11.1,47.55));
#15667=CARTESIAN_POINT('',(-22.65,-22.1,47.85));
#15668=CARTESIAN_POINT('',(-22.65,-11.1,47.85));
#15669=CARTESIAN_POINT('',(-22.95,-22.1,47.55));
#15670=CARTESIAN_POINT('Origin',(-22.65,-22.1,47.55));
#15671=CARTESIAN_POINT('',(-22.95,-11.1,47.55));
#15672=CARTESIAN_POINT('Origin',(-0.199999999999971,-2.59999999999999,47.85));
#15673=CARTESIAN_POINT('',(-19.4084105419758,-22.1,47.85));
#15674=CARTESIAN_POINT('',(-19.4084105419758,-13.7,47.85));
#15675=CARTESIAN_POINT('',(11.175,-22.1,47.85));
#15676=CARTESIAN_POINT('Origin',(-19.4084105419758,-13.7,48.15));
#15677=CARTESIAN_POINT('',(-19.1091413268978,-22.1,48.1290730578768));
#15678=CARTESIAN_POINT('',(-19.1091413268979,-13.7,48.1290730578768));
#15679=CARTESIAN_POINT('Origin',(-19.4084105419758,-22.1,48.15));
#15680=CARTESIAN_POINT('Origin',(-20.7217908516507,-24.8,25.0671104153418));
#15681=CARTESIAN_POINT('',(-19.,-22.1,49.6898667486576));
#15682=CARTESIAN_POINT('',(-19.,-24.7999999999997,49.6898667486576));
#15683=CARTESIAN_POINT('',(-20.8481630545362,-22.1,23.2599037177507));
#15684=CARTESIAN_POINT('',(-17.274538082945,-18.6,74.3651217631279));
#15685=CARTESIAN_POINT('',(-18.8195146892367,-18.6,52.2709269421232));
#15686=CARTESIAN_POINT('Origin',(-17.7733201080749,-18.6,74.4));
#15687=CARTESIAN_POINT('',(-17.7733201080749,-18.6,74.9));
#15688=CARTESIAN_POINT('Origin',(-4.44089209850063E-15,-12.4,74.9));
#15689=CARTESIAN_POINT('',(17.7733201080749,-13.3,74.9));
#15690=CARTESIAN_POINT('',(-24.4,-24.6,74.9));
#15691=CARTESIAN_POINT('',(-24.4,-6.2,74.9));
#15692=CARTESIAN_POINT('',(24.4,-24.6,74.9));
#15693=CARTESIAN_POINT('',(-12.45,-24.6,74.9));
#15694=CARTESIAN_POINT('',(24.4,-18.6,74.9));
#15695=CARTESIAN_POINT('Origin',(-24.4,-6.2,74.4));
#15696=CARTESIAN_POINT('',(-24.9,-24.6,74.4));
#15697=CARTESIAN_POINT('',(-24.9,-6.2,74.4));
#15698=CARTESIAN_POINT('Origin',(-24.4,-24.6,74.4));
#15699=CARTESIAN_POINT('Origin',(-24.9,0.,25.));
#15700=CARTESIAN_POINT('',(-24.9,-24.6,-24.4));
#15701=CARTESIAN_POINT('',(-24.9,-6.2,-24.4));
#15702=CARTESIAN_POINT('',(-24.9,-24.6,25.));
#15703=CARTESIAN_POINT('Origin',(24.9,4.44089209850063E-15,25.));
#15704=CARTESIAN_POINT('',(-22.2,-1.51596718221909E-16,-21.));
#15705=CARTESIAN_POINT('Origin',(-20.5,0.,-21.));
#15706=CARTESIAN_POINT('',(-22.3,2.55819461999471E-16,71.));
#15707=CARTESIAN_POINT('Origin',(-20.5,4.16333634234434E-16,71.));
#15708=CARTESIAN_POINT('Origin',(-24.8,-24.7,25.));
#15709=CARTESIAN_POINT('',(-24.7,-24.8,74.4));
#15710=CARTESIAN_POINT('',(-24.9,-24.6,-24.4));
#15711=CARTESIAN_POINT('Origin',(-24.4,-24.7,74.4));
#15712=CARTESIAN_POINT('',(-24.4,-24.8,74.7));
#15713=CARTESIAN_POINT('Origin',(-12.45,-24.7,74.8));
#15714=CARTESIAN_POINT('',(24.4,-24.8,74.7));
#15715=CARTESIAN_POINT('Origin',(24.4,-24.7,74.4));
#15716=CARTESIAN_POINT('',(24.9,-24.6,74.4));
#15717=CARTESIAN_POINT('',(24.7,-24.8,74.4));
#15718=CARTESIAN_POINT('Origin',(24.4,-24.6,74.4));
#15719=CARTESIAN_POINT('Origin',(24.8,-24.7,25.));
#15720=CARTESIAN_POINT('',(24.9,-24.6,-24.4));
#15721=CARTESIAN_POINT('',(24.7,-24.8,-24.4));
#15722=CARTESIAN_POINT('',(24.9,-24.6,25.));
#15723=CARTESIAN_POINT('Origin',(24.4,-24.7,-24.4));
#15724=CARTESIAN_POINT('',(24.4,-24.8,-24.7));
#15725=CARTESIAN_POINT('Origin',(24.4,-24.6,-24.4));
#15726=CARTESIAN_POINT('Origin',(-12.45,-24.7,-24.8));
#15727=CARTESIAN_POINT('',(-24.4,-24.8,-24.7));
#15728=CARTESIAN_POINT('Origin',(-24.4,-24.7,-24.4));
#15729=CARTESIAN_POINT('Origin',(-24.4,-24.6,-24.4));
#15730=CARTESIAN_POINT('Origin',(24.4,-18.6,-24.4));
#15731=CARTESIAN_POINT('',(24.9,-18.6,-24.4));
#15732=CARTESIAN_POINT('Origin',(-24.4,-6.2,-24.4));
#15733=CARTESIAN_POINT('Origin',(-15.0999999999999,-8.4,-8.15));
#15734=CARTESIAN_POINT('',(-15.0999999999999,-14.2,-7.85));
#15735=CARTESIAN_POINT('',(-15.3999999999999,-14.2,-8.15));
#15736=CARTESIAN_POINT('Origin',(-15.0999999999999,-14.2,-8.15));
#15737=CARTESIAN_POINT('',(-15.3999999999999,-19.6,-8.15));
#15738=CARTESIAN_POINT('',(-15.3999999999999,-8.4,-8.15));
#15739=CARTESIAN_POINT('',(-15.0999999999999,-19.6,-7.85));
#15740=CARTESIAN_POINT('Origin',(-15.0999999999999,-19.6,-8.15));
#15741=CARTESIAN_POINT('',(-15.0999999999999,-8.4,-7.85));
#15742=CARTESIAN_POINT('Origin',(-15.3999999999999,-14.2,25.));
#15743=CARTESIAN_POINT('',(-15.3999999999999,-14.2,-9.55));
#15744=CARTESIAN_POINT('',(-15.3999999999999,-14.2,25.));
#15745=CARTESIAN_POINT('',(-15.3999999999999,-19.6,-9.55));
#15746=CARTESIAN_POINT('',(-15.3999999999999,-12.,-9.55));
#15747=CARTESIAN_POINT('',(-15.3999999999999,-19.6,25.));
#15748=CARTESIAN_POINT('Origin',(-18.8,-14.2,25.));
#15749=CARTESIAN_POINT('',(-8.3,-14.2,-7.85));
#15750=CARTESIAN_POINT('',(-9.49999999999999,-14.2,-7.85));
#15751=CARTESIAN_POINT('Origin',(-8.3,-14.2,-8.15));
#15752=CARTESIAN_POINT('',(15.,-14.2,-8.15000000000001));
#15753=CARTESIAN_POINT('Origin',(14.7,-14.2,-8.15000000000001));
#15754=CARTESIAN_POINT('',(15.,-14.2,-9.55));
#15755=CARTESIAN_POINT('',(15.,-14.2,25.));
#15756=CARTESIAN_POINT('Origin',(15.3,-14.2,-9.55));
#15757=CARTESIAN_POINT('',(-17.276226568982,-14.2,-24.3477357683662));
#15758=CARTESIAN_POINT('Origin',(-17.7734875166662,-14.2,-24.4));
#15759=CARTESIAN_POINT('',(-18.7717646446789,-14.2,-10.1186414610197));
#15760=CARTESIAN_POINT('',(-22.4328390786886,-14.2,24.7141549981854));
#15761=CARTESIAN_POINT('',(-19.0701212132894,-14.2,-9.85));
#15762=CARTESIAN_POINT('Origin',(-19.0701212132894,-14.2,-10.15));
#15763=CARTESIAN_POINT('',(-15.6999999999999,-14.2,-9.85));
#15764=CARTESIAN_POINT('',(-9.49999999999999,-14.2,-9.85));
#15765=CARTESIAN_POINT('Origin',(-15.6999999999999,-14.2,-9.55));
#15766=CARTESIAN_POINT('Origin',(-18.7,-13.7,-7.55));
#15767=CARTESIAN_POINT('',(-18.7,-22.1,-7.85));
#15768=CARTESIAN_POINT('',(-18.7,-13.7,-7.85));
#15769=CARTESIAN_POINT('',(-19.,-22.1,-7.55));
#15770=CARTESIAN_POINT('Origin',(-18.7,-22.1,-7.55));
#15771=CARTESIAN_POINT('',(-19.,-13.7,-7.55));
#15772=CARTESIAN_POINT('Origin',(-19.,-24.8,25.));
#15773=CARTESIAN_POINT('',(-19.,-22.1,-2.35000000006108));
#15774=CARTESIAN_POINT('',(-19.,-22.1,22.5));
#15775=CARTESIAN_POINT('',(-19.,-19.6,-2.35000000006108));
#15776=CARTESIAN_POINT('',(-19.,-12.4,-2.35000000006108));
#15777=CARTESIAN_POINT('',(-19.,-19.6,42.3500000000611));
#15778=CARTESIAN_POINT('',(-19.,-19.6,25.));
#15779=CARTESIAN_POINT('',(-19.,-22.1,42.3500000000611));
#15780=CARTESIAN_POINT('',(-19.,-12.4,42.3500000000611));
#15781=CARTESIAN_POINT('',(-19.,-22.1,22.5));
#15782=CARTESIAN_POINT('Origin',(18.5202454741587,-13.3,52.25));
#15783=CARTESIAN_POINT('',(18.5202454741587,-13.3,52.55));
#15784=CARTESIAN_POINT('',(18.8195146892367,-13.3,52.2709269421232));
#15785=CARTESIAN_POINT('Origin',(20.7217908516507,-14.2,25.0671104153418));
#15786=CARTESIAN_POINT('',(17.274538082945,-13.3,74.3651217631279));
#15787=CARTESIAN_POINT('',(19.1091413268979,-22.1,48.1290730578768));
#15788=CARTESIAN_POINT('',(19.1091413268979,-8.39999999999999,48.1290730578768));
#15789=CARTESIAN_POINT('',(20.8471898614103,-22.1,23.2738210278467));
#15790=CARTESIAN_POINT('Origin',(19.4084105419758,-8.39999999999999,48.15));
#15791=CARTESIAN_POINT('',(19.4084105419758,-22.1,47.85));
#15792=CARTESIAN_POINT('',(19.4084105419758,-8.39999999999999,47.85));
#15793=CARTESIAN_POINT('Origin',(19.4084105419758,-22.1,48.15));
#15794=CARTESIAN_POINT('Origin',(-0.199999999999971,-2.59999999999999,47.85));
#15795=CARTESIAN_POINT('',(11.175,-22.1,47.85));
#15796=CARTESIAN_POINT('Origin',(-0.199999999999971,-22.1,20.));
#15797=CARTESIAN_POINT('',(22.25,-22.1,42.6500000000611));
#15798=CARTESIAN_POINT('Origin',(22.25,-22.1,42.9500000000611));
#15799=CARTESIAN_POINT('',(19.3,-22.1,42.6500000000611));
#15800=CARTESIAN_POINT('',(-11.575,-22.1,42.6500000000611));
#15801=CARTESIAN_POINT('Origin',(19.3,-22.1,42.3500000000611));
#15802=CARTESIAN_POINT('Origin',(19.3,-9.80000000000001,42.3500000000611));
#15803=CARTESIAN_POINT('',(19.3,-19.6,42.6500000000611));
#15804=CARTESIAN_POINT('Origin',(19.3,-19.6,42.3500000000611));
#15805=CARTESIAN_POINT('',(19.3,-9.80000000000001,42.6500000000611));
#15806=CARTESIAN_POINT('Origin',(22.55,-19.6,25.));
#15807=CARTESIAN_POINT('',(22.25,-19.6,42.6500000000611));
#15808=CARTESIAN_POINT('',(-0.199999999999971,-19.6,42.6500000000611));
#15809=CARTESIAN_POINT('Origin',(22.25,-19.6,42.9500000000611));
#15810=CARTESIAN_POINT('',(22.25,-19.6,-2.6500000000611));
#15811=CARTESIAN_POINT('Origin',(22.25,-19.6,-2.9500000000611));
#15812=CARTESIAN_POINT('',(19.3,-19.6,-2.6500000000611));
#15813=CARTESIAN_POINT('',(22.55,-19.6,-2.6500000000611));
#15814=CARTESIAN_POINT('Origin',(19.3,-19.6,-2.3500000000611));
#15815=CARTESIAN_POINT('Origin',(-22.95,0.,42.6500000000611));
#15816=CARTESIAN_POINT('',(22.25,9.8,42.6500000000611));
#15817=CARTESIAN_POINT('Origin',(22.25,9.8,42.9500000000611));
#15818=CARTESIAN_POINT('Origin',(22.25,9.8,-2.9500000000611));
#15819=CARTESIAN_POINT('',(22.25,-22.1,-2.6500000000611));
#15820=CARTESIAN_POINT('Origin',(22.25,-22.1,-2.9500000000611));
#15821=CARTESIAN_POINT('',(22.25,9.8,-2.6500000000611));
#15822=CARTESIAN_POINT('Origin',(22.55,0.,-2.6500000000611));
#15823=CARTESIAN_POINT('',(19.3,-22.1,-2.6500000000611));
#15824=CARTESIAN_POINT('',(11.175,-22.1,-2.6500000000611));
#15825=CARTESIAN_POINT('',(19.3,-9.8,-2.6500000000611));
#15826=CARTESIAN_POINT('Origin',(19.3,-9.8,-2.3500000000611));
#15827=CARTESIAN_POINT('Origin',(19.3,-22.1,-2.3500000000611));
#15828=CARTESIAN_POINT('Origin',(22.25,8.5,-7.55000000000001));
#15829=CARTESIAN_POINT('Origin',(22.25,-22.1,-7.55000000000001));
#15830=CARTESIAN_POINT('Origin',(22.25,-19.6,-7.55000000000001));
#15831=CARTESIAN_POINT('Origin',(-0.199999999999971,-22.1,20.));
#15832=CARTESIAN_POINT('Origin',(14.7,-11.1,-8.15000000000001));
#15833=CARTESIAN_POINT('',(15.,-19.6,-8.15000000000001));
#15834=CARTESIAN_POINT('Origin',(14.7,-19.6,-8.15000000000001));
#15835=CARTESIAN_POINT('',(15.,-11.1,-8.15000000000001));
#15836=CARTESIAN_POINT('Origin',(15.3,-14.7,-9.55));
#15837=CARTESIAN_POINT('',(15.,-19.6,-9.55));
#15838=CARTESIAN_POINT('Origin',(15.3,-19.6,-9.55));
#15839=CARTESIAN_POINT('',(15.,-14.7,-9.55));
#15840=CARTESIAN_POINT('Origin',(-8.3,-13.7,-8.15));
#15841=CARTESIAN_POINT('',(-8.3,-13.7,-7.85));
#15842=CARTESIAN_POINT('Origin',(-0.199999999999971,-2.59999999999999,-7.85000000000001));
#15843=CARTESIAN_POINT('',(-22.65,-19.6,-7.85));
#15844=CARTESIAN_POINT('',(-7.79999999999997,-19.6,-7.85));
#15845=CARTESIAN_POINT('',(-22.65,-22.1,-7.85000000000001));
#15846=CARTESIAN_POINT('',(-22.65,-11.1,-7.85));
#15847=CARTESIAN_POINT('',(-11.575,-22.1,-7.85000000000001));
#15848=CARTESIAN_POINT('Origin',(-15.6999999999999,-12.,-9.55));
#15849=CARTESIAN_POINT('',(-15.6999999999999,-19.6,-9.85));
#15850=CARTESIAN_POINT('Origin',(-15.6999999999999,-19.6,-9.55));
#15851=CARTESIAN_POINT('',(-15.6999999999999,-12.,-9.85));
#15852=CARTESIAN_POINT('Origin',(-19.,-19.6,25.));
#15853=CARTESIAN_POINT('',(-22.65,-19.6,-9.85));
#15854=CARTESIAN_POINT('',(-7.79999999999996,-19.6,-9.85));
#15855=CARTESIAN_POINT('',(-22.95,-19.6,-9.55));
#15856=CARTESIAN_POINT('Origin',(-22.65,-19.6,-9.55));
#15857=CARTESIAN_POINT('',(-22.95,-19.6,-7.55));
#15858=CARTESIAN_POINT('',(-22.95,-19.6,25.));
#15859=CARTESIAN_POINT('Origin',(-22.65,-19.6,-7.55));
#15860=CARTESIAN_POINT('Origin',(-0.199999999999971,-9.8,-9.85));
#15861=CARTESIAN_POINT('',(-22.65,-14.7,-9.85));
#15862=CARTESIAN_POINT('',(-19.0701212132894,-4.90000000000001,-9.85));
#15863=CARTESIAN_POINT('Origin',(-22.65,-14.7,-9.55));
#15864=CARTESIAN_POINT('',(-22.95,-14.7,-9.55));
#15865=CARTESIAN_POINT('Origin',(-22.95,-19.6,25.));
#15866=CARTESIAN_POINT('',(-22.95,-22.1,42.9500000000611));
#15867=CARTESIAN_POINT('',(-22.95,-22.1,33.925));
#15868=CARTESIAN_POINT('',(-22.95,-19.6,42.9500000000611));
#15869=CARTESIAN_POINT('',(-22.95,-9.8,42.9500000000611));
#15870=CARTESIAN_POINT('',(-22.95,-19.6,-2.95000000006108));
#15871=CARTESIAN_POINT('',(-22.95,-19.6,25.));
#15872=CARTESIAN_POINT('',(-22.95,-22.1,-2.95000000006108));
#15873=CARTESIAN_POINT('',(-22.95,-9.8,-2.95000000006108));
#15874=CARTESIAN_POINT('',(-22.95,-22.1,-7.55));
#15875=CARTESIAN_POINT('',(-22.95,-22.1,8.67499999996946));
#15876=CARTESIAN_POINT('',(-22.95,-11.1,-7.55));
#15877=CARTESIAN_POINT('Origin',(-22.65,-11.1,-7.55));
#15878=CARTESIAN_POINT('Origin',(-22.65,-22.1,-7.55));
#15879=CARTESIAN_POINT('Origin',(-19.0701212132894,-4.90000000000001,-10.15));
#15880=CARTESIAN_POINT('',(-18.7717646446789,-4.90000000000001,-10.1186414610197));
#15881=CARTESIAN_POINT('Origin',(-22.65,-9.8,-2.95000000006108));
#15882=CARTESIAN_POINT('',(-22.65,-22.1,-2.65000000006108));
#15883=CARTESIAN_POINT('Origin',(-22.65,-22.1,-2.95000000006108));
#15884=CARTESIAN_POINT('',(-22.65,-19.6,-2.65000000006108));
#15885=CARTESIAN_POINT('Origin',(-22.65,-19.6,-2.95000000006108));
#15886=CARTESIAN_POINT('',(-22.65,-9.8,-2.65000000006108));
#15887=CARTESIAN_POINT('Origin',(-0.199999999999971,-22.1,20.));
#15888=CARTESIAN_POINT('',(-19.3,-22.1,-2.65000000006108));
#15889=CARTESIAN_POINT('',(11.175,-22.1,-2.6500000000611));
#15890=CARTESIAN_POINT('Origin',(-19.3,-22.1,-2.35000000006108));
#15891=CARTESIAN_POINT('Origin',(22.55,0.,-2.6500000000611));
#15892=CARTESIAN_POINT('',(-19.3,-19.6,-2.65000000006108));
#15893=CARTESIAN_POINT('',(1.77500000000001,-19.6,-2.65000000006109));
#15894=CARTESIAN_POINT('',(-19.3,-12.4,-2.65000000006108));
#15895=CARTESIAN_POINT('Origin',(-19.3,-12.4,-2.35000000006108));
#15896=CARTESIAN_POINT('Origin',(-19.3,-19.6,-2.35000000006108));
#15897=CARTESIAN_POINT('Origin',(-22.65,-9.8,42.9500000000611));
#15898=CARTESIAN_POINT('',(-22.65,-22.1,42.6500000000611));
#15899=CARTESIAN_POINT('Origin',(-22.65,-22.1,42.9500000000611));
#15900=CARTESIAN_POINT('',(-22.65,-19.6,42.6500000000611));
#15901=CARTESIAN_POINT('',(-22.65,-9.8,42.6500000000611));
#15902=CARTESIAN_POINT('Origin',(-22.65,-19.6,42.9500000000611));
#15903=CARTESIAN_POINT('Origin',(-22.95,0.,42.6500000000611));
#15904=CARTESIAN_POINT('',(-19.3,-22.1,42.6500000000611));
#15905=CARTESIAN_POINT('',(-11.575,-22.1,42.6500000000611));
#15906=CARTESIAN_POINT('',(-19.3,-19.6,42.6500000000611));
#15907=CARTESIAN_POINT('',(-19.3,-12.4,42.6500000000611));
#15908=CARTESIAN_POINT('',(-20.975,-19.6,42.6500000000611));
#15909=CARTESIAN_POINT('Origin',(-19.3,-12.4,42.3500000000611));
#15910=CARTESIAN_POINT('Origin',(-19.3,-19.6,42.3500000000611));
#15911=CARTESIAN_POINT('Origin',(-19.3,-22.1,42.3500000000611));
#15912=CARTESIAN_POINT('Origin',(-0.199999999999971,-22.1,20.));
#15913=CARTESIAN_POINT('Origin',(-18.5202454741587,-18.6,52.25));
#15914=CARTESIAN_POINT('',(-18.5202454741587,-18.6,52.55));
#15915=CARTESIAN_POINT('Origin',(-5.55111512312578E-16,-12.4,52.55));
#15916=CARTESIAN_POINT('Origin',(17.7733201080749,-13.3,74.4));
#15917=CARTESIAN_POINT('Origin',(24.4,-18.6,74.4));
#15918=CARTESIAN_POINT('',(24.9,-18.6,74.4));
#15919=CARTESIAN_POINT('Origin',(-17.7734875166662,-6.2,-24.4));
#15920=CARTESIAN_POINT('',(-17.276226568982,-6.2,-24.3477357683662));
#15921=CARTESIAN_POINT('Origin',(-9.45433846635349E-15,-18.3793975666807,
-21.9));
#15922=CARTESIAN_POINT('',(-1.40000000000001,-18.8,-21.9));
#15923=CARTESIAN_POINT('Origin',(-9.41683143778446E-15,-18.8,-21.9));
#15924=CARTESIAN_POINT('',(-9.49184549492252E-15,-17.9587951333614,-21.9));
#15925=CARTESIAN_POINT('',(-0.700000000000009,-18.3793975666807,-21.9));
#15926=CARTESIAN_POINT('Origin',(-9.14930781739285E-15,-21.8,-21.9));
#15927=CARTESIAN_POINT('',(-1.40000000000001,-21.8,-21.9));
#15928=CARTESIAN_POINT('Origin',(-21.9,-18.3793975666807,49.9));
#15929=CARTESIAN_POINT('',(-23.3,-18.8,49.9));
#15930=CARTESIAN_POINT('Origin',(-21.9,-18.8,49.9));
#15931=CARTESIAN_POINT('',(-21.9,-17.9587951333614,49.9));
#15932=CARTESIAN_POINT('',(-22.6,-18.3793975666807,49.9));
#15933=CARTESIAN_POINT('Origin',(-21.9,-21.8,49.9));
#15934=CARTESIAN_POINT('',(-23.3,-21.8,49.9));
#15935=CARTESIAN_POINT('Origin',(21.9,-18.3793975666807,49.9));
#15936=CARTESIAN_POINT('',(20.5,-18.8,49.9));
#15937=CARTESIAN_POINT('Origin',(21.9,-18.8,49.9));
#15938=CARTESIAN_POINT('',(21.9,-17.9587951333614,49.9));
#15939=CARTESIAN_POINT('',(21.2,-18.3793975666807,49.9));
#15940=CARTESIAN_POINT('Origin',(21.9,-21.8,49.9));
#15941=CARTESIAN_POINT('',(20.5,-21.8,49.9));
#15942=CARTESIAN_POINT('Origin',(1.27501220261496E-14,-18.3793975666807,
71.9));
#15943=CARTESIAN_POINT('',(-1.39999999999999,-18.8,71.9));
#15944=CARTESIAN_POINT('Origin',(1.27876290547187E-14,-18.8,71.9));
#15945=CARTESIAN_POINT('',(1.27126149975806E-14,-17.9587951333614,71.9));
#15946=CARTESIAN_POINT('',(-0.699999999999987,-18.3793975666807,71.9));
#15947=CARTESIAN_POINT('Origin',(1.30551526751103E-14,-21.8,71.9));
#15948=CARTESIAN_POINT('',(-1.39999999999999,-21.8,71.9));
#15949=CARTESIAN_POINT('Origin',(-20.5,-0.346410161513777,71.));
#15950=CARTESIAN_POINT('',(-21.9,-0.692820323027554,71.));
#15951=CARTESIAN_POINT('',(-22.1,-0.346410161513777,71.));
#15952=CARTESIAN_POINT('Origin',(-20.5,-0.692820323027554,71.));
#15953=CARTESIAN_POINT('Origin',(-20.5,89.459004021565,71.));
#15954=CARTESIAN_POINT('',(-21.9,89.459004021565,71.));
#15955=CARTESIAN_POINT('Origin',(20.5,-0.346410161513775,-21.));
#15956=CARTESIAN_POINT('',(19.1,-0.692820323027554,-21.));
#15957=CARTESIAN_POINT('',(18.9,-0.346410161513775,-21.));
#15958=CARTESIAN_POINT('Origin',(20.5,-0.692820323027554,-21.));
#15959=CARTESIAN_POINT('Origin',(20.5,89.459004021565,-21.));
#15960=CARTESIAN_POINT('',(19.1,89.459004021565,-21.));
#15961=CARTESIAN_POINT('Origin',(-22.0522501229945,-23.1,-17.9189255842055));
#15962=CARTESIAN_POINT('',(-21.8931450479391,-21.4,-17.5519302503229));
#15963=CARTESIAN_POINT('',(-21.8722790942415,-21.4,-18.276151603428));
#15964=CARTESIAN_POINT('Origin',(-22.0522501229945,-21.4,-17.9189255842055));
#15965=CARTESIAN_POINT('',(-21.8931450479391,-23.1,-17.5519302503229));
#15966=CARTESIAN_POINT('',(-21.8722790942415,-23.1,-18.276151603428));
#15967=CARTESIAN_POINT('Origin',(-20.5,-23.1,-21.));
#15968=CARTESIAN_POINT('',(-19.3860534616348,-21.4,-18.1607002430768));
#15969=CARTESIAN_POINT('',(-19.3860534616348,-23.1,-18.1607002430768));
#15970=CARTESIAN_POINT('Origin',(-20.5,-21.4,-21.));
#15971=CARTESIAN_POINT('Origin',(-19.239962112341,-23.1,-17.788333061841));
#15972=CARTESIAN_POINT('',(-19.4323930386173,-21.4,-17.4376617932539));
#15973=CARTESIAN_POINT('',(-19.4323930386173,-23.1,-17.4376617932539));
#15974=CARTESIAN_POINT('Origin',(-19.239962112341,-21.4,-17.788333061841));
#15975=CARTESIAN_POINT('Origin',(-20.7794095225513,0.,-14.9829629131445));
#15976=CARTESIAN_POINT('',(-18.7995105352289,-21.4,-16.9628619004668));
#15977=CARTESIAN_POINT('',(-18.7995105352289,0.,-16.9628619004668));
#15978=CARTESIAN_POINT('Origin',(-20.7794095225513,-21.4,-14.9829629131445));
#15979=CARTESIAN_POINT('Origin',(19.239962112341,-23.1,67.7883330618409));
#15980=CARTESIAN_POINT('',(19.4323930386173,-21.4,67.4376617932539));
#15981=CARTESIAN_POINT('',(19.4323930386173,-23.1,67.4376617932539));
#15982=CARTESIAN_POINT('',(19.3860534616348,-21.4,68.1607002430768));
#15983=CARTESIAN_POINT('Origin',(19.239962112341,-21.4,67.7883330618409));
#15984=CARTESIAN_POINT('',(19.3860534616348,-23.1,68.1607002430768));
#15985=CARTESIAN_POINT('Origin',(20.5,-23.1,71.));
#15986=CARTESIAN_POINT('',(21.8722790942415,-21.4,68.276151603428));
#15987=CARTESIAN_POINT('Origin',(20.5,-21.4,71.));
#15988=CARTESIAN_POINT('',(21.8722790942415,1.22372357159737E-16,68.276151603428));
#15989=CARTESIAN_POINT('Origin',(20.7794095225513,0.,64.9829629131445));
#15990=CARTESIAN_POINT('',(18.7995105352289,-21.4,66.9628619004669));
#15991=CARTESIAN_POINT('',(18.7995105352289,0.,66.9628619004669));
#15992=CARTESIAN_POINT('Origin',(20.7794095225513,-21.4,64.9829629131445));
#15993=CARTESIAN_POINT('Origin',(22.0522501229945,0.,67.9189255842055));
#15994=CARTESIAN_POINT('',(21.8931450479391,-21.4,67.5519302503229));
#15995=CARTESIAN_POINT('Origin',(22.0522501229945,-21.4,67.9189255842055));
#15996=CARTESIAN_POINT('',(21.8931450479391,1.95126064243321E-32,67.5519302503229));
#15997=CARTESIAN_POINT('Origin',(20.7794095225513,0.,64.9829629131445));
#15998=CARTESIAN_POINT('',(23.4840018361607,-21.4,65.7076562394316));
#15999=CARTESIAN_POINT('Origin',(20.7794095225513,-21.4,64.9829629131445));
#16000=CARTESIAN_POINT('',(23.4840018361607,0.,65.7076562394316));
#16001=CARTESIAN_POINT('Origin',(-20.5,-21.4,-21.));
#16002=CARTESIAN_POINT('',(-18.493324317381,-21.4,-16.6566756826189));
#16003=CARTESIAN_POINT('',(-3.30273120845718,-21.4,-1.46608257369478));
#16004=CARTESIAN_POINT('',(-23.5960737701816,-21.4,-15.2893980875628));
#16005=CARTESIAN_POINT('Origin',(-20.65,-21.4,-14.5));
#16006=CARTESIAN_POINT('',(-23.4840018361606,-21.4,-15.7076562394316));
#16007=CARTESIAN_POINT('',(-27.7858939502086,-21.4,0.347223698873723));
#16008=CARTESIAN_POINT('Origin',(-20.7794095225513,-21.4,-14.9829629131445));
#16009=CARTESIAN_POINT('',(-22.2,-21.4,-21.));
#16010=CARTESIAN_POINT('Origin',(-20.5,-21.4,-21.));
#16011=CARTESIAN_POINT('Origin',(-20.5,89.459004021565,-21.));
#16012=CARTESIAN_POINT('',(-22.2,89.459004021565,-21.));
#16013=CARTESIAN_POINT('Origin',(20.5,-21.4,71.));
#16014=CARTESIAN_POINT('',(18.493324317381,-21.4,66.6566756826189));
#16015=CARTESIAN_POINT('',(3.30273120845721,-21.4,51.4660825736947));
#16016=CARTESIAN_POINT('',(23.5960737701817,-21.4,65.2893980875627));
#16017=CARTESIAN_POINT('Origin',(20.65,-21.4,64.5));
#16018=CARTESIAN_POINT('',(27.7858939502084,-21.4,49.6527763011259));
#16019=CARTESIAN_POINT('',(18.8,-21.4,71.));
#16020=CARTESIAN_POINT('Origin',(20.5,-21.4,71.));
#16021=CARTESIAN_POINT('Origin',(20.5,89.459004021565,71.));
#16022=CARTESIAN_POINT('',(18.8,89.459004021565,71.));
#16023=CARTESIAN_POINT('Origin',(-20.65,-15.6,-14.5));
#16024=CARTESIAN_POINT('',(-17.6,-14.6,-14.5));
#16025=CARTESIAN_POINT('Origin',(-20.65,-14.6,-14.5));
#16026=CARTESIAN_POINT('',(-17.6,-16.6,-14.5));
#16027=CARTESIAN_POINT('',(-17.6,-15.6,-14.5));
#16028=CARTESIAN_POINT('Origin',(-20.65,-16.6,-14.5));
#16029=CARTESIAN_POINT('Origin',(-20.65,-16.6,-14.5));
#16030=CARTESIAN_POINT('',(-18.2,-16.6,-14.5));
#16031=CARTESIAN_POINT('Origin',(-20.65,-16.6,-14.5));
#16032=CARTESIAN_POINT('Origin',(20.65,-15.6,-14.5));
#16033=CARTESIAN_POINT('',(23.7,-14.6,-14.5));
#16034=CARTESIAN_POINT('Origin',(20.65,-14.6,-14.5));
#16035=CARTESIAN_POINT('',(23.7,-16.6,-14.5));
#16036=CARTESIAN_POINT('',(23.7,-15.6,-14.5));
#16037=CARTESIAN_POINT('Origin',(20.65,-16.6,-14.5));
#16038=CARTESIAN_POINT('Origin',(20.65,-16.6,-14.5));
#16039=CARTESIAN_POINT('',(23.1,-16.6,-14.5));
#16040=CARTESIAN_POINT('Origin',(20.65,-16.6,-14.5));
#16041=CARTESIAN_POINT('Origin',(20.65,-15.6,64.5));
#16042=CARTESIAN_POINT('',(23.7,-14.6,64.5));
#16043=CARTESIAN_POINT('Origin',(20.65,-14.6,64.5));
#16044=CARTESIAN_POINT('',(23.7,-16.6,64.5));
#16045=CARTESIAN_POINT('',(23.7,-15.6,64.5));
#16046=CARTESIAN_POINT('Origin',(20.65,-16.6,64.5));
#16047=CARTESIAN_POINT('Origin',(20.65,-16.6,64.5));
#16048=CARTESIAN_POINT('',(23.1,-16.6,64.5));
#16049=CARTESIAN_POINT('Origin',(20.65,-16.6,64.5));
#16050=CARTESIAN_POINT('Origin',(-20.65,-15.6,64.5));
#16051=CARTESIAN_POINT('',(-17.6,-14.6,64.5));
#16052=CARTESIAN_POINT('Origin',(-20.65,-14.6,64.5));
#16053=CARTESIAN_POINT('',(-17.6,-16.6,64.5));
#16054=CARTESIAN_POINT('',(-17.6,-15.6,64.5));
#16055=CARTESIAN_POINT('Origin',(-20.65,-16.6,64.5));
#16056=CARTESIAN_POINT('Origin',(-20.65,-16.6,64.5));
#16057=CARTESIAN_POINT('',(-18.2,-16.6,64.5));
#16058=CARTESIAN_POINT('Origin',(-20.65,-16.6,64.5));
#16059=CARTESIAN_POINT('Origin',(20.65,-19.7,-14.5));
#16060=CARTESIAN_POINT('',(23.5960737701816,-21.4,-15.2893980875627));
#16061=CARTESIAN_POINT('',(18.493324317381,-21.4,-16.656675682619));
#16062=CARTESIAN_POINT('Origin',(20.65,-21.4,-14.5));
#16063=CARTESIAN_POINT('',(19.8606019124373,-21.4,-11.5539262298183));
#16064=CARTESIAN_POINT('Origin',(20.65,-21.4,-14.5));
#16065=CARTESIAN_POINT('',(17.7039262298183,-21.4,-13.7106019124373));
#16066=CARTESIAN_POINT('Origin',(20.65,-21.4,-14.5));
#16067=CARTESIAN_POINT('',(17.7039262298183,-18.,-13.7106019124373));
#16068=CARTESIAN_POINT('',(17.7039262298183,-19.7,-13.7106019124373));
#16069=CARTESIAN_POINT('Origin',(20.65,-18.,-14.5));
#16070=CARTESIAN_POINT('Origin',(20.65,-21.4,-14.5));
#16071=CARTESIAN_POINT('Origin',(20.65,-18.,-14.5));
#16072=CARTESIAN_POINT('',(23.1,-18.,-14.5));
#16073=CARTESIAN_POINT('Origin',(20.65,-18.,-14.5));
#16074=CARTESIAN_POINT('Origin',(8.88178419700125E-15,-21.4,25.));
#16075=CARTESIAN_POINT('',(23.7081457042026,-21.4,-14.8711399356938));
#16076=CARTESIAN_POINT('',(27.8979658842293,-21.4,0.765481850743148));
#16077=CARTESIAN_POINT('',(20.2788600643062,-21.4,-11.4418542957973));
#16078=CARTESIAN_POINT('Origin',(21.0035533905933,-21.4,-14.1464466094067));
#16079=CARTESIAN_POINT('',(14.9556166894656,-21.4,-12.8682130592002));
#16080=CARTESIAN_POINT('Origin',(8.88178419700125E-15,-21.4,25.));
#16081=CARTESIAN_POINT('',(18.7995105352289,-21.4,-16.9628619004669));
#16082=CARTESIAN_POINT('',(3.60891742630502,-21.4,-1.7722687915428));
#16083=CARTESIAN_POINT('',(23.4840018361606,-21.4,-15.7076562394316));
#16084=CARTESIAN_POINT('Origin',(20.7794095225512,-21.4,-14.9829629131445));
#16085=CARTESIAN_POINT('',(27.8979658842293,-21.4,0.765481850743148));
#16086=CARTESIAN_POINT('Origin',(8.88178419700125E-15,-21.4,25.));
#16087=CARTESIAN_POINT('',(19.4423437605684,-21.4,-11.6659981638393));
#16088=CARTESIAN_POINT('',(14.9556166894656,-21.4,-12.8682130592002));
#16089=CARTESIAN_POINT('',(18.1871380995331,-21.4,-16.3504894647711));
#16090=CARTESIAN_POINT('Origin',(20.1670370868555,-21.4,-14.3705904774487));
#16091=CARTESIAN_POINT('',(3.60891742630502,-21.4,-1.7722687915428));
#16092=CARTESIAN_POINT('Origin',(-20.65,-19.7,-14.5));
#16093=CARTESIAN_POINT('',(-19.8606019124373,-21.4,-11.5539262298183));
#16094=CARTESIAN_POINT('Origin',(-20.65,-21.4,-14.5));
#16095=CARTESIAN_POINT('Origin',(-20.65,-21.4,-14.5));
#16096=CARTESIAN_POINT('',(-23.5960737701816,-18.,-15.2893980875627));
#16097=CARTESIAN_POINT('',(-23.5960737701816,-19.7,-15.2893980875627));
#16098=CARTESIAN_POINT('Origin',(-20.65,-18.,-14.5));
#16099=CARTESIAN_POINT('Origin',(-20.65,-18.,-14.5));
#16100=CARTESIAN_POINT('',(-18.2,-18.,-14.5));
#16101=CARTESIAN_POINT('Origin',(-20.65,-18.,-14.5));
#16102=CARTESIAN_POINT('Origin',(8.88178419700125E-15,-21.4,25.));
#16103=CARTESIAN_POINT('',(-20.2788600643062,-21.4,-11.4418542957973));
#16104=CARTESIAN_POINT('',(-15.3738748413344,-21.4,-12.7561411251792));
#16105=CARTESIAN_POINT('',(-23.7081457042027,-21.4,-14.8711399356938));
#16106=CARTESIAN_POINT('Origin',(-21.0035533905933,-21.4,-14.1464466094067));
#16107=CARTESIAN_POINT('',(-27.7858939502086,-21.4,0.347223698873723));
#16108=CARTESIAN_POINT('Origin',(8.88178419700125E-15,-21.4,25.));
#16109=CARTESIAN_POINT('',(-18.1871380995331,-21.4,-16.350489464771));
#16110=CARTESIAN_POINT('',(-3.30273120845718,-21.4,-1.46608257369478));
#16111=CARTESIAN_POINT('',(-19.4423437605684,-21.4,-11.6659981638393));
#16112=CARTESIAN_POINT('Origin',(-20.1670370868555,-21.4,-14.3705904774487));
#16113=CARTESIAN_POINT('',(-15.3738748413344,-21.4,-12.7561411251792));
#16114=CARTESIAN_POINT('Origin',(20.65,-19.7,64.5));
#16115=CARTESIAN_POINT('',(19.8606019124373,-21.4,61.5539262298183));
#16116=CARTESIAN_POINT('Origin',(20.65,-21.4,64.5));
#16117=CARTESIAN_POINT('',(17.7039262298184,-21.4,63.7106019124373));
#16118=CARTESIAN_POINT('Origin',(20.65,-21.4,64.5));
#16119=CARTESIAN_POINT('',(17.7039262298184,-18.,63.7106019124373));
#16120=CARTESIAN_POINT('',(17.7039262298184,-19.7,63.7106019124373));
#16121=CARTESIAN_POINT('Origin',(20.65,-18.,64.5));
#16122=CARTESIAN_POINT('Origin',(20.65,-21.4,64.5));
#16123=CARTESIAN_POINT('Origin',(20.65,-18.,64.5));
#16124=CARTESIAN_POINT('',(23.1,-18.,64.5));
#16125=CARTESIAN_POINT('Origin',(20.65,-18.,64.5));
#16126=CARTESIAN_POINT('Origin',(8.88178419700125E-15,-21.4,25.));
#16127=CARTESIAN_POINT('',(20.2788600643063,-21.4,61.4418542957973));
#16128=CARTESIAN_POINT('',(15.3738748413345,-21.4,62.7561411251792));
#16129=CARTESIAN_POINT('',(23.7081457042027,-21.4,64.8711399356938));
#16130=CARTESIAN_POINT('Origin',(21.0035533905933,-21.4,64.1464466094067));
#16131=CARTESIAN_POINT('',(27.7858939502084,-21.4,49.6527763011259));
#16132=CARTESIAN_POINT('Origin',(8.88178419700125E-15,-21.4,25.));
#16133=CARTESIAN_POINT('',(18.1871380995332,-21.4,66.3504894647711));
#16134=CARTESIAN_POINT('',(3.30273120845721,-21.4,51.4660825736947));
#16135=CARTESIAN_POINT('',(19.4423437605685,-21.4,61.6659981638393));
#16136=CARTESIAN_POINT('Origin',(20.1670370868555,-21.4,64.3705904774487));
#16137=CARTESIAN_POINT('',(15.3738748413345,-21.4,62.7561411251792));
#16138=CARTESIAN_POINT('Origin',(-20.65,-19.7,64.5));
#16139=CARTESIAN_POINT('',(-18.493324317381,-21.4,66.656675682619));
#16140=CARTESIAN_POINT('',(-19.8606019124373,-21.4,61.5539262298184));
#16141=CARTESIAN_POINT('Origin',(-20.65,-21.4,64.5));
#16142=CARTESIAN_POINT('',(-23.5960737701816,-21.4,65.2893980875627));
#16143=CARTESIAN_POINT('Origin',(-20.65,-21.4,64.5));
#16144=CARTESIAN_POINT('',(-23.5960737701816,-18.,65.2893980875627));
#16145=CARTESIAN_POINT('',(-23.5960737701816,-19.7,65.2893980875627));
#16146=CARTESIAN_POINT('Origin',(-20.65,-18.,64.5));
#16147=CARTESIAN_POINT('Origin',(-20.65,-21.4,64.5));
#16148=CARTESIAN_POINT('Origin',(-20.65,-18.,64.5));
#16149=CARTESIAN_POINT('',(-18.2,-18.,64.5));
#16150=CARTESIAN_POINT('Origin',(-20.65,-18.,64.5));
#16151=CARTESIAN_POINT('Origin',(8.88178419700125E-15,-21.4,25.));
#16152=CARTESIAN_POINT('',(-18.7995105352289,-21.4,66.9628619004669));
#16153=CARTESIAN_POINT('',(-3.60891742630506,-21.4,51.7722687915427));
#16154=CARTESIAN_POINT('',(-23.4840018361606,-21.4,65.7076562394316));
#16155=CARTESIAN_POINT('Origin',(-20.7794095225513,-21.4,64.9829629131445));
#16156=CARTESIAN_POINT('',(-27.8979658842294,-21.4,49.234518149257));
#16157=CARTESIAN_POINT('Origin',(8.88178419700125E-15,-21.4,25.));
#16158=CARTESIAN_POINT('',(-19.4423437605684,-21.4,61.6659981638394));
#16159=CARTESIAN_POINT('',(-14.9556166894659,-21.4,62.8682130592002));
#16160=CARTESIAN_POINT('',(-18.1871380995331,-21.4,66.3504894647711));
#16161=CARTESIAN_POINT('Origin',(-20.1670370868555,-21.4,64.3705904774488));
#16162=CARTESIAN_POINT('',(-3.60891742630506,-21.4,51.7722687915427));
#16163=CARTESIAN_POINT('Origin',(8.88178419700125E-15,-21.4,25.));
#16164=CARTESIAN_POINT('',(-23.7081457042027,-21.4,64.8711399356938));
#16165=CARTESIAN_POINT('',(-27.8979658842294,-21.4,49.234518149257));
#16166=CARTESIAN_POINT('',(-20.2788600643062,-21.4,61.4418542957973));
#16167=CARTESIAN_POINT('Origin',(-21.0035533905933,-21.4,64.1464466094068));
#16168=CARTESIAN_POINT('',(-14.9556166894659,-21.4,62.8682130592002));
#16169=CARTESIAN_POINT('Origin',(-23.4840018361606,0.,-15.7076562394316));
#16170=CARTESIAN_POINT('',(-23.7081457042027,0.,-14.8711399356938));
#16171=CARTESIAN_POINT('',(-23.4840018361606,0.,-15.7076562394316));
#16172=CARTESIAN_POINT('Origin',(-21.0035533905933,0.,-14.1464466094067));
#16173=CARTESIAN_POINT('',(-20.2788600643062,0.,-11.4418542957973));
#16174=CARTESIAN_POINT('Origin',(-20.7794095225513,0.,-14.9829629131445));
#16175=CARTESIAN_POINT('Origin',(-18.1871380995331,0.,-16.350489464771));
#16176=CARTESIAN_POINT('',(-18.1871380995331,0.,-16.350489464771));
#16177=CARTESIAN_POINT('Origin',(-20.1670370868555,0.,-14.3705904774487));
#16178=CARTESIAN_POINT('',(-19.4423437605684,0.,-11.6659981638393));
#16179=CARTESIAN_POINT('Origin',(-20.2788600643062,0.,-11.4418542957973));
#16180=CARTESIAN_POINT('Origin',(18.1871380995332,0.,66.3504894647711));
#16181=CARTESIAN_POINT('',(18.1871380995332,0.,66.3504894647711));
#16182=CARTESIAN_POINT('Origin',(20.1670370868555,0.,64.3705904774487));
#16183=CARTESIAN_POINT('',(19.4423437605685,0.,61.6659981638393));
#16184=CARTESIAN_POINT('Origin',(20.2788600643063,0.,61.4418542957973));
#16185=CARTESIAN_POINT('',(20.2788600643063,0.,61.4418542957973));
#16186=CARTESIAN_POINT('Origin',(21.0035533905933,0.,64.1464466094067));
#16187=CARTESIAN_POINT('',(23.7081457042027,0.,64.8711399356938));
#16188=CARTESIAN_POINT('Origin',(23.4840018361607,0.,65.7076562394316));
#16189=CARTESIAN_POINT('Origin',(20.7794095225512,0.,-14.9829629131445));
#16190=CARTESIAN_POINT('',(18.7995105352289,0.,-16.9628619004669));
#16191=CARTESIAN_POINT('',(23.4840018361606,0.,-15.7076562394316));
#16192=CARTESIAN_POINT('Origin',(20.1670370868555,0.,-14.3705904774487));
#16193=CARTESIAN_POINT('',(19.4423437605684,0.,-11.6659981638393));
#16194=CARTESIAN_POINT('',(18.1871380995331,0.,-16.3504894647711));
#16195=CARTESIAN_POINT('Origin',(18.7995105352289,0.,-16.9628619004669));
#16196=CARTESIAN_POINT('Origin',(23.7081457042026,0.,-14.8711399356938));
#16197=CARTESIAN_POINT('',(23.7081457042026,0.,-14.8711399356938));
#16198=CARTESIAN_POINT('Origin',(21.0035533905933,0.,-14.1464466094067));
#16199=CARTESIAN_POINT('',(20.2788600643062,0.,-11.4418542957973));
#16200=CARTESIAN_POINT('Origin',(19.4423437605684,0.,-11.6659981638393));
#16201=CARTESIAN_POINT('Origin',(-21.0035533905933,0.,64.1464466094068));
#16202=CARTESIAN_POINT('',(-23.7081457042027,0.,64.8711399356938));
#16203=CARTESIAN_POINT('',(-20.2788600643062,0.,61.4418542957973));
#16204=CARTESIAN_POINT('Origin',(-23.7081457042027,0.,64.8711399356938));
#16205=CARTESIAN_POINT('',(-23.4840018361606,0.,65.7076562394316));
#16206=CARTESIAN_POINT('Origin',(-20.7794095225513,0.,64.9829629131445));
#16207=CARTESIAN_POINT('',(-18.7995105352289,0.,66.9628619004669));
#16208=CARTESIAN_POINT('Origin',(-19.4423437605684,0.,61.6659981638394));
#16209=CARTESIAN_POINT('',(-19.4423437605684,0.,61.6659981638394));
#16210=CARTESIAN_POINT('Origin',(-20.1670370868555,0.,64.3705904774488));
#16211=CARTESIAN_POINT('',(-18.1871380995331,0.,66.3504894647711));
#16212=CARTESIAN_POINT('Origin',(-18.7995105352289,0.,66.9628619004669));
#16213=CARTESIAN_POINT('Origin',(-22.4428169448777,-1.18871341321238E-15,
24.8090880535843));
#16214=CARTESIAN_POINT('Origin',(-20.65,0.,64.5));
#16215=CARTESIAN_POINT('',(-18.2,0.,64.5));
#16216=CARTESIAN_POINT('Origin',(-20.65,0.,-14.5));
#16217=CARTESIAN_POINT('',(-18.2,0.,-14.5));
#16218=CARTESIAN_POINT('Origin',(20.65,0.,64.5));
#16219=CARTESIAN_POINT('',(23.1,0.,64.5));
#16220=CARTESIAN_POINT('Origin',(20.65,0.,-14.5));
#16221=CARTESIAN_POINT('',(23.1,0.,-14.5));
#16222=CARTESIAN_POINT('Origin',(1.11022302462516E-14,-14.6,25.));
#16223=CARTESIAN_POINT('Origin',(1.11022302462516E-14,-14.6,25.));
#16224=CARTESIAN_POINT('Origin',(1.11022302462516E-14,-14.6,25.));
#16225=CARTESIAN_POINT('Origin',(1.11022302462516E-14,-14.6,25.));
#16226=CARTESIAN_POINT('Origin',(-19.,-19.6,25.));
#16227=CARTESIAN_POINT('Origin',(22.55,-19.6,25.));
#16228=CARTESIAN_POINT('',(15.,-19.6,25.));
#16229=CARTESIAN_POINT('Origin',(24.9,-24.8,25.));
#16230=CARTESIAN_POINT('Origin',(15.,-19.6,25.));
#16231=CARTESIAN_POINT('Origin',(-18.8,-14.2,25.));
#16232=CARTESIAN_POINT('',(0.,0.,0.));
#16233=CARTESIAN_POINT('',(0.,0.,0.));
#16234=CARTESIAN_POINT('Origin',(6.25,0.124999999999996,0.));
#16235=CARTESIAN_POINT('',(5.79174243050441,0.324999999999995,4.6));
#16236=CARTESIAN_POINT('',(5.79174243050441,0.324999999999995,4.5));
#16237=CARTESIAN_POINT('',(5.79174243050442,0.325,0.));
#16238=CARTESIAN_POINT('',(6.70825756949558,0.325,4.6));
#16239=CARTESIAN_POINT('Origin',(6.25,0.124999999999996,4.6));
#16240=CARTESIAN_POINT('',(6.70825756949558,0.325,4.5));
#16241=CARTESIAN_POINT('',(6.70825756949558,0.325,0.));
#16242=CARTESIAN_POINT('Origin',(6.25,0.124999999999996,4.5));
#16243=CARTESIAN_POINT('Origin',(6.25,-0.0740566037735888,4.5));
#16244=CARTESIAN_POINT('',(5.603125,-1.175,4.5));
#16245=CARTESIAN_POINT('',(5.625,-1.,4.5));
#16246=CARTESIAN_POINT('',(5.625,-1.,4.5));
#16247=CARTESIAN_POINT('',(5.15,-1.175,4.5));
#16248=CARTESIAN_POINT('',(5.15,-1.175,4.5));
#16249=CARTESIAN_POINT('',(5.15,1.425,4.5));
#16250=CARTESIAN_POINT('',(5.15,1.425,4.5));
#16251=CARTESIAN_POINT('',(5.7,1.425,4.5));
#16252=CARTESIAN_POINT('',(7.35,1.425,4.5));
#16253=CARTESIAN_POINT('',(5.7,0.325,4.5));
#16254=CARTESIAN_POINT('',(5.7,0.125471698113206,4.5));
#16255=CARTESIAN_POINT('',(6.525,0.325,4.5));
#16256=CARTESIAN_POINT('',(6.8,0.325,4.5));
#16257=CARTESIAN_POINT('',(6.525,0.325,4.5));
#16258=CARTESIAN_POINT('',(6.8,1.425,4.5));
#16259=CARTESIAN_POINT('',(6.8,0.675471698113206,4.5));
#16260=CARTESIAN_POINT('',(7.35,1.425,4.5));
#16261=CARTESIAN_POINT('',(7.35,1.425,4.5));
#16262=CARTESIAN_POINT('',(7.35,-1.175,4.5));
#16263=CARTESIAN_POINT('',(7.35,-1.175,4.5));
#16264=CARTESIAN_POINT('',(6.896875,-1.175,4.5));
#16265=CARTESIAN_POINT('',(6.81,-1.175,4.5));
#16266=CARTESIAN_POINT('',(6.875,-1.,4.5));
#16267=CARTESIAN_POINT('',(7.,-2.,4.5));
#16268=CARTESIAN_POINT('',(6.875,-1.,4.5));
#16269=CARTESIAN_POINT('Origin',(6.25,0.124999999999996,4.6));
#16270=CARTESIAN_POINT('',(6.525,0.325,4.6));
#16271=CARTESIAN_POINT('Origin',(6.81,-1.175,0.));
#16272=CARTESIAN_POINT('',(6.81,-1.175,0.));
#16273=CARTESIAN_POINT('',(7.35,-1.175,0.));
#16274=CARTESIAN_POINT('',(3.405,-1.175,0.));
#16275=CARTESIAN_POINT('',(6.81,-1.175,4.5));
#16276=CARTESIAN_POINT('',(6.81,-1.175,0.));
#16277=CARTESIAN_POINT('',(6.53,-1.175,4.5));
#16278=CARTESIAN_POINT('',(7.35,-1.175,0.));
#16279=CARTESIAN_POINT('Origin',(6.81,-1.675,0.));
#16280=CARTESIAN_POINT('',(6.81,-1.675,0.));
#16281=CARTESIAN_POINT('',(6.81,-0.837500000000002,0.));
#16282=CARTESIAN_POINT('',(6.81,-1.675,4.5));
#16283=CARTESIAN_POINT('',(6.81,-1.675,0.));
#16284=CARTESIAN_POINT('',(6.81,-1.60061492076653,4.5));
#16285=CARTESIAN_POINT('Origin',(5.69,-1.675,0.));
#16286=CARTESIAN_POINT('',(5.69,-1.675,0.));
#16287=CARTESIAN_POINT('',(2.845,-1.675,0.));
#16288=CARTESIAN_POINT('',(5.69,-1.675,4.5));
#16289=CARTESIAN_POINT('',(5.69,-1.675,0.));
#16290=CARTESIAN_POINT('',(5.97,-1.675,4.5));
#16291=CARTESIAN_POINT('Origin',(5.69,-1.175,0.));
#16292=CARTESIAN_POINT('',(5.69,-1.175,0.));
#16293=CARTESIAN_POINT('',(5.69,-0.587500000000002,0.));
#16294=CARTESIAN_POINT('',(5.69,-1.175,4.5));
#16295=CARTESIAN_POINT('',(5.69,-1.175,0.));
#16296=CARTESIAN_POINT('',(5.69,-1.35061492076653,4.5));
#16297=CARTESIAN_POINT('Origin',(5.15,-1.175,0.));
#16298=CARTESIAN_POINT('',(5.15,-1.175,0.));
#16299=CARTESIAN_POINT('',(2.575,-1.175,0.));
#16300=CARTESIAN_POINT('',(5.15,-1.175,0.));
#16301=CARTESIAN_POINT('',(5.7,-1.175,4.5));
#16302=CARTESIAN_POINT('Origin',(5.15,1.425,0.));
#16303=CARTESIAN_POINT('',(5.15,1.425,0.));
#16304=CARTESIAN_POINT('',(5.15,0.712499999999997,0.));
#16305=CARTESIAN_POINT('',(5.15,1.425,0.));
#16306=CARTESIAN_POINT('Origin',(7.35,-1.175,0.));
#16307=CARTESIAN_POINT('',(7.35,1.425,0.));
#16308=CARTESIAN_POINT('',(7.35,-0.5875,0.));
#16309=CARTESIAN_POINT('',(7.35,1.425,0.));
#16310=CARTESIAN_POINT('Origin',(3.75,0.124999999999997,0.));
#16311=CARTESIAN_POINT('',(3.29174243050441,0.324999999999996,4.6));
#16312=CARTESIAN_POINT('',(3.29174243050441,0.324999999999996,4.5));
#16313=CARTESIAN_POINT('',(3.29174243050442,0.325,0.));
#16314=CARTESIAN_POINT('',(4.20825756949558,0.325,4.6));
#16315=CARTESIAN_POINT('Origin',(3.75,0.124999999999997,4.6));
#16316=CARTESIAN_POINT('',(4.20825756949558,0.325,4.5));
#16317=CARTESIAN_POINT('',(4.20825756949558,0.325,0.));
#16318=CARTESIAN_POINT('Origin',(3.75,0.124999999999997,4.5));
#16319=CARTESIAN_POINT('Origin',(3.75,-0.0740566037735882,4.5));
#16320=CARTESIAN_POINT('',(3.103125,-1.175,4.5));
#16321=CARTESIAN_POINT('',(3.125,-1.,4.5));
#16322=CARTESIAN_POINT('',(3.125,-1.,4.5));
#16323=CARTESIAN_POINT('',(2.65,-1.175,4.5));
#16324=CARTESIAN_POINT('',(2.65,-1.175,4.5));
#16325=CARTESIAN_POINT('',(2.65,1.425,4.5));
#16326=CARTESIAN_POINT('',(2.65,1.425,4.5));
#16327=CARTESIAN_POINT('',(3.2,1.425,4.5));
#16328=CARTESIAN_POINT('',(4.85,1.425,4.5));
#16329=CARTESIAN_POINT('',(3.2,0.325,4.5));
#16330=CARTESIAN_POINT('',(3.2,0.125471698113206,4.5));
#16331=CARTESIAN_POINT('',(4.025,0.325,4.5));
#16332=CARTESIAN_POINT('',(4.3,0.325,4.5));
#16333=CARTESIAN_POINT('',(4.025,0.325,4.5));
#16334=CARTESIAN_POINT('',(4.3,1.425,4.5));
#16335=CARTESIAN_POINT('',(4.3,0.675471698113206,4.5));
#16336=CARTESIAN_POINT('',(4.85,1.425,4.5));
#16337=CARTESIAN_POINT('',(4.85,1.425,4.5));
#16338=CARTESIAN_POINT('',(4.85,-1.175,4.5));
#16339=CARTESIAN_POINT('',(4.85,-1.175,4.5));
#16340=CARTESIAN_POINT('',(4.396875,-1.175,4.5));
#16341=CARTESIAN_POINT('',(4.31,-1.175,4.5));
#16342=CARTESIAN_POINT('',(4.375,-1.,4.5));
#16343=CARTESIAN_POINT('',(4.5,-2.,4.5));
#16344=CARTESIAN_POINT('',(4.375,-1.,4.5));
#16345=CARTESIAN_POINT('Origin',(3.75,0.124999999999997,4.6));
#16346=CARTESIAN_POINT('',(4.025,0.325,4.6));
#16347=CARTESIAN_POINT('Origin',(4.31,-1.175,0.));
#16348=CARTESIAN_POINT('',(4.31,-1.175,0.));
#16349=CARTESIAN_POINT('',(4.85,-1.175,0.));
#16350=CARTESIAN_POINT('',(2.155,-1.175,0.));
#16351=CARTESIAN_POINT('',(4.31,-1.175,4.5));
#16352=CARTESIAN_POINT('',(4.31,-1.175,0.));
#16353=CARTESIAN_POINT('',(4.03,-1.175,4.5));
#16354=CARTESIAN_POINT('',(4.85,-1.175,0.));
#16355=CARTESIAN_POINT('Origin',(4.31,-1.675,0.));
#16356=CARTESIAN_POINT('',(4.31,-1.675,0.));
#16357=CARTESIAN_POINT('',(4.31,-0.837500000000001,0.));
#16358=CARTESIAN_POINT('',(4.31,-1.675,4.5));
#16359=CARTESIAN_POINT('',(4.31,-1.675,0.));
#16360=CARTESIAN_POINT('',(4.31,-1.60061492076653,4.5));
#16361=CARTESIAN_POINT('Origin',(3.19,-1.675,0.));
#16362=CARTESIAN_POINT('',(3.19,-1.675,0.));
#16363=CARTESIAN_POINT('',(1.595,-1.675,0.));
#16364=CARTESIAN_POINT('',(3.19,-1.675,4.5));
#16365=CARTESIAN_POINT('',(3.19,-1.675,0.));
#16366=CARTESIAN_POINT('',(3.47,-1.675,4.5));
#16367=CARTESIAN_POINT('Origin',(3.19,-1.175,0.));
#16368=CARTESIAN_POINT('',(3.19,-1.175,0.));
#16369=CARTESIAN_POINT('',(3.19,-0.587500000000002,0.));
#16370=CARTESIAN_POINT('',(3.19,-1.175,4.5));
#16371=CARTESIAN_POINT('',(3.19,-1.175,0.));
#16372=CARTESIAN_POINT('',(3.19,-1.35061492076653,4.5));
#16373=CARTESIAN_POINT('Origin',(2.65,-1.175,0.));
#16374=CARTESIAN_POINT('',(2.65,-1.175,0.));
#16375=CARTESIAN_POINT('',(1.325,-1.175,0.));
#16376=CARTESIAN_POINT('',(2.65,-1.175,0.));
#16377=CARTESIAN_POINT('',(3.2,-1.175,4.5));
#16378=CARTESIAN_POINT('Origin',(2.65,1.425,0.));
#16379=CARTESIAN_POINT('',(2.65,1.425,0.));
#16380=CARTESIAN_POINT('',(2.65,0.712499999999998,0.));
#16381=CARTESIAN_POINT('',(2.65,1.425,0.));
#16382=CARTESIAN_POINT('Origin',(4.85,-1.175,0.));
#16383=CARTESIAN_POINT('',(4.85,1.425,0.));
#16384=CARTESIAN_POINT('',(4.85,-0.587500000000001,0.));
#16385=CARTESIAN_POINT('',(4.85,1.425,0.));
#16386=CARTESIAN_POINT('Origin',(1.25,0.124999999999997,0.));
#16387=CARTESIAN_POINT('',(0.791742430504414,0.324999999999996,4.6));
#16388=CARTESIAN_POINT('',(0.791742430504414,0.324999999999996,4.5));
#16389=CARTESIAN_POINT('',(0.791742430504415,0.324999999999999,0.));
#16390=CARTESIAN_POINT('',(1.70825756949558,0.325,4.6));
#16391=CARTESIAN_POINT('Origin',(1.25,0.124999999999997,4.6));
#16392=CARTESIAN_POINT('',(1.70825756949558,0.325,4.5));
#16393=CARTESIAN_POINT('',(1.70825756949558,0.325,0.));
#16394=CARTESIAN_POINT('Origin',(1.25,0.124999999999997,4.5));
#16395=CARTESIAN_POINT('Origin',(1.25,-0.0740566037735875,4.5));
#16396=CARTESIAN_POINT('',(0.603125,-1.175,4.5));
#16397=CARTESIAN_POINT('',(0.625,-1.,4.5));
#16398=CARTESIAN_POINT('',(0.625,-1.,4.5));
#16399=CARTESIAN_POINT('',(0.149999999999998,-1.175,4.5));
#16400=CARTESIAN_POINT('',(0.149999999999998,-1.175,4.5));
#16401=CARTESIAN_POINT('',(0.149999999999999,1.425,4.5));
#16402=CARTESIAN_POINT('',(0.149999999999999,1.425,4.5));
#16403=CARTESIAN_POINT('',(0.699999999999999,1.425,4.5));
#16404=CARTESIAN_POINT('',(2.35,1.425,4.5));
#16405=CARTESIAN_POINT('',(0.699999999999999,0.324999999999999,4.5));
#16406=CARTESIAN_POINT('',(0.699999999999999,0.125471698113206,4.5));
#16407=CARTESIAN_POINT('',(1.525,0.324999999999999,4.5));
#16408=CARTESIAN_POINT('',(1.8,0.325,4.5));
#16409=CARTESIAN_POINT('',(1.525,0.324999999999999,4.5));
#16410=CARTESIAN_POINT('',(1.8,1.425,4.5));
#16411=CARTESIAN_POINT('',(1.8,0.675471698113206,4.5));
#16412=CARTESIAN_POINT('',(2.35,1.425,4.5));
#16413=CARTESIAN_POINT('',(2.35,1.425,4.5));
#16414=CARTESIAN_POINT('',(2.35,-1.175,4.5));
#16415=CARTESIAN_POINT('',(2.35,-1.175,4.5));
#16416=CARTESIAN_POINT('',(1.896875,-1.175,4.5));
#16417=CARTESIAN_POINT('',(1.81,-1.175,4.5));
#16418=CARTESIAN_POINT('',(1.875,-1.,4.5));
#16419=CARTESIAN_POINT('',(2.,-2.,4.5));
#16420=CARTESIAN_POINT('',(1.875,-1.,4.5));
#16421=CARTESIAN_POINT('Origin',(1.25,0.124999999999997,4.6));
#16422=CARTESIAN_POINT('',(1.525,0.324999999999999,4.6));
#16423=CARTESIAN_POINT('Origin',(1.81,-1.175,0.));
#16424=CARTESIAN_POINT('',(1.81,-1.175,0.));
#16425=CARTESIAN_POINT('',(2.35,-1.175,0.));
#16426=CARTESIAN_POINT('',(0.905000000000001,-1.175,0.));
#16427=CARTESIAN_POINT('',(1.81,-1.175,4.5));
#16428=CARTESIAN_POINT('',(1.81,-1.175,0.));
#16429=CARTESIAN_POINT('',(1.53,-1.175,4.5));
#16430=CARTESIAN_POINT('',(2.35,-1.175,0.));
#16431=CARTESIAN_POINT('Origin',(1.81,-1.675,0.));
#16432=CARTESIAN_POINT('',(1.81,-1.675,0.));
#16433=CARTESIAN_POINT('',(1.81,-0.837500000000001,0.));
#16434=CARTESIAN_POINT('',(1.81,-1.675,4.5));
#16435=CARTESIAN_POINT('',(1.81,-1.675,0.));
#16436=CARTESIAN_POINT('',(1.81,-1.60061492076653,4.5));
#16437=CARTESIAN_POINT('Origin',(0.689999999999998,-1.675,0.));
#16438=CARTESIAN_POINT('',(0.689999999999998,-1.675,0.));
#16439=CARTESIAN_POINT('',(0.345,-1.675,0.));
#16440=CARTESIAN_POINT('',(0.689999999999998,-1.675,4.5));
#16441=CARTESIAN_POINT('',(0.689999999999998,-1.675,0.));
#16442=CARTESIAN_POINT('',(0.969999999999999,-1.675,4.5));
#16443=CARTESIAN_POINT('Origin',(0.689999999999998,-1.175,0.));
#16444=CARTESIAN_POINT('',(0.689999999999998,-1.175,0.));
#16445=CARTESIAN_POINT('',(0.689999999999998,-0.587500000000001,0.));
#16446=CARTESIAN_POINT('',(0.689999999999998,-1.175,4.5));
#16447=CARTESIAN_POINT('',(0.689999999999998,-1.175,0.));
#16448=CARTESIAN_POINT('',(0.689999999999998,-1.35061492076653,4.5));
#16449=CARTESIAN_POINT('Origin',(0.149999999999998,-1.175,0.));
#16450=CARTESIAN_POINT('',(0.149999999999998,-1.175,0.));
#16451=CARTESIAN_POINT('',(0.0749999999999999,-1.175,0.));
#16452=CARTESIAN_POINT('',(0.149999999999998,-1.175,0.));
#16453=CARTESIAN_POINT('',(0.699999999999999,-1.175,4.5));
#16454=CARTESIAN_POINT('Origin',(0.149999999999999,1.425,0.));
#16455=CARTESIAN_POINT('',(0.149999999999999,1.425,0.));
#16456=CARTESIAN_POINT('',(0.149999999999998,0.712499999999999,0.));
#16457=CARTESIAN_POINT('',(0.149999999999999,1.425,0.));
#16458=CARTESIAN_POINT('Origin',(2.35,-1.175,0.));
#16459=CARTESIAN_POINT('',(2.35,1.425,0.));
#16460=CARTESIAN_POINT('',(2.35,-0.587500000000001,0.));
#16461=CARTESIAN_POINT('',(2.35,1.425,0.));
#16462=CARTESIAN_POINT('Origin',(-1.25,0.124999999999998,0.));
#16463=CARTESIAN_POINT('',(-1.70825756949559,0.324999999999997,4.6));
#16464=CARTESIAN_POINT('',(-1.70825756949559,0.324999999999997,4.5));
#16465=CARTESIAN_POINT('',(-1.70825756949558,0.324999999999999,0.));
#16466=CARTESIAN_POINT('',(-0.791742430504417,0.324999999999999,4.6));
#16467=CARTESIAN_POINT('Origin',(-1.25,0.124999999999998,4.6));
#16468=CARTESIAN_POINT('',(-0.791742430504417,0.324999999999999,4.5));
#16469=CARTESIAN_POINT('',(-0.791742430504417,0.324999999999999,0.));
#16470=CARTESIAN_POINT('Origin',(-1.25,0.124999999999998,4.5));
#16471=CARTESIAN_POINT('Origin',(-1.25,-0.0740566037735869,4.5));
#16472=CARTESIAN_POINT('',(-1.896875,-1.175,4.5));
#16473=CARTESIAN_POINT('',(-1.875,-1.,4.5));
#16474=CARTESIAN_POINT('',(-1.875,-1.,4.5));
#16475=CARTESIAN_POINT('',(-2.35,-1.175,4.5));
#16476=CARTESIAN_POINT('',(-2.35,-1.175,4.5));
#16477=CARTESIAN_POINT('',(-2.35,1.425,4.5));
#16478=CARTESIAN_POINT('',(-2.35,1.425,4.5));
#16479=CARTESIAN_POINT('',(-1.8,1.425,4.5));
#16480=CARTESIAN_POINT('',(-0.15,1.425,4.5));
#16481=CARTESIAN_POINT('',(-1.8,0.324999999999999,4.5));
#16482=CARTESIAN_POINT('',(-1.8,0.125471698113206,4.5));
#16483=CARTESIAN_POINT('',(-0.974999999999999,0.324999999999999,4.5));
#16484=CARTESIAN_POINT('',(-0.7,0.324999999999999,4.5));
#16485=CARTESIAN_POINT('',(-0.974999999999999,0.324999999999999,4.5));
#16486=CARTESIAN_POINT('',(-0.7,1.425,4.5));
#16487=CARTESIAN_POINT('',(-0.7,0.675471698113206,4.5));
#16488=CARTESIAN_POINT('',(-0.15,1.425,4.5));
#16489=CARTESIAN_POINT('',(-0.15,1.425,4.5));
#16490=CARTESIAN_POINT('',(-0.149999999999999,-1.175,4.5));
#16491=CARTESIAN_POINT('',(-0.149999999999999,-1.175,4.5));
#16492=CARTESIAN_POINT('',(-0.603125,-1.175,4.5));
#16493=CARTESIAN_POINT('',(-0.69,-1.175,4.5));
#16494=CARTESIAN_POINT('',(-0.625,-1.,4.5));
#16495=CARTESIAN_POINT('',(-0.5,-2.,4.5));
#16496=CARTESIAN_POINT('',(-0.625,-1.,4.5));
#16497=CARTESIAN_POINT('Origin',(-1.25,0.124999999999998,4.6));
#16498=CARTESIAN_POINT('',(-0.975,0.324999999999999,4.6));
#16499=CARTESIAN_POINT('Origin',(-0.69,-1.175,0.));
#16500=CARTESIAN_POINT('',(-0.69,-1.175,0.));
#16501=CARTESIAN_POINT('',(-0.149999999999999,-1.175,0.));
#16502=CARTESIAN_POINT('',(-0.344999999999999,-1.175,0.));
#16503=CARTESIAN_POINT('',(-0.69,-1.175,4.5));
#16504=CARTESIAN_POINT('',(-0.69,-1.175,0.));
#16505=CARTESIAN_POINT('',(-0.97,-1.175,4.5));
#16506=CARTESIAN_POINT('',(-0.149999999999999,-1.175,0.));
#16507=CARTESIAN_POINT('Origin',(-0.69,-1.675,0.));
#16508=CARTESIAN_POINT('',(-0.69,-1.675,0.));
#16509=CARTESIAN_POINT('',(-0.69,-0.837500000000001,0.));
#16510=CARTESIAN_POINT('',(-0.69,-1.675,4.5));
#16511=CARTESIAN_POINT('',(-0.69,-1.675,0.));
#16512=CARTESIAN_POINT('',(-0.69,-1.60061492076653,4.5));
#16513=CARTESIAN_POINT('Origin',(-1.81,-1.675,0.));
#16514=CARTESIAN_POINT('',(-1.81,-1.675,0.));
#16515=CARTESIAN_POINT('',(-0.904999999999999,-1.675,0.));
#16516=CARTESIAN_POINT('',(-1.81,-1.675,4.5));
#16517=CARTESIAN_POINT('',(-1.81,-1.675,0.));
#16518=CARTESIAN_POINT('',(-1.53,-1.675,4.5));
#16519=CARTESIAN_POINT('Origin',(-1.81,-1.175,0.));
#16520=CARTESIAN_POINT('',(-1.81,-1.175,0.));
#16521=CARTESIAN_POINT('',(-1.81,-0.587500000000001,0.));
#16522=CARTESIAN_POINT('',(-1.81,-1.175,4.5));
#16523=CARTESIAN_POINT('',(-1.81,-1.175,0.));
#16524=CARTESIAN_POINT('',(-1.81,-1.35061492076653,4.5));
#16525=CARTESIAN_POINT('Origin',(-2.35,-1.175,0.));
#16526=CARTESIAN_POINT('',(-2.35,-1.175,0.));
#16527=CARTESIAN_POINT('',(-1.175,-1.175,0.));
#16528=CARTESIAN_POINT('',(-2.35,-1.175,0.));
#16529=CARTESIAN_POINT('',(-1.8,-1.175,4.5));
#16530=CARTESIAN_POINT('Origin',(-2.35,1.425,0.));
#16531=CARTESIAN_POINT('',(-2.35,1.425,0.));
#16532=CARTESIAN_POINT('',(-2.35,0.7125,0.));
#16533=CARTESIAN_POINT('',(-2.35,1.425,0.));
#16534=CARTESIAN_POINT('Origin',(-0.149999999999999,-1.175,0.));
#16535=CARTESIAN_POINT('',(-0.15,1.425,0.));
#16536=CARTESIAN_POINT('',(-0.15,-0.587500000000001,0.));
#16537=CARTESIAN_POINT('',(-0.15,1.425,0.));
#16538=CARTESIAN_POINT('Origin',(-3.75,0.124999999999999,0.));
#16539=CARTESIAN_POINT('',(-4.20825756949558,0.324999999999998,4.6));
#16540=CARTESIAN_POINT('',(-4.20825756949558,0.324999999999998,4.5));
#16541=CARTESIAN_POINT('',(-4.20825756949558,0.324999999999999,0.));
#16542=CARTESIAN_POINT('',(-3.29174243050442,0.324999999999999,4.6));
#16543=CARTESIAN_POINT('Origin',(-3.75,0.124999999999999,4.6));
#16544=CARTESIAN_POINT('',(-3.29174243050442,0.324999999999999,4.5));
#16545=CARTESIAN_POINT('',(-3.29174243050442,0.324999999999999,0.));
#16546=CARTESIAN_POINT('Origin',(-3.75,0.124999999999999,4.5));
#16547=CARTESIAN_POINT('Origin',(-3.75,-0.0740566037735862,4.5));
#16548=CARTESIAN_POINT('',(-4.396875,-1.175,4.5));
#16549=CARTESIAN_POINT('',(-4.375,-1.,4.5));
#16550=CARTESIAN_POINT('',(-4.375,-1.,4.5));
#16551=CARTESIAN_POINT('',(-4.85,-1.175,4.5));
#16552=CARTESIAN_POINT('',(-4.85,-1.175,4.5));
#16553=CARTESIAN_POINT('',(-4.85,1.425,4.5));
#16554=CARTESIAN_POINT('',(-4.85,1.425,4.5));
#16555=CARTESIAN_POINT('',(-4.3,1.425,4.5));
#16556=CARTESIAN_POINT('',(-2.65,1.425,4.5));
#16557=CARTESIAN_POINT('',(-4.3,0.324999999999999,4.5));
#16558=CARTESIAN_POINT('',(-4.3,0.125471698113206,4.5));
#16559=CARTESIAN_POINT('',(-3.475,0.324999999999999,4.5));
#16560=CARTESIAN_POINT('',(-3.2,0.324999999999999,4.5));
#16561=CARTESIAN_POINT('',(-3.475,0.324999999999999,4.5));
#16562=CARTESIAN_POINT('',(-3.2,1.425,4.5));
#16563=CARTESIAN_POINT('',(-3.2,0.675471698113206,4.5));
#16564=CARTESIAN_POINT('',(-2.65,1.425,4.5));
#16565=CARTESIAN_POINT('',(-2.65,1.425,4.5));
#16566=CARTESIAN_POINT('',(-2.65,-1.175,4.5));
#16567=CARTESIAN_POINT('',(-2.65,-1.175,4.5));
#16568=CARTESIAN_POINT('',(-3.103125,-1.175,4.5));
#16569=CARTESIAN_POINT('',(-3.19,-1.175,4.5));
#16570=CARTESIAN_POINT('',(-3.125,-1.,4.5));
#16571=CARTESIAN_POINT('',(-3.,-2.,4.5));
#16572=CARTESIAN_POINT('',(-3.125,-1.,4.5));
#16573=CARTESIAN_POINT('Origin',(-3.75,0.124999999999999,4.6));
#16574=CARTESIAN_POINT('',(-3.475,0.324999999999999,4.6));
#16575=CARTESIAN_POINT('Origin',(-3.19,-1.175,0.));
#16576=CARTESIAN_POINT('',(-3.19,-1.175,0.));
#16577=CARTESIAN_POINT('',(-2.65,-1.175,0.));
#16578=CARTESIAN_POINT('',(-1.595,-1.175,0.));
#16579=CARTESIAN_POINT('',(-3.19,-1.175,4.5));
#16580=CARTESIAN_POINT('',(-3.19,-1.175,0.));
#16581=CARTESIAN_POINT('',(-3.47,-1.175,4.5));
#16582=CARTESIAN_POINT('',(-2.65,-1.175,0.));
#16583=CARTESIAN_POINT('Origin',(-3.19,-1.675,0.));
#16584=CARTESIAN_POINT('',(-3.19,-1.675,0.));
#16585=CARTESIAN_POINT('',(-3.19,-0.8375,0.));
#16586=CARTESIAN_POINT('',(-3.19,-1.675,4.5));
#16587=CARTESIAN_POINT('',(-3.19,-1.675,0.));
#16588=CARTESIAN_POINT('',(-3.19,-1.60061492076653,4.5));
#16589=CARTESIAN_POINT('Origin',(-4.31,-1.675,0.));
#16590=CARTESIAN_POINT('',(-4.31,-1.675,0.));
#16591=CARTESIAN_POINT('',(-2.155,-1.675,0.));
#16592=CARTESIAN_POINT('',(-4.31,-1.675,4.5));
#16593=CARTESIAN_POINT('',(-4.31,-1.675,0.));
#16594=CARTESIAN_POINT('',(-4.03,-1.675,4.5));
#16595=CARTESIAN_POINT('Origin',(-4.31,-1.175,0.));
#16596=CARTESIAN_POINT('',(-4.31,-1.175,0.));
#16597=CARTESIAN_POINT('',(-4.31,-0.587500000000001,0.));
#16598=CARTESIAN_POINT('',(-4.31,-1.175,4.5));
#16599=CARTESIAN_POINT('',(-4.31,-1.175,0.));
#16600=CARTESIAN_POINT('',(-4.31,-1.35061492076653,4.5));
#16601=CARTESIAN_POINT('Origin',(-4.85,-1.175,0.));
#16602=CARTESIAN_POINT('',(-4.85,-1.175,0.));
#16603=CARTESIAN_POINT('',(-2.425,-1.175,0.));
#16604=CARTESIAN_POINT('',(-4.85,-1.175,0.));
#16605=CARTESIAN_POINT('',(-4.3,-1.175,4.5));
#16606=CARTESIAN_POINT('Origin',(-4.85,1.425,0.));
#16607=CARTESIAN_POINT('',(-4.85,1.425,0.));
#16608=CARTESIAN_POINT('',(-4.85,0.7125,0.));
#16609=CARTESIAN_POINT('',(-4.85,1.425,0.));
#16610=CARTESIAN_POINT('Origin',(-2.65,-1.175,0.));
#16611=CARTESIAN_POINT('',(-2.65,1.425,0.));
#16612=CARTESIAN_POINT('',(-2.65,-0.587500000000001,0.));
#16613=CARTESIAN_POINT('',(-2.65,1.425,0.));
#16614=CARTESIAN_POINT('Origin',(5.7,0.325,7.5));
#16615=CARTESIAN_POINT('',(5.7,1.425,7.5));
#16616=CARTESIAN_POINT('',(5.7,1.425,7.5));
#16617=CARTESIAN_POINT('',(5.7,0.325,7.5));
#16618=CARTESIAN_POINT('',(5.7,0.1625,7.5));
#16619=CARTESIAN_POINT('',(5.7,0.325,7.5));
#16620=CARTESIAN_POINT('Origin',(5.7,1.425,7.5));
#16621=CARTESIAN_POINT('',(6.8,1.425,7.5));
#16622=CARTESIAN_POINT('',(6.8,1.425,7.5));
#16623=CARTESIAN_POINT('',(2.85,1.425,7.5));
#16624=CARTESIAN_POINT('',(3.675,1.425,0.));
#16625=CARTESIAN_POINT('Origin',(3.2,0.325,7.5));
#16626=CARTESIAN_POINT('',(3.2,1.425,7.5));
#16627=CARTESIAN_POINT('',(3.2,1.425,7.5));
#16628=CARTESIAN_POINT('',(3.2,0.325,7.5));
#16629=CARTESIAN_POINT('',(3.2,0.1625,7.5));
#16630=CARTESIAN_POINT('',(3.2,0.325,7.5));
#16631=CARTESIAN_POINT('Origin',(3.2,1.425,7.5));
#16632=CARTESIAN_POINT('',(4.3,1.425,7.5));
#16633=CARTESIAN_POINT('',(4.3,1.425,7.5));
#16634=CARTESIAN_POINT('',(1.6,1.425,7.5));
#16635=CARTESIAN_POINT('',(2.425,1.425,0.));
#16636=CARTESIAN_POINT('Origin',(0.699999999999999,0.324999999999999,7.5));
#16637=CARTESIAN_POINT('',(0.699999999999999,1.425,7.5));
#16638=CARTESIAN_POINT('',(0.699999999999999,1.425,7.5));
#16639=CARTESIAN_POINT('',(0.699999999999999,0.324999999999999,7.5));
#16640=CARTESIAN_POINT('',(0.699999999999999,0.1625,7.5));
#16641=CARTESIAN_POINT('',(0.699999999999999,0.324999999999999,7.5));
#16642=CARTESIAN_POINT('Origin',(0.699999999999999,1.425,7.5));
#16643=CARTESIAN_POINT('',(1.8,1.425,7.5));
#16644=CARTESIAN_POINT('',(1.8,1.425,7.5));
#16645=CARTESIAN_POINT('',(0.350000000000001,1.425,7.5));
#16646=CARTESIAN_POINT('',(1.175,1.425,0.));
#16647=CARTESIAN_POINT('Origin',(-1.8,0.324999999999999,7.5));
#16648=CARTESIAN_POINT('',(-1.8,1.425,7.5));
#16649=CARTESIAN_POINT('',(-1.8,1.425,7.5));
#16650=CARTESIAN_POINT('',(-1.8,0.324999999999999,7.5));
#16651=CARTESIAN_POINT('',(-1.8,0.1625,7.5));
#16652=CARTESIAN_POINT('',(-1.8,0.324999999999999,7.5));
#16653=CARTESIAN_POINT('Origin',(-1.8,1.425,7.5));
#16654=CARTESIAN_POINT('',(-0.7,1.425,7.5));
#16655=CARTESIAN_POINT('',(-0.7,1.425,7.5));
#16656=CARTESIAN_POINT('',(-0.899999999999999,1.425,7.5));
#16657=CARTESIAN_POINT('',(-0.0749999999999992,1.425,0.));
#16658=CARTESIAN_POINT('Origin',(-4.3,0.324999999999999,7.5));
#16659=CARTESIAN_POINT('',(-4.3,1.425,7.5));
#16660=CARTESIAN_POINT('',(-4.3,1.425,7.5));
#16661=CARTESIAN_POINT('',(-4.3,0.324999999999999,7.5));
#16662=CARTESIAN_POINT('',(-4.3,0.162499999999999,7.5));
#16663=CARTESIAN_POINT('',(-4.3,0.324999999999999,7.5));
#16664=CARTESIAN_POINT('Origin',(-4.3,1.425,7.5));
#16665=CARTESIAN_POINT('',(-3.2,1.425,7.5));
#16666=CARTESIAN_POINT('',(-3.2,1.425,7.5));
#16667=CARTESIAN_POINT('',(-2.15,1.425,7.5));
#16668=CARTESIAN_POINT('',(-1.325,1.425,0.));
#16669=CARTESIAN_POINT('Origin',(2.11874623020068E-15,4.94374120380159E-17,
0.));
#16670=CARTESIAN_POINT('',(8.025,-0.350000000000002,0.));
#16671=CARTESIAN_POINT('',(8.525,-0.700000000000003,0.));
#16672=CARTESIAN_POINT('',(5.4998322147651,1.41761744966443,0.));
#16673=CARTESIAN_POINT('',(8.525,-2.7,0.));
#16674=CARTESIAN_POINT('',(8.525,2.,0.));
#16675=CARTESIAN_POINT('',(-8.525,-2.7,0.));
#16676=CARTESIAN_POINT('',(8.525,-2.7,0.));
#16677=CARTESIAN_POINT('',(-8.525,2.,0.));
#16678=CARTESIAN_POINT('',(-8.525,-2.7,0.));
#16679=CARTESIAN_POINT('',(-6.23196721311476,2.,0.));
#16680=CARTESIAN_POINT('',(-8.525,2.,0.));
#16681=CARTESIAN_POINT('',(-6.23196721311476,2.85,0.));
#16682=CARTESIAN_POINT('',(-6.23196721311476,2.,0.));
#16683=CARTESIAN_POINT('',(6.23196721311476,2.85,0.));
#16684=CARTESIAN_POINT('',(6.23196721311476,2.85,0.));
#16685=CARTESIAN_POINT('',(6.23196721311476,2.,0.));
#16686=CARTESIAN_POINT('',(6.23196721311476,2.,0.));
#16687=CARTESIAN_POINT('',(8.525,2.,0.));
#16688=CARTESIAN_POINT('',(-8.525,2.,0.));
#16689=CARTESIAN_POINT('',(8.525,-8.32667268468867E-16,0.));
#16690=CARTESIAN_POINT('',(8.525,2.,0.));
#16691=CARTESIAN_POINT('',(5.41426174496645,-2.17751677852349,0.));
#16692=CARTESIAN_POINT('',(-5.15,1.425,0.));
#16693=CARTESIAN_POINT('',(-7.35,1.425,0.));
#16694=CARTESIAN_POINT('',(-2.575,1.425,0.));
#16695=CARTESIAN_POINT('',(-7.35,-1.175,0.));
#16696=CARTESIAN_POINT('',(-7.35,0.712500000000001,0.));
#16697=CARTESIAN_POINT('',(-6.81,-1.175,0.));
#16698=CARTESIAN_POINT('',(-3.675,-1.175,0.));
#16699=CARTESIAN_POINT('',(-6.81,-1.675,0.));
#16700=CARTESIAN_POINT('',(-6.81,-0.5875,0.));
#16701=CARTESIAN_POINT('',(-5.69,-1.675,0.));
#16702=CARTESIAN_POINT('',(-3.405,-1.675,0.));
#16703=CARTESIAN_POINT('',(-5.69,-1.175,0.));
#16704=CARTESIAN_POINT('',(-5.69,-0.8375,0.));
#16705=CARTESIAN_POINT('',(-5.15,-1.175,0.));
#16706=CARTESIAN_POINT('',(-2.845,-1.175,0.));
#16707=CARTESIAN_POINT('',(-5.15,-0.587500000000001,0.));
#16708=CARTESIAN_POINT('Origin',(-6.25,0.124999999999999,0.));
#16709=CARTESIAN_POINT('',(-6.70825756949558,0.324999999999998,4.6));
#16710=CARTESIAN_POINT('',(-6.70825756949558,0.324999999999998,4.5));
#16711=CARTESIAN_POINT('',(-6.70825756949558,0.324999999999998,0.));
#16712=CARTESIAN_POINT('',(-5.79174243050442,0.324999999999999,4.6));
#16713=CARTESIAN_POINT('Origin',(-6.25,0.124999999999999,4.6));
#16714=CARTESIAN_POINT('',(-5.79174243050442,0.324999999999999,4.5));
#16715=CARTESIAN_POINT('',(-5.79174243050442,0.324999999999999,0.));
#16716=CARTESIAN_POINT('Origin',(-6.25,0.124999999999999,4.5));
#16717=CARTESIAN_POINT('Origin',(-6.25,-0.0740566037735856,4.5));
#16718=CARTESIAN_POINT('',(-5.7,0.324999999999999,4.5));
#16719=CARTESIAN_POINT('',(-5.975,0.324999999999999,4.5));
#16720=CARTESIAN_POINT('',(-5.7,1.425,4.5));
#16721=CARTESIAN_POINT('',(-5.7,0.675471698113207,4.5));
#16722=CARTESIAN_POINT('',(-5.15,1.425,4.5));
#16723=CARTESIAN_POINT('',(-5.15,1.425,4.5));
#16724=CARTESIAN_POINT('',(-5.15,-1.175,4.5));
#16725=CARTESIAN_POINT('',(-5.15,-1.175,4.5));
#16726=CARTESIAN_POINT('',(-5.603125,-1.175,4.5));
#16727=CARTESIAN_POINT('',(-5.69,-1.175,4.5));
#16728=CARTESIAN_POINT('',(-5.625,-1.,4.5));
#16729=CARTESIAN_POINT('',(-5.5,-2.,4.5));
#16730=CARTESIAN_POINT('',(-6.875,-1.,4.5));
#16731=CARTESIAN_POINT('',(-5.625,-1.,4.5));
#16732=CARTESIAN_POINT('',(-6.896875,-1.175,4.5));
#16733=CARTESIAN_POINT('',(-6.875,-1.,4.5));
#16734=CARTESIAN_POINT('',(-7.35,-1.175,4.5));
#16735=CARTESIAN_POINT('',(-7.35,-1.175,4.5));
#16736=CARTESIAN_POINT('',(-7.35,1.425,4.5));
#16737=CARTESIAN_POINT('',(-7.35,1.425,4.5));
#16738=CARTESIAN_POINT('',(-6.8,1.425,4.5));
#16739=CARTESIAN_POINT('',(-5.15,1.425,4.5));
#16740=CARTESIAN_POINT('',(-6.8,0.324999999999998,4.5));
#16741=CARTESIAN_POINT('',(-6.8,0.125471698113206,4.5));
#16742=CARTESIAN_POINT('',(-5.975,0.324999999999999,4.5));
#16743=CARTESIAN_POINT('Origin',(-6.25,0.124999999999999,4.6));
#16744=CARTESIAN_POINT('',(-5.975,0.324999999999999,4.6));
#16745=CARTESIAN_POINT('Origin',(2.22044604925031E-15,0.,7.5));
#16746=CARTESIAN_POINT('',(-7.825,-0.250000000000002,7.5));
#16747=CARTESIAN_POINT('',(7.825,-0.249999999999999,7.5));
#16748=CARTESIAN_POINT('',(3.9125,-0.25,7.5));
#16749=CARTESIAN_POINT('',(7.825,2.,7.5));
#16750=CARTESIAN_POINT('',(7.825,-2.,7.5));
#16751=CARTESIAN_POINT('',(-7.825,2.,7.5));
#16752=CARTESIAN_POINT('',(7.825,2.,7.5));
#16753=CARTESIAN_POINT('',(-7.825,2.,7.5));
#16754=CARTESIAN_POINT('',(-5.7,0.324999999999999,7.5));
#16755=CARTESIAN_POINT('',(-6.8,0.324999999999998,7.5));
#16756=CARTESIAN_POINT('',(-2.85,0.324999999999999,7.5));
#16757=CARTESIAN_POINT('',(-6.8,1.425,7.5));
#16758=CARTESIAN_POINT('',(-6.8,0.162499999999999,7.5));
#16759=CARTESIAN_POINT('',(-5.7,1.425,7.5));
#16760=CARTESIAN_POINT('',(-3.4,1.425,7.5));
#16761=CARTESIAN_POINT('',(-5.7,0.712499999999999,7.5));
#16762=CARTESIAN_POINT('',(-3.2,0.324999999999999,7.5));
#16763=CARTESIAN_POINT('',(-3.2,0.712499999999999,7.5));
#16764=CARTESIAN_POINT('',(-1.6,0.324999999999999,7.5));
#16765=CARTESIAN_POINT('',(-0.7,0.324999999999999,7.5));
#16766=CARTESIAN_POINT('',(-0.7,0.7125,7.5));
#16767=CARTESIAN_POINT('',(-0.349999999999999,0.324999999999999,7.5));
#16768=CARTESIAN_POINT('',(1.8,0.325,7.5));
#16769=CARTESIAN_POINT('',(1.8,0.7125,7.5));
#16770=CARTESIAN_POINT('',(0.900000000000001,0.324999999999999,7.5));
#16771=CARTESIAN_POINT('',(4.3,0.325,7.5));
#16772=CARTESIAN_POINT('',(4.3,0.7125,7.5));
#16773=CARTESIAN_POINT('',(2.15,0.325,7.5));
#16774=CARTESIAN_POINT('',(6.8,0.325,7.5));
#16775=CARTESIAN_POINT('',(6.8,0.7125,7.5));
#16776=CARTESIAN_POINT('',(3.4,0.325,7.5));
#16777=CARTESIAN_POINT('Origin',(7.825,-0.249999999999999,7.5));
#16778=CARTESIAN_POINT('',(7.825,-0.249999999999999,7.75));
#16779=CARTESIAN_POINT('',(-7.825,-0.250000000000002,7.75));
#16780=CARTESIAN_POINT('',(7.825,-0.249999999999999,7.75));
#16781=CARTESIAN_POINT('',(7.825,-0.249999999999999,7.5));
#16782=CARTESIAN_POINT('',(-7.825,-0.250000000000002,7.5));
#16783=CARTESIAN_POINT('Origin',(2.22044604925031E-15,-1.125,7.75));
#16784=CARTESIAN_POINT('',(-7.825,-2.,7.75));
#16785=CARTESIAN_POINT('',(-7.825,-0.250000000000002,7.75));
#16786=CARTESIAN_POINT('',(-7.,-2.,7.75));
#16787=CARTESIAN_POINT('',(-7.825,-2.,7.75));
#16788=CARTESIAN_POINT('',(-6.875,-1.,7.75));
#16789=CARTESIAN_POINT('',(-6.89230769230769,-1.13846153846154,7.75));
#16790=CARTESIAN_POINT('',(-5.625,-1.,7.75));
#16791=CARTESIAN_POINT('',(-3.4375,-1.,7.75));
#16792=CARTESIAN_POINT('',(-5.5,-2.,7.75));
#16793=CARTESIAN_POINT('',(-5.57403846153846,-1.40769230769231,7.75));
#16794=CARTESIAN_POINT('',(-4.5,-2.,7.75));
#16795=CARTESIAN_POINT('',(-7.825,-2.,7.75));
#16796=CARTESIAN_POINT('',(-4.375,-1.,7.75));
#16797=CARTESIAN_POINT('',(-4.41153846153846,-1.29230769230769,7.75));
#16798=CARTESIAN_POINT('',(-3.125,-1.,7.75));
#16799=CARTESIAN_POINT('',(-2.1875,-1.,7.75));
#16800=CARTESIAN_POINT('',(-3.,-2.,7.75));
#16801=CARTESIAN_POINT('',(-3.09326923076923,-1.25384615384615,7.75));
#16802=CARTESIAN_POINT('',(-2.,-2.,7.75));
#16803=CARTESIAN_POINT('',(-7.825,-2.,7.75));
#16804=CARTESIAN_POINT('',(-1.875,-1.,7.75));
#16805=CARTESIAN_POINT('',(-1.93076923076923,-1.44615384615385,7.75));
#16806=CARTESIAN_POINT('',(-0.625,-1.,7.75));
#16807=CARTESIAN_POINT('',(-0.937499999999999,-1.,7.75));
#16808=CARTESIAN_POINT('',(-0.5,-2.,7.75));
#16809=CARTESIAN_POINT('',(-0.6125,-1.1,7.75));
#16810=CARTESIAN_POINT('',(0.5,-2.,7.75));
#16811=CARTESIAN_POINT('',(-7.825,-2.,7.75));
#16812=CARTESIAN_POINT('',(0.625,-1.,7.75));
#16813=CARTESIAN_POINT('',(0.55,-1.6,7.75));
#16814=CARTESIAN_POINT('',(1.875,-1.,7.75));
#16815=CARTESIAN_POINT('',(0.312500000000001,-1.,7.75));
#16816=CARTESIAN_POINT('',(2.,-2.,7.75));
#16817=CARTESIAN_POINT('',(1.86826923076923,-0.946153846153848,7.75));
#16818=CARTESIAN_POINT('',(3.,-2.,7.75));
#16819=CARTESIAN_POINT('',(-7.825,-2.,7.75));
#16820=CARTESIAN_POINT('',(3.125,-1.,7.75));
#16821=CARTESIAN_POINT('',(3.03076923076923,-1.75384615384615,7.75));
#16822=CARTESIAN_POINT('',(4.375,-1.,7.75));
#16823=CARTESIAN_POINT('',(1.5625,-1.,7.75));
#16824=CARTESIAN_POINT('',(4.5,-2.,7.75));
#16825=CARTESIAN_POINT('',(4.34903846153846,-0.792307692307694,7.75));
#16826=CARTESIAN_POINT('',(5.5,-2.,7.75));
#16827=CARTESIAN_POINT('',(-7.825,-2.,7.75));
#16828=CARTESIAN_POINT('',(5.625,-1.,7.75));
#16829=CARTESIAN_POINT('',(5.51153846153846,-1.90769230769231,7.75));
#16830=CARTESIAN_POINT('',(6.875,-1.,7.75));
#16831=CARTESIAN_POINT('',(2.8125,-1.,7.75));
#16832=CARTESIAN_POINT('',(7.,-2.,7.75));
#16833=CARTESIAN_POINT('',(6.82980769230769,-0.638461538461541,7.75));
#16834=CARTESIAN_POINT('',(7.825,-2.,7.75));
#16835=CARTESIAN_POINT('',(-7.825,-2.,7.75));
#16836=CARTESIAN_POINT('',(7.825,-2.,7.75));
#16837=CARTESIAN_POINT('Origin',(-5.5,2.,3.95));
#16838=CARTESIAN_POINT('',(-5.5,2.,0.9));
#16839=CARTESIAN_POINT('',(-5.5,2.,6.15));
#16840=CARTESIAN_POINT('',(-5.5,2.,1.975));
#16841=CARTESIAN_POINT('',(-5.5,2.85,0.9));
#16842=CARTESIAN_POINT('',(-5.5,2.,0.9));
#16843=CARTESIAN_POINT('',(-5.5,2.85,6.15));
#16844=CARTESIAN_POINT('',(-5.5,2.85,0.9));
#16845=CARTESIAN_POINT('',(-5.5,2.,6.15));
#16846=CARTESIAN_POINT('Origin',(-6.8,1.425,7.5));
#16847=CARTESIAN_POINT('',(-7.35,1.425,0.));
#16848=CARTESIAN_POINT('',(-5.15,1.425,0.));
#16849=CARTESIAN_POINT('',(-5.7,1.425,7.5));
#16850=CARTESIAN_POINT('',(-6.8,1.425,7.5));
#16851=CARTESIAN_POINT('Origin',(-3.75,-1.52622984153305,4.5));
#16852=CARTESIAN_POINT('',(-4.5,-2.,4.5));
#16853=CARTESIAN_POINT('',(-4.375,-1.,4.5));
#16854=CARTESIAN_POINT('',(-3.,-2.,4.5));
#16855=CARTESIAN_POINT('',(-5.7875,-2.,4.5));
#16856=CARTESIAN_POINT('',(-3.,-2.,4.5));
#16857=CARTESIAN_POINT('Origin',(-6.8,0.324999999999998,7.5));
#16858=CARTESIAN_POINT('',(-6.8,0.324999999999998,7.5));
#16859=CARTESIAN_POINT('Origin',(-4.5,-2.,7.75));
#16860=CARTESIAN_POINT('',(-4.5,-2.,3.875));
#16861=CARTESIAN_POINT('',(-4.375,-1.,7.75));
#16862=CARTESIAN_POINT('Origin',(-5.625,-1.,7.75));
#16863=CARTESIAN_POINT('',(-5.625,-1.,7.75));
#16864=CARTESIAN_POINT('',(-5.5,-2.,4.5));
#16865=CARTESIAN_POINT('',(-5.5,-2.,4.5));
#16866=CARTESIAN_POINT('',(-5.5,-2.,3.875));
#16867=CARTESIAN_POINT('Origin',(-5.69,-1.175,0.));
#16868=CARTESIAN_POINT('',(-5.69,-1.175,4.5));
#16869=CARTESIAN_POINT('',(-5.69,-1.175,0.));
#16870=CARTESIAN_POINT('',(-5.97,-1.175,4.5));
#16871=CARTESIAN_POINT('',(-5.15,-1.175,0.));
#16872=CARTESIAN_POINT('Origin',(-5.69,-1.675,0.));
#16873=CARTESIAN_POINT('',(-5.69,-1.675,4.5));
#16874=CARTESIAN_POINT('',(-5.69,-1.675,0.));
#16875=CARTESIAN_POINT('',(-5.69,-1.60061492076653,4.5));
#16876=CARTESIAN_POINT('Origin',(-6.81,-1.675,0.));
#16877=CARTESIAN_POINT('',(-6.81,-1.675,4.5));
#16878=CARTESIAN_POINT('',(-6.81,-1.675,0.));
#16879=CARTESIAN_POINT('',(-6.53,-1.675,4.5));
#16880=CARTESIAN_POINT('Origin',(-6.81,-1.175,0.));
#16881=CARTESIAN_POINT('',(-6.81,-1.175,4.5));
#16882=CARTESIAN_POINT('',(-6.81,-1.175,0.));
#16883=CARTESIAN_POINT('',(-6.81,-1.35061492076653,4.5));
#16884=CARTESIAN_POINT('Origin',(-7.35,-1.175,0.));
#16885=CARTESIAN_POINT('',(-7.35,-1.175,0.));
#16886=CARTESIAN_POINT('',(-6.8,-1.175,4.5));
#16887=CARTESIAN_POINT('Origin',(-7.35,1.425,0.));
#16888=CARTESIAN_POINT('Origin',(-5.15,-1.175,0.));
#16889=CARTESIAN_POINT('Origin',(-6.75,2.,3.95));
#16890=CARTESIAN_POINT('',(-6.75,2.,3.95));
#16891=CARTESIAN_POINT('',(-6.37214002642008,2.,1.0688177014531));
#16892=CARTESIAN_POINT('',(-6.75,2.85,3.95));
#16893=CARTESIAN_POINT('',(-6.75,2.,3.95));
#16894=CARTESIAN_POINT('',(-6.75,2.85,3.95));
#16895=CARTESIAN_POINT('Origin',(-7.15,2.,3.95));
#16896=CARTESIAN_POINT('',(-7.15,2.,3.95));
#16897=CARTESIAN_POINT('',(0.337499999999999,2.,3.95));
#16898=CARTESIAN_POINT('',(-7.15,2.85,3.95));
#16899=CARTESIAN_POINT('',(-7.15,2.,3.95));
#16900=CARTESIAN_POINT('',(-7.15,2.85,3.95));
#16901=CARTESIAN_POINT('Origin',(-6.68237556432595,2.,6.15));
#16902=CARTESIAN_POINT('',(-6.68237556432595,2.,6.15));
#16903=CARTESIAN_POINT('',(-6.99417602424981,2.,4.68309416809296));
#16904=CARTESIAN_POINT('',(-6.68237556432595,2.85,6.15));
#16905=CARTESIAN_POINT('',(-6.68237556432595,2.,6.15));
#16906=CARTESIAN_POINT('',(-6.68237556432595,2.85,6.15));
#16907=CARTESIAN_POINT('Origin',(-5.5,2.,6.15));
#16908=CARTESIAN_POINT('',(1.1625,2.,6.15));
#16909=CARTESIAN_POINT('',(-5.5,2.85,6.15));
#16910=CARTESIAN_POINT('Origin',(5.5,2.,0.9));
#16911=CARTESIAN_POINT('',(5.5,2.,0.9));
#16912=CARTESIAN_POINT('',(5.5,2.85,0.9));
#16913=CARTESIAN_POINT('',(5.5,2.,0.9));
#16914=CARTESIAN_POINT('',(-2.22044604925031E-15,2.85,0.9));
#16915=CARTESIAN_POINT('',(6.6625,2.,0.900000000000001));
#16916=CARTESIAN_POINT('Origin',(6.75,2.,3.95));
#16917=CARTESIAN_POINT('',(6.75,2.,3.95));
#16918=CARTESIAN_POINT('',(6.50445178335535,2.,2.07769484808454));
#16919=CARTESIAN_POINT('',(6.75,2.85,3.95));
#16920=CARTESIAN_POINT('',(6.75,2.85,3.95));
#16921=CARTESIAN_POINT('',(6.75,2.,3.95));
#16922=CARTESIAN_POINT('Origin',(7.15,2.,3.95));
#16923=CARTESIAN_POINT('',(7.15,2.85,3.95));
#16924=CARTESIAN_POINT('',(7.15,2.85,3.95));
#16925=CARTESIAN_POINT('',(7.15,2.,3.95));
#16926=CARTESIAN_POINT('',(7.15,2.,3.95));
#16927=CARTESIAN_POINT('',(7.4875,2.,3.95));
#16928=CARTESIAN_POINT('Origin',(6.68237556432595,2.,6.15));
#16929=CARTESIAN_POINT('',(6.68237556432595,2.,6.15));
#16930=CARTESIAN_POINT('',(7.33242942122314,2.,3.09173705205889));
#16931=CARTESIAN_POINT('',(6.68237556432595,2.85,6.15));
#16932=CARTESIAN_POINT('',(6.68237556432595,2.85,6.15));
#16933=CARTESIAN_POINT('',(6.68237556432595,2.,6.15));
#16934=CARTESIAN_POINT('Origin',(5.5,2.,6.15));
#16935=CARTESIAN_POINT('',(5.5,2.,6.15));
#16936=CARTESIAN_POINT('',(6.6625,2.,6.15));
#16937=CARTESIAN_POINT('',(5.5,2.85,6.15));
#16938=CARTESIAN_POINT('',(5.5,2.85,6.15));
#16939=CARTESIAN_POINT('',(5.5,2.,6.15));
#16940=CARTESIAN_POINT('Origin',(5.5,2.,3.95));
#16941=CARTESIAN_POINT('',(5.5,2.,1.975));
#16942=CARTESIAN_POINT('',(5.5,2.85,0.9));
#16943=CARTESIAN_POINT('Origin',(6.22038121825726,2.85,4.97935725851233));
#16944=CARTESIAN_POINT('Origin',(7.825,2.,0.));
#16945=CARTESIAN_POINT('',(-7.825,2.,0.9));
#16946=CARTESIAN_POINT('',(-7.825,2.,0.));
#16947=CARTESIAN_POINT('',(7.825,2.,0.9));
#16948=CARTESIAN_POINT('',(7.825,2.,0.));
#16949=CARTESIAN_POINT('',(8.525,2.,0.9));
#16950=CARTESIAN_POINT('',(-8.525,2.,0.9));
#16951=CARTESIAN_POINT('',(8.525,2.,0.));
#16952=CARTESIAN_POINT('',(-8.525,2.,0.9));
#16953=CARTESIAN_POINT('',(-8.525,2.,0.));
#16954=CARTESIAN_POINT('',(-8.525,2.,0.9));
#16955=CARTESIAN_POINT('Origin',(6.8,0.325,7.5));
#16956=CARTESIAN_POINT('',(6.8,0.325,7.5));
#16957=CARTESIAN_POINT('Origin',(6.8,1.425,7.5));
#16958=CARTESIAN_POINT('Origin',(4.3,0.325,7.5));
#16959=CARTESIAN_POINT('',(4.3,0.325,7.5));
#16960=CARTESIAN_POINT('Origin',(4.3,1.425,7.5));
#16961=CARTESIAN_POINT('Origin',(1.8,0.325,7.5));
#16962=CARTESIAN_POINT('',(1.8,0.325,7.5));
#16963=CARTESIAN_POINT('Origin',(1.8,1.425,7.5));
#16964=CARTESIAN_POINT('Origin',(-0.7,0.324999999999999,7.5));
#16965=CARTESIAN_POINT('',(-0.7,0.324999999999999,7.5));
#16966=CARTESIAN_POINT('Origin',(-0.7,1.425,7.5));
#16967=CARTESIAN_POINT('Origin',(-3.2,0.324999999999999,7.5));
#16968=CARTESIAN_POINT('',(-3.2,0.324999999999999,7.5));
#16969=CARTESIAN_POINT('Origin',(-3.2,1.425,7.5));
#16970=CARTESIAN_POINT('Origin',(-5.7,0.324999999999999,7.5));
#16971=CARTESIAN_POINT('',(-5.7,0.324999999999999,7.5));
#16972=CARTESIAN_POINT('Origin',(-5.7,1.425,7.5));
#16973=CARTESIAN_POINT('Origin',(6.875,-1.,7.75));
#16974=CARTESIAN_POINT('',(6.875,-1.,7.75));
#16975=CARTESIAN_POINT('',(7.,-2.,4.5));
#16976=CARTESIAN_POINT('',(7.,-2.,4.5));
#16977=CARTESIAN_POINT('',(7.,-2.,3.875));
#16978=CARTESIAN_POINT('Origin',(5.625,-1.,7.75));
#16979=CARTESIAN_POINT('',(5.625,-1.,7.75));
#16980=CARTESIAN_POINT('Origin',(5.5,-2.,7.75));
#16981=CARTESIAN_POINT('',(5.5,-2.,4.5));
#16982=CARTESIAN_POINT('',(5.5,-2.,3.875));
#16983=CARTESIAN_POINT('',(5.625,-1.,4.5));
#16984=CARTESIAN_POINT('Origin',(6.25,-1.52622984153305,4.5));
#16985=CARTESIAN_POINT('',(-0.787499999999999,-2.,4.5));
#16986=CARTESIAN_POINT('Origin',(4.375,-1.,7.75));
#16987=CARTESIAN_POINT('',(4.375,-1.,7.75));
#16988=CARTESIAN_POINT('',(4.5,-2.,4.5));
#16989=CARTESIAN_POINT('',(4.5,-2.,4.5));
#16990=CARTESIAN_POINT('',(4.5,-2.,3.875));
#16991=CARTESIAN_POINT('Origin',(3.125,-1.,7.75));
#16992=CARTESIAN_POINT('',(3.125,-1.,7.75));
#16993=CARTESIAN_POINT('Origin',(3.,-2.,7.75));
#16994=CARTESIAN_POINT('',(3.,-2.,4.5));
#16995=CARTESIAN_POINT('',(3.,-2.,3.875));
#16996=CARTESIAN_POINT('',(3.125,-1.,4.5));
#16997=CARTESIAN_POINT('Origin',(3.75,-1.52622984153305,4.5));
#16998=CARTESIAN_POINT('',(-2.0375,-2.,4.5));
#16999=CARTESIAN_POINT('Origin',(1.875,-1.,7.75));
#17000=CARTESIAN_POINT('',(1.875,-1.,7.75));
#17001=CARTESIAN_POINT('',(2.,-2.,4.5));
#17002=CARTESIAN_POINT('',(2.,-2.,4.5));
#17003=CARTESIAN_POINT('',(2.,-2.,3.875));
#17004=CARTESIAN_POINT('Origin',(0.625,-1.,7.75));
#17005=CARTESIAN_POINT('',(0.625,-1.,7.75));
#17006=CARTESIAN_POINT('Origin',(0.5,-2.,7.75));
#17007=CARTESIAN_POINT('',(0.5,-2.,4.5));
#17008=CARTESIAN_POINT('',(0.500000000000001,-2.,3.875));
#17009=CARTESIAN_POINT('',(0.625,-1.,4.5));
#17010=CARTESIAN_POINT('Origin',(1.25,-1.52622984153305,4.5));
#17011=CARTESIAN_POINT('',(-3.2875,-2.,4.5));
#17012=CARTESIAN_POINT('Origin',(-0.625,-1.,7.75));
#17013=CARTESIAN_POINT('',(-0.625,-1.,7.75));
#17014=CARTESIAN_POINT('',(-0.5,-2.,4.5));
#17015=CARTESIAN_POINT('',(-0.5,-2.,4.5));
#17016=CARTESIAN_POINT('',(-0.5,-2.,3.875));
#17017=CARTESIAN_POINT('Origin',(-1.875,-1.,7.75));
#17018=CARTESIAN_POINT('',(-1.875,-1.,7.75));
#17019=CARTESIAN_POINT('Origin',(-2.,-2.,7.75));
#17020=CARTESIAN_POINT('',(-2.,-2.,4.5));
#17021=CARTESIAN_POINT('',(-2.,-2.,3.875));
#17022=CARTESIAN_POINT('',(-1.875,-1.,4.5));
#17023=CARTESIAN_POINT('Origin',(-1.25,-1.52622984153305,4.5));
#17024=CARTESIAN_POINT('',(-4.5375,-2.,4.5));
#17025=CARTESIAN_POINT('Origin',(-3.125,-1.,7.75));
#17026=CARTESIAN_POINT('',(-3.125,-1.,7.75));
#17027=CARTESIAN_POINT('',(-3.,-2.,3.875));
#17028=CARTESIAN_POINT('Origin',(-4.375,-1.,7.75));
#17029=CARTESIAN_POINT('Origin',(-6.875,-1.,7.75));
#17030=CARTESIAN_POINT('',(-6.875,-1.,7.75));
#17031=CARTESIAN_POINT('Origin',(-7.,-2.,7.75));
#17032=CARTESIAN_POINT('',(-7.,-2.,4.5));
#17033=CARTESIAN_POINT('',(-7.,-2.,3.875));
#17034=CARTESIAN_POINT('',(-6.875,-1.,4.5));
#17035=CARTESIAN_POINT('Origin',(-6.25,-1.52622984153305,4.5));
#17036=CARTESIAN_POINT('',(-7.0375,-2.,4.5));
#17037=CARTESIAN_POINT('Origin',(8.525,-0.700000000000002,0.9));
#17038=CARTESIAN_POINT('',(8.025,-0.350000000000002,0.9));
#17039=CARTESIAN_POINT('',(8.025,-0.350000000000002,0.9));
#17040=CARTESIAN_POINT('',(8.525,-0.700000000000002,0.9));
#17041=CARTESIAN_POINT('',(5.58204697986577,1.36006711409396,0.9));
#17042=CARTESIAN_POINT('',(8.525,-0.700000000000002,0.45));
#17043=CARTESIAN_POINT('Origin',(8.025,-0.350000000000002,0.9));
#17044=CARTESIAN_POINT('',(8.525,-1.80411241501588E-15,0.9));
#17045=CARTESIAN_POINT('',(8.525,-1.45716771982052E-15,0.45));
#17046=CARTESIAN_POINT('',(5.33204697986578,-2.23506711409396,0.9));
#17047=CARTESIAN_POINT('Origin',(8.525,-2.7,0.));
#17048=CARTESIAN_POINT('',(8.525,2.,0.9));
#17049=CARTESIAN_POINT('Origin',(8.525,-2.7,0.));
#17050=CARTESIAN_POINT('',(8.525,-2.7,0.9));
#17051=CARTESIAN_POINT('',(8.525,2.,0.9));
#17052=CARTESIAN_POINT('',(8.525,-2.7,0.));
#17053=CARTESIAN_POINT('Origin',(2.22044604925031E-15,-0.35,0.9));
#17054=CARTESIAN_POINT('',(7.825,-2.,0.9));
#17055=CARTESIAN_POINT('',(7.825,-1.175,0.9));
#17056=CARTESIAN_POINT('',(-7.825,-2.,0.9));
#17057=CARTESIAN_POINT('',(-3.9125,-2.,0.9));
#17058=CARTESIAN_POINT('',(-7.825,0.825000000000001,0.9));
#17059=CARTESIAN_POINT('',(-8.525,-2.7,0.9));
#17060=CARTESIAN_POINT('',(-8.525,-2.7,0.9));
#17061=CARTESIAN_POINT('',(8.525,-2.7,0.9));
#17062=CARTESIAN_POINT('Origin',(-8.525,-2.7,0.));
#17063=CARTESIAN_POINT('',(-8.525,-2.7,0.));
#17064=CARTESIAN_POINT('Origin',(-8.525,2.,0.));
#17065=CARTESIAN_POINT('Origin',(-7.825,2.,0.));
#17066=CARTESIAN_POINT('',(-7.825,-2.,0.));
#17067=CARTESIAN_POINT('Origin',(-7.825,-2.,0.));
#17068=CARTESIAN_POINT('',(7.825,-2.,0.));
#17069=CARTESIAN_POINT('Origin',(7.825,-2.,0.));
#17070=CARTESIAN_POINT('',(0.,0.,0.));
#17071=CARTESIAN_POINT('Origin',(0.,0.,-25.));
#17072=CARTESIAN_POINT('',(-0.8,-9.79717439317883E-17,-25.));
#17073=CARTESIAN_POINT('Origin',(0.,0.,-25.));
#17074=CARTESIAN_POINT('Origin',(0.,0.,0.));
#17075=CARTESIAN_POINT('',(-0.8,-9.79717439317883E-17,25.));
#17076=CARTESIAN_POINT('Origin',(0.,0.,25.));
#17077=CARTESIAN_POINT('',(-0.8,-9.79717439317883E-17,0.));
#17078=CARTESIAN_POINT('Origin',(0.,0.,25.));
#17079=CARTESIAN_POINT('',(0.,0.,0.));
#17080=CARTESIAN_POINT('Origin',(0.,0.,-25.));
#17081=CARTESIAN_POINT('',(-0.8,-9.79717439317883E-17,-25.));
#17082=CARTESIAN_POINT('Origin',(0.,0.,-25.));
#17083=CARTESIAN_POINT('Origin',(0.,0.,0.));
#17084=CARTESIAN_POINT('',(-0.8,-9.79717439317883E-17,25.));
#17085=CARTESIAN_POINT('Origin',(0.,0.,25.));
#17086=CARTESIAN_POINT('',(-0.8,-9.79717439317883E-17,0.));
#17087=CARTESIAN_POINT('Origin',(0.,0.,25.));
#17088=CARTESIAN_POINT('',(0.,0.,0.));
#17089=CARTESIAN_POINT('',(4.86861942817476E-45,-5.50000749491062E-14,-120.));
#17090=CARTESIAN_POINT('',(6.25,0.124999999999997,-20.5));
#17091=CARTESIAN_POINT('',(3.75,0.124999999999996,-20.5));
#17092=CARTESIAN_POINT('',(-3.75,0.124999999999998,-20.5));
#17093=CARTESIAN_POINT('',(-6.25,0.124999999999998,-20.5));
#17094=CARTESIAN_POINT('',(-6.24999999999998,-0.125000000000069,-99.4999999999998));
#17095=CARTESIAN_POINT('',(-3.74999999999998,-0.125000000000055,-99.4999999999998));
#17096=CARTESIAN_POINT('',(3.74999999999997,-0.125000000000053,-99.4999999999998));
#17097=CARTESIAN_POINT('',(6.24999999999995,-0.12500000000004,-99.4999999999998));
#17098=CARTESIAN_POINT('',(0.,0.,0.));
#17099=CARTESIAN_POINT('Origin',(0.950000000005821,-1.45000000002037,0.));
#17100=CARTESIAN_POINT('',(0.950000000005821,-1.45000000002037,-28.45));
#17101=CARTESIAN_POINT('',(0.950000000005822,-5.85000000003201,-28.45));
#17102=CARTESIAN_POINT('',(0.950000000005821,-2.55000000002328,-28.45));
#17103=CARTESIAN_POINT('',(0.950000000005822,-5.85000000003201,-34.45));
#17104=CARTESIAN_POINT('',(0.950000000005822,-5.85000000003201,0.));
#17105=CARTESIAN_POINT('',(0.950000000005821,-1.45000000002037,-34.45));
#17106=CARTESIAN_POINT('',(0.950000000005821,-2.55000000001019,-34.45));
#17107=CARTESIAN_POINT('',(0.950000000005821,-1.45000000002037,0.));
#17108=CARTESIAN_POINT('Origin',(16.9500000000349,-1.45000000002037,0.));
#17109=CARTESIAN_POINT('',(16.9500000000349,-1.45000000002037,-28.45));
#17110=CARTESIAN_POINT('',(12.9500000000276,-1.45000000002037,-28.45));
#17111=CARTESIAN_POINT('',(16.9500000000349,-1.45000000002037,-34.45));
#17112=CARTESIAN_POINT('',(12.9500000000175,-1.45000000002037,-34.45));
#17113=CARTESIAN_POINT('',(16.9500000000349,-1.45000000002037,0.));
#17114=CARTESIAN_POINT('Origin',(16.9500000000349,-5.85000000003201,0.));
#17115=CARTESIAN_POINT('',(16.9500000000349,-5.85000000003201,-28.45));
#17116=CARTESIAN_POINT('',(16.9500000000349,-4.7500000000291,-28.45));
#17117=CARTESIAN_POINT('',(16.9500000000349,-5.85000000003201,-34.45));
#17118=CARTESIAN_POINT('',(16.9500000000349,-4.75000000001601,-34.45));
#17119=CARTESIAN_POINT('',(16.9500000000349,-5.85000000003201,0.));
#17120=CARTESIAN_POINT('Origin',(0.950000000005822,-5.85000000003201,0.));
#17121=CARTESIAN_POINT('',(4.95000000001309,-5.85000000003201,-28.45));
#17122=CARTESIAN_POINT('',(4.95000000000291,-5.85000000003201,-34.45));
#17123=CARTESIAN_POINT('Origin',(8.95000000002037,-3.65000000002619,-28.45));
#17124=CARTESIAN_POINT('Origin',(-22.55,0.,27.55));
#17125=CARTESIAN_POINT('',(-17.,-13.35,27.55));
#17126=CARTESIAN_POINT('',(-17.,-19.35,27.55));
#17127=CARTESIAN_POINT('',(-17.,-9.675,27.55));
#17128=CARTESIAN_POINT('',(-15.,-19.35,27.55));
#17129=CARTESIAN_POINT('',(-22.55,-19.35,27.55));
#17130=CARTESIAN_POINT('',(-15.,-13.35,27.55));
#17131=CARTESIAN_POINT('',(-15.,-6.675,27.55));
#17132=CARTESIAN_POINT('',(-13.,-13.35,27.55));
#17133=CARTESIAN_POINT('',(-38.55,-13.35,27.55));
#17134=CARTESIAN_POINT('',(-13.,-19.35,27.55));
#17135=CARTESIAN_POINT('',(-13.,-9.675,27.55));
#17136=CARTESIAN_POINT('',(-11.,-19.35,27.55));
#17137=CARTESIAN_POINT('',(-22.55,-19.35,27.55));
#17138=CARTESIAN_POINT('',(-11.,-13.35,27.55));
#17139=CARTESIAN_POINT('',(-11.,-6.675,27.55));
#17140=CARTESIAN_POINT('',(-9.,-13.35,27.55));
#17141=CARTESIAN_POINT('',(-36.55,-13.35,27.55));
#17142=CARTESIAN_POINT('',(-9.,-19.35,27.55));
#17143=CARTESIAN_POINT('',(-9.,-9.675,27.55));
#17144=CARTESIAN_POINT('',(-7.,-19.35,27.55));
#17145=CARTESIAN_POINT('',(-22.55,-19.35,27.55));
#17146=CARTESIAN_POINT('',(-7.,-13.35,27.55));
#17147=CARTESIAN_POINT('',(-7.,-6.675,27.55));
#17148=CARTESIAN_POINT('',(-5.,-13.35,27.55));
#17149=CARTESIAN_POINT('',(-34.55,-13.35,27.55));
#17150=CARTESIAN_POINT('',(-5.,-19.35,27.55));
#17151=CARTESIAN_POINT('',(-5.,-9.675,27.55));
#17152=CARTESIAN_POINT('',(-3.,-19.35,27.55));
#17153=CARTESIAN_POINT('',(-22.55,-19.35,27.55));
#17154=CARTESIAN_POINT('',(-3.,-13.35,27.55));
#17155=CARTESIAN_POINT('',(-3.,-6.675,27.55));
#17156=CARTESIAN_POINT('',(-0.999999999999998,-13.35,27.55));
#17157=CARTESIAN_POINT('',(-32.55,-13.35,27.55));
#17158=CARTESIAN_POINT('',(-0.999999999999998,-19.35,27.55));
#17159=CARTESIAN_POINT('',(-0.999999999999996,-9.675,27.55));
#17160=CARTESIAN_POINT('',(1.,-19.35,27.55));
#17161=CARTESIAN_POINT('',(-22.55,-19.35,27.55));
#17162=CARTESIAN_POINT('',(1.,-13.35,27.55));
#17163=CARTESIAN_POINT('',(1.,-6.675,27.55));
#17164=CARTESIAN_POINT('',(3.,-13.35,27.55));
#17165=CARTESIAN_POINT('',(-30.55,-13.35,27.55));
#17166=CARTESIAN_POINT('',(3.,-19.35,27.55));
#17167=CARTESIAN_POINT('',(3.,-9.675,27.55));
#17168=CARTESIAN_POINT('',(5.,-19.35,27.55));
#17169=CARTESIAN_POINT('',(-22.55,-19.35,27.55));
#17170=CARTESIAN_POINT('',(5.,-13.35,27.55));
#17171=CARTESIAN_POINT('',(5.,-6.675,27.55));
#17172=CARTESIAN_POINT('',(7.,-13.35,27.55));
#17173=CARTESIAN_POINT('',(-28.55,-13.35,27.55));
#17174=CARTESIAN_POINT('',(7.,-19.35,27.55));
#17175=CARTESIAN_POINT('',(7.,-9.675,27.55));
#17176=CARTESIAN_POINT('',(9.,-19.35,27.55));
#17177=CARTESIAN_POINT('',(-22.55,-19.35,27.55));
#17178=CARTESIAN_POINT('',(9.,-13.35,27.55));
#17179=CARTESIAN_POINT('',(9.,-6.675,27.55));
#17180=CARTESIAN_POINT('',(11.,-13.35,27.55));
#17181=CARTESIAN_POINT('',(-26.55,-13.35,27.55));
#17182=CARTESIAN_POINT('',(11.,-19.35,27.55));
#17183=CARTESIAN_POINT('',(11.,-9.675,27.55));
#17184=CARTESIAN_POINT('',(13.,-19.35,27.55));
#17185=CARTESIAN_POINT('',(-22.55,-19.35,27.55));
#17186=CARTESIAN_POINT('',(13.,-13.35,27.55));
#17187=CARTESIAN_POINT('',(13.,-6.675,27.55));
#17188=CARTESIAN_POINT('',(15.,-13.35,27.55));
#17189=CARTESIAN_POINT('',(-24.55,-13.35,27.55));
#17190=CARTESIAN_POINT('',(15.,-19.35,27.55));
#17191=CARTESIAN_POINT('',(15.,-9.675,27.55));
#17192=CARTESIAN_POINT('',(17.,-19.35,27.55));
#17193=CARTESIAN_POINT('',(-22.55,-19.35,27.55));
#17194=CARTESIAN_POINT('',(17.,-13.35,27.55));
#17195=CARTESIAN_POINT('',(17.,-6.675,27.55));
#17196=CARTESIAN_POINT('',(19.,-13.35,27.55));
#17197=CARTESIAN_POINT('',(-1.775,-13.35,27.55));
#17198=CARTESIAN_POINT('',(19.,-19.35,27.55));
#17199=CARTESIAN_POINT('',(19.,-9.675,27.55));
#17200=CARTESIAN_POINT('',(22.55,-19.35,27.55));
#17201=CARTESIAN_POINT('',(-22.55,-19.35,27.55));
#17202=CARTESIAN_POINT('',(22.55,16.85,27.55));
#17203=CARTESIAN_POINT('',(22.55,0.,27.55));
#17204=CARTESIAN_POINT('',(-22.55,16.85,27.55));
#17205=CARTESIAN_POINT('',(-11.275,16.85,27.55));
#17206=CARTESIAN_POINT('',(-22.55,-19.35,27.55));
#17207=CARTESIAN_POINT('',(-22.55,0.,27.55));
#17208=CARTESIAN_POINT('',(-19.,-19.35,27.55));
#17209=CARTESIAN_POINT('',(-22.55,-19.35,27.55));
#17210=CARTESIAN_POINT('',(-19.,-13.35,27.55));
#17211=CARTESIAN_POINT('',(-19.,-6.675,27.55));
#17212=CARTESIAN_POINT('',(-40.55,-13.35,27.55));
#17213=CARTESIAN_POINT('',(-13.15,-4.15,27.55));
#17214=CARTESIAN_POINT('Origin',(-9.55,-4.15,27.55));
#17215=CARTESIAN_POINT('Origin',(17.75,-0.650000000000001,0.));
#17216=CARTESIAN_POINT('',(17.75,-0.650000000000001,-34.45));
#17217=CARTESIAN_POINT('',(17.75,-0.650000000000001,-27.05));
#17218=CARTESIAN_POINT('',(17.75,-0.650000000000001,0.));
#17219=CARTESIAN_POINT('',(17.75,-6.65,-27.05));
#17220=CARTESIAN_POINT('',(17.75,-2.,-27.05));
#17221=CARTESIAN_POINT('',(17.75,-6.65,-34.45));
#17222=CARTESIAN_POINT('',(17.75,-6.65,0.));
#17223=CARTESIAN_POINT('',(17.75,-2.15,-34.45));
#17224=CARTESIAN_POINT('Origin',(0.150000000000001,-0.650000000000001,0.));
#17225=CARTESIAN_POINT('',(0.15,-0.650000000000001,-34.45));
#17226=CARTESIAN_POINT('',(0.15,-0.650000000000001,-27.05));
#17227=CARTESIAN_POINT('',(0.15,-0.650000000000001,0.));
#17228=CARTESIAN_POINT('',(0.074999999999998,-0.650000000000001,-27.05));
#17229=CARTESIAN_POINT('',(4.55,-0.650000000000001,-34.45));
#17230=CARTESIAN_POINT('Origin',(-19.,-10.85,0.));
#17231=CARTESIAN_POINT('',(-21.25,-10.85,-28.95));
#17232=CARTESIAN_POINT('Origin',(-19.,-10.85,-28.95));
#17233=CARTESIAN_POINT('',(-21.25,-10.85,-27.05));
#17234=CARTESIAN_POINT('',(-21.25,-10.85,0.));
#17235=CARTESIAN_POINT('Origin',(-19.,-10.85,-27.05));
#17236=CARTESIAN_POINT('Origin',(-19.,4.15,0.));
#17237=CARTESIAN_POINT('',(-21.25,4.15,-28.95));
#17238=CARTESIAN_POINT('Origin',(-19.,4.15,-28.95));
#17239=CARTESIAN_POINT('',(-21.25,4.15,-27.05));
#17240=CARTESIAN_POINT('',(-21.25,4.15,0.));
#17241=CARTESIAN_POINT('Origin',(-19.,4.15,-27.05));
#17242=CARTESIAN_POINT('Origin',(19.,-10.85,0.));
#17243=CARTESIAN_POINT('',(16.75,-10.85,-28.95));
#17244=CARTESIAN_POINT('Origin',(19.,-10.85,-28.95));
#17245=CARTESIAN_POINT('',(16.75,-10.85,-27.05));
#17246=CARTESIAN_POINT('',(16.75,-10.85,0.));
#17247=CARTESIAN_POINT('Origin',(19.,-10.85,-27.05));
#17248=CARTESIAN_POINT('Origin',(19.,4.15,0.));
#17249=CARTESIAN_POINT('',(16.75,4.15,-28.95));
#17250=CARTESIAN_POINT('Origin',(19.,4.15,-28.95));
#17251=CARTESIAN_POINT('',(16.75,4.15,-27.05));
#17252=CARTESIAN_POINT('',(16.75,4.15,0.));
#17253=CARTESIAN_POINT('Origin',(19.,4.15,-27.05));
#17254=CARTESIAN_POINT('Origin',(20.75,-11.85,-13.));
#17255=CARTESIAN_POINT('',(22.55,-11.85,-11.7705));
#17256=CARTESIAN_POINT('Origin',(22.55,-11.85,-13.));
#17257=CARTESIAN_POINT('',(18.95,-11.85,-11.7705));
#17258=CARTESIAN_POINT('',(20.75,-11.85,-11.7705));
#17259=CARTESIAN_POINT('Origin',(18.95,-11.85,-13.));
#17260=CARTESIAN_POINT('Origin',(18.95,-11.85,-13.));
#17261=CARTESIAN_POINT('Origin',(20.75,-11.85,13.));
#17262=CARTESIAN_POINT('',(22.55,-11.85,14.2295));
#17263=CARTESIAN_POINT('Origin',(22.55,-11.85,13.));
#17264=CARTESIAN_POINT('',(18.95,-11.85,14.2295));
#17265=CARTESIAN_POINT('',(20.75,-11.85,14.2295));
#17266=CARTESIAN_POINT('Origin',(18.95,-11.85,13.));
#17267=CARTESIAN_POINT('Origin',(18.95,-11.85,13.));
#17268=CARTESIAN_POINT('Origin',(-58.55,-13.35,0.));
#17269=CARTESIAN_POINT('',(-19.,-13.35,-27.05));
#17270=CARTESIAN_POINT('',(-17.,-13.35,-27.05));
#17271=CARTESIAN_POINT('',(-11.275,-13.35,-27.05));
#17272=CARTESIAN_POINT('',(-17.,-13.35,0.));
#17273=CARTESIAN_POINT('',(-19.,-13.35,0.));
#17274=CARTESIAN_POINT('Origin',(-17.,-19.35,0.));
#17275=CARTESIAN_POINT('',(-17.,-13.35,-27.55));
#17276=CARTESIAN_POINT('',(-17.,-13.35,0.));
#17277=CARTESIAN_POINT('',(-17.,-19.35,-27.55));
#17278=CARTESIAN_POINT('',(-17.,-9.675,-27.55));
#17279=CARTESIAN_POINT('',(-17.,-19.35,0.));
#17280=CARTESIAN_POINT('Origin',(-19.,-13.35,0.));
#17281=CARTESIAN_POINT('',(-19.,-19.35,-27.55));
#17282=CARTESIAN_POINT('',(-19.,-19.35,0.));
#17283=CARTESIAN_POINT('',(-19.,-13.35,-27.55));
#17284=CARTESIAN_POINT('',(-19.,-6.675,-27.55));
#17285=CARTESIAN_POINT('',(-19.,-13.35,0.));
#17286=CARTESIAN_POINT('Origin',(-54.55,-13.35,0.));
#17287=CARTESIAN_POINT('',(-15.,-13.35,-27.05));
#17288=CARTESIAN_POINT('',(-13.,-13.35,-27.05));
#17289=CARTESIAN_POINT('',(-11.275,-13.35,-27.05));
#17290=CARTESIAN_POINT('',(-13.,-13.35,0.));
#17291=CARTESIAN_POINT('',(-15.,-13.35,0.));
#17292=CARTESIAN_POINT('Origin',(-13.,-19.35,0.));
#17293=CARTESIAN_POINT('',(-13.,-13.35,-27.55));
#17294=CARTESIAN_POINT('',(-13.,-13.35,0.));
#17295=CARTESIAN_POINT('',(-13.,-19.35,-27.55));
#17296=CARTESIAN_POINT('',(-13.,-9.675,-27.55));
#17297=CARTESIAN_POINT('',(-13.,-19.35,0.));
#17298=CARTESIAN_POINT('Origin',(-15.,-13.35,0.));
#17299=CARTESIAN_POINT('',(-15.,-19.35,-27.55));
#17300=CARTESIAN_POINT('',(-15.,-19.35,0.));
#17301=CARTESIAN_POINT('',(-15.,-13.35,-27.55));
#17302=CARTESIAN_POINT('',(-15.,-6.675,-27.55));
#17303=CARTESIAN_POINT('',(-15.,-13.35,0.));
#17304=CARTESIAN_POINT('Origin',(-50.55,-13.35,0.));
#17305=CARTESIAN_POINT('',(-11.,-13.35,-27.05));
#17306=CARTESIAN_POINT('',(-9.,-13.35,-27.05));
#17307=CARTESIAN_POINT('',(-11.275,-13.35,-27.05));
#17308=CARTESIAN_POINT('',(-9.,-13.35,0.));
#17309=CARTESIAN_POINT('',(-11.,-13.35,0.));
#17310=CARTESIAN_POINT('Origin',(-9.,-19.35,0.));
#17311=CARTESIAN_POINT('',(-9.,-13.35,-27.55));
#17312=CARTESIAN_POINT('',(-9.,-13.35,0.));
#17313=CARTESIAN_POINT('',(-9.,-19.35,-27.55));
#17314=CARTESIAN_POINT('',(-9.,-9.675,-27.55));
#17315=CARTESIAN_POINT('',(-9.,-19.35,0.));
#17316=CARTESIAN_POINT('Origin',(-11.,-13.35,0.));
#17317=CARTESIAN_POINT('',(-11.,-19.35,-27.55));
#17318=CARTESIAN_POINT('',(-11.,-19.35,0.));
#17319=CARTESIAN_POINT('',(-11.,-13.35,-27.55));
#17320=CARTESIAN_POINT('',(-11.,-6.675,-27.55));
#17321=CARTESIAN_POINT('',(-11.,-13.35,0.));
#17322=CARTESIAN_POINT('Origin',(-46.55,-13.35,0.));
#17323=CARTESIAN_POINT('',(-7.,-13.35,-27.05));
#17324=CARTESIAN_POINT('',(-5.,-13.35,-27.05));
#17325=CARTESIAN_POINT('',(-11.275,-13.35,-27.05));
#17326=CARTESIAN_POINT('',(-5.,-13.35,0.));
#17327=CARTESIAN_POINT('',(-7.,-13.35,0.));
#17328=CARTESIAN_POINT('Origin',(-5.,-19.35,0.));
#17329=CARTESIAN_POINT('',(-5.,-13.35,-27.55));
#17330=CARTESIAN_POINT('',(-5.,-13.35,0.));
#17331=CARTESIAN_POINT('',(-5.,-19.35,-27.55));
#17332=CARTESIAN_POINT('',(-5.,-9.675,-27.55));
#17333=CARTESIAN_POINT('',(-5.,-19.35,0.));
#17334=CARTESIAN_POINT('Origin',(-7.,-13.35,0.));
#17335=CARTESIAN_POINT('',(-7.,-19.35,-27.55));
#17336=CARTESIAN_POINT('',(-7.,-19.35,0.));
#17337=CARTESIAN_POINT('',(-7.,-13.35,-27.55));
#17338=CARTESIAN_POINT('',(-7.,-6.675,-27.55));
#17339=CARTESIAN_POINT('',(-7.,-13.35,0.));
#17340=CARTESIAN_POINT('Origin',(-42.55,-13.35,0.));
#17341=CARTESIAN_POINT('',(-3.,-13.35,-27.05));
#17342=CARTESIAN_POINT('',(-0.999999999999996,-13.35,-27.05));
#17343=CARTESIAN_POINT('',(-11.275,-13.35,-27.05));
#17344=CARTESIAN_POINT('',(-0.999999999999995,-13.35,0.));
#17345=CARTESIAN_POINT('',(-3.,-13.35,0.));
#17346=CARTESIAN_POINT('Origin',(-0.999999999999998,-19.35,0.));
#17347=CARTESIAN_POINT('',(-0.999999999999998,-13.35,-27.55));
#17348=CARTESIAN_POINT('',(-0.999999999999996,-13.35,0.));
#17349=CARTESIAN_POINT('',(-0.999999999999998,-19.35,-27.55));
#17350=CARTESIAN_POINT('',(-0.999999999999996,-9.675,-27.55));
#17351=CARTESIAN_POINT('',(-0.999999999999998,-19.35,0.));
#17352=CARTESIAN_POINT('Origin',(-3.,-13.35,0.));
#17353=CARTESIAN_POINT('',(-3.,-19.35,-27.55));
#17354=CARTESIAN_POINT('',(-3.,-19.35,0.));
#17355=CARTESIAN_POINT('',(-3.,-13.35,-27.55));
#17356=CARTESIAN_POINT('',(-3.,-6.675,-27.55));
#17357=CARTESIAN_POINT('',(-3.,-13.35,0.));
#17358=CARTESIAN_POINT('Origin',(-38.55,-13.35,0.));
#17359=CARTESIAN_POINT('',(1.,-13.35,-27.05));
#17360=CARTESIAN_POINT('',(3.,-13.35,-27.05));
#17361=CARTESIAN_POINT('',(-11.275,-13.35,-27.05));
#17362=CARTESIAN_POINT('',(3.,-13.35,0.));
#17363=CARTESIAN_POINT('',(1.,-13.35,0.));
#17364=CARTESIAN_POINT('Origin',(3.,-19.35,0.));
#17365=CARTESIAN_POINT('',(3.,-13.35,-27.55));
#17366=CARTESIAN_POINT('',(3.,-13.35,0.));
#17367=CARTESIAN_POINT('',(3.,-19.35,-27.55));
#17368=CARTESIAN_POINT('',(3.,-9.675,-27.55));
#17369=CARTESIAN_POINT('',(3.,-19.35,0.));
#17370=CARTESIAN_POINT('Origin',(1.,-13.35,0.));
#17371=CARTESIAN_POINT('',(1.,-19.35,-27.55));
#17372=CARTESIAN_POINT('',(1.,-19.35,0.));
#17373=CARTESIAN_POINT('',(1.,-13.35,-27.55));
#17374=CARTESIAN_POINT('',(1.,-6.675,-27.55));
#17375=CARTESIAN_POINT('',(1.,-13.35,0.));
#17376=CARTESIAN_POINT('Origin',(-34.55,-13.35,0.));
#17377=CARTESIAN_POINT('',(5.,-13.35,-27.05));
#17378=CARTESIAN_POINT('',(7.,-13.35,-27.05));
#17379=CARTESIAN_POINT('',(-11.275,-13.35,-27.05));
#17380=CARTESIAN_POINT('',(7.00000000000001,-13.35,0.));
#17381=CARTESIAN_POINT('',(5.,-13.35,0.));
#17382=CARTESIAN_POINT('Origin',(7.,-19.35,0.));
#17383=CARTESIAN_POINT('',(7.,-13.35,-27.55));
#17384=CARTESIAN_POINT('',(7.,-13.35,0.));
#17385=CARTESIAN_POINT('',(7.,-19.35,-27.55));
#17386=CARTESIAN_POINT('',(7.,-9.675,-27.55));
#17387=CARTESIAN_POINT('',(7.,-19.35,0.));
#17388=CARTESIAN_POINT('Origin',(5.,-13.35,0.));
#17389=CARTESIAN_POINT('',(5.,-19.35,-27.55));
#17390=CARTESIAN_POINT('',(5.,-19.35,0.));
#17391=CARTESIAN_POINT('',(5.,-13.35,-27.55));
#17392=CARTESIAN_POINT('',(5.,-6.675,-27.55));
#17393=CARTESIAN_POINT('',(5.,-13.35,0.));
#17394=CARTESIAN_POINT('Origin',(-30.55,-13.35,0.));
#17395=CARTESIAN_POINT('',(9.,-13.35,-27.05));
#17396=CARTESIAN_POINT('',(11.,-13.35,-27.05));
#17397=CARTESIAN_POINT('',(-11.275,-13.35,-27.05));
#17398=CARTESIAN_POINT('',(11.,-13.35,0.));
#17399=CARTESIAN_POINT('',(9.,-13.35,0.));
#17400=CARTESIAN_POINT('Origin',(11.,-19.35,0.));
#17401=CARTESIAN_POINT('',(11.,-13.35,-27.55));
#17402=CARTESIAN_POINT('',(11.,-13.35,0.));
#17403=CARTESIAN_POINT('',(11.,-19.35,-27.55));
#17404=CARTESIAN_POINT('',(11.,-9.675,-27.55));
#17405=CARTESIAN_POINT('',(11.,-19.35,0.));
#17406=CARTESIAN_POINT('Origin',(9.,-13.35,0.));
#17407=CARTESIAN_POINT('',(9.,-19.35,-27.55));
#17408=CARTESIAN_POINT('',(9.,-19.35,0.));
#17409=CARTESIAN_POINT('',(9.,-13.35,-27.55));
#17410=CARTESIAN_POINT('',(9.,-6.675,-27.55));
#17411=CARTESIAN_POINT('',(9.,-13.35,0.));
#17412=CARTESIAN_POINT('Origin',(-26.55,-13.35,0.));
#17413=CARTESIAN_POINT('',(13.,-13.35,-27.05));
#17414=CARTESIAN_POINT('',(15.,-13.35,-27.05));
#17415=CARTESIAN_POINT('',(-11.275,-13.35,-27.05));
#17416=CARTESIAN_POINT('',(15.,-13.35,0.));
#17417=CARTESIAN_POINT('',(13.,-13.35,0.));
#17418=CARTESIAN_POINT('Origin',(15.,-19.35,0.));
#17419=CARTESIAN_POINT('',(15.,-13.35,-27.55));
#17420=CARTESIAN_POINT('',(15.,-13.35,0.));
#17421=CARTESIAN_POINT('',(15.,-19.35,-27.55));
#17422=CARTESIAN_POINT('',(15.,-9.675,-27.55));
#17423=CARTESIAN_POINT('',(15.,-19.35,0.));
#17424=CARTESIAN_POINT('Origin',(13.,-13.35,0.));
#17425=CARTESIAN_POINT('',(13.,-19.35,-27.55));
#17426=CARTESIAN_POINT('',(13.,-19.35,0.));
#17427=CARTESIAN_POINT('',(13.,-13.35,-27.55));
#17428=CARTESIAN_POINT('',(13.,-6.675,-27.55));
#17429=CARTESIAN_POINT('',(13.,-13.35,0.));
#17430=CARTESIAN_POINT('Origin',(-22.55,-13.35,0.));
#17431=CARTESIAN_POINT('',(-22.55,-13.35,-27.55));
#17432=CARTESIAN_POINT('',(-3.9473228824533E-15,-13.35,-27.55));
#17433=CARTESIAN_POINT('',(-22.55,-13.35,-27.05));
#17434=CARTESIAN_POINT('',(-22.55,-13.35,-13.775));
#17435=CARTESIAN_POINT('',(-11.275,-13.35,-27.05));
#17436=CARTESIAN_POINT('Origin',(-22.55,-13.35,0.));
#17437=CARTESIAN_POINT('',(17.,-13.35,-27.05));
#17438=CARTESIAN_POINT('',(-11.275,-13.35,-27.05));
#17439=CARTESIAN_POINT('',(17.,-13.35,-27.55));
#17440=CARTESIAN_POINT('',(17.,-13.35,0.));
#17441=CARTESIAN_POINT('',(-3.9473228824533E-15,-13.35,-27.55));
#17442=CARTESIAN_POINT('Origin',(-22.55,-13.35,0.));
#17443=CARTESIAN_POINT('',(-11.275,-13.35,-27.05));
#17444=CARTESIAN_POINT('',(-3.9473228824533E-15,-13.35,-27.55));
#17445=CARTESIAN_POINT('Origin',(-22.55,-13.35,0.));
#17446=CARTESIAN_POINT('',(-11.275,-13.35,-27.05));
#17447=CARTESIAN_POINT('',(-3.9473228824533E-15,-13.35,-27.55));
#17448=CARTESIAN_POINT('Origin',(-22.55,-13.35,0.));
#17449=CARTESIAN_POINT('',(-11.275,-13.35,-27.05));
#17450=CARTESIAN_POINT('',(-3.9473228824533E-15,-13.35,-27.55));
#17451=CARTESIAN_POINT('Origin',(-22.55,-13.35,0.));
#17452=CARTESIAN_POINT('',(-11.275,-13.35,-27.05));
#17453=CARTESIAN_POINT('',(-3.9473228824533E-15,-13.35,-27.55));
#17454=CARTESIAN_POINT('Origin',(-22.55,-13.35,0.));
#17455=CARTESIAN_POINT('',(-11.275,-13.35,-27.05));
#17456=CARTESIAN_POINT('',(-3.9473228824533E-15,-13.35,-27.55));
#17457=CARTESIAN_POINT('Origin',(-22.55,-13.35,0.));
#17458=CARTESIAN_POINT('',(-11.275,-13.35,-27.05));
#17459=CARTESIAN_POINT('',(-3.9473228824533E-15,-13.35,-27.55));
#17460=CARTESIAN_POINT('Origin',(-22.55,-13.35,0.));
#17461=CARTESIAN_POINT('',(-11.275,-13.35,-27.05));
#17462=CARTESIAN_POINT('',(-3.9473228824533E-15,-13.35,-27.55));
#17463=CARTESIAN_POINT('Origin',(22.55,0.,-27.55));
#17464=CARTESIAN_POINT('',(-22.55,-19.35,-27.55));
#17465=CARTESIAN_POINT('',(22.55,-19.35,-27.55));
#17466=CARTESIAN_POINT('',(-22.55,0.,-27.55));
#17467=CARTESIAN_POINT('Origin',(22.55,0.,-27.55));
#17468=CARTESIAN_POINT('',(17.,-19.35,-27.55));
#17469=CARTESIAN_POINT('',(17.,-6.675,-27.55));
#17470=CARTESIAN_POINT('',(22.55,-19.35,-27.55));
#17471=CARTESIAN_POINT('Origin',(22.55,0.,-27.55));
#17472=CARTESIAN_POINT('',(22.55,-19.35,-27.55));
#17473=CARTESIAN_POINT('Origin',(22.55,0.,-27.55));
#17474=CARTESIAN_POINT('',(22.55,-19.35,-27.55));
#17475=CARTESIAN_POINT('Origin',(22.55,0.,-27.55));
#17476=CARTESIAN_POINT('',(22.55,-19.35,-27.55));
#17477=CARTESIAN_POINT('Origin',(22.55,0.,-27.55));
#17478=CARTESIAN_POINT('',(22.55,-19.35,-27.55));
#17479=CARTESIAN_POINT('Origin',(22.55,0.,-27.55));
#17480=CARTESIAN_POINT('',(22.55,-19.35,-27.55));
#17481=CARTESIAN_POINT('Origin',(22.55,0.,-27.55));
#17482=CARTESIAN_POINT('',(22.55,-19.35,-27.55));
#17483=CARTESIAN_POINT('Origin',(22.55,0.,-27.55));
#17484=CARTESIAN_POINT('',(22.55,-19.35,-27.55));
#17485=CARTESIAN_POINT('Origin',(-4.44089209850063E-15,-19.35,0.));
#17486=CARTESIAN_POINT('',(17.,-19.35,0.));
#17487=CARTESIAN_POINT('Origin',(-4.44089209850063E-15,-19.35,0.));
#17488=CARTESIAN_POINT('Origin',(-4.44089209850063E-15,-19.35,0.));
#17489=CARTESIAN_POINT('Origin',(-4.44089209850063E-15,-19.35,0.));
#17490=CARTESIAN_POINT('Origin',(-4.44089209850063E-15,-19.35,0.));
#17491=CARTESIAN_POINT('Origin',(-4.44089209850063E-15,-19.35,0.));
#17492=CARTESIAN_POINT('Origin',(-4.44089209850063E-15,-19.35,0.));
#17493=CARTESIAN_POINT('Origin',(-4.44089209850063E-15,-19.35,0.));
#17494=CARTESIAN_POINT('Origin',(-4.44089209850063E-15,-19.35,0.));
#17495=CARTESIAN_POINT('',(-22.55,-19.35,-27.55));
#17496=CARTESIAN_POINT('Origin',(19.,-19.35,0.));
#17497=CARTESIAN_POINT('',(19.,-13.35,-27.05));
#17498=CARTESIAN_POINT('',(19.,-13.35,0.));
#17499=CARTESIAN_POINT('',(19.,-13.35,-27.55));
#17500=CARTESIAN_POINT('',(19.,-13.35,0.));
#17501=CARTESIAN_POINT('',(19.,-19.35,-27.55));
#17502=CARTESIAN_POINT('',(19.,-9.675,-27.55));
#17503=CARTESIAN_POINT('',(19.,-19.35,0.));
#17504=CARTESIAN_POINT('Origin',(17.,-13.35,0.));
#17505=CARTESIAN_POINT('',(17.,-13.35,0.));
#17506=CARTESIAN_POINT('Origin',(19.,-13.35,0.));
#17507=CARTESIAN_POINT('',(-11.275,-13.35,-27.05));
#17508=CARTESIAN_POINT('Origin',(-4.44089209850063E-15,-19.35,0.));
#17509=CARTESIAN_POINT('',(22.55,-19.35,-27.55));
#17510=CARTESIAN_POINT('Origin',(-4.44089209850063E-15,-19.35,0.));
#17511=CARTESIAN_POINT('',(22.55,-19.35,-27.55));
#17512=CARTESIAN_POINT('',(22.55,-19.35,-27.55));
#17513=CARTESIAN_POINT('',(22.55,-19.35,27.55));
#17514=CARTESIAN_POINT('Origin',(22.55,0.,-27.55));
#17515=CARTESIAN_POINT('',(-3.9473228824533E-15,-13.35,-27.55));
#17516=CARTESIAN_POINT('Origin',(22.55,0.,-27.55));
#17517=CARTESIAN_POINT('',(22.55,-13.35,-27.55));
#17518=CARTESIAN_POINT('',(-3.9473228824533E-15,-13.35,-27.55));
#17519=CARTESIAN_POINT('',(22.55,0.,-27.55));
#17520=CARTESIAN_POINT('Origin',(-22.55,-13.35,0.));
#17521=CARTESIAN_POINT('',(-11.275,-13.35,-27.05));
#17522=CARTESIAN_POINT('Origin',(-22.55,-13.35,0.));
#17523=CARTESIAN_POINT('',(22.55,-13.35,-27.05));
#17524=CARTESIAN_POINT('',(-11.275,-13.35,-27.05));
#17525=CARTESIAN_POINT('',(22.55,-13.35,13.775));
#17526=CARTESIAN_POINT('Origin',(-2.22044604925031E-15,-3.35,-28.95));
#17527=CARTESIAN_POINT('Origin',(-2.22044604925031E-15,-3.35,-28.95));
#17528=CARTESIAN_POINT('Origin',(-2.22044604925031E-15,-3.35,-28.95));
#17529=CARTESIAN_POINT('Origin',(-2.22044604925031E-15,-3.35,-28.95));
#17530=CARTESIAN_POINT('Origin',(22.5,0.,27.5));
#17531=CARTESIAN_POINT('',(22.5000000000698,19.35,-25.2500000000276));
#17532=CARTESIAN_POINT('',(22.5000000000728,19.35,-27.4999999999272));
#17533=CARTESIAN_POINT('',(22.5000000000182,19.35,13.7500000000149));
#17534=CARTESIAN_POINT('',(22.500000000003,19.35,25.2500000000335));
#17535=CARTESIAN_POINT('',(22.5000000000182,19.35,13.7500000000149));
#17536=CARTESIAN_POINT('',(22.5,19.35,27.5));
#17537=CARTESIAN_POINT('',(22.5000000000182,19.35,13.7500000000149));
#17538=CARTESIAN_POINT('',(22.5,16.85,27.5));
#17539=CARTESIAN_POINT('',(22.5,0.,27.5));
#17540=CARTESIAN_POINT('',(22.5000000000728,16.85,-27.4999999999272));
#17541=CARTESIAN_POINT('',(22.5000000000182,16.85,13.7500000000149));
#17542=CARTESIAN_POINT('',(22.5000000000728,0.,-27.4999999999272));
#17543=CARTESIAN_POINT('Origin',(-4.44089209850063E-15,19.35,0.));
#17544=CARTESIAN_POINT('',(20.2500000000305,19.35,-27.4999999999272));
#17545=CARTESIAN_POINT('Origin',(20.2500000000305,19.35,-25.2500000000306));
#17546=CARTESIAN_POINT('',(11.2500000000364,19.35,-27.4999999999272));
#17547=CARTESIAN_POINT('Origin',(-22.55,0.,-27.55));
#17548=CARTESIAN_POINT('',(-22.55,16.85,-27.55));
#17549=CARTESIAN_POINT('',(-22.55,16.85,-13.775));
#17550=CARTESIAN_POINT('',(-22.55,6.65,-27.55));
#17551=CARTESIAN_POINT('',(-22.55,0.,-27.55));
#17552=CARTESIAN_POINT('',(-22.55,6.65,-27.05));
#17553=CARTESIAN_POINT('',(-22.55,6.65,-13.775));
#17554=CARTESIAN_POINT('',(-22.55,-1.675,-27.05));
#17555=CARTESIAN_POINT('Origin',(-1.55431223447522E-14,21.25,0.));
#17556=CARTESIAN_POINT('',(22.5000000000364,21.25,-25.2500000000306));
#17557=CARTESIAN_POINT('Origin',(20.2500000000305,21.25,-25.2500000000306));
#17558=CARTESIAN_POINT('Origin',(20.2500000000305,0.,-25.2500000000306));
#17559=CARTESIAN_POINT('',(22.5000000000364,0.,-25.2500000000306));
#17560=CARTESIAN_POINT('Origin',(20.2500000000305,19.35,-25.2500000000306));
#17561=CARTESIAN_POINT('Origin',(-4.44089209850063E-15,19.35,0.));
#17562=CARTESIAN_POINT('',(-20.2500000000306,19.35,-27.4999999999272));
#17563=CARTESIAN_POINT('',(-18.0000000000248,19.35,-25.2500000000305));
#17564=CARTESIAN_POINT('Origin',(-20.2500000000306,19.35,-25.2500000000305));
#17565=CARTESIAN_POINT('',(-22.5000000000698,19.35,-25.2500000000276));
#17566=CARTESIAN_POINT('Origin',(-20.2500000000306,19.35,-25.2500000000305));
#17567=CARTESIAN_POINT('',(-22.500000000003,19.35,25.2500000000335));
#17568=CARTESIAN_POINT('',(-22.5000000000546,19.35,-13.7499999999487));
#17569=CARTESIAN_POINT('',(-18.0000000000247,19.35,25.2500000000306));
#17570=CARTESIAN_POINT('Origin',(-20.2500000000306,19.35,25.2500000000306));
#17571=CARTESIAN_POINT('',(-20.2500000000306,19.35,27.5));
#17572=CARTESIAN_POINT('Origin',(-20.2500000000306,19.35,25.2500000000306));
#17573=CARTESIAN_POINT('',(20.2500000000305,19.35,27.5));
#17574=CARTESIAN_POINT('',(-11.25,19.35,27.5));
#17575=CARTESIAN_POINT('Origin',(20.2500000000305,19.35,25.2500000000305));
#17576=CARTESIAN_POINT('',(11.2500000000364,19.35,-27.4999999999272));
#17577=CARTESIAN_POINT('Origin',(-20.2500000000306,0.,-25.2500000000305));
#17578=CARTESIAN_POINT('',(-18.0000000000248,21.25,-25.2500000000305));
#17579=CARTESIAN_POINT('Origin',(-20.2500000000306,21.25,-25.2500000000305));
#17580=CARTESIAN_POINT('',(-18.0000000000248,0.,-25.2500000000305));
#17581=CARTESIAN_POINT('Origin',(-20.2500000000306,19.35,-25.2500000000305));
#17582=CARTESIAN_POINT('Origin',(-1.55431223447522E-14,21.25,0.));
#17583=CARTESIAN_POINT('Origin',(0.150000000000001,-6.65,0.));
#17584=CARTESIAN_POINT('',(0.150000000000001,-6.65,-27.05));
#17585=CARTESIAN_POINT('',(0.150000000000001,-6.65,-34.45));
#17586=CARTESIAN_POINT('',(0.150000000000001,-6.65,0.));
#17587=CARTESIAN_POINT('',(0.150000000000001,-5.,-27.05));
#17588=CARTESIAN_POINT('',(0.150000000000001,-5.15,-34.45));
#17589=CARTESIAN_POINT('Origin',(17.75,-6.65,0.));
#17590=CARTESIAN_POINT('',(8.875,-6.65,-27.05));
#17591=CARTESIAN_POINT('',(13.35,-6.65,-34.45));
#17592=CARTESIAN_POINT('Origin',(22.55,6.65,0.));
#17593=CARTESIAN_POINT('',(22.55,6.65,-27.55));
#17594=CARTESIAN_POINT('',(22.55,6.65,-27.55));
#17595=CARTESIAN_POINT('',(22.55,6.65,-27.05));
#17596=CARTESIAN_POINT('',(22.55,6.65,13.775));
#17597=CARTESIAN_POINT('',(11.275,6.65,-27.05));
#17598=CARTESIAN_POINT('Origin',(22.55,0.,27.55));
#17599=CARTESIAN_POINT('',(22.55,-1.675,-27.05));
#17600=CARTESIAN_POINT('',(22.55,16.85,-27.55));
#17601=CARTESIAN_POINT('',(22.55,0.,-27.55));
#17602=CARTESIAN_POINT('',(22.55,16.85,13.775));
#17603=CARTESIAN_POINT('Origin',(0.,-3.35,-27.05));
#17604=CARTESIAN_POINT('Origin',(-4.44089209850063E-15,19.35,0.));
#17605=CARTESIAN_POINT('',(-22.5000000000728,19.35,-27.4999999999272));
#17606=CARTESIAN_POINT('',(-22.5000000000546,19.35,-13.7499999999487));
#17607=CARTESIAN_POINT('',(11.2500000000364,19.35,-27.4999999999272));
#17608=CARTESIAN_POINT('Origin',(-22.5000000000728,0.,-27.4999999999272));
#17609=CARTESIAN_POINT('',(-22.5000000000728,16.85,-27.4999999999272));
#17610=CARTESIAN_POINT('',(-22.5,16.85,27.5));
#17611=CARTESIAN_POINT('',(-22.5000000000546,16.85,-13.7499999999487));
#17612=CARTESIAN_POINT('',(-22.5,19.35,27.5));
#17613=CARTESIAN_POINT('',(-22.5,0.,27.5));
#17614=CARTESIAN_POINT('',(-22.5000000000546,19.35,-13.7499999999487));
#17615=CARTESIAN_POINT('',(-22.5000000000728,0.,-27.4999999999272));
#17616=CARTESIAN_POINT('Origin',(-6.66133814775094E-15,16.85,0.));
#17617=CARTESIAN_POINT('',(11.275,16.85,-27.55));
#17618=CARTESIAN_POINT('',(11.2500000000364,16.85,-27.4999999999272));
#17619=CARTESIAN_POINT('',(-11.25,16.85,27.5));
#17620=CARTESIAN_POINT('Origin',(-9.55,4.35,47.55));
#17621=CARTESIAN_POINT('',(-9.55,5.6004138754456,54.4374135304985));
#17622=CARTESIAN_POINT('Origin',(-9.55,5.86835970589823,55.9132878584624));
#17623=CARTESIAN_POINT('',(-9.55,-2.65,47.55));
#17624=CARTESIAN_POINT('Origin',(-9.55,4.35,47.55));
#17625=CARTESIAN_POINT('Origin',(-9.55,-4.15,47.55));
#17626=CARTESIAN_POINT('Origin',(-9.55,5.86835970589823,55.9132878584624));
#17627=CARTESIAN_POINT('Origin',(-9.55,-4.15,41.8349738486193));
#17628=CARTESIAN_POINT('',(-13.15,-4.15,36.1199476972387));
#17629=CARTESIAN_POINT('Origin',(-9.55,-4.15,36.1199476972387));
#17630=CARTESIAN_POINT('',(-12.15,-4.15,47.55));
#17631=CARTESIAN_POINT('',(-12.65,-4.15,41.8349738486193));
#17632=CARTESIAN_POINT('Origin',(-9.55,-4.15,47.55));
#17633=CARTESIAN_POINT('Origin',(-9.55,-4.15,0.));
#17634=CARTESIAN_POINT('',(-13.15,-4.15,0.));
#17635=CARTESIAN_POINT('Origin',(-9.55,-4.15,47.55));
#17636=CARTESIAN_POINT('Origin',(22.55,0.,-27.55));
#17637=CARTESIAN_POINT('Origin',(20.2500000000305,0.,25.2500000000305));
#17638=CARTESIAN_POINT('',(22.5000000000364,21.25,25.2500000000305));
#17639=CARTESIAN_POINT('Origin',(20.2500000000305,21.25,25.2500000000305));
#17640=CARTESIAN_POINT('',(22.5000000000364,0.,25.2500000000305));
#17641=CARTESIAN_POINT('Origin',(20.2500000000305,19.35,25.2500000000305));
#17642=CARTESIAN_POINT('Origin',(-20.2500000000306,0.,25.2500000000306));
#17643=CARTESIAN_POINT('',(-18.0000000000247,21.25,25.2500000000306));
#17644=CARTESIAN_POINT('Origin',(-20.2500000000306,21.25,25.2500000000306));
#17645=CARTESIAN_POINT('',(-18.0000000000247,0.,25.2500000000306));
#17646=CARTESIAN_POINT('Origin',(-20.2500000000306,19.35,25.2500000000306));
#17647=CARTESIAN_POINT('Origin',(22.5000000000728,0.,-27.4999999999272));
#17648=CARTESIAN_POINT('Origin',(-4.44089209850063E-15,19.35,0.));
#17649=CARTESIAN_POINT('',(-11.25,19.35,27.5));
#17650=CARTESIAN_POINT('Origin',(-4.44089209850063E-15,19.35,0.));
#17651=CARTESIAN_POINT('',(-11.25,19.35,27.5));
#17652=CARTESIAN_POINT('Origin',(-22.5,0.,27.5));
#17653=CARTESIAN_POINT('Origin',(-1.55431223447522E-14,21.25,0.));
#17654=CARTESIAN_POINT('Origin',(-1.55431223447522E-14,21.25,0.));
#17655=CARTESIAN_POINT('Origin',(8.95,-3.65,-34.45));
#17656=CARTESIAN_POINT('',(0.,0.,0.));
#17657=CARTESIAN_POINT('Origin',(11.8,0.5,0.));
#17658=CARTESIAN_POINT('',(9.8,0.5,-1.54616460960662));
#17659=CARTESIAN_POINT('',(11.8,0.5,-1.54616460960662));
#17660=CARTESIAN_POINT('',(5.9,0.5,-1.54616460960662));
#17661=CARTESIAN_POINT('',(9.8,0.5,-2.29619250064101));
#17662=CARTESIAN_POINT('',(9.8,0.5,0.));
#17663=CARTESIAN_POINT('',(11.2343145750508,0.5,-2.29619250064101));
#17664=CARTESIAN_POINT('',(7.91715728752538,0.5,-2.29619250064101));
#17665=CARTESIAN_POINT('',(11.8,0.5,-2.296192500641));
#17666=CARTESIAN_POINT('Ctrl Pts',(11.8,0.5,-2.296192500641));
#17667=CARTESIAN_POINT('Ctrl Pts',(11.7980812513832,0.5,-2.30174671505682));
#17668=CARTESIAN_POINT('Ctrl Pts',(11.7960384278177,0.5,-2.3071480170274));
#17669=CARTESIAN_POINT('Ctrl Pts',(11.7796537360432,0.5,-2.34721349964632));
#17670=CARTESIAN_POINT('Ctrl Pts',(11.754826846069,0.5,-2.38497928326186));
#17671=CARTESIAN_POINT('Ctrl Pts',(11.7022559342022,0.5,-2.43820039205107));
#17672=CARTESIAN_POINT('Ctrl Pts',(11.6653648674167,0.5,-2.46321775304299));
#17673=CARTESIAN_POINT('Ctrl Pts',(11.5971866374526,0.5,-2.49177565148113));
#17674=CARTESIAN_POINT('Ctrl Pts',(11.553930184168,0.5,-2.50049995001));
#17675=CARTESIAN_POINT('Ctrl Pts',(11.5171572875254,0.5,-2.50049995001));
#17676=CARTESIAN_POINT('Ctrl Pts',(11.4803843908827,0.5,-2.50049995001));
#17677=CARTESIAN_POINT('Ctrl Pts',(11.4371279375981,0.5,-2.49177565148113));
#17678=CARTESIAN_POINT('Ctrl Pts',(11.3689497076341,0.5,-2.46321775304299));
#17679=CARTESIAN_POINT('Ctrl Pts',(11.3320586408485,0.5,-2.43820039205107));
#17680=CARTESIAN_POINT('Ctrl Pts',(11.2794877289817,0.5,-2.38497928326186));
#17681=CARTESIAN_POINT('Ctrl Pts',(11.2546608390076,0.5,-2.34721349964632));
#17682=CARTESIAN_POINT('Ctrl Pts',(11.238276147233,0.5,-2.3071480170274));
#17683=CARTESIAN_POINT('Ctrl Pts',(11.2362333236676,0.5,-2.30174671505682));
#17684=CARTESIAN_POINT('Ctrl Pts',(11.2343145750508,0.5,-2.29619250064101));
#17685=CARTESIAN_POINT('',(11.8,0.5,0.));
#17686=CARTESIAN_POINT('Origin',(11.8,0.5,0.));
#17687=CARTESIAN_POINT('',(11.8,0.5,1.54616460960662));
#17688=CARTESIAN_POINT('',(9.8,0.5,1.54616460960662));
#17689=CARTESIAN_POINT('',(5.9,0.5,1.54616460960662));
#17690=CARTESIAN_POINT('',(11.8,0.5,2.296192500641));
#17691=CARTESIAN_POINT('',(11.8,0.5,0.));
#17692=CARTESIAN_POINT('',(11.2343145750508,0.5,2.29619250064101));
#17693=CARTESIAN_POINT('Ctrl Pts',(11.2343145750508,0.5,2.29619250064101));
#17694=CARTESIAN_POINT('Ctrl Pts',(11.2362333236676,0.5,2.30174671505682));
#17695=CARTESIAN_POINT('Ctrl Pts',(11.238276147233,0.5,2.3071480170274));
#17696=CARTESIAN_POINT('Ctrl Pts',(11.2546608390076,0.5,2.34721349964632));
#17697=CARTESIAN_POINT('Ctrl Pts',(11.2794877289817,0.5,2.38497928326186));
#17698=CARTESIAN_POINT('Ctrl Pts',(11.3320586408485,0.5,2.43820039205107));
#17699=CARTESIAN_POINT('Ctrl Pts',(11.3689497076341,0.5,2.46321775304299));
#17700=CARTESIAN_POINT('Ctrl Pts',(11.4371279375981,0.5,2.49177565148113));
#17701=CARTESIAN_POINT('Ctrl Pts',(11.4803843908827,0.5,2.50049995001));
#17702=CARTESIAN_POINT('Ctrl Pts',(11.5171572875254,0.5,2.50049995001));
#17703=CARTESIAN_POINT('Ctrl Pts',(11.553930184168,0.5,2.50049995001));
#17704=CARTESIAN_POINT('Ctrl Pts',(11.5971866374526,0.5,2.49177565148113));
#17705=CARTESIAN_POINT('Ctrl Pts',(11.6653648674167,0.5,2.46321775304299));
#17706=CARTESIAN_POINT('Ctrl Pts',(11.7022559342022,0.5,2.43820039205107));
#17707=CARTESIAN_POINT('Ctrl Pts',(11.754826846069,0.5,2.38497928326186));
#17708=CARTESIAN_POINT('Ctrl Pts',(11.7796537360432,0.5,2.34721349964632));
#17709=CARTESIAN_POINT('Ctrl Pts',(11.7960384278177,0.5,2.3071480170274));
#17710=CARTESIAN_POINT('Ctrl Pts',(11.7980812513832,0.5,2.30174671505682));
#17711=CARTESIAN_POINT('Ctrl Pts',(11.8,0.5,2.296192500641));
#17712=CARTESIAN_POINT('',(9.8,0.5,2.29619250064101));
#17713=CARTESIAN_POINT('',(7.91715728752538,0.5,2.29619250064101));
#17714=CARTESIAN_POINT('',(9.8,0.5,0.));
#17715=CARTESIAN_POINT('Origin',(9.8,-0.5,0.));
#17716=CARTESIAN_POINT('',(11.8,-0.5,-1.54616460960662));
#17717=CARTESIAN_POINT('',(9.8,-0.5,-1.54616460960662));
#17718=CARTESIAN_POINT('',(5.9,-0.5,-1.54616460960662));
#17719=CARTESIAN_POINT('',(11.8,-0.5,-2.296192500641));
#17720=CARTESIAN_POINT('',(11.8,-0.5,0.));
#17721=CARTESIAN_POINT('',(11.2343145750508,-0.5,-2.29619250064101));
#17722=CARTESIAN_POINT('Ctrl Pts',(11.2343145750508,-0.5,-2.29619250064101));
#17723=CARTESIAN_POINT('Ctrl Pts',(11.2362333236676,-0.5,-2.30174671505682));
#17724=CARTESIAN_POINT('Ctrl Pts',(11.238276147233,-0.5,-2.3071480170274));
#17725=CARTESIAN_POINT('Ctrl Pts',(11.2546608390076,-0.5,-2.34721349964632));
#17726=CARTESIAN_POINT('Ctrl Pts',(11.2794877289817,-0.5,-2.38497928326186));
#17727=CARTESIAN_POINT('Ctrl Pts',(11.3320586408486,-0.5,-2.43820039205107));
#17728=CARTESIAN_POINT('Ctrl Pts',(11.3689497076341,-0.5,-2.46321775304299));
#17729=CARTESIAN_POINT('Ctrl Pts',(11.4371279375981,-0.5,-2.49177565148113));
#17730=CARTESIAN_POINT('Ctrl Pts',(11.4803843908828,-0.5,-2.50049995001));
#17731=CARTESIAN_POINT('Ctrl Pts',(11.5171572875254,-0.5,-2.50049995001));
#17732=CARTESIAN_POINT('Ctrl Pts',(11.553930184168,-0.5,-2.50049995001));
#17733=CARTESIAN_POINT('Ctrl Pts',(11.5971866374526,-0.5,-2.49177565148113));
#17734=CARTESIAN_POINT('Ctrl Pts',(11.6653648674167,-0.5,-2.46321775304299));
#17735=CARTESIAN_POINT('Ctrl Pts',(11.7022559342022,-0.5,-2.43820039205107));
#17736=CARTESIAN_POINT('Ctrl Pts',(11.754826846069,-0.5,-2.38497928326186));
#17737=CARTESIAN_POINT('Ctrl Pts',(11.7796537360432,-0.5,-2.34721349964632));
#17738=CARTESIAN_POINT('Ctrl Pts',(11.7960384278177,-0.5,-2.3071480170274));
#17739=CARTESIAN_POINT('Ctrl Pts',(11.7980812513832,-0.5,-2.30174671505682));
#17740=CARTESIAN_POINT('Ctrl Pts',(11.8,-0.5,-2.29619250064101));
#17741=CARTESIAN_POINT('',(9.8,-0.5,-2.29619250064101));
#17742=CARTESIAN_POINT('',(7.91715728752538,-0.5,-2.29619250064101));
#17743=CARTESIAN_POINT('',(9.8,-0.5,0.));
#17744=CARTESIAN_POINT('Origin',(9.8,-0.5,0.));
#17745=CARTESIAN_POINT('',(9.8,-0.5,1.54616460960662));
#17746=CARTESIAN_POINT('',(11.8,-0.5,1.54616460960662));
#17747=CARTESIAN_POINT('',(5.9,-0.5,1.54616460960662));
#17748=CARTESIAN_POINT('',(9.8,-0.5,2.29619250064101));
#17749=CARTESIAN_POINT('',(9.8,-0.5,0.));
#17750=CARTESIAN_POINT('',(11.2343145750508,-0.5,2.29619250064101));
#17751=CARTESIAN_POINT('',(7.91715728752538,-0.5,2.29619250064101));
#17752=CARTESIAN_POINT('',(11.8,-0.5,2.296192500641));
#17753=CARTESIAN_POINT('Ctrl Pts',(11.8,-0.5,2.296192500641));
#17754=CARTESIAN_POINT('Ctrl Pts',(11.7980812513832,-0.5,2.30174671505682));
#17755=CARTESIAN_POINT('Ctrl Pts',(11.7960384278177,-0.5,2.3071480170274));
#17756=CARTESIAN_POINT('Ctrl Pts',(11.7796537360432,-0.5,2.34721349964632));
#17757=CARTESIAN_POINT('Ctrl Pts',(11.754826846069,-0.5,2.38497928326186));
#17758=CARTESIAN_POINT('Ctrl Pts',(11.7022559342022,-0.5,2.43820039205107));
#17759=CARTESIAN_POINT('Ctrl Pts',(11.6653648674167,-0.5,2.46321775304299));
#17760=CARTESIAN_POINT('Ctrl Pts',(11.5971866374526,-0.5,2.49177565148113));
#17761=CARTESIAN_POINT('Ctrl Pts',(11.553930184168,-0.5,2.50049995001));
#17762=CARTESIAN_POINT('Ctrl Pts',(11.5171572875254,-0.5,2.50049995001));
#17763=CARTESIAN_POINT('Ctrl Pts',(11.4803843908828,-0.5,2.50049995001));
#17764=CARTESIAN_POINT('Ctrl Pts',(11.4371279375981,-0.5,2.49177565148113));
#17765=CARTESIAN_POINT('Ctrl Pts',(11.3689497076341,-0.5,2.46321775304299));
#17766=CARTESIAN_POINT('Ctrl Pts',(11.3320586408486,-0.5,2.43820039205107));
#17767=CARTESIAN_POINT('Ctrl Pts',(11.2794877289817,-0.5,2.38497928326186));
#17768=CARTESIAN_POINT('Ctrl Pts',(11.2546608390076,-0.5,2.34721349964632));
#17769=CARTESIAN_POINT('Ctrl Pts',(11.238276147233,-0.5,2.3071480170274));
#17770=CARTESIAN_POINT('Ctrl Pts',(11.2362333236676,-0.5,2.30174671505682));
#17771=CARTESIAN_POINT('Ctrl Pts',(11.2343145750508,-0.5,2.29619250064101));
#17772=CARTESIAN_POINT('',(11.8,-0.5,0.));
#17773=CARTESIAN_POINT('Origin',(9.8,0.,0.));
#17774=CARTESIAN_POINT('Ctrl Pts',(9.8,-0.5,-1.54616460960662));
#17775=CARTESIAN_POINT('Ctrl Pts',(9.73676304738335,-0.5,-1.54616460960662));
#17776=CARTESIAN_POINT('Ctrl Pts',(9.66961586760778,-0.487277687407361,
-1.55045056048845));
#17777=CARTESIAN_POINT('Ctrl Pts',(9.54656223699766,-0.436129456065005,
-1.56560772641578));
#17778=CARTESIAN_POINT('Ctrl Pts',(9.49061655875442,-0.397723339940966,
-1.57622621238738));
#17779=CARTESIAN_POINT('Ctrl Pts',(9.40229128909898,-0.309398070285522,
-1.59591491174691));
#17780=CARTESIAN_POINT('Ctrl Pts',(9.36387385909061,-0.253446473393737,
-1.60630953642661));
#17781=CARTESIAN_POINT('Ctrl Pts',(9.31271725650816,-0.130371233609039,
-1.62094687851645));
#17782=CARTESIAN_POINT('Ctrl Pts',(9.3,-0.0632160086056346,-1.625));
#17783=CARTESIAN_POINT('Ctrl Pts',(9.3,0.0632160086056347,-1.625));
#17784=CARTESIAN_POINT('Ctrl Pts',(9.31271725650816,0.130371233609041,-1.62094687851645));
#17785=CARTESIAN_POINT('Ctrl Pts',(9.36387385909061,0.253446473393738,-1.60630953642661));
#17786=CARTESIAN_POINT('Ctrl Pts',(9.40229128909898,0.309398070285522,-1.59591491174691));
#17787=CARTESIAN_POINT('Ctrl Pts',(9.49061655875442,0.397723339940966,-1.57622621238738));
#17788=CARTESIAN_POINT('Ctrl Pts',(9.54656223699766,0.436129456065006,-1.56560772641578));
#17789=CARTESIAN_POINT('Ctrl Pts',(9.66961586760779,0.487277687407361,-1.55045056048845));
#17790=CARTESIAN_POINT('Ctrl Pts',(9.73676304738335,0.5,-1.54616460960662));
#17791=CARTESIAN_POINT('Ctrl Pts',(9.8,0.5,-1.54616460960662));
#17792=CARTESIAN_POINT('Ctrl Pts',(9.8,0.5,-2.29619250064101));
#17793=CARTESIAN_POINT('Ctrl Pts',(9.73700896501414,0.5,-2.29619250064101));
#17794=CARTESIAN_POINT('Ctrl Pts',(9.66995582404642,0.487371690961521,-2.29905360590811));
#17795=CARTESIAN_POINT('Ctrl Pts',(9.54682614401139,0.43628622190144,-2.30929274175346));
#17796=CARTESIAN_POINT('Ctrl Pts',(9.49073233354934,0.397839114735888,-2.31651261250871));
#17797=CARTESIAN_POINT('Ctrl Pts',(9.40216407982798,0.309270861014529,-2.32999096353691));
#17798=CARTESIAN_POINT('Ctrl Pts',(9.36371447285577,0.253175700066535,-2.33713883906494));
#17799=CARTESIAN_POINT('Ctrl Pts',(9.31262718787784,0.130041304127729,-2.34721220752587));
#17800=CARTESIAN_POINT('Ctrl Pts',(9.3,0.0629864911088391,-2.35));
#17801=CARTESIAN_POINT('Ctrl Pts',(9.3,-0.0629864911088386,-2.35));
#17802=CARTESIAN_POINT('Ctrl Pts',(9.31262718787784,-0.130041304127728,
-2.34721220752587));
#17803=CARTESIAN_POINT('Ctrl Pts',(9.36371447285577,-0.253175700066535,
-2.33713883906494));
#17804=CARTESIAN_POINT('Ctrl Pts',(9.40216407982798,-0.309270861014528,
-2.32999096353691));
#17805=CARTESIAN_POINT('Ctrl Pts',(9.49073233354934,-0.397839114735888,
-2.31651261250871));
#17806=CARTESIAN_POINT('Ctrl Pts',(9.54682614401138,-0.436286221901439,
-2.30929274175346));
#17807=CARTESIAN_POINT('Ctrl Pts',(9.66995582404641,-0.487371690961521,
-2.29905360590811));
#17808=CARTESIAN_POINT('Ctrl Pts',(9.73700896501414,-0.5,-2.29619250064101));
#17809=CARTESIAN_POINT('Ctrl Pts',(9.8,-0.5,-2.29619250064101));
#17810=CARTESIAN_POINT('Origin',(9.8,0.,0.));
#17811=CARTESIAN_POINT('Ctrl Pts',(9.8,0.5,1.54616460960662));
#17812=CARTESIAN_POINT('Ctrl Pts',(9.73676304738335,0.5,1.54616460960662));
#17813=CARTESIAN_POINT('Ctrl Pts',(9.66961586760778,0.487277687407361,1.55045056048845));
#17814=CARTESIAN_POINT('Ctrl Pts',(9.54656223699766,0.436129456065005,1.56560772641578));
#17815=CARTESIAN_POINT('Ctrl Pts',(9.49061655875442,0.397723339940966,1.57622621238738));
#17816=CARTESIAN_POINT('Ctrl Pts',(9.40229128909898,0.309398070285522,1.59591491174691));
#17817=CARTESIAN_POINT('Ctrl Pts',(9.36387385909061,0.253446473393737,1.60630953642661));
#17818=CARTESIAN_POINT('Ctrl Pts',(9.31271725650816,0.13037123360904,1.62094687851645));
#17819=CARTESIAN_POINT('Ctrl Pts',(9.3,0.0632160086056347,1.625));
#17820=CARTESIAN_POINT('Ctrl Pts',(9.3,-0.0632160086056346,1.625));
#17821=CARTESIAN_POINT('Ctrl Pts',(9.31271725650816,-0.130371233609039,
1.62094687851645));
#17822=CARTESIAN_POINT('Ctrl Pts',(9.36387385909061,-0.253446473393737,
1.60630953642661));
#17823=CARTESIAN_POINT('Ctrl Pts',(9.40229128909898,-0.309398070285522,
1.59591491174691));
#17824=CARTESIAN_POINT('Ctrl Pts',(9.49061655875442,-0.397723339940966,
1.57622621238738));
#17825=CARTESIAN_POINT('Ctrl Pts',(9.54656223699766,-0.436129456065005,
1.56560772641578));
#17826=CARTESIAN_POINT('Ctrl Pts',(9.66961586760778,-0.487277687407361,
1.55045056048845));
#17827=CARTESIAN_POINT('Ctrl Pts',(9.73676304738335,-0.5,1.54616460960662));
#17828=CARTESIAN_POINT('Ctrl Pts',(9.8,-0.5,1.54616460960662));
#17829=CARTESIAN_POINT('Ctrl Pts',(9.8,-0.5,2.29619250064101));
#17830=CARTESIAN_POINT('Ctrl Pts',(9.73700896501414,-0.5,2.29619250064101));
#17831=CARTESIAN_POINT('Ctrl Pts',(9.66995582404641,-0.487371690961521,
2.29905360590811));
#17832=CARTESIAN_POINT('Ctrl Pts',(9.54682614401138,-0.436286221901439,
2.30929274175346));
#17833=CARTESIAN_POINT('Ctrl Pts',(9.49073233354934,-0.397839114735888,
2.31651261250871));
#17834=CARTESIAN_POINT('Ctrl Pts',(9.40216407982798,-0.309270861014528,
2.32999096353691));
#17835=CARTESIAN_POINT('Ctrl Pts',(9.36371447285577,-0.253175700066535,
2.33713883906494));
#17836=CARTESIAN_POINT('Ctrl Pts',(9.31262718787784,-0.130041304127728,
2.34721220752587));
#17837=CARTESIAN_POINT('Ctrl Pts',(9.3,-0.0629864911088386,2.35));
#17838=CARTESIAN_POINT('Ctrl Pts',(9.3,0.0629864911088391,2.35));
#17839=CARTESIAN_POINT('Ctrl Pts',(9.31262718787784,0.130041304127729,2.34721220752587));
#17840=CARTESIAN_POINT('Ctrl Pts',(9.36371447285577,0.253175700066536,2.33713883906494));
#17841=CARTESIAN_POINT('Ctrl Pts',(9.40216407982798,0.309270861014529,2.32999096353691));
#17842=CARTESIAN_POINT('Ctrl Pts',(9.49073233354934,0.397839114735888,2.31651261250871));
#17843=CARTESIAN_POINT('Ctrl Pts',(9.54682614401139,0.43628622190144,2.30929274175346));
#17844=CARTESIAN_POINT('Ctrl Pts',(9.66995582404642,0.487371690961521,2.29905360590811));
#17845=CARTESIAN_POINT('Ctrl Pts',(9.73700896501414,0.5,2.29619250064101));
#17846=CARTESIAN_POINT('Ctrl Pts',(9.8,0.5,2.29619250064101));
#17847=CARTESIAN_POINT('Origin',(2.5,0.5,0.));
#17848=CARTESIAN_POINT('',(0.,0.5,-1.54616460960662));
#17849=CARTESIAN_POINT('',(2.5,0.5,-1.54616460960662));
#17850=CARTESIAN_POINT('',(5.9,0.5,-1.54616460960662));
#17851=CARTESIAN_POINT('',(0.,0.5,-2.39843699104229));
#17852=CARTESIAN_POINT('',(1.38777878078145E-16,0.5,0.));
#17853=CARTESIAN_POINT('',(0.447213595499956,0.5,-2.39843699104229));
#17854=CARTESIAN_POINT('Ctrl Pts',(0.447213595499956,0.5,-2.39843699104229));
#17855=CARTESIAN_POINT('Ctrl Pts',(0.443126845447212,0.5,-2.40310434625109));
#17856=CARTESIAN_POINT('Ctrl Pts',(0.438971112883073,0.5,-2.40756039787387));
#17857=CARTESIAN_POINT('Ctrl Pts',(0.408705444426809,0.5,-2.43820039205107));
#17858=CARTESIAN_POINT('Ctrl Pts',(0.371814377641301,0.5,-2.46321775304299));
#17859=CARTESIAN_POINT('Ctrl Pts',(0.303636147677224,0.5,-2.49177565148113));
#17860=CARTESIAN_POINT('Ctrl Pts',(0.260379694392608,0.5,-2.50049995001));
#17861=CARTESIAN_POINT('Ctrl Pts',(0.223606797749978,0.5,-2.50049995001));
#17862=CARTESIAN_POINT('Ctrl Pts',(0.186833901107348,0.5,-2.50049995001));
#17863=CARTESIAN_POINT('Ctrl Pts',(0.143577447822731,0.5,-2.49177565148113));
#17864=CARTESIAN_POINT('Ctrl Pts',(0.0753992178586545,0.5,-2.46321775304299));
#17865=CARTESIAN_POINT('Ctrl Pts',(0.0385081510731463,0.5,-2.43820039205107));
#17866=CARTESIAN_POINT('Ctrl Pts',(0.00824248261688256,0.5,-2.40756039787387));
#17867=CARTESIAN_POINT('Ctrl Pts',(0.00408675005274401,0.5,-2.40310434625109));
#17868=CARTESIAN_POINT('Ctrl Pts',(-3.60752145041206E-16,0.5,-2.39843699104229));
#17869=CARTESIAN_POINT('',(2.5,0.5,-2.39843699104229));
#17870=CARTESIAN_POINT('',(1.72360679774998,0.5,-2.39843699104229));
#17871=CARTESIAN_POINT('',(2.5,0.5,0.));
#17872=CARTESIAN_POINT('Origin',(0.,-0.5,0.));
#17873=CARTESIAN_POINT('',(2.5,-0.5,-1.54616460960662));
#17874=CARTESIAN_POINT('',(0.,-0.5,-1.54616460960662));
#17875=CARTESIAN_POINT('',(5.9,-0.5,-1.54616460960662));
#17876=CARTESIAN_POINT('',(2.5,-0.5,-2.39843699104229));
#17877=CARTESIAN_POINT('',(2.5,-0.5,0.));
#17878=CARTESIAN_POINT('',(0.447213595499956,-0.5,-2.39843699104229));
#17879=CARTESIAN_POINT('',(1.72360679774998,-0.5,-2.39843699104229));
#17880=CARTESIAN_POINT('',(0.,-0.5,-2.39843699104229));
#17881=CARTESIAN_POINT('Ctrl Pts',(-3.60752145041207E-16,-0.5,-2.39843699104229));
#17882=CARTESIAN_POINT('Ctrl Pts',(0.00408675005274401,-0.5,-2.40310434625109));
#17883=CARTESIAN_POINT('Ctrl Pts',(0.00824248261688262,-0.5,-2.40756039787387));
#17884=CARTESIAN_POINT('Ctrl Pts',(0.0385081510731463,-0.5,-2.43820039205107));
#17885=CARTESIAN_POINT('Ctrl Pts',(0.0753992178586545,-0.5,-2.46321775304299));
#17886=CARTESIAN_POINT('Ctrl Pts',(0.143577447822731,-0.5,-2.49177565148113));
#17887=CARTESIAN_POINT('Ctrl Pts',(0.186833901107348,-0.5,-2.50049995001));
#17888=CARTESIAN_POINT('Ctrl Pts',(0.223606797749978,-0.5,-2.50049995001));
#17889=CARTESIAN_POINT('Ctrl Pts',(0.260379694392608,-0.5,-2.50049995001));
#17890=CARTESIAN_POINT('Ctrl Pts',(0.303636147677225,-0.5,-2.49177565148113));
#17891=CARTESIAN_POINT('Ctrl Pts',(0.371814377641301,-0.5,-2.46321775304299));
#17892=CARTESIAN_POINT('Ctrl Pts',(0.40870544442681,-0.5,-2.43820039205107));
#17893=CARTESIAN_POINT('Ctrl Pts',(0.438971112883074,-0.5,-2.40756039787387));
#17894=CARTESIAN_POINT('Ctrl Pts',(0.443126845447212,-0.5,-2.40310434625109));
#17895=CARTESIAN_POINT('Ctrl Pts',(0.447213595499956,-0.5,-2.39843699104229));
#17896=CARTESIAN_POINT('',(8.01727794389176E-17,-0.5,0.));
#17897=CARTESIAN_POINT('Origin',(0.,-0.5,0.));
#17898=CARTESIAN_POINT('',(2.5,-0.5,2.39843699104229));
#17899=CARTESIAN_POINT('',(0.447213595499956,-0.5,2.39843699104229));
#17900=CARTESIAN_POINT('',(1.72360679774998,-0.5,2.39843699104229));
#17901=CARTESIAN_POINT('',(2.5,-0.5,1.54616460960662));
#17902=CARTESIAN_POINT('',(2.5,-0.5,0.));
#17903=CARTESIAN_POINT('',(0.,-0.5,1.54616460960662));
#17904=CARTESIAN_POINT('',(5.9,-0.5,1.54616460960662));
#17905=CARTESIAN_POINT('',(0.,-0.5,2.39843699104229));
#17906=CARTESIAN_POINT('',(8.01727794389176E-17,-0.5,0.));
#17907=CARTESIAN_POINT('Ctrl Pts',(0.447213595499956,-0.5,2.39843699104229));
#17908=CARTESIAN_POINT('Ctrl Pts',(0.443126845447212,-0.5,2.40310434625109));
#17909=CARTESIAN_POINT('Ctrl Pts',(0.438971112883073,-0.5,2.40756039787387));
#17910=CARTESIAN_POINT('Ctrl Pts',(0.40870544442681,-0.5,2.43820039205107));
#17911=CARTESIAN_POINT('Ctrl Pts',(0.371814377641301,-0.5,2.46321775304299));
#17912=CARTESIAN_POINT('Ctrl Pts',(0.303636147677225,-0.5,2.49177565148113));
#17913=CARTESIAN_POINT('Ctrl Pts',(0.260379694392608,-0.5,2.50049995001));
#17914=CARTESIAN_POINT('Ctrl Pts',(0.223606797749978,-0.5,2.50049995001));
#17915=CARTESIAN_POINT('Ctrl Pts',(0.186833901107348,-0.5,2.50049995001));
#17916=CARTESIAN_POINT('Ctrl Pts',(0.143577447822731,-0.5,2.49177565148113));
#17917=CARTESIAN_POINT('Ctrl Pts',(0.0753992178586545,-0.5,2.46321775304299));
#17918=CARTESIAN_POINT('Ctrl Pts',(0.0385081510731463,-0.5,2.43820039205107));
#17919=CARTESIAN_POINT('Ctrl Pts',(0.00824248261688254,-0.5,2.40756039787387));
#17920=CARTESIAN_POINT('Ctrl Pts',(0.00408675005274397,-0.5,2.40310434625109));
#17921=CARTESIAN_POINT('Ctrl Pts',(-3.60752145041211E-16,-0.5,2.39843699104229));
#17922=CARTESIAN_POINT('Origin',(2.5,0.,0.));
#17923=CARTESIAN_POINT('Ctrl Pts',(2.5,0.5,-1.54616460960662));
#17924=CARTESIAN_POINT('Ctrl Pts',(2.56323695261665,0.5,-1.54616460960662));
#17925=CARTESIAN_POINT('Ctrl Pts',(2.63038413239222,0.487277687407361,-1.55045056048845));
#17926=CARTESIAN_POINT('Ctrl Pts',(2.75343776300235,0.436129456065005,-1.56560772641578));
#17927=CARTESIAN_POINT('Ctrl Pts',(2.80938344124558,0.397723339940966,-1.57622621238738));
#17928=CARTESIAN_POINT('Ctrl Pts',(2.89770871090103,0.309398070285522,-1.59591491174691));
#17929=CARTESIAN_POINT('Ctrl Pts',(2.93612614090939,0.253446473393737,-1.60630953642661));
#17930=CARTESIAN_POINT('Ctrl Pts',(2.98728274349185,0.13037123360904,-1.62094687851645));
#17931=CARTESIAN_POINT('Ctrl Pts',(3.,0.0632160086056348,-1.625));
#17932=CARTESIAN_POINT('Ctrl Pts',(3.,-0.0632160086056346,-1.625));
#17933=CARTESIAN_POINT('Ctrl Pts',(2.98728274349185,-0.13037123360904,-1.62094687851645));
#17934=CARTESIAN_POINT('Ctrl Pts',(2.93612614090939,-0.253446473393737,
-1.60630953642661));
#17935=CARTESIAN_POINT('Ctrl Pts',(2.89770871090103,-0.309398070285522,
-1.59591491174691));
#17936=CARTESIAN_POINT('Ctrl Pts',(2.80938344124558,-0.397723339940966,
-1.57622621238738));
#17937=CARTESIAN_POINT('Ctrl Pts',(2.75343776300235,-0.436129456065006,
-1.56560772641578));
#17938=CARTESIAN_POINT('Ctrl Pts',(2.63038413239222,-0.487277687407361,
-1.55045056048845));
#17939=CARTESIAN_POINT('Ctrl Pts',(2.56323695261665,-0.5,-1.54616460960662));
#17940=CARTESIAN_POINT('Ctrl Pts',(2.5,-0.5,-1.54616460960662));
#17941=CARTESIAN_POINT('',(3.,0.,-2.45));
#17942=CARTESIAN_POINT('Ctrl Pts',(3.,-2.60208521396521E-17,-2.45));
#17943=CARTESIAN_POINT('Ctrl Pts',(3.,0.0629698977858373,-2.45));
#17944=CARTESIAN_POINT('Ctrl Pts',(2.98737931343707,0.130017487925093,-2.44732702471068));
#17945=CARTESIAN_POINT('Ctrl Pts',(2.93629696853332,0.253156266558891,-2.43766815173265));
#17946=CARTESIAN_POINT('Ctrl Pts',(2.89784496181301,0.309261819373534,-2.43081479998453));
#17947=CARTESIAN_POINT('Ctrl Pts',(2.80925912418984,0.397847656996703,-2.41789597592641));
#17948=CARTESIAN_POINT('Ctrl Pts',(2.75315471432273,0.436297553323956,-2.41097921695445));
#17949=CARTESIAN_POINT('Ctrl Pts',(2.63001991388202,0.487378366195528,-2.40117443766839));
#17950=CARTESIAN_POINT('Ctrl Pts',(2.56297372956323,0.5,-2.39843699104229));
#17951=CARTESIAN_POINT('Ctrl Pts',(2.5,0.5,-2.39843699104229));
#17952=CARTESIAN_POINT('Ctrl Pts',(2.5,-0.5,-2.39843699104229));
#17953=CARTESIAN_POINT('Ctrl Pts',(2.56297372956323,-0.5,-2.39843699104229));
#17954=CARTESIAN_POINT('Ctrl Pts',(2.63001991388202,-0.487378366195528,
-2.40117443766839));
#17955=CARTESIAN_POINT('Ctrl Pts',(2.75315471432273,-0.436297553323956,
-2.41097921695445));
#17956=CARTESIAN_POINT('Ctrl Pts',(2.80925912418984,-0.397847656996703,
-2.41789597592641));
#17957=CARTESIAN_POINT('Ctrl Pts',(2.89784496181301,-0.309261819373534,
-2.43081479998453));
#17958=CARTESIAN_POINT('Ctrl Pts',(2.93629696853332,-0.253156266558891,
-2.43766815173265));
#17959=CARTESIAN_POINT('Ctrl Pts',(2.98737931343707,-0.130017487925093,
-2.44732702471068));
#17960=CARTESIAN_POINT('Ctrl Pts',(3.,-0.0629698977858374,-2.45));
#17961=CARTESIAN_POINT('Ctrl Pts',(3.,-2.60208521396521E-17,-2.45));
#17962=CARTESIAN_POINT('Origin',(2.5,0.5,0.));
#17963=CARTESIAN_POINT('',(0.447213595499956,0.5,2.39843699104229));
#17964=CARTESIAN_POINT('',(2.5,0.5,2.39843699104229));
#17965=CARTESIAN_POINT('',(1.72360679774998,0.5,2.39843699104229));
#17966=CARTESIAN_POINT('',(0.,0.5,2.39843699104229));
#17967=CARTESIAN_POINT('Ctrl Pts',(-3.60752145041206E-16,0.5,2.39843699104229));
#17968=CARTESIAN_POINT('Ctrl Pts',(0.00408675005274401,0.5,2.40310434625109));
#17969=CARTESIAN_POINT('Ctrl Pts',(0.00824248261688255,0.5,2.40756039787387));
#17970=CARTESIAN_POINT('Ctrl Pts',(0.0385081510731463,0.5,2.43820039205107));
#17971=CARTESIAN_POINT('Ctrl Pts',(0.0753992178586545,0.5,2.46321775304299));
#17972=CARTESIAN_POINT('Ctrl Pts',(0.143577447822731,0.5,2.49177565148113));
#17973=CARTESIAN_POINT('Ctrl Pts',(0.186833901107348,0.5,2.50049995001));
#17974=CARTESIAN_POINT('Ctrl Pts',(0.223606797749978,0.5,2.50049995001));
#17975=CARTESIAN_POINT('Ctrl Pts',(0.260379694392608,0.5,2.50049995001));
#17976=CARTESIAN_POINT('Ctrl Pts',(0.303636147677224,0.5,2.49177565148113));
#17977=CARTESIAN_POINT('Ctrl Pts',(0.371814377641301,0.5,2.46321775304299));
#17978=CARTESIAN_POINT('Ctrl Pts',(0.408705444426809,0.5,2.43820039205107));
#17979=CARTESIAN_POINT('Ctrl Pts',(0.438971112883073,0.5,2.40756039787387));
#17980=CARTESIAN_POINT('Ctrl Pts',(0.443126845447212,0.5,2.40310434625109));
#17981=CARTESIAN_POINT('Ctrl Pts',(0.447213595499956,0.5,2.39843699104229));
#17982=CARTESIAN_POINT('',(0.,0.5,1.54616460960662));
#17983=CARTESIAN_POINT('',(1.38777878078145E-16,0.5,0.));
#17984=CARTESIAN_POINT('',(2.5,0.5,1.54616460960662));
#17985=CARTESIAN_POINT('',(5.9,0.5,1.54616460960662));
#17986=CARTESIAN_POINT('',(2.5,0.5,0.));
#17987=CARTESIAN_POINT('Origin',(2.5,0.,0.));
#17988=CARTESIAN_POINT('',(3.,0.,2.45));
#17989=CARTESIAN_POINT('Ctrl Pts',(3.,-1.30104260698261E-17,2.45));
#17990=CARTESIAN_POINT('Ctrl Pts',(3.,-0.0629698977858374,2.45));
#17991=CARTESIAN_POINT('Ctrl Pts',(2.98737931343707,-0.130017487925093,
2.44732702471068));
#17992=CARTESIAN_POINT('Ctrl Pts',(2.93629696853332,-0.253156266558891,
2.43766815173265));
#17993=CARTESIAN_POINT('Ctrl Pts',(2.89784496181301,-0.309261819373534,
2.43081479998453));
#17994=CARTESIAN_POINT('Ctrl Pts',(2.80925912418984,-0.397847656996703,
2.41789597592641));
#17995=CARTESIAN_POINT('Ctrl Pts',(2.75315471432273,-0.436297553323956,
2.41097921695445));
#17996=CARTESIAN_POINT('Ctrl Pts',(2.63001991388202,-0.487378366195528,
2.40117443766839));
#17997=CARTESIAN_POINT('Ctrl Pts',(2.56297372956323,-0.5,2.39843699104229));
#17998=CARTESIAN_POINT('Ctrl Pts',(2.5,-0.5,2.39843699104229));
#17999=CARTESIAN_POINT('Ctrl Pts',(2.5,0.5,2.39843699104229));
#18000=CARTESIAN_POINT('Ctrl Pts',(2.56297372956323,0.5,2.39843699104229));
#18001=CARTESIAN_POINT('Ctrl Pts',(2.63001991388202,0.487378366195528,2.40117443766839));
#18002=CARTESIAN_POINT('Ctrl Pts',(2.75315471432273,0.436297553323956,2.41097921695445));
#18003=CARTESIAN_POINT('Ctrl Pts',(2.80925912418984,0.397847656996703,2.41789597592641));
#18004=CARTESIAN_POINT('Ctrl Pts',(2.89784496181301,0.309261819373534,2.43081479998453));
#18005=CARTESIAN_POINT('Ctrl Pts',(2.93629696853332,0.253156266558891,2.43766815173265));
#18006=CARTESIAN_POINT('Ctrl Pts',(2.98737931343707,0.130017487925092,2.44732702471068));
#18007=CARTESIAN_POINT('Ctrl Pts',(3.,0.0629698977858373,2.45));
#18008=CARTESIAN_POINT('Ctrl Pts',(3.,-1.30104260698261E-17,2.45));
#18009=CARTESIAN_POINT('Ctrl Pts',(2.5,-0.5,1.54616460960662));
#18010=CARTESIAN_POINT('Ctrl Pts',(2.56323695261665,-0.5,1.54616460960662));
#18011=CARTESIAN_POINT('Ctrl Pts',(2.63038413239222,-0.487277687407361,
1.55045056048845));
#18012=CARTESIAN_POINT('Ctrl Pts',(2.75343776300235,-0.436129456065005,
1.56560772641578));
#18013=CARTESIAN_POINT('Ctrl Pts',(2.80938344124558,-0.397723339940966,
1.57622621238738));
#18014=CARTESIAN_POINT('Ctrl Pts',(2.89770871090103,-0.309398070285522,
1.59591491174691));
#18015=CARTESIAN_POINT('Ctrl Pts',(2.93612614090939,-0.253446473393737,
1.60630953642661));
#18016=CARTESIAN_POINT('Ctrl Pts',(2.98728274349185,-0.13037123360904,1.62094687851645));
#18017=CARTESIAN_POINT('Ctrl Pts',(3.,-0.0632160086056346,1.625));
#18018=CARTESIAN_POINT('Ctrl Pts',(3.,0.0632160086056347,1.625));
#18019=CARTESIAN_POINT('Ctrl Pts',(2.98728274349185,0.13037123360904,1.62094687851645));
#18020=CARTESIAN_POINT('Ctrl Pts',(2.93612614090939,0.253446473393737,1.60630953642661));
#18021=CARTESIAN_POINT('Ctrl Pts',(2.89770871090103,0.309398070285522,1.59591491174691));
#18022=CARTESIAN_POINT('Ctrl Pts',(2.80938344124558,0.397723339940966,1.57622621238738));
#18023=CARTESIAN_POINT('Ctrl Pts',(2.75343776300235,0.436129456065005,1.56560772641578));
#18024=CARTESIAN_POINT('Ctrl Pts',(2.63038413239222,0.487277687407361,1.55045056048845));
#18025=CARTESIAN_POINT('Ctrl Pts',(2.56323695261665,0.5,1.54616460960662));
#18026=CARTESIAN_POINT('Ctrl Pts',(2.5,0.5,1.54616460960662));
#18027=CARTESIAN_POINT('Origin',(11.8,1.625,0.));
#18028=CARTESIAN_POINT('Origin',(11.8,0.,0.));
#18029=CARTESIAN_POINT('',(11.8,-1.625,-1.99005104861445E-16));
#18030=CARTESIAN_POINT('Origin',(11.8,0.,0.));
#18031=CARTESIAN_POINT('Origin',(11.8,0.,0.));
#18032=CARTESIAN_POINT('Origin',(11.5171572875254,0.,0.));
#18033=CARTESIAN_POINT('',(11.2343145750508,-2.35,-2.87791997799628E-16));
#18034=CARTESIAN_POINT('Origin',(11.2343145750508,0.,0.));
#18035=CARTESIAN_POINT('Origin',(11.2343145750508,0.,0.));
#18036=CARTESIAN_POINT('Origin',(5.9,0.,0.));
#18037=CARTESIAN_POINT('',(0.,-1.625,-1.99005104861445E-16));
#18038=CARTESIAN_POINT('',(5.9,-1.625,-1.99005104861445E-16));
#18039=CARTESIAN_POINT('Origin',(0.,0.,0.));
#18040=CARTESIAN_POINT('Origin',(0.,0.,0.));
#18041=CARTESIAN_POINT('Origin',(0.,0.,0.));
#18042=CARTESIAN_POINT('Origin',(11.8,0.,0.));
#18043=CARTESIAN_POINT('Origin',(8.01727794389176E-17,2.45,0.));
#18044=CARTESIAN_POINT('Origin',(0.,0.,0.));
#18045=CARTESIAN_POINT('Origin',(8.01727794389176E-17,2.45,0.));
#18046=CARTESIAN_POINT('Origin',(0.,0.,0.));
#18047=CARTESIAN_POINT('Origin',(1.72360679774998,0.,0.));
#18048=CARTESIAN_POINT('Origin',(0.447213595499956,0.,0.));
#18049=CARTESIAN_POINT('Origin',(3.,0.,0.));
#18050=CARTESIAN_POINT('Origin',(0.223606797749978,0.,0.));
#18051=CARTESIAN_POINT('Origin',(0.447213595499956,0.,0.));
#18052=CARTESIAN_POINT('Origin',(0.223606797749978,0.,0.));
#18053=CARTESIAN_POINT('Origin',(4.6,2.35,0.));
#18054=CARTESIAN_POINT('',(4.6,-3.,-3.67394039744206E-16));
#18055=CARTESIAN_POINT('Origin',(4.6,0.,0.));
#18056=CARTESIAN_POINT('',(4.6,-2.35,-2.87791997799628E-16));
#18057=CARTESIAN_POINT('Origin',(4.6,0.,0.));
#18058=CARTESIAN_POINT('Origin',(7.91715728752538,0.,0.));
#18059=CARTESIAN_POINT('Origin',(11.2343145750508,0.,0.));
#18060=CARTESIAN_POINT('',(7.91715728752538,-2.35,-2.87791997799628E-16));
#18061=CARTESIAN_POINT('Origin',(11.5171572875254,0.,0.));
#18062=CARTESIAN_POINT('Origin',(11.8,0.,0.));
#18063=CARTESIAN_POINT('Origin',(11.8,1.625,0.));
#18064=CARTESIAN_POINT('Origin',(1.72360679774998,0.,0.));
#18065=CARTESIAN_POINT('Origin',(3.,0.,0.));
#18066=CARTESIAN_POINT('Origin',(3.,3.,0.));
#18067=CARTESIAN_POINT('',(3.,-3.,-3.67394039744206E-16));
#18068=CARTESIAN_POINT('Origin',(3.,0.,0.));
#18069=CARTESIAN_POINT('Origin',(3.8,0.,0.));
#18070=CARTESIAN_POINT('',(3.8,-3.,-3.67394039744206E-16));
#18071=CARTESIAN_POINT('',(0.,0.,0.));
#18072=CARTESIAN_POINT('Origin',(0.100000000000002,-1.176170634514E-16,
0.));
#18073=CARTESIAN_POINT('',(2.22044604925031E-15,-3.13855330922624E-16,1.6));
#18074=CARTESIAN_POINT('Origin',(2.22044604925031E-15,-1.17911843059047E-16,
0.));
#18075=CARTESIAN_POINT('',(0.100000000000002,-3.01314083323503E-16,1.5));
#18076=CARTESIAN_POINT('Origin',(0.100000000000002,-3.13560551314976E-16,
1.6));
#18077=CARTESIAN_POINT('',(0.100000000000002,-1.5,-1.83697019872103E-16));
#18078=CARTESIAN_POINT('Origin',(0.100000000000002,-1.176170634514E-16,
0.));
#18079=CARTESIAN_POINT('Origin',(0.100000000000002,-1.176170634514E-16,
0.));
#18080=CARTESIAN_POINT('Origin',(31.,-2.65301646882856E-17,0.));
#18081=CARTESIAN_POINT('',(39.693275,1.5,1.83697019872103E-16));
#18082=CARTESIAN_POINT('',(39.693275,-1.5,-1.83697019872103E-16));
#18083=CARTESIAN_POINT('Origin',(39.693275,-9.04162751557159E-19,0.));
#18084=CARTESIAN_POINT('Origin',(39.693275,-9.04162751557159E-19,0.));
#18085=CARTESIAN_POINT('',(31.,-1.5,-1.83697019872103E-16));
#18086=CARTESIAN_POINT('Origin',(2.22044604925031E-15,2.125,0.));
#18087=CARTESIAN_POINT('',(0.,-2.75,-3.36777869765522E-16));
#18088=CARTESIAN_POINT('Origin',(0.,-1.17911843059047E-16,0.));
#18089=CARTESIAN_POINT('Origin',(39.8466375,-4.52081375778579E-19,0.));
#18090=CARTESIAN_POINT('',(40.,1.193275,-1.46134040925256E-16));
#18091=CARTESIAN_POINT('Origin',(40.,1.20370621524202E-33,0.));
#18092=CARTESIAN_POINT('',(39.8466375,1.3466375,1.6491553039868E-16));
#18093=CARTESIAN_POINT('Origin',(40.,0.750000000000001,0.));
#18094=CARTESIAN_POINT('Origin',(-2.69999999999999,-1.25870892465533E-16,
0.));
#18095=CARTESIAN_POINT('',(-2.69999999999999,-4.62648762231055E-16,2.75));
#18096=CARTESIAN_POINT('',(-2.69999999999999,-2.75,-3.36777869765522E-16));
#18097=CARTESIAN_POINT('Origin',(-2.69999999999999,-1.25870892465533E-16,
0.));
#18098=CARTESIAN_POINT('Origin',(-2.69999999999999,-1.25870892465533E-16,
0.));
#18099=CARTESIAN_POINT('',(-2.99999999999999,-4.26793697079578E-16,2.45));
#18100=CARTESIAN_POINT('Origin',(-2.69999999999999,-4.25909358256635E-16,
2.45));
#18101=CARTESIAN_POINT('Origin',(-2.99999999999999,-1.26755231288476E-16,
0.));
#18102=CARTESIAN_POINT('Origin',(-2.99999999999999,2.09668783648703,0.));
#18103=CARTESIAN_POINT('',(-2.99999999999999,1.25,-0.721687836487033));
#18104=CARTESIAN_POINT('',(-2.99999999999999,1.25,0.721687836487031));
#18105=CARTESIAN_POINT('',(-2.99999999999999,1.25,0.360843918243515));
#18106=CARTESIAN_POINT('',(-2.99999999999999,5.00073084990087E-17,1.44337567297406));
#18107=CARTESIAN_POINT('',(-2.99999999999999,0.3125,1.26295371385231));
#18108=CARTESIAN_POINT('',(-2.99999999999999,-1.25,0.721687836487032));
#18109=CARTESIAN_POINT('',(-2.99999999999999,-0.9375,0.90210979560879));
#18110=CARTESIAN_POINT('',(-2.99999999999999,-1.25,-0.721687836487031));
#18111=CARTESIAN_POINT('',(-2.99999999999999,-1.25,-0.360843918243516));
#18112=CARTESIAN_POINT('',(-2.99999999999999,-4.20596101430911E-16,-1.44337567297406));
#18113=CARTESIAN_POINT('',(-2.99999999999999,-0.312500000000001,-1.26295371385231));
#18114=CARTESIAN_POINT('',(-2.99999999999999,0.9375,-0.902109795608791));
#18115=CARTESIAN_POINT('Origin',(-1.49999999999999,-1.22333537173762E-16,
0.));
#18116=CARTESIAN_POINT('',(-1.49999999999999,-2.75,-3.36777869765522E-16));
#18117=CARTESIAN_POINT('Origin',(-2.99999999999999,-4.20596101430911E-16,
-1.44337567297406));
#18118=CARTESIAN_POINT('',(-1.7,4.89554708172925E-16,-1.44337567297406));
#18119=CARTESIAN_POINT('',(-1.7,-1.25,-0.721687836487031));
#18120=CARTESIAN_POINT('Ctrl Pts',(-1.69999999999999,-1.66716566477967E-14,
-1.44337567297406));
#18121=CARTESIAN_POINT('Ctrl Pts',(-1.49166666666667,-0.625000000000001,
-1.08253175473055));
#18122=CARTESIAN_POINT('Ctrl Pts',(-1.69999999999999,-1.24999999999999,
-0.72168783648704));
#18123=CARTESIAN_POINT('',(-2.34999999999999,4.85722573273506E-16,-1.44337567297406));
#18124=CARTESIAN_POINT('',(-2.34999999999999,-1.25,-0.721687836487031));
#18125=CARTESIAN_POINT('Origin',(-2.99999999999999,1.25,-0.721687836487033));
#18126=CARTESIAN_POINT('',(-1.7,1.25,-0.721687836487032));
#18127=CARTESIAN_POINT('Ctrl Pts',(-1.69999999999999,1.24999999999998,-0.721687836487042));
#18128=CARTESIAN_POINT('Ctrl Pts',(-1.49166666666667,0.625,-1.08253175473055));
#18129=CARTESIAN_POINT('Ctrl Pts',(-1.69999999999999,1.64962562128796E-14,
-1.44337567297405));
#18130=CARTESIAN_POINT('',(-2.34999999999999,1.25,-0.721687836487032));
#18131=CARTESIAN_POINT('Origin',(-2.99999999999999,1.25,0.721687836487031));
#18132=CARTESIAN_POINT('',(-1.7,1.25,0.721687836487031));
#18133=CARTESIAN_POINT('Ctrl Pts',(-1.69999999999999,1.25,0.721687836487013));
#18134=CARTESIAN_POINT('Ctrl Pts',(-1.49166666666667,1.25,-5.55111512312578E-16));
#18135=CARTESIAN_POINT('Ctrl Pts',(-1.69999999999999,1.25,-0.721687836487014));
#18136=CARTESIAN_POINT('',(-2.34999999999999,1.25,0.721687836487031));
#18137=CARTESIAN_POINT('Origin',(-2.99999999999999,-9.67106315370908E-18,
1.44337567297406));
#18138=CARTESIAN_POINT('',(-1.7,-1.34945743178726E-16,1.44337567297406));
#18139=CARTESIAN_POINT('Ctrl Pts',(-1.69999999999999,1.55248110663326E-14,
1.44337567297406));
#18140=CARTESIAN_POINT('Ctrl Pts',(-1.49166666666667,0.625,1.08253175473055));
#18141=CARTESIAN_POINT('Ctrl Pts',(-1.69999999999999,1.24999999999998,0.72168783648704));
#18142=CARTESIAN_POINT('',(-2.34999999999999,-1.38777878078145E-16,1.44337567297406));
#18143=CARTESIAN_POINT('Origin',(-2.99999999999999,-1.25,-0.721687836487031));
#18144=CARTESIAN_POINT('',(-1.5883545031537,-1.25,-1.40947462308167E-16));
#18145=CARTESIAN_POINT('Ctrl Pts',(-1.69999999999999,-1.25,-0.721687836487015));
#18146=CARTESIAN_POINT('Ctrl Pts',(-1.5883545031537,-1.25,-0.334936490538896));
#18147=CARTESIAN_POINT('Ctrl Pts',(-1.5883545031537,-1.25,-1.28814074722915E-16));
#18148=CARTESIAN_POINT('',(-1.7,-1.25,0.721687836487032));
#18149=CARTESIAN_POINT('',(-2.34999999999999,-1.25,0.721687836487032));
#18150=CARTESIAN_POINT('Ctrl Pts',(-1.5883545031537,-1.25,-1.28814074722915E-16));
#18151=CARTESIAN_POINT('Ctrl Pts',(-1.5883545031537,-1.25,0.334936490538896));
#18152=CARTESIAN_POINT('Ctrl Pts',(-1.69999999999999,-1.25,0.721687836487015));
#18153=CARTESIAN_POINT('Origin',(-2.99999999999999,-1.25,0.721687836487032));
#18154=CARTESIAN_POINT('Ctrl Pts',(-1.69999999999999,-1.24999999999998,
0.721687836487041));
#18155=CARTESIAN_POINT('Ctrl Pts',(-1.49166666666667,-0.625,1.08253175473055));
#18156=CARTESIAN_POINT('Ctrl Pts',(-1.69999999999999,-1.53532668060544E-14,
1.44337567297406));
#18157=CARTESIAN_POINT('Origin',(-1.28333333333333,-1.21694848023858E-16,
0.));
#18158=CARTESIAN_POINT('',(-0.86666666666666,-1.2046659965866E-16,0.));
#18159=CARTESIAN_POINT('',(-1.28333333333333,-0.721687836487032,-8.83812698937422E-17));
#18160=CARTESIAN_POINT('',(0.,0.,0.));
#18161=CARTESIAN_POINT('',(0.,0.,0.));
#18162=CARTESIAN_POINT('',(8.94999999999999,-3.50000000000002,-16.2));
#18163=CARTESIAN_POINT('',(0.,0.,20.));
#18164=CARTESIAN_POINT('',(-20.65,26.,64.5));
#18165=CARTESIAN_POINT('',(20.65,26.,64.5));
#18166=CARTESIAN_POINT('',(-20.65,26.,-14.5));
#18167=CARTESIAN_POINT('',(-20.1670370868555,-26.,-14.3705904774487));
#18168=CARTESIAN_POINT('',(-20.65,-26.,64.5));
#18169=CARTESIAN_POINT('',(20.65,26.,-14.5));
#18170=CARTESIAN_POINT('',(21.0035533905933,-26.,-14.1464466094067));
#18171=CARTESIAN_POINT('',(20.65,-26.,64.5));
#18172=CARTESIAN_POINT('',(-20.5,21.4,71.));
#18173=CARTESIAN_POINT('',(20.5,21.4,-21.));
#18174=CARTESIAN_POINT('',(20.5,-21.4,71.));
#18175=CARTESIAN_POINT('',(-20.5,-21.4,-21.));
#18176=CARTESIAN_POINT('Origin',(0.,0.,0.));
#18177=UNCERTAINTY_MEASURE_WITH_UNIT(LENGTH_MEASURE(0.01),#18197,
'DISTANCE_ACCURACY_VALUE',
'Maximum model space distance between geometric entities at asserted c
onnectivities');
#18178=UNCERTAINTY_MEASURE_WITH_UNIT(LENGTH_MEASURE(0.01),#18197,
'DISTANCE_ACCURACY_VALUE',
'Maximum model space distance between geometric entities at asserted c
onnectivities');
#18179=UNCERTAINTY_MEASURE_WITH_UNIT(LENGTH_MEASURE(0.01),#18197,
'DISTANCE_ACCURACY_VALUE',
'Maximum model space distance between geometric entities at asserted c
onnectivities');
#18180=UNCERTAINTY_MEASURE_WITH_UNIT(LENGTH_MEASURE(0.01),#18197,
'DISTANCE_ACCURACY_VALUE',
'Maximum model space distance between geometric entities at asserted c
onnectivities');
#18181=UNCERTAINTY_MEASURE_WITH_UNIT(LENGTH_MEASURE(0.01),#18197,
'DISTANCE_ACCURACY_VALUE',
'Maximum model space distance between geometric entities at asserted c
onnectivities');
#18182=UNCERTAINTY_MEASURE_WITH_UNIT(LENGTH_MEASURE(0.01),#18197,
'DISTANCE_ACCURACY_VALUE',
'Maximum model space distance between geometric entities at asserted c
onnectivities');
#18183=UNCERTAINTY_MEASURE_WITH_UNIT(LENGTH_MEASURE(0.01),#18197,
'DISTANCE_ACCURACY_VALUE',
'Maximum model space distance between geometric entities at asserted c
onnectivities');
#18184=UNCERTAINTY_MEASURE_WITH_UNIT(LENGTH_MEASURE(0.01),#18197,
'DISTANCE_ACCURACY_VALUE',
'Maximum model space distance between geometric entities at asserted c
onnectivities');
#18185=UNCERTAINTY_MEASURE_WITH_UNIT(LENGTH_MEASURE(0.01),#18197,
'DISTANCE_ACCURACY_VALUE',
'Maximum model space distance between geometric entities at asserted c
onnectivities');
#18186=UNCERTAINTY_MEASURE_WITH_UNIT(LENGTH_MEASURE(0.01),#18197,
'DISTANCE_ACCURACY_VALUE',
'Maximum model space distance between geometric entities at asserted c
onnectivities');
#18187=(
GEOMETRIC_REPRESENTATION_CONTEXT(3)
GLOBAL_UNCERTAINTY_ASSIGNED_CONTEXT((#18177))
GLOBAL_UNIT_ASSIGNED_CONTEXT((#18197,#18199,#18200))
REPRESENTATION_CONTEXT('','3D')
);
#18188=(
GEOMETRIC_REPRESENTATION_CONTEXT(3)
GLOBAL_UNCERTAINTY_ASSIGNED_CONTEXT((#18178))
GLOBAL_UNIT_ASSIGNED_CONTEXT((#18197,#18199,#18200))
REPRESENTATION_CONTEXT('','3D')
);
#18189=(
GEOMETRIC_REPRESENTATION_CONTEXT(3)
GLOBAL_UNCERTAINTY_ASSIGNED_CONTEXT((#18179))
GLOBAL_UNIT_ASSIGNED_CONTEXT((#18197,#18199,#18200))
REPRESENTATION_CONTEXT('','3D')
);
#18190=(
GEOMETRIC_REPRESENTATION_CONTEXT(3)
GLOBAL_UNCERTAINTY_ASSIGNED_CONTEXT((#18180))
GLOBAL_UNIT_ASSIGNED_CONTEXT((#18197,#18199,#18200))
REPRESENTATION_CONTEXT('','3D')
);
#18191=(
GEOMETRIC_REPRESENTATION_CONTEXT(3)
GLOBAL_UNCERTAINTY_ASSIGNED_CONTEXT((#18181))
GLOBAL_UNIT_ASSIGNED_CONTEXT((#18197,#18199,#18200))
REPRESENTATION_CONTEXT('','3D')
);
#18192=(
GEOMETRIC_REPRESENTATION_CONTEXT(3)
GLOBAL_UNCERTAINTY_ASSIGNED_CONTEXT((#18182))
GLOBAL_UNIT_ASSIGNED_CONTEXT((#18197,#18199,#18200))
REPRESENTATION_CONTEXT('','3D')
);
#18193=(
GEOMETRIC_REPRESENTATION_CONTEXT(3)
GLOBAL_UNCERTAINTY_ASSIGNED_CONTEXT((#18183))
GLOBAL_UNIT_ASSIGNED_CONTEXT((#18197,#18199,#18200))
REPRESENTATION_CONTEXT('','3D')
);
#18194=(
GEOMETRIC_REPRESENTATION_CONTEXT(3)
GLOBAL_UNCERTAINTY_ASSIGNED_CONTEXT((#18184))
GLOBAL_UNIT_ASSIGNED_CONTEXT((#18197,#18199,#18200))
REPRESENTATION_CONTEXT('','3D')
);
#18195=(
GEOMETRIC_REPRESENTATION_CONTEXT(3)
GLOBAL_UNCERTAINTY_ASSIGNED_CONTEXT((#18185))
GLOBAL_UNIT_ASSIGNED_CONTEXT((#18197,#18199,#18200))
REPRESENTATION_CONTEXT('','3D')
);
#18196=(
GEOMETRIC_REPRESENTATION_CONTEXT(3)
GLOBAL_UNCERTAINTY_ASSIGNED_CONTEXT((#18186))
GLOBAL_UNIT_ASSIGNED_CONTEXT((#18197,#18199,#18200))
REPRESENTATION_CONTEXT('','3D')
);
#18197=(
LENGTH_UNIT()
NAMED_UNIT(*)
SI_UNIT(.MILLI.,.METRE.)
);
#18198=(
LENGTH_UNIT()
NAMED_UNIT(*)
SI_UNIT(.CENTI.,.METRE.)
);
#18199=(
NAMED_UNIT(*)
PLANE_ANGLE_UNIT()
SI_UNIT($,.RADIAN.)
);
#18200=(
NAMED_UNIT(*)
SI_UNIT($,.STERADIAN.)
SOLID_ANGLE_UNIT()
);
#18201=SHAPE_DEFINITION_REPRESENTATION(#18210,#18245);
#18202=SHAPE_DEFINITION_REPRESENTATION(#18211,#18246);
#18203=SHAPE_DEFINITION_REPRESENTATION(#18212,#18247);
#18204=SHAPE_DEFINITION_REPRESENTATION(#18213,#18248);
#18205=SHAPE_DEFINITION_REPRESENTATION(#18214,#18249);
#18206=SHAPE_DEFINITION_REPRESENTATION(#18215,#18250);
#18207=SHAPE_DEFINITION_REPRESENTATION(#18226,#18251);
#18208=SHAPE_DEFINITION_REPRESENTATION(#18227,#18252);
#18209=SHAPE_DEFINITION_REPRESENTATION(#18228,#18253);
#18210=PRODUCT_DEFINITION_SHAPE('',$,#18255);
#18211=PRODUCT_DEFINITION_SHAPE('',$,#18256);
#18212=PRODUCT_DEFINITION_SHAPE('',$,#18257);
#18213=PRODUCT_DEFINITION_SHAPE('',$,#18258);
#18214=PRODUCT_DEFINITION_SHAPE('',$,#18259);
#18215=PRODUCT_DEFINITION_SHAPE('',$,#18260);
#18216=PRODUCT_DEFINITION_SHAPE($,$,#107);
#18217=PRODUCT_DEFINITION_SHAPE($,$,#108);
#18218=PRODUCT_DEFINITION_SHAPE($,$,#109);
#18219=PRODUCT_DEFINITION_SHAPE($,$,#110);
#18220=PRODUCT_DEFINITION_SHAPE($,$,#111);
#18221=PRODUCT_DEFINITION_SHAPE($,$,#112);
#18222=PRODUCT_DEFINITION_SHAPE($,$,#113);
#18223=PRODUCT_DEFINITION_SHAPE($,$,#114);
#18224=PRODUCT_DEFINITION_SHAPE($,$,#115);
#18225=PRODUCT_DEFINITION_SHAPE($,$,#116);
#18226=PRODUCT_DEFINITION_SHAPE('',$,#18261);
#18227=PRODUCT_DEFINITION_SHAPE('',$,#18262);
#18228=PRODUCT_DEFINITION_SHAPE('',$,#18263);
#18229=PRODUCT_DEFINITION_SHAPE($,$,#117);
#18230=PRODUCT_DEFINITION_SHAPE($,$,#118);
#18231=PRODUCT_DEFINITION_SHAPE($,$,#119);
#18232=PRODUCT_DEFINITION_SHAPE($,$,#120);
#18233=PRODUCT_DEFINITION_SHAPE($,$,#121);
#18234=PRODUCT_DEFINITION_SHAPE($,$,#122);
#18235=PRODUCT_DEFINITION_SHAPE($,$,#123);
#18236=PRODUCT_DEFINITION_SHAPE($,$,#124);
#18237=PRODUCT_DEFINITION_SHAPE($,$,#125);
#18238=PRODUCT_DEFINITION_SHAPE($,$,#126);
#18239=PRODUCT_DEFINITION_SHAPE($,$,#127);
#18240=PRODUCT_DEFINITION_SHAPE($,$,#128);
#18241=PRODUCT_DEFINITION_SHAPE($,$,#129);
#18242=PRODUCT_DEFINITION_SHAPE($,$,#130);
#18243=PRODUCT_DEFINITION_SHAPE($,$,#131);
#18244=PRODUCT_DEFINITION_SHAPE($,$,#132);
#18245=SHAPE_REPRESENTATION('',(#10861,#11693,#11694,#11695,#11696,#11697,
#11698,#11699,#11700,#11701,#11702,#11703,#11704,#11705,#11706,#11707,#11708),
#18187);
#18246=SHAPE_REPRESENTATION('',(#10862),#18188);
#18247=SHAPE_REPRESENTATION('',(#11299,#11460,#11461,#11462,#11463,#11464,
#11465,#11466,#11467,#11468,#11469),#18189);
#18248=SHAPE_REPRESENTATION('',(#11300),#18190);
#18249=SHAPE_REPRESENTATION('',(#11448),#18191);
#18250=SHAPE_REPRESENTATION('',(#11454),#18192);
#18251=SHAPE_REPRESENTATION('',(#11470),#18193);
#18252=SHAPE_REPRESENTATION('',(#11617),#18194);
#18253=SHAPE_REPRESENTATION('',(#11665),#18195);
#18254=PRODUCT_DEFINITION_CONTEXT('part definition',#18283,'design');
#18255=PRODUCT_DEFINITION('ASS - 4005 - Laser','ASS - 4005 - LAS+CAS',#18264,
#18254);
#18256=PRODUCT_DEFINITION('PRT - 3010 - CASHLFLAS',
'PRT - 3010 - CASHLFLAS',#18265,#18254);
#18257=PRODUCT_DEFINITION('ELE - 1019',
'ELE - 1019 - Cable for LASER ASS-4005',#18266,#18254);
#18258=PRODUCT_DEFINITION('BUY - JST - Connector - XHP-6',
'BUY - JST - Connector - XHP-6',#18267,#18254);
#18259=PRODUCT_DEFINITION(
'BUY - Strand AWG22 300 mm grn with 2 female XH ferules',
'BUY - Strand AWG22 300 mm grn with 2 female XH ferules',#18268,#18254);
#18260=PRODUCT_DEFINITION('Strand AWG22 grn - phantom',
'Strand AWG22 grn - phantom',#18269,#18254);
#18261=PRODUCT_DEFINITION('BUY - Laser 488 nm - Bosion Laser',
'BUY - Laser 488 nm - Bosion Laser',#18270,#18254);
#18262=PRODUCT_DEFINITION('BUY - LEGO technic - Art. no. 32002',
'BUY - LEGO technic - 3_4 pin - art. no. 32002',#18271,#18254);
#18263=PRODUCT_DEFINITION('ISO 4762 - M3 x 40 - 8.8 - A2K',
'ISO 4762 - Cylinder head screw with hex socket - M3 x 40 - 8.8 - A2K',
#18272,#18254);
#18264=PRODUCT_DEFINITION_FORMATION('',$,#18285);
#18265=PRODUCT_DEFINITION_FORMATION('',$,#18286);
#18266=PRODUCT_DEFINITION_FORMATION('',$,#18287);
#18267=PRODUCT_DEFINITION_FORMATION('',$,#18288);
#18268=PRODUCT_DEFINITION_FORMATION('',$,#18289);
#18269=PRODUCT_DEFINITION_FORMATION('',$,#18290);
#18270=PRODUCT_DEFINITION_FORMATION('',$,#18291);
#18271=PRODUCT_DEFINITION_FORMATION('',$,#18292);
#18272=PRODUCT_DEFINITION_FORMATION('',$,#18293);
#18273=PRODUCT_RELATED_PRODUCT_CATEGORY('ASS - 4005 - LAS+CAS',
'ASS - 4005 - LAS+CAS',(#18285));
#18274=PRODUCT_RELATED_PRODUCT_CATEGORY('PRT - 3010 - CASHLFLAS',
'PRT - 3010 - CASHLFLAS',(#18286));
#18275=PRODUCT_RELATED_PRODUCT_CATEGORY(
'ELE - 1019 - Cable for LASER ASS-4005',
'ELE - 1019 - Cable for LASER ASS-4005',(#18287));
#18276=PRODUCT_RELATED_PRODUCT_CATEGORY('BUY - JST - Connector - XHP-6',
'BUY - JST - Connector - XHP-6',(#18288));
#18277=PRODUCT_RELATED_PRODUCT_CATEGORY(
'BUY - Strand AWG22 300 mm grn with 2 female XH ferules',
'BUY - Strand AWG22 300 mm grn with 2 female XH ferules',(#18289));
#18278=PRODUCT_RELATED_PRODUCT_CATEGORY('Strand AWG22 grn - phantom',
'Strand AWG22 grn - phantom',(#18290));
#18279=PRODUCT_RELATED_PRODUCT_CATEGORY(
'BUY - Laser 488 nm - Bosion Laser','BUY - Laser 488 nm - Bosion Laser',
(#18291));
#18280=PRODUCT_RELATED_PRODUCT_CATEGORY(
'BUY - LEGO technic - 3_4 pin - art. no. 32002',
'BUY - LEGO technic - 3_4 pin - art. no. 32002',(#18292));
#18281=PRODUCT_RELATED_PRODUCT_CATEGORY(
'ISO 4762 - Cylinder head screw with hex socket - M3 x 40 - 8.8 - A2K',
'ISO 4762 - Cylinder head screw with hex socket - M3 x 40 - 8.8 - A2K',
(#18293));
#18282=APPLICATION_PROTOCOL_DEFINITION('international standard',
'automotive_design',2009,#18283);
#18283=APPLICATION_CONTEXT(
'Core Data for Automotive Mechanical Design Process');
#18284=PRODUCT_CONTEXT('part definition',#18283,'mechanical');
#18285=PRODUCT('ASS - 4005 - Laser','ASS - 4005 - LAS+CAS',$,(#18284));
#18286=PRODUCT('PRT - 3010 - CASHLFLAS','PRT - 3010 - CASHLFLAS',
'Case for Laser',(#18284));
#18287=PRODUCT('ELE - 1019','ELE - 1019 - Cable for LASER ASS-4005',
'Cable for LASER ASS-4005',(#18284));
#18288=PRODUCT('BUY - JST - Connector - XHP-6',
'BUY - JST - Connector - XHP-6','Female connector',(#18284));
#18289=PRODUCT('BUY - Strand AWG22 300 mm grn with 2 female XH ferules',
'BUY - Strand AWG22 300 mm grn with 2 female XH ferules',
'Stranded wire',(#18284));
#18290=PRODUCT('Strand AWG22 grn - phantom',
'Strand AWG22 grn - phantom','Stranded wire',(#18284));
#18291=PRODUCT('BUY - Laser 488 nm - Bosion Laser',
'BUY - Laser 488 nm - Bosion Laser','Laser 488nm ',(#18284));
#18292=PRODUCT('BUY - LEGO technic - Art. no. 32002',
'BUY - LEGO technic - 3_4 pin - art. no. 32002',
'3/4 Pin, Art. no. 32002',(#18284));
#18293=PRODUCT('ISO 4762 - M3 x 40 - 8.8 - A2K',
'ISO 4762 - Cylinder head screw with hex socket - M3 x 40 - 8.8 - A2K',
'Cylinder head screw with hex socket',(#18284));
#18294=PRESENTATION_STYLE_ASSIGNMENT((#18310));
#18295=PRESENTATION_STYLE_ASSIGNMENT((#18311));
#18296=PRESENTATION_STYLE_ASSIGNMENT((#18312));
#18297=PRESENTATION_STYLE_ASSIGNMENT((#18313));
#18298=PRESENTATION_STYLE_ASSIGNMENT((#18314));
#18299=PRESENTATION_STYLE_ASSIGNMENT((#18315));
#18300=PRESENTATION_STYLE_ASSIGNMENT((#18316));
#18301=PRESENTATION_STYLE_ASSIGNMENT((#18317));
#18302=PRESENTATION_STYLE_ASSIGNMENT((#18318));
#18303=PRESENTATION_STYLE_ASSIGNMENT((#18319));
#18304=PRESENTATION_STYLE_ASSIGNMENT((#18320));
#18305=PRESENTATION_STYLE_ASSIGNMENT((#18321));
#18306=PRESENTATION_STYLE_ASSIGNMENT((#18322));
#18307=PRESENTATION_STYLE_ASSIGNMENT((#18323));
#18308=PRESENTATION_STYLE_ASSIGNMENT((#18324));
#18309=PRESENTATION_STYLE_ASSIGNMENT((NULL_STYLE(.NULL.)));
#18310=SURFACE_STYLE_USAGE(.BOTH.,#18355);
#18311=SURFACE_STYLE_USAGE(.BOTH.,#18356);
#18312=SURFACE_STYLE_USAGE(.BOTH.,#18357);
#18313=SURFACE_STYLE_USAGE(.BOTH.,#18358);
#18314=SURFACE_STYLE_USAGE(.BOTH.,#18359);
#18315=SURFACE_STYLE_USAGE(.BOTH.,#18360);
#18316=SURFACE_STYLE_USAGE(.BOTH.,#18361);
#18317=SURFACE_STYLE_USAGE(.BOTH.,#18362);
#18318=SURFACE_STYLE_USAGE(.BOTH.,#18363);
#18319=SURFACE_STYLE_USAGE(.BOTH.,#18364);
#18320=SURFACE_STYLE_USAGE(.BOTH.,#18365);
#18321=SURFACE_STYLE_USAGE(.BOTH.,#18366);
#18322=SURFACE_STYLE_USAGE(.BOTH.,#18367);
#18323=SURFACE_STYLE_USAGE(.BOTH.,#18368);
#18324=SURFACE_STYLE_USAGE(.BOTH.,#18369);
#18325=SURFACE_STYLE_RENDERING_WITH_PROPERTIES($,#18415,(#18340));
#18326=SURFACE_STYLE_RENDERING_WITH_PROPERTIES($,#18416,(#18341));
#18327=SURFACE_STYLE_RENDERING_WITH_PROPERTIES($,#18417,(#18342));
#18328=SURFACE_STYLE_RENDERING_WITH_PROPERTIES($,#18418,(#18343));
#18329=SURFACE_STYLE_RENDERING_WITH_PROPERTIES($,#18419,(#18344));
#18330=SURFACE_STYLE_RENDERING_WITH_PROPERTIES($,#18420,(#18345));
#18331=SURFACE_STYLE_RENDERING_WITH_PROPERTIES($,#18421,(#18346));
#18332=SURFACE_STYLE_RENDERING_WITH_PROPERTIES($,#18422,(#18347));
#18333=SURFACE_STYLE_RENDERING_WITH_PROPERTIES($,#18423,(#18348));
#18334=SURFACE_STYLE_RENDERING_WITH_PROPERTIES($,#18424,(#18349));
#18335=SURFACE_STYLE_RENDERING_WITH_PROPERTIES($,#18425,(#18350));
#18336=SURFACE_STYLE_RENDERING_WITH_PROPERTIES($,#18426,(#18351));
#18337=SURFACE_STYLE_RENDERING_WITH_PROPERTIES($,#18427,(#18352));
#18338=SURFACE_STYLE_RENDERING_WITH_PROPERTIES($,#18428,(#18353));
#18339=SURFACE_STYLE_RENDERING_WITH_PROPERTIES($,#18429,(#18354));
#18340=SURFACE_STYLE_TRANSPARENT(0.);
#18341=SURFACE_STYLE_TRANSPARENT(0.);
#18342=SURFACE_STYLE_TRANSPARENT(0.);
#18343=SURFACE_STYLE_TRANSPARENT(0.);
#18344=SURFACE_STYLE_TRANSPARENT(0.);
#18345=SURFACE_STYLE_TRANSPARENT(0.);
#18346=SURFACE_STYLE_TRANSPARENT(0.);
#18347=SURFACE_STYLE_TRANSPARENT(0.);
#18348=SURFACE_STYLE_TRANSPARENT(0.);
#18349=SURFACE_STYLE_TRANSPARENT(0.);
#18350=SURFACE_STYLE_TRANSPARENT(0.);
#18351=SURFACE_STYLE_TRANSPARENT(0.);
#18352=SURFACE_STYLE_TRANSPARENT(0.);
#18353=SURFACE_STYLE_TRANSPARENT(0.);
#18354=SURFACE_STYLE_TRANSPARENT(0.);
#18355=SURFACE_SIDE_STYLE('',(#18370,#18325));
#18356=SURFACE_SIDE_STYLE('',(#18371,#18326));
#18357=SURFACE_SIDE_STYLE('',(#18372,#18327));
#18358=SURFACE_SIDE_STYLE('',(#18373,#18328));
#18359=SURFACE_SIDE_STYLE('',(#18374,#18329));
#18360=SURFACE_SIDE_STYLE('',(#18375,#18330));
#18361=SURFACE_SIDE_STYLE('',(#18376,#18331));
#18362=SURFACE_SIDE_STYLE('',(#18377,#18332));
#18363=SURFACE_SIDE_STYLE('',(#18378,#18333));
#18364=SURFACE_SIDE_STYLE('',(#18379,#18334));
#18365=SURFACE_SIDE_STYLE('',(#18380,#18335));
#18366=SURFACE_SIDE_STYLE('',(#18381,#18336));
#18367=SURFACE_SIDE_STYLE('',(#18382,#18337));
#18368=SURFACE_SIDE_STYLE('',(#18383,#18338));
#18369=SURFACE_SIDE_STYLE('',(#18384,#18339));
#18370=SURFACE_STYLE_FILL_AREA(#18385);
#18371=SURFACE_STYLE_FILL_AREA(#18386);
#18372=SURFACE_STYLE_FILL_AREA(#18387);
#18373=SURFACE_STYLE_FILL_AREA(#18388);
#18374=SURFACE_STYLE_FILL_AREA(#18389);
#18375=SURFACE_STYLE_FILL_AREA(#18390);
#18376=SURFACE_STYLE_FILL_AREA(#18391);
#18377=SURFACE_STYLE_FILL_AREA(#18392);
#18378=SURFACE_STYLE_FILL_AREA(#18393);
#18379=SURFACE_STYLE_FILL_AREA(#18394);
#18380=SURFACE_STYLE_FILL_AREA(#18395);
#18381=SURFACE_STYLE_FILL_AREA(#18396);
#18382=SURFACE_STYLE_FILL_AREA(#18397);
#18383=SURFACE_STYLE_FILL_AREA(#18398);
#18384=SURFACE_STYLE_FILL_AREA(#18399);
#18385=FILL_AREA_STYLE('',(#18400));
#18386=FILL_AREA_STYLE('',(#18401));
#18387=FILL_AREA_STYLE('',(#18402));
#18388=FILL_AREA_STYLE('',(#18403));
#18389=FILL_AREA_STYLE('',(#18404));
#18390=FILL_AREA_STYLE('',(#18405));
#18391=FILL_AREA_STYLE('',(#18406));
#18392=FILL_AREA_STYLE('',(#18407));
#18393=FILL_AREA_STYLE('',(#18408));
#18394=FILL_AREA_STYLE('',(#18409));
#18395=FILL_AREA_STYLE('',(#18410));
#18396=FILL_AREA_STYLE('',(#18411));
#18397=FILL_AREA_STYLE('',(#18412));
#18398=FILL_AREA_STYLE('',(#18413));
#18399=FILL_AREA_STYLE('',(#18414));
#18400=FILL_AREA_STYLE_COLOUR('',#18415);
#18401=FILL_AREA_STYLE_COLOUR('',#18416);
#18402=FILL_AREA_STYLE_COLOUR('',#18417);
#18403=FILL_AREA_STYLE_COLOUR('',#18418);
#18404=FILL_AREA_STYLE_COLOUR('',#18419);
#18405=FILL_AREA_STYLE_COLOUR('',#18420);
#18406=FILL_AREA_STYLE_COLOUR('',#18421);
#18407=FILL_AREA_STYLE_COLOUR('',#18422);
#18408=FILL_AREA_STYLE_COLOUR('',#18423);
#18409=FILL_AREA_STYLE_COLOUR('',#18424);
#18410=FILL_AREA_STYLE_COLOUR('',#18425);
#18411=FILL_AREA_STYLE_COLOUR('',#18426);
#18412=FILL_AREA_STYLE_COLOUR('',#18427);
#18413=FILL_AREA_STYLE_COLOUR('',#18428);
#18414=FILL_AREA_STYLE_COLOUR('',#18429);
#18415=COLOUR_RGB('',0.752941176470588,0.752941176470588,0.752941176470588);
#18416=COLOUR_RGB('',0.92156862745098,0.92156862745098,0.92156862745098);
#18417=COLOUR_RGB('',0.96078431372549,0.96078431372549,0.96078431372549);
#18418=COLOUR_RGB('',0.129411764705882,0.541176470588235,0.129411764705882);
#18419=COLOUR_RGB('',0.129411764705882,0.541176470588235,0.129411764705882);
#18420=COLOUR_RGB('',0.270588235294118,0.270588235294118,0.270588235294118);
#18421=COLOUR_RGB('',1.,0.,0.317647058823529);
#18422=COLOUR_RGB('',0.180392156862745,0.541176470588235,0.341176470588235);
#18423=COLOUR_RGB('',1.,0.533333333333333,0.);
#18424=COLOUR_RGB('',0.,0.,0.);
#18425=COLOUR_RGB('',0.,0.,0.);
#18426=COLOUR_RGB('',0.250980392156863,0.250980392156863,0.250980392156863);
#18427=COLOUR_RGB('',1.,0.890196078431372,0.709803921568627);
#18428=COLOUR_RGB('',1.,0.890196078431372,0.709803921568627);
#18429=COLOUR_RGB('',0.580392156862745,0.650980392156863,0.72156862745098);
ENDSEC;
END-ISO-10303-21;
